club,height_block,of_session_id,of_shot_number,drop_early_frames,frames_used,model,angle_deg,curvature,tm_launch_deg,error_deg
9Iron,low_2.875in,20260824_111222,12,0,8,direct_only,19.973944725458054,0.007897600305979857,20.59999999999998,-0.6260552745419261
9Iron,low_2.875in,20260824_111222,12,0,8,image_only,-5.0,,20.59999999999998,-25.59999999999998
9Iron,low_2.875in,20260824_111222,12,0,8,two8,19.62142048106743,0.005754072078154815,20.59999999999998,-0.9785795189325484
9Iron,low_2.875in,20260824_111222,12,0,8,reciprocal3_path_tdm,18.617505947004265,0.0027041765929043393,20.59999999999998,-1.9824940529957154
9Iron,low_2.875in,20260824_111222,12,0,8,four4_no_path_tdm,11.76098065149606,0.0015786644581892162,20.59999999999998,-8.83901934850392
9Iron,low_2.875in,20260824_111222,12,0,8,four4_path_tdm,11.760980651496531,0.0015786644581923248,20.59999999999998,-8.839019348503449
9Iron,low_2.875in,20260824_111222,12,3,5,direct_only,20.499271963354257,0.026188016364104616,20.59999999999998,-0.10072803664572305
9Iron,low_2.875in,20260824_111222,12,3,5,image_only,-5.0,,20.59999999999998,-25.59999999999998
9Iron,low_2.875in,20260824_111222,12,3,5,two8,20.539726560805182,0.026668273960157807,20.59999999999998,-0.06027343919479833
9Iron,low_2.875in,20260824_111222,12,3,5,reciprocal3_path_tdm,18.396416008548574,0.0037338169269811594,20.59999999999998,-2.2035839914514064
9Iron,low_2.875in,20260824_111222,12,3,5,four4_no_path_tdm,10.876498823121848,0.0022022722262993177,20.59999999999998,-9.723501176878132
9Iron,low_2.875in,20260824_111222,12,3,5,four4_path_tdm,10.876498823122022,0.002202272226301538,20.59999999999998,-9.723501176877958
9Iron,low_2.875in,20260824_111222,13,0,8,direct_only,17.85640381305437,0.0061045411650682,20.493999999999986,-2.637596186945615
9Iron,low_2.875in,20260824_111222,13,0,8,image_only,-5.0,,20.493999999999986,-25.493999999999986
9Iron,low_2.875in,20260824_111222,13,0,8,two8,17.32708978882464,0.005165825157686488,20.493999999999986,-3.1669102111753453
9Iron,low_2.875in,20260824_111222,13,0,8,reciprocal3_path_tdm,17.707258818511793,0.0016126189521101786,20.493999999999986,-2.7867411814881926
9Iron,low_2.875in,20260824_111222,13,0,8,four4_no_path_tdm,13.332732542020329,0.003380323643050298,20.493999999999986,-7.1612674579796565
9Iron,low_2.875in,20260824_111222,13,0,8,four4_path_tdm,13.332732542020016,0.0033803236430469674,20.493999999999986,-7.161267457979969
9Iron,low_2.875in,20260824_111222,13,3,5,direct_only,18.721667368634176,0.00775119601182328,20.493999999999986,-1.7723326313658099
9Iron,low_2.875in,20260824_111222,13,3,5,image_only,-5.0,,20.493999999999986,-25.493999999999986
9Iron,low_2.875in,20260824_111222,13,3,5,two8,18.855688932103433,0.010229691178973654,20.493999999999986,-1.6383110678965522
9Iron,low_2.875in,20260824_111222,13,3,5,reciprocal3_path_tdm,17.52075096050171,0.00221989025252034,20.493999999999986,-2.973249039498274
9Iron,low_2.875in,20260824_111222,13,3,5,four4_no_path_tdm,12.901414198757216,0.000691571710546901,20.493999999999986,-7.59258580124277
9Iron,low_2.875in,20260824_111222,13,3,5,four4_path_tdm,12.901414198754935,0.0006915717105477892,20.493999999999986,-7.5925858012450504
9Iron,low_2.875in,20260824_111222,14,0,10,direct_only,6.431682257188876,0.009671257179340476,10.839000000000008,-4.407317742811132
9Iron,low_2.875in,20260824_111222,14,0,10,image_only,-5.0,,10.839000000000008,-15.839000000000008
9Iron,low_2.875in,20260824_111222,14,0,10,two8,6.53233292702264,0.008132320907840107,10.839000000000008,-4.306667072977367
9Iron,low_2.875in,20260824_111222,14,0,10,reciprocal3_path_tdm,11.30723778807097,0.0021066487914938037,10.839000000000008,0.4682377880709616
9Iron,low_2.875in,20260824_111222,14,0,10,four4_no_path_tdm,13.835753248417504,0.0031565755666187467,10.839000000000008,2.9967532484174964
9Iron,low_2.875in,20260824_111222,14,0,10,four4_path_tdm,13.835753248417575,0.003156575566616082,10.839000000000008,2.9967532484175674
9Iron,low_2.875in,20260824_111222,14,3,7,direct_only,7.306566762874072,0.008066688519634546,10.839000000000008,-3.532433237125936
9Iron,low_2.875in,20260824_111222,14,3,7,image_only,-5.0,,10.839000000000008,-15.839000000000008
9Iron,low_2.875in,20260824_111222,14,3,7,two8,6.747490022524916,0.010609083858645896,10.839000000000008,-4.091509977475091
9Iron,low_2.875in,20260824_111222,14,3,7,reciprocal3_path_tdm,11.334344394756112,0.002821681584125102,10.839000000000008,0.4953443947561045
9Iron,low_2.875in,20260824_111222,14,3,7,four4_no_path_tdm,13.707808023455927,0.006867791884287877,10.839000000000008,2.8688080234559195
9Iron,low_2.875in,20260824_111222,14,3,7,four4_path_tdm,13.707808023456012,0.006867791884285879,10.839000000000008,2.8688080234560047
9Iron,low_2.875in,20260824_111222,15,0,8,direct_only,22.596476706019747,0.00688762125974951,23.566999999999982,-0.9705232939802357
9Iron,low_2.875in,20260824_111222,15,0,8,image_only,-5.0,,23.566999999999982,-28.566999999999982
9Iron,low_2.875in,20260824_111222,15,0,8,two8,22.690937863282223,0.006662160387875815,23.566999999999982,-0.8760621367177599
9Iron,low_2.875in,20260824_111222,15,0,8,reciprocal3_path_tdm,22.467312719357018,0.002920707623277785,23.566999999999982,-1.0996872806429643
9Iron,low_2.875in,20260824_111222,15,0,8,four4_no_path_tdm,19.018770474397083,0.0012936536317147418,23.566999999999982,-4.548229525602899
9Iron,low_2.875in,20260824_111222,15,0,8,four4_path_tdm,19.018770474397222,0.0012936536317140757,23.566999999999982,-4.5482295256027605
9Iron,low_2.875in,20260824_111222,15,3,5,direct_only,22.747455193166704,0.007797293237196801,23.566999999999982,-0.819544806833278
9Iron,low_2.875in,20260824_111222,15,3,5,image_only,18.568256032367852,0.0008826890084257938,23.566999999999982,-4.99874396763213
9Iron,low_2.875in,20260824_111222,15,3,5,two8,23.517976388385446,0.011244303299643654,23.566999999999982,-0.04902361161453683
9Iron,low_2.875in,20260824_111222,15,3,5,reciprocal3_path_tdm,22.893685537577017,0.008299989199844537,23.566999999999982,-0.6733144624229652
9Iron,low_2.875in,20260824_111222,15,3,5,four4_no_path_tdm,20.994507410051124,0.0022061940168092153,23.566999999999982,-2.572492589948858
9Iron,low_2.875in,20260824_111222,15,3,5,four4_path_tdm,20.99450741005113,0.002206194016811436,23.566999999999982,-2.572492589948851
9Iron,low_2.875in,20260824_111222,16,0,10,direct_only,16.136996478921798,0.0052205198832318,17.37199999999999,-1.2350035210781911
9Iron,low_2.875in,20260824_111222,16,0,10,image_only,-5.0,,17.37199999999999,-22.37199999999999
9Iron,low_2.875in,20260824_111222,16,0,10,two8,14.202628012392898,0.01514378775439118,17.37199999999999,-3.169371987607091
9Iron,low_2.875in,20260824_111222,16,0,10,reciprocal3_path_tdm,15.781532889800372,0.002007966295406227,17.37199999999999,-1.5904671101996168
9Iron,low_2.875in,20260824_111222,16,0,10,four4_no_path_tdm,14.83492881392205,0.008562163749052054,17.37199999999999,-2.53707118607794
9Iron,low_2.875in,20260824_111222,16,0,10,four4_path_tdm,14.834928813922152,0.008562163749057383,17.37199999999999,-2.5370711860778368
9Iron,low_2.875in,20260824_111222,16,3,7,direct_only,16.171522622496283,0.006824663035889911,17.37199999999999,-1.2004773775037059
9Iron,low_2.875in,20260824_111222,16,3,7,image_only,-5.0,,17.37199999999999,-22.37199999999999
9Iron,low_2.875in,20260824_111222,16,3,7,two8,14.327403485890972,0.005865324731642918,17.37199999999999,-3.044596514109017
9Iron,low_2.875in,20260824_111222,16,3,7,reciprocal3_path_tdm,15.377002539756923,0.002174710651762668,17.37199999999999,-1.9949974602430665
9Iron,low_2.875in,20260824_111222,16,3,7,four4_no_path_tdm,14.864109406045692,0.012110581158842226,17.37199999999999,-2.507890593954297
9Iron,low_2.875in,20260824_111222,16,3,7,four4_path_tdm,14.864109406045804,0.012110581158849776,17.37199999999999,-2.507890593954185
9Iron,low_2.875in,20260824_111222,17,0,11,direct_only,23.657709787239963,0.012982363093660076,23.767,-0.10929021276003681
9Iron,low_2.875in,20260824_111222,17,0,11,image_only,-5.0,,23.767,-28.767
9Iron,low_2.875in,20260824_111222,17,0,11,two8,24.25718924842366,0.01349349570452052,23.767,0.4901892484236612
9Iron,low_2.875in,20260824_111222,17,0,11,reciprocal3_path_tdm,23.722662973491662,0.009749693165997497,23.767,-0.044337026508337374
9Iron,low_2.875in,20260824_111222,17,0,11,four4_no_path_tdm,20.250138637849055,0.002420331027413125,23.767,-3.5168613621509444
9Iron,low_2.875in,20260824_111222,17,0,11,four4_path_tdm,20.2501386378491,0.002420331027413347,23.767,-3.516861362150898
9Iron,low_2.875in,20260824_111222,17,3,8,direct_only,24.002614214398783,0.01684675151405668,23.767,0.23561421439878316
9Iron,low_2.875in,20260824_111222,17,3,8,image_only,17.17301686812142,0.000654652618160792,23.767,-6.593983131878581
9Iron,low_2.875in,20260824_111222,17,3,8,two8,24.89891264377768,0.009359979172934185,23.767,1.1319126437776816
9Iron,low_2.875in,20260824_111222,17,3,8,reciprocal3_path_tdm,24.06494636329387,0.011212905964582909,23.767,0.29794636329387103
9Iron,low_2.875in,20260824_111222,17,3,8,four4_no_path_tdm,20.806269800550776,0.003129734173540344,23.767,-2.960730199449223
9Iron,low_2.875in,20260824_111222,17,3,8,four4_path_tdm,20.8062698005507,0.003129734173540566,23.767,-2.960730199449298
9Iron,low_2.875in,20260824_111222,18,0,10,direct_only,20.407307444633528,0.005360529113341395,20.540999999999997,-0.13369255536646918
9Iron,low_2.875in,20260824_111222,18,0,10,image_only,-5.0,,20.540999999999997,-25.540999999999997
9Iron,low_2.875in,20260824_111222,18,0,10,two8,20.13125602187795,0.006555823136917827,20.540999999999997,-0.409743978122048
9Iron,low_2.875in,20260824_111222,18,0,10,reciprocal3_path_tdm,19.286713641187244,0.00415688203289033,20.540999999999997,-1.2542863588127524
9Iron,low_2.875in,20260824_111222,18,0,10,four4_no_path_tdm,15.005367952961992,0.0017908291633499385,20.540999999999997,-5.535632047038005
9Iron,low_2.875in,20260824_111222,18,0,10,four4_path_tdm,15.00536795296175,0.001790829163347274,20.540999999999997,-5.535632047038247
9Iron,low_2.875in,20260824_111222,18,3,7,direct_only,20.88125843039586,0.014021181972423857,20.540999999999997,0.34025843039586334
9Iron,low_2.875in,20260824_111222,18,3,7,image_only,-5.0,,20.540999999999997,-25.540999999999997
9Iron,low_2.875in,20260824_111222,18,3,7,two8,20.916627029862404,0.011293764532360306,20.540999999999997,0.37562702986240737
9Iron,low_2.875in,20260824_111222,18,3,7,reciprocal3_path_tdm,19.33784036785814,0.005567518559133067,20.540999999999997,-1.2031596321418583
9Iron,low_2.875in,20260824_111222,18,3,7,four4_no_path_tdm,15.249943181625959,0.0021788233222406195,20.540999999999997,-5.291056818374038
9Iron,low_2.875in,20260824_111222,18,3,7,four4_path_tdm,15.249943181625959,0.0021788233222410636,20.540999999999997,-5.291056818374038
9Iron,low_2.875in,20260824_111222,19,0,10,direct_only,23.0833951499032,0.006778768185649042,22.767,0.31639514990320095
9Iron,low_2.875in,20260824_111222,19,0,10,image_only,-5.0,,22.767,-27.767
9Iron,low_2.875in,20260824_111222,19,0,10,two8,23.526577869723617,0.005768009310620714,22.767,0.7595778697236177
9Iron,low_2.875in,20260824_111222,19,0,10,reciprocal3_path_tdm,22.654462947505156,0.003001611027977358,22.767,-0.11253705249484369
9Iron,low_2.875in,20260824_111222,19,0,10,four4_no_path_tdm,16.91382685009193,0.0077224838438418875,22.767,-5.85317314990807
9Iron,low_2.875in,20260824_111222,19,0,10,four4_path_tdm,16.913826850091898,0.007722483843840555,22.767,-5.853173149908102
9Iron,low_2.875in,20260824_111222,19,3,7,direct_only,22.931419333944483,0.008586339288416456,22.767,0.16441933394448327
9Iron,low_2.875in,20260824_111222,19,3,7,image_only,-5.0,,22.767,-27.767
9Iron,low_2.875in,20260824_111222,19,3,7,two8,23.532131666096863,0.007673916407318737,22.767,0.7651316660968632
9Iron,low_2.875in,20260824_111222,19,3,7,reciprocal3_path_tdm,21.00817889520352,0.003363144209195701,22.767,-1.7588211047964784
9Iron,low_2.875in,20260824_111222,19,3,7,four4_no_path_tdm,17.026068624146223,0.010715245876862456,22.767,-5.740931375853776
9Iron,low_2.875in,20260824_111222,19,3,7,four4_path_tdm,17.026068624146227,0.010715245876861124,22.767,-5.740931375853773
9Iron,low_2.875in,20260824_111222,20,0,10,direct_only,23.7783514070452,0.009947116270564882,23.742999999999988,0.03535140704521211
9Iron,low_2.875in,20260824_111222,20,0,10,image_only,18.03823847458822,0.00034960559705735084,23.742999999999988,-5.704761525411769
9Iron,low_2.875in,20260824_111222,20,0,10,two8,24.233187322686444,0.012247925833007933,23.742999999999988,0.49018732268645593
9Iron,low_2.875in,20260824_111222,20,0,10,reciprocal3_path_tdm,22.866694067405287,0.005262843539303397,23.742999999999988,-0.8763059325947005
9Iron,low_2.875in,20260824_111222,20,0,10,four4_no_path_tdm,17.805303711159507,0.0025727731615146077,23.742999999999988,-5.937696288840481
9Iron,low_2.875in,20260824_111222,20,0,10,four4_path_tdm,17.80530371115966,0.002572773161515496,23.742999999999988,-5.937696288840328
9Iron,low_2.875in,20260824_111222,20,3,7,direct_only,23.806900513382175,0.012162782733745825,23.742999999999988,0.06390051338218683
9Iron,low_2.875in,20260824_111222,20,3,7,image_only,15.421892818715142,0.00041482648180724,23.742999999999988,-8.321107181284846
9Iron,low_2.875in,20260824_111222,20,3,7,two8,24.516232904117008,0.01266363597476361,23.742999999999988,0.7732329041170196
9Iron,low_2.875in,20260824_111222,20,3,7,reciprocal3_path_tdm,22.771499045755363,0.006637728657852948,23.742999999999988,-0.9715009542446253
9Iron,low_2.875in,20260824_111222,20,3,7,four4_no_path_tdm,18.97545014278065,0.003721929386629519,23.742999999999988,-4.767549857219336
9Iron,low_2.875in,20260824_111222,20,3,7,four4_path_tdm,18.97545014278062,0.003721929386629075,23.742999999999988,-4.767549857219368
9Iron,low_2.875in,20260824_111222,21,0,9,direct_only,19.413378220723374,0.0043188184467655155,19.701999999999995,-0.288621779276621
9Iron,low_2.875in,20260824_111222,21,0,9,image_only,-5.0,,19.701999999999995,-24.701999999999995
9Iron,low_2.875in,20260824_111222,21,0,9,two8,19.899101542175348,0.006284330531203253,19.701999999999995,0.19710154217535347
9Iron,low_2.875in,20260824_111222,21,0,9,reciprocal3_path_tdm,20.34227430709452,0.004200373387761136,19.701999999999995,0.6402743070945256
9Iron,low_2.875in,20260824_111222,21,0,9,four4_no_path_tdm,16.094296821207305,0.0014672902263002108,19.701999999999995,-3.60770317879269
9Iron,low_2.875in,20260824_111222,21,0,9,four4_path_tdm,16.094296821207095,0.001467290226301099,19.701999999999995,-3.6077031787928995
9Iron,low_2.875in,20260824_111222,21,3,6,direct_only,20.79436229108725,0.007875916872770228,19.701999999999995,1.0923622910872552
9Iron,low_2.875in,20260824_111222,21,3,6,image_only,-5.0,,19.701999999999995,-24.701999999999995
9Iron,low_2.875in,20260824_111222,21,3,6,two8,20.641932810245155,0.008277034049878118,19.701999999999995,0.9399328102451605
9Iron,low_2.875in,20260824_111222,21,3,6,reciprocal3_path_tdm,20.342892561570608,0.005693943437781623,19.701999999999995,0.6408925615706131
9Iron,low_2.875in,20260824_111222,21,3,6,four4_no_path_tdm,16.00763537542652,0.0018568218614041232,19.701999999999995,-3.694364624573474
9Iron,low_2.875in,20260824_111222,21,3,6,four4_path_tdm,16.007635375426524,0.001856821861403679,19.701999999999995,-3.6943646245734705
9Iron,low_2.875in,20260824_111222,22,0,9,direct_only,23.514416957171477,0.012609703167825392,23.390999999999988,0.12341695717148937
9Iron,low_2.875in,20260824_111222,22,0,9,image_only,-5.0,,23.390999999999988,-28.390999999999988
9Iron,low_2.875in,20260824_111222,22,0,9,two8,23.85790197768805,0.008610760672375983,23.390999999999988,0.46690197768806385
9Iron,low_2.875in,20260824_111222,22,0,9,reciprocal3_path_tdm,23.40051846195538,0.009002483933872263,23.390999999999988,0.009518461955391189
9Iron,low_2.875in,20260824_111222,22,0,9,four4_no_path_tdm,15.986545694272827,0.0009590888970538725,23.390999999999988,-7.40445430572716
9Iron,low_2.875in,20260824_111222,22,0,9,four4_path_tdm,15.986545694272875,0.0009590888970532063,23.390999999999988,-7.404454305727112
9Iron,low_2.875in,20260824_111222,22,3,6,direct_only,23.430699182828757,0.006527323261504403,23.390999999999988,0.03969918282876961
9Iron,low_2.875in,20260824_111222,22,3,6,image_only,19.45837676905968,0.00031344444267342175,23.390999999999988,-3.932623230940308
9Iron,low_2.875in,20260824_111222,22,3,6,two8,24.083586352300372,0.009362465440039713,23.390999999999988,0.6925863523003848
9Iron,low_2.875in,20260824_111222,22,3,6,reciprocal3_path_tdm,23.428742835371807,0.01352565369194414,23.390999999999988,0.03774283537181944
9Iron,low_2.875in,20260824_111222,22,3,6,four4_no_path_tdm,17.5819483138854,0.0016467849471821783,23.390999999999988,-5.809051686114589
9Iron,low_2.875in,20260824_111222,22,3,6,four4_path_tdm,17.58194831388533,0.0016467849471828444,23.390999999999988,-5.809051686114657
9Iron,low_2.875in,20260824_111222,23,0,8,direct_only,22.494479214292184,0.010821392001648,23.193000000000005,-0.6985207857078208
9Iron,low_2.875in,20260824_111222,23,0,8,image_only,-5.0,,23.193000000000005,-28.193000000000005
9Iron,low_2.875in,20260824_111222,23,0,8,two8,22.957615398052543,0.011111037177020222,23.193000000000005,-0.23538460194746236
9Iron,low_2.875in,20260824_111222,23,0,8,reciprocal3_path_tdm,20.58412941850245,0.002464833782164888,23.193000000000005,-2.6088705814975555
9Iron,low_2.875in,20260824_111222,23,0,8,four4_no_path_tdm,17.177386832391246,0.0037538398738183876,23.193000000000005,-6.015613167608759
9Iron,low_2.875in,20260824_111222,23,0,8,four4_path_tdm,17.177386832391125,0.0037538398738168333,23.193000000000005,-6.01561316760888
9Iron,low_2.875in,20260824_111222,23,3,5,direct_only,22.513207235115253,0.018035869488921996,23.193000000000005,-0.6797927648847519
9Iron,low_2.875in,20260824_111222,23,3,5,image_only,-5.0,,23.193000000000005,-28.193000000000005
9Iron,low_2.875in,20260824_111222,23,3,5,two8,22.919138577414714,0.015262086704316502,23.193000000000005,-0.27386142258529134
9Iron,low_2.875in,20260824_111222,23,3,5,reciprocal3_path_tdm,21.316706590336548,0.0037746511615037726,23.193000000000005,-1.8762934096634574
9Iron,low_2.875in,20260824_111222,23,3,5,four4_no_path_tdm,18.20444238253581,0.0024025037367048085,23.193000000000005,-4.9885576174641955
9Iron,low_2.875in,20260824_111222,23,3,5,four4_path_tdm,18.204442382535685,0.0024025037367054747,23.193000000000005,-4.98855761746432
9Iron,low_2.875in,20260824_111222,24,0,10,direct_only,22.1497399706875,0.014157335436833396,22.739999999999995,-0.5902600293124962
9Iron,low_2.875in,20260824_111222,24,0,10,image_only,-5.0,,22.739999999999995,-27.739999999999995
9Iron,low_2.875in,20260824_111222,24,0,10,two8,22.789481794439734,0.013941661974186115,22.739999999999995,0.04948179443973899
9Iron,low_2.875in,20260824_111222,24,0,10,reciprocal3_path_tdm,22.610347574691602,0.012577419975747572,22.739999999999995,-0.12965242530839305
9Iron,low_2.875in,20260824_111222,24,0,10,four4_no_path_tdm,19.023065388937738,0.004422293302882352,22.739999999999995,-3.716934611062257
9Iron,low_2.875in,20260824_111222,24,0,10,four4_path_tdm,19.023065388937734,0.004422293302880798,22.739999999999995,-3.7169346110622605
9Iron,low_2.875in,20260824_111222,24,3,7,direct_only,22.387474214192945,0.01980636086510179,22.739999999999995,-0.35252578580704963
9Iron,low_2.875in,20260824_111222,24,3,7,image_only,-5.0,,22.739999999999995,-27.739999999999995
9Iron,low_2.875in,20260824_111222,24,3,7,two8,23.196056395210665,0.0207632294038671,22.739999999999995,0.45605639521066976
9Iron,low_2.875in,20260824_111222,24,3,7,reciprocal3_path_tdm,22.85898064970329,0.007990583473915791,22.739999999999995,0.11898064970329614
9Iron,low_2.875in,20260824_111222,24,3,7,four4_no_path_tdm,19.24154653211061,0.004507127727780391,22.739999999999995,-3.4984534678893837
9Iron,low_2.875in,20260824_111222,24,3,7,four4_path_tdm,19.241546532110757,0.004507127727778393,22.739999999999995,-3.498453467889238
9Iron,low_2.875in,20260824_111222,25,0,8,direct_only,14.953137082621225,0.0061049957402881105,18.903999999999975,-3.9508629173787497
9Iron,low_2.875in,20260824_111222,25,0,8,image_only,-5.0,,18.903999999999975,-23.903999999999975
9Iron,low_2.875in,20260824_111222,25,0,8,two8,13.470738598447904,0.003439853844446006,18.903999999999975,-5.4332614015520715
9Iron,low_2.875in,20260824_111222,25,0,8,reciprocal3_path_tdm,17.752284023401035,0.0073574292203177905,18.903999999999975,-1.1517159765989398
9Iron,low_2.875in,20260824_111222,25,0,8,four4_no_path_tdm,11.693109212218438,0.0006874222069379599,18.903999999999975,-7.210890787781537
9Iron,low_2.875in,20260824_111222,25,0,8,four4_path_tdm,11.69310921222024,0.0006874222069324087,18.903999999999975,-7.210890787779736
9Iron,low_2.875in,20260824_111222,25,3,5,direct_only,16.004595806843945,0.006164403563946319,18.903999999999975,-2.8994041931560304
9Iron,low_2.875in,20260824_111222,25,3,5,image_only,-5.0,,18.903999999999975,-23.903999999999975
9Iron,low_2.875in,20260824_111222,25,3,5,two8,13.763234591498193,0.003913786568509714,18.903999999999975,-5.140765408501782
9Iron,low_2.875in,20260824_111222,25,3,5,reciprocal3_path_tdm,17.65371863102882,0.006327807945514463,18.903999999999975,-1.2502813689711552
9Iron,low_2.875in,20260824_111222,25,3,5,four4_no_path_tdm,12.701671498034573,0.0011782177152870332,18.903999999999975,-6.202328501965402
9Iron,low_2.875in,20260824_111222,25,3,5,four4_path_tdm,12.701671498033901,0.0011782177152821482,18.903999999999975,-6.202328501966074
9Iron,high_5.25in,20260824_120337,1,0,10,direct_only,24.162256882655644,0.003831474285795222,22.89699999999999,1.2652568826556525
9Iron,high_5.25in,20260824_120337,1,0,10,image_only,-5.0,,22.89699999999999,-27.89699999999999
9Iron,high_5.25in,20260824_120337,1,0,10,two8,24.698263400611506,0.008637468763245781,22.89699999999999,1.8012634006115142
9Iron,high_5.25in,20260824_120337,1,0,10,reciprocal3_path_tdm,24.720697241797343,0.005967382815176059,22.89699999999999,1.8236972417973512
9Iron,high_5.25in,20260824_120337,1,0,10,four4_no_path_tdm,20.11731039545644,0.004018306451278875,22.89699999999999,-2.7796896045435524
9Iron,high_5.25in,20260824_120337,1,0,10,four4_path_tdm,20.11731039545642,0.004018306451277542,22.89699999999999,-2.77968960454357
9Iron,high_5.25in,20260824_120337,1,3,7,direct_only,26.26418064219325,0.0053495286629203775,22.89699999999999,3.367180642193258
9Iron,high_5.25in,20260824_120337,1,3,7,image_only,15.777127742850515,0.0012347439134915705,22.89699999999999,-7.119872257149476
9Iron,high_5.25in,20260824_120337,1,3,7,two8,25.382112266720284,0.008904038232500744,22.89699999999999,2.485112266720293
9Iron,high_5.25in,20260824_120337,1,3,7,reciprocal3_path_tdm,24.406417372921055,0.007123576617658722,22.89699999999999,1.5094173729210638
9Iron,high_5.25in,20260824_120337,1,3,7,four4_no_path_tdm,21.125336519592263,0.0029073981954164108,22.89699999999999,-1.771663480407728
9Iron,high_5.25in,20260824_120337,1,3,7,four4_path_tdm,21.125336519592405,0.0029073981954153005,22.89699999999999,-1.771663480407586
9Iron,high_5.25in,20260824_120337,2,0,11,direct_only,24.582690831245923,0.009230167338985185,23.125999999999994,1.456690831245929
9Iron,high_5.25in,20260824_120337,2,0,11,image_only,-5.0,,23.125999999999994,-28.125999999999994
9Iron,high_5.25in,20260824_120337,2,0,11,two8,25.62211410752717,0.004068116641921193,23.125999999999994,2.496114107527177
9Iron,high_5.25in,20260824_120337,2,0,11,reciprocal3_path_tdm,25.45058821160371,0.004964147277022546,23.125999999999994,2.3245882116037144
9Iron,high_5.25in,20260824_120337,2,0,11,four4_no_path_tdm,22.828704951598944,0.003303343821803084,23.125999999999994,-0.29729504840105037
9Iron,high_5.25in,20260824_120337,2,0,11,four4_path_tdm,22.82870495159891,0.003303343821801752,23.125999999999994,-0.2972950484010859
9Iron,high_5.25in,20260824_120337,2,3,8,direct_only,24.968699200473193,0.009628299715829014,23.125999999999994,1.8426992004731986
9Iron,high_5.25in,20260824_120337,2,3,8,image_only,15.989215531806055,0.00022695169747261046,23.125999999999994,-7.136784468193939
9Iron,high_5.25in,20260824_120337,2,3,8,two8,26.121758777498137,0.012523698148200424,23.125999999999994,2.9957587774981427
9Iron,high_5.25in,20260824_120337,2,3,8,reciprocal3_path_tdm,25.169142833154915,0.008362662974092272,23.125999999999994,2.0431428331549206
9Iron,high_5.25in,20260824_120337,2,3,8,four4_no_path_tdm,23.322856188630862,0.004147840470774655,23.125999999999994,0.19685618863086773
9Iron,high_5.25in,20260824_120337,2,3,8,four4_path_tdm,23.322856188630894,0.0041478404707759875,23.125999999999994,0.1968561886308997
9Iron,high_5.25in,20260824_120337,3,0,9,direct_only,20.822732991892885,0.006494118354076761,21.408000000000012,-0.5852670081071274
9Iron,high_5.25in,20260824_120337,3,0,9,image_only,-5.0,,21.408000000000012,-26.408000000000012
9Iron,high_5.25in,20260824_120337,3,0,9,two8,20.467482044012304,0.008798898266239918,21.408000000000012,-0.9405179559877084
9Iron,high_5.25in,20260824_120337,3,0,9,reciprocal3_path_tdm,19.936929969569473,0.0032798710546950716,21.408000000000012,-1.471070030430539
9Iron,high_5.25in,20260824_120337,3,0,9,four4_no_path_tdm,12.107090655629282,0.0019624163200373523,21.408000000000012,-9.30090934437073
9Iron,high_5.25in,20260824_120337,3,0,9,four4_path_tdm,12.107090655629621,0.0019624163200373523,21.408000000000012,-9.30090934437039
9Iron,high_5.25in,20260824_120337,3,3,6,direct_only,21.421604463080023,0.027074604582802086,21.408000000000012,0.013604463080010731
9Iron,high_5.25in,20260824_120337,3,3,6,image_only,-5.0,,21.408000000000012,-26.408000000000012
9Iron,high_5.25in,20260824_120337,3,3,6,two8,21.6973774143828,0.005654542499868187,21.408000000000012,0.28937741438278763
9Iron,high_5.25in,20260824_120337,3,3,6,reciprocal3_path_tdm,17.59285783155466,0.0030802000969329946,21.408000000000012,-3.8151421684453517
9Iron,high_5.25in,20260824_120337,3,3,6,four4_no_path_tdm,11.913241290709948,0.002627642242830186,21.408000000000012,-9.494758709290064
9Iron,high_5.25in,20260824_120337,3,3,6,four4_path_tdm,11.913241290709765,0.002627642242830408,21.408000000000012,-9.494758709290247
9Iron,high_5.25in,20260824_120337,4,0,10,direct_only,23.422265826892723,0.008128638685806822,20.792000000000005,2.6302658268927175
9Iron,high_5.25in,20260824_120337,4,0,10,image_only,-5.0,,20.792000000000005,-25.792000000000005
9Iron,high_5.25in,20260824_120337,4,0,10,two8,23.981494851777004,0.007870389982674642,20.792000000000005,3.189494851776999
9Iron,high_5.25in,20260824_120337,4,0,10,reciprocal3_path_tdm,23.750879031734666,0.010384540342194715,20.792000000000005,2.9588790317346607
9Iron,high_5.25in,20260824_120337,4,0,10,four4_no_path_tdm,18.647962140941356,0.0020197512082642533,20.792000000000005,-2.144037859058649
9Iron,high_5.25in,20260824_120337,4,0,10,four4_path_tdm,18.64796214094132,0.002019751208263587,20.792000000000005,-2.1440378590586846
9Iron,high_5.25in,20260824_120337,4,3,7,direct_only,23.67819471665601,0.00829316443093564,20.792000000000005,2.8861947166560036
9Iron,high_5.25in,20260824_120337,4,3,7,image_only,16.32688982475209,0.0004561860333667789,20.792000000000005,-4.465110175247915
9Iron,high_5.25in,20260824_120337,4,3,7,two8,24.363322203678287,0.01112633008785302,20.792000000000005,3.5713222036782817
9Iron,high_5.25in,20260824_120337,4,3,7,reciprocal3_path_tdm,23.091821988814043,0.007482152045308554,20.792000000000005,2.2998219888140383
9Iron,high_5.25in,20260824_120337,4,3,7,four4_no_path_tdm,19.237491617999055,0.0012620963735610058,20.792000000000005,-1.5545083820009502
9Iron,high_5.25in,20260824_120337,4,3,7,four4_path_tdm,19.237491617999307,0.0012620963735598956,20.792000000000005,-1.554508382000698
9Iron,high_5.25in,20260824_120337,5,0,8,direct_only,11.143454655080895,0.00273698403147149,15.137000000000002,-3.9935453449191076
9Iron,high_5.25in,20260824_120337,5,0,8,image_only,-5.0,,15.137000000000002,-20.137
9Iron,high_5.25in,20260824_120337,5,0,8,two8,-4.13971602158599,0.0628476823020101,15.137000000000002,-19.27671602158599
9Iron,high_5.25in,20260824_120337,5,0,8,reciprocal3_path_tdm,17.974327575262528,0.0016233735380066783,15.137000000000002,2.8373275752625258
9Iron,high_5.25in,20260824_120337,5,0,8,four4_no_path_tdm,13.59196982657759,0.0012508770008996528,15.137000000000002,-1.545030173422413
9Iron,high_5.25in,20260824_120337,5,0,8,four4_path_tdm,13.591969826577532,0.0012508770008992087,15.137000000000002,-1.5450301734224698
9Iron,high_5.25in,20260824_120337,5,3,5,direct_only,12.027184579292978,0.0040143901789015946,15.137000000000002,-3.109815420707024
9Iron,high_5.25in,20260824_120337,5,3,5,image_only,-5.0,,15.137000000000002,-20.137
9Iron,high_5.25in,20260824_120337,5,3,5,two8,7.393378576370454,0.0012709072730594517,15.137000000000002,-7.743621423629548
9Iron,high_5.25in,20260824_120337,5,3,5,reciprocal3_path_tdm,17.870223163700675,0.00234903248297913,15.137000000000002,2.733223163700673
9Iron,high_5.25in,20260824_120337,5,3,5,four4_no_path_tdm,13.981295657325079,0.0012251604343820333,15.137000000000002,-1.1557043426749232
9Iron,high_5.25in,20260824_120337,5,3,5,four4_path_tdm,13.981295657325106,0.0012251604343838096,15.137000000000002,-1.1557043426748965
9Iron,high_5.25in,20260824_120337,6,0,9,direct_only,22.541046016287975,0.003895315650076503,21.271999999999995,1.2690460162879802
9Iron,high_5.25in,20260824_120337,6,0,9,image_only,-5.0,,21.271999999999995,-26.271999999999995
9Iron,high_5.25in,20260824_120337,6,0,9,two8,22.86680716295134,0.0057105920238753605,21.271999999999995,1.5948071629513443
9Iron,high_5.25in,20260824_120337,6,0,9,reciprocal3_path_tdm,21.314791874141022,0.0037013111865624726,21.271999999999995,0.042791874141027364
9Iron,high_5.25in,20260824_120337,6,0,9,four4_no_path_tdm,18.12325596992327,0.0013777280905511446,21.271999999999995,-3.148744030076724
9Iron,high_5.25in,20260824_120337,6,0,9,four4_path_tdm,18.12325596992337,0.0013777280905495903,21.271999999999995,-3.1487440300766245
9Iron,high_5.25in,20260824_120337,6,3,6,direct_only,22.827219137152127,0.010536469376793534,21.271999999999995,1.5552191371521324
9Iron,high_5.25in,20260824_120337,6,3,6,image_only,-5.0,,21.271999999999995,-26.271999999999995
9Iron,high_5.25in,20260824_120337,6,3,6,two8,23.220633514898477,0.007894695777785898,21.271999999999995,1.9486335148984821
9Iron,high_5.25in,20260824_120337,6,3,6,reciprocal3_path_tdm,21.145881151057974,0.009870602842134257,21.271999999999995,-0.12611884894202063
9Iron,high_5.25in,20260824_120337,6,3,6,four4_no_path_tdm,19.15145865281472,0.004805249883389484,21.271999999999995,-2.1205413471852737
9Iron,high_5.25in,20260824_120337,6,3,6,four4_path_tdm,19.15145865281476,0.004805249883388152,21.271999999999995,-2.1205413471852346
9Iron,high_5.25in,20260824_120337,7,0,10,direct_only,23.426448663085743,0.006921862086517239,22.065000000000005,1.3614486630857385
9Iron,high_5.25in,20260824_120337,7,0,10,image_only,-5.0,,22.065000000000005,-27.065000000000005
9Iron,high_5.25in,20260824_120337,7,0,10,two8,23.736348811166753,0.0071563855814567034,22.065000000000005,1.671348811166748
9Iron,high_5.25in,20260824_120337,7,0,10,reciprocal3_path_tdm,23.84480039355678,0.010538914409660594,22.065000000000005,1.7798003935567763
9Iron,high_5.25in,20260824_120337,7,0,10,four4_no_path_tdm,20.43289501682784,0.004254864709526185,22.065000000000005,-1.632104983172166
9Iron,high_5.25in,20260824_120337,7,0,10,four4_path_tdm,20.432895016827867,0.004254864709527961,22.065000000000005,-1.6321049831721375
9Iron,high_5.25in,20260824_120337,7,3,7,direct_only,24.082624612117993,0.009338988028147588,22.065000000000005,2.017624612117988
9Iron,high_5.25in,20260824_120337,7,3,7,image_only,15.891569790525374,0.0006464384642214521,22.065000000000005,-6.173430209474631
9Iron,high_5.25in,20260824_120337,7,3,7,two8,24.530098703473822,0.010944667849009049,22.065000000000005,2.465098703473817
9Iron,high_5.25in,20260824_120337,7,3,7,reciprocal3_path_tdm,23.263205065522914,0.01149583874516602,22.065000000000005,1.1982050655229095
9Iron,high_5.25in,20260824_120337,7,3,7,four4_no_path_tdm,21.382067561282952,0.006556987756204391,22.065000000000005,-0.682932438717053
9Iron,high_5.25in,20260824_120337,7,3,7,four4_path_tdm,21.382067561282987,0.006556987756205945,22.065000000000005,-0.6829324387170175
9Iron,high_5.25in,20260824_120337,8,0,7,direct_only,19.772831328365005,0.0063668154294784784,21.045,-1.2721686716349971
9Iron,high_5.25in,20260824_120337,8,0,7,image_only,-5.0,,21.045,-26.045
9Iron,high_5.25in,20260824_120337,8,0,7,two8,20.780101584774695,0.003412714722110466,21.045,-0.2648984152253071
9Iron,high_5.25in,20260824_120337,8,0,7,reciprocal3_path_tdm,24.117935250972366,0.0022952892358754085,21.045,3.072935250972364
9Iron,high_5.25in,20260824_120337,8,0,7,four4_no_path_tdm,19.102549231496937,0.0033999763825922624,21.045,-1.9424507685030648
9Iron,high_5.25in,20260824_120337,8,0,7,four4_path_tdm,19.10254923149681,0.0033999763825922624,21.045,-1.9424507685031926
9Iron,high_5.25in,20260824_120337,8,3,4,direct_only,21.088515434859183,0.0034939829249396315,21.045,0.04351543485918086
9Iron,high_5.25in,20260824_120337,8,3,4,image_only,-5.0,,21.045,-26.045
9Iron,high_5.25in,20260824_120337,8,3,4,two8,23.58231975145792,0.0039092129568356615,21.045,2.537319751457918
9Iron,high_5.25in,20260824_120337,8,3,4,reciprocal3_path_tdm,20.870586029333968,0.0027483504427572303,21.045,-0.17441397066603415
9Iron,high_5.25in,20260824_120337,8,3,4,four4_no_path_tdm,19.24325870638471,0.005072056498493405,21.045,-1.8017412936152901
9Iron,high_5.25in,20260824_120337,8,3,4,four4_path_tdm,19.243258706384733,0.005072056498492072,21.045,-1.8017412936152688
9Iron,high_5.25in,20260824_120337,9,0,8,direct_only,27.264789988163425,0.008266911044079617,23.75,3.5147899881634252
9Iron,high_5.25in,20260824_120337,9,0,8,image_only,-5.0,,23.75,-28.75
9Iron,high_5.25in,20260824_120337,9,0,8,two8,27.266403498068545,0.01438208428275356,23.75,3.516403498068545
9Iron,high_5.25in,20260824_120337,9,0,8,reciprocal3_path_tdm,26.285546507333592,0.007567439070652382,23.75,2.535546507333592
9Iron,high_5.25in,20260824_120337,9,0,8,four4_no_path_tdm,21.449677858317845,0.003120380341046225,23.75,-2.3003221416821553
9Iron,high_5.25in,20260824_120337,9,0,8,four4_path_tdm,21.449677858317802,0.0031203803410446707,23.75,-2.300322141682198
9Iron,high_5.25in,20260824_120337,9,3,5,direct_only,27.258284144544383,0.014077592647292692,23.75,3.5082841445443833
9Iron,high_5.25in,20260824_120337,9,3,5,image_only,17.5289213636351,0.00023461918462658327,23.75,-6.221078636364901
9Iron,high_5.25in,20260824_120337,9,3,5,two8,27.10539013465504,0.02655808303958551,23.75,3.355390134655039
9Iron,high_5.25in,20260824_120337,9,3,5,reciprocal3_path_tdm,26.179427168713612,0.009891595172812462,23.75,2.4294271687136124
9Iron,high_5.25in,20260824_120337,9,3,5,four4_no_path_tdm,21.89493478312519,0.0041776292422857075,23.75,-1.8550652168748094
9Iron,high_5.25in,20260824_120337,9,3,5,four4_path_tdm,21.89493478312521,0.00417762924228593,23.75,-1.8550652168747916
9Iron,high_5.25in,20260824_120337,10,0,9,direct_only,20.958002704864686,0.004711321865132012,20.669999999999998,0.28800270486468804
9Iron,high_5.25in,20260824_120337,10,0,9,image_only,-5.0,,20.669999999999998,-25.669999999999998
9Iron,high_5.25in,20260824_120337,10,0,9,two8,21.202882719784803,0.005067385053328155,20.669999999999998,0.532882719784805
9Iron,high_5.25in,20260824_120337,10,0,9,reciprocal3_path_tdm,22.161323140747403,0.0021552923220207187,20.669999999999998,1.4913231407474044
9Iron,high_5.25in,20260824_120337,10,0,9,four4_no_path_tdm,16.83458113585525,0.0018173316346603574,20.669999999999998,-3.8354188641447493
9Iron,high_5.25in,20260824_120337,10,0,9,four4_path_tdm,16.834581135854865,0.0018173316346568047,20.669999999999998,-3.835418864145133
9Iron,high_5.25in,20260824_120337,10,3,6,direct_only,20.848229720305305,0.007708018830456798,20.669999999999998,0.17822972030530693
9Iron,high_5.25in,20260824_120337,10,3,6,image_only,-5.0,,20.669999999999998,-25.669999999999998
9Iron,high_5.25in,20260824_120337,10,3,6,two8,21.499550461834886,0.008321148020056457,20.669999999999998,0.8295504618348879
9Iron,high_5.25in,20260824_120337,10,3,6,reciprocal3_path_tdm,18.81136552983729,0.0032355101958916332,20.669999999999998,-1.858634470162709
9Iron,high_5.25in,20260824_120337,10,3,6,four4_no_path_tdm,16.410913710358898,0.00161604509640223,20.669999999999998,-4.2590862896411
9Iron,high_5.25in,20260824_120337,10,3,6,four4_path_tdm,16.410913710358745,0.0016160450964037842,20.669999999999998,-4.259086289641253
9Iron,high_5.25in,20260824_120337,11,0,8,direct_only,25.41971601580485,0.007445897483030484,24.896999999999984,0.522716015804864
9Iron,high_5.25in,20260824_120337,11,0,8,image_only,-5.0,,24.896999999999984,-29.896999999999984
9Iron,high_5.25in,20260824_120337,11,0,8,two8,26.188768762778277,0.01024049583575315,24.896999999999984,1.2917687627782932
9Iron,high_5.25in,20260824_120337,11,0,8,reciprocal3_path_tdm,24.850667661591913,0.006190578374346112,24.896999999999984,-0.04633233840807094
9Iron,high_5.25in,20260824_120337,11,0,8,four4_no_path_tdm,22.11116774268976,0.003280261349857705,24.896999999999984,-2.7858322573102257
9Iron,high_5.25in,20260824_120337,11,0,8,four4_path_tdm,22.111167742689755,0.0032802613498568167,24.896999999999984,-2.785832257310229
9Iron,high_5.25in,20260824_120337,11,3,5,direct_only,26.271055885150208,0.011728924629664572,24.896999999999984,1.3740558851502236
9Iron,high_5.25in,20260824_120337,11,3,5,image_only,14.88022848721813,0.0005670116096987976,24.896999999999984,-10.016771512781855
9Iron,high_5.25in,20260824_120337,11,3,5,two8,26.746404390770337,0.017065627843020126,24.896999999999984,1.8494043907703528
9Iron,high_5.25in,20260824_120337,11,3,5,reciprocal3_path_tdm,24.125316788856196,0.008995381261990287,24.896999999999984,-0.7716832111437881
9Iron,high_5.25in,20260824_120337,11,3,5,four4_no_path_tdm,21.816184526560527,0.004217767084976343,24.896999999999984,-3.0808154734394577
9Iron,high_5.25in,20260824_120337,11,3,5,four4_path_tdm,21.81618452656037,0.00421776708497279,24.896999999999984,-3.080815473439614
9Iron,high_5.25in,20260824_120337,12,0,9,direct_only,11.001701195617931,0.0015036285511855763,18.14899999999999,-7.147298804382059
9Iron,high_5.25in,20260824_120337,12,0,9,image_only,-5.0,,18.14899999999999,-23.14899999999999
9Iron,high_5.25in,20260824_120337,12,0,9,two8,-4.126359851050263,0.2537667734567002,18.14899999999999,-22.275359851050254
9Iron,high_5.25in,20260824_120337,12,0,9,reciprocal3_path_tdm,18.86993417295696,0.002215563085355088,18.14899999999999,0.7209341729569694
9Iron,high_5.25in,20260824_120337,12,0,9,four4_no_path_tdm,18.31435437335129,0.0038954110528581776,18.14899999999999,0.165354373351299
9Iron,high_5.25in,20260824_120337,12,0,9,four4_path_tdm,18.314354373351158,0.0038954110528575114,18.14899999999999,0.16535437335116754
9Iron,high_5.25in,20260824_120337,12,3,6,direct_only,10.374562307240865,0.004787477735697987,18.14899999999999,-7.774437692759125
9Iron,high_5.25in,20260824_120337,12,3,6,image_only,-5.0,,18.14899999999999,-23.14899999999999
9Iron,high_5.25in,20260824_120337,12,3,6,two8,-2.6657276863142445,0.29737825744437185,18.14899999999999,-20.814727686314235
9Iron,high_5.25in,20260824_120337,12,3,6,reciprocal3_path_tdm,17.826093067737776,0.0033989724553502576,18.14899999999999,-0.3229069322622138
9Iron,high_5.25in,20260824_120337,12,3,6,four4_no_path_tdm,17.52301554764176,0.006069757301249146,18.14899999999999,-0.6259844523582316
9Iron,high_5.25in,20260824_120337,12,3,6,four4_path_tdm,17.523015547641734,0.006069757301250478,18.14899999999999,-0.6259844523582565
9Iron,high_5.25in,20260824_120337,13,0,8,direct_only,19.186478646158783,0.004448290227498486,21.017999999999997,-1.8315213538412145
9Iron,high_5.25in,20260824_120337,13,0,8,image_only,-5.0,,21.017999999999997,-26.017999999999997
9Iron,high_5.25in,20260824_120337,13,0,8,two8,20.335569612386255,0.0032860157698823,21.017999999999997,-0.6824303876137421
9Iron,high_5.25in,20260824_120337,13,0,8,reciprocal3_path_tdm,22.309612037683657,0.009436577623390452,21.017999999999997,1.2916120376836595
9Iron,high_5.25in,20260824_120337,13,0,8,four4_no_path_tdm,16.742428853417927,0.001851122908836711,21.017999999999997,-4.27557114658207
9Iron,high_5.25in,20260824_120337,13,0,8,four4_path_tdm,16.742428853417806,0.001851122908836933,21.017999999999997,-4.275571146582191
9Iron,high_5.25in,20260824_120337,13,3,5,direct_only,20.911627123962298,0.0050636875761103095,21.017999999999997,-0.10637287603769963
9Iron,high_5.25in,20260824_120337,13,3,5,image_only,-5.0,,21.017999999999997,-26.017999999999997
9Iron,high_5.25in,20260824_120337,13,3,5,two8,21.82421629034194,0.005652314181695983,21.017999999999997,0.8062162903419434
9Iron,high_5.25in,20260824_120337,13,3,5,reciprocal3_path_tdm,22.268605496095255,0.014578668037356746,21.017999999999997,1.2506054960952575
9Iron,high_5.25in,20260824_120337,13,3,5,four4_no_path_tdm,18.715212681726488,0.003360883305339346,21.017999999999997,-2.3027873182735092
9Iron,high_5.25in,20260824_120337,13,3,5,four4_path_tdm,18.71521268172635,0.003360883305338902,21.017999999999997,-2.302787318273648
9Iron,high_5.25in,20260824_120337,14,0,7,direct_only,24.871382859682086,0.003055166158899336,22.69499999999999,2.1763828596820964
9Iron,high_5.25in,20260824_120337,14,0,7,image_only,-5.0,,22.69499999999999,-27.69499999999999
9Iron,high_5.25in,20260824_120337,14,0,7,two8,25.134364318831846,0.007702301347834339,22.69499999999999,2.4393643188318563
9Iron,high_5.25in,20260824_120337,14,0,7,reciprocal3_path_tdm,23.810578122357967,0.004895653470456063,22.69499999999999,1.1155781223579773
9Iron,high_5.25in,20260824_120337,14,0,7,four4_no_path_tdm,17.91992827107526,0.0008802199918493958,22.69499999999999,-4.775071728924729
9Iron,high_5.25in,20260824_120337,14,0,7,four4_path_tdm,17.919928271075214,0.000880219991850284,22.69499999999999,-4.775071728924775
9Iron,high_5.25in,20260824_120337,14,3,4,direct_only,25.586006347020238,0.014754353508674045,22.69499999999999,2.891006347020248
9Iron,high_5.25in,20260824_120337,14,3,4,image_only,-5.0,,22.69499999999999,-27.69499999999999
9Iron,high_5.25in,20260824_120337,14,3,4,two8,25.896684055303165,0.007671130499208978,22.69499999999999,3.2016840553031756
9Iron,high_5.25in,20260824_120337,14,3,4,reciprocal3_path_tdm,23.39851489564947,0.0029479815613762117,22.69499999999999,0.7035148956494801
9Iron,high_5.25in,20260824_120337,14,3,4,four4_no_path_tdm,14.46801531644429,0.001472211690922265,22.69499999999999,-8.226984683555699
9Iron,high_5.25in,20260824_120337,14,3,4,four4_path_tdm,14.468015316444749,0.0014722116909242633,22.69499999999999,-8.22698468355524
9Iron,high_5.25in,20260824_120337,15,0,8,direct_only,23.086641687501114,0.006665430202526856,21.487999999999992,1.5986416875011216
9Iron,high_5.25in,20260824_120337,15,0,8,image_only,-5.0,,21.487999999999992,-26.487999999999992
9Iron,high_5.25in,20260824_120337,15,0,8,two8,23.03654844361868,0.010559944383897069,21.487999999999992,1.5485484436186887
9Iron,high_5.25in,20260824_120337,15,0,8,reciprocal3_path_tdm,24.801620879073383,0.008392986141536829,21.487999999999992,3.3136208790733903
9Iron,high_5.25in,20260824_120337,15,0,8,four4_no_path_tdm,19.702128926299263,0.0036242223245794847,21.487999999999992,-1.7858710737007293
9Iron,high_5.25in,20260824_120337,15,0,8,four4_path_tdm,19.70212892629937,0.0036242223245781524,21.487999999999992,-1.7858710737006227
9Iron,high_5.25in,20260824_120337,15,3,5,direct_only,23.537725023066,0.008430053578411867,21.487999999999992,2.0497250230660065
9Iron,high_5.25in,20260824_120337,15,3,5,image_only,17.315138794048696,0.00023851201163435642,21.487999999999992,-4.172861205951296
9Iron,high_5.25in,20260824_120337,15,3,5,two8,23.962248367441013,0.008614867217084932,21.487999999999992,2.474248367441021
9Iron,high_5.25in,20260824_120337,15,3,5,reciprocal3_path_tdm,24.053982032742542,0.010831716900461918,21.487999999999992,2.56598203274255
9Iron,high_5.25in,20260824_120337,15,3,5,four4_no_path_tdm,21.168570062788035,0.0037525161730742607,21.487999999999992,-0.31942993721195734
9Iron,high_5.25in,20260824_120337,15,3,5,four4_path_tdm,21.168570062787996,0.0037525161730724843,21.487999999999992,-0.3194299372119964
9Iron,high_5.25in,20260824_120337,16,0,10,direct_only,24.670135203960704,0.007587917256182353,22.95899999999999,1.7111352039607155
9Iron,high_5.25in,20260824_120337,16,0,10,image_only,19.890714028415605,0.0003463157425062646,22.95899999999999,-3.068285971584384
9Iron,high_5.25in,20260824_120337,16,0,10,two8,25.336357032887943,0.01663211192441616,22.95899999999999,2.3773570328879536
9Iron,high_5.25in,20260824_120337,16,0,10,reciprocal3_path_tdm,23.7054205682618,0.005567209430889841,22.95899999999999,0.7464205682618115
9Iron,high_5.25in,20260824_120337,16,0,10,four4_no_path_tdm,22.506142017779105,0.002905824653357758,22.95899999999999,-0.452857982220884
9Iron,high_5.25in,20260824_120337,16,0,10,four4_path_tdm,22.50614201777903,0.002905824653357758,22.95899999999999,-0.45285798222095863
9Iron,high_5.25in,20260824_120337,16,3,7,direct_only,24.32296194908627,0.010655378415820538,22.95899999999999,1.3639619490862813
9Iron,high_5.25in,20260824_120337,16,3,7,image_only,17.54194800196002,0.0003019660600236118,22.95899999999999,-5.41705199803997
9Iron,high_5.25in,20260824_120337,16,3,7,two8,25.143955278800608,0.012066754744281427,22.95899999999999,2.1849552788006186
9Iron,high_5.25in,20260824_120337,16,3,7,reciprocal3_path_tdm,23.568330354013643,0.009812800788632448,22.95899999999999,0.6093303540136539
9Iron,high_5.25in,20260824_120337,16,3,7,four4_no_path_tdm,22.616041791447863,0.0037307196574540846,22.95899999999999,-0.3429582085521261
9Iron,high_5.25in,20260824_120337,16,3,7,four4_path_tdm,22.616041791447874,0.0037307196574536405,22.95899999999999,-0.34295820855211545
5Iron,high_5.25in,20260824_120337,17,0,8,direct_only,11.113547229238284,0.009138263890146048,12.645999999999962,-1.5324527707616777
5Iron,high_5.25in,20260824_120337,17,0,8,image_only,-5.0,,12.645999999999962,-17.64599999999996
5Iron,high_5.25in,20260824_120337,17,0,8,two8,-4.122488406933172,0.18911919267175747,12.645999999999962,-16.768488406933134
5Iron,high_5.25in,20260824_120337,17,0,8,reciprocal3_path_tdm,-4.111197972718558,0.21798289730050957,12.645999999999962,-16.75719797271852
5Iron,high_5.25in,20260824_120337,17,0,8,four4_no_path_tdm,11.921326496752938,0.0009230062922929161,12.645999999999962,-0.7246735032470237
5Iron,high_5.25in,20260824_120337,17,0,8,four4_path_tdm,11.921326496752357,0.0009230062922966908,12.645999999999962,-0.7246735032476046
5Iron,high_5.25in,20260824_120337,17,3,5,direct_only,10.770360134616356,0.013415045134703485,12.645999999999962,-1.8756398653836062
5Iron,high_5.25in,20260824_120337,17,3,5,image_only,-5.0,,12.645999999999962,-17.64599999999996
5Iron,high_5.25in,20260824_120337,17,3,5,two8,9.047600119697181,0.004627014423408182,12.645999999999962,-3.5983998803027806
5Iron,high_5.25in,20260824_120337,17,3,5,reciprocal3_path_tdm,10.11138702474813,0.0007537292792303418,12.645999999999962,-2.5346129752518323
5Iron,high_5.25in,20260824_120337,17,3,5,four4_no_path_tdm,9.203261949595989,0.0006381322676891621,12.645999999999962,-3.442738050403973
5Iron,high_5.25in,20260824_120337,17,3,5,four4_path_tdm,9.203261949595403,0.0006381322676882739,12.645999999999962,-3.442738050404559
5Iron,high_5.25in,20260824_120337,18,0,7,direct_only,9.532257741945974,0.00637021563722473,12.951000000000041,-3.418742258054067
5Iron,high_5.25in,20260824_120337,18,0,7,image_only,-5.0,,12.951000000000041,-17.951000000000043
5Iron,high_5.25in,20260824_120337,18,0,7,two8,-3.17286202058542,0.3986765719221912,12.951000000000041,-16.123862020585463
5Iron,high_5.25in,20260824_120337,18,0,7,reciprocal3_path_tdm,-3.1673182919039147,0.45328866255968436,12.951000000000041,-16.118318291903957
5Iron,high_5.25in,20260824_120337,18,0,7,four4_no_path_tdm,11.47673599960259,0.0005623062284392244,12.951000000000041,-1.4742640003974508
5Iron,high_5.25in,20260824_120337,18,0,7,four4_path_tdm,11.476735999603259,0.0005623062284434432,12.951000000000041,-1.4742640003967828
5Iron,high_5.25in,20260824_120337,18,3,4,direct_only,10.102620227831473,0.009358631320619537,12.951000000000041,-2.8483797721685686
5Iron,high_5.25in,20260824_120337,18,3,4,image_only,-5.0,,12.951000000000041,-17.951000000000043
5Iron,high_5.25in,20260824_120337,18,3,4,two8,7.752959556265395,0.003233095369353123,12.951000000000041,-5.198040443734646
5Iron,high_5.25in,20260824_120337,18,3,4,reciprocal3_path_tdm,13.213959211816553,0.0013210379498125313,12.951000000000041,0.2629592118165114
5Iron,high_5.25in,20260824_120337,18,3,4,four4_no_path_tdm,9.796082621365406,0.0006223069351112276,12.951000000000041,-3.154917378634636
5Iron,high_5.25in,20260824_120337,18,3,4,four4_path_tdm,9.796082621366375,0.0006223069351150023,12.951000000000041,-3.154917378633666
5Iron,high_5.25in,20260824_120337,19,0,5,direct_only,11.128586697790464,0.009047191176338343,14.73399999999999,-3.6054133022095254
5Iron,high_5.25in,20260824_120337,19,0,5,image_only,-5.0,,14.73399999999999,-19.733999999999988
5Iron,high_5.25in,20260824_120337,19,0,5,two8,9.79422535189015,0.0031029376050357715,14.73399999999999,-4.9397746481098395
5Iron,high_5.25in,20260824_120337,19,0,5,reciprocal3_path_tdm,20.614665030429798,0.002164790849125575,14.73399999999999,5.8806650304298085
5Iron,high_5.25in,20260824_120337,19,0,5,four4_no_path_tdm,15.552159883098838,0.004063362318486252,14.73399999999999,0.8181598830988488
5Iron,high_5.25in,20260824_120337,19,0,5,four4_path_tdm,15.552159883098833,0.004063362318486696,14.73399999999999,0.8181598830988435
5Iron,high_5.25in,20260824_120337,20,0,7,direct_only,9.832142543149041,0.0061039063103962565,13.445999999999975,-3.6138574568509334
5Iron,high_5.25in,20260824_120337,20,0,7,image_only,-5.0,,13.445999999999975,-18.445999999999977
5Iron,high_5.25in,20260824_120337,20,0,7,two8,9.097681474743943,0.0021147920211712634,13.445999999999975,-4.3483185252560315
5Iron,high_5.25in,20260824_120337,20,0,7,reciprocal3_path_tdm,14.947861176520734,0.0007425119534330005,13.445999999999975,1.5018611765207588
5Iron,high_5.25in,20260824_120337,20,0,7,four4_no_path_tdm,3.143294165799588,7.230102428579244e-05,13.445999999999975,-10.302705834200387
5Iron,high_5.25in,20260824_120337,20,0,7,four4_path_tdm,3.143294165790309,7.230102427846496e-05,13.445999999999975,-10.302705834209666
5Iron,high_5.25in,20260824_120337,20,3,4,direct_only,10.768440558691365,0.006680033597127322,13.445999999999975,-2.6775594413086097
5Iron,high_5.25in,20260824_120337,20,3,4,image_only,-5.0,,13.445999999999975,-18.445999999999977
5Iron,high_5.25in,20260824_120337,20,3,4,two8,-2.69980817079207,0.6318177999076064,13.445999999999975,-16.145808170792044
5Iron,high_5.25in,20260824_120337,20,3,4,reciprocal3_path_tdm,-2.6818710648296693,0.7573013354082764,13.445999999999975,-16.127871064829645
5Iron,high_5.25in,20260824_120337,20,3,4,four4_no_path_tdm,-2.3598124056031633,0.00016690204262892472,13.445999999999975,-15.805812405603138
5Iron,high_5.25in,20260824_120337,20,3,4,four4_path_tdm,-2.359812452120593,0.0001669020633956464,13.445999999999975,-15.805812452120568
5Iron,high_5.25in,20260824_120337,21,0,7,direct_only,14.533944786879266,0.009685385736415864,14.641999999999975,-0.10805521312070887
5Iron,high_5.25in,20260824_120337,21,0,7,image_only,-5.0,,14.641999999999975,-19.641999999999975
5Iron,high_5.25in,20260824_120337,21,0,7,two8,13.75955709082414,0.005786942619058211,14.641999999999975,-0.8824429091758343
5Iron,high_5.25in,20260824_120337,21,0,7,reciprocal3_path_tdm,16.39421962980046,0.0014374065262661162,14.641999999999975,1.7522196298004857
5Iron,high_5.25in,20260824_120337,21,0,7,four4_no_path_tdm,15.24676612823804,0.0010640199953806384,14.641999999999975,0.6047661282380652
5Iron,high_5.25in,20260824_120337,21,0,7,four4_path_tdm,15.246766128238043,0.0010640199953819707,14.641999999999975,0.6047661282380687
5Iron,high_5.25in,20260824_120337,21,3,4,direct_only,14.461919158451812,0.007117768563649429,14.641999999999975,-0.18008084154816295
5Iron,high_5.25in,20260824_120337,21,3,4,image_only,-5.0,,14.641999999999975,-19.641999999999975
5Iron,high_5.25in,20260824_120337,21,3,4,two8,-2.645740327720965,0.6187468129363218,14.641999999999975,-17.28774032772094
5Iron,high_5.25in,20260824_120337,21,3,4,reciprocal3_path_tdm,-2.650703174094233,0.5696967531328856,14.641999999999975,-17.292703174094207
5Iron,high_5.25in,20260824_120337,21,3,4,four4_no_path_tdm,15.038473431956756,0.0014921158133542889,14.641999999999975,0.39647343195678175
5Iron,high_5.25in,20260824_120337,21,3,4,four4_path_tdm,15.038473431956934,0.0014921158133560652,14.641999999999975,0.3964734319569594
5Iron,high_5.25in,20260824_120337,22,0,6,direct_only,12.526122083462331,0.005954922278536001,15.292999999999994,-2.7668779165376627
5Iron,high_5.25in,20260824_120337,22,0,6,image_only,-5.0,,15.292999999999994,-20.292999999999992
5Iron,high_5.25in,20260824_120337,22,0,6,two8,-3.6708662172909543,0.18884627980963087,15.292999999999994,-18.96386621729095
5Iron,high_5.25in,20260824_120337,22,0,6,reciprocal3_path_tdm,14.88129813651711,0.0008037633289350588,15.292999999999994,-0.4117018634828842
5Iron,high_5.25in,20260824_120337,22,0,6,four4_no_path_tdm,6.251114671547735,0.0006359327726863651,15.292999999999994,-9.04188532845226
5Iron,high_5.25in,20260824_120337,22,0,6,four4_path_tdm,6.251114671547735,0.0006359327726863651,15.292999999999994,-9.04188532845226
5Iron,high_5.25in,20260824_120337,23,0,9,direct_only,11.25915874895265,0.009642344276995729,12.148999999999976,-0.8898412510473257
5Iron,high_5.25in,20260824_120337,23,0,9,image_only,-5.0,,12.148999999999976,-17.148999999999976
5Iron,high_5.25in,20260824_120337,23,0,9,two8,9.351023285963382,0.004018202412406469,12.148999999999976,-2.7979767140365936
5Iron,high_5.25in,20260824_120337,23,0,9,reciprocal3_path_tdm,15.929724065832842,0.002101245840042454,12.148999999999976,3.7807240658328656
5Iron,high_5.25in,20260824_120337,23,0,9,four4_no_path_tdm,13.233610339928537,0.00105591645659886,12.148999999999976,1.0846103399285614
5Iron,high_5.25in,20260824_120337,23,0,9,four4_path_tdm,13.233610339928443,0.001055916456599526,12.148999999999976,1.0846103399284672
5Iron,high_5.25in,20260824_120337,23,3,6,direct_only,11.278782678849488,0.013016376004279184,12.148999999999976,-0.8702173211504878
5Iron,high_5.25in,20260824_120337,23,3,6,image_only,-5.0,,12.148999999999976,-17.148999999999976
5Iron,high_5.25in,20260824_120337,23,3,6,two8,9.497375369027674,0.005861250032792142,12.148999999999976,-2.651624630972302
5Iron,high_5.25in,20260824_120337,23,3,6,reciprocal3_path_tdm,14.177569716785133,0.0021263540326152963,12.148999999999976,2.0285697167851566
5Iron,high_5.25in,20260824_120337,23,3,6,four4_no_path_tdm,11.740246267864915,0.0010070951048144483,12.148999999999976,-0.40875373213506094
5Iron,high_5.25in,20260824_120337,23,3,6,four4_path_tdm,11.740246267865958,0.001007095104808453,12.148999999999976,-0.4087537321340182
5Iron,high_5.25in,20260824_120337,24,0,10,direct_only,12.332214415483172,0.010175949373620208,13.886999999999997,-1.554785584516825
5Iron,high_5.25in,20260824_120337,24,0,10,image_only,-5.0,,13.886999999999997,-18.886999999999997
5Iron,high_5.25in,20260824_120337,24,0,10,two8,11.039792302640398,0.005788831996980326,13.886999999999997,-2.8472076973595986
5Iron,high_5.25in,20260824_120337,24,0,10,reciprocal3_path_tdm,15.547924166797154,0.001484285317457923,13.886999999999997,1.660924166797157
5Iron,high_5.25in,20260824_120337,24,0,10,four4_no_path_tdm,13.884610579125317,0.005254372364460247,13.886999999999997,-0.0023894208746799706
5Iron,high_5.25in,20260824_120337,24,0,10,four4_path_tdm,13.884610579125454,0.0052543723644631335,13.886999999999997,-0.002389420874543191
5Iron,high_5.25in,20260824_120337,24,3,7,direct_only,12.538366467491434,0.012572153486355653,13.886999999999997,-1.348633532508563
5Iron,high_5.25in,20260824_120337,24,3,7,image_only,-5.0,,13.886999999999997,-18.886999999999997
5Iron,high_5.25in,20260824_120337,24,3,7,two8,11.005594006655686,0.0074488554755738345,13.886999999999997,-2.881405993344311
5Iron,high_5.25in,20260824_120337,24,3,7,reciprocal3_path_tdm,15.622203321594403,0.0018895840713564205,13.886999999999997,1.7352033215944065
5Iron,high_5.25in,20260824_120337,24,3,7,four4_no_path_tdm,13.5895874849143,0.0015090241150816919,13.886999999999997,-0.2974125150856963
5Iron,high_5.25in,20260824_120337,24,3,7,four4_path_tdm,13.589587484914812,0.001509024115076807,13.886999999999997,-0.29741251508518474
5Iron,high_5.25in,20260824_120337,25,0,12,direct_only,-2.9533840757795184,0.011156515117045851,0.669999999999999,-3.6233840757795175
5Iron,high_5.25in,20260824_120337,25,0,12,image_only,0.13352703412552208,0.025854637743405462,0.669999999999999,-0.5364729658744769
5Iron,high_5.25in,20260824_120337,25,0,12,two8,-4.34048306740713,0.013087094663128962,0.669999999999999,-5.0104830674071295
5Iron,high_5.25in,20260824_120337,25,0,12,reciprocal3_path_tdm,-5.0,,0.669999999999999,-5.669999999999999
5Iron,high_5.25in,20260824_120337,25,0,12,four4_no_path_tdm,-1.6319612139255193,0.0001969305865030524,0.669999999999999,-2.3019612139255186
5Iron,high_5.25in,20260824_120337,25,0,12,four4_path_tdm,-1.6319612228167486,0.00019693057387248913,0.669999999999999,-2.3019612228167476
5Iron,high_5.25in,20260824_120337,25,3,9,direct_only,-2.4450419104993184,0.008754587309764306,0.669999999999999,-3.1150419104993174
5Iron,high_5.25in,20260824_120337,25,3,9,image_only,0.07558001940199774,0.03153280410284176,0.669999999999999,-0.5944199805980013
5Iron,high_5.25in,20260824_120337,25,3,9,two8,-2.6288837553575037,0.0723822035894961,0.669999999999999,-3.298883755357503
5Iron,high_5.25in,20260824_120337,25,3,9,reciprocal3_path_tdm,-2.745266402459338,0.07802609608040645,0.669999999999999,-3.415266402459337
5Iron,high_5.25in,20260824_120337,25,3,9,four4_no_path_tdm,-1.7559557151617906,0.0002651575736796197,0.669999999999999,-2.4259557151617894
5Iron,high_5.25in,20260824_120337,25,3,9,four4_path_tdm,-1.7559557311676044,0.00026515758473166784,0.669999999999999,-2.4259557311676034
5Iron,high_5.25in,20260824_120337,26,0,5,direct_only,14.82285688403006,0.005171760817383797,16.00899999999998,-1.1861431159699194
5Iron,high_5.25in,20260824_120337,26,0,5,image_only,-5.0,,16.00899999999998,-21.00899999999998
5Iron,high_5.25in,20260824_120337,26,0,5,two8,-4.104527491929708,0.15835403215892874,16.00899999999998,-20.113527491929688
5Iron,high_5.25in,20260824_120337,26,0,5,reciprocal3_path_tdm,22.30916253609752,0.0014666115071779728,16.00899999999998,6.300162536097542
5Iron,high_5.25in,20260824_120337,26,0,5,four4_no_path_tdm,18.149988832875586,0.0010961102324982264,16.00899999999998,2.140988832875607
5Iron,high_5.25in,20260824_120337,26,0,5,four4_path_tdm,18.149988832874268,0.0010961102325026673,16.00899999999998,2.1409888328742888
5Iron,high_5.25in,20260824_120337,27,0,6,direct_only,9.329823248341755,0.006766829750194159,12.701999999999998,-3.372176751658243
5Iron,high_5.25in,20260824_120337,27,0,6,image_only,-5.0,,12.701999999999998,-17.701999999999998
5Iron,high_5.25in,20260824_120337,27,0,6,two8,8.190114237910292,0.0028245945288416507,12.701999999999998,-4.511885762089706
5Iron,high_5.25in,20260824_120337,27,0,6,reciprocal3_path_tdm,-4.725003614124329,0.019605104634989656,12.701999999999998,-17.427003614124327
5Iron,high_5.25in,20260824_120337,27,0,6,four4_no_path_tdm,7.427635353125864,0.0003212633355014205,12.701999999999998,-5.274364646874134
5Iron,high_5.25in,20260824_120337,27,0,6,four4_path_tdm,7.427635353125628,0.0003212633355049732,12.701999999999998,-5.27436464687437
5Iron,high_5.25in,20260824_120337,28,0,8,direct_only,10.728594984615885,0.003995483386224352,12.355000000000029,-1.6264050153841438
5Iron,high_5.25in,20260824_120337,28,0,8,image_only,-5.0,,12.355000000000029,-17.35500000000003
5Iron,high_5.25in,20260824_120337,28,0,8,two8,-3.97364679165836,0.04819893318125534,12.355000000000029,-16.32864679165839
5Iron,high_5.25in,20260824_120337,28,0,8,reciprocal3_path_tdm,-3.9973363274296614,0.08977716250110235,12.355000000000029,-16.35233632742969
5Iron,high_5.25in,20260824_120337,28,0,8,four4_no_path_tdm,8.318383238518189,0.00034877422246371026,12.355000000000029,-4.03661676148184
5Iron,high_5.25in,20260824_120337,28,0,8,four4_path_tdm,8.318383238520935,0.0003487742224659307,12.355000000000029,-4.0366167614790935
5Iron,high_5.25in,20260824_120337,28,3,5,direct_only,11.077695624805607,0.008372703071755971,12.355000000000029,-1.2773043751944222
5Iron,high_5.25in,20260824_120337,28,3,5,image_only,-5.0,,12.355000000000029,-17.35500000000003
5Iron,high_5.25in,20260824_120337,28,3,5,two8,8.649821330226096,0.0030497525490364996,12.355000000000029,-3.7051786697739324
5Iron,high_5.25in,20260824_120337,28,3,5,reciprocal3_path_tdm,12.886843349452922,0.00162329719641785,12.355000000000029,0.5318433494528936
5Iron,high_5.25in,20260824_120337,28,3,5,four4_no_path_tdm,8.91432183445808,0.00044702757478476407,12.355000000000029,-3.4406781655419483
5Iron,high_5.25in,20260824_120337,28,3,5,four4_path_tdm,8.914321834458159,0.0004470275747838759,12.355000000000029,-3.44067816554187
5Iron,high_5.25in,20260824_120337,29,0,6,direct_only,9.69495563350047,0.005569878762998082,13.308999999999976,-3.614044366499506
5Iron,high_5.25in,20260824_120337,29,0,6,image_only,-5.0,,13.308999999999976,-18.308999999999976
5Iron,high_5.25in,20260824_120337,29,0,6,two8,-3.7791600769594367,0.027644345909300316,13.308999999999976,-17.08816007695941
5Iron,high_5.25in,20260824_120337,29,0,6,reciprocal3_path_tdm,16.111454937888777,0.0017560515991246195,13.308999999999976,2.8024549378888004
5Iron,high_5.25in,20260824_120337,29,0,6,four4_no_path_tdm,11.58501747297549,0.0006403299085968595,13.308999999999976,-1.7239825270244857
5Iron,high_5.25in,20260824_120337,29,0,6,four4_path_tdm,11.585017472975325,0.0006403299085941949,13.308999999999976,-1.723982527024651
5Iron,high_5.25in,20260824_120337,30,0,7,direct_only,10.204451473112085,0.0018871188715199327,15.307999999999982,-5.103548526887897
5Iron,high_5.25in,20260824_120337,30,0,7,image_only,-5.0,,15.307999999999982,-20.307999999999982
5Iron,high_5.25in,20260824_120337,30,0,7,two8,-4.577720443399968,0.019122729423817098,15.307999999999982,-19.88572044339995
5Iron,high_5.25in,20260824_120337,30,0,7,reciprocal3_path_tdm,19.971300958031247,0.0035242549254703714,15.307999999999982,4.6633009580312645
5Iron,high_5.25in,20260824_120337,30,0,7,four4_no_path_tdm,18.230424791996114,0.001785759465526393,15.307999999999982,2.922424791996132
5Iron,high_5.25in,20260824_120337,30,0,7,four4_path_tdm,18.23042479199584,0.0017857594655295017,15.307999999999982,2.9224247919958586
5Iron,high_5.25in,20260824_120337,30,3,4,direct_only,8.093636479998677,0.0032598832427968016,15.307999999999982,-7.214363520001305
5Iron,high_5.25in,20260824_120337,30,3,4,image_only,-5.0,,15.307999999999982,-20.307999999999982
5Iron,high_5.25in,20260824_120337,30,3,4,two8,-2.567056693132318,0.12097324037488,15.307999999999982,-17.8750566931323
5Iron,high_5.25in,20260824_120337,30,3,4,reciprocal3_path_tdm,18.647285920512513,0.004848094742569975,15.307999999999982,3.3392859205125305
5Iron,high_5.25in,20260824_120337,30,3,4,four4_no_path_tdm,17.992657971141607,0.0027798642711980293,15.307999999999982,2.6846579711416254
5Iron,high_5.25in,20260824_120337,30,3,4,four4_path_tdm,17.992657971141732,0.0027798642711993615,15.307999999999982,2.6846579711417498
5Iron,high_5.25in,20260824_120337,31,0,7,direct_only,14.254245597871469,0.001795158187196666,14.625999999999978,-0.3717544021285093
5Iron,high_5.25in,20260824_120337,31,0,7,image_only,-5.0,,14.625999999999978,-19.625999999999976
5Iron,high_5.25in,20260824_120337,31,0,7,two8,-4.128370614380682,0.09491496739500249,14.625999999999978,-18.75437061438066
5Iron,high_5.25in,20260824_120337,31,0,7,reciprocal3_path_tdm,17.97674769652897,0.0023007530552461297,14.625999999999978,3.350747696528993
5Iron,high_5.25in,20260824_120337,31,0,7,four4_no_path_tdm,15.304491433821882,0.0011704168785688918,14.625999999999978,0.6784914338219039
5Iron,high_5.25in,20260824_120337,31,0,7,four4_path_tdm,15.304491433821784,0.0011704168785668934,14.625999999999978,0.6784914338218062
5Iron,high_5.25in,20260824_120337,31,3,4,direct_only,13.696283901751174,0.0022880076114049075,14.625999999999978,-0.9297160982488037
5Iron,high_5.25in,20260824_120337,31,3,4,image_only,-5.0,,14.625999999999978,-19.625999999999976
5Iron,high_5.25in,20260824_120337,31,3,4,two8,-2.2089882156751637,0.5703160944109712,14.625999999999978,-16.834988215675143
5Iron,high_5.25in,20260824_120337,31,3,4,reciprocal3_path_tdm,13.830384933224103,0.0013597707379127133,14.625999999999978,-0.7956150667758752
5Iron,high_5.25in,20260824_120337,31,3,4,four4_no_path_tdm,13.79880710391878,0.002335164456974681,14.625999999999978,-0.8271928960811987
5Iron,high_5.25in,20260824_120337,31,3,4,four4_path_tdm,13.798807103918502,0.0023351644569720165,14.625999999999978,-0.8271928960814758
5Iron,low_2.875in,20260824_121914,1,0,9,direct_only,5.166284810986723,0.002056929813608166,11.811000000000005,-6.644715189013282
5Iron,low_2.875in,20260824_121914,1,0,9,image_only,-5.0,,11.811000000000005,-16.811000000000007
5Iron,low_2.875in,20260824_121914,1,0,9,two8,8.826231114071462,0.0028059936971795985,11.811000000000005,-2.9847688859285437
5Iron,low_2.875in,20260824_121914,1,0,9,reciprocal3_path_tdm,15.089834065384258,0.0020653786941779995,11.811000000000005,3.2788340653842525
5Iron,low_2.875in,20260824_121914,1,0,9,four4_no_path_tdm,17.03931932332258,0.0016506160241804846,11.811000000000005,5.228319323322575
5Iron,low_2.875in,20260824_121914,1,0,9,four4_path_tdm,17.039319323322808,0.001650616024178042,11.811000000000005,5.228319323322802
5Iron,low_2.875in,20260824_121914,1,3,6,direct_only,6.112873479964781,0.0017606413078270489,11.811000000000005,-5.698126520035224
5Iron,low_2.875in,20260824_121914,1,3,6,image_only,-5.0,,11.811000000000005,-16.811000000000007
5Iron,low_2.875in,20260824_121914,1,3,6,two8,8.778119509103265,0.0037785856089331826,11.811000000000005,-3.0328804908967406
5Iron,low_2.875in,20260824_121914,1,3,6,reciprocal3_path_tdm,15.329175672660035,0.003270350294453772,11.811000000000005,3.51817567266003
5Iron,low_2.875in,20260824_121914,1,3,6,four4_no_path_tdm,16.949678327157713,0.0022706559818173044,11.811000000000005,5.138678327157708
5Iron,low_2.875in,20260824_121914,1,3,6,four4_path_tdm,16.94967832715791,0.0022706559818139738,11.811000000000005,5.138678327157903
5Iron,low_2.875in,20260824_121914,2,0,6,direct_only,7.520773863419352,0.005169201168885751,13.066999999999979,-5.546226136580627
5Iron,low_2.875in,20260824_121914,2,0,6,image_only,-5.0,,13.066999999999979,-18.06699999999998
5Iron,low_2.875in,20260824_121914,2,0,6,two8,7.5507870669123935,0.004251850056028239,13.066999999999979,-5.516212933087585
5Iron,low_2.875in,20260824_121914,2,0,6,reciprocal3_path_tdm,13.061167234174503,0.004810165414593337,13.066999999999979,-0.005832765825475761
5Iron,low_2.875in,20260824_121914,2,0,6,four4_no_path_tdm,9.57184179065972,0.003185451687147678,13.066999999999979,-3.495158209340259
5Iron,low_2.875in,20260824_121914,2,0,6,four4_path_tdm,9.571841790659727,0.0031854516871465677,13.066999999999979,-3.495158209340252
5Iron,low_2.875in,20260824_121914,2,3,3,direct_only,7.884027595925261,0.010586590153071729,13.066999999999979,-5.182972404074718
5Iron,low_2.875in,20260824_121914,2,3,3,image_only,-5.0,,13.066999999999979,-18.06699999999998
5Iron,low_2.875in,20260824_121914,2,3,3,two8,7.534652649994627,0.004913493280865211,13.066999999999979,-5.5323473500053515
5Iron,low_2.875in,20260824_121914,2,3,3,reciprocal3_path_tdm,11.986079427182025,0.0013434857237855091,13.066999999999979,-1.0809205728179538
5Iron,low_2.875in,20260824_121914,2,3,3,four4_no_path_tdm,9.484950420008033,0.006123259039349627,13.066999999999979,-3.5820495799919456
5Iron,low_2.875in,20260824_121914,2,3,3,four4_path_tdm,9.484950420008012,0.006123259039348294,13.066999999999979,-3.582049579991967
5Iron,low_2.875in,20260824_121914,3,0,9,direct_only,7.987049992533906,0.00717073519696565,12.243999999999973,-4.2569500074660676
5Iron,low_2.875in,20260824_121914,3,0,9,image_only,-5.0,,12.243999999999973,-17.24399999999997
5Iron,low_2.875in,20260824_121914,3,0,9,two8,7.634373155747967,0.005250101898465864,12.243999999999973,-4.6096268442520065
5Iron,low_2.875in,20260824_121914,3,0,9,reciprocal3_path_tdm,13.074331028608977,0.0033377487973853537,12.243999999999973,0.8303310286090042
5Iron,low_2.875in,20260824_121914,3,0,9,four4_no_path_tdm,9.27848603503452,0.0007850974469145733,12.243999999999973,-2.965513964965453
5Iron,low_2.875in,20260824_121914,3,0,9,four4_path_tdm,9.27848603503532,0.0007850974469159056,12.243999999999973,-2.9655139649646536
5Iron,low_2.875in,20260824_121914,3,3,6,direct_only,8.92021856804024,0.011488309644353878,12.243999999999973,-3.3237814319597323
5Iron,low_2.875in,20260824_121914,3,3,6,image_only,-5.0,,12.243999999999973,-17.24399999999997
5Iron,low_2.875in,20260824_121914,3,3,6,two8,8.361903901526329,0.01297356721208942,12.243999999999973,-3.882096098473644
5Iron,low_2.875in,20260824_121914,3,3,6,reciprocal3_path_tdm,13.528044316419413,0.006258359031100502,12.243999999999973,1.2840443164194397
5Iron,low_2.875in,20260824_121914,3,3,6,four4_no_path_tdm,6.091917041335043,0.002587776611308712,12.243999999999973,-6.15208295866493
5Iron,low_2.875in,20260824_121914,3,3,6,four4_path_tdm,6.091917041335071,0.002587776611309156,12.243999999999973,-6.152082958664902
5Iron,low_2.875in,20260824_121914,4,0,5,direct_only,8.882703328502993,0.004299736887429573,14.141000000000004,-5.2582966714970105
5Iron,low_2.875in,20260824_121914,4,0,5,image_only,-5.0,,14.141000000000004,-19.141000000000005
5Iron,low_2.875in,20260824_121914,4,0,5,two8,9.044106056909872,0.001966383314445208,14.141000000000004,-5.096893943090132
5Iron,low_2.875in,20260824_121914,4,0,5,reciprocal3_path_tdm,-4.120852980360018,0.07881730672718867,14.141000000000004,-18.261852980360022
5Iron,low_2.875in,20260824_121914,4,0,5,four4_no_path_tdm,-1.4979045796374486,0.0001860034717366954,14.141000000000004,-15.638904579637453
5Iron,low_2.875in,20260824_121914,4,0,5,four4_path_tdm,-1.4979045591585904,0.00018600348571506942,14.141000000000004,-15.638904559158593
5Iron,low_2.875in,20260824_121914,5,0,6,direct_only,0.8839063613284887,0.0042075100680945,2.005999999999998,-1.1220936386715095
5Iron,low_2.875in,20260824_121914,5,0,6,image_only,-4.736833795849311,0.003430786360250515,2.005999999999998,-6.742833795849309
5Iron,low_2.875in,20260824_121914,5,0,6,two8,-4.136302626309533,0.1421625841943055,2.005999999999998,-6.142302626309531
5Iron,low_2.875in,20260824_121914,5,0,6,reciprocal3_path_tdm,-4.1093207075438904,0.2141558811528299,2.005999999999998,-6.115320707543889
5Iron,low_2.875in,20260824_121914,5,0,6,four4_no_path_tdm,11.251539184373001,0.0033869310969658617,2.005999999999998,9.245539184373003
5Iron,low_2.875in,20260824_121914,5,0,6,four4_path_tdm,11.251539184372739,0.0033869310969654176,2.005999999999998,9.24553918437274
5Iron,low_2.875in,20260824_121914,6,0,9,direct_only,-1.7141359145794552,0.015319434610639338,3.534999999999999,-5.249135914579454
5Iron,low_2.875in,20260824_121914,6,0,9,image_only,-1.1010178650636726,0.011969308420230806,3.534999999999999,-4.636017865063671
5Iron,low_2.875in,20260824_121914,6,0,9,two8,-4.706310705188834,0.04603323772114587,3.534999999999999,-8.241310705188832
5Iron,low_2.875in,20260824_121914,6,0,9,reciprocal3_path_tdm,-1.8384528027602354,0.13384350210627405,3.534999999999999,-5.373452802760234
5Iron,low_2.875in,20260824_121914,6,0,9,four4_no_path_tdm,9.531785923541868,0.002431949305671921,3.534999999999999,5.99678592354187
5Iron,low_2.875in,20260824_121914,6,0,9,four4_path_tdm,9.531785923541868,0.002431949305671921,3.534999999999999,5.99678592354187
5Iron,low_2.875in,20260824_121914,6,3,6,direct_only,-1.8112165153759898,0.015520499920516517,3.534999999999999,-5.346216515375989
5Iron,low_2.875in,20260824_121914,6,3,6,image_only,-0.9305033766188475,0.014824521595459217,3.534999999999999,-4.465503376618846
5Iron,low_2.875in,20260824_121914,6,3,6,two8,-1.4584178717599094,0.04188575088594648,3.534999999999999,-4.993417871759908
5Iron,low_2.875in,20260824_121914,6,3,6,reciprocal3_path_tdm,-2.0467902547787773,0.05491216671476984,3.534999999999999,-5.581790254778776
5Iron,low_2.875in,20260824_121914,6,3,6,four4_no_path_tdm,9.52975170624343,0.0033154572522304804,3.534999999999999,5.994751706243431
5Iron,low_2.875in,20260824_121914,6,3,6,four4_path_tdm,9.529751706243392,0.0033154572522309245,3.534999999999999,5.9947517062433935
5Iron,low_2.875in,20260824_121914,7,0,8,direct_only,6.343192521921846,0.008112347506229245,10.851999999999991,-4.508807478078145
5Iron,low_2.875in,20260824_121914,7,0,8,image_only,-5.0,,10.851999999999991,-15.851999999999991
5Iron,low_2.875in,20260824_121914,7,0,8,two8,7.052329550637666,0.007158791730923042,10.851999999999991,-3.799670449362325
5Iron,low_2.875in,20260824_121914,7,0,8,reciprocal3_path_tdm,12.1501132492415,0.0015542947474491697,10.851999999999991,1.2981132492415082
5Iron,low_2.875in,20260824_121914,7,0,8,four4_no_path_tdm,13.903064152532723,0.01035680396486005,10.851999999999991,3.0510641525327316
5Iron,low_2.875in,20260824_121914,7,0,8,four4_path_tdm,13.903064152532743,0.010356803964858052,10.851999999999991,3.051064152532751
5Iron,low_2.875in,20260824_121914,7,3,5,direct_only,7.507349432071035,0.007432506101969771,10.851999999999991,-3.344650567928957
5Iron,low_2.875in,20260824_121914,7,3,5,image_only,-5.0,,10.851999999999991,-15.851999999999991
5Iron,low_2.875in,20260824_121914,7,3,5,two8,7.086940215778551,0.010213171817250455,10.851999999999991,-3.7650597842214406
5Iron,low_2.875in,20260824_121914,7,3,5,reciprocal3_path_tdm,12.15430769438914,0.0021972781505246175,10.851999999999991,1.3023076943891478
5Iron,low_2.875in,20260824_121914,7,3,5,four4_no_path_tdm,13.950003811166917,0.016235554358029036,10.851999999999991,3.098003811166926
5Iron,low_2.875in,20260824_121914,7,3,5,four4_path_tdm,13.950003811166905,0.016235554358026594,10.851999999999991,3.0980038111669135
5Iron,low_2.875in,20260824_121914,8,0,8,direct_only,16.709665867350125,0.009164684132792145,17.65999999999999,-0.9503341326498642
5Iron,low_2.875in,20260824_121914,8,0,8,image_only,-5.0,,17.65999999999999,-22.65999999999999
5Iron,low_2.875in,20260824_121914,8,0,8,two8,17.43194832767634,0.0057854482187156275,17.65999999999999,-0.2280516723236481
5Iron,low_2.875in,20260824_121914,8,0,8,reciprocal3_path_tdm,21.46612355949802,0.0037458003258288297,17.65999999999999,3.8061235594980296
5Iron,low_2.875in,20260824_121914,8,0,8,four4_no_path_tdm,16.969587892288942,0.0012506056805126065,17.65999999999999,-0.6904121077110474
5Iron,low_2.875in,20260824_121914,8,0,8,four4_path_tdm,16.96958789228896,0.0012506056805114962,17.65999999999999,-0.6904121077110297
5Iron,low_2.875in,20260824_121914,8,3,5,direct_only,17.286900670470953,0.009174716373638425,17.65999999999999,-0.3730993295290368
5Iron,low_2.875in,20260824_121914,8,3,5,image_only,-5.0,,17.65999999999999,-22.65999999999999
5Iron,low_2.875in,20260824_121914,8,3,5,two8,18.167442887544365,0.0073403055083942625,17.65999999999999,0.507442887544375
5Iron,low_2.875in,20260824_121914,8,3,5,reciprocal3_path_tdm,20.99942498743858,0.004936794990521909,17.65999999999999,3.3394249874385906
5Iron,low_2.875in,20260824_121914,8,3,5,four4_no_path_tdm,16.83926665068724,0.0016038850076240951,17.65999999999999,-0.82073334931275
5Iron,low_2.875in,20260824_121914,8,3,5,four4_path_tdm,16.83926665068698,0.0016038850076225408,17.65999999999999,-0.8207333493130093
5Iron,low_2.875in,20260824_121914,9,0,8,direct_only,10.19271968161826,0.0052422523713122615,13.530999999999992,-3.338280318381731
5Iron,low_2.875in,20260824_121914,9,0,8,image_only,-5.0,,13.530999999999992,-18.53099999999999
5Iron,low_2.875in,20260824_121914,9,0,8,two8,10.073638558885692,0.006616369677328704,13.530999999999992,-3.4573614411142994
5Iron,low_2.875in,20260824_121914,9,0,8,reciprocal3_path_tdm,11.618820725735723,0.004740821777281523,13.530999999999992,-1.9121792742642683
5Iron,low_2.875in,20260824_121914,9,0,8,four4_no_path_tdm,-5.0,,13.530999999999992,-18.53099999999999
5Iron,low_2.875in,20260824_121914,9,0,8,four4_path_tdm,-5.0,,13.530999999999992,-18.53099999999999
5Iron,low_2.875in,20260824_121914,9,3,5,direct_only,11.156702686887455,0.010061289274751584,13.530999999999992,-2.374297313112537
5Iron,low_2.875in,20260824_121914,9,3,5,image_only,-5.0,,13.530999999999992,-18.53099999999999
5Iron,low_2.875in,20260824_121914,9,3,5,two8,10.40410023010258,0.00769431033816792,13.530999999999992,-3.1268997698974115
5Iron,low_2.875in,20260824_121914,9,3,5,reciprocal3_path_tdm,11.747770852567623,0.007321042936906608,13.530999999999992,-1.783229147432369
5Iron,low_2.875in,20260824_121914,9,3,5,four4_no_path_tdm,-5.0,,13.530999999999992,-18.53099999999999
5Iron,low_2.875in,20260824_121914,9,3,5,four4_path_tdm,-5.0,,13.530999999999992,-18.53099999999999
5Iron,low_2.875in,20260824_121914,10,0,9,direct_only,6.982934366085349,0.01369598757761481,10.684999999999974,-3.702065633914625
5Iron,low_2.875in,20260824_121914,10,0,9,image_only,-5.0,,10.684999999999974,-15.684999999999974
5Iron,low_2.875in,20260824_121914,10,0,9,two8,7.176219721293231,0.003309374835949397,10.684999999999974,-3.508780278706743
5Iron,low_2.875in,20260824_121914,10,0,9,reciprocal3_path_tdm,-4.049985931661098,0.09328667371808774,10.684999999999974,-14.734985931661072
5Iron,low_2.875in,20260824_121914,10,0,9,four4_no_path_tdm,9.575254805217186,0.002069581295889966,10.684999999999974,-1.1097451947827874
5Iron,low_2.875in,20260824_121914,10,0,9,four4_path_tdm,9.575254805217138,0.0020695812958912985,10.684999999999974,-1.1097451947828354
5Iron,low_2.875in,20260824_121914,10,3,6,direct_only,7.113210848271508,0.01897781617330585,10.684999999999974,-3.571789151728466
5Iron,low_2.875in,20260824_121914,10,3,6,image_only,-5.0,,10.684999999999974,-15.684999999999974
5Iron,low_2.875in,20260824_121914,10,3,6,two8,6.130272081290175,0.003263386992513384,10.684999999999974,-4.554727918709799
5Iron,low_2.875in,20260824_121914,10,3,6,reciprocal3_path_tdm,12.198901414736019,0.0010395321991780726,10.684999999999974,1.5139014147360452
5Iron,low_2.875in,20260824_121914,10,3,6,four4_no_path_tdm,9.778164613879083,0.0013157825884302365,10.684999999999974,-0.9068353861208909
5Iron,low_2.875in,20260824_121914,10,3,6,four4_path_tdm,9.77816461387858,0.0013157825884300145,10.684999999999974,-0.9068353861213936
5Iron,low_2.875in,20260824_121914,11,0,8,direct_only,7.160937081938003,0.005645084101112641,11.318000000000016,-4.157062918062013
5Iron,low_2.875in,20260824_121914,11,0,8,image_only,-5.0,,11.318000000000016,-16.318000000000016
5Iron,low_2.875in,20260824_121914,11,0,8,two8,-3.709452484634361,0.12440519009838269,11.318000000000016,-15.027452484634377
5Iron,low_2.875in,20260824_121914,11,0,8,reciprocal3_path_tdm,13.195178597628496,0.0018089345216054653,11.318000000000016,1.8771785976284807
5Iron,low_2.875in,20260824_121914,11,0,8,four4_no_path_tdm,9.694557145751325,0.0010493943199545441,11.318000000000016,-1.6234428542486903
5Iron,low_2.875in,20260824_121914,11,0,8,four4_path_tdm,9.694557145750784,0.0010493943199563205,11.318000000000016,-1.623442854249232
5Iron,low_2.875in,20260824_121914,11,3,5,direct_only,8.25895864943186,0.01052956921678505,11.318000000000016,-3.0590413505681564
5Iron,low_2.875in,20260824_121914,11,3,5,image_only,-5.0,,11.318000000000016,-16.318000000000016
5Iron,low_2.875in,20260824_121914,11,3,5,two8,-2.716146543359348,0.3124639233116433,11.318000000000016,-14.034146543359363
5Iron,low_2.875in,20260824_121914,11,3,5,reciprocal3_path_tdm,14.694060838282173,0.003454490379287467,11.318000000000016,3.3760608382821573
5Iron,low_2.875in,20260824_121914,11,3,5,four4_no_path_tdm,10.056095433966215,0.0012302099856609239,11.318000000000016,-1.2619045660338006
5Iron,low_2.875in,20260824_121914,11,3,5,four4_path_tdm,10.056095433965918,0.0012302099856624782,11.318000000000016,-1.2619045660340973
5Iron,low_2.875in,20260824_121914,12,0,8,direct_only,9.90230610063077,0.009019169532754834,13.710999999999995,-3.8086938993692243
5Iron,low_2.875in,20260824_121914,12,0,8,image_only,-5.0,,13.710999999999995,-18.710999999999995
5Iron,low_2.875in,20260824_121914,12,0,8,two8,9.416763862649454,0.0048566190999492775,13.710999999999995,-4.294236137350541
5Iron,low_2.875in,20260824_121914,12,0,8,reciprocal3_path_tdm,10.578892827415432,0.0008513267343419617,13.710999999999995,-3.132107172584563
5Iron,low_2.875in,20260824_121914,12,0,8,four4_no_path_tdm,6.419724522777016,0.0003658258874228437,13.710999999999995,-7.291275477222979
5Iron,low_2.875in,20260824_121914,12,0,8,four4_path_tdm,6.419724522776128,0.0003658258874201792,13.710999999999995,-7.291275477223867
5Iron,low_2.875in,20260824_121914,12,3,5,direct_only,10.892633392913455,0.00870247971093252,13.710999999999995,-2.8183666070865403
5Iron,low_2.875in,20260824_121914,12,3,5,image_only,-5.0,,13.710999999999995,-18.710999999999995
5Iron,low_2.875in,20260824_121914,12,3,5,two8,9.907747044513348,0.005632317292259437,13.710999999999995,-3.8032529554866468
5Iron,low_2.875in,20260824_121914,12,3,5,reciprocal3_path_tdm,9.86171545244971,0.0010506110027217463,13.710999999999995,-3.849284547550285
5Iron,low_2.875in,20260824_121914,12,3,5,four4_no_path_tdm,4.271599560655527,0.00025477732280343446,13.710999999999995,-9.439400439344467
5Iron,low_2.875in,20260824_121914,12,3,5,four4_path_tdm,4.2715995606555826,0.0002547773228027683,13.710999999999995,-9.439400439344412
5Iron,low_2.875in,20260824_121914,13,0,6,direct_only,10.774969480399669,0.005198220523672026,14.118999999999998,-3.344030519600329
5Iron,low_2.875in,20260824_121914,13,0,6,image_only,-5.0,,14.118999999999998,-19.119
5Iron,low_2.875in,20260824_121914,13,0,6,two8,8.167281331970372,0.0018964698094230403,14.118999999999998,-5.951718668029626
5Iron,low_2.875in,20260824_121914,13,0,6,reciprocal3_path_tdm,13.497138043866169,0.0013481280265841278,14.118999999999998,-0.621861956133829
5Iron,low_2.875in,20260824_121914,13,0,6,four4_no_path_tdm,13.699728256669774,0.0007356524435699896,14.118999999999998,-0.4192717433302242
5Iron,low_2.875in,20260824_121914,13,0,6,four4_path_tdm,13.69972825666881,0.0007356524435713219,14.118999999999998,-0.4192717433311888
Driver,low_2.875in,20260824_121914,15,0,11,direct_only,8.029546545347586,0.0011818817912845891,11.080999999999968,-3.051453454652382
Driver,low_2.875in,20260824_121914,15,0,11,image_only,-5.0,,11.080999999999968,-16.080999999999968
Driver,low_2.875in,20260824_121914,15,0,11,two8,-3.5639907657122962,0.1765160078219118,11.080999999999968,-14.644990765712263
Driver,low_2.875in,20260824_121914,15,0,11,reciprocal3_path_tdm,-3.498217398756455,0.33560031038807236,11.080999999999968,-14.579217398756423
Driver,low_2.875in,20260824_121914,15,0,11,four4_no_path_tdm,20.569431266691183,0.0020908400154973084,11.080999999999968,9.488431266691215
Driver,low_2.875in,20260824_121914,15,0,11,four4_path_tdm,20.569431266691304,0.0020908400154968643,11.080999999999968,9.488431266691336
Driver,low_2.875in,20260824_121914,15,3,8,direct_only,8.449450987130625,0.0013002442458204255,11.080999999999968,-2.6315490128693426
Driver,low_2.875in,20260824_121914,15,3,8,image_only,-5.0,,11.080999999999968,-16.080999999999968
Driver,low_2.875in,20260824_121914,15,3,8,two8,-2.4786909952994063,0.17948091812156597,11.080999999999968,-13.559690995299373
Driver,low_2.875in,20260824_121914,15,3,8,reciprocal3_path_tdm,-1.4261636065918915,0.18364809455702935,11.080999999999968,-12.50716360659186
Driver,low_2.875in,20260824_121914,15,3,8,four4_no_path_tdm,21.05435378796651,0.003095782498962807,11.080999999999968,9.973353787966541
Driver,low_2.875in,20260824_121914,15,3,8,four4_path_tdm,21.054353787966384,0.0030957824989648053,11.080999999999968,9.973353787966417
Driver,low_2.875in,20260824_121914,16,0,10,direct_only,8.743078011944892,0.0013175790489004524,11.159999999999961,-2.416921988055069
Driver,low_2.875in,20260824_121914,16,0,10,image_only,-5.0,,11.159999999999961,-16.15999999999996
Driver,low_2.875in,20260824_121914,16,0,10,two8,-3.6167501792094803,0.22460257884181378,11.159999999999961,-14.776750179209442
Driver,low_2.875in,20260824_121914,16,0,10,reciprocal3_path_tdm,-3.599763029834929,0.2983751289194031,11.159999999999961,-14.75976302983489
Driver,low_2.875in,20260824_121914,16,0,10,four4_no_path_tdm,22.84830227150893,0.00949361162697171,11.159999999999961,11.68830227150897
Driver,low_2.875in,20260824_121914,16,0,10,four4_path_tdm,22.848302271508988,0.009493611626973042,11.159999999999961,11.688302271509027
Driver,low_2.875in,20260824_121914,16,3,7,direct_only,9.254323269834126,0.002325442416803769,11.159999999999961,-1.905676730165835
Driver,low_2.875in,20260824_121914,16,3,7,image_only,-5.0,,11.159999999999961,-16.15999999999996
Driver,low_2.875in,20260824_121914,16,3,7,two8,9.341293399045094,0.0019525686766771466,11.159999999999961,-1.818706600954867
Driver,low_2.875in,20260824_121914,16,3,7,reciprocal3_path_tdm,16.215241157356456,0.002496249991554289,11.159999999999961,5.055241157356495
Driver,low_2.875in,20260824_121914,16,3,7,four4_no_path_tdm,23.22092616457188,0.01292257667837493,11.159999999999961,12.060926164571917
Driver,low_2.875in,20260824_121914,16,3,7,four4_path_tdm,23.220926164571882,0.012922576678376707,11.159999999999961,12.06092616457192
Driver,low_2.875in,20260824_121914,17,0,12,direct_only,7.7745325410311015,0.0009781737097800391,10.941999999999961,-3.1674674589688596
Driver,low_2.875in,20260824_121914,17,0,12,image_only,-5.0,,10.941999999999961,-15.941999999999961
Driver,low_2.875in,20260824_121914,17,0,12,two8,-4.157254092132128,0.1107719247751403,10.941999999999961,-15.099254092132089
Driver,low_2.875in,20260824_121914,17,0,12,reciprocal3_path_tdm,21.53976118238786,0.0009791483462144868,10.941999999999961,10.597761182387899
Driver,low_2.875in,20260824_121914,17,0,12,four4_no_path_tdm,25.409143249259014,0.008373046607501822,10.941999999999961,14.467143249259053
Driver,low_2.875in,20260824_121914,17,0,12,four4_path_tdm,25.40914324925907,0.00837304660750271,10.941999999999961,14.46714324925911
Driver,low_2.875in,20260824_121914,17,3,9,direct_only,8.891896970019475,0.0017213491589707086,10.941999999999961,-2.0501030299804857
Driver,low_2.875in,20260824_121914,17,3,9,image_only,-5.0,,10.941999999999961,-15.941999999999961
Driver,low_2.875in,20260824_121914,17,3,9,two8,8.475008177583176,0.001311755124582481,10.941999999999961,-2.4669918224167855
Driver,low_2.875in,20260824_121914,17,3,9,reciprocal3_path_tdm,20.361710942501105,0.001046765811283712,10.941999999999961,9.419710942501144
Driver,low_2.875in,20260824_121914,17,3,9,four4_no_path_tdm,25.610588909913915,0.010902614354647788,10.941999999999961,14.668588909913954
Driver,low_2.875in,20260824_121914,17,3,9,four4_path_tdm,25.610588909913886,0.010902614354651785,10.941999999999961,14.668588909913925
Driver,low_2.875in,20260824_121914,18,0,12,direct_only,11.32691061893143,0.001880884481257894,15.639,-4.312089381068569
Driver,low_2.875in,20260824_121914,18,0,12,image_only,-5.0,,15.639,-20.639
Driver,low_2.875in,20260824_121914,18,0,12,two8,-3.6530848986225064,0.14187541853512653,15.639,-19.292084898622505
Driver,low_2.875in,20260824_121914,18,0,12,reciprocal3_path_tdm,19.23428162881499,0.0012034677565075924,15.639,3.595281628814991
Driver,low_2.875in,20260824_121914,18,0,12,four4_no_path_tdm,22.451720941454887,0.004298186780221647,15.639,6.812720941454888
Driver,low_2.875in,20260824_121914,18,0,12,four4_path_tdm,22.45172094145492,0.004298186780223201,15.639,6.81272094145492
Driver,low_2.875in,20260824_121914,18,3,9,direct_only,11.712095207830604,0.002659442376505061,15.639,-3.9269047921693954
Driver,low_2.875in,20260824_121914,18,3,9,image_only,-5.0,,15.639,-20.639
Driver,low_2.875in,20260824_121914,18,3,9,two8,10.719031836803422,0.002062668072092211,15.639,-4.919968163196577
Driver,low_2.875in,20260824_121914,18,3,9,reciprocal3_path_tdm,18.037998426394452,0.0010627865139264392,15.639,2.398998426394453
Driver,low_2.875in,20260824_121914,18,3,9,four4_no_path_tdm,22.94007675067978,0.0035498274662244533,15.639,7.30107675067978
Driver,low_2.875in,20260824_121914,18,3,9,four4_path_tdm,22.940076750679662,0.003549827466223121,15.639,7.3010767506796626
Driver,low_2.875in,20260824_121914,19,0,7,direct_only,12.389335254035549,0.016247847280561167,12.836999999999996,-0.44766474596444716
Driver,low_2.875in,20260824_121914,19,0,7,image_only,-5.0,,12.836999999999996,-17.836999999999996
Driver,low_2.875in,20260824_121914,19,0,7,two8,11.179680245972994,0.0022160741008849794,12.836999999999996,-1.657319754027002
Driver,low_2.875in,20260824_121914,19,0,7,reciprocal3_path_tdm,-4.126615265837095,0.23571038659867716,12.836999999999996,-16.963615265837092
Driver,low_2.875in,20260824_121914,19,0,7,four4_no_path_tdm,10.013871311257958,0.0019455332112530144,12.836999999999996,-2.823128688742038
Driver,low_2.875in,20260824_121914,19,0,7,four4_path_tdm,10.013871311258548,0.0019455332112503498,12.836999999999996,-2.8231286887414484
Driver,low_2.875in,20260824_121914,19,3,4,direct_only,12.957315223975076,0.012666999515745125,12.836999999999996,0.12031522397507999
Driver,low_2.875in,20260824_121914,19,3,4,image_only,-5.0,,12.836999999999996,-17.836999999999996
Driver,low_2.875in,20260824_121914,19,3,4,two8,11.873415667959554,0.008760506552399239,12.836999999999996,-0.9635843320404422
Driver,low_2.875in,20260824_121914,19,3,4,reciprocal3_path_tdm,11.592959458923865,0.0037723842596828483,12.836999999999996,-1.2440405410761315
Driver,low_2.875in,20260824_121914,19,3,4,four4_no_path_tdm,9.730571541134674,0.001574825830746418,12.836999999999996,-3.106428458865322
Driver,low_2.875in,20260824_121914,19,3,4,four4_path_tdm,9.730571541135053,0.0015748258307428653,12.836999999999996,-3.1064284588649436
Driver,low_2.875in,20260824_121914,20,0,11,direct_only,10.887567182349423,0.0020904140805431126,11.88999999999998,-1.002432817650556
Driver,low_2.875in,20260824_121914,20,0,11,image_only,-5.0,,11.88999999999998,-16.88999999999998
Driver,low_2.875in,20260824_121914,20,0,11,two8,-3.7147054799773227,0.12837789498487806,11.88999999999998,-15.604705479977302
Driver,low_2.875in,20260824_121914,20,0,11,reciprocal3_path_tdm,22.36196366384595,0.0013529978317279312,11.88999999999998,10.471963663845969
Driver,low_2.875in,20260824_121914,20,0,11,four4_no_path_tdm,22.48510340712071,0.0034367422049397245,11.88999999999998,10.595103407120732
Driver,low_2.875in,20260824_121914,20,0,11,four4_path_tdm,22.485103407120736,0.003436742204937948,11.88999999999998,10.595103407120757
Driver,low_2.875in,20260824_121914,20,3,8,direct_only,11.158272553720675,0.0029856648391332063,11.88999999999998,-0.7317274462793044
Driver,low_2.875in,20260824_121914,20,3,8,image_only,-5.0,,11.88999999999998,-16.88999999999998
Driver,low_2.875in,20260824_121914,20,3,8,two8,9.781766102108042,0.0014563952079799103,11.88999999999998,-2.108233897891937
Driver,low_2.875in,20260824_121914,20,3,8,reciprocal3_path_tdm,21.596561151024126,0.0016506993685938554,11.88999999999998,9.706561151024147
Driver,low_2.875in,20260824_121914,20,3,8,four4_no_path_tdm,22.89317002824194,0.004859400129451963,11.88999999999998,11.00317002824196
Driver,low_2.875in,20260824_121914,20,3,8,four4_path_tdm,22.89317002824194,0.004859400129451963,11.88999999999998,11.00317002824196
Driver,low_2.875in,20260824_121914,21,0,8,direct_only,-4.203321710725571,0.011072211051138314,2.788000000000009,-6.99132171072558
Driver,low_2.875in,20260824_121914,21,0,8,image_only,0.6341677099698144,0.014735437367773496,2.788000000000009,-2.153832290030195
Driver,low_2.875in,20260824_121914,21,0,8,two8,-1.645792640597818,0.13985649944292788,2.788000000000009,-4.433792640597828
Driver,low_2.875in,20260824_121914,21,0,8,reciprocal3_path_tdm,7.806327631567177,0.001867008138977333,2.788000000000009,5.018327631567168
Driver,low_2.875in,20260824_121914,21,0,8,four4_no_path_tdm,3.284673413323076,0.0006362458168738261,2.788000000000009,0.4966734133230668
Driver,low_2.875in,20260824_121914,21,0,8,four4_path_tdm,3.2846734133215487,0.0006362458168698293,2.788000000000009,0.4966734133215396
Driver,low_2.875in,20260824_121914,21,3,5,direct_only,-3.599047771850853,0.002805086236976617,2.788000000000009,-6.387047771850862
Driver,low_2.875in,20260824_121914,21,3,5,image_only,0.766166495213344,0.018248502924473886,2.788000000000009,-2.021833504786665
Driver,low_2.875in,20260824_121914,21,3,5,two8,-1.655905867081239,0.21811136879914983,2.788000000000009,-4.443905867081249
Driver,low_2.875in,20260824_121914,21,3,5,reciprocal3_path_tdm,9.193746106332464,0.0013070369632162127,2.788000000000009,6.405746106332455
Driver,low_2.875in,20260824_121914,21,3,5,four4_no_path_tdm,1.1369268294474022,7.687676088607986e-05,2.788000000000009,-1.651073170552607
Driver,low_2.875in,20260824_121914,21,3,5,four4_path_tdm,1.136926829486951,7.68767608638754e-05,2.788000000000009,-1.6510731705130581
Driver,low_2.875in,20260824_121914,22,0,12,direct_only,14.034115041138426,0.001498420034961645,8.688000000000006,5.34611504113842
Driver,low_2.875in,20260824_121914,22,0,12,image_only,-5.0,,8.688000000000006,-13.688000000000006
Driver,low_2.875in,20260824_121914,22,0,12,two8,12.642101852946713,0.0008857842147034223,8.688000000000006,3.9541018529467067
Driver,low_2.875in,20260824_121914,22,0,12,reciprocal3_path_tdm,27.86895254437469,0.0013871793483334338,8.688000000000006,19.180952544374684
Driver,low_2.875in,20260824_121914,22,0,12,four4_no_path_tdm,27.851604664087823,0.0052304995385803466,8.688000000000006,19.163604664087817
Driver,low_2.875in,20260824_121914,22,0,12,four4_path_tdm,27.851604664100446,0.005230499537945743,8.688000000000006,19.16360466410044
Driver,low_2.875in,20260824_121914,22,3,9,direct_only,13.685467944449394,0.0006677319111944024,8.688000000000006,4.997467944449388
Driver,low_2.875in,20260824_121914,22,3,9,image_only,-5.0,,8.688000000000006,-13.688000000000006
Driver,low_2.875in,20260824_121914,22,3,9,two8,13.616955030121064,0.0009727026186278631,8.688000000000006,4.928955030121058
Driver,low_2.875in,20260824_121914,22,3,9,reciprocal3_path_tdm,27.273061284845166,0.0053114006538905745,8.688000000000006,18.58506128484516
Driver,low_2.875in,20260824_121914,22,3,9,four4_no_path_tdm,28.361563054483767,0.010061804801184682,8.688000000000006,19.67356305448376
Driver,low_2.875in,20260824_121914,22,3,9,four4_path_tdm,28.36156305450706,0.01006180480288732,8.688000000000006,19.673563054507053
Driver,low_2.875in,20260824_121914,23,0,12,direct_only,8.385535513360567,0.0015960416958791246,6.836999999999965,1.5485355133606022
Driver,low_2.875in,20260824_121914,23,0,12,image_only,-5.0,,6.836999999999965,-11.836999999999964
Driver,low_2.875in,20260824_121914,23,0,12,two8,-3.6649781548854645,0.34433738765534816,6.836999999999965,-10.50197815488543
Driver,low_2.875in,20260824_121914,23,0,12,reciprocal3_path_tdm,-3.6505177836503817,0.4727059091016507,6.836999999999965,-10.487517783650347
Driver,low_2.875in,20260824_121914,23,0,12,four4_no_path_tdm,23.080672576935527,0.005108195781816427,6.836999999999965,16.243672576935563
Driver,low_2.875in,20260824_121914,23,0,12,four4_path_tdm,23.08067257693547,0.005108195781817315,6.836999999999965,16.243672576935506
Driver,low_2.875in,20260824_121914,23,3,9,direct_only,8.282008583188672,0.0022056745048977255,6.836999999999965,1.4450085831887067
Driver,low_2.875in,20260824_121914,23,3,9,image_only,-5.0,,6.836999999999965,-11.836999999999964
Driver,low_2.875in,20260824_121914,23,3,9,two8,7.416751699987005,0.0009656283937324872,6.836999999999965,0.5797516999870398
Driver,low_2.875in,20260824_121914,23,3,9,reciprocal3_path_tdm,-0.8288697196896344,0.26884328561628645,6.836999999999965,-7.665869719689599
Driver,low_2.875in,20260824_121914,23,3,9,four4_no_path_tdm,23.266725890962636,0.015558735951293645,6.836999999999965,16.429725890962672
Driver,low_2.875in,20260824_121914,23,3,9,four4_path_tdm,23.266725890962636,0.015558735951293201,6.836999999999965,16.429725890962672
Driver,high_5.25in,20260824_121914,24,0,7,direct_only,8.247721323181473,0.010923435086437783,9.506999999999971,-1.2592786768184983
Driver,high_5.25in,20260824_121914,24,0,7,image_only,-5.0,,9.506999999999971,-14.506999999999971
Driver,high_5.25in,20260824_121914,24,0,7,two8,8.352197146379192,0.003481030668144758,9.506999999999971,-1.1548028536207795
Driver,high_5.25in,20260824_121914,24,0,7,reciprocal3_path_tdm,14.875766768949818,0.0022863548690046365,9.506999999999971,5.368766768949847
Driver,high_5.25in,20260824_121914,24,0,7,four4_no_path_tdm,13.637734073909204,0.001529585835721159,9.506999999999971,4.130734073909233
Driver,high_5.25in,20260824_121914,24,0,7,four4_path_tdm,13.637734073909245,0.0015295858357207148,9.506999999999971,4.130734073909274
Driver,high_5.25in,20260824_121914,24,3,4,direct_only,7.6446764411209305,0.015426396948098997,9.506999999999971,-1.8623235588790408
Driver,high_5.25in,20260824_121914,24,3,4,image_only,-5.0,,9.506999999999971,-14.506999999999971
Driver,high_5.25in,20260824_121914,24,3,4,two8,7.455218238124537,0.005495497646807124,9.506999999999971,-2.051781761875434
Driver,high_5.25in,20260824_121914,24,3,4,reciprocal3_path_tdm,15.414960092496163,0.003995518352610361,9.506999999999971,5.907960092496191
Driver,high_5.25in,20260824_121914,24,3,4,four4_no_path_tdm,13.516700558482231,0.0023682510069651386,9.506999999999971,4.00970055848226
Driver,high_5.25in,20260824_121914,24,3,4,four4_path_tdm,13.516700558482217,0.0023682510069640283,9.506999999999971,4.009700558482246
Driver,high_5.25in,20260824_121914,25,0,7,direct_only,13.785321375207078,0.007948715302011689,13.555999999999989,0.22932137520708906
Driver,high_5.25in,20260824_121914,25,0,7,image_only,-5.0,,13.555999999999989,-18.55599999999999
Driver,high_5.25in,20260824_121914,25,0,7,two8,12.623738137279798,0.004742719771457127,13.555999999999989,-0.9322618627201908
Driver,high_5.25in,20260824_121914,25,0,7,reciprocal3_path_tdm,-3.6610501007664116,0.21706751730978446,13.555999999999989,-17.2170501007664
Driver,high_5.25in,20260824_121914,25,0,7,four4_no_path_tdm,10.764375792052594,0.0011948679606728074,13.555999999999989,-2.791624207947395
Driver,high_5.25in,20260824_121914,25,0,7,four4_path_tdm,10.764375792056152,0.001194867960685908,13.555999999999989,-2.791624207943837
Driver,high_5.25in,20260824_121914,26,0,12,direct_only,0.3824468678548598,0.010047354852835921,3.609999999999994,-3.2275531321451343
Driver,high_5.25in,20260824_121914,26,0,12,image_only,-2.092664506032532,0.0057697637813871605,3.609999999999994,-5.7026645060325265
Driver,high_5.25in,20260824_121914,26,0,12,two8,-3.672277890349312,0.1062135717770738,3.609999999999994,-7.282277890349306
Driver,high_5.25in,20260824_121914,26,0,12,reciprocal3_path_tdm,-1.550614643147854,0.19493273339378736,3.609999999999994,-5.160614643147849
Driver,high_5.25in,20260824_121914,26,0,12,four4_no_path_tdm,11.716115654683854,0.0046981778516583805,3.609999999999994,8.10611565468386
Driver,high_5.25in,20260824_121914,26,0,12,four4_path_tdm,11.716115654683984,0.0046981778516534956,3.609999999999994,8.10611565468399
Driver,high_5.25in,20260824_121914,26,3,9,direct_only,0.37093351592204027,0.013279992325563539,3.609999999999994,-3.239066484077954
Driver,high_5.25in,20260824_121914,26,3,9,image_only,-2.0337308429407326,0.007574997235396674,3.609999999999994,-5.643730842940727
Driver,high_5.25in,20260824_121914,26,3,9,two8,-1.557130074455897,0.2327136422919438,3.609999999999994,-5.167130074455891
Driver,high_5.25in,20260824_121914,26,3,9,reciprocal3_path_tdm,-1.48184734255782,0.3624030518853476,3.609999999999994,-5.091847342557815
Driver,high_5.25in,20260824_121914,26,3,9,four4_no_path_tdm,11.638195970604295,0.006193455177754492,3.609999999999994,8.028195970604301
Driver,high_5.25in,20260824_121914,26,3,9,four4_path_tdm,11.638195970604402,0.006193455177748497,3.609999999999994,8.028195970604408
Driver,high_5.25in,20260824_121914,27,0,12,direct_only,3.9267649938692344,0.0025590213391406547,4.880000000000008,-0.9532350061307735
Driver,high_5.25in,20260824_121914,27,0,12,image_only,-5.0,,4.880000000000008,-9.880000000000008
Driver,high_5.25in,20260824_121914,27,0,12,two8,-5.0,,4.880000000000008,-9.880000000000008
Driver,high_5.25in,20260824_121914,27,0,12,reciprocal3_path_tdm,11.023138164676714,0.0007312364003300154,4.880000000000008,6.1431381646767065
Driver,high_5.25in,20260824_121914,27,0,12,four4_no_path_tdm,8.31559032312722,0.0008318181873461228,4.880000000000008,3.4355903231272116
Driver,high_5.25in,20260824_121914,27,0,12,four4_path_tdm,8.315590323127347,0.0008318181873478991,4.880000000000008,3.4355903231273395
Driver,high_5.25in,20260824_121914,27,3,9,direct_only,5.443416479615497,0.005808786633509699,4.880000000000008,0.5634164796154888
Driver,high_5.25in,20260824_121914,27,3,9,image_only,-5.0,,4.880000000000008,-9.880000000000008
Driver,high_5.25in,20260824_121914,27,3,9,two8,5.435614159795094,0.0025823617947582367,4.880000000000008,0.5556141597950859
Driver,high_5.25in,20260824_121914,27,3,9,reciprocal3_path_tdm,12.513016719913063,0.0014016837450581132,4.880000000000008,7.633016719913055
Driver,high_5.25in,20260824_121914,27,3,9,four4_no_path_tdm,9.819295515152165,0.001141295592240521,4.880000000000008,4.939295515152157
Driver,high_5.25in,20260824_121914,27,3,9,four4_path_tdm,9.819295515152348,0.0011412955922422974,4.880000000000008,4.93929551515234
Driver,high_5.25in,20260824_121914,28,0,8,direct_only,16.939922078965605,0.005805477755482347,15.597999999999992,1.341922078965613
Driver,high_5.25in,20260824_121914,28,0,8,image_only,-5.0,,15.597999999999992,-20.597999999999992
Driver,high_5.25in,20260824_121914,28,0,8,two8,16.591262540135947,0.0029114476305718284,15.597999999999992,0.9932625401359552
Driver,high_5.25in,20260824_121914,28,0,8,reciprocal3_path_tdm,17.119437904575506,0.002296224735405472,15.597999999999992,1.5214379045755138
Driver,high_5.25in,20260824_121914,28,0,8,four4_no_path_tdm,14.140835537153237,0.005045523581432176,15.597999999999992,-1.4571644628467553
Driver,high_5.25in,20260824_121914,28,0,8,four4_path_tdm,14.14083553715324,0.00504552358142929,15.597999999999992,-1.4571644628467517
Driver,high_5.25in,20260824_121914,28,3,5,direct_only,16.34903690234744,0.005262883724720613,15.597999999999992,0.7510369023474475
Driver,high_5.25in,20260824_121914,28,3,5,image_only,-5.0,,15.597999999999992,-20.597999999999992
Driver,high_5.25in,20260824_121914,28,3,5,two8,16.6319895773342,0.004465822557921273,15.597999999999992,1.0339895773342072
Driver,high_5.25in,20260824_121914,28,3,5,reciprocal3_path_tdm,16.23224627250883,0.002926273907674526,15.597999999999992,0.6342462725088396
Driver,high_5.25in,20260824_121914,28,3,5,four4_no_path_tdm,13.981770075171823,0.007873053757526227,15.597999999999992,-1.6162299248281684
Driver,high_5.25in,20260824_121914,28,3,5,four4_path_tdm,13.981770075171772,0.007873053757526005,15.597999999999992,-1.61622992482822
Driver,high_5.25in,20260824_121914,29,0,6,direct_only,16.06916264637883,0.0020715660928531943,15.775999999999962,0.29316264637886924
Driver,high_5.25in,20260824_121914,29,0,6,image_only,-5.0,,15.775999999999962,-20.77599999999996
Driver,high_5.25in,20260824_121914,29,0,6,two8,-4.192336736142466,0.06391872517612684,15.775999999999962,-19.96833673614243
Driver,high_5.25in,20260824_121914,29,0,6,reciprocal3_path_tdm,24.437449719936502,0.0035405668990817762,15.775999999999962,8.66144971993654
Driver,high_5.25in,20260824_121914,29,0,6,four4_no_path_tdm,17.721474201284813,0.0016003901344920912,15.775999999999962,1.945474201284851
Driver,high_5.25in,20260824_121914,29,0,6,four4_path_tdm,17.721474201284472,0.00160039013449631,15.775999999999962,1.9454742012845099
Driver,high_5.25in,20260824_121914,29,3,3,direct_only,19.882414458866197,0.0010151447756634457,15.775999999999962,4.106414458866235
Driver,high_5.25in,20260824_121914,29,3,3,image_only,-5.0,,15.775999999999962,-20.77599999999996
Driver,high_5.25in,20260824_121914,29,3,3,two8,-2.4490806735696458,0.03387444866254519,15.775999999999962,-18.225080673569607
Driver,high_5.25in,20260824_121914,29,3,3,reciprocal3_path_tdm,22.545996614424766,0.006561668567252488,15.775999999999962,6.769996614424803
Driver,high_5.25in,20260824_121914,29,3,3,four4_no_path_tdm,17.338052993313326,0.0018289430811222473,15.775999999999962,1.5620529933133636
Driver,high_5.25in,20260824_121914,29,3,3,four4_path_tdm,17.33805299331378,0.0018289430811266882,15.775999999999962,1.5620529933138183
Driver,high_5.25in,20260824_121914,30,0,11,direct_only,10.077442935255956,0.0008575221924255749,12.73999999999998,-2.662557064744025
Driver,high_5.25in,20260824_121914,30,0,11,image_only,-5.0,,12.73999999999998,-17.73999999999998
Driver,high_5.25in,20260824_121914,30,0,11,two8,-3.651035079743558,0.110134899869469,12.73999999999998,-16.39103507974354
Driver,high_5.25in,20260824_121914,30,0,11,reciprocal3_path_tdm,-3.2463632939278826,0.444930340687286,12.73999999999998,-15.986363293927862
Driver,high_5.25in,20260824_121914,30,0,11,four4_no_path_tdm,23.68155944251414,0.004140531822568683,12.73999999999998,10.941559442514158
Driver,high_5.25in,20260824_121914,30,0,11,four4_path_tdm,23.681559442514075,0.004140531822569571,12.73999999999998,10.941559442514095
Driver,high_5.25in,20260824_121914,30,3,8,direct_only,9.870132527379525,0.001350831706865896,12.73999999999998,-2.869867472620456
Driver,high_5.25in,20260824_121914,30,3,8,image_only,-5.0,,12.73999999999998,-17.73999999999998
Driver,high_5.25in,20260824_121914,30,3,8,two8,10.317947606269191,0.002683110235234376,12.73999999999998,-2.422052393730789
Driver,high_5.25in,20260824_121914,30,3,8,reciprocal3_path_tdm,-1.0092274721113879,0.16065883158328242,12.73999999999998,-13.749227472111368
Driver,high_5.25in,20260824_121914,30,3,8,four4_no_path_tdm,23.92591160991184,0.005662358538117029,12.73999999999998,11.185911609911859
Driver,high_5.25in,20260824_121914,30,3,8,four4_path_tdm,23.925911609911818,0.005662358538113921,12.73999999999998,11.185911609911837
Driver,high_5.25in,20260824_121914,31,0,11,direct_only,3.4056904187805532,0.00227817910048822,16.595,-13.189309581219446
Driver,high_5.25in,20260824_121914,31,0,11,image_only,-5.0,,16.595,-21.595
Driver,high_5.25in,20260824_121914,31,0,11,two8,-3.442298351500871,0.06395688945704359,16.595,-20.03729835150087
Driver,high_5.25in,20260824_121914,31,0,11,reciprocal3_path_tdm,20.51392203065407,0.00048811388731295757,16.595,3.9189220306540697
Driver,high_5.25in,20260824_121914,31,0,11,four4_no_path_tdm,22.43094398968617,0.003079601449865743,16.595,5.835943989686172
Driver,high_5.25in,20260824_121914,31,0,11,four4_path_tdm,22.430943989686206,0.0030796014498633006,16.595,5.835943989686207
Driver,high_5.25in,20260824_121914,31,3,8,direct_only,3.6616692695357282,0.0032788520078601557,16.595,-12.93333073046427
Driver,high_5.25in,20260824_121914,31,3,8,image_only,-5.0,,16.595,-21.595
Driver,high_5.25in,20260824_121914,31,3,8,two8,-2.6190606178425426,0.3429983732116677,16.595,-19.21406061784254
Driver,high_5.25in,20260824_121914,31,3,8,reciprocal3_path_tdm,-2.5770107872734247,0.4309521405672321,16.595,-19.172010787273422
Driver,high_5.25in,20260824_121914,31,3,8,four4_no_path_tdm,22.837889832812685,0.009548026552480327,16.595,6.242889832812686
Driver,high_5.25in,20260824_121914,31,3,8,four4_path_tdm,22.837889832812767,0.00954802655248388,16.595,6.242889832812768
Driver,high_5.25in,20260824_121914,32,0,6,direct_only,9.150869367757107,0.006593738879132838,11.795999999999983,-2.6451306322428767
Driver,high_5.25in,20260824_121914,32,0,6,image_only,-5.0,,11.795999999999983,-16.795999999999985
Driver,high_5.25in,20260824_121914,32,0,6,two8,-4.221072019230358,0.07722530043188236,11.795999999999983,-16.01707201923034
Driver,high_5.25in,20260824_121914,32,0,6,reciprocal3_path_tdm,14.228795184942365,0.0008149442289455688,11.795999999999983,2.432795184942382
Driver,high_5.25in,20260824_121914,32,0,6,four4_no_path_tdm,3.153200754921727,0.00011405767235461717,11.795999999999983,-8.642799245078256
Driver,high_5.25in,20260824_121914,32,0,6,four4_path_tdm,3.1532007549350087,0.00011405767235306286,11.795999999999983,-8.642799245064975
Driver,high_5.25in,20260824_121914,33,0,11,direct_only,10.270518010760183,0.0011165641719478314,12.783999999999999,-2.513481989239816
Driver,high_5.25in,20260824_121914,33,0,11,image_only,-5.0,,12.783999999999999,-17.784
Driver,high_5.25in,20260824_121914,33,0,11,two8,-3.527592455997223,0.09596083399166522,12.783999999999999,-16.31159245599722
Driver,high_5.25in,20260824_121914,33,0,11,reciprocal3_path_tdm,-3.5346172038002828,0.279652204203237,12.783999999999999,-16.318617203800283
Driver,high_5.25in,20260824_121914,33,0,11,four4_no_path_tdm,22.39189518802311,0.001996425976324101,12.783999999999999,9.607895188023111
Driver,high_5.25in,20260824_121914,33,0,11,four4_path_tdm,22.391895188023074,0.0019964259763214365,12.783999999999999,9.607895188023075
Driver,high_5.25in,20260824_121914,33,3,8,direct_only,10.99191271589689,0.002130232192299575,12.783999999999999,-1.7920872841031095
Driver,high_5.25in,20260824_121914,33,3,8,image_only,-5.0,,12.783999999999999,-17.784
Driver,high_5.25in,20260824_121914,33,3,8,two8,11.896310885164095,0.0023828993544329213,12.783999999999999,-0.8876891148359043
Driver,high_5.25in,20260824_121914,33,3,8,reciprocal3_path_tdm,-0.8663646127087685,0.24460775912738253,12.783999999999999,-13.650364612708767
Driver,high_5.25in,20260824_121914,33,3,8,four4_no_path_tdm,22.564835526919854,0.004000981529387104,12.783999999999999,9.780835526919855
Driver,high_5.25in,20260824_121914,33,3,8,four4_path_tdm,22.564835526919925,0.004000981529386216,12.783999999999999,9.780835526919926
Driver,high_5.25in,20260824_121914,34,0,6,direct_only,19.693780509350873,0.007891803304698852,16.462999999999987,3.230780509350886
Driver,high_5.25in,20260824_121914,34,0,6,image_only,-5.0,,16.462999999999987,-21.462999999999987
Driver,high_5.25in,20260824_121914,34,0,6,two8,-3.6413049469141363,0.2741739071789431,16.462999999999987,-20.104304946914123
Driver,high_5.25in,20260824_121914,34,0,6,reciprocal3_path_tdm,20.737914242141574,0.007321204670095671,16.462999999999987,4.2749142421415876
Driver,high_5.25in,20260824_121914,34,0,6,four4_no_path_tdm,13.159627776922628,0.0007146338425290111,16.462999999999987,-3.303372223077359
Driver,high_5.25in,20260824_121914,34,0,6,four4_path_tdm,13.15962777692209,0.0007146338425321197,16.462999999999987,-3.303372223077897
Driver,high_5.25in,20260824_121914,34,3,3,direct_only,20.3995804151278,0.004164931978341002,16.462999999999987,3.936580415127814
Driver,high_5.25in,20260824_121914,34,3,3,image_only,-5.0,,16.462999999999987,-21.462999999999987
Driver,high_5.25in,20260824_121914,34,3,3,two8,20.85112591987413,0.0021621244188878563,16.462999999999987,4.388125919874142
Driver,high_5.25in,20260824_121914,34,3,3,reciprocal3_path_tdm,19.80499142765951,0.01388238777625217,16.462999999999987,3.341991427659522
Driver,high_5.25in,20260824_121914,34,3,3,four4_no_path_tdm,8.988123974336283,0.00452482617540384,16.462999999999987,-7.474876025663704
Driver,high_5.25in,20260824_121914,34,3,3,four4_path_tdm,8.988123974336267,0.004524826175402286,16.462999999999987,-7.47487602566372
Driver,high_5.25in,20260824_121914,35,0,10,direct_only,8.99478400742188,0.004351871740471025,0.765999999999999,8.228784007421881
Driver,high_5.25in,20260824_121914,35,0,10,image_only,-5.0,,0.765999999999999,-5.765999999999999
Driver,high_5.25in,20260824_121914,35,0,10,two8,-3.652181652386267,0.07731657864942831,0.765999999999999,-4.418181652386266
Driver,high_5.25in,20260824_121914,35,0,10,reciprocal3_path_tdm,-1.259187439874432,0.2699071058047915,0.765999999999999,-2.025187439874431
Driver,high_5.25in,20260824_121914,35,0,10,four4_no_path_tdm,22.92038721019116,0.002306824993487,0.765999999999999,22.15438721019116
Driver,high_5.25in,20260824_121914,35,0,10,four4_path_tdm,22.920387210191294,0.002306824993490997,0.765999999999999,22.154387210191295
Driver,high_5.25in,20260824_121914,35,3,7,direct_only,9.224104257731758,0.006301599430533766,0.765999999999999,8.45810425773176
Driver,high_5.25in,20260824_121914,35,3,7,image_only,-5.0,,0.765999999999999,-5.765999999999999
Driver,high_5.25in,20260824_121914,35,3,7,two8,10.140378782821672,0.0015567328486154608,0.765999999999999,9.374378782821674
Driver,high_5.25in,20260824_121914,35,3,7,reciprocal3_path_tdm,-1.2774212951896706,0.3576897687127235,0.765999999999999,-2.0434212951896695
Driver,high_5.25in,20260824_121914,35,3,7,four4_no_path_tdm,24.044659212654366,0.0036987624489173143,0.765999999999999,23.278659212654368
Driver,high_5.25in,20260824_121914,35,3,7,four4_path_tdm,24.04465921265439,0.0036987624489177584,0.765999999999999,23.278659212654393
Driver,high_5.25in,20260824_121914,36,0,11,direct_only,12.776694385763061,0.0023162604877104975,9.414999999999983,3.3616943857630783
Driver,high_5.25in,20260824_121914,36,0,11,image_only,-5.0,,9.414999999999983,-14.414999999999983
Driver,high_5.25in,20260824_121914,36,0,11,two8,12.542922258980646,0.0025103442190360648,9.414999999999983,3.1279222589806626
Driver,high_5.25in,20260824_121914,36,0,11,reciprocal3_path_tdm,18.477644823990886,0.0019319036776899168,9.414999999999983,9.062644823990903
Driver,high_5.25in,20260824_121914,36,0,11,four4_no_path_tdm,22.073297654958317,0.007831870262191565,9.414999999999983,12.658297654958334
Driver,high_5.25in,20260824_121914,36,0,11,four4_path_tdm,22.073297654958317,0.007831870262192897,9.414999999999983,12.658297654958334
Driver,high_5.25in,20260824_121914,36,3,8,direct_only,12.955846399844347,0.0035784787337690416,9.414999999999983,3.540846399844364
Driver,high_5.25in,20260824_121914,36,3,8,image_only,-5.0,,9.414999999999983,-14.414999999999983
Driver,high_5.25in,20260824_121914,36,3,8,two8,13.135153673472962,0.0034924931926303415,9.414999999999983,3.7201536734729785
Driver,high_5.25in,20260824_121914,36,3,8,reciprocal3_path_tdm,17.778600808014055,0.002536441133904166,9.414999999999983,8.363600808014072
Driver,high_5.25in,20260824_121914,36,3,8,four4_no_path_tdm,22.251288350897582,0.009305867903262488,9.414999999999983,12.836288350897599
Driver,high_5.25in,20260824_121914,36,3,8,four4_path_tdm,22.251288350897536,0.009305867903261156,9.414999999999983,12.836288350897552
Driver,high_5.25in,20260824_121914,37,0,7,direct_only,15.413590721838636,0.005553728641866096,13.74799999999998,1.6655907218386563
Driver,high_5.25in,20260824_121914,37,0,7,image_only,-5.0,,13.74799999999998,-18.74799999999998
Driver,high_5.25in,20260824_121914,37,0,7,two8,14.409727868353103,0.002424936339625816,13.74799999999998,0.6617278683531236
Driver,high_5.25in,20260824_121914,37,0,7,reciprocal3_path_tdm,17.705371954434717,0.0019559611166548585,13.74799999999998,3.9573719544347377
Driver,high_5.25in,20260824_121914,37,0,7,four4_no_path_tdm,13.110024606055356,0.0036337005066271466,13.74799999999998,-0.6379753939446235
Driver,high_5.25in,20260824_121914,37,0,7,four4_path_tdm,13.110024606055422,0.003633700506628035,13.74799999999998,-0.6379753939445578
Driver,high_5.25in,20260824_121914,37,3,4,direct_only,16.192040888189965,0.006507826448553189,13.74799999999998,2.444040888189985
Driver,high_5.25in,20260824_121914,37,3,4,image_only,-5.0,,13.74799999999998,-18.74799999999998
Driver,high_5.25in,20260824_121914,37,3,4,two8,15.456668598908475,0.0035003053228945813,13.74799999999998,1.7086685989084955
Driver,high_5.25in,20260824_121914,37,3,4,reciprocal3_path_tdm,15.94104252388193,0.0027802077954601767,13.74799999999998,2.1930425238819495
Driver,high_5.25in,20260824_121914,37,3,4,four4_no_path_tdm,11.506591989453648,0.00105414595573472,13.74799999999998,-2.2414080105463317
Driver,high_5.25in,20260824_121914,37,3,4,four4_path_tdm,11.506591989453108,0.0010541459557369404,13.74799999999998,-2.2414080105468717
Driver,high_5.25in,20260824_121914,38,0,11,direct_only,11.622849943219403,0.0013245743980357938,14.638999999999966,-3.016150056780562
Driver,high_5.25in,20260824_121914,38,0,11,image_only,-5.0,,14.638999999999966,-19.638999999999967
Driver,high_5.25in,20260824_121914,38,0,11,two8,10.94632643978516,0.001776833848113002,14.638999999999966,-3.6926735602148053
Driver,high_5.25in,20260824_121914,38,0,11,reciprocal3_path_tdm,21.149877052946497,0.0018891356837933415,14.638999999999966,6.510877052946531
Driver,high_5.25in,20260824_121914,38,0,11,four4_no_path_tdm,22.23307032783844,0.00440399470640962,14.638999999999966,7.594070327838475
Driver,high_5.25in,20260824_121914,38,0,11,four4_path_tdm,22.233070327838448,0.00440399470641073,14.638999999999966,7.594070327838482
Driver,high_5.25in,20260824_121914,38,3,8,direct_only,11.841257539482367,0.001893258486844629,14.638999999999966,-2.7977424605175987
Driver,high_5.25in,20260824_121914,38,3,8,image_only,-5.0,,14.638999999999966,-19.638999999999967
Driver,high_5.25in,20260824_121914,38,3,8,two8,11.184637816400683,0.002003965231257454,14.638999999999966,-3.454362183599283
Driver,high_5.25in,20260824_121914,38,3,8,reciprocal3_path_tdm,20.195630355718098,0.0010969213778491138,14.638999999999966,5.5566303557181325
Driver,high_5.25in,20260824_121914,38,3,8,four4_no_path_tdm,22.129236743480824,0.005900794596802594,14.638999999999966,7.4902367434808586
Driver,high_5.25in,20260824_121914,38,3,8,four4_path_tdm,22.12923674348087,0.005900794596803038,14.638999999999966,7.490236743480905
Driver,high_5.25in,20260824_121914,39,0,6,direct_only,10.391311632978988,0.007277103485634928,11.029000000000005,-0.6376883670210169
Driver,high_5.25in,20260824_121914,39,0,6,image_only,-5.0,,11.029000000000005,-16.029000000000003
Driver,high_5.25in,20260824_121914,39,0,6,two8,8.219731477905817,0.010859419549464233,11.029000000000005,-2.8092685220941878
Driver,high_5.25in,20260824_121914,39,0,6,reciprocal3_path_tdm,15.606556924794715,0.0012875722655301125,11.029000000000005,4.57755692479471
Driver,high_5.25in,20260824_121914,39,0,6,four4_no_path_tdm,13.868452390826297,0.005009490239390679,11.029000000000005,2.839452390826292
Driver,high_5.25in,20260824_121914,39,0,6,four4_path_tdm,13.86845239082648,0.005009490239394232,11.029000000000005,2.839452390826475
Driver,high_5.25in,20260824_121914,40,0,11,direct_only,11.775775471196082,0.0009341936053318678,10.312000000000001,1.4637754711960813
Driver,high_5.25in,20260824_121914,40,0,11,image_only,-5.0,,10.312000000000001,-15.312000000000001
Driver,high_5.25in,20260824_121914,40,0,11,two8,-3.2684556838243,0.03946785427269406,10.312000000000001,-13.580455683824301
Driver,high_5.25in,20260824_121914,40,0,11,reciprocal3_path_tdm,17.665080500639995,0.0013288557182649097,10.312000000000001,7.353080500639994
Driver,high_5.25in,20260824_121914,40,0,11,four4_no_path_tdm,20.093426807857657,0.0062426464765033,10.312000000000001,9.781426807857656
Driver,high_5.25in,20260824_121914,40,0,11,four4_path_tdm,20.09342680785777,0.006242646476500635,10.312000000000001,9.78142680785777
Driver,high_5.25in,20260824_121914,40,3,8,direct_only,12.397531317914826,0.0014042215948191217,10.312000000000001,2.0855313179148247
Driver,high_5.25in,20260824_121914,40,3,8,image_only,-5.0,,10.312000000000001,-15.312000000000001
Driver,high_5.25in,20260824_121914,40,3,8,two8,10.534784611158742,0.0012723412179478366,10.312000000000001,0.22278461115874038
Driver,high_5.25in,20260824_121914,40,3,8,reciprocal3_path_tdm,16.896174336514363,0.0068746139543931495,10.312000000000001,6.584174336514362
Driver,high_5.25in,20260824_121914,40,3,8,four4_no_path_tdm,20.208890396716015,0.008343024754585482,10.312000000000001,9.896890396716014
Driver,high_5.25in,20260824_121914,40,3,8,four4_path_tdm,20.208890396716086,0.008343024754583261,10.312000000000001,9.896890396716085
