dataset,shot,truth_path_deg,source,method,reference,parity,impact_shift_ms,frame_0,frame_1,path_deg,delta_phase_rad,cross_coherence
trackman_4ms,6,1.686,raw,loop_cross,tx1,all,-1.0,7,8,80.27802897734284,-1.678675101185282,0.3304097085205147
trackman_4ms,6,1.686,raw,loop_cross,tx1,all,-0.5,7,8,80.27802897734284,-1.678675101185282,0.3304097085205147
trackman_4ms,6,1.686,raw,loop_cross,tx1,all,0.0,7,8,80.27802897734284,-1.678675101185282,0.3304097085205147
trackman_4ms,6,1.686,raw,loop_cross,tx1,all,0.5,7,8,80.27802897734284,-1.678675101185282,0.3304097085205147
trackman_4ms,6,1.686,raw,loop_cross,tx1,all,1.0,7,8,80.27802897734284,-1.678675101185282,0.3304097085205147
trackman_4ms,6,1.686,raw,loop_cross,tx1,even,-1.0,7,8,81.47830403180716,-1.9194294849693825,0.31004585054138245
trackman_4ms,6,1.686,raw,loop_cross,tx1,even,-0.5,7,8,81.47830403180716,-1.9194294849693825,0.31004585054138245
trackman_4ms,6,1.686,raw,loop_cross,tx1,even,0.0,7,8,81.47830403180716,-1.9194294849693825,0.31004585054138245
trackman_4ms,6,1.686,raw,loop_cross,tx1,even,0.5,7,8,81.47830403180716,-1.9194294849693825,0.31004585054138245
trackman_4ms,6,1.686,raw,loop_cross,tx1,even,1.0,7,8,81.47830403180716,-1.9194294849693825,0.31004585054138245
trackman_4ms,6,1.686,raw,loop_cross,tx1,odd,-1.0,7,8,78.84203631628972,-1.4581189125323177,0.37164396334759286
trackman_4ms,6,1.686,raw,loop_cross,tx1,odd,-0.5,7,8,78.84203631628972,-1.4581189125323177,0.37164396334759286
trackman_4ms,6,1.686,raw,loop_cross,tx1,odd,0.0,7,8,78.84203631628972,-1.4581189125323177,0.37164396334759286
trackman_4ms,6,1.686,raw,loop_cross,tx1,odd,0.5,7,8,78.84203631628972,-1.4581189125323177,0.37164396334759286
trackman_4ms,6,1.686,raw,loop_cross,tx1,odd,1.0,7,8,78.84203631628972,-1.4581189125323177,0.37164396334759286
trackman_4ms,6,1.686,raw,loop_cross,tx3,all,-1.0,7,8,-83.38300390877127,2.4792451282687766,0.40012626028511605
trackman_4ms,6,1.686,raw,loop_cross,tx3,all,-0.5,7,8,-83.38300390877127,2.4792451282687766,0.40012626028511605
trackman_4ms,6,1.686,raw,loop_cross,tx3,all,0.0,7,8,-83.38300390877127,2.4792451282687766,0.40012626028511605
trackman_4ms,6,1.686,raw,loop_cross,tx3,all,0.5,7,8,-83.38300390877127,2.4792451282687766,0.40012626028511605
trackman_4ms,6,1.686,raw,loop_cross,tx3,all,1.0,7,8,-83.38300390877127,2.4792451282687766,0.40012626028511605
trackman_4ms,6,1.686,raw,loop_cross,tx3,even,-1.0,7,8,-83.49386639256215,2.521865499563843,0.5179029305748332
trackman_4ms,6,1.686,raw,loop_cross,tx3,even,-0.5,7,8,-83.49386639256215,2.521865499563843,0.5179029305748332
trackman_4ms,6,1.686,raw,loop_cross,tx3,even,0.0,7,8,-83.49386639256215,2.521865499563843,0.5179029305748332
trackman_4ms,6,1.686,raw,loop_cross,tx3,even,0.5,7,8,-83.49386639256215,2.521865499563843,0.5179029305748332
trackman_4ms,6,1.686,raw,loop_cross,tx3,even,1.0,7,8,-83.49386639256215,2.521865499563843,0.5179029305748332
trackman_4ms,6,1.686,raw,loop_cross,tx3,odd,-1.0,7,8,-83.13353785098181,2.3883502788254316,0.27064696706662483
trackman_4ms,6,1.686,raw,loop_cross,tx3,odd,-0.5,7,8,-83.13353785098181,2.3883502788254316,0.27064696706662483
trackman_4ms,6,1.686,raw,loop_cross,tx3,odd,0.0,7,8,-83.13353785098181,2.3883502788254316,0.27064696706662483
trackman_4ms,6,1.686,raw,loop_cross,tx3,odd,0.5,7,8,-83.13353785098181,2.3883502788254316,0.27064696706662483
trackman_4ms,6,1.686,raw,loop_cross,tx3,odd,1.0,7,8,-83.13353785098181,2.3883502788254316,0.27064696706662483
trackman_4ms,6,1.686,raw,loop_cross,fused,all,-1.0,7,8,84.23047206634007,-2.8464628392517977,0.17808845558818273
trackman_4ms,6,1.686,raw,loop_cross,fused,all,-0.5,7,8,84.23047206634007,-2.8464628392517977,0.17808845558818273
trackman_4ms,6,1.686,raw,loop_cross,fused,all,0.0,7,8,84.23047206634007,-2.8464628392517977,0.17808845558818273
trackman_4ms,6,1.686,raw,loop_cross,fused,all,0.5,7,8,84.23047206634007,-2.8464628392517977,0.17808845558818273
trackman_4ms,6,1.686,raw,loop_cross,fused,all,1.0,7,8,84.23047206634007,-2.8464628392517977,0.17808845558818273
trackman_4ms,6,1.686,raw,loop_cross,fused,even,-1.0,7,8,84.73479527953921,-3.120879590870018,0.25844769922170135
trackman_4ms,6,1.686,raw,loop_cross,fused,even,-0.5,7,8,84.73479527953921,-3.120879590870018,0.25844769922170135
trackman_4ms,6,1.686,raw,loop_cross,fused,even,0.0,7,8,84.73479527953921,-3.120879590870018,0.25844769922170135
trackman_4ms,6,1.686,raw,loop_cross,fused,even,0.5,7,8,84.73479527953921,-3.120879590870018,0.25844769922170135
trackman_4ms,6,1.686,raw,loop_cross,fused,even,1.0,7,8,84.73479527953921,-3.120879590870018,0.25844769922170135
trackman_4ms,6,1.686,raw,loop_cross,fused,odd,-1.0,7,8,82.50732409511627,-2.1867274174050726,0.12641319854982327
trackman_4ms,6,1.686,raw,loop_cross,fused,odd,-0.5,7,8,82.50732409511627,-2.1867274174050726,0.12641319854982327
trackman_4ms,6,1.686,raw,loop_cross,fused,odd,0.0,7,8,82.50732409511627,-2.1867274174050726,0.12641319854982327
trackman_4ms,6,1.686,raw,loop_cross,fused,odd,0.5,7,8,82.50732409511627,-2.1867274174050726,0.12641319854982327
trackman_4ms,6,1.686,raw,loop_cross,fused,odd,1.0,7,8,82.50732409511627,-2.1867274174050726,0.12641319854982327
trackman_4ms,6,1.686,raw,coherent_cross,tx1,all,-1.0,7,8,81.62242011222496,-1.9529364817392496,0.9999999999999999
trackman_4ms,6,1.686,raw,coherent_cross,tx1,all,-0.5,7,8,81.62242011222496,-1.9529364817392496,0.9999999999999999
trackman_4ms,6,1.686,raw,coherent_cross,tx1,all,0.0,7,8,81.62242011222496,-1.9529364817392496,0.9999999999999999
trackman_4ms,6,1.686,raw,coherent_cross,tx1,all,0.5,7,8,81.62242011222496,-1.9529364817392496,0.9999999999999999
trackman_4ms,6,1.686,raw,coherent_cross,tx1,all,1.0,7,8,81.62242011222496,-1.9529364817392496,0.9999999999999999
trackman_4ms,6,1.686,raw,coherent_cross,tx1,even,-1.0,7,8,83.13664434897868,-2.389441713951875,1.0
trackman_4ms,6,1.686,raw,coherent_cross,tx1,even,-0.5,7,8,83.13664434897868,-2.389441713951875,1.0
trackman_4ms,6,1.686,raw,coherent_cross,tx1,even,0.0,7,8,83.13664434897868,-2.389441713951875,1.0
trackman_4ms,6,1.686,raw,coherent_cross,tx1,even,0.5,7,8,83.13664434897868,-2.389441713951875,1.0
trackman_4ms,6,1.686,raw,coherent_cross,tx1,even,1.0,7,8,83.13664434897868,-2.389441713951875,1.0
trackman_4ms,6,1.686,raw,coherent_cross,tx1,odd,-1.0,7,8,80.14222361412115,-1.6550957876790502,1.0
trackman_4ms,6,1.686,raw,coherent_cross,tx1,odd,-0.5,7,8,80.14222361412115,-1.6550957876790502,1.0
trackman_4ms,6,1.686,raw,coherent_cross,tx1,odd,0.0,7,8,80.14222361412115,-1.6550957876790502,1.0
trackman_4ms,6,1.686,raw,coherent_cross,tx1,odd,0.5,7,8,80.14222361412115,-1.6550957876790502,1.0
trackman_4ms,6,1.686,raw,coherent_cross,tx1,odd,1.0,7,8,80.14222361412115,-1.6550957876790502,1.0
trackman_4ms,6,1.686,raw,coherent_cross,tx3,all,-1.0,7,8,-83.3755257752378,2.4764213410737868,1.0
trackman_4ms,6,1.686,raw,coherent_cross,tx3,all,-0.5,7,8,-83.3755257752378,2.4764213410737868,1.0
trackman_4ms,6,1.686,raw,coherent_cross,tx3,all,0.0,7,8,-83.3755257752378,2.4764213410737868,1.0
trackman_4ms,6,1.686,raw,coherent_cross,tx3,all,0.5,7,8,-83.3755257752378,2.4764213410737868,1.0
trackman_4ms,6,1.686,raw,coherent_cross,tx3,all,1.0,7,8,-83.3755257752378,2.4764213410737868,1.0
trackman_4ms,6,1.686,raw,coherent_cross,tx3,even,-1.0,7,8,-83.43039932692112,2.4972907364863577,1.0
trackman_4ms,6,1.686,raw,coherent_cross,tx3,even,-0.5,7,8,-83.43039932692112,2.4972907364863577,1.0
trackman_4ms,6,1.686,raw,coherent_cross,tx3,even,0.0,7,8,-83.43039932692112,2.4972907364863577,1.0
trackman_4ms,6,1.686,raw,coherent_cross,tx3,even,0.5,7,8,-83.43039932692112,2.4972907364863577,1.0
trackman_4ms,6,1.686,raw,coherent_cross,tx3,even,1.0,7,8,-83.43039932692112,2.4972907364863577,1.0
trackman_4ms,6,1.686,raw,coherent_cross,tx3,odd,-1.0,7,8,-83.0086348059496,2.3452665592751627,1.0000000000000002
trackman_4ms,6,1.686,raw,coherent_cross,tx3,odd,-0.5,7,8,-83.0086348059496,2.3452665592751627,1.0000000000000002
trackman_4ms,6,1.686,raw,coherent_cross,tx3,odd,0.0,7,8,-83.0086348059496,2.3452665592751627,1.0000000000000002
trackman_4ms,6,1.686,raw,coherent_cross,tx3,odd,0.5,7,8,-83.0086348059496,2.3452665592751627,1.0000000000000002
trackman_4ms,6,1.686,raw,coherent_cross,tx3,odd,1.0,7,8,-83.0086348059496,2.3452665592751627,1.0000000000000002
trackman_4ms,6,1.686,raw,coherent_cross,fused,all,-1.0,7,8,84.11263235602316,-2.7890979945391634,0.602785695394974
trackman_4ms,6,1.686,raw,coherent_cross,fused,all,-0.5,7,8,84.11263235602316,-2.7890979945391634,0.602785695394974
trackman_4ms,6,1.686,raw,coherent_cross,fused,all,0.0,7,8,84.11263235602316,-2.7890979945391634,0.602785695394974
trackman_4ms,6,1.686,raw,coherent_cross,fused,all,0.5,7,8,84.11263235602316,-2.7890979945391634,0.602785695394974
trackman_4ms,6,1.686,raw,coherent_cross,fused,all,1.0,7,8,84.11263235602316,-2.7890979945391634,0.602785695394974
trackman_4ms,6,1.686,raw,coherent_cross,fused,even,-1.0,7,8,84.62980504831975,-3.0595163907277247,0.7662871793043607
trackman_4ms,6,1.686,raw,coherent_cross,fused,even,-0.5,7,8,84.62980504831975,-3.0595163907277247,0.7662871793043607
trackman_4ms,6,1.686,raw,coherent_cross,fused,even,0.0,7,8,84.62980504831975,-3.0595163907277247,0.7662871793043607
trackman_4ms,6,1.686,raw,coherent_cross,fused,even,0.5,7,8,84.62980504831975,-3.0595163907277247,0.7662871793043607
trackman_4ms,6,1.686,raw,coherent_cross,fused,even,1.0,7,8,84.62980504831975,-3.0595163907277247,0.7662871793043607
trackman_4ms,6,1.686,raw,coherent_cross,fused,odd,-1.0,7,8,83.79990776828663,-2.647397886557435,0.420982889822566
trackman_4ms,6,1.686,raw,coherent_cross,fused,odd,-0.5,7,8,83.79990776828663,-2.647397886557435,0.420982889822566
trackman_4ms,6,1.686,raw,coherent_cross,fused,odd,0.0,7,8,83.79990776828663,-2.647397886557435,0.420982889822566
trackman_4ms,6,1.686,raw,coherent_cross,fused,odd,0.5,7,8,83.79990776828663,-2.647397886557435,0.420982889822566
trackman_4ms,6,1.686,raw,coherent_cross,fused,odd,1.0,7,8,83.79990776828663,-2.647397886557435,0.420982889822566
trackman_4ms,6,1.686,mti,loop_cross,tx1,all,-1.0,7,8,-52.6515537883727,0.37687240944973766,0.7790727026815644
trackman_4ms,6,1.686,mti,loop_cross,tx1,all,-0.5,7,8,-52.6515537883727,0.37687240944973766,0.7790727026815644
trackman_4ms,6,1.686,mti,loop_cross,tx1,all,0.0,7,8,-52.6515537883727,0.37687240944973766,0.7790727026815644
trackman_4ms,6,1.686,mti,loop_cross,tx1,all,0.5,7,8,-52.6515537883727,0.37687240944973766,0.7790727026815644
trackman_4ms,6,1.686,mti,loop_cross,tx1,all,1.0,7,8,-52.6515537883727,0.37687240944973766,0.7790727026815644
trackman_4ms,6,1.686,mti,loop_cross,tx1,even,-1.0,7,8,-55.20061883330813,0.4138171130586263,0.8537774185597793
trackman_4ms,6,1.686,mti,loop_cross,tx1,even,-0.5,7,8,-55.20061883330813,0.4138171130586263,0.8537774185597793
trackman_4ms,6,1.686,mti,loop_cross,tx1,even,0.0,7,8,-55.20061883330813,0.4138171130586263,0.8537774185597793
trackman_4ms,6,1.686,mti,loop_cross,tx1,even,0.5,7,8,-55.20061883330813,0.4138171130586263,0.8537774185597793
trackman_4ms,6,1.686,mti,loop_cross,tx1,even,1.0,7,8,-55.20061883330813,0.4138171130586263,0.8537774185597793
trackman_4ms,6,1.686,mti,loop_cross,tx1,odd,-1.0,7,8,-49.20743789926261,0.3332796184454864,0.7072963306563246
trackman_4ms,6,1.686,mti,loop_cross,tx1,odd,-0.5,7,8,-49.20743789926261,0.3332796184454864,0.7072963306563246
trackman_4ms,6,1.686,mti,loop_cross,tx1,odd,0.0,7,8,-49.20743789926261,0.3332796184454864,0.7072963306563246
trackman_4ms,6,1.686,mti,loop_cross,tx1,odd,0.5,7,8,-49.20743789926261,0.3332796184454864,0.7072963306563246
trackman_4ms,6,1.686,mti,loop_cross,tx1,odd,1.0,7,8,-49.20743789926261,0.3332796184454864,0.7072963306563246
trackman_4ms,6,1.686,mti,loop_cross,tx3,all,-1.0,7,8,53.33897489633186,-0.3863983134318612,0.7780762427655753
trackman_4ms,6,1.686,mti,loop_cross,tx3,all,-0.5,7,8,53.33897489633186,-0.3863983134318612,0.7780762427655753
trackman_4ms,6,1.686,mti,loop_cross,tx3,all,0.0,7,8,53.33897489633186,-0.3863983134318612,0.7780762427655753
trackman_4ms,6,1.686,mti,loop_cross,tx3,all,0.5,7,8,53.33897489633186,-0.3863983134318612,0.7780762427655753
trackman_4ms,6,1.686,mti,loop_cross,tx3,all,1.0,7,8,53.33897489633186,-0.3863983134318612,0.7780762427655753
trackman_4ms,6,1.686,mti,loop_cross,tx3,even,-1.0,7,8,31.69802999726944,-0.17761404055407076,0.8673005391285373
trackman_4ms,6,1.686,mti,loop_cross,tx3,even,-0.5,7,8,31.69802999726944,-0.17761404055407076,0.8673005391285373
trackman_4ms,6,1.686,mti,loop_cross,tx3,even,0.0,7,8,31.69802999726944,-0.17761404055407076,0.8673005391285373
trackman_4ms,6,1.686,mti,loop_cross,tx3,even,0.5,7,8,31.69802999726944,-0.17761404055407076,0.8673005391285373
trackman_4ms,6,1.686,mti,loop_cross,tx3,even,1.0,7,8,31.69802999726944,-0.17761404055407076,0.8673005391285373
trackman_4ms,6,1.686,mti,loop_cross,tx3,odd,-1.0,7,8,64.64882324884357,-0.6070265357190602,0.7330309149360108
trackman_4ms,6,1.686,mti,loop_cross,tx3,odd,-0.5,7,8,64.64882324884357,-0.6070265357190602,0.7330309149360108
trackman_4ms,6,1.686,mti,loop_cross,tx3,odd,0.0,7,8,64.64882324884357,-0.6070265357190602,0.7330309149360108
trackman_4ms,6,1.686,mti,loop_cross,tx3,odd,0.5,7,8,64.64882324884357,-0.6070265357190602,0.7330309149360108
trackman_4ms,6,1.686,mti,loop_cross,tx3,odd,1.0,7,8,64.64882324884357,-0.6070265357190602,0.7330309149360108
trackman_4ms,6,1.686,mti,loop_cross,fused,all,-1.0,7,8,-0.17119344545522155,0.0008593307414385495,0.7225789401337411
trackman_4ms,6,1.686,mti,loop_cross,fused,all,-0.5,7,8,-0.17119344545522155,0.0008593307414385495,0.7225789401337411
trackman_4ms,6,1.686,mti,loop_cross,fused,all,0.0,7,8,-0.17119344545522155,0.0008593307414385495,0.7225789401337411
trackman_4ms,6,1.686,mti,loop_cross,fused,all,0.5,7,8,-0.17119344545522155,0.0008593307414385495,0.7225789401337411
trackman_4ms,6,1.686,mti,loop_cross,fused,all,1.0,7,8,-0.17119344545522155,0.0008593307414385495,0.7225789401337411
trackman_4ms,6,1.686,mti,loop_cross,fused,even,-1.0,7,8,-23.81666641973038,0.12694831731968897,0.8229798998867027
trackman_4ms,6,1.686,mti,loop_cross,fused,even,-0.5,7,8,-23.81666641973038,0.12694831731968897,0.8229798998867027
trackman_4ms,6,1.686,mti,loop_cross,fused,even,0.0,7,8,-23.81666641973038,0.12694831731968897,0.8229798998867027
trackman_4ms,6,1.686,mti,loop_cross,fused,even,0.5,7,8,-23.81666641973038,0.12694831731968897,0.8229798998867027
trackman_4ms,6,1.686,mti,loop_cross,fused,even,1.0,7,8,-23.81666641973038,0.12694831731968897,0.8229798998867027
trackman_4ms,6,1.686,mti,loop_cross,fused,odd,-1.0,7,8,27.595154817704678,-0.15032464413234656,0.642181964681392
trackman_4ms,6,1.686,mti,loop_cross,fused,odd,-0.5,7,8,27.595154817704678,-0.15032464413234656,0.642181964681392
trackman_4ms,6,1.686,mti,loop_cross,fused,odd,0.0,7,8,27.595154817704678,-0.15032464413234656,0.642181964681392
trackman_4ms,6,1.686,mti,loop_cross,fused,odd,0.5,7,8,27.595154817704678,-0.15032464413234656,0.642181964681392
trackman_4ms,6,1.686,mti,loop_cross,fused,odd,1.0,7,8,27.595154817704678,-0.15032464413234656,0.642181964681392
trackman_4ms,6,1.686,mti,coherent_cross,tx1,all,-1.0,7,8,-39.532929244848035,0.23735998776261752,1.0000000000000002
trackman_4ms,6,1.686,mti,coherent_cross,tx1,all,-0.5,7,8,-39.532929244848035,0.23735998776261752,1.0000000000000002
trackman_4ms,6,1.686,mti,coherent_cross,tx1,all,0.0,7,8,-39.532929244848035,0.23735998776261752,1.0000000000000002
trackman_4ms,6,1.686,mti,coherent_cross,tx1,all,0.5,7,8,-39.532929244848035,0.23735998776261752,1.0000000000000002
trackman_4ms,6,1.686,mti,coherent_cross,tx1,all,1.0,7,8,-39.532929244848035,0.23735998776261752,1.0000000000000002
trackman_4ms,6,1.686,mti,coherent_cross,tx1,even,-1.0,7,8,-59.12928238657287,0.48110868748250507,0.9999999999999999
trackman_4ms,6,1.686,mti,coherent_cross,tx1,even,-0.5,7,8,-59.12928238657287,0.48110868748250507,0.9999999999999999
trackman_4ms,6,1.686,mti,coherent_cross,tx1,even,0.0,7,8,-59.12928238657287,0.48110868748250507,0.9999999999999999
trackman_4ms,6,1.686,mti,coherent_cross,tx1,even,0.5,7,8,-59.12928238657287,0.48110868748250507,0.9999999999999999
trackman_4ms,6,1.686,mti,coherent_cross,tx1,even,1.0,7,8,-59.12928238657287,0.48110868748250507,0.9999999999999999
trackman_4ms,6,1.686,mti,coherent_cross,tx1,odd,-1.0,7,8,-31.25972468903969,0.17458904016878354,1.0
trackman_4ms,6,1.686,mti,coherent_cross,tx1,odd,-0.5,7,8,-31.25972468903969,0.17458904016878354,1.0
trackman_4ms,6,1.686,mti,coherent_cross,tx1,odd,0.0,7,8,-31.25972468903969,0.17458904016878354,1.0
trackman_4ms,6,1.686,mti,coherent_cross,tx1,odd,0.5,7,8,-31.25972468903969,0.17458904016878354,1.0
trackman_4ms,6,1.686,mti,coherent_cross,tx1,odd,1.0,7,8,-31.25972468903969,0.17458904016878354,1.0
trackman_4ms,6,1.686,mti,coherent_cross,tx3,all,-1.0,7,8,39.445981739413476,-0.2366271877894214,1.0
trackman_4ms,6,1.686,mti,coherent_cross,tx3,all,-0.5,7,8,39.445981739413476,-0.2366271877894214,1.0
trackman_4ms,6,1.686,mti,coherent_cross,tx3,all,0.0,7,8,39.445981739413476,-0.2366271877894214,1.0
trackman_4ms,6,1.686,mti,coherent_cross,tx3,all,0.5,7,8,39.445981739413476,-0.2366271877894214,1.0
trackman_4ms,6,1.686,mti,coherent_cross,tx3,all,1.0,7,8,39.445981739413476,-0.2366271877894214,1.0
trackman_4ms,6,1.686,mti,coherent_cross,tx3,even,-1.0,7,8,18.24244166034364,-0.09479543270580114,1.0
trackman_4ms,6,1.686,mti,coherent_cross,tx3,even,-0.5,7,8,18.24244166034364,-0.09479543270580114,1.0
trackman_4ms,6,1.686,mti,coherent_cross,tx3,even,0.0,7,8,18.24244166034364,-0.09479543270580114,1.0
trackman_4ms,6,1.686,mti,coherent_cross,tx3,even,0.5,7,8,18.24244166034364,-0.09479543270580114,1.0
trackman_4ms,6,1.686,mti,coherent_cross,tx3,even,1.0,7,8,18.24244166034364,-0.09479543270580114,1.0
trackman_4ms,6,1.686,mti,coherent_cross,tx3,odd,-1.0,7,8,58.98079835656627,-0.47828987976232856,1.0000000000000002
trackman_4ms,6,1.686,mti,coherent_cross,tx3,odd,-0.5,7,8,58.98079835656627,-0.47828987976232856,1.0000000000000002
trackman_4ms,6,1.686,mti,coherent_cross,tx3,odd,0.0,7,8,58.98079835656627,-0.47828987976232856,1.0000000000000002
trackman_4ms,6,1.686,mti,coherent_cross,tx3,odd,0.5,7,8,58.98079835656627,-0.47828987976232856,1.0000000000000002
trackman_4ms,6,1.686,mti,coherent_cross,tx3,odd,1.0,7,8,58.98079835656627,-0.47828987976232856,1.0000000000000002
trackman_4ms,6,1.686,mti,coherent_cross,fused,all,-1.0,7,8,4.226129675040068,-0.021252172845955354,0.9722754099118385
trackman_4ms,6,1.686,mti,coherent_cross,fused,all,-0.5,7,8,4.226129675040068,-0.021252172845955354,0.9722754099118385
trackman_4ms,6,1.686,mti,coherent_cross,fused,all,0.0,7,8,4.226129675040068,-0.021252172845955354,0.9722754099118385
trackman_4ms,6,1.686,mti,coherent_cross,fused,all,0.5,7,8,4.226129675040068,-0.021252172845955354,0.9722754099118385
trackman_4ms,6,1.686,mti,coherent_cross,fused,all,1.0,7,8,4.226129675040068,-0.021252172845955354,0.9722754099118385
trackman_4ms,6,1.686,mti,coherent_cross,fused,even,-1.0,7,8,-30.719677481848212,0.1709002380391833,0.9590650037292178
trackman_4ms,6,1.686,mti,coherent_cross,fused,even,-0.5,7,8,-30.719677481848212,0.1709002380391833,0.9590650037292178
trackman_4ms,6,1.686,mti,coherent_cross,fused,even,0.0,7,8,-30.719677481848212,0.1709002380391833,0.9590650037292178
trackman_4ms,6,1.686,mti,coherent_cross,fused,even,0.5,7,8,-30.719677481848212,0.1709002380391833,0.9590650037292178
trackman_4ms,6,1.686,mti,coherent_cross,fused,even,1.0,7,8,-30.719677481848212,0.1709002380391833,0.9590650037292178
trackman_4ms,6,1.686,mti,coherent_cross,fused,odd,-1.0,7,8,33.668973901515876,-0.19158293483648456,0.9479382562893391
trackman_4ms,6,1.686,mti,coherent_cross,fused,odd,-0.5,7,8,33.668973901515876,-0.19158293483648456,0.9479382562893391
trackman_4ms,6,1.686,mti,coherent_cross,fused,odd,0.0,7,8,33.668973901515876,-0.19158293483648456,0.9479382562893391
trackman_4ms,6,1.686,mti,coherent_cross,fused,odd,0.5,7,8,33.668973901515876,-0.19158293483648456,0.9479382562893391
trackman_4ms,6,1.686,mti,coherent_cross,fused,odd,1.0,7,8,33.668973901515876,-0.19158293483648456,0.9479382562893391
trackman_4ms,8,1.849,raw,loop_cross,tx1,all,-1.0,7,8,-83.25159203392938,2.172941334274006,0.19537978429593372
trackman_4ms,8,1.849,raw,loop_cross,tx1,all,-0.5,7,8,-83.25159203392938,2.172941334274006,0.19537978429593372
trackman_4ms,8,1.849,raw,loop_cross,tx1,all,0.0,7,8,-83.25159203392938,2.172941334274006,0.19537978429593372
trackman_4ms,8,1.849,raw,loop_cross,tx1,all,0.5,7,8,-83.25159203392938,2.172941334274006,0.19537978429593372
trackman_4ms,8,1.849,raw,loop_cross,tx1,all,1.0,7,8,-83.25159203392938,2.172941334274006,0.19537978429593372
trackman_4ms,8,1.849,raw,loop_cross,tx1,even,-1.0,7,8,-83.2173986796985,2.1618845819320502,0.27542741478758825
trackman_4ms,8,1.849,raw,loop_cross,tx1,even,-0.5,7,8,-83.2173986796985,2.1618845819320502,0.27542741478758825
trackman_4ms,8,1.849,raw,loop_cross,tx1,even,0.0,7,8,-83.2173986796985,2.1618845819320502,0.27542741478758825
trackman_4ms,8,1.849,raw,loop_cross,tx1,even,0.5,7,8,-83.2173986796985,2.1618845819320502,0.27542741478758825
trackman_4ms,8,1.849,raw,loop_cross,tx1,even,1.0,7,8,-83.2173986796985,2.1618845819320502,0.27542741478758825
trackman_4ms,8,1.849,raw,loop_cross,tx1,odd,-1.0,7,8,-83.34712221018793,2.204431472010332,0.10694376464624034
trackman_4ms,8,1.849,raw,loop_cross,tx1,odd,-0.5,7,8,-83.34712221018793,2.204431472010332,0.10694376464624034
trackman_4ms,8,1.849,raw,loop_cross,tx1,odd,0.0,7,8,-83.34712221018793,2.204431472010332,0.10694376464624034
trackman_4ms,8,1.849,raw,loop_cross,tx1,odd,0.5,7,8,-83.34712221018793,2.204431472010332,0.10694376464624034
trackman_4ms,8,1.849,raw,loop_cross,tx1,odd,1.0,7,8,-83.34712221018793,2.204431472010332,0.10694376464624034
trackman_4ms,8,1.849,raw,loop_cross,tx3,all,-1.0,7,8,-79.2340723367067,1.3522561258433579,0.6358679293413345
trackman_4ms,8,1.849,raw,loop_cross,tx3,all,-0.5,7,8,-79.2340723367067,1.3522561258433579,0.6358679293413345
trackman_4ms,8,1.849,raw,loop_cross,tx3,all,0.0,7,8,-79.2340723367067,1.3522561258433579,0.6358679293413345
trackman_4ms,8,1.849,raw,loop_cross,tx3,all,0.5,7,8,-79.2340723367067,1.3522561258433579,0.6358679293413345
trackman_4ms,8,1.849,raw,loop_cross,tx3,all,1.0,7,8,-79.2340723367067,1.3522561258433579,0.6358679293413345
trackman_4ms,8,1.849,raw,loop_cross,tx3,even,-1.0,7,8,-78.49853528125998,1.2636361998085859,0.6980644997089789
trackman_4ms,8,1.849,raw,loop_cross,tx3,even,-0.5,7,8,-78.49853528125998,1.2636361998085859,0.6980644997089789
trackman_4ms,8,1.849,raw,loop_cross,tx3,even,0.0,7,8,-78.49853528125998,1.2636361998085859,0.6980644997089789
trackman_4ms,8,1.849,raw,loop_cross,tx3,even,0.5,7,8,-78.49853528125998,1.2636361998085859,0.6980644997089789
trackman_4ms,8,1.849,raw,loop_cross,tx3,even,1.0,7,8,-78.49853528125998,1.2636361998085859,0.6980644997089789
trackman_4ms,8,1.849,raw,loop_cross,tx3,odd,-1.0,7,8,-80.20655766434359,1.48960177578849,0.5665523019033986
trackman_4ms,8,1.849,raw,loop_cross,tx3,odd,-0.5,7,8,-80.20655766434359,1.48960177578849,0.5665523019033986
trackman_4ms,8,1.849,raw,loop_cross,tx3,odd,0.0,7,8,-80.20655766434359,1.48960177578849,0.5665523019033986
trackman_4ms,8,1.849,raw,loop_cross,tx3,odd,0.5,7,8,-80.20655766434359,1.48960177578849,0.5665523019033986
trackman_4ms,8,1.849,raw,loop_cross,tx3,odd,1.0,7,8,-80.20655766434359,1.48960177578849,0.5665523019033986
trackman_4ms,8,1.849,raw,loop_cross,fused,all,-1.0,7,8,-80.29215280670215,1.502993963256503,0.41923261256766187
trackman_4ms,8,1.849,raw,loop_cross,fused,all,-0.5,7,8,-80.29215280670215,1.502993963256503,0.41923261256766187
trackman_4ms,8,1.849,raw,loop_cross,fused,all,0.0,7,8,-80.29215280670215,1.502993963256503,0.41923261256766187
trackman_4ms,8,1.849,raw,loop_cross,fused,all,0.5,7,8,-80.29215280670215,1.502993963256503,0.41923261256766187
trackman_4ms,8,1.849,raw,loop_cross,fused,all,1.0,7,8,-80.29215280670215,1.502993963256503,0.41923261256766187
trackman_4ms,8,1.849,raw,loop_cross,fused,even,-1.0,7,8,-79.97865083794987,1.455048268573372,0.4825467946186475
trackman_4ms,8,1.849,raw,loop_cross,fused,even,-0.5,7,8,-79.97865083794987,1.455048268573372,0.4825467946186475
trackman_4ms,8,1.849,raw,loop_cross,fused,even,0.0,7,8,-79.97865083794987,1.455048268573372,0.4825467946186475
trackman_4ms,8,1.849,raw,loop_cross,fused,even,0.5,7,8,-79.97865083794987,1.455048268573372,0.4825467946186475
trackman_4ms,8,1.849,raw,loop_cross,fused,even,1.0,7,8,-79.97865083794987,1.455048268573372,0.4825467946186475
trackman_4ms,8,1.849,raw,loop_cross,fused,odd,-1.0,7,8,-80.77103027914865,1.5824573138893567,0.3458286454225673
trackman_4ms,8,1.849,raw,loop_cross,fused,odd,-0.5,7,8,-80.77103027914865,1.5824573138893567,0.3458286454225673
trackman_4ms,8,1.849,raw,loop_cross,fused,odd,0.0,7,8,-80.77103027914865,1.5824573138893567,0.3458286454225673
trackman_4ms,8,1.849,raw,loop_cross,fused,odd,0.5,7,8,-80.77103027914865,1.5824573138893567,0.3458286454225673
trackman_4ms,8,1.849,raw,loop_cross,fused,odd,1.0,7,8,-80.77103027914865,1.5824573138893567,0.3458286454225673
trackman_4ms,8,1.849,raw,coherent_cross,tx1,all,-1.0,7,8,-18.73878207626234,0.08722547071805953,1.0
trackman_4ms,8,1.849,raw,coherent_cross,tx1,all,-0.5,7,8,-18.73878207626234,0.08722547071805953,1.0
trackman_4ms,8,1.849,raw,coherent_cross,tx1,all,0.0,7,8,-18.73878207626234,0.08722547071805953,1.0
trackman_4ms,8,1.849,raw,coherent_cross,tx1,all,0.5,7,8,-18.73878207626234,0.08722547071805953,1.0
trackman_4ms,8,1.849,raw,coherent_cross,tx1,all,1.0,7,8,-18.73878207626234,0.08722547071805953,1.0
trackman_4ms,8,1.849,raw,coherent_cross,tx1,even,-1.0,7,8,81.30350061327601,-1.6809953807256766,1.0
trackman_4ms,8,1.849,raw,coherent_cross,tx1,even,-0.5,7,8,81.30350061327601,-1.6809953807256766,1.0
trackman_4ms,8,1.849,raw,coherent_cross,tx1,even,0.0,7,8,81.30350061327601,-1.6809953807256766,1.0
trackman_4ms,8,1.849,raw,coherent_cross,tx1,even,0.5,7,8,81.30350061327601,-1.6809953807256766,1.0
trackman_4ms,8,1.849,raw,coherent_cross,tx1,even,1.0,7,8,81.30350061327601,-1.6809953807256766,1.0
trackman_4ms,8,1.849,raw,coherent_cross,tx1,odd,-1.0,7,8,83.32381752949686,-2.19666669370878,1.0
trackman_4ms,8,1.849,raw,coherent_cross,tx1,odd,-0.5,7,8,83.32381752949686,-2.19666669370878,1.0
trackman_4ms,8,1.849,raw,coherent_cross,tx1,odd,0.0,7,8,83.32381752949686,-2.19666669370878,1.0
trackman_4ms,8,1.849,raw,coherent_cross,tx1,odd,0.5,7,8,83.32381752949686,-2.19666669370878,1.0
trackman_4ms,8,1.849,raw,coherent_cross,tx1,odd,1.0,7,8,83.32381752949686,-2.19666669370878,1.0
trackman_4ms,8,1.849,raw,coherent_cross,tx3,all,-1.0,7,8,85.27731007114849,-3.1123581988224815,0.9999999999999999
trackman_4ms,8,1.849,raw,coherent_cross,tx3,all,-0.5,7,8,85.27731007114849,-3.1123581988224815,0.9999999999999999
trackman_4ms,8,1.849,raw,coherent_cross,tx3,all,0.0,7,8,85.27731007114849,-3.1123581988224815,0.9999999999999999
trackman_4ms,8,1.849,raw,coherent_cross,tx3,all,0.5,7,8,85.27731007114849,-3.1123581988224815,0.9999999999999999
trackman_4ms,8,1.849,raw,coherent_cross,tx3,all,1.0,7,8,85.27731007114849,-3.1123581988224815,0.9999999999999999
trackman_4ms,8,1.849,raw,coherent_cross,tx3,even,-1.0,7,8,52.12777367336153,-0.3306199713979433,1.0000000000000002
trackman_4ms,8,1.849,raw,coherent_cross,tx3,even,-0.5,7,8,52.12777367336153,-0.3306199713979433,1.0000000000000002
trackman_4ms,8,1.849,raw,coherent_cross,tx3,even,0.0,7,8,52.12777367336153,-0.3306199713979433,1.0000000000000002
trackman_4ms,8,1.849,raw,coherent_cross,tx3,even,0.5,7,8,52.12777367336153,-0.3306199713979433,1.0000000000000002
trackman_4ms,8,1.849,raw,coherent_cross,tx3,even,1.0,7,8,52.12777367336153,-0.3306199713979433,1.0000000000000002
trackman_4ms,8,1.849,raw,coherent_cross,tx3,odd,-1.0,7,8,-76.44372323230198,1.0663804059375326,0.9999999999999999
trackman_4ms,8,1.849,raw,coherent_cross,tx3,odd,-0.5,7,8,-76.44372323230198,1.0663804059375326,0.9999999999999999
trackman_4ms,8,1.849,raw,coherent_cross,tx3,odd,0.0,7,8,-76.44372323230198,1.0663804059375326,0.9999999999999999
trackman_4ms,8,1.849,raw,coherent_cross,tx3,odd,0.5,7,8,-76.44372323230198,1.0663804059375326,0.9999999999999999
trackman_4ms,8,1.849,raw,coherent_cross,tx3,odd,1.0,7,8,-76.44372323230198,1.0663804059375326,0.9999999999999999
trackman_4ms,8,1.849,raw,coherent_cross,fused,all,-1.0,7,8,-54.96428485766714,0.36672342769402977,0.09548483175298762
trackman_4ms,8,1.849,raw,coherent_cross,fused,all,-0.5,7,8,-54.96428485766714,0.36672342769402977,0.09548483175298762
trackman_4ms,8,1.849,raw,coherent_cross,fused,all,0.0,7,8,-54.96428485766714,0.36672342769402977,0.09548483175298762
trackman_4ms,8,1.849,raw,coherent_cross,fused,all,0.5,7,8,-54.96428485766714,0.36672342769402977,0.09548483175298762
trackman_4ms,8,1.849,raw,coherent_cross,fused,all,1.0,7,8,-54.96428485766714,0.36672342769402977,0.09548483175298762
trackman_4ms,8,1.849,raw,coherent_cross,fused,even,-1.0,7,8,76.35508092830783,-1.0591864774451916,0.7817030286643384
trackman_4ms,8,1.849,raw,coherent_cross,fused,even,-0.5,7,8,76.35508092830783,-1.0591864774451916,0.7817030286643384
trackman_4ms,8,1.849,raw,coherent_cross,fused,even,0.0,7,8,76.35508092830783,-1.0591864774451916,0.7817030286643384
trackman_4ms,8,1.849,raw,coherent_cross,fused,even,0.5,7,8,76.35508092830783,-1.0591864774451916,0.7817030286643384
trackman_4ms,8,1.849,raw,coherent_cross,fused,even,1.0,7,8,76.35508092830783,-1.0591864774451916,0.7817030286643384
trackman_4ms,8,1.849,raw,coherent_cross,fused,odd,-1.0,7,8,-79.13182182464367,1.3392278403436828,0.18535642079999431
trackman_4ms,8,1.849,raw,coherent_cross,fused,odd,-0.5,7,8,-79.13182182464367,1.3392278403436828,0.18535642079999431
trackman_4ms,8,1.849,raw,coherent_cross,fused,odd,0.0,7,8,-79.13182182464367,1.3392278403436828,0.18535642079999431
trackman_4ms,8,1.849,raw,coherent_cross,fused,odd,0.5,7,8,-79.13182182464367,1.3392278403436828,0.18535642079999431
trackman_4ms,8,1.849,raw,coherent_cross,fused,odd,1.0,7,8,-79.13182182464367,1.3392278403436828,0.18535642079999431
trackman_4ms,8,1.849,mti,loop_cross,tx1,all,-1.0,7,8,-62.245289494314626,0.4886135773715481,0.8511978638854761
trackman_4ms,8,1.849,mti,loop_cross,tx1,all,-0.5,7,8,-62.245289494314626,0.4886135773715481,0.8511978638854761
trackman_4ms,8,1.849,mti,loop_cross,tx1,all,0.0,7,8,-62.245289494314626,0.4886135773715481,0.8511978638854761
trackman_4ms,8,1.849,mti,loop_cross,tx1,all,0.5,7,8,-62.245289494314626,0.4886135773715481,0.8511978638854761
trackman_4ms,8,1.849,mti,loop_cross,tx1,all,1.0,7,8,-62.245289494314626,0.4886135773715481,0.8511978638854761
trackman_4ms,8,1.849,mti,loop_cross,tx1,even,-1.0,7,8,-61.19513849910219,0.4676116159789115,0.9689222745218466
trackman_4ms,8,1.849,mti,loop_cross,tx1,even,-0.5,7,8,-61.19513849910219,0.4676116159789115,0.9689222745218466
trackman_4ms,8,1.849,mti,loop_cross,tx1,even,0.0,7,8,-61.19513849910219,0.4676116159789115,0.9689222745218466
trackman_4ms,8,1.849,mti,loop_cross,tx1,even,0.5,7,8,-61.19513849910219,0.4676116159789115,0.9689222745218466
trackman_4ms,8,1.849,mti,loop_cross,tx1,even,1.0,7,8,-61.19513849910219,0.4676116159789115,0.9689222745218466
trackman_4ms,8,1.849,mti,loop_cross,tx1,odd,-1.0,7,8,-64.3050923078216,0.534384360039101,0.6738468010640727
trackman_4ms,8,1.849,mti,loop_cross,tx1,odd,-0.5,7,8,-64.3050923078216,0.534384360039101,0.6738468010640727
trackman_4ms,8,1.849,mti,loop_cross,tx1,odd,0.0,7,8,-64.3050923078216,0.534384360039101,0.6738468010640727
trackman_4ms,8,1.849,mti,loop_cross,tx1,odd,0.5,7,8,-64.3050923078216,0.534384360039101,0.6738468010640727
trackman_4ms,8,1.849,mti,loop_cross,tx1,odd,1.0,7,8,-64.3050923078216,0.534384360039101,0.6738468010640727
trackman_4ms,8,1.849,mti,loop_cross,tx3,all,-1.0,7,8,40.539802646340966,-0.21991317030589647,0.811438482269686
trackman_4ms,8,1.849,mti,loop_cross,tx3,all,-0.5,7,8,40.539802646340966,-0.21991317030589647,0.811438482269686
trackman_4ms,8,1.849,mti,loop_cross,tx3,all,0.0,7,8,40.539802646340966,-0.21991317030589647,0.811438482269686
trackman_4ms,8,1.849,mti,loop_cross,tx3,all,0.5,7,8,40.539802646340966,-0.21991317030589647,0.811438482269686
trackman_4ms,8,1.849,mti,loop_cross,tx3,all,1.0,7,8,40.539802646340966,-0.21991317030589647,0.811438482269686
trackman_4ms,8,1.849,mti,loop_cross,tx3,even,-1.0,7,8,47.78927604600727,-0.28346088955035265,0.9340985234457507
trackman_4ms,8,1.849,mti,loop_cross,tx3,even,-0.5,7,8,47.78927604600727,-0.28346088955035265,0.9340985234457507
trackman_4ms,8,1.849,mti,loop_cross,tx3,even,0.0,7,8,47.78927604600727,-0.28346088955035265,0.9340985234457507
trackman_4ms,8,1.849,mti,loop_cross,tx3,even,0.5,7,8,47.78927604600727,-0.28346088955035265,0.9340985234457507
trackman_4ms,8,1.849,mti,loop_cross,tx3,even,1.0,7,8,47.78927604600727,-0.28346088955035265,0.9340985234457507
trackman_4ms,8,1.849,mti,loop_cross,tx3,odd,-1.0,7,8,19.54811656368307,-0.09129522737932155,0.6476568617488335
trackman_4ms,8,1.849,mti,loop_cross,tx3,odd,-0.5,7,8,19.54811656368307,-0.09129522737932155,0.6476568617488335
trackman_4ms,8,1.849,mti,loop_cross,tx3,odd,0.0,7,8,19.54811656368307,-0.09129522737932155,0.6476568617488335
trackman_4ms,8,1.849,mti,loop_cross,tx3,odd,0.5,7,8,19.54811656368307,-0.09129522737932155,0.6476568617488335
trackman_4ms,8,1.849,mti,loop_cross,tx3,odd,1.0,7,8,19.54811656368307,-0.09129522737932155,0.6476568617488335
trackman_4ms,8,1.849,mti,loop_cross,fused,all,-1.0,7,8,-32.14741796786044,0.16158984684774794,0.780914178785542
trackman_4ms,8,1.849,mti,loop_cross,fused,all,-0.5,7,8,-32.14741796786044,0.16158984684774794,0.780914178785542
trackman_4ms,8,1.849,mti,loop_cross,fused,all,0.0,7,8,-32.14741796786044,0.16158984684774794,0.780914178785542
trackman_4ms,8,1.849,mti,loop_cross,fused,all,0.5,7,8,-32.14741796786044,0.16158984684774794,0.780914178785542
trackman_4ms,8,1.849,mti,loop_cross,fused,all,1.0,7,8,-32.14741796786044,0.16158984684774794,0.780914178785542
trackman_4ms,8,1.849,mti,loop_cross,fused,even,-1.0,7,8,-25.96093476311933,0.12519048562179252,0.886753153603777
trackman_4ms,8,1.849,mti,loop_cross,fused,even,-0.5,7,8,-25.96093476311933,0.12519048562179252,0.886753153603777
trackman_4ms,8,1.849,mti,loop_cross,fused,even,0.0,7,8,-25.96093476311933,0.12519048562179252,0.886753153603777
trackman_4ms,8,1.849,mti,loop_cross,fused,even,0.5,7,8,-25.96093476311933,0.12519048562179252,0.886753153603777
trackman_4ms,8,1.849,mti,loop_cross,fused,even,1.0,7,8,-25.96093476311933,0.12519048562179252,0.886753153603777
trackman_4ms,8,1.849,mti,loop_cross,fused,odd,-1.0,7,8,-42.60997944939745,0.2365196892684781,0.6290819858802642
trackman_4ms,8,1.849,mti,loop_cross,fused,odd,-0.5,7,8,-42.60997944939745,0.2365196892684781,0.6290819858802642
trackman_4ms,8,1.849,mti,loop_cross,fused,odd,0.0,7,8,-42.60997944939745,0.2365196892684781,0.6290819858802642
trackman_4ms,8,1.849,mti,loop_cross,fused,odd,0.5,7,8,-42.60997944939745,0.2365196892684781,0.6290819858802642
trackman_4ms,8,1.849,mti,loop_cross,fused,odd,1.0,7,8,-42.60997944939745,0.2365196892684781,0.6290819858802642
trackman_4ms,8,1.849,mti,coherent_cross,tx1,all,-1.0,7,8,9.784370970771128,-0.04434068441397267,1.0
trackman_4ms,8,1.849,mti,coherent_cross,tx1,all,-0.5,7,8,9.784370970771128,-0.04434068441397267,1.0
trackman_4ms,8,1.849,mti,coherent_cross,tx1,all,0.0,7,8,9.784370970771128,-0.04434068441397267,1.0
trackman_4ms,8,1.849,mti,coherent_cross,tx1,all,0.5,7,8,9.784370970771128,-0.04434068441397267,1.0
trackman_4ms,8,1.849,mti,coherent_cross,tx1,all,1.0,7,8,9.784370970771128,-0.04434068441397267,1.0
trackman_4ms,8,1.849,mti,coherent_cross,tx1,even,-1.0,7,8,-70.45489992669073,0.7242815421807203,1.0
trackman_4ms,8,1.849,mti,coherent_cross,tx1,even,-0.5,7,8,-70.45489992669073,0.7242815421807203,1.0
trackman_4ms,8,1.849,mti,coherent_cross,tx1,even,0.0,7,8,-70.45489992669073,0.7242815421807203,1.0
trackman_4ms,8,1.849,mti,coherent_cross,tx1,even,0.5,7,8,-70.45489992669073,0.7242815421807203,1.0
trackman_4ms,8,1.849,mti,coherent_cross,tx1,even,1.0,7,8,-70.45489992669073,0.7242815421807203,1.0
trackman_4ms,8,1.849,mti,coherent_cross,tx1,odd,-1.0,7,8,-49.88065086369167,0.3051345694575281,1.0
trackman_4ms,8,1.849,mti,coherent_cross,tx1,odd,-0.5,7,8,-49.88065086369167,0.3051345694575281,1.0
trackman_4ms,8,1.849,mti,coherent_cross,tx1,odd,0.0,7,8,-49.88065086369167,0.3051345694575281,1.0
trackman_4ms,8,1.849,mti,coherent_cross,tx1,odd,0.5,7,8,-49.88065086369167,0.3051345694575281,1.0
trackman_4ms,8,1.849,mti,coherent_cross,tx1,odd,1.0,7,8,-49.88065086369167,0.3051345694575281,1.0
trackman_4ms,8,1.849,mti,coherent_cross,tx3,all,-1.0,7,8,72.14022014195362,-0.7979839514960144,1.0000000000000002
trackman_4ms,8,1.849,mti,coherent_cross,tx3,all,-0.5,7,8,72.14022014195362,-0.7979839514960144,1.0000000000000002
trackman_4ms,8,1.849,mti,coherent_cross,tx3,all,0.0,7,8,72.14022014195362,-0.7979839514960144,1.0000000000000002
trackman_4ms,8,1.849,mti,coherent_cross,tx3,all,0.5,7,8,72.14022014195362,-0.7979839514960144,1.0000000000000002
trackman_4ms,8,1.849,mti,coherent_cross,tx3,all,1.0,7,8,72.14022014195362,-0.7979839514960144,1.0000000000000002
trackman_4ms,8,1.849,mti,coherent_cross,tx3,even,-1.0,7,8,-66.59027540292003,0.5939003848464405,0.9999999999999998
trackman_4ms,8,1.849,mti,coherent_cross,tx3,even,-0.5,7,8,-66.59027540292003,0.5939003848464405,0.9999999999999998
trackman_4ms,8,1.849,mti,coherent_cross,tx3,even,0.0,7,8,-66.59027540292003,0.5939003848464405,0.9999999999999998
trackman_4ms,8,1.849,mti,coherent_cross,tx3,even,0.5,7,8,-66.59027540292003,0.5939003848464405,0.9999999999999998
trackman_4ms,8,1.849,mti,coherent_cross,tx3,even,1.0,7,8,-66.59027540292003,0.5939003848464405,0.9999999999999998
trackman_4ms,8,1.849,mti,coherent_cross,tx3,odd,-1.0,7,8,35.85799971942395,-0.18583915601995232,1.0
trackman_4ms,8,1.849,mti,coherent_cross,tx3,odd,-0.5,7,8,35.85799971942395,-0.18583915601995232,1.0
trackman_4ms,8,1.849,mti,coherent_cross,tx3,odd,0.0,7,8,35.85799971942395,-0.18583915601995232,1.0
trackman_4ms,8,1.849,mti,coherent_cross,tx3,odd,0.5,7,8,35.85799971942395,-0.18583915601995232,1.0
trackman_4ms,8,1.849,mti,coherent_cross,tx3,odd,1.0,7,8,35.85799971942395,-0.18583915601995232,1.0
trackman_4ms,8,1.849,mti,coherent_cross,fused,all,-1.0,7,8,52.281184388331134,-0.33245302180298697,0.93350950749917
trackman_4ms,8,1.849,mti,coherent_cross,fused,all,-0.5,7,8,52.281184388331134,-0.33245302180298697,0.93350950749917
trackman_4ms,8,1.849,mti,coherent_cross,fused,all,0.0,7,8,52.281184388331134,-0.33245302180298697,0.93350950749917
trackman_4ms,8,1.849,mti,coherent_cross,fused,all,0.5,7,8,52.281184388331134,-0.33245302180298697,0.93350950749917
trackman_4ms,8,1.849,mti,coherent_cross,fused,all,1.0,7,8,52.281184388331134,-0.33245302180298697,0.93350950749917
trackman_4ms,8,1.849,mti,coherent_cross,fused,even,-1.0,7,8,-68.91109763489871,0.6667351656729746,0.9979050022193345
trackman_4ms,8,1.849,mti,coherent_cross,fused,even,-0.5,7,8,-68.91109763489871,0.6667351656729746,0.9979050022193345
trackman_4ms,8,1.849,mti,coherent_cross,fused,even,0.0,7,8,-68.91109763489871,0.6667351656729746,0.9979050022193345
trackman_4ms,8,1.849,mti,coherent_cross,fused,even,0.5,7,8,-68.91109763489871,0.6667351656729746,0.9979050022193345
trackman_4ms,8,1.849,mti,coherent_cross,fused,even,1.0,7,8,-68.91109763489871,0.6667351656729746,0.9979050022193345
trackman_4ms,8,1.849,mti,coherent_cross,fused,odd,-1.0,7,8,-16.939003672759963,0.0783112726846448,0.9701880856322185
trackman_4ms,8,1.849,mti,coherent_cross,fused,odd,-0.5,7,8,-16.939003672759963,0.0783112726846448,0.9701880856322185
trackman_4ms,8,1.849,mti,coherent_cross,fused,odd,0.0,7,8,-16.939003672759963,0.0783112726846448,0.9701880856322185
trackman_4ms,8,1.849,mti,coherent_cross,fused,odd,0.5,7,8,-16.939003672759963,0.0783112726846448,0.9701880856322185
trackman_4ms,8,1.849,mti,coherent_cross,fused,odd,1.0,7,8,-16.939003672759963,0.0783112726846448,0.9701880856322185
trackman_4ms,9,4.841,raw,loop_cross,tx1,all,-1.0,11,12,-66.108424687769,0.4585349015141486,0.8210310376315562
trackman_4ms,9,4.841,raw,loop_cross,tx1,all,-0.5,11,12,-66.108424687769,0.4585349015141486,0.8210310376315562
trackman_4ms,9,4.841,raw,loop_cross,tx1,all,0.0,12,13,-47.34862979841594,0.22048777333109587,0.5420067455817862
trackman_4ms,9,4.841,raw,loop_cross,tx1,all,0.5,12,13,-47.34862979841594,0.22048777333109587,0.5420067455817862
trackman_4ms,9,4.841,raw,loop_cross,tx1,all,1.0,12,13,-47.34862979841594,0.22048777333109587,0.5420067455817862
trackman_4ms,9,4.841,raw,loop_cross,tx1,even,-1.0,11,12,-61.402926318323225,0.3725827829026151,0.9435368286383492
trackman_4ms,9,4.841,raw,loop_cross,tx1,even,-0.5,11,12,-61.402926318323225,0.3725827829026151,0.9435368286383492
trackman_4ms,9,4.841,raw,loop_cross,tx1,even,0.0,12,13,-58.67006733341601,0.33367109868969513,0.621006664824179
trackman_4ms,9,4.841,raw,loop_cross,tx1,even,0.5,12,13,-58.67006733341601,0.33367109868969513,0.621006664824179
trackman_4ms,9,4.841,raw,loop_cross,tx1,even,1.0,12,13,-58.67006733341601,0.33367109868969513,0.621006664824179
trackman_4ms,9,4.841,raw,loop_cross,tx1,odd,-1.0,11,12,-70.74396689314345,0.5814325899933366,0.7001842189156973
trackman_4ms,9,4.841,raw,loop_cross,tx1,odd,-0.5,11,12,-70.74396689314345,0.5814325899933366,0.7001842189156973
trackman_4ms,9,4.841,raw,loop_cross,tx1,odd,0.0,12,13,-24.602316862000407,0.09300280425280971,0.48055064698962663
trackman_4ms,9,4.841,raw,loop_cross,tx1,odd,0.5,12,13,-24.602316862000407,0.09300280425280971,0.48055064698962663
trackman_4ms,9,4.841,raw,loop_cross,tx1,odd,1.0,12,13,-24.602316862000407,0.09300280425280971,0.48055064698962663
trackman_4ms,9,4.841,raw,loop_cross,tx3,all,-1.0,11,12,-69.84471754412542,0.5533801842780717,0.8676602214071196
trackman_4ms,9,4.841,raw,loop_cross,tx3,all,-0.5,11,12,-69.84471754412542,0.5533801842780717,0.8676602214071196
trackman_4ms,9,4.841,raw,loop_cross,tx3,all,0.0,12,13,-13.687823660614216,0.04946813834520575,0.7248614245794788
trackman_4ms,9,4.841,raw,loop_cross,tx3,all,0.5,12,13,-13.687823660614216,0.04946813834520575,0.7248614245794788
trackman_4ms,9,4.841,raw,loop_cross,tx3,all,1.0,12,13,-13.687823660614216,0.04946813834520575,0.7248614245794788
trackman_4ms,9,4.841,raw,loop_cross,tx3,even,-1.0,11,12,-67.92530350664605,0.5008439870657555,0.8757667737399764
trackman_4ms,9,4.841,raw,loop_cross,tx3,even,-0.5,11,12,-67.92530350664605,0.5008439870657555,0.8757667737399764
trackman_4ms,9,4.841,raw,loop_cross,tx3,even,0.0,12,13,-42.002550623305396,0.18290107851590934,0.7781076853258977
trackman_4ms,9,4.841,raw,loop_cross,tx3,even,0.5,12,13,-42.002550623305396,0.18290107851590934,0.7781076853258977
trackman_4ms,9,4.841,raw,loop_cross,tx3,even,1.0,12,13,-42.002550623305396,0.18290107851590934,0.7781076853258977
trackman_4ms,9,4.841,raw,loop_cross,tx3,odd,-1.0,11,12,-71.53100583341387,0.6081373644654142,0.8618764448041939
trackman_4ms,9,4.841,raw,loop_cross,tx3,odd,-0.5,11,12,-71.53100583341387,0.6081373644654142,0.8618764448041939
trackman_4ms,9,4.841,raw,loop_cross,tx3,odd,0.0,12,13,24.74139380876772,-0.09359986567967651,0.6879881808499794
trackman_4ms,9,4.841,raw,loop_cross,tx3,odd,0.5,12,13,24.74139380876772,-0.09359986567967651,0.6879881808499794
trackman_4ms,9,4.841,raw,loop_cross,tx3,odd,1.0,12,13,24.74139380876772,-0.09359986567967651,0.6879881808499794
trackman_4ms,9,4.841,raw,loop_cross,fused,all,-1.0,11,12,-68.30133429991348,0.5104376507836547,0.844964334960844
trackman_4ms,9,4.841,raw,loop_cross,fused,all,-0.5,11,12,-68.30133429991348,0.5104376507836547,0.844964334960844
trackman_4ms,9,4.841,raw,loop_cross,fused,all,0.0,12,13,-28.460433809907382,0.11010038307641284,0.6451954885582621
trackman_4ms,9,4.841,raw,loop_cross,fused,all,0.5,12,13,-28.460433809907382,0.11010038307641284,0.6451954885582621
trackman_4ms,9,4.841,raw,loop_cross,fused,all,1.0,12,13,-28.460433809907382,0.11010038307641284,0.6451954885582621
trackman_4ms,9,4.841,raw,loop_cross,fused,even,-1.0,11,12,-65.12709266335189,0.4381140895477373,0.9057871690551891
trackman_4ms,9,4.841,raw,loop_cross,fused,even,-0.5,11,12,-65.12709266335189,0.4381140895477373,0.9057871690551891
trackman_4ms,9,4.841,raw,loop_cross,fused,even,0.0,12,13,-49.41415394082684,0.23709573070444465,0.711342919338858
trackman_4ms,9,4.841,raw,loop_cross,fused,even,0.5,12,13,-49.41415394082684,0.23709573070444465,0.711342919338858
trackman_4ms,9,4.841,raw,loop_cross,fused,even,1.0,12,13,-49.41415394082684,0.23709573070444465,0.711342919338858
trackman_4ms,9,4.841,raw,loop_cross,fused,odd,-1.0,11,12,-71.2149263571588,0.5971534685246951,0.787045437698755
trackman_4ms,9,4.841,raw,loop_cross,fused,odd,-0.5,11,12,-71.2149263571588,0.5971534685246951,0.787045437698755
trackman_4ms,9,4.841,raw,loop_cross,fused,odd,0.0,12,13,8.029101482043917,-0.028651027284836487,0.5956712817437655
trackman_4ms,9,4.841,raw,loop_cross,fused,odd,0.5,12,13,8.029101482043917,-0.028651027284836487,0.5956712817437655
trackman_4ms,9,4.841,raw,loop_cross,fused,odd,1.0,12,13,8.029101482043917,-0.028651027284836487,0.5956712817437655
trackman_4ms,9,4.841,raw,coherent_cross,tx1,all,-1.0,11,12,-83.12006019419944,1.683385500288041,1.0
trackman_4ms,9,4.841,raw,coherent_cross,tx1,all,-0.5,11,12,-83.12006019419944,1.683385500288041,1.0
trackman_4ms,9,4.841,raw,coherent_cross,tx1,all,0.0,12,13,-84.0100322835353,1.9357614349365435,1.0
trackman_4ms,9,4.841,raw,coherent_cross,tx1,all,0.5,12,13,-84.0100322835353,1.9357614349365435,1.0
trackman_4ms,9,4.841,raw,coherent_cross,tx1,all,1.0,12,13,-84.0100322835353,1.9357614349365435,1.0
trackman_4ms,9,4.841,raw,coherent_cross,tx1,even,-1.0,11,12,-60.70972186537653,0.3620889133957112,1.0000000000000002
trackman_4ms,9,4.841,raw,coherent_cross,tx1,even,-0.5,11,12,-60.70972186537653,0.3620889133957112,1.0000000000000002
trackman_4ms,9,4.841,raw,coherent_cross,tx1,even,0.0,12,13,-54.37476936147514,0.28344290816034307,1.0000000000000002
trackman_4ms,9,4.841,raw,coherent_cross,tx1,even,0.5,12,13,-54.37476936147514,0.28344290816034307,1.0000000000000002
trackman_4ms,9,4.841,raw,coherent_cross,tx1,even,1.0,12,13,-54.37476936147514,0.28344290816034307,1.0000000000000002
trackman_4ms,9,4.841,raw,coherent_cross,tx1,odd,-1.0,11,12,-73.96385505418917,0.7066600381441213,1.0
trackman_4ms,9,4.841,raw,coherent_cross,tx1,odd,-0.5,11,12,-73.96385505418917,0.7066600381441213,1.0
trackman_4ms,9,4.841,raw,coherent_cross,tx1,odd,0.0,12,13,3.1986564714455357,-0.011351060263459868,1.0000000000000002
trackman_4ms,9,4.841,raw,coherent_cross,tx1,odd,0.5,12,13,3.1986564714455357,-0.011351060263459868,1.0000000000000002
trackman_4ms,9,4.841,raw,coherent_cross,tx1,odd,1.0,12,13,3.1986564714455357,-0.011351060263459868,1.0000000000000002
trackman_4ms,9,4.841,raw,coherent_cross,tx3,all,-1.0,11,12,-80.57548364205984,1.2236627822684323,1.0000000000000002
trackman_4ms,9,4.841,raw,coherent_cross,tx3,all,-0.5,11,12,-80.57548364205984,1.2236627822684323,1.0000000000000002
trackman_4ms,9,4.841,raw,coherent_cross,tx3,all,0.0,12,13,-83.47025232286376,1.7745172899552835,1.0
trackman_4ms,9,4.841,raw,coherent_cross,tx3,all,0.5,12,13,-83.47025232286376,1.7745172899552835,1.0
trackman_4ms,9,4.841,raw,coherent_cross,tx3,all,1.0,12,13,-83.47025232286376,1.7745172899552835,1.0
trackman_4ms,9,4.841,raw,coherent_cross,tx3,even,-1.0,11,12,-67.36531998298565,0.4871188899518504,1.0
trackman_4ms,9,4.841,raw,coherent_cross,tx3,even,-0.5,11,12,-67.36531998298565,0.4871188899518504,1.0
trackman_4ms,9,4.841,raw,coherent_cross,tx3,even,0.0,12,13,-8.561047735838685,0.030576880870387596,1.0
trackman_4ms,9,4.841,raw,coherent_cross,tx3,even,0.5,12,13,-8.561047735838685,0.030576880870387596,1.0
trackman_4ms,9,4.841,raw,coherent_cross,tx3,even,1.0,12,13,-8.561047735838685,0.030576880870387596,1.0
trackman_4ms,9,4.841,raw,coherent_cross,tx3,odd,-1.0,11,12,-77.30646194225191,0.901762284392593,1.0
trackman_4ms,9,4.841,raw,coherent_cross,tx3,odd,-0.5,11,12,-77.30646194225191,0.901762284392593,1.0
trackman_4ms,9,4.841,raw,coherent_cross,tx3,odd,0.0,12,13,55.26269341394317,-0.29292622695021536,1.0000000000000002
trackman_4ms,9,4.841,raw,coherent_cross,tx3,odd,0.5,12,13,55.26269341394317,-0.29292622695021536,1.0000000000000002
trackman_4ms,9,4.841,raw,coherent_cross,tx3,odd,1.0,12,13,55.26269341394317,-0.29292622695021536,1.0000000000000002
trackman_4ms,9,4.841,raw,coherent_cross,fused,all,-1.0,11,12,-81.82343562533264,1.413609365633385,0.9744741505239634
trackman_4ms,9,4.841,raw,coherent_cross,fused,all,-0.5,11,12,-81.82343562533264,1.413609365633385,0.9744741505239634
trackman_4ms,9,4.841,raw,coherent_cross,fused,all,0.0,12,13,-83.70443338771635,1.8410900696936676,0.9968501795401488
trackman_4ms,9,4.841,raw,coherent_cross,fused,all,0.5,12,13,-83.70443338771635,1.8410900696936676,0.9968501795401488
trackman_4ms,9,4.841,raw,coherent_cross,fused,all,1.0,12,13,-83.70443338771635,1.8410900696936676,0.9968501795401488
trackman_4ms,9,4.841,raw,coherent_cross,fused,even,-1.0,11,12,-64.50499918616019,0.4259330829434308,0.9980474560668625
trackman_4ms,9,4.841,raw,coherent_cross,fused,even,-0.5,11,12,-64.50499918616019,0.4259330829434308,0.9980474560668625
trackman_4ms,9,4.841,raw,coherent_cross,fused,even,0.0,12,13,-33.18156312217975,0.13282077808720033,0.9923082802015281
trackman_4ms,9,4.841,raw,coherent_cross,fused,even,0.5,12,13,-33.18156312217975,0.13282077808720033,0.9923082802015281
trackman_4ms,9,4.841,raw,coherent_cross,fused,even,1.0,12,13,-33.18156312217975,0.13282077808720033,0.9923082802015281
trackman_4ms,9,4.841,raw,coherent_cross,fused,odd,-1.0,11,12,-76.05431052952606,0.8179481441586139,0.9953395724120109
trackman_4ms,9,4.841,raw,coherent_cross,fused,odd,-0.5,11,12,-76.05431052952606,0.8179481441586139,0.9953395724120109
trackman_4ms,9,4.841,raw,coherent_cross,fused,odd,0.0,12,13,41.75784632092448,-0.18133619356234507,0.9905279683110757
trackman_4ms,9,4.841,raw,coherent_cross,fused,odd,0.5,12,13,41.75784632092448,-0.18133619356234507,0.9905279683110757
trackman_4ms,9,4.841,raw,coherent_cross,fused,odd,1.0,12,13,41.75784632092448,-0.18133619356234507,0.9905279683110757
trackman_4ms,9,4.841,mti,loop_cross,tx1,all,-1.0,11,12,67.49525041181714,-0.49024572655245724,0.6519668603324945
trackman_4ms,9,4.841,mti,loop_cross,tx1,all,-0.5,11,12,67.49525041181714,-0.49024572655245724,0.6519668603324945
trackman_4ms,9,4.841,mti,loop_cross,tx1,all,0.0,12,13,-65.76488695442951,0.45120948343945394,0.8338520046499139
trackman_4ms,9,4.841,mti,loop_cross,tx1,all,0.5,12,13,-65.76488695442951,0.45120948343945394,0.8338520046499139
trackman_4ms,9,4.841,mti,loop_cross,tx1,all,1.0,12,13,-65.76488695442951,0.45120948343945394,0.8338520046499139
trackman_4ms,9,4.841,mti,loop_cross,tx1,even,-1.0,11,12,76.14348758537504,-0.8234253616439516,0.4938891713366457
trackman_4ms,9,4.841,mti,loop_cross,tx1,even,-0.5,11,12,76.14348758537504,-0.8234253616439516,0.4938891713366457
trackman_4ms,9,4.841,mti,loop_cross,tx1,even,0.0,12,13,-72.99791081372953,0.664269466930463,0.8700534428828143
trackman_4ms,9,4.841,mti,loop_cross,tx1,even,0.5,12,13,-72.99791081372953,0.664269466930463,0.8700534428828143
trackman_4ms,9,4.841,mti,loop_cross,tx1,even,1.0,12,13,-72.99791081372953,0.664269466930463,0.8700534428828143
trackman_4ms,9,4.841,mti,loop_cross,tx1,odd,-1.0,11,12,57.12177193185118,-0.3142282596324708,0.8318737066557393
trackman_4ms,9,4.841,mti,loop_cross,tx1,odd,-0.5,11,12,57.12177193185118,-0.3142282596324708,0.8318737066557393
trackman_4ms,9,4.841,mti,loop_cross,tx1,odd,0.0,12,13,-51.705717971634634,0.25723976229081147,0.8350512334319339
trackman_4ms,9,4.841,mti,loop_cross,tx1,odd,0.5,12,13,-51.705717971634634,0.25723976229081147,0.8350512334319339
trackman_4ms,9,4.841,mti,loop_cross,tx1,odd,1.0,12,13,-51.705717971634634,0.25723976229081147,0.8350512334319339
trackman_4ms,9,4.841,mti,loop_cross,tx3,all,-1.0,11,12,68.93396777991349,-0.5273129273173506,0.8840932700469157
trackman_4ms,9,4.841,mti,loop_cross,tx3,all,-0.5,11,12,68.93396777991349,-0.5273129273173506,0.8840932700469157
trackman_4ms,9,4.841,mti,loop_cross,tx3,all,0.0,12,13,75.86597418989554,-0.8066032516438445,0.8946677768544317
trackman_4ms,9,4.841,mti,loop_cross,tx3,all,0.5,12,13,75.86597418989554,-0.8066032516438445,0.8946677768544317
trackman_4ms,9,4.841,mti,loop_cross,tx3,all,1.0,12,13,75.86597418989554,-0.8066032516438445,0.8946677768544317
trackman_4ms,9,4.841,mti,loop_cross,tx3,even,-1.0,11,12,66.99925903858538,-0.47848949292390736,0.9210669078079743
trackman_4ms,9,4.841,mti,loop_cross,tx3,even,-0.5,11,12,66.99925903858538,-0.47848949292390736,0.9210669078079743
trackman_4ms,9,4.841,mti,loop_cross,tx3,even,0.0,12,13,77.49066669514642,-0.9154824733265721,0.8150398546941199
trackman_4ms,9,4.841,mti,loop_cross,tx3,even,0.5,12,13,77.49066669514642,-0.9154824733265721,0.8150398546941199
trackman_4ms,9,4.841,mti,loop_cross,tx3,even,1.0,12,13,77.49066669514642,-0.9154824733265721,0.8150398546941199
trackman_4ms,9,4.841,mti,loop_cross,tx3,odd,-1.0,11,12,70.81325151510686,-0.583698722106251,0.847328967363334
trackman_4ms,9,4.841,mti,loop_cross,tx3,odd,-0.5,11,12,70.81325151510686,-0.583698722106251,0.847328967363334
trackman_4ms,9,4.841,mti,loop_cross,tx3,odd,0.0,12,13,74.53749681779412,-0.7342712693185367,0.9635923703534833
trackman_4ms,9,4.841,mti,loop_cross,tx3,odd,0.5,12,13,74.53749681779412,-0.7342712693185367,0.9635923703534833
trackman_4ms,9,4.841,mti,loop_cross,tx3,odd,1.0,12,13,74.53749681779412,-0.7342712693185367,0.9635923703534833
trackman_4ms,9,4.841,mti,loop_cross,fused,all,-1.0,11,12,68.34176081945328,-0.5114879101926038,0.767308850560288
trackman_4ms,9,4.841,mti,loop_cross,fused,all,-0.5,11,12,68.34176081945328,-0.5114879101926038,0.767308850560288
trackman_4ms,9,4.841,mti,loop_cross,fused,all,0.0,12,13,50.43754642032668,-0.2458505493469451,0.7019788950170804
trackman_4ms,9,4.841,mti,loop_cross,fused,all,0.5,12,13,50.43754642032668,-0.2458505493469451,0.7019788950170804
trackman_4ms,9,4.841,mti,loop_cross,fused,all,1.0,12,13,50.43754642032668,-0.2458505493469451,0.7019788950170804
trackman_4ms,9,4.841,mti,loop_cross,fused,even,-1.0,11,12,71.08537652915368,-0.5927538574968888,0.7058070247242874
trackman_4ms,9,4.841,mti,loop_cross,fused,even,-0.5,11,12,71.08537652915368,-0.5927538574968888,0.7058070247242874
trackman_4ms,9,4.841,mti,loop_cross,fused,even,0.0,12,13,31.124577235265978,-0.12264508620318673,0.592523967507257
trackman_4ms,9,4.841,mti,loop_cross,fused,even,0.5,12,13,31.124577235265978,-0.12264508620318673,0.592523967507257
trackman_4ms,9,4.841,mti,loop_cross,fused,even,1.0,12,13,31.124577235265978,-0.12264508620318673,0.592523967507257
trackman_4ms,9,4.841,mti,loop_cross,fused,odd,-1.0,11,12,65.41914831163265,-0.44403155150047213,0.8316531165011072
trackman_4ms,9,4.841,mti,loop_cross,fused,odd,-0.5,11,12,65.41914831163265,-0.44403155150047213,0.8316531165011072
trackman_4ms,9,4.841,mti,loop_cross,fused,odd,0.0,12,13,57.7031590706142,-0.3213338686962614,0.7984773217607649
trackman_4ms,9,4.841,mti,loop_cross,fused,odd,0.5,12,13,57.7031590706142,-0.3213338686962614,0.7984773217607649
trackman_4ms,9,4.841,mti,loop_cross,fused,odd,1.0,12,13,57.7031590706142,-0.3213338686962614,0.7984773217607649
trackman_4ms,9,4.841,mti,coherent_cross,tx1,all,-1.0,11,12,68.28925718271813,-0.5101246159291322,0.9999999999999999
trackman_4ms,9,4.841,mti,coherent_cross,tx1,all,-0.5,11,12,68.28925718271813,-0.5101246159291322,0.9999999999999999
trackman_4ms,9,4.841,mti,coherent_cross,tx1,all,0.0,12,13,81.42571746359671,-1.3471183156126882,1.0
trackman_4ms,9,4.841,mti,coherent_cross,tx1,all,0.5,12,13,81.42571746359671,-1.3471183156126882,1.0
trackman_4ms,9,4.841,mti,coherent_cross,tx1,all,1.0,12,13,81.42571746359671,-1.3471183156126882,1.0
trackman_4ms,9,4.841,mti,coherent_cross,tx1,even,-1.0,11,12,71.334135304458,-0.6012538883095948,1.0
trackman_4ms,9,4.841,mti,coherent_cross,tx1,even,-0.5,11,12,71.334135304458,-0.6012538883095948,1.0
trackman_4ms,9,4.841,mti,coherent_cross,tx1,even,0.0,12,13,-42.333837964521685,0.1850389522534008,1.0
trackman_4ms,9,4.841,mti,coherent_cross,tx1,even,0.5,12,13,-42.333837964521685,0.1850389522534008,1.0
trackman_4ms,9,4.841,mti,coherent_cross,tx1,even,1.0,12,13,-42.333837964521685,0.1850389522534008,1.0
trackman_4ms,9,4.841,mti,coherent_cross,tx1,odd,-1.0,11,12,71.18301294190624,-0.5960642453698667,1.0000000000000002
trackman_4ms,9,4.841,mti,coherent_cross,tx1,odd,-0.5,11,12,71.18301294190624,-0.5960642453698667,1.0000000000000002
trackman_4ms,9,4.841,mti,coherent_cross,tx1,odd,0.0,12,13,-72.97787164660484,0.6634395659814479,0.9999999999999998
trackman_4ms,9,4.841,mti,coherent_cross,tx1,odd,0.5,12,13,-72.97787164660484,0.6634395659814479,0.9999999999999998
trackman_4ms,9,4.841,mti,coherent_cross,tx1,odd,1.0,12,13,-72.97787164660484,0.6634395659814479,0.9999999999999998
trackman_4ms,9,4.841,mti,coherent_cross,tx3,all,-1.0,11,12,68.93767204668318,-0.5274145828119102,0.9999999999999998
trackman_4ms,9,4.841,mti,coherent_cross,tx3,all,-0.5,11,12,68.93767204668318,-0.5274145828119102,0.9999999999999998
trackman_4ms,9,4.841,mti,coherent_cross,tx3,all,0.0,12,13,-85.76805243076895,2.744931625982407,0.9999999999999999
trackman_4ms,9,4.841,mti,coherent_cross,tx3,all,0.5,12,13,-85.76805243076895,2.744931625982407,0.9999999999999999
trackman_4ms,9,4.841,mti,coherent_cross,tx3,all,1.0,12,13,-85.76805243076895,2.744931625982407,0.9999999999999999
trackman_4ms,9,4.841,mti,coherent_cross,tx3,even,-1.0,11,12,73.51851341231149,-0.6865160215487732,1.0
trackman_4ms,9,4.841,mti,coherent_cross,tx3,even,-0.5,11,12,73.51851341231149,-0.6865160215487732,1.0
trackman_4ms,9,4.841,mti,coherent_cross,tx3,even,0.0,12,13,69.9928061132293,-0.5578333098743461,1.0
trackman_4ms,9,4.841,mti,coherent_cross,tx3,even,0.5,12,13,69.9928061132293,-0.5578333098743461,1.0
trackman_4ms,9,4.841,mti,coherent_cross,tx3,even,1.0,12,13,69.9928061132293,-0.5578333098743461,1.0
trackman_4ms,9,4.841,mti,coherent_cross,tx3,odd,-1.0,11,12,71.76985819783428,-0.6166812883201668,1.0
trackman_4ms,9,4.841,mti,coherent_cross,tx3,odd,-0.5,11,12,71.76985819783428,-0.6166812883201668,1.0
trackman_4ms,9,4.841,mti,coherent_cross,tx3,odd,0.0,12,13,58.02931757868283,-0.3254208247435395,1.0
trackman_4ms,9,4.841,mti,coherent_cross,tx3,odd,0.5,12,13,58.02931757868283,-0.3254208247435395,1.0
trackman_4ms,9,4.841,mti,coherent_cross,tx3,odd,1.0,12,13,58.02931757868283,-0.3254208247435395,1.0
trackman_4ms,9,4.841,mti,coherent_cross,fused,all,-1.0,11,12,68.67162717023945,-0.5201992818305077,0.9999636543220235
trackman_4ms,9,4.841,mti,coherent_cross,fused,all,-0.5,11,12,68.67162717023945,-0.5201992818305077,0.9999636543220235
trackman_4ms,9,4.841,mti,coherent_cross,fused,all,0.0,12,13,85.38212858018059,-2.514658080666764,0.45872935849008284
trackman_4ms,9,4.841,mti,coherent_cross,fused,all,0.5,12,13,85.38212858018059,-2.514658080666764,0.45872935849008284
trackman_4ms,9,4.841,mti,coherent_cross,fused,all,1.0,12,13,85.38212858018059,-2.514658080666764,0.45872935849008284
trackman_4ms,9,4.841,mti,coherent_cross,fused,even,-1.0,11,12,72.64303734758582,-0.6498478872189714,0.999109196086057
trackman_4ms,9,4.841,mti,coherent_cross,fused,even,-0.5,11,12,72.64303734758582,-0.6498478872189714,0.999109196086057
trackman_4ms,9,4.841,mti,coherent_cross,fused,even,0.0,12,13,44.875951638361826,-0.20223643609666606,0.9319239562422049
trackman_4ms,9,4.841,mti,coherent_cross,fused,even,0.5,12,13,44.875951638361826,-0.20223643609666606,0.9319239562422049
trackman_4ms,9,4.841,mti,coherent_cross,fused,even,1.0,12,13,44.875951638361826,-0.20223643609666606,0.9319239562422049
trackman_4ms,9,4.841,mti,coherent_cross,fused,odd,-1.0,11,12,71.51685249402185,-0.607637780676886,0.9999476677510305
trackman_4ms,9,4.841,mti,coherent_cross,fused,odd,-0.5,11,12,71.51685249402185,-0.607637780676886,0.9999476677510305
trackman_4ms,9,4.841,mti,coherent_cross,fused,odd,0.0,12,13,-27.58803506372116,0.10613145287528343,0.8819821845790272
trackman_4ms,9,4.841,mti,coherent_cross,fused,odd,0.5,12,13,-27.58803506372116,0.10613145287528343,0.8819821845790272
trackman_4ms,9,4.841,mti,coherent_cross,fused,odd,1.0,12,13,-27.58803506372116,0.10613145287528343,0.8819821845790272
trackman_4ms,10,4.774,raw,loop_cross,tx1,all,-1.0,3,4,-85.11440568845467,3.132127620948872,0.25371782742935506
trackman_4ms,10,4.774,raw,loop_cross,tx1,all,-0.5,3,4,-85.11440568845467,3.132127620948872,0.25371782742935506
trackman_4ms,10,4.774,raw,loop_cross,tx1,all,0.0,3,4,-85.11440568845467,3.132127620948872,0.25371782742935506
trackman_4ms,10,4.774,raw,loop_cross,tx1,all,0.5,3,4,-85.11440568845467,3.132127620948872,0.25371782742935506
trackman_4ms,10,4.774,raw,loop_cross,tx1,all,1.0,3,4,-85.11440568845467,3.132127620948872,0.25371782742935506
trackman_4ms,10,4.774,raw,loop_cross,tx1,even,-1.0,3,4,-83.93793397727433,2.5209589168351463,0.03224018764658282
trackman_4ms,10,4.774,raw,loop_cross,tx1,even,-0.5,3,4,-83.93793397727433,2.5209589168351463,0.03224018764658282
trackman_4ms,10,4.774,raw,loop_cross,tx1,even,0.0,3,4,-83.93793397727433,2.5209589168351463,0.03224018764658282
trackman_4ms,10,4.774,raw,loop_cross,tx1,even,0.5,3,4,-83.93793397727433,2.5209589168351463,0.03224018764658282
trackman_4ms,10,4.774,raw,loop_cross,tx1,even,1.0,3,4,-83.93793397727433,2.5209589168351463,0.03224018764658282
trackman_4ms,10,4.774,raw,loop_cross,tx1,odd,-1.0,3,4,85.08410860127101,-3.1127298525794638,0.48012284749807127
trackman_4ms,10,4.774,raw,loop_cross,tx1,odd,-0.5,3,4,85.08410860127101,-3.1127298525794638,0.48012284749807127
trackman_4ms,10,4.774,raw,loop_cross,tx1,odd,0.0,3,4,85.08410860127101,-3.1127298525794638,0.48012284749807127
trackman_4ms,10,4.774,raw,loop_cross,tx1,odd,0.5,3,4,85.08410860127101,-3.1127298525794638,0.48012284749807127
trackman_4ms,10,4.774,raw,loop_cross,tx1,odd,1.0,3,4,85.08410860127101,-3.1127298525794638,0.48012284749807127
trackman_4ms,10,4.774,raw,loop_cross,tx3,all,-1.0,3,4,-71.47044053687269,0.798775297373773,0.6440188097593884
trackman_4ms,10,4.774,raw,loop_cross,tx3,all,-0.5,3,4,-71.47044053687269,0.798775297373773,0.6440188097593884
trackman_4ms,10,4.774,raw,loop_cross,tx3,all,0.0,3,4,-71.47044053687269,0.798775297373773,0.6440188097593884
trackman_4ms,10,4.774,raw,loop_cross,tx3,all,0.5,3,4,-71.47044053687269,0.798775297373773,0.6440188097593884
trackman_4ms,10,4.774,raw,loop_cross,tx3,all,1.0,3,4,-71.47044053687269,0.798775297373773,0.6440188097593884
trackman_4ms,10,4.774,raw,loop_cross,tx3,even,-1.0,3,4,-63.301641657901726,0.532349485952879,0.6280705063481915
trackman_4ms,10,4.774,raw,loop_cross,tx3,even,-0.5,3,4,-63.301641657901726,0.532349485952879,0.6280705063481915
trackman_4ms,10,4.774,raw,loop_cross,tx3,even,0.0,3,4,-63.301641657901726,0.532349485952879,0.6280705063481915
trackman_4ms,10,4.774,raw,loop_cross,tx3,even,0.5,3,4,-63.301641657901726,0.532349485952879,0.6280705063481915
trackman_4ms,10,4.774,raw,loop_cross,tx3,even,1.0,3,4,-63.301641657901726,0.532349485952879,0.6280705063481915
trackman_4ms,10,4.774,raw,loop_cross,tx3,odd,-1.0,3,4,-75.12378095815527,1.0078670061875605,0.6922070219172448
trackman_4ms,10,4.774,raw,loop_cross,tx3,odd,-0.5,3,4,-75.12378095815527,1.0078670061875605,0.6922070219172448
trackman_4ms,10,4.774,raw,loop_cross,tx3,odd,0.0,3,4,-75.12378095815527,1.0078670061875605,0.6922070219172448
trackman_4ms,10,4.774,raw,loop_cross,tx3,odd,0.5,3,4,-75.12378095815527,1.0078670061875605,0.6922070219172448
trackman_4ms,10,4.774,raw,loop_cross,tx3,odd,1.0,3,4,-75.12378095815527,1.0078670061875605,0.6922070219172448
trackman_4ms,10,4.774,raw,loop_cross,fused,all,-1.0,3,4,-74.99019104094388,0.9984787231691782,0.345125013019167
trackman_4ms,10,4.774,raw,loop_cross,fused,all,-0.5,3,4,-74.99019104094388,0.9984787231691782,0.345125013019167
trackman_4ms,10,4.774,raw,loop_cross,fused,all,0.0,3,4,-74.99019104094388,0.9984787231691782,0.345125013019167
trackman_4ms,10,4.774,raw,loop_cross,fused,all,0.5,3,4,-74.99019104094388,0.9984787231691782,0.345125013019167
trackman_4ms,10,4.774,raw,loop_cross,fused,all,1.0,3,4,-74.99019104094388,0.9984787231691782,0.345125013019167
trackman_4ms,10,4.774,raw,loop_cross,fused,even,-1.0,3,4,-64.55561643682093,0.5627017173423544,0.37838874257460253
trackman_4ms,10,4.774,raw,loop_cross,fused,even,-0.5,3,4,-64.55561643682093,0.5627017173423544,0.37838874257460253
trackman_4ms,10,4.774,raw,loop_cross,fused,even,0.0,3,4,-64.55561643682093,0.5627017173423544,0.37838874257460253
trackman_4ms,10,4.774,raw,loop_cross,fused,even,0.5,3,4,-64.55561643682093,0.5627017173423544,0.37838874257460253
trackman_4ms,10,4.774,raw,loop_cross,fused,even,1.0,3,4,-64.55561643682093,0.5627017173423544,0.37838874257460253
trackman_4ms,10,4.774,raw,loop_cross,fused,odd,-1.0,3,4,-79.14828748910595,1.396612977547664,0.3764906132849901
trackman_4ms,10,4.774,raw,loop_cross,fused,odd,-0.5,3,4,-79.14828748910595,1.396612977547664,0.3764906132849901
trackman_4ms,10,4.774,raw,loop_cross,fused,odd,0.0,3,4,-79.14828748910595,1.396612977547664,0.3764906132849901
trackman_4ms,10,4.774,raw,loop_cross,fused,odd,0.5,3,4,-79.14828748910595,1.396612977547664,0.3764906132849901
trackman_4ms,10,4.774,raw,loop_cross,fused,odd,1.0,3,4,-79.14828748910595,1.396612977547664,0.3764906132849901
trackman_4ms,10,4.774,raw,coherent_cross,tx1,all,-1.0,3,4,83.75593724171497,-2.446920568189242,0.9999999999999999
trackman_4ms,10,4.774,raw,coherent_cross,tx1,all,-0.5,3,4,83.75593724171497,-2.446920568189242,0.9999999999999999
trackman_4ms,10,4.774,raw,coherent_cross,tx1,all,0.0,3,4,83.75593724171497,-2.446920568189242,0.9999999999999999
trackman_4ms,10,4.774,raw,coherent_cross,tx1,all,0.5,3,4,83.75593724171497,-2.446920568189242,0.9999999999999999
trackman_4ms,10,4.774,raw,coherent_cross,tx1,all,1.0,3,4,83.75593724171497,-2.446920568189242,0.9999999999999999
trackman_4ms,10,4.774,raw,coherent_cross,tx1,even,-1.0,3,4,71.01449794550591,-0.778168837571762,1.0
trackman_4ms,10,4.774,raw,coherent_cross,tx1,even,-0.5,3,4,71.01449794550591,-0.778168837571762,1.0
trackman_4ms,10,4.774,raw,coherent_cross,tx1,even,0.0,3,4,71.01449794550591,-0.778168837571762,1.0
trackman_4ms,10,4.774,raw,coherent_cross,tx1,even,0.5,3,4,71.01449794550591,-0.778168837571762,1.0
trackman_4ms,10,4.774,raw,coherent_cross,tx1,even,1.0,3,4,71.01449794550591,-0.778168837571762,1.0
trackman_4ms,10,4.774,raw,coherent_cross,tx1,odd,-1.0,3,4,84.44028254531017,-2.7503781181976663,1.0
trackman_4ms,10,4.774,raw,coherent_cross,tx1,odd,-0.5,3,4,84.44028254531017,-2.7503781181976663,1.0
trackman_4ms,10,4.774,raw,coherent_cross,tx1,odd,0.0,3,4,84.44028254531017,-2.7503781181976663,1.0
trackman_4ms,10,4.774,raw,coherent_cross,tx1,odd,0.5,3,4,84.44028254531017,-2.7503781181976663,1.0
trackman_4ms,10,4.774,raw,coherent_cross,tx1,odd,1.0,3,4,84.44028254531017,-2.7503781181976663,1.0
trackman_4ms,10,4.774,raw,coherent_cross,tx3,all,-1.0,3,4,84.93788824490696,-3.022368507292665,1.0
trackman_4ms,10,4.774,raw,coherent_cross,tx3,all,-0.5,3,4,84.93788824490696,-3.022368507292665,1.0
trackman_4ms,10,4.774,raw,coherent_cross,tx3,all,0.0,3,4,84.93788824490696,-3.022368507292665,1.0
trackman_4ms,10,4.774,raw,coherent_cross,tx3,all,0.5,3,4,84.93788824490696,-3.022368507292665,1.0
trackman_4ms,10,4.774,raw,coherent_cross,tx3,all,1.0,3,4,84.93788824490696,-3.022368507292665,1.0
trackman_4ms,10,4.774,raw,coherent_cross,tx3,even,-1.0,3,4,78.3392515301034,-1.2972689642948672,1.0000000000000002
trackman_4ms,10,4.774,raw,coherent_cross,tx3,even,-0.5,3,4,78.3392515301034,-1.2972689642948672,1.0000000000000002
trackman_4ms,10,4.774,raw,coherent_cross,tx3,even,0.0,3,4,78.3392515301034,-1.2972689642948672,1.0000000000000002
trackman_4ms,10,4.774,raw,coherent_cross,tx3,even,0.5,3,4,78.3392515301034,-1.2972689642948672,1.0000000000000002
trackman_4ms,10,4.774,raw,coherent_cross,tx3,even,1.0,3,4,78.3392515301034,-1.2972689642948672,1.0000000000000002
trackman_4ms,10,4.774,raw,coherent_cross,tx3,odd,-1.0,3,4,-84.10486586872524,2.592872786903201,1.0000000000000002
trackman_4ms,10,4.774,raw,coherent_cross,tx3,odd,-0.5,3,4,-84.10486586872524,2.592872786903201,1.0000000000000002
trackman_4ms,10,4.774,raw,coherent_cross,tx3,odd,0.0,3,4,-84.10486586872524,2.592872786903201,1.0000000000000002
trackman_4ms,10,4.774,raw,coherent_cross,tx3,odd,0.5,3,4,-84.10486586872524,2.592872786903201,1.0000000000000002
trackman_4ms,10,4.774,raw,coherent_cross,tx3,odd,1.0,3,4,-84.10486586872524,2.592872786903201,1.0000000000000002
trackman_4ms,10,4.774,raw,coherent_cross,fused,all,-1.0,3,4,84.46720234988088,-2.763844239376082,0.9593011607771837
trackman_4ms,10,4.774,raw,coherent_cross,fused,all,-0.5,3,4,84.46720234988088,-2.763844239376082,0.9593011607771837
trackman_4ms,10,4.774,raw,coherent_cross,fused,all,0.0,3,4,84.46720234988088,-2.763844239376082,0.9593011607771837
trackman_4ms,10,4.774,raw,coherent_cross,fused,all,0.5,3,4,84.46720234988088,-2.763844239376082,0.9593011607771837
trackman_4ms,10,4.774,raw,coherent_cross,fused,all,1.0,3,4,84.46720234988088,-2.763844239376082,0.9593011607771837
trackman_4ms,10,4.774,raw,coherent_cross,fused,even,-1.0,3,4,75.2539555773832,-1.0171751829145559,0.9667095402457478
trackman_4ms,10,4.774,raw,coherent_cross,fused,even,-0.5,3,4,75.2539555773832,-1.0171751829145559,0.9667095402457478
trackman_4ms,10,4.774,raw,coherent_cross,fused,even,0.0,3,4,75.2539555773832,-1.0171751829145559,0.9667095402457478
trackman_4ms,10,4.774,raw,coherent_cross,fused,even,0.5,3,4,75.2539555773832,-1.0171751829145559,0.9667095402457478
trackman_4ms,10,4.774,raw,coherent_cross,fused,even,1.0,3,4,75.2539555773832,-1.0171751829145559,0.9667095402457478
trackman_4ms,10,4.774,raw,coherent_cross,fused,odd,-1.0,3,4,-84.8235974634137,2.9552845807951096,0.8967651071734584
trackman_4ms,10,4.774,raw,coherent_cross,fused,odd,-0.5,3,4,-84.8235974634137,2.9552845807951096,0.8967651071734584
trackman_4ms,10,4.774,raw,coherent_cross,fused,odd,0.0,3,4,-84.8235974634137,2.9552845807951096,0.8967651071734584
trackman_4ms,10,4.774,raw,coherent_cross,fused,odd,0.5,3,4,-84.8235974634137,2.9552845807951096,0.8967651071734584
trackman_4ms,10,4.774,raw,coherent_cross,fused,odd,1.0,3,4,-84.8235974634137,2.9552845807951096,0.8967651071734584
trackman_4ms,10,4.774,mti,loop_cross,tx1,all,-1.0,3,4,-59.59043808044101,0.4561514185905942,0.9646896072213963
trackman_4ms,10,4.774,mti,loop_cross,tx1,all,-0.5,3,4,-59.59043808044101,0.4561514185905942,0.9646896072213963
trackman_4ms,10,4.774,mti,loop_cross,tx1,all,0.0,3,4,-59.59043808044101,0.4561514185905942,0.9646896072213963
trackman_4ms,10,4.774,mti,loop_cross,tx1,all,0.5,3,4,-59.59043808044101,0.4561514185905942,0.9646896072213963
trackman_4ms,10,4.774,mti,loop_cross,tx1,all,1.0,3,4,-59.59043808044101,0.4561514185905942,0.9646896072213963
trackman_4ms,10,4.774,mti,loop_cross,tx1,even,-1.0,3,4,-63.28078635277906,0.5318670849306824,0.9651199050110456
trackman_4ms,10,4.774,mti,loop_cross,tx1,even,-0.5,3,4,-63.28078635277906,0.5318670849306824,0.9651199050110456
trackman_4ms,10,4.774,mti,loop_cross,tx1,even,0.0,3,4,-63.28078635277906,0.5318670849306824,0.9651199050110456
trackman_4ms,10,4.774,mti,loop_cross,tx1,even,0.5,3,4,-63.28078635277906,0.5318670849306824,0.9651199050110456
trackman_4ms,10,4.774,mti,loop_cross,tx1,even,1.0,3,4,-63.28078635277906,0.5318670849306824,0.9651199050110456
trackman_4ms,10,4.774,mti,loop_cross,tx1,odd,-1.0,3,4,-54.65183755202018,0.3774481173075457,0.9701320330806492
trackman_4ms,10,4.774,mti,loop_cross,tx1,odd,-0.5,3,4,-54.65183755202018,0.3774481173075457,0.9701320330806492
trackman_4ms,10,4.774,mti,loop_cross,tx1,odd,0.0,3,4,-54.65183755202018,0.3774481173075457,0.9701320330806492
trackman_4ms,10,4.774,mti,loop_cross,tx1,odd,0.5,3,4,-54.65183755202018,0.3774481173075457,0.9701320330806492
trackman_4ms,10,4.774,mti,loop_cross,tx1,odd,1.0,3,4,-54.65183755202018,0.3774481173075457,0.9701320330806492
trackman_4ms,10,4.774,mti,loop_cross,tx3,all,-1.0,3,4,49.34526835700811,-0.3117566702524103,0.9130600272553074
trackman_4ms,10,4.774,mti,loop_cross,tx3,all,-0.5,3,4,49.34526835700811,-0.3117566702524103,0.9130600272553074
trackman_4ms,10,4.774,mti,loop_cross,tx3,all,0.0,3,4,49.34526835700811,-0.3117566702524103,0.9130600272553074
trackman_4ms,10,4.774,mti,loop_cross,tx3,all,0.5,3,4,49.34526835700811,-0.3117566702524103,0.9130600272553074
trackman_4ms,10,4.774,mti,loop_cross,tx3,all,1.0,3,4,49.34526835700811,-0.3117566702524103,0.9130600272553074
trackman_4ms,10,4.774,mti,loop_cross,tx3,even,-1.0,3,4,50.77612255810765,-0.32798385804110597,0.9714391128561031
trackman_4ms,10,4.774,mti,loop_cross,tx3,even,-0.5,3,4,50.77612255810765,-0.32798385804110597,0.9714391128561031
trackman_4ms,10,4.774,mti,loop_cross,tx3,even,0.0,3,4,50.77612255810765,-0.32798385804110597,0.9714391128561031
trackman_4ms,10,4.774,mti,loop_cross,tx3,even,0.5,3,4,50.77612255810765,-0.32798385804110597,0.9714391128561031
trackman_4ms,10,4.774,mti,loop_cross,tx3,even,1.0,3,4,50.77612255810765,-0.32798385804110597,0.9714391128561031
trackman_4ms,10,4.774,mti,loop_cross,tx3,odd,-1.0,3,4,47.658992356885726,-0.2938029885898353,0.8563830154381412
trackman_4ms,10,4.774,mti,loop_cross,tx3,odd,-0.5,3,4,47.658992356885726,-0.2938029885898353,0.8563830154381412
trackman_4ms,10,4.774,mti,loop_cross,tx3,odd,0.0,3,4,47.658992356885726,-0.2938029885898353,0.8563830154381412
trackman_4ms,10,4.774,mti,loop_cross,tx3,odd,0.5,3,4,47.658992356885726,-0.2938029885898353,0.8563830154381412
trackman_4ms,10,4.774,mti,loop_cross,tx3,odd,1.0,3,4,47.658992356885726,-0.2938029885898353,0.8563830154381412
trackman_4ms,10,4.774,mti,loop_cross,fused,all,-1.0,3,4,-11.720859832916247,0.055544797177054496,0.8689936071093525
trackman_4ms,10,4.774,mti,loop_cross,fused,all,-0.5,3,4,-11.720859832916247,0.055544797177054496,0.8689936071093525
trackman_4ms,10,4.774,mti,loop_cross,fused,all,0.0,3,4,-11.720859832916247,0.055544797177054496,0.8689936071093525
trackman_4ms,10,4.774,mti,loop_cross,fused,all,0.5,3,4,-11.720859832916247,0.055544797177054496,0.8689936071093525
trackman_4ms,10,4.774,mti,loop_cross,fused,all,1.0,3,4,-11.720859832916247,0.055544797177054496,0.8689936071093525
trackman_4ms,10,4.774,mti,loop_cross,fused,even,-1.0,3,4,-16.00585847998681,0.07679847380933273,0.8805894955799711
trackman_4ms,10,4.774,mti,loop_cross,fused,even,-0.5,3,4,-16.00585847998681,0.07679847380933273,0.8805894955799711
trackman_4ms,10,4.774,mti,loop_cross,fused,even,0.0,3,4,-16.00585847998681,0.07679847380933273,0.8805894955799711
trackman_4ms,10,4.774,mti,loop_cross,fused,even,0.5,3,4,-16.00585847998681,0.07679847380933273,0.8805894955799711
trackman_4ms,10,4.774,mti,loop_cross,fused,even,1.0,3,4,-16.00585847998681,0.07679847380933273,0.8805894955799711
trackman_4ms,10,4.774,mti,loop_cross,fused,odd,-1.0,3,4,-7.146985291179109,0.033569861151435586,0.8577229748198444
trackman_4ms,10,4.774,mti,loop_cross,fused,odd,-0.5,3,4,-7.146985291179109,0.033569861151435586,0.8577229748198444
trackman_4ms,10,4.774,mti,loop_cross,fused,odd,0.0,3,4,-7.146985291179109,0.033569861151435586,0.8577229748198444
trackman_4ms,10,4.774,mti,loop_cross,fused,odd,0.5,3,4,-7.146985291179109,0.033569861151435586,0.8577229748198444
trackman_4ms,10,4.774,mti,loop_cross,fused,odd,1.0,3,4,-7.146985291179109,0.033569861151435586,0.8577229748198444
trackman_4ms,10,4.774,mti,coherent_cross,tx1,all,-1.0,3,4,-61.0992566020939,0.4849677427002606,1.0
trackman_4ms,10,4.774,mti,coherent_cross,tx1,all,-0.5,3,4,-61.0992566020939,0.4849677427002606,1.0
trackman_4ms,10,4.774,mti,coherent_cross,tx1,all,0.0,3,4,-61.0992566020939,0.4849677427002606,1.0
trackman_4ms,10,4.774,mti,coherent_cross,tx1,all,0.5,3,4,-61.0992566020939,0.4849677427002606,1.0
trackman_4ms,10,4.774,mti,coherent_cross,tx1,all,1.0,3,4,-61.0992566020939,0.4849677427002606,1.0
trackman_4ms,10,4.774,mti,coherent_cross,tx1,even,-1.0,3,4,-69.72057323672956,0.7245535952346989,1.0
trackman_4ms,10,4.774,mti,coherent_cross,tx1,even,-0.5,3,4,-69.72057323672956,0.7245535952346989,1.0
trackman_4ms,10,4.774,mti,coherent_cross,tx1,even,0.0,3,4,-69.72057323672956,0.7245535952346989,1.0
trackman_4ms,10,4.774,mti,coherent_cross,tx1,even,0.5,3,4,-69.72057323672956,0.7245535952346989,1.0
trackman_4ms,10,4.774,mti,coherent_cross,tx1,even,1.0,3,4,-69.72057323672956,0.7245535952346989,1.0
trackman_4ms,10,4.774,mti,coherent_cross,tx1,odd,-1.0,3,4,-55.32415920391315,0.3869922421681864,1.0
trackman_4ms,10,4.774,mti,coherent_cross,tx1,odd,-0.5,3,4,-55.32415920391315,0.3869922421681864,1.0
trackman_4ms,10,4.774,mti,coherent_cross,tx1,odd,0.0,3,4,-55.32415920391315,0.3869922421681864,1.0
trackman_4ms,10,4.774,mti,coherent_cross,tx1,odd,0.5,3,4,-55.32415920391315,0.3869922421681864,1.0
trackman_4ms,10,4.774,mti,coherent_cross,tx1,odd,1.0,3,4,-55.32415920391315,0.3869922421681864,1.0
trackman_4ms,10,4.774,mti,coherent_cross,tx3,all,-1.0,3,4,59.95008346604536,-0.462781363144228,1.0000000000000002
trackman_4ms,10,4.774,mti,coherent_cross,tx3,all,-0.5,3,4,59.95008346604536,-0.462781363144228,1.0000000000000002
trackman_4ms,10,4.774,mti,coherent_cross,tx3,all,0.0,3,4,59.95008346604536,-0.462781363144228,1.0000000000000002
trackman_4ms,10,4.774,mti,coherent_cross,tx3,all,0.5,3,4,59.95008346604536,-0.462781363144228,1.0000000000000002
trackman_4ms,10,4.774,mti,coherent_cross,tx3,all,1.0,3,4,59.95008346604536,-0.462781363144228,1.0000000000000002
trackman_4ms,10,4.774,mti,coherent_cross,tx3,even,-1.0,3,4,46.579588619050014,-0.28290907115293723,1.0
trackman_4ms,10,4.774,mti,coherent_cross,tx3,even,-0.5,3,4,46.579588619050014,-0.28290907115293723,1.0
trackman_4ms,10,4.774,mti,coherent_cross,tx3,even,0.0,3,4,46.579588619050014,-0.28290907115293723,1.0
trackman_4ms,10,4.774,mti,coherent_cross,tx3,even,0.5,3,4,46.579588619050014,-0.28290907115293723,1.0
trackman_4ms,10,4.774,mti,coherent_cross,tx3,even,1.0,3,4,46.579588619050014,-0.28290907115293723,1.0
trackman_4ms,10,4.774,mti,coherent_cross,tx3,odd,-1.0,3,4,59.42457989659112,-0.45314145450364374,1.0
trackman_4ms,10,4.774,mti,coherent_cross,tx3,odd,-0.5,3,4,59.42457989659112,-0.45314145450364374,1.0
trackman_4ms,10,4.774,mti,coherent_cross,tx3,odd,0.0,3,4,59.42457989659112,-0.45314145450364374,1.0
trackman_4ms,10,4.774,mti,coherent_cross,tx3,odd,0.5,3,4,59.42457989659112,-0.45314145450364374,1.0
trackman_4ms,10,4.774,mti,coherent_cross,tx3,odd,1.0,3,4,59.42457989659112,-0.45314145450364374,1.0
trackman_4ms,10,4.774,mti,coherent_cross,fused,all,-1.0,3,4,-0.22842714660231486,0.0010673723909926378,0.8898515907684857
trackman_4ms,10,4.774,mti,coherent_cross,fused,all,-0.5,3,4,-0.22842714660231486,0.0010673723909926378,0.8898515907684857
trackman_4ms,10,4.774,mti,coherent_cross,fused,all,0.0,3,4,-0.22842714660231486,0.0010673723909926378,0.8898515907684857
trackman_4ms,10,4.774,mti,coherent_cross,fused,all,0.5,3,4,-0.22842714660231486,0.0010673723909926378,0.8898515907684857
trackman_4ms,10,4.774,mti,coherent_cross,fused,all,1.0,3,4,-0.22842714660231486,0.0010673723909926378,0.8898515907684857
trackman_4ms,10,4.774,mti,coherent_cross,fused,even,-1.0,3,4,-40.253063855773426,0.22667033976216686,0.8758025365847434
trackman_4ms,10,4.774,mti,coherent_cross,fused,even,-0.5,3,4,-40.253063855773426,0.22667033976216686,0.8758025365847434
trackman_4ms,10,4.774,mti,coherent_cross,fused,even,0.0,3,4,-40.253063855773426,0.22667033976216686,0.8758025365847434
trackman_4ms,10,4.774,mti,coherent_cross,fused,even,0.5,3,4,-40.253063855773426,0.22667033976216686,0.8758025365847434
trackman_4ms,10,4.774,mti,coherent_cross,fused,even,1.0,3,4,-40.253063855773426,0.22667033976216686,0.8758025365847434
trackman_4ms,10,4.774,mti,coherent_cross,fused,odd,-1.0,3,4,14.709650208889007,-0.07028448096446653,0.9136941461214437
trackman_4ms,10,4.774,mti,coherent_cross,fused,odd,-0.5,3,4,14.709650208889007,-0.07028448096446653,0.9136941461214437
trackman_4ms,10,4.774,mti,coherent_cross,fused,odd,0.0,3,4,14.709650208889007,-0.07028448096446653,0.9136941461214437
trackman_4ms,10,4.774,mti,coherent_cross,fused,odd,0.5,3,4,14.709650208889007,-0.07028448096446653,0.9136941461214437
trackman_4ms,10,4.774,mti,coherent_cross,fused,odd,1.0,3,4,14.709650208889007,-0.07028448096446653,0.9136941461214437
trackman_4ms,11,2.576,raw,loop_cross,tx1,all,-1.0,6,7,-53.31728960720041,0.33870586367873434,0.6791932055930929
trackman_4ms,11,2.576,raw,loop_cross,tx1,all,-0.5,6,7,-53.388523167685406,0.33870586367873434,0.6791932055930929
trackman_4ms,11,2.576,raw,loop_cross,tx1,all,0.0,6,7,-53.45988857039359,0.33870586367873434,0.6791932055930929
trackman_4ms,11,2.576,raw,loop_cross,tx1,all,0.5,6,7,-53.5313859596419,0.33870586367873434,0.6791932055930929
trackman_4ms,11,2.576,raw,loop_cross,tx1,all,1.0,7,8,79.81984654537331,-1.3904708172390117,0.560366414640043
trackman_4ms,11,2.576,raw,loop_cross,tx1,even,-1.0,6,7,-59.709923353554,0.4319393164086442,0.7711114730429552
trackman_4ms,11,2.576,raw,loop_cross,tx1,even,-0.5,6,7,-59.77466379768459,0.4319393164086442,0.7711114730429552
trackman_4ms,11,2.576,raw,loop_cross,tx1,even,0.0,6,7,-59.83948959223962,0.4319393164086442,0.7711114730429552
trackman_4ms,11,2.576,raw,loop_cross,tx1,even,0.5,6,7,-59.90440073981497,0.4319393164086442,0.7711114730429552
trackman_4ms,11,2.576,raw,loop_cross,tx1,even,1.0,7,8,80.72122607799187,-1.528303617751728,0.5732728874730683
trackman_4ms,11,2.576,raw,loop_cross,tx1,odd,-1.0,6,7,-40.628616072517964,0.21646988465894135,0.5942350840834417
trackman_4ms,11,2.576,raw,loop_cross,tx1,odd,-0.5,6,7,-40.70213894128975,0.21646988465894135,0.5942350840834417
trackman_4ms,11,2.576,raw,loop_cross,tx1,odd,0.0,6,7,-40.775881823857134,0.21646988465894135,0.5942350840834417
trackman_4ms,11,2.576,raw,loop_cross,tx1,odd,0.5,6,7,-40.84984546385987,0.21646988465894135,0.5942350840834417
trackman_4ms,11,2.576,raw,loop_cross,tx1,odd,1.0,7,8,78.77797633464779,-1.2584774255397009,0.558254800163193
trackman_4ms,11,2.576,raw,loop_cross,tx3,all,-1.0,6,7,-6.965414148101033,0.03082452598890963,0.6511489096893143
trackman_4ms,11,2.576,raw,loop_cross,tx3,all,-0.5,6,7,-6.983341950730751,0.03082452598890963,0.6511489096893143
trackman_4ms,11,2.576,raw,loop_cross,tx3,all,0.0,6,7,-7.001361816818683,0.03082452598890963,0.6511489096893143
trackman_4ms,11,2.576,raw,loop_cross,tx3,all,0.5,6,7,-7.019474453748961,0.03082452598890963,0.6511489096893143
trackman_4ms,11,2.576,raw,loop_cross,tx3,all,1.0,7,8,-81.2759417933348,1.6271485072939968,0.5527556795564816
trackman_4ms,11,2.576,raw,loop_cross,tx3,even,-1.0,6,7,-36.06530635588111,0.1837497776657828,0.7662617093115108
trackman_4ms,11,2.576,raw,loop_cross,tx3,even,-0.5,6,7,-36.13611923970388,0.1837497776657828,0.7662617093115108
trackman_4ms,11,2.576,raw,loop_cross,tx3,even,0.0,6,7,-36.20717265687129,0.1837497776657828,0.7662617093115108
trackman_4ms,11,2.576,raw,loop_cross,tx3,even,0.5,6,7,-36.278467615352554,0.1837497776657828,0.7662617093115108
trackman_4ms,11,2.576,raw,loop_cross,tx3,even,1.0,7,8,-78.96570284785594,1.280440717588097,0.5894794517479762
trackman_4ms,11,2.576,raw,loop_cross,tx3,odd,-1.0,6,7,34.91683140637678,-0.17612034608486798,0.5586597642841532
trackman_4ms,11,2.576,raw,loop_cross,tx3,odd,-0.5,6,7,34.986675831429,-0.17612034608486798,0.5586597642841532
trackman_4ms,11,2.576,raw,loop_cross,tx3,odd,0.0,6,7,35.05676441640268,-0.17612034608486798,0.5586597642841532
trackman_4ms,11,2.576,raw,loop_cross,tx3,odd,0.5,6,7,35.127098232963604,-0.17612034608486798,0.5586597642841532
trackman_4ms,11,2.576,raw,loop_cross,tx3,odd,1.0,7,8,-82.63648353897855,1.9321227249909814,0.5780000347789934
trackman_4ms,11,2.576,raw,loop_cross,fused,all,-1.0,6,7,-35.435064021366934,0.17953604375934554,0.656555544049898
trackman_4ms,11,2.576,raw,loop_cross,fused,all,-0.5,6,7,-35.50535946054735,0.17953604375934554,0.656555544049898
trackman_4ms,11,2.576,raw,loop_cross,fused,all,0.0,6,7,-35.575897506986486,0.17953604375934554,0.656555544049898
trackman_4ms,11,2.576,raw,loop_cross,fused,all,0.5,6,7,-35.646679203869425,0.17953604375934554,0.656555544049898
trackman_4ms,11,2.576,raw,loop_cross,fused,all,1.0,7,8,17.23287313756368,-0.07744835475790805,0.0351501129336769
trackman_4ms,11,2.576,raw,loop_cross,fused,even,-1.0,6,7,-50.14344388818879,0.30221830263721816,0.7626714453302772
trackman_4ms,11,2.576,raw,loop_cross,fused,even,-0.5,6,7,-50.21660397991528,0.30221830263721816,0.7626714453302772
trackman_4ms,11,2.576,raw,loop_cross,fused,even,0.0,6,7,-50.28991997557193,0.30221830263721816,0.7626714453302772
trackman_4ms,11,2.576,raw,loop_cross,fused,even,0.5,6,7,-50.36339213317413,0.30221830263721816,0.7626714453302772
trackman_4ms,11,2.576,raw,loop_cross,fused,even,1.0,7,8,37.13602381310232,-0.1890844382895084,0.09648030671019199
trackman_4ms,11,2.576,raw,loop_cross,fused,odd,-1.0,6,7,-3.205286424168555,0.014129369682242222,0.5643198592274096
trackman_4ms,11,2.576,raw,loop_cross,fused,odd,-0.5,6,7,-3.2136010175437204,0.014129369682242222,0.5643198592274096
trackman_4ms,11,2.576,raw,loop_cross,fused,odd,0.0,6,7,-3.2219588140377313,0.014129369682242222,0.5643198592274096
trackman_4ms,11,2.576,raw,loop_cross,fused,odd,0.5,6,7,-3.2303601508981705,0.014129369682242222,0.5643198592274096
trackman_4ms,11,2.576,raw,loop_cross,fused,odd,1.0,7,8,-84.52108992966069,2.603151968366905,0.021727331052004792
trackman_4ms,11,2.576,raw,coherent_cross,tx1,all,-1.0,6,7,-54.56870645483065,0.35461673791554343,0.9999999999999998
trackman_4ms,11,2.576,raw,coherent_cross,tx1,all,-0.5,6,7,-54.63893889611699,0.35461673791554343,0.9999999999999998
trackman_4ms,11,2.576,raw,coherent_cross,tx1,all,0.0,6,7,-54.70929373626562,0.35461673791554343,0.9999999999999998
trackman_4ms,11,2.576,raw,coherent_cross,tx1,all,0.5,6,7,-54.7797710828082,0.35461673791554343,0.9999999999999998
trackman_4ms,11,2.576,raw,coherent_cross,tx1,all,1.0,7,8,83.96186679144512,-2.3605088883368404,1.0000000000000002
trackman_4ms,11,2.576,raw,coherent_cross,tx1,even,-1.0,6,7,-26.678287509249063,0.12677622527899515,1.0
trackman_4ms,11,2.576,raw,coherent_cross,tx1,even,-0.5,6,7,-26.738007719595732,0.12677622527899515,1.0
trackman_4ms,11,2.576,raw,coherent_cross,tx1,even,0.0,6,7,-26.797976077838474,0.12677622527899515,1.0
trackman_4ms,11,2.576,raw,coherent_cross,tx1,even,0.5,6,7,-26.858194001634775,0.12677622527899515,1.0
trackman_4ms,11,2.576,raw,coherent_cross,tx1,even,1.0,7,8,84.16514136178621,-2.44334591437257,1.0
trackman_4ms,11,2.576,raw,coherent_cross,tx1,odd,-1.0,6,7,-47.93501379515067,0.27957431506170777,1.0000000000000002
trackman_4ms,11,2.576,raw,coherent_cross,tx1,odd,-0.5,6,7,-48.00898651762834,0.27957431506170777,1.0000000000000002
trackman_4ms,11,2.576,raw,coherent_cross,tx1,odd,0.0,6,7,-48.083131570290575,0.27957431506170777,1.0000000000000002
trackman_4ms,11,2.576,raw,coherent_cross,tx1,odd,0.5,6,7,-48.15744930684141,0.27957431506170777,1.0000000000000002
trackman_4ms,11,2.576,raw,coherent_cross,tx1,odd,1.0,7,8,81.33129306298312,-1.6376999662384413,1.0
trackman_4ms,11,2.576,raw,coherent_cross,tx3,all,-1.0,6,7,18.110879775516448,-0.08251888994275096,1.0000000000000002
trackman_4ms,11,2.576,raw,coherent_cross,tx3,all,-0.5,6,7,18.154873480861884,-0.08251888994275096,1.0000000000000002
trackman_4ms,11,2.576,raw,coherent_cross,tx3,all,0.0,6,7,18.199074186694382,-0.08251888994275096,1.0000000000000002
trackman_4ms,11,2.576,raw,coherent_cross,tx3,all,0.5,6,7,18.243483304452642,-0.08251888994275096,1.0000000000000002
trackman_4ms,11,2.576,raw,coherent_cross,tx3,all,1.0,7,8,-79.97532195282768,1.4124930935837303,1.0
trackman_4ms,11,2.576,raw,coherent_cross,tx3,even,-1.0,6,7,29.349623931728665,-0.14187422199759372,1.0
trackman_4ms,11,2.576,raw,coherent_cross,tx3,even,-0.5,6,7,29.41321457269277,-0.14187422199759372,1.0
trackman_4ms,11,2.576,raw,coherent_cross,tx3,even,0.0,6,7,29.47705657652569,-0.14187422199759372,1.0
trackman_4ms,11,2.576,raw,coherent_cross,tx3,even,0.5,6,7,29.541151277098923,-0.14187422199759372,1.0
trackman_4ms,11,2.576,raw,coherent_cross,tx3,even,1.0,7,8,-83.45704494847581,2.176971443204938,1.0
trackman_4ms,11,2.576,raw,coherent_cross,tx3,odd,-1.0,6,7,60.93784970851813,-0.45400744030663176,1.0000000000000002
trackman_4ms,11,2.576,raw,coherent_cross,tx3,odd,-0.5,6,7,61.00096328106597,-0.45400744030663176,1.0000000000000002
trackman_4ms,11,2.576,raw,coherent_cross,tx3,odd,0.0,6,7,61.064154018216364,-0.45400744030663176,1.0000000000000002
trackman_4ms,11,2.576,raw,coherent_cross,tx3,odd,0.5,6,7,61.12742190756452,-0.45400744030663176,1.0000000000000002
trackman_4ms,11,2.576,raw,coherent_cross,tx3,odd,1.0,7,8,-82.02575707214844,1.782436023035279,1.0
trackman_4ms,11,2.576,raw,coherent_cross,fused,all,-1.0,6,7,-20.493632970065306,0.09430087356323955,0.9770603292150489
trackman_4ms,11,2.576,raw,coherent_cross,fused,all,-0.5,6,7,-20.542461115101325,0.09430087356323955,0.9770603292150489
trackman_4ms,11,2.576,raw,coherent_cross,fused,all,0.0,6,7,-20.591512365273857,0.09430087356323955,0.9770603292150489
trackman_4ms,11,2.576,raw,coherent_cross,fused,all,0.5,6,7,-20.64078818080308,0.09430087356323955,0.9770603292150489
trackman_4ms,11,2.576,raw,coherent_cross,fused,all,1.0,7,8,-82.52214371101184,1.90224930324097,0.4305434167457517
trackman_4ms,11,2.576,raw,coherent_cross,fused,even,-1.0,6,7,6.044120586718928,-0.026714732580165473,0.9911739600655143
trackman_4ms,11,2.576,raw,coherent_cross,fused,even,-0.5,6,7,6.059715324534308,-0.026714732580165473,0.9911739600655143
trackman_4ms,11,2.576,raw,coherent_cross,fused,even,0.0,6,7,6.075390441443973,-0.026714732580165473,0.9911739600655143
trackman_4ms,11,2.576,raw,coherent_cross,fused,even,0.5,6,7,6.091146558129138,-0.026714732580165473,0.9911739600655143
trackman_4ms,11,2.576,raw,coherent_cross,fused,even,1.0,7,8,-85.42528059888551,3.1205529577800526,0.678076532519354
trackman_4ms,11,2.576,raw,coherent_cross,fused,odd,-1.0,6,7,27.587658518832225,-0.1318324720584789,0.9344128682299828
trackman_4ms,11,2.576,raw,coherent_cross,fused,odd,-0.5,6,7,27.64875646335136,-0.1318324720584789,0.9344128682299828
trackman_4ms,11,2.576,raw,coherent_cross,fused,odd,0.0,6,7,27.710104158951452,-0.1318324720584789,0.9344128682299828
trackman_4ms,11,2.576,raw,coherent_cross,fused,odd,0.5,6,7,27.771702998607115,-0.1318324720584789,0.9344128682299828
trackman_4ms,11,2.576,raw,coherent_cross,fused,odd,1.0,7,8,-84.82764697919838,2.758354678124634,0.15459099606515667
trackman_4ms,11,2.576,mti,loop_cross,tx1,all,-1.0,6,7,-49.96684961907066,0.3003318614205453,0.8444965523100301
trackman_4ms,11,2.576,mti,loop_cross,tx1,all,-0.5,6,7,-50.04009074753046,0.3003318614205453,0.8444965523100301
trackman_4ms,11,2.576,mti,loop_cross,tx1,all,0.0,6,7,-50.11348910940031,0.3003318614205453,0.8444965523100301
trackman_4ms,11,2.576,mti,loop_cross,tx1,all,0.5,6,7,-50.187044969864424,0.3003318614205453,0.8444965523100301
trackman_4ms,11,2.576,mti,loop_cross,tx1,all,1.0,7,8,-7.823647538757611,0.03430799213075521,0.92959749788438
trackman_4ms,11,2.576,mti,loop_cross,tx1,even,-1.0,6,7,-53.71564371854082,0.34366773469064965,0.8796667325750934
trackman_4ms,11,2.576,mti,loop_cross,tx1,even,-0.5,6,7,-53.78657324214235,0.34366773469064965,0.8796667325750934
trackman_4ms,11,2.576,mti,loop_cross,tx1,even,0.0,6,7,-53.857631593152014,0.34366773469064965,0.8796667325750934
trackman_4ms,11,2.576,mti,loop_cross,tx1,even,0.5,6,7,-53.92881890368151,0.34366773469064965,0.8796667325750934
trackman_4ms,11,2.576,mti,loop_cross,tx1,even,1.0,7,8,-2.5984330108256075,0.011331422222728671,0.9582846594333746
trackman_4ms,11,2.576,mti,loop_cross,tx1,odd,-1.0,6,7,-44.8715188880154,0.25117559710791165,0.809622668264351
trackman_4ms,11,2.576,mti,loop_cross,tx1,odd,-0.5,6,7,-44.94589109097779,0.25117559710791165,0.809622668264351
trackman_4ms,11,2.576,mti,loop_cross,tx1,odd,0.0,6,7,-45.02045723946063,0.25117559710791165,0.809622668264351
trackman_4ms,11,2.576,mti,loop_cross,tx1,odd,0.5,6,7,-45.09521783952555,0.25117559710791165,0.809622668264351
trackman_4ms,11,2.576,mti,loop_cross,tx1,odd,1.0,7,8,-13.917233817380765,0.061871237586836506,0.8979761417823299
trackman_4ms,11,2.576,mti,loop_cross,tx3,all,-1.0,6,7,64.2997043168017,-0.5242433380184476,0.9258551459651949
trackman_4ms,11,2.576,mti,loop_cross,tx3,all,-0.5,6,7,64.35778142215784,-0.5242433380184476,0.9258551459651949
trackman_4ms,11,2.576,mti,loop_cross,tx3,all,0.0,6,7,64.41591509993651,-0.5242433380184476,0.9258551459651949
trackman_4ms,11,2.576,mti,loop_cross,tx3,all,0.5,6,7,64.4741053129704,-0.5242433380184476,0.9258551459651949
trackman_4ms,11,2.576,mti,loop_cross,tx3,all,1.0,7,8,13.963059484345111,-0.06208324442523121,0.9848407922665874
trackman_4ms,11,2.576,mti,loop_cross,tx3,even,-1.0,6,7,61.46386129690766,-0.46398914511140243,0.9162314793289307
trackman_4ms,11,2.576,mti,loop_cross,tx3,even,-0.5,6,7,61.526242381577035,-0.46398914511140243,0.9162314793289307
trackman_4ms,11,2.576,mti,loop_cross,tx3,even,0.0,6,7,61.58869722543671,-0.46398914511140243,0.9162314793289307
trackman_4ms,11,2.576,mti,loop_cross,tx3,even,0.5,6,7,61.65122581070293,-0.46398914511140243,0.9162314793289307
trackman_4ms,11,2.576,mti,loop_cross,tx3,even,1.0,7,8,22.726708045330167,-0.10458352990873773,0.9941953715214357
trackman_4ms,11,2.576,mti,loop_cross,tx3,odd,-1.0,6,7,66.95867569243698,-0.5932025056723687,0.9413612438327126
trackman_4ms,11,2.576,mti,loop_cross,tx3,odd,-0.5,6,7,67.01220109593376,-0.5932025056723687,0.9413612438327126
trackman_4ms,11,2.576,mti,loop_cross,tx3,odd,0.0,6,7,67.06576895808675,-0.5932025056723687,0.9413612438327126
trackman_4ms,11,2.576,mti,loop_cross,tx3,odd,0.5,6,7,67.11937923567689,-0.5932025056723687,0.9413612438327126
trackman_4ms,11,2.576,mti,loop_cross,tx3,odd,1.0,7,8,4.788375577668193,-0.020915871746788238,0.9776139605226943
trackman_4ms,11,2.576,mti,loop_cross,fused,all,-1.0,6,7,37.759814818606635,-0.19542424362638583,0.8193212249202046
trackman_4ms,11,2.576,mti,loop_cross,fused,all,-0.5,6,7,37.83184815454005,-0.19542424362638583,0.8193212249202046
trackman_4ms,11,2.576,mti,loop_cross,fused,all,0.0,6,7,37.9041154829762,-0.19542424362638583,0.8193212249202046
trackman_4ms,11,2.576,mti,loop_cross,fused,all,0.5,6,7,37.97661771485707,-0.19542424362638583,0.8193212249202046
trackman_4ms,11,2.576,mti,loop_cross,fused,all,1.0,7,8,5.118350896083867,-0.02236466921760174,0.9602157092819724
trackman_4ms,11,2.576,mti,loop_cross,fused,even,-1.0,6,7,29.504179631875292,-0.14277137914005977,0.8314835678286379
trackman_4ms,11,2.576,mti,loop_cross,fused,even,-0.5,6,7,29.567977560955907,-0.14277137914005977,0.8314835678286379
trackman_4ms,11,2.576,mti,loop_cross,fused,even,0.0,6,7,29.63202690145175,-0.14277137914005977,0.8314835678286379
trackman_4ms,11,2.576,mti,loop_cross,fused,even,0.5,6,7,29.696328981392405,-0.14277137914005977,0.8314835678286379
trackman_4ms,11,2.576,mti,loop_cross,fused,even,1.0,7,8,12.186483599343223,-0.0539228000278163,0.9765558829745304
trackman_4ms,11,2.576,mti,loop_cross,fused,odd,-1.0,6,7,45.40986366428718,-0.2559403899109976,0.8084985504314455
trackman_4ms,11,2.576,mti,loop_cross,fused,odd,-0.5,6,7,45.484227189820636,-0.2559403899109976,0.8084985504314455
trackman_4ms,11,2.576,mti,loop_cross,fused,odd,0.0,6,7,45.558780996521314,-0.2559403899109976,0.8084985504314455
trackman_4ms,11,2.576,mti,loop_cross,fused,odd,0.5,6,7,45.63352556222915,-0.2559403899109976,0.8084985504314455
trackman_4ms,11,2.576,mti,loop_cross,fused,odd,1.0,7,8,-2.5192047265868087,0.010985465463326174,0.9445364018496463
trackman_4ms,11,2.576,mti,coherent_cross,tx1,all,-1.0,6,7,-17.96182916082238,0.08179294570058701,1.0
trackman_4ms,11,2.576,mti,coherent_cross,tx1,all,-0.5,6,7,-18.005509953191403,0.08179294570058701,1.0
trackman_4ms,11,2.576,mti,coherent_cross,tx1,all,0.0,6,7,-18.049396624679748,0.08179294570058701,1.0
trackman_4ms,11,2.576,mti,coherent_cross,tx1,all,0.5,6,7,-18.09349058240664,0.08179294570058701,1.0
trackman_4ms,11,2.576,mti,coherent_cross,tx1,all,1.0,7,8,-65.2563022534822,0.5417718380027114,1.0
trackman_4ms,11,2.576,mti,coherent_cross,tx1,even,-1.0,6,7,77.84579583427436,-1.1714875325151932,0.9999999999999998
trackman_4ms,11,2.576,mti,coherent_cross,tx1,even,-0.5,6,7,77.87637498061348,-1.1714875325151932,0.9999999999999998
trackman_4ms,11,2.576,mti,coherent_cross,tx1,even,0.0,6,7,77.9069611401761,-1.1714875325151932,0.9999999999999998
trackman_4ms,11,2.576,mti,coherent_cross,tx1,even,0.5,6,7,77.93755429793667,-1.1714875325151932,0.9999999999999998
trackman_4ms,11,2.576,mti,coherent_cross,tx1,even,1.0,7,8,-80.8725804310694,1.5540914305806317,1.0
trackman_4ms,11,2.576,mti,coherent_cross,tx1,odd,-1.0,6,7,-70.85196690866407,0.7266415550001958,1.0
trackman_4ms,11,2.576,mti,coherent_cross,tx1,odd,-0.5,6,7,-70.89801053833267,0.7266415550001958,1.0
trackman_4ms,11,2.576,mti,coherent_cross,tx1,odd,0.0,6,7,-70.94407981081432,0.7266415550001958,1.0
trackman_4ms,11,2.576,mti,coherent_cross,tx1,odd,0.5,6,7,-70.99017468791811,0.7266415550001958,1.0
trackman_4ms,11,2.576,mti,coherent_cross,tx1,odd,1.0,7,8,-29.7225597542821,0.1425498394949202,1.0
trackman_4ms,11,2.576,mti,coherent_cross,tx3,all,-1.0,6,7,56.221072234126034,-0.37718814349778,1.0
trackman_4ms,11,2.576,mti,coherent_cross,tx3,all,-0.5,6,7,56.28977814524861,-0.37718814349778,1.0
trackman_4ms,11,2.576,mti,coherent_cross,tx3,all,0.0,6,7,56.35859416732142,-0.37718814349778,1.0
trackman_4ms,11,2.576,mti,coherent_cross,tx3,all,0.5,6,7,56.42752036623925,-0.37718814349778,1.0
trackman_4ms,11,2.576,mti,coherent_cross,tx3,all,1.0,7,8,72.45757814732552,-0.7898694326794644,1.0
trackman_4ms,11,2.576,mti,coherent_cross,tx3,even,-1.0,6,7,-51.44889975485984,0.3166103536402019,1.0000000000000002
trackman_4ms,11,2.576,mti,coherent_cross,tx3,even,-0.5,6,7,-51.521374839999304,0.3166103536402019,1.0000000000000002
trackman_4ms,11,2.576,mti,coherent_cross,tx3,even,0.0,6,7,-51.59399595153421,0.3166103536402019,1.0000000000000002
trackman_4ms,11,2.576,mti,coherent_cross,tx3,even,0.5,6,7,-51.666763297203865,0.3166103536402019,1.0000000000000002
trackman_4ms,11,2.576,mti,coherent_cross,tx3,even,1.0,7,8,-84.27550621488504,2.490776346338583,1.0
trackman_4ms,11,2.576,mti,coherent_cross,tx3,odd,-1.0,6,7,69.21800171750009,-0.6648257344554814,1.0
trackman_4ms,11,2.576,mti,coherent_cross,tx3,odd,-0.5,6,7,69.2672967635807,-0.6648257344554814,1.0
trackman_4ms,11,2.576,mti,coherent_cross,tx3,odd,0.0,6,7,69.31662393788162,-0.6648257344554814,1.0
trackman_4ms,11,2.576,mti,coherent_cross,tx3,odd,0.5,6,7,69.36598319862998,-0.6648257344554814,1.0
trackman_4ms,11,2.576,mti,coherent_cross,tx3,odd,1.0,7,8,70.74889335454812,-0.7149522178525711,1.0
trackman_4ms,11,2.576,mti,coherent_cross,fused,all,-1.0,6,7,24.53915662234843,-0.1151901400749048,0.9742971545877467
trackman_4ms,11,2.576,mti,coherent_cross,fused,all,-0.5,6,7,24.59540074818342,-0.1151901400749048,0.9742971545877467
trackman_4ms,11,2.576,mti,coherent_cross,fused,all,0.0,6,7,24.651887150200533,-0.1151901400749048,0.9742971545877467
trackman_4ms,11,2.576,mti,coherent_cross,fused,all,0.5,6,7,24.708617286699027,-0.1151901400749048,0.9742971545877467
trackman_4ms,11,2.576,mti,coherent_cross,fused,all,1.0,7,8,34.916290916451054,-0.17429031538537357,0.7874037168771912
trackman_4ms,11,2.576,mti,coherent_cross,fused,even,-1.0,6,7,69.43406484122544,-0.672459216578904,0.7583835145972341
trackman_4ms,11,2.576,mti,coherent_cross,fused,even,-0.5,6,7,69.48293889236015,-0.672459216578904,0.7583835145972341
trackman_4ms,11,2.576,mti,coherent_cross,fused,even,0.0,6,7,69.53184416638234,-0.672459216578904,0.7583835145972341
trackman_4ms,11,2.576,mti,coherent_cross,fused,even,0.5,6,7,69.58078062189216,-0.672459216578904,0.7583835145972341
trackman_4ms,11,2.576,mti,coherent_cross,fused,even,1.0,7,8,-82.80256281015787,1.9771951517014703,0.8932316038858812
trackman_4ms,11,2.576,mti,coherent_cross,fused,odd,-1.0,6,7,-48.00997525115137,0.2803107869872406,0.7920909911361272
trackman_4ms,11,2.576,mti,coherent_cross,fused,odd,-0.5,6,7,-48.08392757042494,0.2803107869872406,0.7920909911361272
trackman_4ms,11,2.576,mti,coherent_cross,fused,odd,0.0,6,7,-48.1580516711499,0.2803107869872406,0.7920909911361272
trackman_4ms,11,2.576,mti,coherent_cross,fused,odd,0.5,6,7,-48.23234790357384,0.2803107869872406,0.7920909911361272
trackman_4ms,11,2.576,mti,coherent_cross,fused,odd,1.0,7,8,48.46229499576318,-0.28184697024597793,0.9094943218964031
trackman_4ms,12,3.916,raw,loop_cross,tx1,all,-1.0,8,9,-80.32743046222902,1.5117746938998196,0.7795162389024429
trackman_4ms,12,3.916,raw,loop_cross,tx1,all,-0.5,8,9,-80.3064748021777,1.5117746938998196,0.7795162389024429
trackman_4ms,12,3.916,raw,loop_cross,tx1,all,0.0,8,9,-80.28552176022748,1.5117746938998196,0.7795162389024429
trackman_4ms,12,3.916,raw,loop_cross,tx1,all,0.5,8,9,-80.26457134149108,1.5117746938998196,0.7795162389024429
trackman_4ms,12,3.916,raw,loop_cross,tx1,all,1.0,9,10,-84.3899335257073,2.646322608278804,0.47676328695619424
trackman_4ms,12,3.916,raw,loop_cross,tx1,even,-1.0,8,9,-79.64116193559694,1.4096227800718943,0.7638185280787342
trackman_4ms,12,3.916,raw,loop_cross,tx1,even,-0.5,8,9,-79.61878275598346,1.4096227800718943,0.7638185280787342
trackman_4ms,12,3.916,raw,loop_cross,tx1,even,0.0,8,9,-79.596406778569,1.4096227800718943,0.7638185280787342
trackman_4ms,12,3.916,raw,loop_cross,tx1,even,0.5,8,9,-79.57403400949033,1.4096227800718943,0.7638185280787342
trackman_4ms,12,3.916,raw,loop_cross,tx1,even,1.0,9,10,-84.60198475281899,2.750933356332761,0.4462507545549152
trackman_4ms,12,3.916,raw,loop_cross,tx1,odd,-1.0,8,9,-80.94454218783696,1.6167192312756777,0.805258766229984
trackman_4ms,12,3.916,raw,loop_cross,tx1,odd,-0.5,8,9,-80.92487692021123,1.6167192312756777,0.805258766229984
trackman_4ms,12,3.916,raw,loop_cross,tx1,odd,0.0,8,9,-80.90521380855476,1.6167192312756777,0.805258766229984
trackman_4ms,12,3.916,raw,loop_cross,tx1,odd,0.5,8,9,-80.88555285714396,1.6167192312756777,0.805258766229984
trackman_4ms,12,3.916,raw,loop_cross,tx1,odd,1.0,9,10,-84.17802292288252,2.5493706083031817,0.5143908199537203
trackman_4ms,12,3.916,raw,loop_cross,tx3,all,-1.0,8,9,-57.19247793062601,0.39970648814718973,0.8401771203229214
trackman_4ms,12,3.916,raw,loop_cross,tx3,all,-0.5,8,9,-57.13489418424729,0.39970648814718973,0.8401771203229214
trackman_4ms,12,3.916,raw,loop_cross,tx3,all,0.0,8,9,-57.077385120557636,0.39970648814718973,0.8401771203229214
trackman_4ms,12,3.916,raw,loop_cross,tx3,all,0.5,8,9,-57.01995071001343,0.39970648814718973,0.8401771203229214
trackman_4ms,12,3.916,raw,loop_cross,tx3,all,1.0,9,10,-78.5599183255165,1.2845382499048132,0.6230011781142717
trackman_4ms,12,3.916,raw,loop_cross,tx3,even,-1.0,8,9,-59.03714794120876,0.4294612494731176,0.8636671838816868
trackman_4ms,12,3.916,raw,loop_cross,tx3,even,-0.5,8,9,-58.98135960973698,0.4294612494731176,0.8636671838816868
trackman_4ms,12,3.916,raw,loop_cross,tx3,even,0.0,8,9,-58.92563652810592,0.4294612494731176,0.8636671838816868
trackman_4ms,12,3.916,raw,loop_cross,tx3,even,0.5,8,9,-58.86997868713565,0.4294612494731176,0.8636671838816868
trackman_4ms,12,3.916,raw,loop_cross,tx3,even,1.0,9,10,-79.42966593888933,1.3929849659321492,0.7592400143633534
trackman_4ms,12,3.916,raw,loop_cross,tx3,odd,-1.0,8,9,-54.92291032922438,0.36693560755196686,0.816554481822464
trackman_4ms,12,3.916,raw,loop_cross,tx3,odd,-0.5,8,9,-54.863446224482,0.36693560755196686,0.816554481822464
trackman_4ms,12,3.916,raw,loop_cross,tx3,odd,0.0,8,9,-54.80406885803448,0.36693560755196686,0.816554481822464
trackman_4ms,12,3.916,raw,loop_cross,tx3,odd,0.5,8,9,-54.74477816749824,0.36693560755196686,0.816554481822464
trackman_4ms,12,3.916,raw,loop_cross,tx3,odd,1.0,9,10,-76.40261372646633,1.0746926441950484,0.47480825905002827
trackman_4ms,12,3.916,raw,loop_cross,fused,all,-1.0,8,9,-71.15335515084342,0.7548783940818343,0.7096841219659339
trackman_4ms,12,3.916,raw,loop_cross,fused,all,-0.5,8,9,-71.11468178399303,0.7548783940818343,0.7096841219659339
trackman_4ms,12,3.916,raw,loop_cross,fused,all,0.0,8,9,-71.07602626850925,0.7548783940818343,0.7096841219659339
trackman_4ms,12,3.916,raw,loop_cross,fused,all,0.5,8,9,-71.03738862720039,0.7548783940818343,0.7096841219659339
trackman_4ms,12,3.916,raw,loop_cross,fused,all,1.0,9,10,-82.01256287820749,1.8525421808909415,0.43040771865057514
trackman_4ms,12,3.916,raw,loop_cross,fused,even,-1.0,8,9,-70.79871869138283,0.7398670812073805,0.7424700641642403
trackman_4ms,12,3.916,raw,loop_cross,fused,even,-0.5,8,9,-70.75942906320904,0.7398670812073805,0.7424700641642403
trackman_4ms,12,3.916,raw,loop_cross,fused,even,0.0,8,9,-70.72015823336667,0.7398670812073805,0.7424700641642403
trackman_4ms,12,3.916,raw,loop_cross,fused,even,0.5,8,9,-70.68090622523854,0.7398670812073805,0.7424700641642403
trackman_4ms,12,3.916,raw,loop_cross,fused,even,1.0,9,10,-81.96134771672419,1.8405846106693002,0.48628347041250847
trackman_4ms,12,3.916,raw,loop_cross,fused,odd,-1.0,8,9,-71.54952499030357,0.7723049207350671,0.6752598292069012
trackman_4ms,12,3.916,raw,loop_cross,fused,odd,-0.5,8,9,-71.5115470805218,0.7723049207350671,0.6752598292069012
trackman_4ms,12,3.916,raw,loop_cross,fused,odd,0.0,8,9,-71.47358599770779,0.7723049207350671,0.6752598292069012
trackman_4ms,12,3.916,raw,loop_cross,fused,odd,0.5,8,9,-71.43564176398581,0.7723049207350671,0.6752598292069012
trackman_4ms,12,3.916,raw,loop_cross,fused,odd,1.0,9,10,-82.08831661944423,1.870510938255432,0.367119034342047
trackman_4ms,12,3.916,raw,coherent_cross,tx1,all,-1.0,8,9,79.85286059225446,-1.4396756506745332,1.0000000000000002
trackman_4ms,12,3.916,raw,coherent_cross,tx1,all,-0.5,8,9,79.83091920094252,-1.4396756506745332,1.0000000000000002
trackman_4ms,12,3.916,raw,coherent_cross,tx1,all,0.0,8,9,79.80898082353212,-1.4396756506745332,1.0000000000000002
trackman_4ms,12,3.916,raw,coherent_cross,tx1,all,0.5,8,9,79.78704546583381,-1.4396756506745332,1.0000000000000002
trackman_4ms,12,3.916,raw,coherent_cross,tx1,all,1.0,9,10,-80.48614263726195,1.5510572375121652,1.0000000000000002
trackman_4ms,12,3.916,raw,coherent_cross,tx1,even,-1.0,8,9,-85.306497719216,3.138429217544597,1.0
trackman_4ms,12,3.916,raw,coherent_cross,tx1,even,-0.5,8,9,-85.29617924130036,3.138429217544597,1.0
trackman_4ms,12,3.916,raw,coherent_cross,tx1,even,0.0,8,9,-85.28586106918029,3.138429217544597,1.0
trackman_4ms,12,3.916,raw,coherent_cross,tx1,even,0.5,8,9,-85.27554320351136,3.138429217544597,1.0
trackman_4ms,12,3.916,raw,coherent_cross,tx1,even,1.0,9,10,-84.11413421176792,2.5215057576685402,1.0
trackman_4ms,12,3.916,raw,coherent_cross,tx1,odd,-1.0,8,9,-70.42410749568732,0.7245790808329491,1.0
trackman_4ms,12,3.916,raw,coherent_cross,tx1,odd,-0.5,8,9,-70.38417345346119,0.7245790808329491,1.0
trackman_4ms,12,3.916,raw,coherent_cross,tx1,odd,0.0,8,9,-70.34425924065714,0.7245790808329491,1.0
trackman_4ms,12,3.916,raw,coherent_cross,tx1,odd,0.5,8,9,-70.30436488122108,0.7245790808329491,1.0
trackman_4ms,12,3.916,raw,coherent_cross,tx1,odd,1.0,9,10,70.68110947920296,-0.7414986452138569,0.9999999999999999
trackman_4ms,12,3.916,raw,coherent_cross,tx3,all,-1.0,8,9,-82.7750720298929,2.032536410379408,1.0000000000000002
trackman_4ms,12,3.916,raw,coherent_cross,tx3,all,-0.5,8,9,-82.75928594648785,2.032536410379408,1.0000000000000002
trackman_4ms,12,3.916,raw,coherent_cross,tx3,all,0.0,8,9,-82.74350096819178,2.032536410379408,1.0000000000000002
trackman_4ms,12,3.916,raw,coherent_cross,tx3,all,0.5,8,9,-82.72771709728461,2.032536410379408,1.0000000000000002
trackman_4ms,12,3.916,raw,coherent_cross,tx3,all,1.0,9,10,83.62304132812557,-2.3258929515385485,0.9999999999999998
trackman_4ms,12,3.916,raw,coherent_cross,tx3,even,-1.0,8,9,-83.26233468426891,2.181044536089875,1.0
trackman_4ms,12,3.916,raw,coherent_cross,tx3,even,-0.5,8,9,-83.24759274212158,2.181044536089875,1.0
trackman_4ms,12,3.916,raw,coherent_cross,tx3,even,0.0,8,9,-83.23285169811311,2.181044536089875,1.0
trackman_4ms,12,3.916,raw,coherent_cross,tx3,even,0.5,8,9,-83.21811155411271,2.181044536089875,1.0
trackman_4ms,12,3.916,raw,coherent_cross,tx3,even,1.0,9,10,-84.95357075702479,2.9436932463071717,1.0000000000000002
trackman_4ms,12,3.916,raw,coherent_cross,tx3,odd,-1.0,8,9,-81.66201111263851,1.758085524319492,1.0000000000000002
trackman_4ms,12,3.916,raw,coherent_cross,tx3,odd,-0.5,8,9,-81.64385755262283,1.758085524319492,1.0000000000000002
trackman_4ms,12,3.916,raw,coherent_cross,tx3,odd,0.0,8,9,-81.62570568214629,1.758085524319492,1.0000000000000002
trackman_4ms,12,3.916,raw,coherent_cross,tx3,odd,0.5,8,9,-81.60755550461624,1.758085524319492,1.0000000000000002
trackman_4ms,12,3.916,raw,coherent_cross,tx3,odd,1.0,9,10,76.24429879178756,-1.0618442345267867,1.0
trackman_4ms,12,3.916,raw,coherent_cross,fused,all,-1.0,8,9,-83.10760608951365,2.1316223220976913,0.6297033686736915
trackman_4ms,12,3.916,raw,coherent_cross,fused,all,-0.5,8,9,-83.09253210583697,2.1316223220976913,0.6297033686736915
trackman_4ms,12,3.916,raw,coherent_cross,fused,all,0.0,8,9,-83.07745908298287,2.1316223220976913,0.6297033686736915
trackman_4ms,12,3.916,raw,coherent_cross,fused,all,0.5,8,9,-83.06238702294566,2.1316223220976913,0.6297033686736915
trackman_4ms,12,3.916,raw,coherent_cross,fused,all,1.0,9,10,84.58328378387233,-2.7413793506264033,0.5094784382087985
trackman_4ms,12,3.916,raw,coherent_cross,fused,even,-1.0,8,9,-83.99093861460793,2.447818786361348,0.9079085911980903
trackman_4ms,12,3.916,raw,coherent_cross,fused,even,-0.5,8,9,-83.97776586525995,2.447818786361348,0.9079085911980903
trackman_4ms,12,3.916,raw,coherent_cross,fused,even,0.0,8,9,-83.96459375487774,2.447818786361348,0.9079085911980903
trackman_4ms,12,3.916,raw,coherent_cross,fused,even,0.5,8,9,-83.95142228480708,2.447818786361348,0.9079085911980903
trackman_4ms,12,3.916,raw,coherent_cross,fused,even,1.0,9,10,-84.59282954978877,2.746247886815656,0.9778934067404896
trackman_4ms,12,3.916,raw,coherent_cross,fused,odd,-1.0,8,9,-80.40564755901025,1.5243356508572632,0.9054454757501633
trackman_4ms,12,3.916,raw,coherent_cross,fused,odd,-0.5,8,9,-80.38485492504394,1.5243356508572632,0.9054454757501633
trackman_4ms,12,3.916,raw,coherent_cross,fused,odd,0.0,8,9,-80.36406484736736,1.5243356508572632,0.9054454757501633
trackman_4ms,12,3.916,raw,coherent_cross,fused,odd,0.5,8,9,-80.3432773309827,1.5243356508572632,0.9054454757501633
trackman_4ms,12,3.916,raw,coherent_cross,fused,odd,1.0,9,10,74.51712952851679,-0.9384157725593487,0.9878665462991898
trackman_4ms,12,3.916,mti,loop_cross,tx1,all,-1.0,8,9,-39.95473237105727,0.21586204882006962,0.8568952682486556
trackman_4ms,12,3.916,mti,loop_cross,tx1,all,-0.5,8,9,-39.89252686806448,0.21586204882006962,0.8568952682486556
trackman_4ms,12,3.916,mti,loop_cross,tx1,all,0.0,8,9,-39.830482533344195,0.21586204882006962,0.8568952682486556
trackman_4ms,12,3.916,mti,loop_cross,tx1,all,0.5,8,9,-39.768598886295614,0.21586204882006962,0.8568952682486556
trackman_4ms,12,3.916,mti,loop_cross,tx1,all,1.0,9,10,31.10668094380648,-0.156849359629854,0.7841981249994738
trackman_4ms,12,3.916,mti,loop_cross,tx1,even,-1.0,8,9,-38.393932204782146,0.20418034129134563,0.7971572193046909
trackman_4ms,12,3.916,mti,loop_cross,tx1,even,-0.5,8,9,-38.33242543325505,0.20418034129134563,0.7971572193046909
trackman_4ms,12,3.916,mti,loop_cross,tx1,even,0.0,8,9,-38.27108522496934,0.20418034129134563,0.7971572193046909
trackman_4ms,12,3.916,mti,loop_cross,tx1,even,0.5,8,9,-38.20991104428991,0.20418034129134563,0.7971572193046909
trackman_4ms,12,3.916,mti,loop_cross,tx1,even,1.0,9,10,63.47227748374629,-0.520735119871723,0.7352507139983182
trackman_4ms,12,3.916,mti,loop_cross,tx1,odd,-1.0,8,9,-41.16288471661723,0.2252762052993407,0.9120682460048506
trackman_4ms,12,3.916,mti,loop_cross,tx1,odd,-0.5,8,9,-41.10026493940362,0.2252762052993407,0.9120682460048506
trackman_4ms,12,3.916,mti,loop_cross,tx1,odd,0.0,8,9,-41.03780167352247,0.2252762052993407,0.9120682460048506
trackman_4ms,12,3.916,mti,loop_cross,tx1,odd,0.5,8,9,-40.97549448085303,0.2252762052993407,0.9120682460048506
trackman_4ms,12,3.916,mti,loop_cross,tx1,odd,1.0,9,10,-28.442392267586225,0.14079964634215728,0.9256173529670806
trackman_4ms,12,3.916,mti,loop_cross,tx3,all,-1.0,8,9,65.02435871878049,-0.5531836913803526,0.8479569587929707
trackman_4ms,12,3.916,mti,loop_cross,tx3,all,-0.5,8,9,64.9759487213317,-0.5531836913803526,0.8479569587929707
trackman_4ms,12,3.916,mti,loop_cross,tx3,all,0.0,8,9,64.92757688167794,-0.5531836913803526,0.8479569587929707
trackman_4ms,12,3.916,mti,loop_cross,tx3,all,0.5,8,9,64.87924322359471,-0.5531836913803526,0.8479569587929707
trackman_4ms,12,3.916,mti,loop_cross,tx3,all,1.0,9,10,37.96605125371058,-0.2028422913102947,0.8851409573570442
trackman_4ms,12,3.916,mti,loop_cross,tx3,even,-1.0,8,9,50.450364685236046,-0.31202458249358395,0.857985159325022
trackman_4ms,12,3.916,mti,loop_cross,tx3,even,-0.5,8,9,50.388296994953215,-0.31202458249358395,0.857985159325022
trackman_4ms,12,3.916,mti,loop_cross,tx3,even,0.0,8,9,50.32634039832017,-0.31202458249358395,0.857985159325022
trackman_4ms,12,3.916,mti,loop_cross,tx3,even,0.5,8,9,50.264494741841766,-0.31202458249358395,0.857985159325022
trackman_4ms,12,3.916,mti,loop_cross,tx3,even,1.0,9,10,48.01733431153018,-0.28887234278824153,0.9011258914082743
trackman_4ms,12,3.916,mti,loop_cross,tx3,odd,-1.0,8,9,72.52494605887343,-0.8184593809550327,0.8962809956869107
trackman_4ms,12,3.916,mti,loop_cross,tx3,odd,-0.5,8,9,72.48871121057681,-0.8184593809550327,0.8962809956869107
trackman_4ms,12,3.916,mti,loop_cross,tx3,odd,0.0,8,9,72.45249081692761,-0.8184593809550327,0.8962809956869107
trackman_4ms,12,3.916,mti,loop_cross,tx3,odd,0.5,8,9,72.41628489821062,-0.8184593809550327,0.8962809956869107
trackman_4ms,12,3.916,mti,loop_cross,tx3,odd,1.0,9,10,18.326868811777487,-0.08610338676930833,0.8744496231585716
trackman_4ms,12,3.916,mti,loop_cross,fused,all,-1.0,8,9,36.96589520609795,-0.1939260514675343,0.7901516806136606
trackman_4ms,12,3.916,mti,loop_cross,fused,all,-0.5,8,9,36.90518756968922,-0.1939260514675343,0.7901516806136606
trackman_4ms,12,3.916,mti,loop_cross,fused,all,0.0,8,9,36.84465075835808,-0.1939260514675343,0.7901516806136606
trackman_4ms,12,3.916,mti,loop_cross,fused,all,0.5,8,9,36.78428418668066,-0.1939260514675343,0.7901516806136606
trackman_4ms,12,3.916,mti,loop_cross,fused,all,1.0,9,10,34.796561047651856,-0.18064238396512047,0.8331427152211494
trackman_4ms,12,3.916,mti,loop_cross,fused,even,-1.0,8,9,20.30548867067447,-0.09534217530683843,0.8044050158001755
trackman_4ms,12,3.916,mti,loop_cross,fused,even,-0.5,8,9,20.264388196303806,-0.09534217530683843,0.8044050158001755
trackman_4ms,12,3.916,mti,loop_cross,fused,even,0.0,8,9,20.223446814276954,-0.09534217530683843,0.8044050158001755
trackman_4ms,12,3.916,mti,loop_cross,fused,even,0.5,8,9,20.18266364422016,-0.09534217530683843,0.8044050158001755
trackman_4ms,12,3.916,mti,loop_cross,fused,even,1.0,9,10,56.29417144286329,-0.38968313067904686,0.8151672883023703
trackman_4ms,12,3.916,mti,loop_cross,fused,odd,-1.0,8,9,49.22325765273292,-0.2987557939689461,0.7837359175495442
trackman_4ms,12,3.916,mti,loop_cross,fused,odd,-0.5,8,9,49.16073795886599,-0.2987557939689461,0.7837359175495442
trackman_4ms,12,3.916,mti,loop_cross,fused,odd,0.0,8,9,49.09833597782582,-0.2987557939689461,0.7837359175495442
trackman_4ms,12,3.916,mti,loop_cross,fused,odd,0.5,8,9,49.036051525101136,-0.2987557939689461,0.7837359175495442
trackman_4ms,12,3.916,mti,loop_cross,fused,odd,1.0,9,10,-8.912376128536494,0.040763612200748055,0.8966062509306667
trackman_4ms,12,3.916,mti,coherent_cross,tx1,all,-1.0,8,9,-59.19484459114297,0.43215288806127844,1.0
trackman_4ms,12,3.916,mti,coherent_cross,tx1,all,-0.5,8,9,-59.13922060289543,0.43215288806127844,1.0
trackman_4ms,12,3.916,mti,coherent_cross,tx1,all,0.0,8,9,-59.08366107730086,0.43215288806127844,1.0
trackman_4ms,12,3.916,mti,coherent_cross,tx1,all,0.5,8,9,-59.02816600667043,0.43215288806127844,1.0
trackman_4ms,12,3.916,mti,coherent_cross,tx1,all,1.0,9,10,66.51866319994356,-0.5983623233150311,1.0
trackman_4ms,12,3.916,mti,coherent_cross,tx1,even,-1.0,8,9,-70.2110141480732,0.7161310054667825,1.0
trackman_4ms,12,3.916,mti,coherent_cross,tx1,even,-0.5,8,9,-70.17071658584014,0.7161310054667825,1.0
trackman_4ms,12,3.916,mti,coherent_cross,tx1,even,0.0,8,9,-70.13043945367654,0.7161310054667825,1.0
trackman_4ms,12,3.916,mti,coherent_cross,tx1,even,0.5,8,9,-70.09018277582669,0.7161310054667825,1.0
trackman_4ms,12,3.916,mti,coherent_cross,tx1,even,1.0,9,10,73.40299278084434,-0.8721299214266834,1.0000000000000002
trackman_4ms,12,3.916,mti,coherent_cross,tx1,odd,-1.0,8,9,-41.455456655668755,0.2276081041422301,0.9999999999999999
trackman_4ms,12,3.916,mti,coherent_cross,tx1,odd,-0.5,8,9,-41.392753272124274,0.2276081041422301,0.9999999999999999
trackman_4ms,12,3.916,mti,coherent_cross,tx1,odd,0.0,8,9,-41.3302052138051,0.2276081041422301,0.9999999999999999
trackman_4ms,12,3.916,mti,coherent_cross,tx1,odd,0.5,8,9,-41.2678120528107,0.2276081041422301,0.9999999999999999
trackman_4ms,12,3.916,mti,coherent_cross,tx1,odd,1.0,9,10,40.57365869916247,-0.222591409003765,1.0
trackman_4ms,12,3.916,mti,coherent_cross,tx3,all,-1.0,8,9,73.24319526777369,-0.855767169829188,1.0
trackman_4ms,12,3.916,mti,coherent_cross,tx3,all,-0.5,8,9,73.20827095930987,-0.855767169829188,1.0
trackman_4ms,12,3.916,mti,coherent_cross,tx3,all,0.0,8,9,73.17335949381102,-0.855767169829188,1.0
trackman_4ms,12,3.916,mti,coherent_cross,tx3,all,0.5,8,9,73.13846089010309,-0.855767169829188,1.0
trackman_4ms,12,3.916,mti,coherent_cross,tx3,all,1.0,9,10,6.148146077425527,-0.028000906169423613,1.0
trackman_4ms,12,3.916,mti,coherent_cross,tx3,even,-1.0,8,9,-2.343702081226945,0.010545854829322365,1.0000000000000002
trackman_4ms,12,3.916,mti,coherent_cross,tx3,even,-0.5,8,9,-2.3385434906946996,0.010545854829322365,1.0000000000000002
trackman_4ms,12,3.916,mti,coherent_cross,tx3,even,0.0,8,9,-2.3334075463268324,0.010545854829322365,1.0000000000000002
trackman_4ms,12,3.916,mti,coherent_cross,tx3,even,0.5,8,9,-2.328294099407274,0.010545854829322365,1.0000000000000002
trackman_4ms,12,3.916,mti,coherent_cross,tx3,even,1.0,9,10,78.20157735975879,-1.2444510721002096,1.0
trackman_4ms,12,3.916,mti,coherent_cross,tx3,odd,-1.0,8,9,77.21658669164323,-1.135649511260921,0.9999999999999997
trackman_4ms,12,3.916,mti,coherent_cross,tx3,odd,-0.5,8,9,77.18928685667147,-1.135649511260921,0.9999999999999997
trackman_4ms,12,3.916,mti,coherent_cross,tx3,odd,0.0,8,9,77.16199293604495,-1.135649511260921,0.9999999999999997
trackman_4ms,12,3.916,mti,coherent_cross,tx3,odd,0.5,8,9,77.13470494022536,-1.135649511260921,0.9999999999999997
trackman_4ms,12,3.916,mti,coherent_cross,tx3,odd,1.0,9,10,-81.60864011821972,1.7621734830406146,1.0
trackman_4ms,12,3.916,mti,coherent_cross,fused,all,-1.0,8,9,48.82029806767815,-0.2945417257447027,0.8024694537382084
trackman_4ms,12,3.916,mti,coherent_cross,fused,all,-0.5,8,9,48.75765493748617,-0.2945417257447027,0.8024694537382084
trackman_4ms,12,3.916,mti,coherent_cross,fused,all,0.0,8,9,48.69513167251161,-0.2945417257447027,0.8024694537382084
trackman_4ms,12,3.916,mti,coherent_cross,fused,all,0.5,8,9,48.63272807752541,-0.2945417257447027,0.8024694537382084
trackman_4ms,12,3.916,mti,coherent_cross,fused,all,1.0,9,10,56.46594015003279,-0.3922251752598836,0.9626164221468809
trackman_4ms,12,3.916,mti,coherent_cross,fused,even,-1.0,8,9,-48.257067182196394,0.28876376489852035,0.9410269754477827
trackman_4ms,12,3.916,mti,coherent_cross,fused,even,-0.5,8,9,-48.194272302856206,0.28876376489852035,0.9410269754477827
trackman_4ms,12,3.916,mti,coherent_cross,fused,even,0.0,8,9,-48.13160027493766,0.28876376489852035,0.9410269754477827
trackman_4ms,12,3.916,mti,coherent_cross,fused,even,0.5,8,9,-48.06905088780579,0.28876376489852035,0.9410269754477827
trackman_4ms,12,3.916,mti,coherent_cross,fused,even,1.0,9,10,76.0266266193294,-1.0446448252015663,0.9828136055580927
trackman_4ms,12,3.916,mti,coherent_cross,fused,odd,-1.0,8,9,57.49506790634787,-0.40438018458870534,0.7775052650279742
trackman_4ms,12,3.916,mti,coherent_cross,fused,odd,-0.5,8,9,57.4377624689045,-0.40438018458870534,0.7775052650279742
trackman_4ms,12,3.916,mti,coherent_cross,fused,odd,0.0,8,9,57.38053014070835,-0.40438018458870534,0.7775052650279742
trackman_4ms,12,3.916,mti,coherent_cross,fused,odd,0.5,8,9,57.323370895934225,-0.40438018458870534,0.7775052650279742
trackman_4ms,12,3.916,mti,coherent_cross,fused,odd,1.0,9,10,-56.39127034433755,0.39111730212581486,0.5883798427306686
trackman_4ms,13,2.904,raw,loop_cross,tx1,all,-1.0,11,12,63.259466451883064,-0.4900897108463555,0.6248749857887188
trackman_4ms,13,2.904,raw,loop_cross,tx1,all,-0.5,11,12,63.259466451883064,-0.4900897108463555,0.6248749857887188
trackman_4ms,13,2.904,raw,loop_cross,tx1,all,0.0,12,13,-64.26085639931722,0.5121744501426015,0.41235532970656646
trackman_4ms,13,2.904,raw,loop_cross,tx1,all,0.5,12,13,-64.26085639931722,0.5121744501426015,0.41235532970656646
trackman_4ms,13,2.904,raw,loop_cross,tx1,all,1.0,12,13,-64.26085639931722,0.5121744501426015,0.41235532970656646
trackman_4ms,13,2.904,raw,loop_cross,tx1,even,-1.0,11,12,65.57187571173945,-0.5436314990723827,0.5750060902488084
trackman_4ms,13,2.904,raw,loop_cross,tx1,even,-0.5,11,12,65.57187571173945,-0.5436314990723827,0.5750060902488084
trackman_4ms,13,2.904,raw,loop_cross,tx1,even,0.0,12,13,-56.287892755191,0.37007750340930373,0.2823764058090005
trackman_4ms,13,2.904,raw,loop_cross,tx1,even,0.5,12,13,-56.287892755191,0.37007750340930373,0.2823764058090005
trackman_4ms,13,2.904,raw,loop_cross,tx1,even,1.0,12,13,-56.287892755191,0.37007750340930373,0.2823764058090005
trackman_4ms,13,2.904,raw,loop_cross,tx1,odd,-1.0,11,12,60.61957488703308,-0.43856980415456914,0.6837913318253183
trackman_4ms,13,2.904,raw,loop_cross,tx1,odd,-0.5,11,12,60.61957488703308,-0.43856980415456914,0.6837913318253183
trackman_4ms,13,2.904,raw,loop_cross,tx1,odd,0.0,12,13,-67.1448587314894,0.5858301478346424,0.5477145654323666
trackman_4ms,13,2.904,raw,loop_cross,tx1,odd,0.5,12,13,-67.1448587314894,0.5858301478346424,0.5477145654323666
trackman_4ms,13,2.904,raw,loop_cross,tx1,odd,1.0,12,13,-67.1448587314894,0.5858301478346424,0.5477145654323666
trackman_4ms,13,2.904,raw,loop_cross,tx3,all,-1.0,11,12,-74.60270502257151,0.8966173168663966,0.771278204412903
trackman_4ms,13,2.904,raw,loop_cross,tx3,all,-0.5,11,12,-74.60270502257151,0.8966173168663966,0.771278204412903
trackman_4ms,13,2.904,raw,loop_cross,tx3,all,0.0,12,13,16.160586968310014,-0.07155390167918188,0.8052166335341752
trackman_4ms,13,2.904,raw,loop_cross,tx3,all,0.5,12,13,16.160586968310014,-0.07155390167918188,0.8052166335341752
trackman_4ms,13,2.904,raw,loop_cross,tx3,all,1.0,12,13,16.160586968310014,-0.07155390167918188,0.8052166335341752
trackman_4ms,13,2.904,raw,loop_cross,tx3,even,-1.0,11,12,-74.93615664977251,0.9174426028010854,0.6844153965846614
trackman_4ms,13,2.904,raw,loop_cross,tx3,even,-0.5,11,12,-74.93615664977251,0.9174426028010854,0.6844153965846614
trackman_4ms,13,2.904,raw,loop_cross,tx3,even,0.0,12,13,-2.441482850762527,0.01052827803611038,0.731119123559364
trackman_4ms,13,2.904,raw,loop_cross,tx3,even,0.5,12,13,-2.441482850762527,0.01052827803611038,0.731119123559364
trackman_4ms,13,2.904,raw,loop_cross,tx3,even,1.0,12,13,-2.441482850762527,0.01052827803611038,0.731119123559364
trackman_4ms,13,2.904,raw,loop_cross,tx3,odd,-1.0,11,12,-74.29900837474115,0.8784017979690306,0.8679389185124164
trackman_4ms,13,2.904,raw,loop_cross,tx3,odd,-0.5,11,12,-74.29900837474115,0.8784017979690306,0.8679389185124164
trackman_4ms,13,2.904,raw,loop_cross,tx3,odd,0.0,12,13,29.59517508289322,-0.1402448601945016,0.8848720169315997
trackman_4ms,13,2.904,raw,loop_cross,tx3,odd,0.5,12,13,29.59517508289322,-0.1402448601945016,0.8848720169315997
trackman_4ms,13,2.904,raw,loop_cross,tx3,odd,1.0,12,13,29.59517508289322,-0.1402448601945016,0.8848720169315997
trackman_4ms,13,2.904,raw,loop_cross,fused,all,-1.0,11,12,-48.762066141397035,0.28168251746171963,0.537963180247228
trackman_4ms,13,2.904,raw,loop_cross,fused,all,-0.5,11,12,-48.762066141397035,0.28168251746171963,0.537963180247228
trackman_4ms,13,2.904,raw,loop_cross,fused,all,0.0,12,13,-30.455536091203335,0.1451913660552956,0.5698779277230497
trackman_4ms,13,2.904,raw,loop_cross,fused,all,0.5,12,13,-30.455536091203335,0.1451913660552956,0.5698779277230497
trackman_4ms,13,2.904,raw,loop_cross,fused,all,1.0,12,13,-30.455536091203335,0.1451913660552956,0.5698779277230497
trackman_4ms,13,2.904,raw,loop_cross,fused,even,-1.0,11,12,-45.22521788519505,0.24887289923491562,0.46919721999045455
trackman_4ms,13,2.904,raw,loop_cross,fused,even,-0.5,11,12,-45.22521788519505,0.24887289923491562,0.46919721999045455
trackman_4ms,13,2.904,raw,loop_cross,fused,even,0.0,12,13,-26.223036474713524,0.12162501881783241,0.48267340530805564
trackman_4ms,13,2.904,raw,loop_cross,fused,even,0.5,12,13,-26.223036474713524,0.12162501881783241,0.48267340530805564
trackman_4ms,13,2.904,raw,loop_cross,fused,even,1.0,12,13,-26.223036474713524,0.12162501881783241,0.48267340530805564
trackman_4ms,13,2.904,raw,loop_cross,fused,odd,-1.0,11,12,-51.44742786673792,0.3098420519941887,0.6159789088376032
trackman_4ms,13,2.904,raw,loop_cross,fused,odd,-0.5,11,12,-51.44742786673792,0.3098420519941887,0.6159789088376032
trackman_4ms,13,2.904,raw,loop_cross,fused,odd,0.0,12,13,-33.37315268835546,0.1626504324171622,0.658219157439467
trackman_4ms,13,2.904,raw,loop_cross,fused,odd,0.5,12,13,-33.37315268835546,0.1626504324171622,0.658219157439467
trackman_4ms,13,2.904,raw,loop_cross,fused,odd,1.0,12,13,-33.37315268835546,0.1626504324171622,0.658219157439467
trackman_4ms,13,2.904,raw,coherent_cross,tx1,all,-1.0,11,12,83.39420107361298,-2.1322117810021157,1.0
trackman_4ms,13,2.904,raw,coherent_cross,tx1,all,-0.5,11,12,83.39420107361298,-2.1322117810021157,1.0
trackman_4ms,13,2.904,raw,coherent_cross,tx1,all,0.0,12,13,84.17385106356228,-2.4199360913171253,1.0
trackman_4ms,13,2.904,raw,coherent_cross,tx1,all,0.5,12,13,84.17385106356228,-2.4199360913171253,1.0
trackman_4ms,13,2.904,raw,coherent_cross,tx1,all,1.0,12,13,84.17385106356228,-2.4199360913171253,1.0
trackman_4ms,13,2.904,raw,coherent_cross,tx1,even,-1.0,11,12,84.40112836270745,-2.51883667897713,1.0000000000000002
trackman_4ms,13,2.904,raw,coherent_cross,tx1,even,-0.5,11,12,84.40112836270745,-2.51883667897713,1.0000000000000002
trackman_4ms,13,2.904,raw,coherent_cross,tx1,even,0.0,12,13,84.8710370562112,-2.7510227036895474,1.0
trackman_4ms,13,2.904,raw,coherent_cross,tx1,even,0.5,12,13,84.8710370562112,-2.7510227036895474,1.0
trackman_4ms,13,2.904,raw,coherent_cross,tx1,even,1.0,12,13,84.8710370562112,-2.7510227036895474,1.0
trackman_4ms,13,2.904,raw,coherent_cross,tx1,odd,-1.0,11,12,83.25903375018127,-2.089072319817555,0.9999999999999999
trackman_4ms,13,2.904,raw,coherent_cross,tx1,odd,-0.5,11,12,83.25903375018127,-2.089072319817555,0.9999999999999999
trackman_4ms,13,2.904,raw,coherent_cross,tx1,odd,0.0,12,13,81.35393200989945,-1.6238771482328629,1.0000000000000002
trackman_4ms,13,2.904,raw,coherent_cross,tx1,odd,0.5,12,13,81.35393200989945,-1.6238771482328629,1.0000000000000002
trackman_4ms,13,2.904,raw,coherent_cross,tx1,odd,1.0,12,13,81.35393200989945,-1.6238771482328629,1.0000000000000002
trackman_4ms,13,2.904,raw,coherent_cross,tx3,all,-1.0,11,12,82.85174607799924,-1.9689037046931912,1.0
trackman_4ms,13,2.904,raw,coherent_cross,tx3,all,-0.5,11,12,82.85174607799924,-1.9689037046931912,1.0
trackman_4ms,13,2.904,raw,coherent_cross,tx3,all,0.0,12,13,66.00707104385307,-0.554784669933051,0.9999999999999999
trackman_4ms,13,2.904,raw,coherent_cross,tx3,all,0.5,12,13,66.00707104385307,-0.554784669933051,0.9999999999999999
trackman_4ms,13,2.904,raw,coherent_cross,tx3,all,1.0,12,13,66.00707104385307,-0.554784669933051,0.9999999999999999
trackman_4ms,13,2.904,raw,coherent_cross,tx3,even,-1.0,11,12,84.24390848737501,-2.449591930314722,1.0
trackman_4ms,13,2.904,raw,coherent_cross,tx3,even,-0.5,11,12,84.24390848737501,-2.449591930314722,1.0
trackman_4ms,13,2.904,raw,coherent_cross,tx3,even,0.0,12,13,-68.7572188906457,0.6352009587549783,1.0
trackman_4ms,13,2.904,raw,coherent_cross,tx3,even,0.5,12,13,-68.7572188906457,0.6352009587549783,1.0
trackman_4ms,13,2.904,raw,coherent_cross,tx3,even,1.0,12,13,-68.7572188906457,0.6352009587549783,1.0
trackman_4ms,13,2.904,raw,coherent_cross,tx3,odd,-1.0,11,12,80.07680993856084,-1.4114376387257552,1.0
trackman_4ms,13,2.904,raw,coherent_cross,tx3,odd,-0.5,11,12,80.07680993856084,-1.4114376387257552,1.0
trackman_4ms,13,2.904,raw,coherent_cross,tx3,odd,0.0,12,13,-4.1970226461440925,0.018120065633823894,1.0000000000000002
trackman_4ms,13,2.904,raw,coherent_cross,tx3,odd,0.5,12,13,-4.1970226461440925,0.018120065633823894,1.0000000000000002
trackman_4ms,13,2.904,raw,coherent_cross,tx3,odd,1.0,12,13,-4.1970226461440925,0.018120065633823894,1.0000000000000002
trackman_4ms,13,2.904,raw,coherent_cross,fused,all,-1.0,11,12,83.096003459501,-2.039277425420403,0.9967315750260894
trackman_4ms,13,2.904,raw,coherent_cross,fused,all,-0.5,11,12,83.096003459501,-2.039277425420403,0.9967315750260894
trackman_4ms,13,2.904,raw,coherent_cross,fused,all,0.0,12,13,79.02821838212444,-1.2736626323490543,0.6096343709553986
trackman_4ms,13,2.904,raw,coherent_cross,fused,all,0.5,12,13,79.02821838212444,-1.2736626323490543,0.6096343709553986
trackman_4ms,13,2.904,raw,coherent_cross,fused,all,1.0,12,13,79.02821838212444,-1.2736626323490543,0.6096343709553986
trackman_4ms,13,2.904,raw,coherent_cross,fused,even,-1.0,11,12,84.31398282583092,-2.479983482412185,0.9994096500978479
trackman_4ms,13,2.904,raw,coherent_cross,fused,even,-0.5,11,12,84.31398282583092,-2.479983482412185,0.9994096500978479
trackman_4ms,13,2.904,raw,coherent_cross,fused,even,0.0,12,13,-80.51067677004879,1.477250732041149,0.1484880352410018
trackman_4ms,13,2.904,raw,coherent_cross,fused,even,0.5,12,13,-80.51067677004879,1.477250732041149,0.1484880352410018
trackman_4ms,13,2.904,raw,coherent_cross,fused,even,1.0,12,13,-80.51067677004879,1.477250732041149,0.1484880352410018
trackman_4ms,13,2.904,raw,coherent_cross,fused,odd,-1.0,11,12,81.71290295251744,-1.6952751642839803,0.9445756704608042
trackman_4ms,13,2.904,raw,coherent_cross,fused,odd,-0.5,11,12,81.71290295251744,-1.6952751642839803,0.9445756704608042
trackman_4ms,13,2.904,raw,coherent_cross,fused,odd,0.0,12,13,59.02832853395404,-0.4114111908818391,0.7372646685791
trackman_4ms,13,2.904,raw,coherent_cross,fused,odd,0.5,12,13,59.02832853395404,-0.4114111908818391,0.7372646685791
trackman_4ms,13,2.904,raw,coherent_cross,fused,odd,1.0,12,13,59.02832853395404,-0.4114111908818391,0.7372646685791
trackman_4ms,13,2.904,mti,loop_cross,tx1,all,-1.0,11,12,-54.98451152339603,0.35244122361455477,0.7640081855883414
trackman_4ms,13,2.904,mti,loop_cross,tx1,all,-0.5,11,12,-54.98451152339603,0.35244122361455477,0.7640081855883414
trackman_4ms,13,2.904,mti,loop_cross,tx1,all,0.0,12,13,-18.45407356373898,0.08239959335633938,0.6993981897236629
trackman_4ms,13,2.904,mti,loop_cross,tx1,all,0.5,12,13,-18.45407356373898,0.08239959335633938,0.6993981897236629
trackman_4ms,13,2.904,mti,loop_cross,tx1,all,1.0,12,13,-18.45407356373898,0.08239959335633938,0.6993981897236629
trackman_4ms,13,2.904,mti,loop_cross,tx1,even,-1.0,11,12,-58.35455432051345,0.40065683854890194,0.7533787627945359
trackman_4ms,13,2.904,mti,loop_cross,tx1,even,-0.5,11,12,-58.35455432051345,0.40065683854890194,0.7533787627945359
trackman_4ms,13,2.904,mti,loop_cross,tx1,even,0.0,12,13,13.510777291455902,-0.059330336323612655,0.758286561345432
trackman_4ms,13,2.904,mti,loop_cross,tx1,even,0.5,12,13,13.510777291455902,-0.059330336323612655,0.758286561345432
trackman_4ms,13,2.904,mti,loop_cross,tx1,even,1.0,12,13,13.510777291455902,-0.059330336323612655,0.758286561345432
trackman_4ms,13,2.904,mti,loop_cross,tx1,odd,-1.0,11,12,-51.174597568182826,0.3068328649543932,0.7760255886663628
trackman_4ms,13,2.904,mti,loop_cross,tx1,odd,-0.5,11,12,-51.174597568182826,0.3068328649543932,0.7760255886663628
trackman_4ms,13,2.904,mti,loop_cross,tx1,odd,0.0,12,13,-48.08780554517069,0.27508350531116715,0.6517060297556688
trackman_4ms,13,2.904,mti,loop_cross,tx1,odd,0.5,12,13,-48.08780554517069,0.27508350531116715,0.6517060297556688
trackman_4ms,13,2.904,mti,loop_cross,tx1,odd,1.0,12,13,-48.08780554517069,0.27508350531116715,0.6517060297556688
trackman_4ms,13,2.904,mti,loop_cross,tx3,all,-1.0,11,12,61.42778009088979,-0.45341361478679815,0.80554682276999
trackman_4ms,13,2.904,mti,loop_cross,tx3,all,-0.5,11,12,61.42778009088979,-0.45341361478679815,0.80554682276999
trackman_4ms,13,2.904,mti,loop_cross,tx3,all,0.0,12,13,66.6327032654079,-0.5715024764934721,0.8311886773271769
trackman_4ms,13,2.904,mti,loop_cross,tx3,all,0.5,12,13,66.6327032654079,-0.5715024764934721,0.8311886773271769
trackman_4ms,13,2.904,mti,loop_cross,tx3,all,1.0,12,13,66.6327032654079,-0.5715024764934721,0.8311886773271769
trackman_4ms,13,2.904,mti,loop_cross,tx3,even,-1.0,11,12,60.47749792014117,-0.43603706275734244,0.8496792920468115
trackman_4ms,13,2.904,mti,loop_cross,tx3,even,-0.5,11,12,60.47749792014117,-0.43603706275734244,0.8496792920468115
trackman_4ms,13,2.904,mti,loop_cross,tx3,even,0.0,12,13,50.4666944554936,-0.2991882701318039,0.8425663455516307
trackman_4ms,13,2.904,mti,loop_cross,tx3,even,0.5,12,13,50.4666944554936,-0.2991882701318039,0.8425663455516307
trackman_4ms,13,2.904,mti,loop_cross,tx3,even,1.0,12,13,50.4666944554936,-0.2991882701318039,0.8425663455516307
trackman_4ms,13,2.904,mti,loop_cross,tx3,odd,-1.0,11,12,62.327175339996174,-0.4708634371335351,0.7658342650921042
trackman_4ms,13,2.904,mti,loop_cross,tx3,odd,-0.5,11,12,62.327175339996174,-0.4708634371335351,0.7658342650921042
trackman_4ms,13,2.904,mti,loop_cross,tx3,odd,0.0,12,13,73.89491442795436,-0.8552034080456181,0.8882780190878058
trackman_4ms,13,2.904,mti,loop_cross,tx3,odd,0.5,12,13,73.89491442795436,-0.8552034080456181,0.8882780190878058
trackman_4ms,13,2.904,mti,loop_cross,tx3,odd,1.0,12,13,73.89491442795436,-0.8552034080456181,0.8882780190878058
trackman_4ms,13,2.904,mti,loop_cross,fused,all,-1.0,11,12,17.756747726855508,-0.07907306118429817,0.723003069580889
trackman_4ms,13,2.904,mti,loop_cross,fused,all,-0.5,11,12,17.756747726855508,-0.07907306118429817,0.723003069580889
trackman_4ms,13,2.904,mti,loop_cross,fused,all,0.0,12,13,46.565591071628035,-0.26080090850591264,0.7224553853562009
trackman_4ms,13,2.904,mti,loop_cross,fused,all,0.5,12,13,46.565591071628035,-0.26080090850591264,0.7224553853562009
trackman_4ms,13,2.904,mti,loop_cross,fused,all,1.0,12,13,46.565591071628035,-0.26080090850591264,0.7224553853562009
trackman_4ms,13,2.904,mti,loop_cross,fused,even,-1.0,11,12,12.33134586685663,-0.05397966993281014,0.7338441983123544
trackman_4ms,13,2.904,mti,loop_cross,fused,even,-0.5,11,12,12.33134586685663,-0.05397966993281014,0.7338441983123544
trackman_4ms,13,2.904,mti,loop_cross,fused,even,0.0,12,13,35.98281920263968,-0.17928769424604932,0.7924843344828
trackman_4ms,13,2.904,mti,loop_cross,fused,even,0.5,12,13,35.98281920263968,-0.17928769424604932,0.7924843344828
trackman_4ms,13,2.904,mti,loop_cross,fused,even,1.0,12,13,35.98281920263968,-0.17928769424604932,0.7924843344828
trackman_4ms,13,2.904,mti,loop_cross,fused,odd,-1.0,11,12,22.69847106014744,-0.1032828103955448,0.7132626349064701
trackman_4ms,13,2.904,mti,loop_cross,fused,odd,-0.5,11,12,22.69847106014744,-0.1032828103955448,0.7132626349064701
trackman_4ms,13,2.904,mti,loop_cross,fused,odd,0.0,12,13,56.520742499916736,-0.37335509322815996,0.650282592417781
trackman_4ms,13,2.904,mti,loop_cross,fused,odd,0.5,12,13,56.520742499916736,-0.37335509322815996,0.650282592417781
trackman_4ms,13,2.904,mti,loop_cross,fused,odd,1.0,12,13,56.520742499916736,-0.37335509322815996,0.650282592417781
trackman_4ms,13,2.904,mti,coherent_cross,tx1,all,-1.0,11,12,67.20370193690422,-0.587515273880041,1.0000000000000002
trackman_4ms,13,2.904,mti,coherent_cross,tx1,all,-0.5,11,12,67.20370193690422,-0.587515273880041,1.0000000000000002
trackman_4ms,13,2.904,mti,coherent_cross,tx1,all,0.0,12,13,-65.35687388049277,0.53825805557245,1.0000000000000002
trackman_4ms,13,2.904,mti,coherent_cross,tx1,all,0.5,12,13,-65.35687388049277,0.53825805557245,1.0000000000000002
trackman_4ms,13,2.904,mti,coherent_cross,tx1,all,1.0,12,13,-65.35687388049277,0.53825805557245,1.0000000000000002
trackman_4ms,13,2.904,mti,coherent_cross,tx1,even,-1.0,11,12,61.384175770200905,-0.4525932167575097,1.0
trackman_4ms,13,2.904,mti,coherent_cross,tx1,even,-0.5,11,12,61.384175770200905,-0.4525932167575097,1.0
trackman_4ms,13,2.904,mti,coherent_cross,tx1,even,0.0,12,13,-77.82539597715663,1.1445246127462474,0.9999999999999999
trackman_4ms,13,2.904,mti,coherent_cross,tx1,even,0.5,12,13,-77.82539597715663,1.1445246127462474,0.9999999999999999
trackman_4ms,13,2.904,mti,coherent_cross,tx1,even,1.0,12,13,-77.82539597715663,1.1445246127462474,0.9999999999999999
trackman_4ms,13,2.904,mti,coherent_cross,tx1,odd,-1.0,11,12,69.42297745239178,-0.657731469802222,1.0
trackman_4ms,13,2.904,mti,coherent_cross,tx1,odd,-0.5,11,12,69.42297745239178,-0.657731469802222,1.0
trackman_4ms,13,2.904,mti,coherent_cross,tx1,odd,0.0,12,13,-83.63687551108498,2.2142410054460777,1.0
trackman_4ms,13,2.904,mti,coherent_cross,tx1,odd,0.5,12,13,-83.63687551108498,2.2142410054460777,1.0
trackman_4ms,13,2.904,mti,coherent_cross,tx1,odd,1.0,12,13,-83.63687551108498,2.2142410054460777,1.0
trackman_4ms,13,2.904,mti,coherent_cross,tx3,all,-1.0,11,12,85.12293403459749,-2.893854233052249,1.0
trackman_4ms,13,2.904,mti,coherent_cross,tx3,all,-0.5,11,12,85.12293403459749,-2.893854233052249,1.0
trackman_4ms,13,2.904,mti,coherent_cross,tx3,all,0.0,12,13,-81.64906290867111,1.6821321359761905,0.9999999999999999
trackman_4ms,13,2.904,mti,coherent_cross,tx3,all,0.5,12,13,-81.64906290867111,1.6821321359761905,0.9999999999999999
trackman_4ms,13,2.904,mti,coherent_cross,tx3,all,1.0,12,13,-81.64906290867111,1.6821321359761905,0.9999999999999999
trackman_4ms,13,2.904,mti,coherent_cross,tx3,even,-1.0,11,12,82.79318829716118,-1.9527377869087879,1.0
trackman_4ms,13,2.904,mti,coherent_cross,tx3,even,-0.5,11,12,82.79318829716118,-1.9527377869087879,1.0
trackman_4ms,13,2.904,mti,coherent_cross,tx3,even,0.0,12,13,-79.95868877653086,1.3944954161162444,0.9999999999999999
trackman_4ms,13,2.904,mti,coherent_cross,tx3,even,0.5,12,13,-79.95868877653086,1.3944954161162444,0.9999999999999999
trackman_4ms,13,2.904,mti,coherent_cross,tx3,even,1.0,12,13,-79.95868877653086,1.3944954161162444,0.9999999999999999
trackman_4ms,13,2.904,mti,coherent_cross,tx3,odd,-1.0,11,12,-84.49962508634586,2.564228060447013,0.9999999999999999
trackman_4ms,13,2.904,mti,coherent_cross,tx3,odd,-0.5,11,12,-84.49962508634586,2.564228060447013,0.9999999999999999
trackman_4ms,13,2.904,mti,coherent_cross,tx3,odd,0.0,12,13,-81.94717393978584,1.7452784540182902,1.0
trackman_4ms,13,2.904,mti,coherent_cross,tx3,odd,0.5,12,13,-81.94717393978584,1.7452784540182902,1.0
trackman_4ms,13,2.904,mti,coherent_cross,tx3,odd,1.0,12,13,-81.94717393978584,1.7452784540182902,1.0
trackman_4ms,13,2.904,mti,coherent_cross,fused,all,-1.0,11,12,82.26829730068626,-1.8187098467291083,0.4068301529024876
trackman_4ms,13,2.904,mti,coherent_cross,fused,all,-0.5,11,12,82.26829730068626,-1.8187098467291083,0.4068301529024876
trackman_4ms,13,2.904,mti,coherent_cross,fused,all,0.0,12,13,-76.60794957390357,1.0371167939065324,0.8431043790824926
trackman_4ms,13,2.904,mti,coherent_cross,fused,all,0.5,12,13,-76.60794957390357,1.0371167939065324,0.8431043790824926
trackman_4ms,13,2.904,mti,coherent_cross,fused,all,1.0,12,13,-76.60794957390357,1.0371167939065324,0.8431043790824926
trackman_4ms,13,2.904,mti,coherent_cross,fused,even,-1.0,11,12,78.36250506528712,-1.198936154736701,0.7316446825150658
trackman_4ms,13,2.904,mti,coherent_cross,fused,even,-0.5,11,12,78.36250506528712,-1.198936154736701,0.7316446825150658
trackman_4ms,13,2.904,mti,coherent_cross,fused,even,0.0,12,13,-78.95697606331476,1.2652407649239048,0.9922085293909937
trackman_4ms,13,2.904,mti,coherent_cross,fused,even,0.5,12,13,-78.95697606331476,1.2652407649239048,0.9922085293909937
trackman_4ms,13,2.904,mti,coherent_cross,fused,even,1.0,12,13,-78.95697606331476,1.2652407649239048,0.9922085293909937
trackman_4ms,13,2.904,mti,coherent_cross,fused,odd,-1.0,11,12,84.47115024382472,-2.5509399975731544,0.04296632590755619
trackman_4ms,13,2.904,mti,coherent_cross,fused,odd,-0.5,11,12,84.47115024382472,-2.5509399975731544,0.04296632590755619
trackman_4ms,13,2.904,mti,coherent_cross,fused,odd,0.0,12,13,-82.81590304792826,1.958977475582353,0.9728450711463107
trackman_4ms,13,2.904,mti,coherent_cross,fused,odd,0.5,12,13,-82.81590304792826,1.958977475582353,0.9728450711463107
trackman_4ms,13,2.904,mti,coherent_cross,fused,odd,1.0,12,13,-82.81590304792826,1.958977475582353,0.9728450711463107
trackman_4ms,14,3.329,raw,loop_cross,tx1,all,-1.0,6,7,24.00593617504356,-0.1200368479310104,0.8807737800302367
trackman_4ms,14,3.329,raw,loop_cross,tx1,all,-0.5,6,7,24.00593617504356,-0.1200368479310104,0.8807737800302367
trackman_4ms,14,3.329,raw,loop_cross,tx1,all,0.0,6,7,24.00593617504356,-0.1200368479310104,0.8807737800302367
trackman_4ms,14,3.329,raw,loop_cross,tx1,all,0.5,6,7,24.00593617504356,-0.1200368479310104,0.8807737800302367
trackman_4ms,14,3.329,raw,loop_cross,tx1,all,1.0,6,7,24.00593617504356,-0.1200368479310104,0.8807737800302367
trackman_4ms,14,3.329,raw,loop_cross,tx1,even,-1.0,6,7,15.102621414445847,-0.07273854938097499,0.9956884847833822
trackman_4ms,14,3.329,raw,loop_cross,tx1,even,-0.5,6,7,15.102621414445847,-0.07273854938097499,0.9956884847833822
trackman_4ms,14,3.329,raw,loop_cross,tx1,even,0.0,6,7,15.102621414445847,-0.07273854938097499,0.9956884847833822
trackman_4ms,14,3.329,raw,loop_cross,tx1,even,0.5,6,7,15.102621414445847,-0.07273854938097499,0.9956884847833822
trackman_4ms,14,3.329,raw,loop_cross,tx1,even,1.0,6,7,15.102621414445847,-0.07273854938097499,0.9956884847833822
trackman_4ms,14,3.329,raw,loop_cross,tx1,odd,-1.0,6,7,33.38746032717305,-0.1776389954185832,0.7743004533337026
trackman_4ms,14,3.329,raw,loop_cross,tx1,odd,-0.5,6,7,33.38746032717305,-0.1776389954185832,0.7743004533337026
trackman_4ms,14,3.329,raw,loop_cross,tx1,odd,0.0,6,7,33.38746032717305,-0.1776389954185832,0.7743004533337026
trackman_4ms,14,3.329,raw,loop_cross,tx1,odd,0.5,6,7,33.38746032717305,-0.1776389954185832,0.7743004533337026
trackman_4ms,14,3.329,raw,loop_cross,tx1,odd,1.0,6,7,33.38746032717305,-0.1776389954185832,0.7743004533337026
trackman_4ms,14,3.329,raw,loop_cross,tx3,all,-1.0,6,7,83.72574566402332,-2.451489468335441,0.5322730257913765
trackman_4ms,14,3.329,raw,loop_cross,tx3,all,-0.5,6,7,83.72574566402332,-2.451489468335441,0.5322730257913765
trackman_4ms,14,3.329,raw,loop_cross,tx3,all,0.0,6,7,83.72574566402332,-2.451489468335441,0.5322730257913765
trackman_4ms,14,3.329,raw,loop_cross,tx3,all,0.5,6,7,83.72574566402332,-2.451489468335441,0.5322730257913765
trackman_4ms,14,3.329,raw,loop_cross,tx3,all,1.0,6,7,83.72574566402332,-2.451489468335441,0.5322730257913765
trackman_4ms,14,3.329,raw,loop_cross,tx3,even,-1.0,6,7,83.69702336729867,-2.4402281571553854,0.45278966291433564
trackman_4ms,14,3.329,raw,loop_cross,tx3,even,-0.5,6,7,83.69702336729867,-2.4402281571553854,0.45278966291433564
trackman_4ms,14,3.329,raw,loop_cross,tx3,even,0.0,6,7,83.69702336729867,-2.4402281571553854,0.45278966291433564
trackman_4ms,14,3.329,raw,loop_cross,tx3,even,0.5,6,7,83.69702336729867,-2.4402281571553854,0.45278966291433564
trackman_4ms,14,3.329,raw,loop_cross,tx3,even,1.0,6,7,83.69702336729867,-2.4402281571553854,0.45278966291433564
trackman_4ms,14,3.329,raw,loop_cross,tx3,odd,-1.0,6,7,83.74469121675347,-2.458973934336456,0.6026229138339485
trackman_4ms,14,3.329,raw,loop_cross,tx3,odd,-0.5,6,7,83.74469121675347,-2.458973934336456,0.6026229138339485
trackman_4ms,14,3.329,raw,loop_cross,tx3,odd,0.0,6,7,83.74469121675347,-2.458973934336456,0.6026229138339485
trackman_4ms,14,3.329,raw,loop_cross,tx3,odd,0.5,6,7,83.74469121675347,-2.458973934336456,0.6026229138339485
trackman_4ms,14,3.329,raw,loop_cross,tx3,odd,1.0,6,7,83.74469121675347,-2.458973934336456,0.6026229138339485
trackman_4ms,14,3.329,raw,loop_cross,fused,all,-1.0,6,7,62.75736953094712,-0.5234941533229303,0.4021465135435295
trackman_4ms,14,3.329,raw,loop_cross,fused,all,-0.5,6,7,62.75736953094712,-0.5234941533229303,0.4021465135435295
trackman_4ms,14,3.329,raw,loop_cross,fused,all,0.0,6,7,62.75736953094712,-0.5234941533229303,0.4021465135435295
trackman_4ms,14,3.329,raw,loop_cross,fused,all,0.5,6,7,62.75736953094712,-0.5234941533229303,0.4021465135435295
trackman_4ms,14,3.329,raw,loop_cross,fused,all,1.0,6,7,62.75736953094712,-0.5234941533229303,0.4021465135435295
trackman_4ms,14,3.329,raw,loop_cross,fused,even,-1.0,6,7,51.44892665460958,-0.33822889234212017,0.483651156364329
trackman_4ms,14,3.329,raw,loop_cross,fused,even,-0.5,6,7,51.44892665460958,-0.33822889234212017,0.483651156364329
trackman_4ms,14,3.329,raw,loop_cross,fused,even,0.0,6,7,51.44892665460958,-0.33822889234212017,0.483651156364329
trackman_4ms,14,3.329,raw,loop_cross,fused,even,0.5,6,7,51.44892665460958,-0.33822889234212017,0.483651156364329
trackman_4ms,14,3.329,raw,loop_cross,fused,even,1.0,6,7,51.44892665460958,-0.33822889234212017,0.483651156364329
trackman_4ms,14,3.329,raw,loop_cross,fused,odd,-1.0,6,7,70.56455557284968,-0.7638690417747759,0.3446207470655564
trackman_4ms,14,3.329,raw,loop_cross,fused,odd,-0.5,6,7,70.56455557284968,-0.7638690417747759,0.3446207470655564
trackman_4ms,14,3.329,raw,loop_cross,fused,odd,0.0,6,7,70.56455557284968,-0.7638690417747759,0.3446207470655564
trackman_4ms,14,3.329,raw,loop_cross,fused,odd,0.5,6,7,70.56455557284968,-0.7638690417747759,0.3446207470655564
trackman_4ms,14,3.329,raw,loop_cross,fused,odd,1.0,6,7,70.56455557284968,-0.7638690417747759,0.3446207470655564
trackman_4ms,14,3.329,raw,coherent_cross,tx1,all,-1.0,6,7,-68.81456248582832,0.6954192199931306,1.0000000000000002
trackman_4ms,14,3.329,raw,coherent_cross,tx1,all,-0.5,6,7,-68.81456248582832,0.6954192199931306,1.0000000000000002
trackman_4ms,14,3.329,raw,coherent_cross,tx1,all,0.0,6,7,-68.81456248582832,0.6954192199931306,1.0000000000000002
trackman_4ms,14,3.329,raw,coherent_cross,tx1,all,0.5,6,7,-68.81456248582832,0.6954192199931306,1.0000000000000002
trackman_4ms,14,3.329,raw,coherent_cross,tx1,all,1.0,6,7,-68.81456248582832,0.6954192199931306,1.0000000000000002
trackman_4ms,14,3.329,raw,coherent_cross,tx1,even,-1.0,6,7,-68.44732188614279,0.68240630871349,1.0
trackman_4ms,14,3.329,raw,coherent_cross,tx1,even,-0.5,6,7,-68.44732188614279,0.68240630871349,1.0
trackman_4ms,14,3.329,raw,coherent_cross,tx1,even,0.0,6,7,-68.44732188614279,0.68240630871349,1.0
trackman_4ms,14,3.329,raw,coherent_cross,tx1,even,0.5,6,7,-68.44732188614279,0.68240630871349,1.0
trackman_4ms,14,3.329,raw,coherent_cross,tx1,even,1.0,6,7,-68.44732188614279,0.68240630871349,1.0
trackman_4ms,14,3.329,raw,coherent_cross,tx1,odd,-1.0,6,7,-68.99621227909672,0.7020161932015974,1.0
trackman_4ms,14,3.329,raw,coherent_cross,tx1,odd,-0.5,6,7,-68.99621227909672,0.7020161932015974,1.0
trackman_4ms,14,3.329,raw,coherent_cross,tx1,odd,0.0,6,7,-68.99621227909672,0.7020161932015974,1.0
trackman_4ms,14,3.329,raw,coherent_cross,tx1,odd,0.5,6,7,-68.99621227909672,0.7020161932015974,1.0
trackman_4ms,14,3.329,raw,coherent_cross,tx1,odd,1.0,6,7,-68.99621227909672,0.7020161932015974,1.0
trackman_4ms,14,3.329,raw,coherent_cross,tx3,all,-1.0,6,7,-83.69517051275129,2.439505206923286,1.0
trackman_4ms,14,3.329,raw,coherent_cross,tx3,all,-0.5,6,7,-83.69517051275129,2.439505206923286,1.0
trackman_4ms,14,3.329,raw,coherent_cross,tx3,all,0.0,6,7,-83.69517051275129,2.439505206923286,1.0
trackman_4ms,14,3.329,raw,coherent_cross,tx3,all,0.5,6,7,-83.69517051275129,2.439505206923286,1.0
trackman_4ms,14,3.329,raw,coherent_cross,tx3,all,1.0,6,7,-83.69517051275129,2.439505206923286,1.0
trackman_4ms,14,3.329,raw,coherent_cross,tx3,even,-1.0,6,7,-83.88362426768207,2.5152707060875774,1.0
trackman_4ms,14,3.329,raw,coherent_cross,tx3,even,-0.5,6,7,-83.88362426768207,2.5152707060875774,1.0
trackman_4ms,14,3.329,raw,coherent_cross,tx3,even,0.0,6,7,-83.88362426768207,2.5152707060875774,1.0
trackman_4ms,14,3.329,raw,coherent_cross,tx3,even,0.5,6,7,-83.88362426768207,2.5152707060875774,1.0
trackman_4ms,14,3.329,raw,coherent_cross,tx3,even,1.0,6,7,-83.88362426768207,2.5152707060875774,1.0
trackman_4ms,14,3.329,raw,coherent_cross,tx3,odd,-1.0,6,7,-83.45336029285832,2.3486527270678916,0.9999999999999999
trackman_4ms,14,3.329,raw,coherent_cross,tx3,odd,-0.5,6,7,-83.45336029285832,2.3486527270678916,0.9999999999999999
trackman_4ms,14,3.329,raw,coherent_cross,tx3,odd,0.0,6,7,-83.45336029285832,2.3486527270678916,0.9999999999999999
trackman_4ms,14,3.329,raw,coherent_cross,tx3,odd,0.5,6,7,-83.45336029285832,2.3486527270678916,0.9999999999999999
trackman_4ms,14,3.329,raw,coherent_cross,tx3,odd,1.0,6,7,-83.45336029285832,2.3486527270678916,0.9999999999999999
trackman_4ms,14,3.329,raw,coherent_cross,fused,all,-1.0,6,7,-77.901815569011,1.2574489368980437,0.6754633457427115
trackman_4ms,14,3.329,raw,coherent_cross,fused,all,-0.5,6,7,-77.901815569011,1.2574489368980437,0.6754633457427115
trackman_4ms,14,3.329,raw,coherent_cross,fused,all,0.0,6,7,-77.901815569011,1.2574489368980437,0.6754633457427115
trackman_4ms,14,3.329,raw,coherent_cross,fused,all,0.5,6,7,-77.901815569011,1.2574489368980437,0.6754633457427115
trackman_4ms,14,3.329,raw,coherent_cross,fused,all,1.0,6,7,-77.901815569011,1.2574489368980437,0.6754633457427115
trackman_4ms,14,3.329,raw,coherent_cross,fused,even,-1.0,6,7,-77.64733658999779,1.2307493625640724,0.6523515430359011
trackman_4ms,14,3.329,raw,coherent_cross,fused,even,-0.5,6,7,-77.64733658999779,1.2307493625640724,0.6523515430359011
trackman_4ms,14,3.329,raw,coherent_cross,fused,even,0.0,6,7,-77.64733658999779,1.2307493625640724,0.6523515430359011
trackman_4ms,14,3.329,raw,coherent_cross,fused,even,0.5,6,7,-77.64733658999779,1.2307493625640724,0.6523515430359011
trackman_4ms,14,3.329,raw,coherent_cross,fused,even,1.0,6,7,-77.64733658999779,1.2307493625640724,0.6523515430359011
trackman_4ms,14,3.329,raw,coherent_cross,fused,odd,-1.0,6,7,-78.17888494154957,1.2878059250005265,0.6994295654039236
trackman_4ms,14,3.329,raw,coherent_cross,fused,odd,-0.5,6,7,-78.17888494154957,1.2878059250005265,0.6994295654039236
trackman_4ms,14,3.329,raw,coherent_cross,fused,odd,0.0,6,7,-78.17888494154957,1.2878059250005265,0.6994295654039236
trackman_4ms,14,3.329,raw,coherent_cross,fused,odd,0.5,6,7,-78.17888494154957,1.2878059250005265,0.6994295654039236
trackman_4ms,14,3.329,raw,coherent_cross,fused,odd,1.0,6,7,-78.17888494154957,1.2878059250005265,0.6994295654039236
trackman_4ms,14,3.329,mti,loop_cross,tx1,all,-1.0,6,7,-32.97668211330464,0.1748802267746859,0.9349309897867357
trackman_4ms,14,3.329,mti,loop_cross,tx1,all,-0.5,6,7,-32.97668211330464,0.1748802267746859,0.9349309897867357
trackman_4ms,14,3.329,mti,loop_cross,tx1,all,0.0,6,7,-32.97668211330464,0.1748802267746859,0.9349309897867357
trackman_4ms,14,3.329,mti,loop_cross,tx1,all,0.5,6,7,-32.97668211330464,0.1748802267746859,0.9349309897867357
trackman_4ms,14,3.329,mti,loop_cross,tx1,all,1.0,6,7,-32.97668211330464,0.1748802267746859,0.9349309897867357
trackman_4ms,14,3.329,mti,loop_cross,tx1,even,-1.0,6,7,-48.78265439167987,0.3076959397985048,0.9006204307096393
trackman_4ms,14,3.329,mti,loop_cross,tx1,even,-0.5,6,7,-48.78265439167987,0.3076959397985048,0.9006204307096393
trackman_4ms,14,3.329,mti,loop_cross,tx1,even,0.0,6,7,-48.78265439167987,0.3076959397985048,0.9006204307096393
trackman_4ms,14,3.329,mti,loop_cross,tx1,even,0.5,6,7,-48.78265439167987,0.3076959397985048,0.9006204307096393
trackman_4ms,14,3.329,mti,loop_cross,tx1,even,1.0,6,7,-48.78265439167987,0.3076959397985048,0.9006204307096393
trackman_4ms,14,3.329,mti,loop_cross,tx1,odd,-1.0,6,7,-15.215411805560118,0.07330808641073733,0.9749709836595699
trackman_4ms,14,3.329,mti,loop_cross,tx1,odd,-0.5,6,7,-15.215411805560118,0.07330808641073733,0.9749709836595699
trackman_4ms,14,3.329,mti,loop_cross,tx1,odd,0.0,6,7,-15.215411805560118,0.07330808641073733,0.9749709836595699
trackman_4ms,14,3.329,mti,loop_cross,tx1,odd,0.5,6,7,-15.215411805560118,0.07330808641073733,0.9749709836595699
trackman_4ms,14,3.329,mti,loop_cross,tx1,odd,1.0,6,7,-15.215411805560118,0.07330808641073733,0.9749709836595699
trackman_4ms,14,3.329,mti,loop_cross,tx3,all,-1.0,6,7,55.91474823234135,-0.39831793993680253,0.9150748091912274
trackman_4ms,14,3.329,mti,loop_cross,tx3,all,-0.5,6,7,55.91474823234135,-0.39831793993680253,0.9150748091912274
trackman_4ms,14,3.329,mti,loop_cross,tx3,all,0.0,6,7,55.91474823234135,-0.39831793993680253,0.9150748091912274
trackman_4ms,14,3.329,mti,loop_cross,tx3,all,0.5,6,7,55.91474823234135,-0.39831793993680253,0.9150748091912274
trackman_4ms,14,3.329,mti,loop_cross,tx3,all,1.0,6,7,55.91474823234135,-0.39831793993680253,0.9150748091912274
trackman_4ms,14,3.329,mti,loop_cross,tx3,even,-1.0,6,7,54.30634484353962,-0.3751811593158717,0.8374512156016439
trackman_4ms,14,3.329,mti,loop_cross,tx3,even,-0.5,6,7,54.30634484353962,-0.3751811593158717,0.8374512156016439
trackman_4ms,14,3.329,mti,loop_cross,tx3,even,0.0,6,7,54.30634484353962,-0.3751811593158717,0.8374512156016439
trackman_4ms,14,3.329,mti,loop_cross,tx3,even,0.5,6,7,54.30634484353962,-0.3751811593158717,0.8374512156016439
trackman_4ms,14,3.329,mti,loop_cross,tx3,even,1.0,6,7,54.30634484353962,-0.3751811593158717,0.8374512156016439
trackman_4ms,14,3.329,mti,loop_cross,tx3,odd,-1.0,6,7,56.81756062215646,-0.4121637487761408,0.9690797985900185
trackman_4ms,14,3.329,mti,loop_cross,tx3,odd,-0.5,6,7,56.81756062215646,-0.4121637487761408,0.9690797985900185
trackman_4ms,14,3.329,mti,loop_cross,tx3,odd,0.0,6,7,56.81756062215646,-0.4121637487761408,0.9690797985900185
trackman_4ms,14,3.329,mti,loop_cross,tx3,odd,0.5,6,7,56.81756062215646,-0.4121637487761408,0.9690797985900185
trackman_4ms,14,3.329,mti,loop_cross,tx3,odd,1.0,6,7,56.81756062215646,-0.4121637487761408,0.9690797985900185
trackman_4ms,14,3.329,mti,loop_cross,fused,all,-1.0,6,7,19.41899064172284,-0.09501763349285416,0.887834395274488
trackman_4ms,14,3.329,mti,loop_cross,fused,all,-0.5,6,7,19.41899064172284,-0.09501763349285416,0.887834395274488
trackman_4ms,14,3.329,mti,loop_cross,fused,all,0.0,6,7,19.41899064172284,-0.09501763349285416,0.887834395274488
trackman_4ms,14,3.329,mti,loop_cross,fused,all,0.5,6,7,19.41899064172284,-0.09501763349285416,0.887834395274488
trackman_4ms,14,3.329,mti,loop_cross,fused,all,1.0,6,7,19.41899064172284,-0.09501763349285416,0.887834395274488
trackman_4ms,14,3.329,mti,loop_cross,fused,even,-1.0,6,7,-2.8419346240472825,0.013380063606076374,0.822664756081588
trackman_4ms,14,3.329,mti,loop_cross,fused,even,-0.5,6,7,-2.8419346240472825,0.013380063606076374,0.822664756081588
trackman_4ms,14,3.329,mti,loop_cross,fused,even,0.0,6,7,-2.8419346240472825,0.013380063606076374,0.822664756081588
trackman_4ms,14,3.329,mti,loop_cross,fused,even,0.5,6,7,-2.8419346240472825,0.013380063606076374,0.822664756081588
trackman_4ms,14,3.329,mti,loop_cross,fused,even,1.0,6,7,-2.8419346240472825,0.013380063606076374,0.822664756081588
trackman_4ms,14,3.329,mti,loop_cross,fused,odd,-1.0,6,7,31.763733757994352,-0.16688083343899068,0.9435533068732164
trackman_4ms,14,3.329,mti,loop_cross,fused,odd,-0.5,6,7,31.763733757994352,-0.16688083343899068,0.9435533068732164
trackman_4ms,14,3.329,mti,loop_cross,fused,odd,0.0,6,7,31.763733757994352,-0.16688083343899068,0.9435533068732164
trackman_4ms,14,3.329,mti,loop_cross,fused,odd,0.5,6,7,31.763733757994352,-0.16688083343899068,0.9435533068732164
trackman_4ms,14,3.329,mti,loop_cross,fused,odd,1.0,6,7,31.763733757994352,-0.16688083343899068,0.9435533068732164
trackman_4ms,14,3.329,mti,coherent_cross,tx1,all,-1.0,6,7,-78.0554219950956,1.2741073348108485,1.0
trackman_4ms,14,3.329,mti,coherent_cross,tx1,all,-0.5,6,7,-78.0554219950956,1.2741073348108485,1.0
trackman_4ms,14,3.329,mti,coherent_cross,tx1,all,0.0,6,7,-78.0554219950956,1.2741073348108485,1.0
trackman_4ms,14,3.329,mti,coherent_cross,tx1,all,0.5,6,7,-78.0554219950956,1.2741073348108485,1.0
trackman_4ms,14,3.329,mti,coherent_cross,tx1,all,1.0,6,7,-78.0554219950956,1.2741073348108485,1.0
trackman_4ms,14,3.329,mti,coherent_cross,tx1,even,-1.0,6,7,-82.0512721952443,1.9303523280549049,1.0000000000000002
trackman_4ms,14,3.329,mti,coherent_cross,tx1,even,-0.5,6,7,-82.0512721952443,1.9303523280549049,1.0000000000000002
trackman_4ms,14,3.329,mti,coherent_cross,tx1,even,0.0,6,7,-82.0512721952443,1.9303523280549049,1.0000000000000002
trackman_4ms,14,3.329,mti,coherent_cross,tx1,even,0.5,6,7,-82.0512721952443,1.9303523280549049,1.0000000000000002
trackman_4ms,14,3.329,mti,coherent_cross,tx1,even,1.0,6,7,-82.0512721952443,1.9303523280549049,1.0000000000000002
trackman_4ms,14,3.329,mti,coherent_cross,tx1,odd,-1.0,6,7,-48.500462137184144,0.30465547768063433,1.0
trackman_4ms,14,3.329,mti,coherent_cross,tx1,odd,-0.5,6,7,-48.500462137184144,0.30465547768063433,1.0
trackman_4ms,14,3.329,mti,coherent_cross,tx1,odd,0.0,6,7,-48.500462137184144,0.30465547768063433,1.0
trackman_4ms,14,3.329,mti,coherent_cross,tx1,odd,0.5,6,7,-48.500462137184144,0.30465547768063433,1.0
trackman_4ms,14,3.329,mti,coherent_cross,tx1,odd,1.0,6,7,-48.500462137184144,0.30465547768063433,1.0
trackman_4ms,14,3.329,mti,coherent_cross,tx3,all,-1.0,6,7,11.095739811309699,-0.052859267480123366,0.9999999999999999
trackman_4ms,14,3.329,mti,coherent_cross,tx3,all,-0.5,6,7,11.095739811309699,-0.052859267480123366,0.9999999999999999
trackman_4ms,14,3.329,mti,coherent_cross,tx3,all,0.0,6,7,11.095739811309699,-0.052859267480123366,0.9999999999999999
trackman_4ms,14,3.329,mti,coherent_cross,tx3,all,0.5,6,7,11.095739811309699,-0.052859267480123366,0.9999999999999999
trackman_4ms,14,3.329,mti,coherent_cross,tx3,all,1.0,6,7,11.095739811309699,-0.052859267480123366,0.9999999999999999
trackman_4ms,14,3.329,mti,coherent_cross,tx3,even,-1.0,6,7,-50.11230680488335,0.3224974166340173,1.0
trackman_4ms,14,3.329,mti,coherent_cross,tx3,even,-0.5,6,7,-50.11230680488335,0.3224974166340173,1.0
trackman_4ms,14,3.329,mti,coherent_cross,tx3,even,0.0,6,7,-50.11230680488335,0.3224974166340173,1.0
trackman_4ms,14,3.329,mti,coherent_cross,tx3,even,0.5,6,7,-50.11230680488335,0.3224974166340173,1.0
trackman_4ms,14,3.329,mti,coherent_cross,tx3,even,1.0,6,7,-50.11230680488335,0.3224974166340173,1.0
trackman_4ms,14,3.329,mti,coherent_cross,tx3,odd,-1.0,6,7,61.837694776308766,-0.503470157867559,1.0
trackman_4ms,14,3.329,mti,coherent_cross,tx3,odd,-0.5,6,7,61.837694776308766,-0.503470157867559,1.0
trackman_4ms,14,3.329,mti,coherent_cross,tx3,odd,0.0,6,7,61.837694776308766,-0.503470157867559,1.0
trackman_4ms,14,3.329,mti,coherent_cross,tx3,odd,0.5,6,7,61.837694776308766,-0.503470157867559,1.0
trackman_4ms,14,3.329,mti,coherent_cross,tx3,odd,1.0,6,7,61.837694776308766,-0.503470157867559,1.0
trackman_4ms,14,3.329,mti,coherent_cross,fused,all,-1.0,6,7,-66.79319997782636,0.6286592435771788,0.7879799217143401
trackman_4ms,14,3.329,mti,coherent_cross,fused,all,-0.5,6,7,-66.79319997782636,0.6286592435771788,0.7879799217143401
trackman_4ms,14,3.329,mti,coherent_cross,fused,all,0.0,6,7,-66.79319997782636,0.6286592435771788,0.7879799217143401
trackman_4ms,14,3.329,mti,coherent_cross,fused,all,0.5,6,7,-66.79319997782636,0.6286592435771788,0.7879799217143401
trackman_4ms,14,3.329,mti,coherent_cross,fused,all,1.0,6,7,-66.79319997782636,0.6286592435771788,0.7879799217143401
trackman_4ms,14,3.329,mti,coherent_cross,fused,even,-1.0,6,7,-78.5732109979467,1.3335116555486521,0.7090331234535566
trackman_4ms,14,3.329,mti,coherent_cross,fused,even,-0.5,6,7,-78.5732109979467,1.3335116555486521,0.7090331234535566
trackman_4ms,14,3.329,mti,coherent_cross,fused,even,0.0,6,7,-78.5732109979467,1.3335116555486521,0.7090331234535566
trackman_4ms,14,3.329,mti,coherent_cross,fused,even,0.5,6,7,-78.5732109979467,1.3335116555486521,0.7090331234535566
trackman_4ms,14,3.329,mti,coherent_cross,fused,even,1.0,6,7,-78.5732109979467,1.3335116555486521,0.7090331234535566
trackman_4ms,14,3.329,mti,coherent_cross,fused,odd,-1.0,6,7,28.484003028511943,-0.14624652182274575,0.9204808018040842
trackman_4ms,14,3.329,mti,coherent_cross,fused,odd,-0.5,6,7,28.484003028511943,-0.14624652182274575,0.9204808018040842
trackman_4ms,14,3.329,mti,coherent_cross,fused,odd,0.0,6,7,28.484003028511943,-0.14624652182274575,0.9204808018040842
trackman_4ms,14,3.329,mti,coherent_cross,fused,odd,0.5,6,7,28.484003028511943,-0.14624652182274575,0.9204808018040842
trackman_4ms,14,3.329,mti,coherent_cross,fused,odd,1.0,6,7,28.484003028511943,-0.14624652182274575,0.9204808018040842
trackman_4ms,16,3.239,raw,loop_cross,tx1,all,-1.0,0,1,77.15078421517175,-1.1260477310938881,0.5281358588269873
trackman_4ms,16,3.239,raw,loop_cross,tx1,all,-0.5,0,1,77.15078421517175,-1.1260477310938881,0.5281358588269873
trackman_4ms,16,3.239,raw,loop_cross,tx1,all,0.0,0,1,77.15078421517175,-1.1260477310938881,0.5281358588269873
trackman_4ms,16,3.239,raw,loop_cross,tx1,all,0.5,1,2,-81.81558815155415,1.785851133419995,0.7797856042216581
trackman_4ms,16,3.239,raw,loop_cross,tx1,all,1.0,1,2,-81.81558815155415,1.785851133419995,0.7797856042216581
trackman_4ms,16,3.239,raw,loop_cross,tx1,even,-1.0,0,1,73.29785923607952,-0.8560065766394919,0.6938605433365068
trackman_4ms,16,3.239,raw,loop_cross,tx1,even,-0.5,0,1,73.29785923607952,-0.8560065766394919,0.6938605433365068
trackman_4ms,16,3.239,raw,loop_cross,tx1,even,0.0,0,1,73.29785923607952,-0.8560065766394919,0.6938605433365068
trackman_4ms,16,3.239,raw,loop_cross,tx1,even,0.5,1,2,-82.04644621643774,1.838388653452999,0.7201041094253406
trackman_4ms,16,3.239,raw,loop_cross,tx1,even,1.0,1,2,-82.04644621643774,1.838388653452999,0.7201041094253406
trackman_4ms,16,3.239,raw,loop_cross,tx1,odd,-1.0,0,1,80.81680025308334,-1.588786143138955,0.42803534712982283
trackman_4ms,16,3.239,raw,loop_cross,tx1,odd,-0.5,0,1,80.81680025308334,-1.588786143138955,0.42803534712982283
trackman_4ms,16,3.239,raw,loop_cross,tx1,odd,0.0,0,1,80.81680025308334,-1.588786143138955,0.42803534712982283
trackman_4ms,16,3.239,raw,loop_cross,tx1,odd,0.5,1,2,-81.59926232912633,1.739224045222646,0.8438086247271855
trackman_4ms,16,3.239,raw,loop_cross,tx1,odd,1.0,1,2,-81.59926232912633,1.739224045222646,0.8438086247271855
trackman_4ms,16,3.239,raw,loop_cross,tx3,all,-1.0,0,1,58.42650127092526,-0.4179353448980017,0.6505295606502373
trackman_4ms,16,3.239,raw,loop_cross,tx3,all,-0.5,0,1,58.42650127092526,-0.4179353448980017,0.6505295606502373
trackman_4ms,16,3.239,raw,loop_cross,tx3,all,0.0,0,1,58.42650127092526,-0.4179353448980017,0.6505295606502373
trackman_4ms,16,3.239,raw,loop_cross,tx3,all,0.5,1,2,-77.45534583134501,1.1543134725914515,0.7746754155656578
trackman_4ms,16,3.239,raw,loop_cross,tx3,all,1.0,1,2,-77.45534583134501,1.1543134725914515,0.7746754155656578
trackman_4ms,16,3.239,raw,loop_cross,tx3,even,-1.0,0,1,63.21184840775609,-0.5087362602426184,0.4740879479105197
trackman_4ms,16,3.239,raw,loop_cross,tx3,even,-0.5,0,1,63.21184840775609,-0.5087362602426184,0.4740879479105197
trackman_4ms,16,3.239,raw,loop_cross,tx3,even,0.0,0,1,63.21184840775609,-0.5087362602426184,0.4740879479105197
trackman_4ms,16,3.239,raw,loop_cross,tx3,even,0.5,1,2,-77.38133162135333,1.1473209246558274,0.7698361296472672
trackman_4ms,16,3.239,raw,loop_cross,tx3,even,1.0,1,2,-77.38133162135333,1.1473209246558274,0.7698361296472672
trackman_4ms,16,3.239,raw,loop_cross,tx3,odd,-1.0,0,1,55.224618273663,-0.3698965203738289,0.8135988756408774
trackman_4ms,16,3.239,raw,loop_cross,tx3,odd,-0.5,0,1,55.224618273663,-0.3698965203738289,0.8135988756408774
trackman_4ms,16,3.239,raw,loop_cross,tx3,odd,0.0,0,1,55.224618273663,-0.3698965203738289,0.8135988756408774
trackman_4ms,16,3.239,raw,loop_cross,tx3,odd,0.5,1,2,-77.52682194077714,1.1611437274949328,0.7794985128098779
trackman_4ms,16,3.239,raw,loop_cross,tx3,odd,1.0,1,2,-77.52682194077714,1.1611437274949328,0.7794985128098779
trackman_4ms,16,3.239,raw,loop_cross,fused,all,-1.0,0,1,70.5364498831777,-0.726788673077867,0.5544227276676065
trackman_4ms,16,3.239,raw,loop_cross,fused,all,-0.5,0,1,70.5364498831777,-0.726788673077867,0.5544227276676065
trackman_4ms,16,3.239,raw,loop_cross,fused,all,0.0,0,1,70.5364498831777,-0.726788673077867,0.5544227276676065
trackman_4ms,16,3.239,raw,loop_cross,fused,all,0.5,1,2,-80.02861854924316,1.4609305999877777,0.7387575239514452
trackman_4ms,16,3.239,raw,loop_cross,fused,all,1.0,1,2,-80.02861854924316,1.4609305999877777,0.7387575239514452
trackman_4ms,16,3.239,raw,loop_cross,fused,even,-1.0,0,1,70.30761286081054,-0.7176522771174165,0.5770211073410643
trackman_4ms,16,3.239,raw,loop_cross,fused,even,-0.5,0,1,70.30761286081054,-0.7176522771174165,0.5770211073410643
trackman_4ms,16,3.239,raw,loop_cross,fused,even,0.0,0,1,70.30761286081054,-0.7176522771174165,0.5770211073410643
trackman_4ms,16,3.239,raw,loop_cross,fused,even,0.5,1,2,-80.11579167314373,1.4740779054626014,0.7015025121514011
trackman_4ms,16,3.239,raw,loop_cross,fused,even,1.0,1,2,-80.11579167314373,1.4740779054626014,0.7015025121514011
trackman_4ms,16,3.239,raw,loop_cross,fused,odd,-1.0,0,1,70.77087629366827,-0.7363648756127894,0.5326074044530799
trackman_4ms,16,3.239,raw,loop_cross,fused,odd,-0.5,0,1,70.77087629366827,-0.7363648756127894,0.5326074044530799
trackman_4ms,16,3.239,raw,loop_cross,fused,odd,0.0,0,1,70.77087629366827,-0.7363648756127894,0.5326074044530799
trackman_4ms,16,3.239,raw,loop_cross,fused,odd,0.5,1,2,-79.9474756028029,1.4488956072190236,0.7766307925652718
trackman_4ms,16,3.239,raw,loop_cross,fused,odd,1.0,1,2,-79.9474756028029,1.4488956072190236,0.7766307925652718
trackman_4ms,16,3.239,raw,coherent_cross,tx1,all,-1.0,0,1,-85.1030561461663,2.997894550287016,1.0
trackman_4ms,16,3.239,raw,coherent_cross,tx1,all,-0.5,0,1,-85.1030561461663,2.997894550287016,1.0
trackman_4ms,16,3.239,raw,coherent_cross,tx1,all,0.0,0,1,-85.1030561461663,2.997894550287016,1.0
trackman_4ms,16,3.239,raw,coherent_cross,tx1,all,0.5,1,2,-84.19400711193286,2.526004743157895,1.0000000000000002
trackman_4ms,16,3.239,raw,coherent_cross,tx1,all,1.0,1,2,-84.19400711193286,2.526004743157895,1.0000000000000002
trackman_4ms,16,3.239,raw,coherent_cross,tx1,even,-1.0,0,1,85.1478350215203,-3.025695607072339,1.0
trackman_4ms,16,3.239,raw,coherent_cross,tx1,even,-0.5,0,1,85.1478350215203,-3.025695607072339,1.0
trackman_4ms,16,3.239,raw,coherent_cross,tx1,even,0.0,0,1,85.1478350215203,-3.025695607072339,1.0
trackman_4ms,16,3.239,raw,coherent_cross,tx1,even,0.5,1,2,84.65000980983278,-2.7427296810523605,1.0
trackman_4ms,16,3.239,raw,coherent_cross,tx1,even,1.0,1,2,84.65000980983278,-2.7427296810523605,1.0
trackman_4ms,16,3.239,raw,coherent_cross,tx1,odd,-1.0,0,1,73.92294353629448,-0.8912140158250349,1.0
trackman_4ms,16,3.239,raw,coherent_cross,tx1,odd,-0.5,0,1,73.92294353629448,-0.8912140158250349,1.0
trackman_4ms,16,3.239,raw,coherent_cross,tx1,odd,0.0,0,1,73.92294353629448,-0.8912140158250349,1.0
trackman_4ms,16,3.239,raw,coherent_cross,tx1,odd,0.5,1,2,-77.34298696500476,1.1437299248214536,1.0000000000000002
trackman_4ms,16,3.239,raw,coherent_cross,tx1,odd,1.0,1,2,-77.34298696500476,1.1437299248214536,1.0000000000000002
trackman_4ms,16,3.239,raw,coherent_cross,tx3,all,-1.0,0,1,-79.89829277833253,1.441694040806923,1.0
trackman_4ms,16,3.239,raw,coherent_cross,tx3,all,-0.5,0,1,-79.89829277833253,1.441694040806923,1.0
trackman_4ms,16,3.239,raw,coherent_cross,tx3,all,0.0,0,1,-79.89829277833253,1.441694040806923,1.0
trackman_4ms,16,3.239,raw,coherent_cross,tx3,all,0.5,1,2,-85.04632009553649,2.9633899678835465,0.9999999999999998
trackman_4ms,16,3.239,raw,coherent_cross,tx3,all,1.0,1,2,-85.04632009553649,2.9633899678835465,0.9999999999999998
trackman_4ms,16,3.239,raw,coherent_cross,tx3,even,-1.0,0,1,-81.71613978942405,1.7641156159353855,0.9999999999999999
trackman_4ms,16,3.239,raw,coherent_cross,tx3,even,-0.5,0,1,-81.71613978942405,1.7641156159353855,0.9999999999999999
trackman_4ms,16,3.239,raw,coherent_cross,tx3,even,0.0,0,1,-81.71613978942405,1.7641156159353855,0.9999999999999999
trackman_4ms,16,3.239,raw,coherent_cross,tx3,even,0.5,1,2,83.65010975427928,-2.308082591619493,1.0
trackman_4ms,16,3.239,raw,coherent_cross,tx3,even,1.0,1,2,83.65010975427928,-2.308082591619493,1.0
trackman_4ms,16,3.239,raw,coherent_cross,tx3,odd,-1.0,0,1,-84.5874179942934,2.710826193785675,1.0
trackman_4ms,16,3.239,raw,coherent_cross,tx3,odd,-0.5,0,1,-84.5874179942934,2.710826193785675,1.0
trackman_4ms,16,3.239,raw,coherent_cross,tx3,odd,0.0,0,1,-84.5874179942934,2.710826193785675,1.0
trackman_4ms,16,3.239,raw,coherent_cross,tx3,odd,0.5,1,2,-82.04330736922374,1.8376540218425352,0.9999999999999999
trackman_4ms,16,3.239,raw,coherent_cross,tx3,odd,1.0,1,2,-82.04330736922374,1.8376540218425352,0.9999999999999999
trackman_4ms,16,3.239,raw,coherent_cross,fused,all,-1.0,0,1,-83.23023701486296,2.163713165161229,0.7133698193911147
trackman_4ms,16,3.239,raw,coherent_cross,fused,all,-0.5,0,1,-83.23023701486296,2.163713165161229,0.7133698193911147
trackman_4ms,16,3.239,raw,coherent_cross,fused,all,0.0,0,1,-83.23023701486296,2.163713165161229,0.7133698193911147
trackman_4ms,16,3.239,raw,coherent_cross,fused,all,0.5,1,2,-84.68927953829485,2.7631285227607143,0.9763477577695295
trackman_4ms,16,3.239,raw,coherent_cross,fused,all,1.0,1,2,-84.68927953829485,2.7631285227607143,0.9763477577695295
trackman_4ms,16,3.239,raw,coherent_cross,fused,even,-1.0,0,1,-83.9462525140697,2.4218996004667406,0.7368531252209612
trackman_4ms,16,3.239,raw,coherent_cross,fused,even,-0.5,0,1,-83.9462525140697,2.4218996004667406,0.7368531252209612
trackman_4ms,16,3.239,raw,coherent_cross,fused,even,0.0,0,1,-83.9462525140697,2.4218996004667406,0.7368531252209612
trackman_4ms,16,3.239,raw,coherent_cross,fused,even,0.5,1,2,84.097950762445,-2.4846086702322183,0.9772912402946868
trackman_4ms,16,3.239,raw,coherent_cross,fused,even,1.0,1,2,84.097950762445,-2.4846086702322183,0.9772912402946868
trackman_4ms,16,3.239,raw,coherent_cross,fused,odd,-1.0,0,1,84.8388064395605,-2.843634021105442,0.27876700750311084
trackman_4ms,16,3.239,raw,coherent_cross,fused,odd,-0.5,0,1,84.8388064395605,-2.843634021105442,0.27876700750311084
trackman_4ms,16,3.239,raw,coherent_cross,fused,odd,0.0,0,1,84.8388064395605,-2.843634021105442,0.27876700750311084
trackman_4ms,16,3.239,raw,coherent_cross,fused,odd,0.5,1,2,-80.44942536460249,1.526590817559139,0.9410163748443375
trackman_4ms,16,3.239,raw,coherent_cross,fused,odd,1.0,1,2,-80.44942536460249,1.526590817559139,0.9410163748443375
trackman_4ms,16,3.239,mti,loop_cross,tx1,all,-1.0,0,1,-45.55503581714056,0.2618742789664397,0.8030476330310898
trackman_4ms,16,3.239,mti,loop_cross,tx1,all,-0.5,0,1,-45.55503581714056,0.2618742789664397,0.8030476330310898
trackman_4ms,16,3.239,mti,loop_cross,tx1,all,0.0,0,1,-45.55503581714056,0.2618742789664397,0.8030476330310898
trackman_4ms,16,3.239,mti,loop_cross,tx1,all,0.5,1,2,-15.583434695984577,0.0716335267637275,0.8481533858263038
trackman_4ms,16,3.239,mti,loop_cross,tx1,all,1.0,1,2,-15.583434695984577,0.0716335267637275,0.8481533858263038
trackman_4ms,16,3.239,mti,loop_cross,tx1,even,-1.0,0,1,-58.15450031571544,0.41352165882924596,0.7571900729880391
trackman_4ms,16,3.239,mti,loop_cross,tx1,even,-0.5,0,1,-58.15450031571544,0.41352165882924596,0.7571900729880391
trackman_4ms,16,3.239,mti,loop_cross,tx1,even,0.0,0,1,-58.15450031571544,0.41352165882924596,0.7571900729880391
trackman_4ms,16,3.239,mti,loop_cross,tx1,even,0.5,1,2,5.808650511847372,-0.026128964300655567,0.8520309890752964
trackman_4ms,16,3.239,mti,loop_cross,tx1,even,1.0,1,2,5.808650511847372,-0.026128964300655567,0.8520309890752964
trackman_4ms,16,3.239,mti,loop_cross,tx1,odd,-1.0,0,1,-29.971010294001662,0.14811869656694848,0.854845197844748
trackman_4ms,16,3.239,mti,loop_cross,tx1,odd,-0.5,0,1,-29.971010294001662,0.14811869656694848,0.854845197844748
trackman_4ms,16,3.239,mti,loop_cross,tx1,odd,0.0,0,1,-29.971010294001662,0.14811869656694848,0.854845197844748
trackman_4ms,16,3.239,mti,loop_cross,tx1,odd,0.5,1,2,-31.80564552694444,0.15928825534245797,0.8515938778271785
trackman_4ms,16,3.239,mti,loop_cross,tx1,odd,1.0,1,2,-31.80564552694444,0.15928825534245797,0.8515938778271785
trackman_4ms,16,3.239,mti,loop_cross,tx3,all,-1.0,0,1,65.31532559675311,-0.5588237732621891,0.9010812872544117
trackman_4ms,16,3.239,mti,loop_cross,tx3,all,-0.5,0,1,65.31532559675311,-0.5588237732621891,0.9010812872544117
trackman_4ms,16,3.239,mti,loop_cross,tx3,all,0.0,0,1,65.31532559675311,-0.5588237732621891,0.9010812872544117
trackman_4ms,16,3.239,mti,loop_cross,tx3,all,0.5,1,2,50.199074573931426,-0.3082697916578518,0.8925414507257963
trackman_4ms,16,3.239,mti,loop_cross,tx3,all,1.0,1,2,50.199074573931426,-0.3082697916578518,0.8925414507257963
trackman_4ms,16,3.239,mti,loop_cross,tx3,even,-1.0,0,1,62.33678566864634,-0.4899896333223776,0.9490353825063209
trackman_4ms,16,3.239,mti,loop_cross,tx3,even,-0.5,0,1,62.33678566864634,-0.4899896333223776,0.9490353825063209
trackman_4ms,16,3.239,mti,loop_cross,tx3,even,0.0,0,1,62.33678566864634,-0.4899896333223776,0.9490353825063209
trackman_4ms,16,3.239,mti,loop_cross,tx3,even,0.5,1,2,48.92808756037216,-0.2947232329837139,0.9236025015288954
trackman_4ms,16,3.239,mti,loop_cross,tx3,even,1.0,1,2,48.92808756037216,-0.2947232329837139,0.9236025015288954
trackman_4ms,16,3.239,mti,loop_cross,tx3,odd,-1.0,0,1,67.5350352975765,-0.6211627322690862,0.8650265998373224
trackman_4ms,16,3.239,mti,loop_cross,tx3,odd,-0.5,0,1,67.5350352975765,-0.6211627322690862,0.8650265998373224
trackman_4ms,16,3.239,mti,loop_cross,tx3,odd,0.0,0,1,67.5350352975765,-0.6211627322690862,0.8650265998373224
trackman_4ms,16,3.239,mti,loop_cross,tx3,odd,0.5,1,2,51.13215517827054,-0.3186824295338223,0.870156059072346
trackman_4ms,16,3.239,mti,loop_cross,tx3,odd,1.0,1,2,51.13215517827054,-0.3186824295338223,0.870156059072346
trackman_4ms,16,3.239,mti,loop_cross,fused,all,-1.0,0,1,33.226731409795654,-0.16824856944118524,0.7809362442543952
trackman_4ms,16,3.239,mti,loop_cross,fused,all,-0.5,0,1,33.226731409795654,-0.16824856944118524,0.7809362442543952
trackman_4ms,16,3.239,mti,loop_cross,fused,all,0.0,0,1,33.226731409795654,-0.16824856944118524,0.7809362442543952
trackman_4ms,16,3.239,mti,loop_cross,fused,all,0.5,1,2,24.737661085056963,-0.11834201411016064,0.8541397286268607
trackman_4ms,16,3.239,mti,loop_cross,fused,all,1.0,1,2,24.737661085056963,-0.11834201411016064,0.8541397286268607
trackman_4ms,16,3.239,mti,loop_cross,fused,even,-1.0,0,1,17.989903125599355,-0.08340530693336733,0.766630667241277
trackman_4ms,16,3.239,mti,loop_cross,fused,even,-0.5,0,1,17.989903125599355,-0.08340530693336733,0.766630667241277
trackman_4ms,16,3.239,mti,loop_cross,fused,even,0.0,0,1,17.989903125599355,-0.08340530693336733,0.766630667241277
trackman_4ms,16,3.239,mti,loop_cross,fused,even,0.5,1,2,31.022477291554377,-0.1544677086813222,0.8768500251893608
trackman_4ms,16,3.239,mti,loop_cross,fused,even,1.0,1,2,31.022477291554377,-0.1544677086813222,0.8768500251893608
trackman_4ms,16,3.239,mti,loop_cross,fused,odd,-1.0,0,1,42.640726459860524,-0.23652206199652018,0.797075291746669
trackman_4ms,16,3.239,mti,loop_cross,fused,odd,-0.5,0,1,42.640726459860524,-0.23652206199652018,0.797075291746669
trackman_4ms,16,3.239,mti,loop_cross,fused,odd,0.0,0,1,42.640726459860524,-0.23652206199652018,0.797075291746669
trackman_4ms,16,3.239,mti,loop_cross,fused,odd,0.5,1,2,18.859512878668056,-0.08773639245968447,0.8366351868122084
trackman_4ms,16,3.239,mti,loop_cross,fused,odd,1.0,1,2,18.859512878668056,-0.08773639245968447,0.8366351868122084
trackman_4ms,16,3.239,mti,coherent_cross,tx1,all,-1.0,0,1,2.90970006583209,-0.013055012307401822,1.0
trackman_4ms,16,3.239,mti,coherent_cross,tx1,all,-0.5,0,1,2.90970006583209,-0.013055012307401822,1.0
trackman_4ms,16,3.239,mti,coherent_cross,tx1,all,0.0,0,1,2.90970006583209,-0.013055012307401822,1.0
trackman_4ms,16,3.239,mti,coherent_cross,tx1,all,0.5,1,2,-30.668400314667107,0.1523143257632309,1.0000000000000002
trackman_4ms,16,3.239,mti,coherent_cross,tx1,all,1.0,1,2,-30.668400314667107,0.1523143257632309,1.0000000000000002
trackman_4ms,16,3.239,mti,coherent_cross,tx1,even,-1.0,0,1,63.22678119686351,-0.5090659907640223,1.0
trackman_4ms,16,3.239,mti,coherent_cross,tx1,even,-0.5,0,1,63.22678119686351,-0.5090659907640223,1.0
trackman_4ms,16,3.239,mti,coherent_cross,tx1,even,0.0,0,1,63.22678119686351,-0.5090659907640223,1.0
trackman_4ms,16,3.239,mti,coherent_cross,tx1,even,0.5,1,2,-28.400506317247096,0.13888074686163196,1.0
trackman_4ms,16,3.239,mti,coherent_cross,tx1,even,1.0,1,2,-28.400506317247096,0.13888074686163196,1.0
trackman_4ms,16,3.239,mti,coherent_cross,tx1,odd,-1.0,0,1,-49.826155679706645,0.3042215081547073,1.0
trackman_4ms,16,3.239,mti,coherent_cross,tx1,odd,-0.5,0,1,-49.826155679706645,0.3042215081547073,1.0
trackman_4ms,16,3.239,mti,coherent_cross,tx1,odd,0.0,0,1,-49.826155679706645,0.3042215081547073,1.0
trackman_4ms,16,3.239,mti,coherent_cross,tx1,odd,0.5,1,2,8.821240269845937,-0.039859852889467355,1.0
trackman_4ms,16,3.239,mti,coherent_cross,tx1,odd,1.0,1,2,8.821240269845937,-0.039859852889467355,1.0
trackman_4ms,16,3.239,mti,coherent_cross,tx3,all,-1.0,0,1,73.44839921849938,-0.8642492030763235,1.0
trackman_4ms,16,3.239,mti,coherent_cross,tx3,all,-0.5,0,1,73.44839921849938,-0.8642492030763235,1.0
trackman_4ms,16,3.239,mti,coherent_cross,tx3,all,0.0,0,1,73.44839921849938,-0.8642492030763235,1.0
trackman_4ms,16,3.239,mti,coherent_cross,tx3,all,0.5,1,2,-23.273705572204115,0.11047700742417599,1.0
trackman_4ms,16,3.239,mti,coherent_cross,tx3,all,1.0,1,2,-23.273705572204115,0.11047700742417599,1.0
trackman_4ms,16,3.239,mti,coherent_cross,tx3,even,-1.0,0,1,45.76279161480681,-0.26378081637835676,1.0
trackman_4ms,16,3.239,mti,coherent_cross,tx3,even,-0.5,0,1,45.76279161480681,-0.26378081637835676,1.0
trackman_4ms,16,3.239,mti,coherent_cross,tx3,even,0.0,0,1,45.76279161480681,-0.26378081637835676,1.0
trackman_4ms,16,3.239,mti,coherent_cross,tx3,even,0.5,1,2,44.60466962906305,-0.2533289518060963,1.0
trackman_4ms,16,3.239,mti,coherent_cross,tx3,even,1.0,1,2,44.60466962906305,-0.2533289518060963,1.0
trackman_4ms,16,3.239,mti,coherent_cross,tx3,odd,-1.0,0,1,76.6368427221777,-1.0812233919724423,1.0000000000000002
trackman_4ms,16,3.239,mti,coherent_cross,tx3,odd,-0.5,0,1,76.6368427221777,-1.0812233919724423,1.0000000000000002
trackman_4ms,16,3.239,mti,coherent_cross,tx3,odd,0.0,0,1,76.6368427221777,-1.0812233919724423,1.0000000000000002
trackman_4ms,16,3.239,mti,coherent_cross,tx3,odd,0.5,1,2,-5.437086720797293,0.024447142979135677,1.0000000000000002
trackman_4ms,16,3.239,mti,coherent_cross,tx3,odd,1.0,1,2,-5.437086720797293,0.024447142979135677,1.0000000000000002
trackman_4ms,16,3.239,mti,coherent_cross,fused,all,-1.0,0,1,64.32460474861826,-0.5342801354641944,0.9149727733296605
trackman_4ms,16,3.239,mti,coherent_cross,fused,all,-0.5,0,1,64.32460474861826,-0.5342801354641944,0.9149727733296605
trackman_4ms,16,3.239,mti,coherent_cross,fused,all,0.0,0,1,64.32460474861826,-0.5342801354641944,0.9149727733296605
trackman_4ms,16,3.239,mti,coherent_cross,fused,all,0.5,1,2,-26.568622236420556,0.12844458281640306,0.9997855663385419
trackman_4ms,16,3.239,mti,coherent_cross,fused,all,1.0,1,2,-26.568622236420556,0.12844458281640306,0.9997855663385419
trackman_4ms,16,3.239,mti,coherent_cross,fused,even,-1.0,0,1,53.617961165086186,-0.34861044771625255,0.993198782713295
trackman_4ms,16,3.239,mti,coherent_cross,fused,even,-0.5,0,1,53.617961165086186,-0.34861044771625255,0.993198782713295
trackman_4ms,16,3.239,mti,coherent_cross,fused,even,0.0,0,1,53.617961165086186,-0.34861044771625255,0.993198782713295
trackman_4ms,16,3.239,mti,coherent_cross,fused,even,0.5,1,2,22.011481946039403,-0.10383366882500836,0.9818993593675007
trackman_4ms,16,3.239,mti,coherent_cross,fused,even,1.0,1,2,22.011481946039403,-0.10383366882500836,0.9818993593675007
trackman_4ms,16,3.239,mti,coherent_cross,fused,odd,-1.0,0,1,64.58338474962349,-0.540518449792011,0.7784880750407138
trackman_4ms,16,3.239,mti,coherent_cross,fused,odd,-0.5,0,1,64.58338474962349,-0.540518449792011,0.7784880750407138
trackman_4ms,16,3.239,mti,coherent_cross,fused,odd,0.0,0,1,64.58338474962349,-0.540518449792011,0.7784880750407138
trackman_4ms,16,3.239,mti,coherent_cross,fused,odd,0.5,1,2,0.1887017597959386,-0.000845927238159688,0.9995066418506924
trackman_4ms,16,3.239,mti,coherent_cross,fused,odd,1.0,1,2,0.1887017597959386,-0.000845927238159688,0.9995066418506924
trackman_4ms,17,4.086,raw,loop_cross,tx1,all,-1.0,5,6,71.93270454634498,-0.8221622966926053,0.21738525340291598
trackman_4ms,17,4.086,raw,loop_cross,tx1,all,-0.5,5,6,71.93270454634498,-0.8221622966926053,0.21738525340291598
trackman_4ms,17,4.086,raw,loop_cross,tx1,all,0.0,5,6,71.93270454634498,-0.8221622966926053,0.21738525340291598
trackman_4ms,17,4.086,raw,loop_cross,tx1,all,0.5,5,6,71.93270454634498,-0.8221622966926053,0.21738525340291598
trackman_4ms,17,4.086,raw,loop_cross,tx1,all,1.0,5,6,71.93270454634498,-0.8221622966926053,0.21738525340291598
trackman_4ms,17,4.086,raw,loop_cross,tx1,even,-1.0,5,6,78.71381793142571,-1.3439202567653337,0.21831868986091177
trackman_4ms,17,4.086,raw,loop_cross,tx1,even,-0.5,5,6,78.71381793142571,-1.3439202567653337,0.21831868986091177
trackman_4ms,17,4.086,raw,loop_cross,tx1,even,0.0,5,6,78.71381793142571,-1.3439202567653337,0.21831868986091177
trackman_4ms,17,4.086,raw,loop_cross,tx1,even,0.5,5,6,78.71381793142571,-1.3439202567653337,0.21831868986091177
trackman_4ms,17,4.086,raw,loop_cross,tx1,even,1.0,5,6,78.71381793142571,-1.3439202567653337,0.21831868986091177
trackman_4ms,17,4.086,raw,loop_cross,tx1,odd,-1.0,5,6,55.50521042735172,-0.39031634010370836,0.27171513354374216
trackman_4ms,17,4.086,raw,loop_cross,tx1,odd,-0.5,5,6,55.50521042735172,-0.39031634010370836,0.27171513354374216
trackman_4ms,17,4.086,raw,loop_cross,tx1,odd,0.0,5,6,55.50521042735172,-0.39031634010370836,0.27171513354374216
trackman_4ms,17,4.086,raw,loop_cross,tx1,odd,0.5,5,6,55.50521042735172,-0.39031634010370836,0.27171513354374216
trackman_4ms,17,4.086,raw,loop_cross,tx1,odd,1.0,5,6,55.50521042735172,-0.39031634010370836,0.27171513354374216
trackman_4ms,17,4.086,raw,loop_cross,tx3,all,-1.0,5,6,-84.31834343792934,2.6957975746761016,0.656247450832885
trackman_4ms,17,4.086,raw,loop_cross,tx3,all,-0.5,5,6,-84.31834343792934,2.6957975746761016,0.656247450832885
trackman_4ms,17,4.086,raw,loop_cross,tx3,all,0.0,5,6,-84.31834343792934,2.6957975746761016,0.656247450832885
trackman_4ms,17,4.086,raw,loop_cross,tx3,all,0.5,5,6,-84.31834343792934,2.6957975746761016,0.656247450832885
trackman_4ms,17,4.086,raw,loop_cross,tx3,all,1.0,5,6,-84.31834343792934,2.6957975746761016,0.656247450832885
trackman_4ms,17,4.086,raw,loop_cross,tx3,even,-1.0,5,6,-84.15291076778362,2.6190152736344685,0.6921442257233126
trackman_4ms,17,4.086,raw,loop_cross,tx3,even,-0.5,5,6,-84.15291076778362,2.6190152736344685,0.6921442257233126
trackman_4ms,17,4.086,raw,loop_cross,tx3,even,0.0,5,6,-84.15291076778362,2.6190152736344685,0.6921442257233126
trackman_4ms,17,4.086,raw,loop_cross,tx3,even,0.5,5,6,-84.15291076778362,2.6190152736344685,0.6921442257233126
trackman_4ms,17,4.086,raw,loop_cross,tx3,even,1.0,5,6,-84.15291076778362,2.6190152736344685,0.6921442257233126
trackman_4ms,17,4.086,raw,loop_cross,tx3,odd,-1.0,5,6,-84.49157813645064,2.7811276930407134,0.6245743199476502
trackman_4ms,17,4.086,raw,loop_cross,tx3,odd,-0.5,5,6,-84.49157813645064,2.7811276930407134,0.6245743199476502
trackman_4ms,17,4.086,raw,loop_cross,tx3,odd,0.0,5,6,-84.49157813645064,2.7811276930407134,0.6245743199476502
trackman_4ms,17,4.086,raw,loop_cross,tx3,odd,0.5,5,6,-84.49157813645064,2.7811276930407134,0.6245743199476502
trackman_4ms,17,4.086,raw,loop_cross,tx3,odd,1.0,5,6,-84.49157813645064,2.7811276930407134,0.6245743199476502
trackman_4ms,17,4.086,raw,loop_cross,fused,all,-1.0,5,6,-84.70793155143873,2.8955171639514545,0.2109011186516757
trackman_4ms,17,4.086,raw,loop_cross,fused,all,-0.5,5,6,-84.70793155143873,2.8955171639514545,0.2109011186516757
trackman_4ms,17,4.086,raw,loop_cross,fused,all,0.0,5,6,-84.70793155143873,2.8955171639514545,0.2109011186516757
trackman_4ms,17,4.086,raw,loop_cross,fused,all,0.5,5,6,-84.70793155143873,2.8955171639514545,0.2109011186516757
trackman_4ms,17,4.086,raw,loop_cross,fused,all,1.0,5,6,-84.70793155143873,2.8955171639514545,0.2109011186516757
trackman_4ms,17,4.086,raw,loop_cross,fused,even,-1.0,5,6,-84.80178585108601,2.948091895124708,0.26151960031024335
trackman_4ms,17,4.086,raw,loop_cross,fused,even,-0.5,5,6,-84.80178585108601,2.948091895124708,0.26151960031024335
trackman_4ms,17,4.086,raw,loop_cross,fused,even,0.0,5,6,-84.80178585108601,2.948091895124708,0.26151960031024335
trackman_4ms,17,4.086,raw,loop_cross,fused,even,0.5,5,6,-84.80178585108601,2.948091895124708,0.26151960031024335
trackman_4ms,17,4.086,raw,loop_cross,fused,even,1.0,5,6,-84.80178585108601,2.948091895124708,0.26151960031024335
trackman_4ms,17,4.086,raw,loop_cross,fused,odd,-1.0,5,6,-84.54282294988654,2.8074043282053056,0.16002499117482272
trackman_4ms,17,4.086,raw,loop_cross,fused,odd,-0.5,5,6,-84.54282294988654,2.8074043282053056,0.16002499117482272
trackman_4ms,17,4.086,raw,loop_cross,fused,odd,0.0,5,6,-84.54282294988654,2.8074043282053056,0.16002499117482272
trackman_4ms,17,4.086,raw,loop_cross,fused,odd,0.5,5,6,-84.54282294988654,2.8074043282053056,0.16002499117482272
trackman_4ms,17,4.086,raw,loop_cross,fused,odd,1.0,5,6,-84.54282294988654,2.8074043282053056,0.16002499117482272
trackman_4ms,17,4.086,raw,coherent_cross,tx1,all,-1.0,5,6,-42.57646641805814,0.2464236575811961,0.9999999999999998
trackman_4ms,17,4.086,raw,coherent_cross,tx1,all,-0.5,5,6,-42.57646641805814,0.2464236575811961,0.9999999999999998
trackman_4ms,17,4.086,raw,coherent_cross,tx1,all,0.0,5,6,-42.57646641805814,0.2464236575811961,0.9999999999999998
trackman_4ms,17,4.086,raw,coherent_cross,tx1,all,0.5,5,6,-42.57646641805814,0.2464236575811961,0.9999999999999998
trackman_4ms,17,4.086,raw,coherent_cross,tx1,all,1.0,5,6,-42.57646641805814,0.2464236575811961,0.9999999999999998
trackman_4ms,17,4.086,raw,coherent_cross,tx1,even,-1.0,5,6,-37.76871446694095,0.20780644864432143,1.0000000000000002
trackman_4ms,17,4.086,raw,coherent_cross,tx1,even,-0.5,5,6,-37.76871446694095,0.20780644864432143,1.0000000000000002
trackman_4ms,17,4.086,raw,coherent_cross,tx1,even,0.0,5,6,-37.76871446694095,0.20780644864432143,1.0000000000000002
trackman_4ms,17,4.086,raw,coherent_cross,tx1,even,0.5,5,6,-37.76871446694095,0.20780644864432143,1.0000000000000002
trackman_4ms,17,4.086,raw,coherent_cross,tx1,even,1.0,5,6,-37.76871446694095,0.20780644864432143,1.0000000000000002
trackman_4ms,17,4.086,raw,coherent_cross,tx1,odd,-1.0,5,6,-50.03556503955475,0.32003718163581757,1.0
trackman_4ms,17,4.086,raw,coherent_cross,tx1,odd,-0.5,5,6,-50.03556503955475,0.32003718163581757,1.0
trackman_4ms,17,4.086,raw,coherent_cross,tx1,odd,0.0,5,6,-50.03556503955475,0.32003718163581757,1.0
trackman_4ms,17,4.086,raw,coherent_cross,tx1,odd,0.5,5,6,-50.03556503955475,0.32003718163581757,1.0
trackman_4ms,17,4.086,raw,coherent_cross,tx1,odd,1.0,5,6,-50.03556503955475,0.32003718163581757,1.0
trackman_4ms,17,4.086,raw,coherent_cross,tx3,all,-1.0,5,6,-28.89797108286887,0.1480445740672673,1.0
trackman_4ms,17,4.086,raw,coherent_cross,tx3,all,-0.5,5,6,-28.89797108286887,0.1480445740672673,1.0
trackman_4ms,17,4.086,raw,coherent_cross,tx3,all,0.0,5,6,-28.89797108286887,0.1480445740672673,1.0
trackman_4ms,17,4.086,raw,coherent_cross,tx3,all,0.5,5,6,-28.89797108286887,0.1480445740672673,1.0
trackman_4ms,17,4.086,raw,coherent_cross,tx3,all,1.0,5,6,-28.89797108286887,0.1480445740672673,1.0
trackman_4ms,17,4.086,raw,coherent_cross,tx3,even,-1.0,5,6,5.644571839220658,-0.026508368999964987,1.0
trackman_4ms,17,4.086,raw,coherent_cross,tx3,even,-0.5,5,6,5.644571839220658,-0.026508368999964987,1.0
trackman_4ms,17,4.086,raw,coherent_cross,tx3,even,0.0,5,6,5.644571839220658,-0.026508368999964987,1.0
trackman_4ms,17,4.086,raw,coherent_cross,tx3,even,0.5,5,6,5.644571839220658,-0.026508368999964987,1.0
trackman_4ms,17,4.086,raw,coherent_cross,tx3,even,1.0,5,6,5.644571839220658,-0.026508368999964987,1.0
trackman_4ms,17,4.086,raw,coherent_cross,tx3,odd,-1.0,5,6,-46.80449071175998,0.2856538919364612,1.0
trackman_4ms,17,4.086,raw,coherent_cross,tx3,odd,-0.5,5,6,-46.80449071175998,0.2856538919364612,1.0
trackman_4ms,17,4.086,raw,coherent_cross,tx3,odd,0.0,5,6,-46.80449071175998,0.2856538919364612,1.0
trackman_4ms,17,4.086,raw,coherent_cross,tx3,odd,0.5,5,6,-46.80449071175998,0.2856538919364612,1.0
trackman_4ms,17,4.086,raw,coherent_cross,tx3,odd,1.0,5,6,-46.80449071175998,0.2856538919364612,1.0
trackman_4ms,17,4.086,raw,coherent_cross,fused,all,-1.0,5,6,-38.30110530285492,0.2118237339920943,0.9988967475853491
trackman_4ms,17,4.086,raw,coherent_cross,fused,all,-0.5,5,6,-38.30110530285492,0.2118237339920943,0.9988967475853491
trackman_4ms,17,4.086,raw,coherent_cross,fused,all,0.0,5,6,-38.30110530285492,0.2118237339920943,0.9988967475853491
trackman_4ms,17,4.086,raw,coherent_cross,fused,all,0.5,5,6,-38.30110530285492,0.2118237339920943,0.9988967475853491
trackman_4ms,17,4.086,raw,coherent_cross,fused,all,1.0,5,6,-38.30110530285492,0.2118237339920943,0.9988967475853491
trackman_4ms,17,4.086,raw,coherent_cross,fused,even,-1.0,5,6,-23.706440935641382,0.11776960734257633,0.9935102706715087
trackman_4ms,17,4.086,raw,coherent_cross,fused,even,-0.5,5,6,-23.706440935641382,0.11776960734257633,0.9935102706715087
trackman_4ms,17,4.086,raw,coherent_cross,fused,even,0.0,5,6,-23.706440935641382,0.11776960734257633,0.9935102706715087
trackman_4ms,17,4.086,raw,coherent_cross,fused,even,0.5,5,6,-23.706440935641382,0.11776960734257633,0.9935102706715087
trackman_4ms,17,4.086,raw,coherent_cross,fused,even,1.0,5,6,-23.706440935641382,0.11776960734257633,0.9935102706715087
trackman_4ms,17,4.086,raw,coherent_cross,fused,odd,-1.0,5,6,-49.05069721038741,0.30908617903505314,0.9998716975595264
trackman_4ms,17,4.086,raw,coherent_cross,fused,odd,-0.5,5,6,-49.05069721038741,0.30908617903505314,0.9998716975595264
trackman_4ms,17,4.086,raw,coherent_cross,fused,odd,0.0,5,6,-49.05069721038741,0.30908617903505314,0.9998716975595264
trackman_4ms,17,4.086,raw,coherent_cross,fused,odd,0.5,5,6,-49.05069721038741,0.30908617903505314,0.9998716975595264
trackman_4ms,17,4.086,raw,coherent_cross,fused,odd,1.0,5,6,-49.05069721038741,0.30908617903505314,0.9998716975595264
trackman_4ms,17,4.086,mti,loop_cross,tx1,all,-1.0,5,6,-64.07502497039853,0.5517336447517592,0.8175461103526619
trackman_4ms,17,4.086,mti,loop_cross,tx1,all,-0.5,5,6,-64.07502497039853,0.5517336447517592,0.8175461103526619
trackman_4ms,17,4.086,mti,loop_cross,tx1,all,0.0,5,6,-64.07502497039853,0.5517336447517592,0.8175461103526619
trackman_4ms,17,4.086,mti,loop_cross,tx1,all,0.5,5,6,-64.07502497039853,0.5517336447517592,0.8175461103526619
trackman_4ms,17,4.086,mti,loop_cross,tx1,all,1.0,5,6,-64.07502497039853,0.5517336447517592,0.8175461103526619
trackman_4ms,17,4.086,mti,loop_cross,tx1,even,-1.0,5,6,-60.091172840784594,0.4662560799855239,0.842345226470558
trackman_4ms,17,4.086,mti,loop_cross,tx1,even,-0.5,5,6,-60.091172840784594,0.4662560799855239,0.842345226470558
trackman_4ms,17,4.086,mti,loop_cross,tx1,even,0.0,5,6,-60.091172840784594,0.4662560799855239,0.842345226470558
trackman_4ms,17,4.086,mti,loop_cross,tx1,even,0.5,5,6,-60.091172840784594,0.4662560799855239,0.842345226470558
trackman_4ms,17,4.086,mti,loop_cross,tx1,even,1.0,5,6,-60.091172840784594,0.4662560799855239,0.842345226470558
trackman_4ms,17,4.086,mti,loop_cross,tx1,odd,-1.0,5,6,-67.89244488839672,0.660258825142989,0.7961799641603465
trackman_4ms,17,4.086,mti,loop_cross,tx1,odd,-0.5,5,6,-67.89244488839672,0.660258825142989,0.7961799641603465
trackman_4ms,17,4.086,mti,loop_cross,tx1,odd,0.0,5,6,-67.89244488839672,0.660258825142989,0.7961799641603465
trackman_4ms,17,4.086,mti,loop_cross,tx1,odd,0.5,5,6,-67.89244488839672,0.660258825142989,0.7961799641603465
trackman_4ms,17,4.086,mti,loop_cross,tx1,odd,1.0,5,6,-67.89244488839672,0.660258825142989,0.7961799641603465
trackman_4ms,17,4.086,mti,loop_cross,tx3,all,-1.0,5,6,58.77565290240849,-0.44243424147347,0.9389431095687168
trackman_4ms,17,4.086,mti,loop_cross,tx3,all,-0.5,5,6,58.77565290240849,-0.44243424147347,0.9389431095687168
trackman_4ms,17,4.086,mti,loop_cross,tx3,all,0.0,5,6,58.77565290240849,-0.44243424147347,0.9389431095687168
trackman_4ms,17,4.086,mti,loop_cross,tx3,all,0.5,5,6,58.77565290240849,-0.44243424147347,0.9389431095687168
trackman_4ms,17,4.086,mti,loop_cross,tx3,all,1.0,5,6,58.77565290240849,-0.44243424147347,0.9389431095687168
trackman_4ms,17,4.086,mti,loop_cross,tx3,even,-1.0,5,6,61.81104174885168,-0.5004312561884753,0.9829798194967325
trackman_4ms,17,4.086,mti,loop_cross,tx3,even,-0.5,5,6,61.81104174885168,-0.5004312561884753,0.9829798194967325
trackman_4ms,17,4.086,mti,loop_cross,tx3,even,0.0,5,6,61.81104174885168,-0.5004312561884753,0.9829798194967325
trackman_4ms,17,4.086,mti,loop_cross,tx3,even,0.5,5,6,61.81104174885168,-0.5004312561884753,0.9829798194967325
trackman_4ms,17,4.086,mti,loop_cross,tx3,even,1.0,5,6,61.81104174885168,-0.5004312561884753,0.9829798194967325
trackman_4ms,17,4.086,mti,loop_cross,tx3,odd,-1.0,5,6,54.818080009456075,-0.38045926591588886,0.8992400794829118
trackman_4ms,17,4.086,mti,loop_cross,tx3,odd,-0.5,5,6,54.818080009456075,-0.38045926591588886,0.8992400794829118
trackman_4ms,17,4.086,mti,loop_cross,tx3,odd,0.0,5,6,54.818080009456075,-0.38045926591588886,0.8992400794829118
trackman_4ms,17,4.086,mti,loop_cross,tx3,odd,0.5,5,6,54.818080009456075,-0.38045926591588886,0.8992400794829118
trackman_4ms,17,4.086,mti,loop_cross,tx3,odd,1.0,5,6,54.818080009456075,-0.38045926591588886,0.8992400794829118
trackman_4ms,17,4.086,mti,loop_cross,fused,all,-1.0,5,6,-3.257262518425736,0.015263874404357912,0.7727448138674505
trackman_4ms,17,4.086,mti,loop_cross,fused,all,-0.5,5,6,-3.257262518425736,0.015263874404357912,0.7727448138674505
trackman_4ms,17,4.086,mti,loop_cross,fused,all,0.0,5,6,-3.257262518425736,0.015263874404357912,0.7727448138674505
trackman_4ms,17,4.086,mti,loop_cross,fused,all,0.5,5,6,-3.257262518425736,0.015263874404357912,0.7727448138674505
trackman_4ms,17,4.086,mti,loop_cross,fused,all,1.0,5,6,-3.257262518425736,0.015263874404357912,0.7727448138674505
trackman_4ms,17,4.086,mti,loop_cross,fused,even,-1.0,5,6,7.16190236257625,-0.03370096881360644,0.8053914131749669
trackman_4ms,17,4.086,mti,loop_cross,fused,even,-0.5,5,6,7.16190236257625,-0.03370096881360644,0.8053914131749669
trackman_4ms,17,4.086,mti,loop_cross,fused,even,0.0,5,6,7.16190236257625,-0.03370096881360644,0.8053914131749669
trackman_4ms,17,4.086,mti,loop_cross,fused,even,0.5,5,6,7.16190236257625,-0.03370096881360644,0.8053914131749669
trackman_4ms,17,4.086,mti,loop_cross,fused,even,1.0,5,6,7.16190236257625,-0.03370096881360644,0.8053914131749669
trackman_4ms,17,4.086,mti,loop_cross,fused,odd,-1.0,5,6,-15.218086210525485,0.07296053240105038,0.7396951154560636
trackman_4ms,17,4.086,mti,loop_cross,fused,odd,-0.5,5,6,-15.218086210525485,0.07296053240105038,0.7396951154560636
trackman_4ms,17,4.086,mti,loop_cross,fused,odd,0.0,5,6,-15.218086210525485,0.07296053240105038,0.7396951154560636
trackman_4ms,17,4.086,mti,loop_cross,fused,odd,0.5,5,6,-15.218086210525485,0.07296053240105038,0.7396951154560636
trackman_4ms,17,4.086,mti,loop_cross,fused,odd,1.0,5,6,-15.218086210525485,0.07296053240105038,0.7396951154560636
trackman_4ms,17,4.086,mti,coherent_cross,tx1,all,-1.0,5,6,-77.401666431714,1.20004293658606,0.9999999999999998
trackman_4ms,17,4.086,mti,coherent_cross,tx1,all,-0.5,5,6,-77.401666431714,1.20004293658606,0.9999999999999998
trackman_4ms,17,4.086,mti,coherent_cross,tx1,all,0.0,5,6,-77.401666431714,1.20004293658606,0.9999999999999998
trackman_4ms,17,4.086,mti,coherent_cross,tx1,all,0.5,5,6,-77.401666431714,1.20004293658606,0.9999999999999998
trackman_4ms,17,4.086,mti,coherent_cross,tx1,all,1.0,5,6,-77.401666431714,1.20004293658606,0.9999999999999998
trackman_4ms,17,4.086,mti,coherent_cross,tx1,even,-1.0,5,6,-79.82896597734266,1.4949552454293542,1.0000000000000002
trackman_4ms,17,4.086,mti,coherent_cross,tx1,even,-0.5,5,6,-79.82896597734266,1.4949552454293542,1.0000000000000002
trackman_4ms,17,4.086,mti,coherent_cross,tx1,even,0.0,5,6,-79.82896597734266,1.4949552454293542,1.0000000000000002
trackman_4ms,17,4.086,mti,coherent_cross,tx1,even,0.5,5,6,-79.82896597734266,1.4949552454293542,1.0000000000000002
trackman_4ms,17,4.086,mti,coherent_cross,tx1,even,1.0,5,6,-79.82896597734266,1.4949552454293542,1.0000000000000002
trackman_4ms,17,4.086,mti,coherent_cross,tx1,odd,-1.0,5,6,-78.78880892002873,1.3531456799901767,1.0000000000000002
trackman_4ms,17,4.086,mti,coherent_cross,tx1,odd,-0.5,5,6,-78.78880892002873,1.3531456799901767,1.0000000000000002
trackman_4ms,17,4.086,mti,coherent_cross,tx1,odd,0.0,5,6,-78.78880892002873,1.3531456799901767,1.0000000000000002
trackman_4ms,17,4.086,mti,coherent_cross,tx1,odd,0.5,5,6,-78.78880892002873,1.3531456799901767,1.0000000000000002
trackman_4ms,17,4.086,mti,coherent_cross,tx1,odd,1.0,5,6,-78.78880892002873,1.3531456799901767,1.0000000000000002
trackman_4ms,17,4.086,mti,coherent_cross,tx3,all,-1.0,5,6,68.71245141179678,-0.6883515285178973,1.0
trackman_4ms,17,4.086,mti,coherent_cross,tx3,all,-0.5,5,6,68.71245141179678,-0.6883515285178973,1.0
trackman_4ms,17,4.086,mti,coherent_cross,tx3,all,0.0,5,6,68.71245141179678,-0.6883515285178973,1.0
trackman_4ms,17,4.086,mti,coherent_cross,tx3,all,0.5,5,6,68.71245141179678,-0.6883515285178973,1.0
trackman_4ms,17,4.086,mti,coherent_cross,tx3,all,1.0,5,6,68.71245141179678,-0.6883515285178973,1.0
trackman_4ms,17,4.086,mti,coherent_cross,tx3,even,-1.0,5,6,65.99545078525185,-0.602268988050235,1.0000000000000002
trackman_4ms,17,4.086,mti,coherent_cross,tx3,even,-0.5,5,6,65.99545078525185,-0.602268988050235,1.0000000000000002
trackman_4ms,17,4.086,mti,coherent_cross,tx3,even,0.0,5,6,65.99545078525185,-0.602268988050235,1.0000000000000002
trackman_4ms,17,4.086,mti,coherent_cross,tx3,even,0.5,5,6,65.99545078525185,-0.602268988050235,1.0000000000000002
trackman_4ms,17,4.086,mti,coherent_cross,tx3,even,1.0,5,6,65.99545078525185,-0.602268988050235,1.0000000000000002
trackman_4ms,17,4.086,mti,coherent_cross,tx3,odd,-1.0,5,6,72.60868428203655,-0.8562971421964156,1.0
trackman_4ms,17,4.086,mti,coherent_cross,tx3,odd,-0.5,5,6,72.60868428203655,-0.8562971421964156,1.0
trackman_4ms,17,4.086,mti,coherent_cross,tx3,odd,0.0,5,6,72.60868428203655,-0.8562971421964156,1.0
trackman_4ms,17,4.086,mti,coherent_cross,tx3,odd,0.5,5,6,72.60868428203655,-0.8562971421964156,1.0
trackman_4ms,17,4.086,mti,coherent_cross,tx3,odd,1.0,5,6,72.60868428203655,-0.8562971421964156,1.0
trackman_4ms,17,4.086,mti,coherent_cross,fused,all,-1.0,5,6,-20.517599976501533,0.10037155369393355,0.593552631829231
trackman_4ms,17,4.086,mti,coherent_cross,fused,all,-0.5,5,6,-20.517599976501533,0.10037155369393355,0.593552631829231
trackman_4ms,17,4.086,mti,coherent_cross,fused,all,0.0,5,6,-20.517599976501533,0.10037155369393355,0.593552631829231
trackman_4ms,17,4.086,mti,coherent_cross,fused,all,0.5,5,6,-20.517599976501533,0.10037155369393355,0.593552631829231
trackman_4ms,17,4.086,mti,coherent_cross,fused,all,1.0,5,6,-20.517599976501533,0.10037155369393355,0.593552631829231
trackman_4ms,17,4.086,mti,coherent_cross,fused,even,-1.0,5,6,-42.48580405985081,0.24564213395967088,0.5089913987233018
trackman_4ms,17,4.086,mti,coherent_cross,fused,even,-0.5,5,6,-42.48580405985081,0.24564213395967088,0.5089913987233018
trackman_4ms,17,4.086,mti,coherent_cross,fused,even,0.0,5,6,-42.48580405985081,0.24564213395967088,0.5089913987233018
trackman_4ms,17,4.086,mti,coherent_cross,fused,even,0.5,5,6,-42.48580405985081,0.24564213395967088,0.5089913987233018
trackman_4ms,17,4.086,mti,coherent_cross,fused,even,1.0,5,6,-42.48580405985081,0.24564213395967088,0.5089913987233018
trackman_4ms,17,4.086,mti,coherent_cross,fused,odd,-1.0,5,6,-6.413656311855067,0.030148712688537457,0.46030530059669683
trackman_4ms,17,4.086,mti,coherent_cross,fused,odd,-0.5,5,6,-6.413656311855067,0.030148712688537457,0.46030530059669683
trackman_4ms,17,4.086,mti,coherent_cross,fused,odd,0.0,5,6,-6.413656311855067,0.030148712688537457,0.46030530059669683
trackman_4ms,17,4.086,mti,coherent_cross,fused,odd,0.5,5,6,-6.413656311855067,0.030148712688537457,0.46030530059669683
trackman_4ms,17,4.086,mti,coherent_cross,fused,odd,1.0,5,6,-6.413656311855067,0.030148712688537457,0.46030530059669683
trackman_4ms,18,1.683,raw,loop_cross,tx1,all,-1.0,3,4,80.787270674315,-1.5615787359228885,0.34581301419656396
trackman_4ms,18,1.683,raw,loop_cross,tx1,all,-0.5,3,4,80.787270674315,-1.5615787359228885,0.34581301419656396
trackman_4ms,18,1.683,raw,loop_cross,tx1,all,0.0,3,4,80.787270674315,-1.5615787359228885,0.34581301419656396
trackman_4ms,18,1.683,raw,loop_cross,tx1,all,0.5,3,4,80.787270674315,-1.5615787359228885,0.34581301419656396
trackman_4ms,18,1.683,raw,loop_cross,tx1,all,1.0,3,4,80.787270674315,-1.5615787359228885,0.34581301419656396
trackman_4ms,18,1.683,raw,loop_cross,tx1,even,-1.0,3,4,82.40681886295171,-1.8999447267514955,0.32667508080434543
trackman_4ms,18,1.683,raw,loop_cross,tx1,even,-0.5,3,4,82.40681886295171,-1.8999447267514955,0.32667508080434543
trackman_4ms,18,1.683,raw,loop_cross,tx1,even,0.0,3,4,82.40681886295171,-1.8999447267514955,0.32667508080434543
trackman_4ms,18,1.683,raw,loop_cross,tx1,even,0.5,3,4,82.40681886295171,-1.8999447267514955,0.32667508080434543
trackman_4ms,18,1.683,raw,loop_cross,tx1,even,1.0,3,4,82.40681886295171,-1.8999447267514955,0.32667508080434543
trackman_4ms,18,1.683,raw,loop_cross,tx1,odd,-1.0,3,4,78.58503292809691,-1.254420730862658,0.4077072379116864
trackman_4ms,18,1.683,raw,loop_cross,tx1,odd,-0.5,3,4,78.58503292809691,-1.254420730862658,0.4077072379116864
trackman_4ms,18,1.683,raw,loop_cross,tx1,odd,0.0,3,4,78.58503292809691,-1.254420730862658,0.4077072379116864
trackman_4ms,18,1.683,raw,loop_cross,tx1,odd,0.5,3,4,78.58503292809691,-1.254420730862658,0.4077072379116864
trackman_4ms,18,1.683,raw,loop_cross,tx1,odd,1.0,3,4,78.58503292809691,-1.254420730862658,0.4077072379116864
trackman_4ms,18,1.683,raw,loop_cross,tx3,all,-1.0,3,4,-79.99197143719475,1.4352270072404423,0.4418255896908476
trackman_4ms,18,1.683,raw,loop_cross,tx3,all,-0.5,3,4,-79.99197143719475,1.4352270072404423,0.4418255896908476
trackman_4ms,18,1.683,raw,loop_cross,tx3,all,0.0,3,4,-79.99197143719475,1.4352270072404423,0.4418255896908476
trackman_4ms,18,1.683,raw,loop_cross,tx3,all,0.5,3,4,-79.99197143719475,1.4352270072404423,0.4418255896908476
trackman_4ms,18,1.683,raw,loop_cross,tx3,all,1.0,3,4,-79.99197143719475,1.4352270072404423,0.4418255896908476
trackman_4ms,18,1.683,raw,loop_cross,tx3,even,-1.0,3,4,-80.29519118647234,1.48098078718702,0.4774132685866907
trackman_4ms,18,1.683,raw,loop_cross,tx3,even,-0.5,3,4,-80.29519118647234,1.48098078718702,0.4774132685866907
trackman_4ms,18,1.683,raw,loop_cross,tx3,even,0.0,3,4,-80.29519118647234,1.48098078718702,0.4774132685866907
trackman_4ms,18,1.683,raw,loop_cross,tx3,even,0.5,3,4,-80.29519118647234,1.48098078718702,0.4774132685866907
trackman_4ms,18,1.683,raw,loop_cross,tx3,even,1.0,3,4,-80.29519118647234,1.48098078718702,0.4774132685866907
trackman_4ms,18,1.683,raw,loop_cross,tx3,odd,-1.0,3,4,-79.54747617916279,1.3729061921366128,0.4023409315854011
trackman_4ms,18,1.683,raw,loop_cross,tx3,odd,-0.5,3,4,-79.54747617916279,1.3729061921366128,0.4023409315854011
trackman_4ms,18,1.683,raw,loop_cross,tx3,odd,0.0,3,4,-79.54747617916279,1.3729061921366128,0.4023409315854011
trackman_4ms,18,1.683,raw,loop_cross,tx3,odd,0.5,3,4,-79.54747617916279,1.3729061921366128,0.4023409315854011
trackman_4ms,18,1.683,raw,loop_cross,tx3,odd,1.0,3,4,-79.54747617916279,1.3729061921366128,0.4023409315854011
trackman_4ms,18,1.683,raw,loop_cross,fused,all,-1.0,3,4,-78.32326752290984,1.2255325795640173,0.10398222727094864
trackman_4ms,18,1.683,raw,loop_cross,fused,all,-0.5,3,4,-78.32326752290984,1.2255325795640173,0.10398222727094864
trackman_4ms,18,1.683,raw,loop_cross,fused,all,0.0,3,4,-78.32326752290984,1.2255325795640173,0.10398222727094864
trackman_4ms,18,1.683,raw,loop_cross,fused,all,0.5,3,4,-78.32326752290984,1.2255325795640173,0.10398222727094864
trackman_4ms,18,1.683,raw,loop_cross,fused,all,1.0,3,4,-78.32326752290984,1.2255325795640173,0.10398222727094864
trackman_4ms,18,1.683,raw,loop_cross,fused,even,-1.0,3,4,-81.65637651080952,1.7269422826340477,0.1376279244118795
trackman_4ms,18,1.683,raw,loop_cross,fused,even,-0.5,3,4,-81.65637651080952,1.7269422826340477,0.1376279244118795
trackman_4ms,18,1.683,raw,loop_cross,fused,even,0.0,3,4,-81.65637651080952,1.7269422826340477,0.1376279244118795
trackman_4ms,18,1.683,raw,loop_cross,fused,even,0.5,3,4,-81.65637651080952,1.7269422826340477,0.1376279244118795
trackman_4ms,18,1.683,raw,loop_cross,fused,even,1.0,3,4,-81.65637651080952,1.7269422826340477,0.1376279244118795
trackman_4ms,18,1.683,raw,loop_cross,fused,odd,-1.0,3,4,-63.03973501080529,0.49793672557638197,0.11367691676264742
trackman_4ms,18,1.683,raw,loop_cross,fused,odd,-0.5,3,4,-63.03973501080529,0.49793672557638197,0.11367691676264742
trackman_4ms,18,1.683,raw,loop_cross,fused,odd,0.0,3,4,-63.03973501080529,0.49793672557638197,0.11367691676264742
trackman_4ms,18,1.683,raw,loop_cross,fused,odd,0.5,3,4,-63.03973501080529,0.49793672557638197,0.11367691676264742
trackman_4ms,18,1.683,raw,loop_cross,fused,odd,1.0,3,4,-63.03973501080529,0.49793672557638197,0.11367691676264742
trackman_4ms,18,1.683,raw,coherent_cross,tx1,all,-1.0,3,4,82.5341857817116,-1.932737243280523,0.9999999999999999
trackman_4ms,18,1.683,raw,coherent_cross,tx1,all,-0.5,3,4,82.5341857817116,-1.932737243280523,0.9999999999999999
trackman_4ms,18,1.683,raw,coherent_cross,tx1,all,0.0,3,4,82.5341857817116,-1.932737243280523,0.9999999999999999
trackman_4ms,18,1.683,raw,coherent_cross,tx1,all,0.5,3,4,82.5341857817116,-1.932737243280523,0.9999999999999999
trackman_4ms,18,1.683,raw,coherent_cross,tx1,all,1.0,3,4,82.5341857817116,-1.932737243280523,0.9999999999999999
trackman_4ms,18,1.683,raw,coherent_cross,tx1,even,-1.0,3,4,78.31507988961671,-1.2246495928335681,1.0000000000000002
trackman_4ms,18,1.683,raw,coherent_cross,tx1,even,-0.5,3,4,78.31507988961671,-1.2246495928335681,1.0000000000000002
trackman_4ms,18,1.683,raw,coherent_cross,tx1,even,0.0,3,4,78.31507988961671,-1.2246495928335681,1.0000000000000002
trackman_4ms,18,1.683,raw,coherent_cross,tx1,even,0.5,3,4,78.31507988961671,-1.2246495928335681,1.0000000000000002
trackman_4ms,18,1.683,raw,coherent_cross,tx1,even,1.0,3,4,78.31507988961671,-1.2246495928335681,1.0000000000000002
trackman_4ms,18,1.683,raw,coherent_cross,tx1,odd,-1.0,3,4,85.12088597750137,-2.967052238160612,1.0
trackman_4ms,18,1.683,raw,coherent_cross,tx1,odd,-0.5,3,4,85.12088597750137,-2.967052238160612,1.0
trackman_4ms,18,1.683,raw,coherent_cross,tx1,odd,0.0,3,4,85.12088597750137,-2.967052238160612,1.0
trackman_4ms,18,1.683,raw,coherent_cross,tx1,odd,0.5,3,4,85.12088597750137,-2.967052238160612,1.0
trackman_4ms,18,1.683,raw,coherent_cross,tx1,odd,1.0,3,4,85.12088597750137,-2.967052238160612,1.0
trackman_4ms,18,1.683,raw,coherent_cross,tx3,all,-1.0,3,4,45.06227414258035,-0.25382778001849865,1.0000000000000002
trackman_4ms,18,1.683,raw,coherent_cross,tx3,all,-0.5,3,4,45.06227414258035,-0.25382778001849865,1.0000000000000002
trackman_4ms,18,1.683,raw,coherent_cross,tx3,all,0.0,3,4,45.06227414258035,-0.25382778001849865,1.0000000000000002
trackman_4ms,18,1.683,raw,coherent_cross,tx3,all,0.5,3,4,45.06227414258035,-0.25382778001849865,1.0000000000000002
trackman_4ms,18,1.683,raw,coherent_cross,tx3,all,1.0,3,4,45.06227414258035,-0.25382778001849865,1.0000000000000002
trackman_4ms,18,1.683,raw,coherent_cross,tx3,even,-1.0,3,4,76.69551854782587,-1.0710612746910262,1.0
trackman_4ms,18,1.683,raw,coherent_cross,tx3,even,-0.5,3,4,76.69551854782587,-1.0710612746910262,1.0
trackman_4ms,18,1.683,raw,coherent_cross,tx3,even,0.0,3,4,76.69551854782587,-1.0710612746910262,1.0
trackman_4ms,18,1.683,raw,coherent_cross,tx3,even,0.5,3,4,76.69551854782587,-1.0710612746910262,1.0
trackman_4ms,18,1.683,raw,coherent_cross,tx3,even,1.0,3,4,76.69551854782587,-1.0710612746910262,1.0
trackman_4ms,18,1.683,raw,coherent_cross,tx3,odd,-1.0,3,4,42.39468219425092,-0.23123022532711643,0.9999999999999999
trackman_4ms,18,1.683,raw,coherent_cross,tx3,odd,-0.5,3,4,42.39468219425092,-0.23123022532711643,0.9999999999999999
trackman_4ms,18,1.683,raw,coherent_cross,tx3,odd,0.0,3,4,42.39468219425092,-0.23123022532711643,0.9999999999999999
trackman_4ms,18,1.683,raw,coherent_cross,tx3,odd,0.5,3,4,42.39468219425092,-0.23123022532711643,0.9999999999999999
trackman_4ms,18,1.683,raw,coherent_cross,tx3,odd,1.0,3,4,42.39468219425092,-0.23123022532711643,0.9999999999999999
trackman_4ms,18,1.683,raw,coherent_cross,fused,all,-1.0,3,4,75.61650016324538,-0.9876279605565866,0.6716138449370443
trackman_4ms,18,1.683,raw,coherent_cross,fused,all,-0.5,3,4,75.61650016324538,-0.9876279605565866,0.6716138449370443
trackman_4ms,18,1.683,raw,coherent_cross,fused,all,0.0,3,4,75.61650016324538,-0.9876279605565866,0.6716138449370443
trackman_4ms,18,1.683,raw,coherent_cross,fused,all,0.5,3,4,75.61650016324538,-0.9876279605565866,0.6716138449370443
trackman_4ms,18,1.683,raw,coherent_cross,fused,all,1.0,3,4,75.61650016324538,-0.9876279605565866,0.6716138449370443
trackman_4ms,18,1.683,raw,coherent_cross,fused,even,-1.0,3,4,77.4019585166948,-1.133276397164394,0.9971587477173464
trackman_4ms,18,1.683,raw,coherent_cross,fused,even,-0.5,3,4,77.4019585166948,-1.133276397164394,0.9971587477173464
trackman_4ms,18,1.683,raw,coherent_cross,fused,even,0.0,3,4,77.4019585166948,-1.133276397164394,0.9971587477173464
trackman_4ms,18,1.683,raw,coherent_cross,fused,even,0.5,3,4,77.4019585166948,-1.133276397164394,0.9971587477173464
trackman_4ms,18,1.683,raw,coherent_cross,fused,even,1.0,3,4,77.4019585166948,-1.133276397164394,0.9971587477173464
trackman_4ms,18,1.683,raw,coherent_cross,fused,odd,-1.0,3,4,64.87805942318273,-0.540149123938703,0.4114259606557609
trackman_4ms,18,1.683,raw,coherent_cross,fused,odd,-0.5,3,4,64.87805942318273,-0.540149123938703,0.4114259606557609
trackman_4ms,18,1.683,raw,coherent_cross,fused,odd,0.0,3,4,64.87805942318273,-0.540149123938703,0.4114259606557609
trackman_4ms,18,1.683,raw,coherent_cross,fused,odd,0.5,3,4,64.87805942318273,-0.540149123938703,0.4114259606557609
trackman_4ms,18,1.683,raw,coherent_cross,fused,odd,1.0,3,4,64.87805942318273,-0.540149123938703,0.4114259606557609
trackman_4ms,18,1.683,mti,loop_cross,tx1,all,-1.0,3,4,-40.947379756412,0.21976194589108164,0.9618892374938726
trackman_4ms,18,1.683,mti,loop_cross,tx1,all,-0.5,3,4,-40.947379756412,0.21976194589108164,0.9618892374938726
trackman_4ms,18,1.683,mti,loop_cross,tx1,all,0.0,3,4,-40.947379756412,0.21976194589108164,0.9618892374938726
trackman_4ms,18,1.683,mti,loop_cross,tx1,all,0.5,3,4,-40.947379756412,0.21976194589108164,0.9618892374938726
trackman_4ms,18,1.683,mti,loop_cross,tx1,all,1.0,3,4,-40.947379756412,0.21976194589108164,0.9618892374938726
trackman_4ms,18,1.683,mti,loop_cross,tx1,even,-1.0,3,4,-39.79359688311558,0.21097416982914408,0.9476670761689943
trackman_4ms,18,1.683,mti,loop_cross,tx1,even,-0.5,3,4,-39.79359688311558,0.21097416982914408,0.9476670761689943
trackman_4ms,18,1.683,mti,loop_cross,tx1,even,0.0,3,4,-39.79359688311558,0.21097416982914408,0.9476670761689943
trackman_4ms,18,1.683,mti,loop_cross,tx1,even,0.5,3,4,-39.79359688311558,0.21097416982914408,0.9476670761689943
trackman_4ms,18,1.683,mti,loop_cross,tx1,even,1.0,3,4,-39.79359688311558,0.21097416982914408,0.9476670761689943
trackman_4ms,18,1.683,mti,loop_cross,tx1,odd,-1.0,3,4,-42.28359652633593,0.23033147116923902,0.9796728190783165
trackman_4ms,18,1.683,mti,loop_cross,tx1,odd,-0.5,3,4,-42.28359652633593,0.23033147116923902,0.9796728190783165
trackman_4ms,18,1.683,mti,loop_cross,tx1,odd,0.0,3,4,-42.28359652633593,0.23033147116923902,0.9796728190783165
trackman_4ms,18,1.683,mti,loop_cross,tx1,odd,0.5,3,4,-42.28359652633593,0.23033147116923902,0.9796728190783165
trackman_4ms,18,1.683,mti,loop_cross,tx1,odd,1.0,3,4,-42.28359652633593,0.23033147116923902,0.9796728190783165
trackman_4ms,18,1.683,mti,loop_cross,tx3,all,-1.0,3,4,63.82097242591071,-0.5152020061170438,0.9389134434035853
trackman_4ms,18,1.683,mti,loop_cross,tx3,all,-0.5,3,4,63.82097242591071,-0.5152020061170438,0.9389134434035853
trackman_4ms,18,1.683,mti,loop_cross,tx3,all,0.0,3,4,63.82097242591071,-0.5152020061170438,0.9389134434035853
trackman_4ms,18,1.683,mti,loop_cross,tx3,all,0.5,3,4,63.82097242591071,-0.5152020061170438,0.9389134434035853
trackman_4ms,18,1.683,mti,loop_cross,tx3,all,1.0,3,4,63.82097242591071,-0.5152020061170438,0.9389134434035853
trackman_4ms,18,1.683,mti,loop_cross,tx3,even,-1.0,3,4,59.856650944656195,-0.43616419044902965,0.9558053474787604
trackman_4ms,18,1.683,mti,loop_cross,tx3,even,-0.5,3,4,59.856650944656195,-0.43616419044902965,0.9558053474787604
trackman_4ms,18,1.683,mti,loop_cross,tx3,even,0.0,3,4,59.856650944656195,-0.43616419044902965,0.9558053474787604
trackman_4ms,18,1.683,mti,loop_cross,tx3,even,0.5,3,4,59.856650944656195,-0.43616419044902965,0.9558053474787604
trackman_4ms,18,1.683,mti,loop_cross,tx3,even,1.0,3,4,59.856650944656195,-0.43616419044902965,0.9558053474787604
trackman_4ms,18,1.683,mti,loop_cross,tx3,odd,-1.0,3,4,67.74306825133723,-0.6188768520395251,0.9262213460444968
trackman_4ms,18,1.683,mti,loop_cross,tx3,odd,-0.5,3,4,67.74306825133723,-0.6188768520395251,0.9262213460444968
trackman_4ms,18,1.683,mti,loop_cross,tx3,odd,0.0,3,4,67.74306825133723,-0.6188768520395251,0.9262213460444968
trackman_4ms,18,1.683,mti,loop_cross,tx3,odd,0.5,3,4,67.74306825133723,-0.6188768520395251,0.9262213460444968
trackman_4ms,18,1.683,mti,loop_cross,tx3,odd,1.0,3,4,67.74306825133723,-0.6188768520395251,0.9262213460444968
trackman_4ms,18,1.683,mti,loop_cross,fused,all,-1.0,3,4,27.13274009372531,-0.12979087163670106,0.8874603565680985
trackman_4ms,18,1.683,mti,loop_cross,fused,all,-0.5,3,4,27.13274009372531,-0.12979087163670106,0.8874603565680985
trackman_4ms,18,1.683,mti,loop_cross,fused,all,0.0,3,4,27.13274009372531,-0.12979087163670106,0.8874603565680985
trackman_4ms,18,1.683,mti,loop_cross,fused,all,0.5,3,4,27.13274009372531,-0.12979087163670106,0.8874603565680985
trackman_4ms,18,1.683,mti,loop_cross,fused,all,1.0,3,4,27.13274009372531,-0.12979087163670106,0.8874603565680985
trackman_4ms,18,1.683,mti,loop_cross,fused,even,-1.0,3,4,22.33115128830167,-0.10403721289604545,0.902265516247964
trackman_4ms,18,1.683,mti,loop_cross,fused,even,-0.5,3,4,22.33115128830167,-0.10403721289604545,0.902265516247964
trackman_4ms,18,1.683,mti,loop_cross,fused,even,0.0,3,4,22.33115128830167,-0.10403721289604545,0.902265516247964
trackman_4ms,18,1.683,mti,loop_cross,fused,even,0.5,3,4,22.33115128830167,-0.10403721289604545,0.902265516247964
trackman_4ms,18,1.683,mti,loop_cross,fused,even,1.0,3,4,22.33115128830167,-0.10403721289604545,0.902265516247964
trackman_4ms,18,1.683,mti,loop_cross,fused,odd,-1.0,3,4,32.82084701816822,-0.1633560981520945,0.8697275479423511
trackman_4ms,18,1.683,mti,loop_cross,fused,odd,-0.5,3,4,32.82084701816822,-0.1633560981520945,0.8697275479423511
trackman_4ms,18,1.683,mti,loop_cross,fused,odd,0.0,3,4,32.82084701816822,-0.1633560981520945,0.8697275479423511
trackman_4ms,18,1.683,mti,loop_cross,fused,odd,0.5,3,4,32.82084701816822,-0.1633560981520945,0.8697275479423511
trackman_4ms,18,1.683,mti,loop_cross,fused,odd,1.0,3,4,32.82084701816822,-0.1633560981520945,0.8697275479423511
trackman_4ms,18,1.683,mti,coherent_cross,tx1,all,-1.0,3,4,22.706107886765498,-0.10597962847476405,0.9999999999999998
trackman_4ms,18,1.683,mti,coherent_cross,tx1,all,-0.5,3,4,22.706107886765498,-0.10597962847476405,0.9999999999999998
trackman_4ms,18,1.683,mti,coherent_cross,tx1,all,0.0,3,4,22.706107886765498,-0.10597962847476405,0.9999999999999998
trackman_4ms,18,1.683,mti,coherent_cross,tx1,all,0.5,3,4,22.706107886765498,-0.10597962847476405,0.9999999999999998
trackman_4ms,18,1.683,mti,coherent_cross,tx1,all,1.0,3,4,22.706107886765498,-0.10597962847476405,0.9999999999999998
trackman_4ms,18,1.683,mti,coherent_cross,tx1,even,-1.0,3,4,-0.7496480053935856,0.0033140162316863016,1.0
trackman_4ms,18,1.683,mti,coherent_cross,tx1,even,-0.5,3,4,-0.7496480053935856,0.0033140162316863016,1.0
trackman_4ms,18,1.683,mti,coherent_cross,tx1,even,0.0,3,4,-0.7496480053935856,0.0033140162316863016,1.0
trackman_4ms,18,1.683,mti,coherent_cross,tx1,even,0.5,3,4,-0.7496480053935856,0.0033140162316863016,1.0
trackman_4ms,18,1.683,mti,coherent_cross,tx1,even,1.0,3,4,-0.7496480053935856,0.0033140162316863016,1.0
trackman_4ms,18,1.683,mti,coherent_cross,tx1,odd,-1.0,3,4,74.63183907090006,-0.9215147964208028,1.0
trackman_4ms,18,1.683,mti,coherent_cross,tx1,odd,-0.5,3,4,74.63183907090006,-0.9215147964208028,1.0
trackman_4ms,18,1.683,mti,coherent_cross,tx1,odd,0.0,3,4,74.63183907090006,-0.9215147964208028,1.0
trackman_4ms,18,1.683,mti,coherent_cross,tx1,odd,0.5,3,4,74.63183907090006,-0.9215147964208028,1.0
trackman_4ms,18,1.683,mti,coherent_cross,tx1,odd,1.0,3,4,74.63183907090006,-0.9215147964208028,1.0
trackman_4ms,18,1.683,mti,coherent_cross,tx3,all,-1.0,3,4,-73.46263670955275,0.8530044681920665,0.9999999999999999
trackman_4ms,18,1.683,mti,coherent_cross,tx3,all,-0.5,3,4,-73.46263670955275,0.8530044681920665,0.9999999999999999
trackman_4ms,18,1.683,mti,coherent_cross,tx3,all,0.0,3,4,-73.46263670955275,0.8530044681920665,0.9999999999999999
trackman_4ms,18,1.683,mti,coherent_cross,tx3,all,0.5,3,4,-73.46263670955275,0.8530044681920665,0.9999999999999999
trackman_4ms,18,1.683,mti,coherent_cross,tx3,all,1.0,3,4,-73.46263670955275,0.8530044681920665,0.9999999999999999
trackman_4ms,18,1.683,mti,coherent_cross,tx3,even,-1.0,3,4,39.73235510964952,-0.21051601741784126,1.0
trackman_4ms,18,1.683,mti,coherent_cross,tx3,even,-0.5,3,4,39.73235510964952,-0.21051601741784126,1.0
trackman_4ms,18,1.683,mti,coherent_cross,tx3,even,0.0,3,4,39.73235510964952,-0.21051601741784126,1.0
trackman_4ms,18,1.683,mti,coherent_cross,tx3,even,0.5,3,4,39.73235510964952,-0.21051601741784126,1.0
trackman_4ms,18,1.683,mti,coherent_cross,tx3,even,1.0,3,4,39.73235510964952,-0.21051601741784126,1.0
trackman_4ms,18,1.683,mti,coherent_cross,tx3,odd,-1.0,3,4,-54.51542021904761,0.35528293415537,1.0
trackman_4ms,18,1.683,mti,coherent_cross,tx3,odd,-0.5,3,4,-54.51542021904761,0.35528293415537,1.0
trackman_4ms,18,1.683,mti,coherent_cross,tx3,odd,0.0,3,4,-54.51542021904761,0.35528293415537,1.0
trackman_4ms,18,1.683,mti,coherent_cross,tx3,odd,0.5,3,4,-54.51542021904761,0.35528293415537,1.0
trackman_4ms,18,1.683,mti,coherent_cross,tx3,odd,1.0,3,4,-54.51542021904761,0.35528293415537,1.0
trackman_4ms,18,1.683,mti,coherent_cross,fused,all,-1.0,3,4,-42.54248240617509,0.23243096925507256,0.8961328908213688
trackman_4ms,18,1.683,mti,coherent_cross,fused,all,-0.5,3,4,-42.54248240617509,0.23243096925507256,0.8961328908213688
trackman_4ms,18,1.683,mti,coherent_cross,fused,all,0.0,3,4,-42.54248240617509,0.23243096925507256,0.8961328908213688
trackman_4ms,18,1.683,mti,coherent_cross,fused,all,0.5,3,4,-42.54248240617509,0.23243096925507256,0.8961328908213688
trackman_4ms,18,1.683,mti,coherent_cross,fused,all,1.0,3,4,-42.54248240617509,0.23243096925507256,0.8961328908213688
trackman_4ms,18,1.683,mti,coherent_cross,fused,even,-1.0,3,4,19.690776465233892,-0.09064015971039865,0.9943735497879698
trackman_4ms,18,1.683,mti,coherent_cross,fused,even,-0.5,3,4,19.690776465233892,-0.09064015971039865,0.9943735497879698
trackman_4ms,18,1.683,mti,coherent_cross,fused,even,0.0,3,4,19.690776465233892,-0.09064015971039865,0.9943735497879698
trackman_4ms,18,1.683,mti,coherent_cross,fused,even,0.5,3,4,19.690776465233892,-0.09064015971039865,0.9943735497879698
trackman_4ms,18,1.683,mti,coherent_cross,fused,even,1.0,3,4,19.690776465233892,-0.09064015971039865,0.9943735497879698
trackman_4ms,18,1.683,mti,coherent_cross,fused,odd,-1.0,3,4,45.652031846728036,-0.25910785321248375,0.8032824096608981
trackman_4ms,18,1.683,mti,coherent_cross,fused,odd,-0.5,3,4,45.652031846728036,-0.25910785321248375,0.8032824096608981
trackman_4ms,18,1.683,mti,coherent_cross,fused,odd,0.0,3,4,45.652031846728036,-0.25910785321248375,0.8032824096608981
trackman_4ms,18,1.683,mti,coherent_cross,fused,odd,0.5,3,4,45.652031846728036,-0.25910785321248375,0.8032824096608981
trackman_4ms,18,1.683,mti,coherent_cross,fused,odd,1.0,3,4,45.652031846728036,-0.25910785321248375,0.8032824096608981
trackman_4ms,19,1.233,raw,loop_cross,tx1,all,-1.0,8,9,-60.787050605813604,0.4753837425732185,0.6122714892514847
trackman_4ms,19,1.233,raw,loop_cross,tx1,all,-0.5,8,9,-60.787050605813604,0.4753837425732185,0.6122714892514847
trackman_4ms,19,1.233,raw,loop_cross,tx1,all,0.0,8,9,-60.787050605813604,0.4753837425732185,0.6122714892514847
trackman_4ms,19,1.233,raw,loop_cross,tx1,all,0.5,8,9,-60.787050605813604,0.4753837425732185,0.6122714892514847
trackman_4ms,19,1.233,raw,loop_cross,tx1,all,1.0,9,10,79.12949628669178,-1.3842419413092832,0.6113785727913859
trackman_4ms,19,1.233,raw,loop_cross,tx1,even,-1.0,8,9,-69.58734347034881,0.7142962313493184,0.7678492706734215
trackman_4ms,19,1.233,raw,loop_cross,tx1,even,-0.5,8,9,-69.58734347034881,0.7142962313493184,0.7678492706734215
trackman_4ms,19,1.233,raw,loop_cross,tx1,even,0.0,8,9,-69.58734347034881,0.7142962313493184,0.7678492706734215
trackman_4ms,19,1.233,raw,loop_cross,tx1,even,0.5,8,9,-69.58734347034881,0.7142962313493184,0.7678492706734215
trackman_4ms,19,1.233,raw,loop_cross,tx1,even,1.0,9,10,78.15299982349863,-1.26723380586967,0.573455231320171
trackman_4ms,19,1.233,raw,loop_cross,tx1,odd,-1.0,8,9,-21.65402345588338,0.10553721245228218,0.510870545285338
trackman_4ms,19,1.233,raw,loop_cross,tx1,odd,-0.5,8,9,-21.65402345588338,0.10553721245228218,0.510870545285338
trackman_4ms,19,1.233,raw,loop_cross,tx1,odd,0.0,8,9,-21.65402345588338,0.10553721245228218,0.510870545285338
trackman_4ms,19,1.233,raw,loop_cross,tx1,odd,0.5,8,9,-21.65402345588338,0.10553721245228218,0.510870545285338
trackman_4ms,19,1.233,raw,loop_cross,tx1,odd,1.0,9,10,79.95390582410114,-1.500502956419569,0.6640048318156518
trackman_4ms,19,1.233,raw,loop_cross,tx3,all,-1.0,8,9,-72.43026350660925,0.8395217474540427,0.7987035966240191
trackman_4ms,19,1.233,raw,loop_cross,tx3,all,-0.5,8,9,-72.43026350660925,0.8395217474540427,0.7987035966240191
trackman_4ms,19,1.233,raw,loop_cross,tx3,all,0.0,8,9,-72.43026350660925,0.8395217474540427,0.7987035966240191
trackman_4ms,19,1.233,raw,loop_cross,tx3,all,0.5,8,9,-72.43026350660925,0.8395217474540427,0.7987035966240191
trackman_4ms,19,1.233,raw,loop_cross,tx3,all,1.0,9,10,-79.84403099267537,1.4839299868477478,0.6824384288120293
trackman_4ms,19,1.233,raw,loop_cross,tx3,even,-1.0,8,9,-75.19389678324215,1.005669734108715,0.8410819632776361
trackman_4ms,19,1.233,raw,loop_cross,tx3,even,-0.5,8,9,-75.19389678324215,1.005669734108715,0.8410819632776361
trackman_4ms,19,1.233,raw,loop_cross,tx3,even,0.0,8,9,-75.19389678324215,1.005669734108715,0.8410819632776361
trackman_4ms,19,1.233,raw,loop_cross,tx3,even,0.5,8,9,-75.19389678324215,1.005669734108715,0.8410819632776361
trackman_4ms,19,1.233,raw,loop_cross,tx3,even,1.0,9,10,-79.81532218898316,1.4796580054626105,0.7449837136449906
trackman_4ms,19,1.233,raw,loop_cross,tx3,odd,-1.0,8,9,-67.30414911387278,0.6356020372622352,0.7798970817429784
trackman_4ms,19,1.233,raw,loop_cross,tx3,odd,-0.5,8,9,-67.30414911387278,0.6356020372622352,0.7798970817429784
trackman_4ms,19,1.233,raw,loop_cross,tx3,odd,0.0,8,9,-67.30414911387278,0.6356020372622352,0.7798970817429784
trackman_4ms,19,1.233,raw,loop_cross,tx3,odd,0.5,8,9,-67.30414911387278,0.6356020372622352,0.7798970817429784
trackman_4ms,19,1.233,raw,loop_cross,tx3,odd,1.0,9,10,-79.89174215593924,1.4910827022897641,0.5983534267869216
trackman_4ms,19,1.233,raw,loop_cross,fused,all,-1.0,8,9,-68.88810338844503,0.6884733673728325,0.697576724299718
trackman_4ms,19,1.233,raw,loop_cross,fused,all,-0.5,8,9,-68.88810338844503,0.6884733673728325,0.697576724299718
trackman_4ms,19,1.233,raw,loop_cross,fused,all,0.0,8,9,-68.88810338844503,0.6884733673728325,0.697576724299718
trackman_4ms,19,1.233,raw,loop_cross,fused,all,0.5,8,9,-68.88810338844503,0.6884733673728325,0.697576724299718
trackman_4ms,19,1.233,raw,loop_cross,fused,all,1.0,9,10,-59.58214021607036,0.45276264509844544,0.09585818756944672
trackman_4ms,19,1.233,raw,loop_cross,fused,even,-1.0,8,9,-73.11926355434596,0.8759885927597315,0.7983605418697752
trackman_4ms,19,1.233,raw,loop_cross,fused,even,-0.5,8,9,-73.11926355434596,0.8759885927597315,0.7983605418697752
trackman_4ms,19,1.233,raw,loop_cross,fused,even,0.0,8,9,-73.11926355434596,0.8759885927597315,0.7983605418697752
trackman_4ms,19,1.233,raw,loop_cross,fused,even,0.5,8,9,-73.11926355434596,0.8759885927597315,0.7983605418697752
trackman_4ms,19,1.233,raw,loop_cross,fused,even,1.0,9,10,-71.70886531001729,0.8041949360568467,0.16955292625575594
trackman_4ms,19,1.233,raw,loop_cross,fused,odd,-1.0,8,9,-58.233496827973674,0.4292904325827684,0.6250381988364472
trackman_4ms,19,1.233,raw,loop_cross,fused,odd,-0.5,8,9,-58.233496827973674,0.4292904325827684,0.6250381988364472
trackman_4ms,19,1.233,raw,loop_cross,fused,odd,0.0,8,9,-58.233496827973674,0.4292904325827684,0.6250381988364472
trackman_4ms,19,1.233,raw,loop_cross,fused,odd,0.5,8,9,-58.233496827973674,0.4292904325827684,0.6250381988364472
trackman_4ms,19,1.233,raw,loop_cross,fused,odd,1.0,9,10,73.31551405194249,-0.886910013098354,0.07458194423076463
trackman_4ms,19,1.233,raw,coherent_cross,tx1,all,-1.0,8,9,-26.00882082652858,0.12970169658511388,1.0000000000000002
trackman_4ms,19,1.233,raw,coherent_cross,tx1,all,-0.5,8,9,-26.00882082652858,0.12970169658511388,1.0000000000000002
trackman_4ms,19,1.233,raw,coherent_cross,tx1,all,0.0,8,9,-26.00882082652858,0.12970169658511388,1.0000000000000002
trackman_4ms,19,1.233,raw,coherent_cross,tx1,all,0.5,8,9,-26.00882082652858,0.12970169658511388,1.0000000000000002
trackman_4ms,19,1.233,raw,coherent_cross,tx1,all,1.0,9,10,-82.5949691083335,2.0453254007507473,1.0
trackman_4ms,19,1.233,raw,coherent_cross,tx1,even,-1.0,8,9,-48.78697955415777,0.30350912750739084,0.9999999999999998
trackman_4ms,19,1.233,raw,coherent_cross,tx1,even,-0.5,8,9,-48.78697955415777,0.30350912750739084,0.9999999999999998
trackman_4ms,19,1.233,raw,coherent_cross,tx1,even,0.0,8,9,-48.78697955415777,0.30350912750739084,0.9999999999999998
trackman_4ms,19,1.233,raw,coherent_cross,tx1,even,0.5,8,9,-48.78697955415777,0.30350912750739084,0.9999999999999998
trackman_4ms,19,1.233,raw,coherent_cross,tx1,even,1.0,9,10,-84.58992618903083,2.806856832948796,1.0
trackman_4ms,19,1.233,raw,coherent_cross,tx1,odd,-1.0,8,9,25.118257575301723,-0.12462437477301272,1.0000000000000002
trackman_4ms,19,1.233,raw,coherent_cross,tx1,odd,-0.5,8,9,25.118257575301723,-0.12462437477301272,1.0000000000000002
trackman_4ms,19,1.233,raw,coherent_cross,tx1,odd,0.0,8,9,25.118257575301723,-0.12462437477301272,1.0000000000000002
trackman_4ms,19,1.233,raw,coherent_cross,tx1,odd,0.5,8,9,25.118257575301723,-0.12462437477301272,1.0000000000000002
trackman_4ms,19,1.233,raw,coherent_cross,tx1,odd,1.0,9,10,84.5514260339448,-2.786904506173043,0.9999999999999998
trackman_4ms,19,1.233,raw,coherent_cross,tx3,all,-1.0,8,9,-57.48329314944614,0.41699174695111535,1.0
trackman_4ms,19,1.233,raw,coherent_cross,tx3,all,-0.5,8,9,-57.48329314944614,0.41699174695111535,1.0
trackman_4ms,19,1.233,raw,coherent_cross,tx3,all,0.0,8,9,-57.48329314944614,0.41699174695111535,1.0
trackman_4ms,19,1.233,raw,coherent_cross,tx3,all,0.5,8,9,-57.48329314944614,0.41699174695111535,1.0
trackman_4ms,19,1.233,raw,coherent_cross,tx3,all,1.0,9,10,-78.05810340974024,1.2568696793756626,1.0
trackman_4ms,19,1.233,raw,coherent_cross,tx3,even,-1.0,8,9,-70.31493033062243,0.7430277033557446,0.9999999999999999
trackman_4ms,19,1.233,raw,coherent_cross,tx3,even,-0.5,8,9,-70.31493033062243,0.7430277033557446,0.9999999999999999
trackman_4ms,19,1.233,raw,coherent_cross,tx3,even,0.0,8,9,-70.31493033062243,0.7430277033557446,0.9999999999999999
trackman_4ms,19,1.233,raw,coherent_cross,tx3,even,0.5,8,9,-70.31493033062243,0.7430277033557446,0.9999999999999999
trackman_4ms,19,1.233,raw,coherent_cross,tx3,even,1.0,9,10,-77.76224079610027,1.225573892331661,1.0
trackman_4ms,19,1.233,raw,coherent_cross,tx3,odd,-1.0,8,9,8.333773240693441,-0.03893956904097344,1.0000000000000002
trackman_4ms,19,1.233,raw,coherent_cross,tx3,odd,-0.5,8,9,8.333773240693441,-0.03893956904097344,1.0000000000000002
trackman_4ms,19,1.233,raw,coherent_cross,tx3,odd,0.0,8,9,8.333773240693441,-0.03893956904097344,1.0000000000000002
trackman_4ms,19,1.233,raw,coherent_cross,tx3,odd,0.5,8,9,8.333773240693441,-0.03893956904097344,1.0000000000000002
trackman_4ms,19,1.233,raw,coherent_cross,tx3,odd,1.0,9,10,-85.01309880540246,3.0464037095210066,0.9999999999999998
trackman_4ms,19,1.233,raw,coherent_cross,fused,all,-1.0,8,9,-47.6287373352007,0.291407830108638,0.98986222501012
trackman_4ms,19,1.233,raw,coherent_cross,fused,all,-0.5,8,9,-47.6287373352007,0.291407830108638,0.98986222501012
trackman_4ms,19,1.233,raw,coherent_cross,fused,all,0.0,8,9,-47.6287373352007,0.291407830108638,0.98986222501012
trackman_4ms,19,1.233,raw,coherent_cross,fused,all,0.5,8,9,-47.6287373352007,0.291407830108638,0.98986222501012
trackman_4ms,19,1.233,raw,coherent_cross,fused,all,1.0,9,10,-80.1656026591807,1.5334675210072355,0.9297181735563279
trackman_4ms,19,1.233,raw,coherent_cross,fused,even,-1.0,8,9,-64.93502745962451,0.5683777888381748,0.9769437527435021
trackman_4ms,19,1.233,raw,coherent_cross,fused,even,-0.5,8,9,-64.93502745962451,0.5683777888381748,0.9769437527435021
trackman_4ms,19,1.233,raw,coherent_cross,fused,even,0.0,8,9,-64.93502745962451,0.5683777888381748,0.9769437527435021
trackman_4ms,19,1.233,raw,coherent_cross,fused,even,0.5,8,9,-64.93502745962451,0.5683777888381748,0.9769437527435021
trackman_4ms,19,1.233,raw,coherent_cross,fused,even,1.0,9,10,-80.74029061203846,1.630479036125187,0.7591722248337196
trackman_4ms,19,1.233,raw,coherent_cross,fused,odd,-1.0,8,9,16.660572062922615,-0.07955167559737882,0.9990848894566965
trackman_4ms,19,1.233,raw,coherent_cross,fused,odd,-0.5,8,9,16.660572062922615,-0.07955167559737882,0.9990848894566965
trackman_4ms,19,1.233,raw,coherent_cross,fused,odd,0.0,8,9,16.660572062922615,-0.07955167559737882,0.9990848894566965
trackman_4ms,19,1.233,raw,coherent_cross,fused,odd,0.5,8,9,16.660572062922615,-0.07955167559737882,0.9990848894566965
trackman_4ms,19,1.233,raw,coherent_cross,fused,odd,1.0,9,10,84.98652744825627,-3.0301757478308953,0.9749716494842591
trackman_4ms,19,1.233,mti,loop_cross,tx1,all,-1.0,8,9,-48.37176680299409,0.2991077938056822,0.8481399148722243
trackman_4ms,19,1.233,mti,loop_cross,tx1,all,-0.5,8,9,-48.37176680299409,0.2991077938056822,0.8481399148722243
trackman_4ms,19,1.233,mti,loop_cross,tx1,all,0.0,8,9,-48.37176680299409,0.2991077938056822,0.8481399148722243
trackman_4ms,19,1.233,mti,loop_cross,tx1,all,0.5,8,9,-48.37176680299409,0.2991077938056822,0.8481399148722243
trackman_4ms,19,1.233,mti,loop_cross,tx1,all,1.0,9,10,18.684861552694287,-0.08989818922323843,0.8172396906667464
trackman_4ms,19,1.233,mti,loop_cross,tx1,even,-1.0,8,9,-49.019846154973756,0.30600955550949177,0.8600656370379991
trackman_4ms,19,1.233,mti,loop_cross,tx1,even,-0.5,8,9,-49.019846154973756,0.30600955550949177,0.8600656370379991
trackman_4ms,19,1.233,mti,loop_cross,tx1,even,0.0,8,9,-49.019846154973756,0.30600955550949177,0.8600656370379991
trackman_4ms,19,1.233,mti,loop_cross,tx1,even,0.5,8,9,-49.019846154973756,0.30600955550949177,0.8600656370379991
trackman_4ms,19,1.233,mti,loop_cross,tx1,even,1.0,9,10,42.958280535934,-0.24752327432599108,0.7791314352420458
trackman_4ms,19,1.233,mti,loop_cross,tx1,odd,-1.0,8,9,-47.76179428927553,0.29277048195782523,0.8375117961981593
trackman_4ms,19,1.233,mti,loop_cross,tx1,odd,-0.5,8,9,-47.76179428927553,0.29277048195782523,0.8375117961981593
trackman_4ms,19,1.233,mti,loop_cross,tx1,odd,0.0,8,9,-47.76179428927553,0.29277048195782523,0.8375117961981593
trackman_4ms,19,1.233,mti,loop_cross,tx1,odd,0.5,8,9,-47.76179428927553,0.29277048195782523,0.8375117961981593
trackman_4ms,19,1.233,mti,loop_cross,tx1,odd,1.0,9,10,-20.806799480162667,0.10101316940324807,0.9003209505062365
trackman_4ms,19,1.233,mti,loop_cross,tx3,all,-1.0,8,9,44.22926869194861,-0.25876689461514035,0.8054278754869559
trackman_4ms,19,1.233,mti,loop_cross,tx3,all,-0.5,8,9,44.22926869194861,-0.25876689461514035,0.8054278754869559
trackman_4ms,19,1.233,mti,loop_cross,tx3,all,0.0,8,9,44.22926869194861,-0.25876689461514035,0.8054278754869559
trackman_4ms,19,1.233,mti,loop_cross,tx3,all,0.5,8,9,44.22926869194861,-0.25876689461514035,0.8054278754869559
trackman_4ms,19,1.233,mti,loop_cross,tx3,all,1.0,9,10,51.279339163218786,-0.3315575136417248,0.8568632320792001
trackman_4ms,19,1.233,mti,loop_cross,tx3,even,-1.0,8,9,35.49457428946259,-0.18957244728859843,0.7757789615789391
trackman_4ms,19,1.233,mti,loop_cross,tx3,even,-0.5,8,9,35.49457428946259,-0.18957244728859843,0.7757789615789391
trackman_4ms,19,1.233,mti,loop_cross,tx3,even,0.0,8,9,35.49457428946259,-0.18957244728859843,0.7757789615789391
trackman_4ms,19,1.233,mti,loop_cross,tx3,even,0.5,8,9,35.49457428946259,-0.18957244728859843,0.7757789615789391
trackman_4ms,19,1.233,mti,loop_cross,tx3,even,1.0,9,10,53.77822433102798,-0.362912970804589,0.8964163433229465
trackman_4ms,19,1.233,mti,loop_cross,tx3,odd,-1.0,8,9,50.12697368532641,-0.31822627154312566,0.8360889728313056
trackman_4ms,19,1.233,mti,loop_cross,tx3,odd,-0.5,8,9,50.12697368532641,-0.31822627154312566,0.8360889728313056
trackman_4ms,19,1.233,mti,loop_cross,tx3,odd,0.0,8,9,50.12697368532641,-0.31822627154312566,0.8360889728313056
trackman_4ms,19,1.233,mti,loop_cross,tx3,odd,0.5,8,9,50.12697368532641,-0.31822627154312566,0.8360889728313056
trackman_4ms,19,1.233,mti,loop_cross,tx3,odd,1.0,9,10,46.2495341526085,-0.277678865577592,0.7981968399941762
trackman_4ms,19,1.233,mti,loop_cross,fused,all,-1.0,8,9,-7.457047464120841,0.03479368258531293,0.7954312582988032
trackman_4ms,19,1.233,mti,loop_cross,fused,all,-0.5,8,9,-7.457047464120841,0.03479368258531293,0.7954312582988032
trackman_4ms,19,1.233,mti,loop_cross,fused,all,0.0,8,9,-7.457047464120841,0.03479368258531293,0.7954312582988032
trackman_4ms,19,1.233,mti,loop_cross,fused,all,0.5,8,9,-7.457047464120841,0.03479368258531293,0.7954312582988032
trackman_4ms,19,1.233,mti,loop_cross,fused,all,1.0,9,10,37.2914406528304,-0.20244088053971285,0.8291720653723984
trackman_4ms,19,1.233,mti,loop_cross,fused,even,-1.0,8,9,-15.813896421226445,0.07529025305584568,0.7937102017952193
trackman_4ms,19,1.233,mti,loop_cross,fused,even,-0.5,8,9,-15.813896421226445,0.07529025305584568,0.7937102017952193
trackman_4ms,19,1.233,mti,loop_cross,fused,even,0.0,8,9,-15.813896421226445,0.07529025305584568,0.7937102017952193
trackman_4ms,19,1.233,mti,loop_cross,fused,even,0.5,8,9,-15.813896421226445,0.07529025305584568,0.7937102017952193
trackman_4ms,19,1.233,mti,loop_cross,fused,even,1.0,9,10,48.927655973152795,-0.30501686623993846,0.8320789784498734
trackman_4ms,19,1.233,mti,loop_cross,fused,odd,-1.0,8,9,0.39652329192123076,-0.001839700863200829,0.798124321215975
trackman_4ms,19,1.233,mti,loop_cross,fused,odd,-0.5,8,9,0.39652329192123076,-0.001839700863200829,0.798124321215975
trackman_4ms,19,1.233,mti,loop_cross,fused,odd,0.0,8,9,0.39652329192123076,-0.001839700863200829,0.798124321215975
trackman_4ms,19,1.233,mti,loop_cross,fused,odd,0.5,8,9,0.39652329192123076,-0.001839700863200829,0.798124321215975
trackman_4ms,19,1.233,mti,loop_cross,fused,odd,1.0,9,10,11.559903500485923,-0.05437199465247176,0.840503639723502
trackman_4ms,19,1.233,mti,coherent_cross,tx1,all,-1.0,8,9,52.28724607508764,-0.3437778983712837,1.0
trackman_4ms,19,1.233,mti,coherent_cross,tx1,all,-0.5,8,9,52.28724607508764,-0.3437778983712837,1.0
trackman_4ms,19,1.233,mti,coherent_cross,tx1,all,0.0,8,9,52.28724607508764,-0.3437778983712837,1.0
trackman_4ms,19,1.233,mti,coherent_cross,tx1,all,0.5,8,9,52.28724607508764,-0.3437778983712837,1.0
trackman_4ms,19,1.233,mti,coherent_cross,tx1,all,1.0,9,10,62.94735297381838,-0.5205260394382195,1.0
trackman_4ms,19,1.233,mti,coherent_cross,tx1,even,-1.0,8,9,-83.13204012285634,2.2069985170312325,1.0
trackman_4ms,19,1.233,mti,coherent_cross,tx1,even,-0.5,8,9,-83.13204012285634,2.2069985170312325,1.0
trackman_4ms,19,1.233,mti,coherent_cross,tx1,even,0.0,8,9,-83.13204012285634,2.2069985170312325,1.0
trackman_4ms,19,1.233,mti,coherent_cross,tx1,even,0.5,8,9,-83.13204012285634,2.2069985170312325,1.0
trackman_4ms,19,1.233,mti,coherent_cross,tx1,even,1.0,9,10,13.846985424307407,-0.06552382685660782,1.0000000000000002
trackman_4ms,19,1.233,mti,coherent_cross,tx1,odd,-1.0,8,9,-3.6062211260375765,0.016753206629645766,1.0000000000000002
trackman_4ms,19,1.233,mti,coherent_cross,tx1,odd,-0.5,8,9,-3.6062211260375765,0.016753206629645766,1.0000000000000002
trackman_4ms,19,1.233,mti,coherent_cross,tx1,odd,0.0,8,9,-3.6062211260375765,0.016753206629645766,1.0000000000000002
trackman_4ms,19,1.233,mti,coherent_cross,tx1,odd,0.5,8,9,-3.6062211260375765,0.016753206629645766,1.0000000000000002
trackman_4ms,19,1.233,mti,coherent_cross,tx1,odd,1.0,9,10,29.995363986840093,-0.15344488764769348,1.0
trackman_4ms,19,1.233,mti,coherent_cross,tx3,all,-1.0,8,9,46.29919254993952,-0.278161090449978,1.0000000000000002
trackman_4ms,19,1.233,mti,coherent_cross,tx3,all,-0.5,8,9,46.29919254993952,-0.278161090449978,1.0000000000000002
trackman_4ms,19,1.233,mti,coherent_cross,tx3,all,0.0,8,9,46.29919254993952,-0.278161090449978,1.0000000000000002
trackman_4ms,19,1.233,mti,coherent_cross,tx3,all,0.5,8,9,46.29919254993952,-0.278161090449978,1.0000000000000002
trackman_4ms,19,1.233,mti,coherent_cross,tx3,all,1.0,9,10,-30.177146521703147,0.15457135720312176,1.0000000000000002
trackman_4ms,19,1.233,mti,coherent_cross,tx3,even,-1.0,8,9,58.677783764633986,-0.43682204529224383,0.9999999999999998
trackman_4ms,19,1.233,mti,coherent_cross,tx3,even,-0.5,8,9,58.677783764633986,-0.43682204529224383,0.9999999999999998
trackman_4ms,19,1.233,mti,coherent_cross,tx3,even,0.0,8,9,58.677783764633986,-0.43682204529224383,0.9999999999999998
trackman_4ms,19,1.233,mti,coherent_cross,tx3,even,0.5,8,9,58.677783764633986,-0.43682204529224383,0.9999999999999998
trackman_4ms,19,1.233,mti,coherent_cross,tx3,even,1.0,9,10,20.78064870900712,-0.10087434727860498,1.0
trackman_4ms,19,1.233,mti,coherent_cross,tx3,odd,-1.0,8,9,57.99819945577874,-0.4253775981913462,0.9999999999999999
trackman_4ms,19,1.233,mti,coherent_cross,tx3,odd,-0.5,8,9,57.99819945577874,-0.4253775981913462,0.9999999999999999
trackman_4ms,19,1.233,mti,coherent_cross,tx3,odd,0.0,8,9,57.99819945577874,-0.4253775981913462,0.9999999999999999
trackman_4ms,19,1.233,mti,coherent_cross,tx3,odd,0.5,8,9,57.99819945577874,-0.4253775981913462,0.9999999999999999
trackman_4ms,19,1.233,mti,coherent_cross,tx3,odd,1.0,9,10,-26.05628660531686,0.12997445158947804,0.9999999999999998
trackman_4ms,19,1.233,mti,coherent_cross,fused,all,-1.0,8,9,48.894848565272845,-0.3046644852755846,0.9994817187914429
trackman_4ms,19,1.233,mti,coherent_cross,fused,all,-0.5,8,9,48.894848565272845,-0.3046644852755846,0.9994817187914429
trackman_4ms,19,1.233,mti,coherent_cross,fused,all,0.0,8,9,48.894848565272845,-0.3046644852755846,0.9994817187914429
trackman_4ms,19,1.233,mti,coherent_cross,fused,all,0.5,8,9,48.894848565272845,-0.3046644852755846,0.9994817187914429
trackman_4ms,19,1.233,mti,coherent_cross,fused,all,1.0,9,10,39.62394189042513,-0.22009591043758706,0.9442197024264731
trackman_4ms,19,1.233,mti,coherent_cross,fused,even,-1.0,8,9,-78.53532689305575,1.3107027989047728,0.2704528922294966
trackman_4ms,19,1.233,mti,coherent_cross,fused,even,-0.5,8,9,-78.53532689305575,1.3107027989047728,0.2704528922294966
trackman_4ms,19,1.233,mti,coherent_cross,fused,even,0.0,8,9,-78.53532689305575,1.3107027989047728,0.2704528922294966
trackman_4ms,19,1.233,mti,coherent_cross,fused,even,0.5,8,9,-78.53532689305575,1.3107027989047728,0.2704528922294966
trackman_4ms,19,1.233,mti,coherent_cross,fused,even,1.0,9,10,17.07692445152554,-0.0816609671273616,0.9998449793778541
trackman_4ms,19,1.233,mti,coherent_cross,fused,odd,-1.0,8,9,39.70338614856337,-0.2207178861358882,0.9757957062863778
trackman_4ms,19,1.233,mti,coherent_cross,fused,odd,-0.5,8,9,39.70338614856337,-0.2207178861358882,0.9757957062863778
trackman_4ms,19,1.233,mti,coherent_cross,fused,odd,0.0,8,9,39.70338614856337,-0.2207178861358882,0.9757957062863778
trackman_4ms,19,1.233,mti,coherent_cross,fused,odd,0.5,8,9,39.70338614856337,-0.2207178861358882,0.9757957062863778
trackman_4ms,19,1.233,mti,coherent_cross,fused,odd,1.0,9,10,7.110904489989332,-0.03316150847856731,0.9902032620131637
trackman_4ms,20,2.6,raw,loop_cross,tx1,all,-1.0,13,14,28.213606110179807,-0.14902711101937427,0.33377312134029724
trackman_4ms,20,2.6,raw,loop_cross,tx1,all,-0.5,13,14,28.213606110179807,-0.14902711101937427,0.33377312134029724
trackman_4ms,20,2.6,raw,loop_cross,tx1,all,0.0,13,14,28.213606110179807,-0.14902711101937427,0.33377312134029724
trackman_4ms,20,2.6,raw,loop_cross,tx1,all,0.5,14,15,74.1937367715063,-0.9812300658292907,0.5161890963699176
trackman_4ms,20,2.6,raw,loop_cross,tx1,all,1.0,14,15,74.1937367715063,-0.9812300658292907,0.5161890963699176
trackman_4ms,20,2.6,raw,loop_cross,tx1,even,-1.0,13,14,61.86287672450132,-0.5194179073589879,0.2779302715593828
trackman_4ms,20,2.6,raw,loop_cross,tx1,even,-0.5,13,14,61.86287672450132,-0.5194179073589879,0.2779302715593828
trackman_4ms,20,2.6,raw,loop_cross,tx1,even,0.0,13,14,61.86287672450132,-0.5194179073589879,0.2779302715593828
trackman_4ms,20,2.6,raw,loop_cross,tx1,even,0.5,14,15,75.85762249825044,-1.1024208975825585,0.5109181679115035
trackman_4ms,20,2.6,raw,loop_cross,tx1,even,1.0,14,15,75.85762249825044,-1.1024208975825585,0.5109181679115035
trackman_4ms,20,2.6,raw,loop_cross,tx1,odd,-1.0,13,14,-17.22309069186193,0.08610871649623367,0.4174672548277119
trackman_4ms,20,2.6,raw,loop_cross,tx1,odd,-0.5,13,14,-17.22309069186193,0.08610871649623367,0.4174672548277119
trackman_4ms,20,2.6,raw,loop_cross,tx1,odd,0.0,13,14,-17.22309069186193,0.08610871649623367,0.4174672548277119
trackman_4ms,20,2.6,raw,loop_cross,tx1,odd,0.5,14,15,72.36998675346113,-0.8740719432657694,0.5274510485536874
trackman_4ms,20,2.6,raw,loop_cross,tx1,odd,1.0,14,15,72.36998675346113,-0.8740719432657694,0.5274510485536874
trackman_4ms,20,2.6,raw,loop_cross,tx3,all,-1.0,13,14,-77.49771556427572,1.2527300820443747,0.5148179913890705
trackman_4ms,20,2.6,raw,loop_cross,tx3,all,-0.5,13,14,-77.49771556427572,1.2527300820443747,0.5148179913890705
trackman_4ms,20,2.6,raw,loop_cross,tx3,all,0.0,13,14,-77.49771556427572,1.2527300820443747,0.5148179913890705
trackman_4ms,20,2.6,raw,loop_cross,tx3,all,0.5,14,15,-66.96683369829812,0.6533474184161572,0.3946647827427618
trackman_4ms,20,2.6,raw,loop_cross,tx3,all,1.0,14,15,-66.96683369829812,0.6533474184161572,0.3946647827427618
trackman_4ms,20,2.6,raw,loop_cross,tx3,even,-1.0,13,14,-74.92399705572896,1.0312005490997296,0.4381872540573033
trackman_4ms,20,2.6,raw,loop_cross,tx3,even,-0.5,13,14,-74.92399705572896,1.0312005490997296,0.4381872540573033
trackman_4ms,20,2.6,raw,loop_cross,tx3,even,0.0,13,14,-74.92399705572896,1.0312005490997296,0.4381872540573033
trackman_4ms,20,2.6,raw,loop_cross,tx3,even,0.5,14,15,-64.57721985401811,0.5843950801951772,0.39016237269934173
trackman_4ms,20,2.6,raw,loop_cross,tx3,even,1.0,14,15,-64.57721985401811,0.5843950801951772,0.39016237269934173
trackman_4ms,20,2.6,raw,loop_cross,tx3,odd,-1.0,13,14,-78.9474270984366,1.422065783844841,0.6181633058672061
trackman_4ms,20,2.6,raw,loop_cross,tx3,odd,-0.5,13,14,-78.9474270984366,1.422065783844841,0.6181633058672061
trackman_4ms,20,2.6,raw,loop_cross,tx3,odd,0.0,13,14,-78.9474270984366,1.422065783844841,0.6181633058672061
trackman_4ms,20,2.6,raw,loop_cross,tx3,odd,0.5,14,15,-69.12392799863056,0.7283359211677394,0.40187541928936943
trackman_4ms,20,2.6,raw,loop_cross,tx3,odd,1.0,14,15,-69.12392799863056,0.7283359211677394,0.40187541928936943
trackman_4ms,20,2.6,raw,loop_cross,fused,all,-1.0,13,14,-65.68463333677325,0.6147659247670483,0.31515210107749597
trackman_4ms,20,2.6,raw,loop_cross,fused,all,-0.5,13,14,-65.68463333677325,0.6147659247670483,0.31515210107749597
trackman_4ms,20,2.6,raw,loop_cross,fused,all,0.0,13,14,-65.68463333677325,0.6147659247670483,0.31515210107749597
trackman_4ms,20,2.6,raw,loop_cross,fused,all,0.5,14,15,56.89837087122031,-0.4260810037321407,0.3278945306376579
trackman_4ms,20,2.6,raw,loop_cross,fused,all,1.0,14,15,56.89837087122031,-0.4260810037321407,0.3278945306376579
trackman_4ms,20,2.6,raw,loop_cross,fused,even,-1.0,13,14,-52.82624366996702,0.36630460947690147,0.25075671607662764
trackman_4ms,20,2.6,raw,loop_cross,fused,even,-0.5,13,14,-52.82624366996702,0.36630460947690147,0.25075671607662764
trackman_4ms,20,2.6,raw,loop_cross,fused,even,0.0,13,14,-52.82624366996702,0.36630460947690147,0.25075671607662764
trackman_4ms,20,2.6,raw,loop_cross,fused,even,0.5,14,15,60.17428842350393,-0.4845198901879989,0.3103291962836894
trackman_4ms,20,2.6,raw,loop_cross,fused,even,1.0,14,15,60.17428842350393,-0.4845198901879989,0.3103291962836894
trackman_4ms,20,2.6,raw,loop_cross,fused,odd,-1.0,13,14,-70.27011527995731,0.774525050960104,0.39331346243225646
trackman_4ms,20,2.6,raw,loop_cross,fused,odd,-0.5,13,14,-70.27011527995731,0.774525050960104,0.39331346243225646
trackman_4ms,20,2.6,raw,loop_cross,fused,odd,0.0,13,14,-70.27011527995731,0.774525050960104,0.39331346243225646
trackman_4ms,20,2.6,raw,loop_cross,fused,odd,0.5,14,15,53.3835096617352,-0.37380085989724876,0.34644179962680427
trackman_4ms,20,2.6,raw,loop_cross,fused,odd,1.0,14,15,53.3835096617352,-0.37380085989724876,0.34644179962680427
trackman_4ms,20,2.6,raw,coherent_cross,tx1,all,-1.0,13,14,67.58816037838115,-0.6735399557747244,0.9999999999999999
trackman_4ms,20,2.6,raw,coherent_cross,tx1,all,-0.5,13,14,67.58816037838115,-0.6735399557747244,0.9999999999999999
trackman_4ms,20,2.6,raw,coherent_cross,tx1,all,0.0,13,14,67.58816037838115,-0.6735399557747244,0.9999999999999999
trackman_4ms,20,2.6,raw,coherent_cross,tx1,all,0.5,14,15,71.70245616738087,-0.8400377526725175,1.0000000000000002
trackman_4ms,20,2.6,raw,coherent_cross,tx1,all,1.0,14,15,71.70245616738087,-0.8400377526725175,1.0000000000000002
trackman_4ms,20,2.6,raw,coherent_cross,tx1,even,-1.0,13,14,75.70220884672585,-1.089934122445829,1.0
trackman_4ms,20,2.6,raw,coherent_cross,tx1,even,-0.5,13,14,75.70220884672585,-1.089934122445829,1.0
trackman_4ms,20,2.6,raw,coherent_cross,tx1,even,0.0,13,14,75.70220884672585,-1.089934122445829,1.0
trackman_4ms,20,2.6,raw,coherent_cross,tx1,even,0.5,14,15,71.39727019267491,-0.8252645420412862,1.0
trackman_4ms,20,2.6,raw,coherent_cross,tx1,even,1.0,14,15,71.39727019267491,-0.8252645420412862,1.0
trackman_4ms,20,2.6,raw,coherent_cross,tx1,odd,-1.0,13,14,45.32572649045271,-0.2809523805061742,0.9999999999999999
trackman_4ms,20,2.6,raw,coherent_cross,tx1,odd,-0.5,13,14,45.32572649045271,-0.2809523805061742,0.9999999999999999
trackman_4ms,20,2.6,raw,coherent_cross,tx1,odd,0.0,13,14,45.32572649045271,-0.2809523805061742,0.9999999999999999
trackman_4ms,20,2.6,raw,coherent_cross,tx1,odd,0.5,14,15,73.84795986166006,-0.9591070461191239,0.9999999999999998
trackman_4ms,20,2.6,raw,coherent_cross,tx1,odd,1.0,14,15,73.84795986166006,-0.9591070461191239,0.9999999999999998
trackman_4ms,20,2.6,raw,coherent_cross,tx3,all,-1.0,13,14,-77.77559049874436,1.2821200787663365,1.0000000000000002
trackman_4ms,20,2.6,raw,coherent_cross,tx3,all,-0.5,13,14,-77.77559049874436,1.2821200787663365,1.0000000000000002
trackman_4ms,20,2.6,raw,coherent_cross,tx3,all,0.0,13,14,-77.77559049874436,1.2821200787663365,1.0000000000000002
trackman_4ms,20,2.6,raw,coherent_cross,tx3,all,0.5,14,15,77.3493695985581,-1.237560369529135,1.0000000000000002
trackman_4ms,20,2.6,raw,coherent_cross,tx3,all,1.0,14,15,77.3493695985581,-1.237560369529135,1.0000000000000002
trackman_4ms,20,2.6,raw,coherent_cross,tx3,even,-1.0,13,14,-78.8723122104592,1.4122232846371325,1.0
trackman_4ms,20,2.6,raw,coherent_cross,tx3,even,-0.5,13,14,-78.8723122104592,1.4122232846371325,1.0
trackman_4ms,20,2.6,raw,coherent_cross,tx3,even,0.0,13,14,-78.8723122104592,1.4122232846371325,1.0
trackman_4ms,20,2.6,raw,coherent_cross,tx3,even,0.5,14,15,77.41994011907427,-1.2447329449590925,1.0
trackman_4ms,20,2.6,raw,coherent_cross,tx3,even,1.0,14,15,77.41994011907427,-1.2447329449590925,1.0
trackman_4ms,20,2.6,raw,coherent_cross,tx3,odd,-1.0,13,14,-78.40260562677454,1.353531537972936,1.0000000000000002
trackman_4ms,20,2.6,raw,coherent_cross,tx3,odd,-0.5,13,14,-78.40260562677454,1.353531537972936,1.0000000000000002
trackman_4ms,20,2.6,raw,coherent_cross,tx3,odd,0.0,13,14,-78.40260562677454,1.353531537972936,1.0000000000000002
trackman_4ms,20,2.6,raw,coherent_cross,tx3,odd,0.5,14,15,74.51375907917404,-1.0025626558995795,0.9999999999999999
trackman_4ms,20,2.6,raw,coherent_cross,tx3,odd,1.0,14,15,74.51375907917404,-1.0025626558995795,0.9999999999999999
trackman_4ms,20,2.6,raw,coherent_cross,fused,all,-1.0,13,14,-6.343825028843588,0.03088182943179104,0.5803809420946655
trackman_4ms,20,2.6,raw,coherent_cross,fused,all,-0.5,13,14,-6.343825028843588,0.03088182943179104,0.5803809420946655
trackman_4ms,20,2.6,raw,coherent_cross,fused,all,0.0,13,14,-6.343825028843588,0.03088182943179104,0.5803809420946655
trackman_4ms,20,2.6,raw,coherent_cross,fused,all,0.5,14,15,74.06805987040255,-0.9730809898725565,0.9824326494260105
trackman_4ms,20,2.6,raw,coherent_cross,fused,all,1.0,14,15,74.06805987040255,-0.9730809898725565,0.9824326494260105
trackman_4ms,20,2.6,raw,coherent_cross,fused,even,-1.0,13,14,48.562919411254825,-0.3146642381410434,0.35357243927072085
trackman_4ms,20,2.6,raw,coherent_cross,fused,even,-0.5,13,14,48.562919411254825,-0.3146642381410434,0.35357243927072085
trackman_4ms,20,2.6,raw,coherent_cross,fused,even,0.0,13,14,48.562919411254825,-0.3146642381410434,0.35357243927072085
trackman_4ms,20,2.6,raw,coherent_cross,fused,even,0.5,14,15,74.01057390529205,-0.9693951164980863,0.9801948309539333
trackman_4ms,20,2.6,raw,coherent_cross,fused,even,1.0,14,15,74.01057390529205,-0.9693951164980863,0.9801948309539333
trackman_4ms,20,2.6,raw,coherent_cross,fused,odd,-1.0,13,14,-54.671031199440755,0.391896787475291,0.6914305391824555
trackman_4ms,20,2.6,raw,coherent_cross,fused,odd,-0.5,13,14,-54.671031199440755,0.391896787475291,0.6914305391824555
trackman_4ms,20,2.6,raw,coherent_cross,fused,odd,0.0,13,14,-54.671031199440755,0.391896787475291,0.6914305391824555
trackman_4ms,20,2.6,raw,coherent_cross,fused,odd,0.5,14,15,74.10957208169407,-0.9757588125892522,0.9997768407140677
trackman_4ms,20,2.6,raw,coherent_cross,fused,odd,1.0,14,15,74.10957208169407,-0.9757588125892522,0.9997768407140677
trackman_4ms,20,2.6,mti,loop_cross,tx1,all,-1.0,13,14,-63.480118606411914,0.5566486201930197,0.8893342006555197
trackman_4ms,20,2.6,mti,loop_cross,tx1,all,-0.5,13,14,-63.480118606411914,0.5566486201930197,0.8893342006555197
trackman_4ms,20,2.6,mti,loop_cross,tx1,all,0.0,13,14,-63.480118606411914,0.5566486201930197,0.8893342006555197
trackman_4ms,20,2.6,mti,loop_cross,tx1,all,0.5,14,15,-5.91501356623955,0.02877892136970972,0.92355203735583
trackman_4ms,20,2.6,mti,loop_cross,tx1,all,1.0,14,15,-5.91501356623955,0.02877892136970972,0.92355203735583
trackman_4ms,20,2.6,mti,loop_cross,tx1,even,-1.0,13,14,-59.42826156345798,0.47022272954006844,0.879779449495444
trackman_4ms,20,2.6,mti,loop_cross,tx1,even,-0.5,13,14,-59.42826156345798,0.47022272954006844,0.879779449495444
trackman_4ms,20,2.6,mti,loop_cross,tx1,even,0.0,13,14,-59.42826156345798,0.47022272954006844,0.879779449495444
trackman_4ms,20,2.6,mti,loop_cross,tx1,even,0.5,14,15,-37.21696333364563,0.21097309260279662,0.9203894253521558
trackman_4ms,20,2.6,mti,loop_cross,tx1,even,1.0,14,15,-37.21696333364563,0.21097309260279662,0.9203894253521558
trackman_4ms,20,2.6,mti,loop_cross,tx1,odd,-1.0,13,14,-67.37503236308778,0.6664951461040443,0.9117263383105364
trackman_4ms,20,2.6,mti,loop_cross,tx1,odd,-0.5,13,14,-67.37503236308778,0.6664951461040443,0.9117263383105364
trackman_4ms,20,2.6,mti,loop_cross,tx1,odd,0.0,13,14,-67.37503236308778,0.6664951461040443,0.9117263383105364
trackman_4ms,20,2.6,mti,loop_cross,tx1,odd,0.5,14,15,32.396624532204896,-0.17625904011664703,0.965460022020393
trackman_4ms,20,2.6,mti,loop_cross,tx1,odd,1.0,14,15,32.396624532204896,-0.17625904011664703,0.965460022020393
trackman_4ms,20,2.6,mti,loop_cross,tx3,all,-1.0,13,14,64.34479254273171,-0.5783324556812014,0.8823194199501126
trackman_4ms,20,2.6,mti,loop_cross,tx3,all,-0.5,13,14,64.34479254273171,-0.5783324556812014,0.8823194199501126
trackman_4ms,20,2.6,mti,loop_cross,tx3,all,0.0,13,14,64.34479254273171,-0.5783324556812014,0.8823194199501126
trackman_4ms,20,2.6,mti,loop_cross,tx3,all,0.5,14,15,7.124389195277839,-0.03471890895671086,0.9224578397148281
trackman_4ms,20,2.6,mti,loop_cross,tx3,all,1.0,14,15,7.124389195277839,-0.03471890895671086,0.9224578397148281
trackman_4ms,20,2.6,mti,loop_cross,tx3,even,-1.0,13,14,68.77177787914427,-0.7151042713612255,0.8876058157761387
trackman_4ms,20,2.6,mti,loop_cross,tx3,even,-0.5,13,14,68.77177787914427,-0.7151042713612255,0.8876058157761387
trackman_4ms,20,2.6,mti,loop_cross,tx3,even,0.0,13,14,68.77177787914427,-0.7151042713612255,0.8876058157761387
trackman_4ms,20,2.6,mti,loop_cross,tx3,even,0.5,14,15,-7.771092463503144,0.037907808862433306,0.8973976486017703
trackman_4ms,20,2.6,mti,loop_cross,tx3,even,1.0,14,15,-7.771092463503144,0.037907808862433306,0.8973976486017703
trackman_4ms,20,2.6,mti,loop_cross,tx3,odd,-1.0,13,14,55.43816865508478,-0.4032336346575411,0.899970464615703
trackman_4ms,20,2.6,mti,loop_cross,tx3,odd,-0.5,13,14,55.43816865508478,-0.4032336346575411,0.899970464615703
trackman_4ms,20,2.6,mti,loop_cross,tx3,odd,0.0,13,14,55.43816865508478,-0.4032336346575411,0.899970464615703
trackman_4ms,20,2.6,mti,loop_cross,tx3,odd,0.5,14,15,24.1712204707725,-0.12466980401061464,0.9627757274829833
trackman_4ms,20,2.6,mti,loop_cross,tx3,odd,1.0,14,15,24.1712204707725,-0.12466980401061464,0.9627757274829833
trackman_4ms,20,2.6,mti,loop_cross,fused,all,-1.0,13,14,-4.4694337790861205,0.021712343520013513,0.7475111628924118
trackman_4ms,20,2.6,mti,loop_cross,fused,all,-0.5,13,14,-4.4694337790861205,0.021712343520013513,0.7475111628924118
trackman_4ms,20,2.6,mti,loop_cross,fused,all,0.0,13,14,-4.4694337790861205,0.021712343520013513,0.7475111628924118
trackman_4ms,20,2.6,mti,loop_cross,fused,all,0.5,14,15,0.5160552995221471,-0.0025019581197634087,0.9225476214993247
trackman_4ms,20,2.6,mti,loop_cross,fused,all,1.0,14,15,0.5160552995221471,-0.0025019581197634087,0.9225476214993247
trackman_4ms,20,2.6,mti,loop_cross,fused,even,-1.0,13,14,18.208981644275312,-0.09137634740296094,0.7331736497593201
trackman_4ms,20,2.6,mti,loop_cross,fused,even,-0.5,13,14,18.208981644275312,-0.09137634740296094,0.7331736497593201
trackman_4ms,20,2.6,mti,loop_cross,fused,even,0.0,13,14,18.208981644275312,-0.09137634740296094,0.7331736497593201
trackman_4ms,20,2.6,mti,loop_cross,fused,even,0.5,14,15,-24.136145731669554,0.12446556098562697,0.905351265067438
trackman_4ms,20,2.6,mti,loop_cross,fused,even,1.0,14,15,-24.136145731669554,0.12446556098562697,0.905351265067438
trackman_4ms,20,2.6,mti,loop_cross,fused,odd,-1.0,13,14,-30.05629768811145,0.16073815721283394,0.7798817058035525
trackman_4ms,20,2.6,mti,loop_cross,fused,odd,-0.5,13,14,-30.05629768811145,0.16073815721283394,0.7798817058035525
trackman_4ms,20,2.6,mti,loop_cross,fused,odd,0.0,13,14,-30.05629768811145,0.16073815721283394,0.7798817058035525
trackman_4ms,20,2.6,mti,loop_cross,fused,odd,0.5,14,15,28.643147614911534,-0.15171985670881385,0.963861331455724
trackman_4ms,20,2.6,mti,loop_cross,fused,odd,1.0,14,15,28.643147614911534,-0.15171985670881385,0.963861331455724
trackman_4ms,20,2.6,mti,coherent_cross,tx1,all,-1.0,13,14,-54.793368646468046,0.39367580719027867,1.0
trackman_4ms,20,2.6,mti,coherent_cross,tx1,all,-0.5,13,14,-54.793368646468046,0.39367580719027867,1.0
trackman_4ms,20,2.6,mti,coherent_cross,tx1,all,0.0,13,14,-54.793368646468046,0.39367580719027867,1.0
trackman_4ms,20,2.6,mti,coherent_cross,tx1,all,0.5,14,15,-5.986487037502664,0.02912919717235917,1.0000000000000002
trackman_4ms,20,2.6,mti,coherent_cross,tx1,all,1.0,14,15,-5.986487037502664,0.02912919717235917,1.0000000000000002
trackman_4ms,20,2.6,mti,coherent_cross,tx1,even,-1.0,13,14,-69.55361624965502,0.7450703379659173,1.0
trackman_4ms,20,2.6,mti,coherent_cross,tx1,even,-0.5,13,14,-69.55361624965502,0.7450703379659173,1.0
trackman_4ms,20,2.6,mti,coherent_cross,tx1,even,0.0,13,14,-69.55361624965502,0.7450703379659173,1.0
trackman_4ms,20,2.6,mti,coherent_cross,tx1,even,0.5,14,15,-19.431224350212275,0.09799054736253969,1.0000000000000002
trackman_4ms,20,2.6,mti,coherent_cross,tx1,even,1.0,14,15,-19.431224350212275,0.09799054736253969,1.0000000000000002
trackman_4ms,20,2.6,mti,coherent_cross,tx1,odd,-1.0,13,14,-35.220522611428855,0.19609844036816157,1.0000000000000002
trackman_4ms,20,2.6,mti,coherent_cross,tx1,odd,-0.5,13,14,-35.220522611428855,0.19609844036816157,1.0000000000000002
trackman_4ms,20,2.6,mti,coherent_cross,tx1,odd,0.0,13,14,-35.220522611428855,0.19609844036816157,1.0000000000000002
trackman_4ms,20,2.6,mti,coherent_cross,tx1,odd,0.5,14,15,51.624147697715536,-0.3507696503092875,0.9999999999999999
trackman_4ms,20,2.6,mti,coherent_cross,tx1,odd,1.0,14,15,51.624147697715536,-0.3507696503092875,0.9999999999999999
trackman_4ms,20,2.6,mti,coherent_cross,tx3,all,-1.0,13,14,72.45329449467263,-0.8784951697747687,1.0
trackman_4ms,20,2.6,mti,coherent_cross,tx3,all,-0.5,13,14,72.45329449467263,-0.8784951697747687,1.0
trackman_4ms,20,2.6,mti,coherent_cross,tx3,all,0.0,13,14,72.45329449467263,-0.8784951697747687,1.0
trackman_4ms,20,2.6,mti,coherent_cross,tx3,all,0.5,14,15,-7.78842255658122,0.03799339525049469,0.9999999999999999
trackman_4ms,20,2.6,mti,coherent_cross,tx3,all,1.0,14,15,-7.78842255658122,0.03799339525049469,0.9999999999999999
trackman_4ms,20,2.6,mti,coherent_cross,tx3,even,-1.0,13,14,63.03488291363295,-0.5459875538319531,1.0
trackman_4ms,20,2.6,mti,coherent_cross,tx3,even,-0.5,13,14,63.03488291363295,-0.5459875538319531,1.0
trackman_4ms,20,2.6,mti,coherent_cross,tx3,even,0.0,13,14,63.03488291363295,-0.5459875538319531,1.0
trackman_4ms,20,2.6,mti,coherent_cross,tx3,even,0.5,14,15,26.690713138327286,-0.13965035314162524,1.0000000000000002
trackman_4ms,20,2.6,mti,coherent_cross,tx3,even,1.0,14,15,26.690713138327286,-0.13965035314162524,1.0000000000000002
trackman_4ms,20,2.6,mti,coherent_cross,tx3,odd,-1.0,13,14,75.53584924503346,-1.0768591069731712,1.0
trackman_4ms,20,2.6,mti,coherent_cross,tx3,odd,-0.5,13,14,75.53584924503346,-1.0768591069731712,1.0
trackman_4ms,20,2.6,mti,coherent_cross,tx3,odd,0.0,13,14,75.53584924503346,-1.0768591069731712,1.0
trackman_4ms,20,2.6,mti,coherent_cross,tx3,odd,0.5,14,15,8.727653346358167,-0.04264291302194407,1.0
trackman_4ms,20,2.6,mti,coherent_cross,tx3,odd,1.0,14,15,8.727653346358167,-0.04264291302194407,1.0
trackman_4ms,20,2.6,mti,coherent_cross,fused,all,-1.0,13,14,34.37959232327255,-0.1900518912313492,0.8055311994473893
trackman_4ms,20,2.6,mti,coherent_cross,fused,all,-0.5,13,14,34.37959232327255,-0.1900518912313492,0.8055311994473893
trackman_4ms,20,2.6,mti,coherent_cross,fused,all,0.0,13,14,34.37959232327255,-0.1900518912313492,0.8055311994473893
trackman_4ms,20,2.6,mti,coherent_cross,fused,all,0.5,14,15,-6.833625723586792,0.03328813036476297,0.9999902155745563
trackman_4ms,20,2.6,mti,coherent_cross,fused,all,1.0,14,15,-6.833625723586792,0.03328813036476297,0.9999902155745563
trackman_4ms,20,2.6,mti,coherent_cross,fused,even,-1.0,13,14,-22.330709180010672,0.11409819263442113,0.7988662922876397
trackman_4ms,20,2.6,mti,coherent_cross,fused,even,-0.5,13,14,-22.330709180010672,0.11409819263442113,0.7988662922876397
trackman_4ms,20,2.6,mti,coherent_cross,fused,even,0.0,13,14,-22.330709180010672,0.11409819263442113,0.7988662922876397
trackman_4ms,20,2.6,mti,coherent_cross,fused,even,0.5,14,15,3.3167232348524793,-0.01609780891114461,0.9929602691757633
trackman_4ms,20,2.6,mti,coherent_cross,fused,even,1.0,14,15,3.3167232348524793,-0.01609780891114461,0.9929602691757633
trackman_4ms,20,2.6,mti,coherent_cross,fused,odd,-1.0,13,14,51.70707052538219,-0.3518146426047584,0.8073579822428036
trackman_4ms,20,2.6,mti,coherent_cross,fused,odd,-0.5,13,14,51.70707052538219,-0.3518146426047584,0.8073579822428036
trackman_4ms,20,2.6,mti,coherent_cross,fused,odd,0.0,13,14,51.70707052538219,-0.3518146426047584,0.8073579822428036
trackman_4ms,20,2.6,mti,coherent_cross,fused,odd,0.5,14,15,36.795008147173526,-0.20776523678054737,0.9882161236557049
trackman_4ms,20,2.6,mti,coherent_cross,fused,odd,1.0,14,15,36.795008147173526,-0.20776523678054737,0.9882161236557049
trackman_4ms,21,1.194,raw,loop_cross,tx1,all,-1.0,16,17,70.15018352025962,-0.7883139073361962,0.8480164980609953
trackman_4ms,21,1.194,raw,loop_cross,tx1,all,-0.5,16,17,70.15018352025962,-0.7883139073361962,0.8480164980609953
trackman_4ms,21,1.194,raw,loop_cross,tx1,all,0.0,16,17,70.15018352025962,-0.7883139073361962,0.8480164980609953
trackman_4ms,21,1.194,raw,loop_cross,tx1,all,0.5,16,17,70.15018352025962,-0.7883139073361962,0.8480164980609953
trackman_4ms,21,1.194,raw,loop_cross,tx1,all,1.0,16,17,70.15018352025962,-0.7883139073361962,0.8480164980609953
trackman_4ms,21,1.194,raw,loop_cross,tx1,even,-1.0,16,17,70.34309788550813,-0.796702761665562,0.8277346700558026
trackman_4ms,21,1.194,raw,loop_cross,tx1,even,-0.5,16,17,70.34309788550813,-0.796702761665562,0.8277346700558026
trackman_4ms,21,1.194,raw,loop_cross,tx1,even,0.0,16,17,70.34309788550813,-0.796702761665562,0.8277346700558026
trackman_4ms,21,1.194,raw,loop_cross,tx1,even,0.5,16,17,70.34309788550813,-0.796702761665562,0.8277346700558026
trackman_4ms,21,1.194,raw,loop_cross,tx1,even,1.0,16,17,70.34309788550813,-0.796702761665562,0.8277346700558026
trackman_4ms,21,1.194,raw,loop_cross,tx1,odd,-1.0,16,17,69.9779254759865,-0.7809544493558108,0.8666973625926031
trackman_4ms,21,1.194,raw,loop_cross,tx1,odd,-0.5,16,17,69.9779254759865,-0.7809544493558108,0.8666973625926031
trackman_4ms,21,1.194,raw,loop_cross,tx1,odd,0.0,16,17,69.9779254759865,-0.7809544493558108,0.8666973625926031
trackman_4ms,21,1.194,raw,loop_cross,tx1,odd,0.5,16,17,69.9779254759865,-0.7809544493558108,0.8666973625926031
trackman_4ms,21,1.194,raw,loop_cross,tx1,odd,1.0,16,17,69.9779254759865,-0.7809544493558108,0.8666973625926031
trackman_4ms,21,1.194,raw,loop_cross,tx3,all,-1.0,16,17,-82.3105974862888,2.107771841048453,0.07656163324771756
trackman_4ms,21,1.194,raw,loop_cross,tx3,all,-0.5,16,17,-82.3105974862888,2.107771841048453,0.07656163324771756
trackman_4ms,21,1.194,raw,loop_cross,tx3,all,0.0,16,17,-82.3105974862888,2.107771841048453,0.07656163324771756
trackman_4ms,21,1.194,raw,loop_cross,tx3,all,0.5,16,17,-82.3105974862888,2.107771841048453,0.07656163324771756
trackman_4ms,21,1.194,raw,loop_cross,tx3,all,1.0,16,17,-82.3105974862888,2.107771841048453,0.07656163324771756
trackman_4ms,21,1.194,raw,loop_cross,tx3,even,-1.0,16,17,-75.24025028190952,1.080182818763908,0.05309871406393826
trackman_4ms,21,1.194,raw,loop_cross,tx3,even,-0.5,16,17,-75.24025028190952,1.080182818763908,0.05309871406393826
trackman_4ms,21,1.194,raw,loop_cross,tx3,even,0.0,16,17,-75.24025028190952,1.080182818763908,0.05309871406393826
trackman_4ms,21,1.194,raw,loop_cross,tx3,even,0.5,16,17,-75.24025028190952,1.080182818763908,0.05309871406393826
trackman_4ms,21,1.194,raw,loop_cross,tx3,even,1.0,16,17,-75.24025028190952,1.080182818763908,0.05309871406393826
trackman_4ms,21,1.194,raw,loop_cross,tx3,odd,-1.0,16,17,-83.22836484855489,2.3966924131723077,0.11766200421262114
trackman_4ms,21,1.194,raw,loop_cross,tx3,odd,-0.5,16,17,-83.22836484855489,2.3966924131723077,0.11766200421262114
trackman_4ms,21,1.194,raw,loop_cross,tx3,odd,0.0,16,17,-83.22836484855489,2.3966924131723077,0.11766200421262114
trackman_4ms,21,1.194,raw,loop_cross,tx3,odd,0.5,16,17,-83.22836484855489,2.3966924131723077,0.11766200421262114
trackman_4ms,21,1.194,raw,loop_cross,tx3,odd,1.0,16,17,-83.22836484855489,2.3966924131723077,0.11766200421262114
trackman_4ms,21,1.194,raw,loop_cross,fused,all,-1.0,16,17,69.6812841717284,-0.7685614728087937,0.4285643424280115
trackman_4ms,21,1.194,raw,loop_cross,fused,all,-0.5,16,17,69.6812841717284,-0.7685614728087937,0.4285643424280115
trackman_4ms,21,1.194,raw,loop_cross,fused,all,0.0,16,17,69.6812841717284,-0.7685614728087937,0.4285643424280115
trackman_4ms,21,1.194,raw,loop_cross,fused,all,0.5,16,17,69.6812841717284,-0.7685614728087937,0.4285643424280115
trackman_4ms,21,1.194,raw,loop_cross,fused,all,1.0,16,17,69.6812841717284,-0.7685614728087937,0.4285643424280115
trackman_4ms,21,1.194,raw,loop_cross,fused,even,-1.0,16,17,69.2418222990463,-0.7508256936634876,0.4694506170899032
trackman_4ms,21,1.194,raw,loop_cross,fused,even,-0.5,16,17,69.2418222990463,-0.7508256936634876,0.4694506170899032
trackman_4ms,21,1.194,raw,loop_cross,fused,even,0.0,16,17,69.2418222990463,-0.7508256936634876,0.4694506170899032
trackman_4ms,21,1.194,raw,loop_cross,fused,even,0.5,16,17,69.2418222990463,-0.7508256936634876,0.4694506170899032
trackman_4ms,21,1.194,raw,loop_cross,fused,even,1.0,16,17,69.2418222990463,-0.7508256936634876,0.4694506170899032
trackman_4ms,21,1.194,raw,loop_cross,fused,odd,-1.0,16,17,70.09884848008004,-0.78610791310808,0.3946792830054381
trackman_4ms,21,1.194,raw,loop_cross,fused,odd,-0.5,16,17,70.09884848008004,-0.78610791310808,0.3946792830054381
trackman_4ms,21,1.194,raw,loop_cross,fused,odd,0.0,16,17,70.09884848008004,-0.78610791310808,0.3946792830054381
trackman_4ms,21,1.194,raw,loop_cross,fused,odd,0.5,16,17,70.09884848008004,-0.78610791310808,0.3946792830054381
trackman_4ms,21,1.194,raw,loop_cross,fused,odd,1.0,16,17,70.09884848008004,-0.78610791310808,0.3946792830054381
trackman_4ms,21,1.194,raw,coherent_cross,tx1,all,-1.0,16,17,-82.65974926588588,2.2092180359486715,0.9999999999999998
trackman_4ms,21,1.194,raw,coherent_cross,tx1,all,-0.5,16,17,-82.65974926588588,2.2092180359486715,0.9999999999999998
trackman_4ms,21,1.194,raw,coherent_cross,tx1,all,0.0,16,17,-82.65974926588588,2.2092180359486715,0.9999999999999998
trackman_4ms,21,1.194,raw,coherent_cross,tx1,all,0.5,16,17,-82.65974926588588,2.2092180359486715,0.9999999999999998
trackman_4ms,21,1.194,raw,coherent_cross,tx1,all,1.0,16,17,-82.65974926588588,2.2092180359486715,0.9999999999999998
trackman_4ms,21,1.194,raw,coherent_cross,tx1,even,-1.0,16,17,-81.38368611379302,1.8781134188447401,1.0
trackman_4ms,21,1.194,raw,coherent_cross,tx1,even,-0.5,16,17,-81.38368611379302,1.8781134188447401,1.0
trackman_4ms,21,1.194,raw,coherent_cross,tx1,even,0.0,16,17,-81.38368611379302,1.8781134188447401,1.0
trackman_4ms,21,1.194,raw,coherent_cross,tx1,even,0.5,16,17,-81.38368611379302,1.8781134188447401,1.0
trackman_4ms,21,1.194,raw,coherent_cross,tx1,even,1.0,16,17,-81.38368611379302,1.8781134188447401,1.0
trackman_4ms,21,1.194,raw,coherent_cross,tx1,odd,-1.0,16,17,-82.94037728286087,2.2979866731683902,1.0
trackman_4ms,21,1.194,raw,coherent_cross,tx1,odd,-0.5,16,17,-82.94037728286087,2.2979866731683902,1.0
trackman_4ms,21,1.194,raw,coherent_cross,tx1,odd,0.0,16,17,-82.94037728286087,2.2979866731683902,1.0
trackman_4ms,21,1.194,raw,coherent_cross,tx1,odd,0.5,16,17,-82.94037728286087,2.2979866731683902,1.0
trackman_4ms,21,1.194,raw,coherent_cross,tx1,odd,1.0,16,17,-82.94037728286087,2.2979866731683902,1.0
trackman_4ms,21,1.194,raw,coherent_cross,tx3,all,-1.0,16,17,-75.86647063430027,1.1301806217219983,0.9999999999999999
trackman_4ms,21,1.194,raw,coherent_cross,tx3,all,-0.5,16,17,-75.86647063430027,1.1301806217219983,0.9999999999999999
trackman_4ms,21,1.194,raw,coherent_cross,tx3,all,0.0,16,17,-75.86647063430027,1.1301806217219983,0.9999999999999999
trackman_4ms,21,1.194,raw,coherent_cross,tx3,all,0.5,16,17,-75.86647063430027,1.1301806217219983,0.9999999999999999
trackman_4ms,21,1.194,raw,coherent_cross,tx3,all,1.0,16,17,-75.86647063430027,1.1301806217219983,0.9999999999999999
trackman_4ms,21,1.194,raw,coherent_cross,tx3,even,-1.0,16,17,-76.21415772272748,1.1598595656324537,1.0000000000000002
trackman_4ms,21,1.194,raw,coherent_cross,tx3,even,-0.5,16,17,-76.21415772272748,1.1598595656324537,1.0000000000000002
trackman_4ms,21,1.194,raw,coherent_cross,tx3,even,0.0,16,17,-76.21415772272748,1.1598595656324537,1.0000000000000002
trackman_4ms,21,1.194,raw,coherent_cross,tx3,even,0.5,16,17,-76.21415772272748,1.1598595656324537,1.0000000000000002
trackman_4ms,21,1.194,raw,coherent_cross,tx3,even,1.0,16,17,-76.21415772272748,1.1598595656324537,1.0000000000000002
trackman_4ms,21,1.194,raw,coherent_cross,tx3,odd,-1.0,16,17,-75.40879500260536,1.09322641881092,1.0000000000000002
trackman_4ms,21,1.194,raw,coherent_cross,tx3,odd,-0.5,16,17,-75.40879500260536,1.09322641881092,1.0000000000000002
trackman_4ms,21,1.194,raw,coherent_cross,tx3,odd,0.0,16,17,-75.40879500260536,1.09322641881092,1.0000000000000002
trackman_4ms,21,1.194,raw,coherent_cross,tx3,odd,0.5,16,17,-75.40879500260536,1.09322641881092,1.0000000000000002
trackman_4ms,21,1.194,raw,coherent_cross,tx3,odd,1.0,16,17,-75.40879500260536,1.09322641881092,1.0000000000000002
trackman_4ms,21,1.194,raw,coherent_cross,fused,all,-1.0,16,17,-79.57649545104243,1.547006930919487,0.8644543733360046
trackman_4ms,21,1.194,raw,coherent_cross,fused,all,-0.5,16,17,-79.57649545104243,1.547006930919487,0.8644543733360046
trackman_4ms,21,1.194,raw,coherent_cross,fused,all,0.0,16,17,-79.57649545104243,1.547006930919487,0.8644543733360046
trackman_4ms,21,1.194,raw,coherent_cross,fused,all,0.5,16,17,-79.57649545104243,1.547006930919487,0.8644543733360046
trackman_4ms,21,1.194,raw,coherent_cross,fused,all,1.0,16,17,-79.57649545104243,1.547006930919487,0.8644543733360046
trackman_4ms,21,1.194,raw,coherent_cross,fused,even,-1.0,16,17,-78.65495016161006,1.4184035860910962,0.940959824781758
trackman_4ms,21,1.194,raw,coherent_cross,fused,even,-0.5,16,17,-78.65495016161006,1.4184035860910962,0.940959824781758
trackman_4ms,21,1.194,raw,coherent_cross,fused,even,0.0,16,17,-78.65495016161006,1.4184035860910962,0.940959824781758
trackman_4ms,21,1.194,raw,coherent_cross,fused,even,0.5,16,17,-78.65495016161006,1.4184035860910962,0.940959824781758
trackman_4ms,21,1.194,raw,coherent_cross,fused,even,1.0,16,17,-78.65495016161006,1.4184035860910962,0.940959824781758
trackman_4ms,21,1.194,raw,coherent_cross,fused,odd,-1.0,16,17,-79.92571305186684,1.601814214424828,0.8276270076400658
trackman_4ms,21,1.194,raw,coherent_cross,fused,odd,-0.5,16,17,-79.92571305186684,1.601814214424828,0.8276270076400658
trackman_4ms,21,1.194,raw,coherent_cross,fused,odd,0.0,16,17,-79.92571305186684,1.601814214424828,0.8276270076400658
trackman_4ms,21,1.194,raw,coherent_cross,fused,odd,0.5,16,17,-79.92571305186684,1.601814214424828,0.8276270076400658
trackman_4ms,21,1.194,raw,coherent_cross,fused,odd,1.0,16,17,-79.92571305186684,1.601814214424828,0.8276270076400658
trackman_4ms,21,1.194,mti,loop_cross,tx1,all,-1.0,16,17,-39.33524170043919,0.23322254916074592,0.9742178147731104
trackman_4ms,21,1.194,mti,loop_cross,tx1,all,-0.5,16,17,-39.33524170043919,0.23322254916074592,0.9742178147731104
trackman_4ms,21,1.194,mti,loop_cross,tx1,all,0.0,16,17,-39.33524170043919,0.23322254916074592,0.9742178147731104
trackman_4ms,21,1.194,mti,loop_cross,tx1,all,0.5,16,17,-39.33524170043919,0.23322254916074592,0.9742178147731104
trackman_4ms,21,1.194,mti,loop_cross,tx1,all,1.0,16,17,-39.33524170043919,0.23322254916074592,0.9742178147731104
trackman_4ms,21,1.194,mti,loop_cross,tx1,even,-1.0,16,17,-41.15423798496283,0.24873408661130597,0.9693141995004143
trackman_4ms,21,1.194,mti,loop_cross,tx1,even,-0.5,16,17,-41.15423798496283,0.24873408661130597,0.9693141995004143
trackman_4ms,21,1.194,mti,loop_cross,tx1,even,0.0,16,17,-41.15423798496283,0.24873408661130597,0.9693141995004143
trackman_4ms,21,1.194,mti,loop_cross,tx1,even,0.5,16,17,-41.15423798496283,0.24873408661130597,0.9693141995004143
trackman_4ms,21,1.194,mti,loop_cross,tx1,even,1.0,16,17,-41.15423798496283,0.24873408661130597,0.9693141995004143
trackman_4ms,21,1.194,mti,loop_cross,tx1,odd,-1.0,16,17,-37.76624833866819,0.22047833670374672,0.9784608422427522
trackman_4ms,21,1.194,mti,loop_cross,tx1,odd,-0.5,16,17,-37.76624833866819,0.22047833670374672,0.9784608422427522
trackman_4ms,21,1.194,mti,loop_cross,tx1,odd,0.0,16,17,-37.76624833866819,0.22047833670374672,0.9784608422427522
trackman_4ms,21,1.194,mti,loop_cross,tx1,odd,0.5,16,17,-37.76624833866819,0.22047833670374672,0.9784608422427522
trackman_4ms,21,1.194,mti,loop_cross,tx1,odd,1.0,16,17,-37.76624833866819,0.22047833670374672,0.9784608422427522
trackman_4ms,21,1.194,mti,loop_cross,tx3,all,-1.0,16,17,46.14908364121468,-0.29623503864837597,0.9543989166157144
trackman_4ms,21,1.194,mti,loop_cross,tx3,all,-0.5,16,17,46.14908364121468,-0.29623503864837597,0.9543989166157144
trackman_4ms,21,1.194,mti,loop_cross,tx3,all,0.0,16,17,46.14908364121468,-0.29623503864837597,0.9543989166157144
trackman_4ms,21,1.194,mti,loop_cross,tx3,all,0.5,16,17,46.14908364121468,-0.29623503864837597,0.9543989166157144
trackman_4ms,21,1.194,mti,loop_cross,tx3,all,1.0,16,17,46.14908364121468,-0.29623503864837597,0.9543989166157144
trackman_4ms,21,1.194,mti,loop_cross,tx3,even,-1.0,16,17,44.42879071320884,-0.2789664591050862,0.9562947515448991
trackman_4ms,21,1.194,mti,loop_cross,tx3,even,-0.5,16,17,44.42879071320884,-0.2789664591050862,0.9562947515448991
trackman_4ms,21,1.194,mti,loop_cross,tx3,even,0.0,16,17,44.42879071320884,-0.2789664591050862,0.9562947515448991
trackman_4ms,21,1.194,mti,loop_cross,tx3,even,0.5,16,17,44.42879071320884,-0.2789664591050862,0.9562947515448991
trackman_4ms,21,1.194,mti,loop_cross,tx3,even,1.0,16,17,44.42879071320884,-0.2789664591050862,0.9562947515448991
trackman_4ms,21,1.194,mti,loop_cross,tx3,odd,-1.0,16,17,47.370194038226856,-0.3091608754779144,0.9531704600879665
trackman_4ms,21,1.194,mti,loop_cross,tx3,odd,-0.5,16,17,47.370194038226856,-0.3091608754779144,0.9531704600879665
trackman_4ms,21,1.194,mti,loop_cross,tx3,odd,0.0,16,17,47.370194038226856,-0.3091608754779144,0.9531704600879665
trackman_4ms,21,1.194,mti,loop_cross,tx3,odd,0.5,16,17,47.370194038226856,-0.3091608754779144,0.9531704600879665
trackman_4ms,21,1.194,mti,loop_cross,tx3,odd,1.0,16,17,47.370194038226856,-0.3091608754779144,0.9531704600879665
trackman_4ms,21,1.194,mti,loop_cross,fused,all,-1.0,16,17,5.337188174055772,-0.0265864610950465,0.9308018024566659
trackman_4ms,21,1.194,mti,loop_cross,fused,all,-0.5,16,17,5.337188174055772,-0.0265864610950465,0.9308018024566659
trackman_4ms,21,1.194,mti,loop_cross,fused,all,0.0,16,17,5.337188174055772,-0.0265864610950465,0.9308018024566659
trackman_4ms,21,1.194,mti,loop_cross,fused,all,0.5,16,17,5.337188174055772,-0.0265864610950465,0.9308018024566659
trackman_4ms,21,1.194,mti,loop_cross,fused,all,1.0,16,17,5.337188174055772,-0.0265864610950465,0.9308018024566659
trackman_4ms,21,1.194,mti,loop_cross,fused,even,-1.0,16,17,0.6385219579841042,-0.0031716344796627427,0.9297864735073775
trackman_4ms,21,1.194,mti,loop_cross,fused,even,-0.5,16,17,0.6385219579841042,-0.0031716344796627427,0.9297864735073775
trackman_4ms,21,1.194,mti,loop_cross,fused,even,0.0,16,17,0.6385219579841042,-0.0031716344796627427,0.9297864735073775
trackman_4ms,21,1.194,mti,loop_cross,fused,even,0.5,16,17,0.6385219579841042,-0.0031716344796627427,0.9297864735073775
trackman_4ms,21,1.194,mti,loop_cross,fused,even,1.0,16,17,0.6385219579841042,-0.0031716344796627427,0.9297864735073775
trackman_4ms,21,1.194,mti,loop_cross,fused,odd,-1.0,16,17,8.980046315317404,-0.044972240385896006,0.9319590653016414
trackman_4ms,21,1.194,mti,loop_cross,fused,odd,-0.5,16,17,8.980046315317404,-0.044972240385896006,0.9319590653016414
trackman_4ms,21,1.194,mti,loop_cross,fused,odd,0.0,16,17,8.980046315317404,-0.044972240385896006,0.9319590653016414
trackman_4ms,21,1.194,mti,loop_cross,fused,odd,0.5,16,17,8.980046315317404,-0.044972240385896006,0.9319590653016414
trackman_4ms,21,1.194,mti,loop_cross,fused,odd,1.0,16,17,8.980046315317404,-0.044972240385896006,0.9319590653016414
trackman_4ms,21,1.194,mti,coherent_cross,tx1,all,-1.0,16,17,-57.95539843200092,0.45464322512672994,1.0
trackman_4ms,21,1.194,mti,coherent_cross,tx1,all,-0.5,16,17,-57.95539843200092,0.45464322512672994,1.0
trackman_4ms,21,1.194,mti,coherent_cross,tx1,all,0.0,16,17,-57.95539843200092,0.45464322512672994,1.0
trackman_4ms,21,1.194,mti,coherent_cross,tx1,all,0.5,16,17,-57.95539843200092,0.45464322512672994,1.0
trackman_4ms,21,1.194,mti,coherent_cross,tx1,all,1.0,16,17,-57.95539843200092,0.45464322512672994,1.0
trackman_4ms,21,1.194,mti,coherent_cross,tx1,even,-1.0,16,17,-49.22656809018796,0.3300040922965763,1.0
trackman_4ms,21,1.194,mti,coherent_cross,tx1,even,-0.5,16,17,-49.22656809018796,0.3300040922965763,1.0
trackman_4ms,21,1.194,mti,coherent_cross,tx1,even,0.0,16,17,-49.22656809018796,0.3300040922965763,1.0
trackman_4ms,21,1.194,mti,coherent_cross,tx1,even,0.5,16,17,-49.22656809018796,0.3300040922965763,1.0
trackman_4ms,21,1.194,mti,coherent_cross,tx1,even,1.0,16,17,-49.22656809018796,0.3300040922965763,1.0
trackman_4ms,21,1.194,mti,coherent_cross,tx1,odd,-1.0,16,17,-64.56567887887421,0.5984091568494853,0.9999999999999999
trackman_4ms,21,1.194,mti,coherent_cross,tx1,odd,-0.5,16,17,-64.56567887887421,0.5984091568494853,0.9999999999999999
trackman_4ms,21,1.194,mti,coherent_cross,tx1,odd,0.0,16,17,-64.56567887887421,0.5984091568494853,0.9999999999999999
trackman_4ms,21,1.194,mti,coherent_cross,tx1,odd,0.5,16,17,-64.56567887887421,0.5984091568494853,0.9999999999999999
trackman_4ms,21,1.194,mti,coherent_cross,tx1,odd,1.0,16,17,-64.56567887887421,0.5984091568494853,0.9999999999999999
trackman_4ms,21,1.194,mti,coherent_cross,tx3,all,-1.0,16,17,36.060193170961874,-0.20722022130678985,1.0000000000000002
trackman_4ms,21,1.194,mti,coherent_cross,tx3,all,-0.5,16,17,36.060193170961874,-0.20722022130678985,1.0000000000000002
trackman_4ms,21,1.194,mti,coherent_cross,tx3,all,0.0,16,17,36.060193170961874,-0.20722022130678985,1.0000000000000002
trackman_4ms,21,1.194,mti,coherent_cross,tx3,all,0.5,16,17,36.060193170961874,-0.20722022130678985,1.0000000000000002
trackman_4ms,21,1.194,mti,coherent_cross,tx3,all,1.0,16,17,36.060193170961874,-0.20722022130678985,1.0000000000000002
trackman_4ms,21,1.194,mti,coherent_cross,tx3,even,-1.0,16,17,32.17069695012709,-0.17900951489926142,1.0
trackman_4ms,21,1.194,mti,coherent_cross,tx3,even,-0.5,16,17,32.17069695012709,-0.17900951489926142,1.0
trackman_4ms,21,1.194,mti,coherent_cross,tx3,even,0.0,16,17,32.17069695012709,-0.17900951489926142,1.0
trackman_4ms,21,1.194,mti,coherent_cross,tx3,even,0.5,16,17,32.17069695012709,-0.17900951489926142,1.0
trackman_4ms,21,1.194,mti,coherent_cross,tx3,even,1.0,16,17,32.17069695012709,-0.17900951489926142,1.0
trackman_4ms,21,1.194,mti,coherent_cross,tx3,odd,-1.0,16,17,35.25156388836974,-0.20113641365534252,1.0
trackman_4ms,21,1.194,mti,coherent_cross,tx3,odd,-0.5,16,17,35.25156388836974,-0.20113641365534252,1.0
trackman_4ms,21,1.194,mti,coherent_cross,tx3,odd,0.0,16,17,35.25156388836974,-0.20113641365534252,1.0
trackman_4ms,21,1.194,mti,coherent_cross,tx3,odd,0.5,16,17,35.25156388836974,-0.20113641365534252,1.0
trackman_4ms,21,1.194,mti,coherent_cross,tx3,odd,1.0,16,17,35.25156388836974,-0.20113641365534252,1.0
trackman_4ms,21,1.194,mti,coherent_cross,fused,all,-1.0,16,17,-21.607824429258184,0.11272011525303409,0.945797145101746
trackman_4ms,21,1.194,mti,coherent_cross,fused,all,-0.5,16,17,-21.607824429258184,0.11272011525303409,0.945797145101746
trackman_4ms,21,1.194,mti,coherent_cross,fused,all,0.0,16,17,-21.607824429258184,0.11272011525303409,0.945797145101746
trackman_4ms,21,1.194,mti,coherent_cross,fused,all,0.5,16,17,-21.607824429258184,0.11272011525303409,0.945797145101746
trackman_4ms,21,1.194,mti,coherent_cross,fused,all,1.0,16,17,-21.607824429258184,0.11272011525303409,0.945797145101746
trackman_4ms,21,1.194,mti,coherent_cross,fused,even,-1.0,16,17,-15.4758882818863,0.07879343741815222,0.967792841857546
trackman_4ms,21,1.194,mti,coherent_cross,fused,even,-0.5,16,17,-15.4758882818863,0.07879343741815222,0.967792841857546
trackman_4ms,21,1.194,mti,coherent_cross,fused,even,0.0,16,17,-15.4758882818863,0.07879343741815222,0.967792841857546
trackman_4ms,21,1.194,mti,coherent_cross,fused,even,0.5,16,17,-15.4758882818863,0.07879343741815222,0.967792841857546
trackman_4ms,21,1.194,mti,coherent_cross,fused,even,1.0,16,17,-15.4758882818863,0.07879343741815222,0.967792841857546
trackman_4ms,21,1.194,mti,coherent_cross,fused,odd,-1.0,16,17,-31.640815189573846,0.175357413002408,0.9213990981954409
trackman_4ms,21,1.194,mti,coherent_cross,fused,odd,-0.5,16,17,-31.640815189573846,0.175357413002408,0.9213990981954409
trackman_4ms,21,1.194,mti,coherent_cross,fused,odd,0.0,16,17,-31.640815189573846,0.175357413002408,0.9213990981954409
trackman_4ms,21,1.194,mti,coherent_cross,fused,odd,0.5,16,17,-31.640815189573846,0.175357413002408,0.9213990981954409
trackman_4ms,21,1.194,mti,coherent_cross,fused,odd,1.0,16,17,-31.640815189573846,0.175357413002408,0.9213990981954409
trackman_4ms,22,3.677,raw,loop_cross,tx1,all,-1.0,12,13,54.03544477890532,-0.36363940760796454,0.614552442919748
trackman_4ms,22,3.677,raw,loop_cross,tx1,all,-0.5,12,13,54.03544477890532,-0.36363940760796454,0.614552442919748
trackman_4ms,22,3.677,raw,loop_cross,tx1,all,0.0,13,14,77.54712614628323,-1.1948271883774557,0.8619396039025773
trackman_4ms,22,3.677,raw,loop_cross,tx1,all,0.5,13,14,77.54712614628323,-1.1948271883774557,0.8619396039025773
trackman_4ms,22,3.677,raw,loop_cross,tx1,all,1.0,13,14,77.54712614628323,-1.1948271883774557,0.8619396039025773
trackman_4ms,22,3.677,raw,loop_cross,tx1,even,-1.0,12,13,44.20347747524159,-0.2566198544809069,0.5505416030655979
trackman_4ms,22,3.677,raw,loop_cross,tx1,even,-0.5,12,13,44.20347747524159,-0.2566198544809069,0.5505416030655979
trackman_4ms,22,3.677,raw,loop_cross,tx1,even,0.0,13,14,78.3586637973682,-1.2807143157577323,0.7542223379295739
trackman_4ms,22,3.677,raw,loop_cross,tx1,even,0.5,13,14,78.3586637973682,-1.2807143157577323,0.7542223379295739
trackman_4ms,22,3.677,raw,loop_cross,tx1,even,1.0,13,14,78.3586637973682,-1.2807143157577323,0.7542223379295739
trackman_4ms,22,3.677,raw,loop_cross,tx1,odd,-1.0,12,13,59.32051378113339,-0.44474670667882643,0.6796759894039892
trackman_4ms,22,3.677,raw,loop_cross,tx1,odd,-0.5,12,13,59.32051378113339,-0.44474670667882643,0.6796759894039892
trackman_4ms,22,3.677,raw,loop_cross,tx1,odd,0.0,13,14,76.98655329517136,-1.1416631740682421,0.949448464277771
trackman_4ms,22,3.677,raw,loop_cross,tx1,odd,0.5,13,14,76.98655329517136,-1.1416631740682421,0.949448464277771
trackman_4ms,22,3.677,raw,loop_cross,tx1,odd,1.0,13,14,76.98655329517136,-1.1416631740682421,0.949448464277771
trackman_4ms,22,3.677,raw,loop_cross,tx3,all,-1.0,12,13,-64.44913991016858,0.5519241129752102,0.39781314125797684
trackman_4ms,22,3.677,raw,loop_cross,tx3,all,-0.5,12,13,-64.44913991016858,0.5519241129752102,0.39781314125797684
trackman_4ms,22,3.677,raw,loop_cross,tx3,all,0.0,13,14,-82.95566636115556,2.1352739088920516,0.3915254541321845
trackman_4ms,22,3.677,raw,loop_cross,tx3,all,0.5,13,14,-82.95566636115556,2.1352739088920516,0.3915254541321845
trackman_4ms,22,3.677,raw,loop_cross,tx3,all,1.0,13,14,-82.95566636115556,2.1352739088920516,0.3915254541321845
trackman_4ms,22,3.677,raw,loop_cross,tx3,even,-1.0,12,13,-42.876739279626086,0.24499053070208035,0.5600006671857709
trackman_4ms,22,3.677,raw,loop_cross,tx3,even,-0.5,12,13,-42.876739279626086,0.24499053070208035,0.5600006671857709
trackman_4ms,22,3.677,raw,loop_cross,tx3,even,0.0,13,14,-84.56144120674884,2.771396181779255,0.6594973326483503
trackman_4ms,22,3.677,raw,loop_cross,tx3,even,0.5,13,14,-84.56144120674884,2.771396181779255,0.6594973326483503
trackman_4ms,22,3.677,raw,loop_cross,tx3,even,1.0,13,14,-84.56144120674884,2.771396181779255,0.6594973326483503
trackman_4ms,22,3.677,raw,loop_cross,tx3,odd,-1.0,12,13,-77.79148343470739,1.2195044500361005,0.31006479268067344
trackman_4ms,22,3.677,raw,loop_cross,tx3,odd,-0.5,12,13,-77.79148343470739,1.2195044500361005,0.31006479268067344
trackman_4ms,22,3.677,raw,loop_cross,tx3,odd,0.0,13,14,-78.70279157566536,1.3208049167946752,0.4146350873893215
trackman_4ms,22,3.677,raw,loop_cross,tx3,odd,0.5,13,14,-78.70279157566536,1.3208049167946752,0.4146350873893215
trackman_4ms,22,3.677,raw,loop_cross,tx3,odd,1.0,13,14,-78.70279157566536,1.3208049167946752,0.4146350873893215
trackman_4ms,22,3.677,raw,loop_cross,fused,all,-1.0,12,13,12.753504778342359,-0.059721471334057016,0.4701130306663077
trackman_4ms,22,3.677,raw,loop_cross,fused,all,-0.5,12,13,12.753504778342359,-0.059721471334057016,0.4701130306663077
trackman_4ms,22,3.677,raw,loop_cross,fused,all,0.0,13,14,78.30797249235054,-1.2750055681288346,0.365609984684499
trackman_4ms,22,3.677,raw,loop_cross,fused,all,0.5,13,14,78.30797249235054,-1.2750055681288346,0.365609984684499
trackman_4ms,22,3.677,raw,loop_cross,fused,all,1.0,13,14,78.30797249235054,-1.2750055681288346,0.365609984684499
trackman_4ms,22,3.677,raw,loop_cross,fused,even,-1.0,12,13,4.179510790068779,-0.019281507003667136,0.5376673281788962
trackman_4ms,22,3.677,raw,loop_cross,fused,even,-0.5,12,13,4.179510790068779,-0.019281507003667136,0.5376673281788962
trackman_4ms,22,3.677,raw,loop_cross,fused,even,0.0,13,14,82.07096594577246,-1.894455290372518,0.35938230242510716
trackman_4ms,22,3.677,raw,loop_cross,fused,even,0.5,13,14,82.07096594577246,-1.894455290372518,0.35938230242510716
trackman_4ms,22,3.677,raw,loop_cross,fused,even,1.0,13,14,82.07096594577246,-1.894455290372518,0.35938230242510716
trackman_4ms,22,3.677,raw,loop_cross,fused,odd,-1.0,12,13,23.525727227477038,-0.11486873481600124,0.40226586122017943
trackman_4ms,22,3.677,raw,loop_cross,fused,odd,-0.5,12,13,23.525727227477038,-0.11486873481600124,0.40226586122017943
trackman_4ms,22,3.677,raw,loop_cross,fused,odd,0.0,13,14,73.81231711054147,-0.908927396496651,0.45220790555182744
trackman_4ms,22,3.677,raw,loop_cross,fused,odd,0.5,13,14,73.81231711054147,-0.908927396496651,0.45220790555182744
trackman_4ms,22,3.677,raw,loop_cross,fused,odd,1.0,13,14,73.81231711054147,-0.908927396496651,0.45220790555182744
trackman_4ms,22,3.677,raw,coherent_cross,tx1,all,-1.0,12,13,-84.19349799770713,2.594684639678196,1.0
trackman_4ms,22,3.677,raw,coherent_cross,tx1,all,-0.5,12,13,-84.19349799770713,2.594684639678196,1.0
trackman_4ms,22,3.677,raw,coherent_cross,tx1,all,0.0,13,14,82.45775358633736,-1.9928291901583326,1.0
trackman_4ms,22,3.677,raw,coherent_cross,tx1,all,0.5,13,14,82.45775358633736,-1.9928291901583326,1.0
trackman_4ms,22,3.677,raw,coherent_cross,tx1,all,1.0,13,14,82.45775358633736,-1.9928291901583326,1.0
trackman_4ms,22,3.677,raw,coherent_cross,tx1,even,-1.0,12,13,-84.2390330418736,2.615333730551349,1.0
trackman_4ms,22,3.677,raw,coherent_cross,tx1,even,-0.5,12,13,-84.2390330418736,2.615333730551349,1.0
trackman_4ms,22,3.677,raw,coherent_cross,tx1,even,0.0,13,14,74.10597833300578,-0.9266404432087986,1.0
trackman_4ms,22,3.677,raw,coherent_cross,tx1,even,0.5,13,14,74.10597833300578,-0.9266404432087986,1.0
trackman_4ms,22,3.677,raw,coherent_cross,tx1,even,1.0,13,14,74.10597833300578,-0.9266404432087986,1.0
trackman_4ms,22,3.677,raw,coherent_cross,tx1,odd,-1.0,12,13,-81.62352891422519,1.7919205781708971,0.9999999999999998
trackman_4ms,22,3.677,raw,coherent_cross,tx1,odd,-0.5,12,13,-81.62352891422519,1.7919205781708971,0.9999999999999998
trackman_4ms,22,3.677,raw,coherent_cross,tx1,odd,0.0,13,14,79.70896404377642,-1.4531978179574951,1.0000000000000002
trackman_4ms,22,3.677,raw,coherent_cross,tx1,odd,0.5,13,14,79.70896404377642,-1.4531978179574951,1.0000000000000002
trackman_4ms,22,3.677,raw,coherent_cross,tx1,odd,1.0,13,14,79.70896404377642,-1.4531978179574951,1.0000000000000002
trackman_4ms,22,3.677,raw,coherent_cross,tx3,all,-1.0,12,13,84.21727903041672,-2.60542835778758,1.0
trackman_4ms,22,3.677,raw,coherent_cross,tx3,all,-0.5,12,13,84.21727903041672,-2.60542835778758,1.0
trackman_4ms,22,3.677,raw,coherent_cross,tx3,all,0.0,13,14,-83.67669549354979,2.3810974648468415,1.0000000000000002
trackman_4ms,22,3.677,raw,coherent_cross,tx3,all,0.5,13,14,-83.67669549354979,2.3810974648468415,1.0000000000000002
trackman_4ms,22,3.677,raw,coherent_cross,tx3,all,1.0,13,14,-83.67669549354979,2.3810974648468415,1.0000000000000002
trackman_4ms,22,3.677,raw,coherent_cross,tx3,even,-1.0,12,13,85.01783448734666,-3.0267380193052675,1.0
trackman_4ms,22,3.677,raw,coherent_cross,tx3,even,-0.5,12,13,85.01783448734666,-3.0267380193052675,1.0
trackman_4ms,22,3.677,raw,coherent_cross,tx3,even,0.0,13,14,-81.47959622352616,1.761210757431364,1.0
trackman_4ms,22,3.677,raw,coherent_cross,tx3,even,0.5,13,14,-81.47959622352616,1.761210757431364,1.0
trackman_4ms,22,3.677,raw,coherent_cross,tx3,even,1.0,13,14,-81.47959622352616,1.761210757431364,1.0
trackman_4ms,22,3.677,raw,coherent_cross,tx3,odd,-1.0,12,13,83.55718317474823,-2.33656470662099,0.9999999999999999
trackman_4ms,22,3.677,raw,coherent_cross,tx3,odd,-0.5,12,13,83.55718317474823,-2.33656470662099,0.9999999999999999
trackman_4ms,22,3.677,raw,coherent_cross,tx3,odd,0.0,13,14,-79.59615327803809,1.4370945668001682,1.0
trackman_4ms,22,3.677,raw,coherent_cross,tx3,odd,0.5,13,14,-79.59615327803809,1.4370945668001682,1.0
trackman_4ms,22,3.677,raw,coherent_cross,tx3,odd,1.0,13,14,-79.59615327803809,1.4370945668001682,1.0
trackman_4ms,22,3.677,raw,coherent_cross,fused,all,-1.0,12,13,85.15707213932465,-3.1141929544115987,0.8573782373807908
trackman_4ms,22,3.677,raw,coherent_cross,fused,all,-0.5,12,13,85.15707213932465,-3.1141929544115987,0.8573782373807908
trackman_4ms,22,3.677,raw,coherent_cross,fused,all,0.0,13,14,84.81454262575241,-2.907464550886348,0.57837380217088
trackman_4ms,22,3.677,raw,coherent_cross,fused,all,0.5,13,14,84.81454262575241,-2.907464550886348,0.57837380217088
trackman_4ms,22,3.677,raw,coherent_cross,fused,all,1.0,13,14,84.81454262575241,-2.907464550886348,0.57837380217088
trackman_4ms,22,3.677,raw,coherent_cross,fused,even,-1.0,12,13,-84.786990389638,2.8920133176995115,0.9499744294658171
trackman_4ms,22,3.677,raw,coherent_cross,fused,even,-0.5,12,13,-84.786990389638,2.8920133176995115,0.9499744294658171
trackman_4ms,22,3.677,raw,coherent_cross,fused,even,0.0,13,14,28.35513301873474,-0.14239946435870574,0.2654278343742289
trackman_4ms,22,3.677,raw,coherent_cross,fused,even,0.5,13,14,28.35513301873474,-0.14239946435870574,0.2654278343742289
trackman_4ms,22,3.677,raw,coherent_cross,fused,even,1.0,13,14,28.35513301873474,-0.14239946435870574,0.2654278343742289
trackman_4ms,22,3.677,raw,coherent_cross,fused,odd,-1.0,12,13,85.07592937212537,-3.0626274928427386,0.5044716947109038
trackman_4ms,22,3.677,raw,coherent_cross,fused,odd,-0.5,12,13,85.07592937212537,-3.0626274928427386,0.5044716947109038
trackman_4ms,22,3.677,raw,coherent_cross,fused,odd,0.0,13,14,-75.32929042973034,1.007857871054403,0.2378674298017953
trackman_4ms,22,3.677,raw,coherent_cross,fused,odd,0.5,13,14,-75.32929042973034,1.007857871054403,0.2378674298017953
trackman_4ms,22,3.677,raw,coherent_cross,fused,odd,1.0,13,14,-75.32929042973034,1.007857871054403,0.2378674298017953
trackman_4ms,22,3.677,mti,loop_cross,tx1,all,-1.0,12,13,-38.70231798283056,0.21140599894687936,0.8163176818890595
trackman_4ms,22,3.677,mti,loop_cross,tx1,all,-0.5,12,13,-38.70231798283056,0.21140599894687936,0.8163176818890595
trackman_4ms,22,3.677,mti,loop_cross,tx1,all,0.0,13,14,-48.602987288652415,0.29931727932644453,0.9673839049763095
trackman_4ms,22,3.677,mti,loop_cross,tx1,all,0.5,13,14,-48.602987288652415,0.29931727932644453,0.9673839049763095
trackman_4ms,22,3.677,mti,loop_cross,tx1,all,1.0,13,14,-48.602987288652415,0.29931727932644453,0.9673839049763095
trackman_4ms,22,3.677,mti,loop_cross,tx1,even,-1.0,12,13,-32.91758240804918,0.17081094525840532,0.7374467658929638
trackman_4ms,22,3.677,mti,loop_cross,tx1,even,-0.5,12,13,-32.91758240804918,0.17081094525840532,0.7374467658929638
trackman_4ms,22,3.677,mti,loop_cross,tx1,even,0.0,13,14,-47.96239815308763,0.29265524430638756,0.9195707581736865
trackman_4ms,22,3.677,mti,loop_cross,tx1,even,0.5,13,14,-47.96239815308763,0.29265524430638756,0.9195707581736865
trackman_4ms,22,3.677,mti,loop_cross,tx1,even,1.0,13,14,-47.96239815308763,0.29265524430638756,0.9195707581736865
trackman_4ms,22,3.677,mti,loop_cross,tx1,odd,-1.0,12,13,-41.388960511645735,0.23252996865123815,0.8650329176041056
trackman_4ms,22,3.677,mti,loop_cross,tx1,odd,-0.5,12,13,-41.388960511645735,0.23252996865123815,0.8650329176041056
trackman_4ms,22,3.677,mti,loop_cross,tx1,odd,0.0,13,14,-48.87453969643326,0.3021925661998938,0.9896050395473499
trackman_4ms,22,3.677,mti,loop_cross,tx1,odd,0.5,13,14,-48.87453969643326,0.3021925661998938,0.9896050395473499
trackman_4ms,22,3.677,mti,loop_cross,tx1,odd,1.0,13,14,-48.87453969643326,0.3021925661998938,0.9896050395473499
trackman_4ms,22,3.677,mti,loop_cross,tx3,all,-1.0,12,13,69.15274559640227,-0.6928837026867972,0.6621778114470664
trackman_4ms,22,3.677,mti,loop_cross,tx3,all,-0.5,12,13,69.15274559640227,-0.6928837026867972,0.6621778114470664
trackman_4ms,22,3.677,mti,loop_cross,tx3,all,0.0,13,14,54.66419259925734,-0.3721637216686432,0.7921965699000483
trackman_4ms,22,3.677,mti,loop_cross,tx3,all,0.5,13,14,54.66419259925734,-0.3721637216686432,0.7921965699000483
trackman_4ms,22,3.677,mti,loop_cross,tx3,all,1.0,13,14,54.66419259925734,-0.3721637216686432,0.7921965699000483
trackman_4ms,22,3.677,mti,loop_cross,tx3,even,-1.0,12,13,78.40676060557705,-1.286176392524395,0.48896482924845086
trackman_4ms,22,3.677,mti,loop_cross,tx3,even,-0.5,12,13,78.40676060557705,-1.286176392524395,0.48896482924845086
trackman_4ms,22,3.677,mti,loop_cross,tx3,even,0.0,13,14,37.52502649446033,-0.20264695793679305,0.6754141432779279
trackman_4ms,22,3.677,mti,loop_cross,tx3,even,0.5,13,14,37.52502649446033,-0.20264695793679305,0.6754141432779279
trackman_4ms,22,3.677,mti,loop_cross,tx3,even,1.0,13,14,37.52502649446033,-0.20264695793679305,0.6754141432779279
trackman_4ms,22,3.677,mti,loop_cross,tx3,odd,-1.0,12,13,61.996588538511105,-0.49616958571144626,0.8306963162183572
trackman_4ms,22,3.677,mti,loop_cross,tx3,odd,-0.5,12,13,61.996588538511105,-0.49616958571144626,0.8306963162183572
trackman_4ms,22,3.677,mti,loop_cross,tx3,odd,0.0,13,14,59.086558102232026,-0.44063652677920484,0.8594750350211858
trackman_4ms,22,3.677,mti,loop_cross,tx3,odd,0.5,13,14,59.086558102232026,-0.44063652677920484,0.8594750350211858
trackman_4ms,22,3.677,mti,loop_cross,tx3,odd,1.0,13,14,59.086558102232026,-0.44063652677920484,0.8594750350211858
trackman_4ms,22,3.677,mti,loop_cross,fused,all,-1.0,12,13,30.436968643498684,-0.1550322970538134,0.6725611964835967
trackman_4ms,22,3.677,mti,loop_cross,fused,all,-0.5,12,13,30.436968643498684,-0.1550322970538134,0.6725611964835967
trackman_4ms,22,3.677,mti,loop_cross,fused,all,0.0,13,14,-5.11799513217363,0.023632048466131317,0.838301254910424
trackman_4ms,22,3.677,mti,loop_cross,fused,all,0.5,13,14,-5.11799513217363,0.023632048466131317,0.838301254910424
trackman_4ms,22,3.677,mti,loop_cross,fused,all,1.0,13,14,-5.11799513217363,0.023632048466131317,0.838301254910424
trackman_4ms,22,3.677,mti,loop_cross,fused,even,-1.0,12,13,49.822062432402504,-0.3124753288969869,0.4795594576952594
trackman_4ms,22,3.677,mti,loop_cross,fused,even,-0.5,12,13,49.822062432402504,-0.3124753288969869,0.4795594576952594
trackman_4ms,22,3.677,mti,loop_cross,fused,even,0.0,13,14,-19.45198699214288,0.09318752991342721,0.7786538633695492
trackman_4ms,22,3.677,mti,loop_cross,fused,even,0.5,13,14,-19.45198699214288,0.09318752991342721,0.7786538633695492
trackman_4ms,22,3.677,mti,loop_cross,fused,even,1.0,13,14,-19.45198699214288,0.09318752991342721,0.7786538633695492
trackman_4ms,22,3.677,mti,loop_cross,fused,odd,-1.0,12,13,20.357014624893782,-0.097901876083277,0.7937680043300903
trackman_4ms,22,3.677,mti,loop_cross,fused,odd,-0.5,12,13,20.357014624893782,-0.097901876083277,0.7937680043300903
trackman_4ms,22,3.677,mti,loop_cross,fused,odd,0.0,13,14,1.4690472066631737,-0.0067666729147984475,0.8687241499075976
trackman_4ms,22,3.677,mti,loop_cross,fused,odd,0.5,13,14,1.4690472066631737,-0.0067666729147984475,0.8687241499075976
trackman_4ms,22,3.677,mti,loop_cross,fused,odd,1.0,13,14,1.4690472066631737,-0.0067666729147984475,0.8687241499075976
trackman_4ms,22,3.677,mti,coherent_cross,tx1,all,-1.0,12,13,-72.77579345037734,0.8511077456171364,0.9999999999999998
trackman_4ms,22,3.677,mti,coherent_cross,tx1,all,-0.5,12,13,-72.77579345037734,0.8511077456171364,0.9999999999999998
trackman_4ms,22,3.677,mti,coherent_cross,tx1,all,0.0,13,14,62.104939499646875,-0.49844106532199567,1.0000000000000002
trackman_4ms,22,3.677,mti,coherent_cross,tx1,all,0.5,13,14,62.104939499646875,-0.49844106532199567,1.0000000000000002
trackman_4ms,22,3.677,mti,coherent_cross,tx1,all,1.0,13,14,62.104939499646875,-0.49844106532199567,1.0000000000000002
trackman_4ms,22,3.677,mti,coherent_cross,tx1,even,-1.0,12,13,-69.81236552239689,0.7176173409026909,1.0000000000000002
trackman_4ms,22,3.677,mti,coherent_cross,tx1,even,-0.5,12,13,-69.81236552239689,0.7176173409026909,1.0000000000000002
trackman_4ms,22,3.677,mti,coherent_cross,tx1,even,0.0,13,14,66.79232783537864,-0.615394447466709,1.0000000000000002
trackman_4ms,22,3.677,mti,coherent_cross,tx1,even,0.5,13,14,66.79232783537864,-0.615394447466709,1.0000000000000002
trackman_4ms,22,3.677,mti,coherent_cross,tx1,even,1.0,13,14,66.79232783537864,-0.615394447466709,1.0000000000000002
trackman_4ms,22,3.677,mti,coherent_cross,tx1,odd,-1.0,12,13,-57.402088553862626,0.4126131778115072,1.0000000000000002
trackman_4ms,22,3.677,mti,coherent_cross,tx1,odd,-0.5,12,13,-57.402088553862626,0.4126131778115072,1.0000000000000002
trackman_4ms,22,3.677,mti,coherent_cross,tx1,odd,0.0,13,14,7.2282530097525735,-0.0334649516082383,1.0000000000000002
trackman_4ms,22,3.677,mti,coherent_cross,tx1,odd,0.5,13,14,7.2282530097525735,-0.0334649516082383,1.0000000000000002
trackman_4ms,22,3.677,mti,coherent_cross,tx1,odd,1.0,13,14,7.2282530097525735,-0.0334649516082383,1.0000000000000002
trackman_4ms,22,3.677,mti,coherent_cross,tx3,all,-1.0,12,13,50.982350294417124,-0.32562980467309266,1.0
trackman_4ms,22,3.677,mti,coherent_cross,tx3,all,-0.5,12,13,50.982350294417124,-0.32562980467309266,1.0
trackman_4ms,22,3.677,mti,coherent_cross,tx3,all,0.0,13,14,80.07950369635256,-1.5086397617681078,1.0
trackman_4ms,22,3.677,mti,coherent_cross,tx3,all,0.5,13,14,80.07950369635256,-1.5086397617681078,1.0
trackman_4ms,22,3.677,mti,coherent_cross,tx3,all,1.0,13,14,80.07950369635256,-1.5086397617681078,1.0
trackman_4ms,22,3.677,mti,coherent_cross,tx3,even,-1.0,12,13,16.630207193234284,-0.07881036870558024,1.0000000000000002
trackman_4ms,22,3.677,mti,coherent_cross,tx3,even,-0.5,12,13,16.630207193234284,-0.07881036870558024,1.0000000000000002
trackman_4ms,22,3.677,mti,coherent_cross,tx3,even,0.0,13,14,83.01576567759409,-2.1538336108577076,1.0
trackman_4ms,22,3.677,mti,coherent_cross,tx3,even,0.5,13,14,83.01576567759409,-2.1538336108577076,1.0
trackman_4ms,22,3.677,mti,coherent_cross,tx3,even,1.0,13,14,83.01576567759409,-2.1538336108577076,1.0
trackman_4ms,22,3.677,mti,coherent_cross,tx3,odd,-1.0,12,13,84.11536652043674,-2.5599958727391594,1.0
trackman_4ms,22,3.677,mti,coherent_cross,tx3,odd,-0.5,12,13,84.11536652043674,-2.5599958727391594,1.0
trackman_4ms,22,3.677,mti,coherent_cross,tx3,odd,0.0,13,14,-80.13954177365578,1.5180111465541604,1.0000000000000002
trackman_4ms,22,3.677,mti,coherent_cross,tx3,odd,0.5,13,14,-80.13954177365578,1.5180111465541604,1.0000000000000002
trackman_4ms,22,3.677,mti,coherent_cross,tx3,odd,1.0,13,14,-80.13954177365578,1.5180111465541604,1.0000000000000002
trackman_4ms,22,3.677,mti,coherent_cross,fused,all,-1.0,12,13,-38.39008317311265,0.20905529722036895,0.8330472295658518
trackman_4ms,22,3.677,mti,coherent_cross,fused,all,-0.5,12,13,-38.39008317311265,0.20905529722036895,0.8330472295658518
trackman_4ms,22,3.677,mti,coherent_cross,fused,all,0.0,13,14,73.4277392813695,-0.8866548574918718,0.8811387162030088
trackman_4ms,22,3.677,mti,coherent_cross,fused,all,0.5,13,14,73.4277392813695,-0.8866548574918718,0.8811387162030088
trackman_4ms,22,3.677,mti,coherent_cross,fused,all,1.0,13,14,73.4277392813695,-0.8866548574918718,0.8811387162030088
trackman_4ms,22,3.677,mti,coherent_cross,fused,even,-1.0,12,13,-56.0313858685511,0.39164512683679764,0.9241655763998815
trackman_4ms,22,3.677,mti,coherent_cross,fused,even,-0.5,12,13,-56.0313858685511,0.39164512683679764,0.9241655763998815
trackman_4ms,22,3.677,mti,coherent_cross,fused,even,0.0,13,14,78.99579491779066,-1.356889469562576,0.7187299362384697
trackman_4ms,22,3.677,mti,coherent_cross,fused,even,0.5,13,14,78.99579491779066,-1.356889469562576,0.7187299362384697
trackman_4ms,22,3.677,mti,coherent_cross,fused,even,1.0,13,14,78.99579491779066,-1.356889469562576,0.7187299362384697
trackman_4ms,22,3.677,mti,coherent_cross,fused,odd,-1.0,12,13,70.50256267232369,-0.7452121268199935,0.08915823829429728
trackman_4ms,22,3.677,mti,coherent_cross,fused,odd,-0.5,12,13,70.50256267232369,-0.7452121268199935,0.08915823829429728
trackman_4ms,22,3.677,mti,coherent_cross,fused,odd,0.0,13,14,-65.26432529174578,0.5727243711551433,0.7242899988037018
trackman_4ms,22,3.677,mti,coherent_cross,fused,odd,0.5,13,14,-65.26432529174578,0.5727243711551433,0.7242899988037018
trackman_4ms,22,3.677,mti,coherent_cross,fused,odd,1.0,13,14,-65.26432529174578,0.5727243711551433,0.7242899988037018
trackman_4ms,23,2.586,raw,loop_cross,tx1,all,-1.0,7,8,75.5758416154442,-1.0473859473020433,0.8477361475934726
trackman_4ms,23,2.586,raw,loop_cross,tx1,all,-0.5,7,8,75.55725813908964,-1.0473859473020433,0.8477361475934726
trackman_4ms,23,2.586,raw,loop_cross,tx1,all,0.0,8,9,68.7422735425668,-0.6943306591976027,0.5321757152736145
trackman_4ms,23,2.586,raw,loop_cross,tx1,all,0.5,8,9,68.71631735429628,-0.6943306591976027,0.5321757152736145
trackman_4ms,23,2.586,raw,loop_cross,tx1,all,1.0,8,9,68.69037032412672,-0.6943306591976027,0.5321757152736145
trackman_4ms,23,2.586,raw,loop_cross,tx1,even,-1.0,7,8,76.51871941015622,-1.1237231512681312,0.7653102971455444
trackman_4ms,23,2.586,raw,loop_cross,tx1,even,-0.5,7,8,76.50125595107289,-1.1237231512681312,0.7653102971455444
trackman_4ms,23,2.586,raw,loop_cross,tx1,even,0.0,8,9,70.37302224679993,-0.7574513358151843,0.46254546819404657
trackman_4ms,23,2.586,raw,loop_cross,tx1,even,0.5,8,9,70.34871818764697,-0.7574513358151843,0.46254546819404657
trackman_4ms,23,2.586,raw,loop_cross,tx1,even,1.0,8,9,70.32442148911647,-0.7574513358151843,0.46254546819404657
trackman_4ms,23,2.586,raw,loop_cross,tx1,odd,-1.0,7,8,74.68941351648822,-0.9840234641252023,0.9355347064854986
trackman_4ms,23,2.586,raw,loop_cross,tx1,odd,-0.5,7,8,74.66979544545508,-0.9840234641252023,0.9355347064854986
trackman_4ms,23,2.586,raw,loop_cross,tx1,odd,0.0,8,9,67.51103534624734,-0.6524784970054252,0.5926545469072941
trackman_4ms,23,2.586,raw,loop_cross,tx1,odd,0.5,8,9,67.4838872882203,-0.6524784970054252,0.5926545469072941
trackman_4ms,23,2.586,raw,loop_cross,tx1,odd,1.0,8,9,67.45674989084985,-0.6524784970054252,0.5926545469072941
trackman_4ms,23,2.586,raw,loop_cross,tx3,all,-1.0,7,8,-84.06496782134434,2.5913728576905672,0.09853592324660164
trackman_4ms,23,2.586,raw,loop_cross,tx3,all,-0.5,7,8,-84.0570448928971,2.5913728576905672,0.09853592324660164
trackman_4ms,23,2.586,raw,loop_cross,tx3,all,0.0,8,9,-18.368744371003103,0.08969274371771871,0.2517631461041933
trackman_4ms,23,2.586,raw,loop_cross,tx3,all,0.5,8,9,-18.34579388186238,0.08969274371771871,0.2517631461041933
trackman_4ms,23,2.586,raw,loop_cross,tx3,all,1.0,8,9,-18.322898705037513,0.08969274371771871,0.2517631461041933
trackman_4ms,23,2.586,raw,loop_cross,tx3,even,-1.0,7,8,84.92027040264736,-3.0306071417033977,0.14373888297985343
trackman_4ms,23,2.586,raw,loop_cross,tx3,even,-0.5,7,8,84.91347620976731,-3.0306071417033977,0.14373888297985343
trackman_4ms,23,2.586,raw,loop_cross,tx3,even,0.0,8,9,54.80909362827831,-0.38304604487396865,0.36061819161410896
trackman_4ms,23,2.586,raw,loop_cross,tx3,even,0.5,8,9,54.77292423718754,-0.38304604487396865,0.36061819161410896
trackman_4ms,23,2.586,raw,loop_cross,tx3,even,1.0,8,9,54.736787063280204,-0.38304604487396865,0.36061819161410896
trackman_4ms,23,2.586,raw,loop_cross,tx3,odd,-1.0,7,8,-81.54788303485768,1.8129187675300842,0.11862986275470325
trackman_4ms,23,2.586,raw,loop_cross,tx3,odd,-0.5,7,8,-81.53668313961877,1.8129187675300842,0.11862986275470325
trackman_4ms,23,2.586,raw,loop_cross,tx3,odd,0.0,8,9,-69.15245398838583,0.7093175454161372,0.2376901667630045
trackman_4ms,23,2.586,raw,loop_cross,tx3,odd,0.5,8,9,-69.12690563740333,0.7093175454161372,0.2376901667630045
trackman_4ms,23,2.586,raw,loop_cross,tx3,odd,1.0,8,9,-69.10136597163591,0.7093175454161372,0.2376901667630045
trackman_4ms,23,2.586,raw,loop_cross,fused,all,-1.0,7,8,76.25067732384817,-1.1009779323286597,0.410814828687552
trackman_4ms,23,2.586,raw,loop_cross,fused,all,-0.5,7,8,76.23289348424494,-1.1009779323286597,0.410814828687552
trackman_4ms,23,2.586,raw,loop_cross,fused,all,0.0,8,9,60.639294766881974,-0.4801522846331398,0.3800525441302019
trackman_4ms,23,2.586,raw,loop_cross,fused,all,0.5,8,9,60.60647344245367,-0.4801522846331398,0.3800525441302019
trackman_4ms,23,2.586,raw,loop_cross,fused,all,1.0,8,9,60.573673286822746,-0.4801522846331398,0.3800525441302019
trackman_4ms,23,2.586,raw,loop_cross,fused,even,-1.0,7,8,78.12613230988417,-1.2812610905881445,0.39710110737874416
trackman_4ms,23,2.586,raw,loop_cross,fused,even,-0.5,7,8,78.11062127083103,-1.2812610905881445,0.39710110737874416
trackman_4ms,23,2.586,raw,loop_cross,fused,even,0.0,8,9,66.15171392034209,-0.6110447866118824,0.4094476311884496
trackman_4ms,23,2.586,raw,loop_cross,fused,even,0.5,8,9,66.1233084067344,-0.6110447866118824,0.4094476311884496
trackman_4ms,23,2.586,raw,loop_cross,fused,even,1.0,8,9,66.09491535504408,-0.6110447866118824,0.4094476311884496
trackman_4ms,23,2.586,raw,loop_cross,fused,odd,-1.0,7,8,74.0108463059557,-0.9401594720620797,0.4362095713734622
trackman_4ms,23,2.586,raw,loop_cross,fused,odd,-0.5,7,8,73.99044890688836,-0.9401594720620797,0.4362095713734622
trackman_4ms,23,2.586,raw,loop_cross,fused,odd,0.0,8,9,52.7040107200376,-0.3546323473466343,0.3609959750588826
trackman_4ms,23,2.586,raw,loop_cross,fused,odd,0.5,8,9,52.66699418291846,-0.3546323473466343,0.3609959750588826
trackman_4ms,23,2.586,raw,loop_cross,fused,odd,1.0,8,9,52.6300140900148,-0.3546323473466343,0.3609959750588826
trackman_4ms,23,2.586,raw,coherent_cross,tx1,all,-1.0,7,8,83.98698723025059,-2.557523078130986,1.0
trackman_4ms,23,2.586,raw,coherent_cross,tx1,all,-0.5,7,8,83.97896172829756,-2.557523078130986,1.0
trackman_4ms,23,2.586,raw,coherent_cross,tx1,all,0.0,8,9,72.66611879166179,-0.8654469266611544,0.9999999999999999
trackman_4ms,23,2.586,raw,coherent_cross,tx1,all,0.5,8,9,72.64427001647734,-0.8654469266611544,0.9999999999999999
trackman_4ms,23,2.586,raw,coherent_cross,tx1,all,1.0,8,9,72.62242644788375,-0.8654469266611544,0.9999999999999999
trackman_4ms,23,2.586,raw,coherent_cross,tx1,even,-1.0,7,8,84.18464837286949,-2.645083120986739,1.0
trackman_4ms,23,2.586,raw,coherent_cross,tx1,even,-0.5,7,8,84.17688298304685,-2.645083120986739,1.0
trackman_4ms,23,2.586,raw,coherent_cross,tx1,even,0.0,8,9,62.52490405336866,-0.5194434080443676,0.9999999999999999
trackman_4ms,23,2.586,raw,coherent_cross,tx1,even,0.5,8,9,62.49346407145728,-0.5194434080443676,0.9999999999999999
trackman_4ms,23,2.586,raw,coherent_cross,tx1,even,1.0,8,9,62.46204204603422,-0.5194434080443676,0.9999999999999999
trackman_4ms,23,2.586,raw,coherent_cross,tx1,odd,-1.0,7,8,84.45667606274196,-2.7757601086032597,1.0
trackman_4ms,23,2.586,raw,coherent_cross,tx1,odd,-0.5,7,8,84.44926925079893,-2.7757601086032597,1.0
trackman_4ms,23,2.586,raw,coherent_cross,tx1,odd,0.0,8,9,64.87063018873882,-0.5758720303616847,1.0
trackman_4ms,23,2.586,raw,coherent_cross,tx1,odd,0.5,8,9,64.84109815220003,-0.5758720303616847,1.0
trackman_4ms,23,2.586,raw,coherent_cross,tx1,odd,1.0,8,9,64.81158040768631,-0.5758720303616847,1.0
trackman_4ms,23,2.586,raw,coherent_cross,tx3,all,-1.0,7,8,80.831098429567,-1.669026902376391,1.0000000000000002
trackman_4ms,23,2.586,raw,coherent_cross,tx3,all,-0.5,7,8,80.81898010707451,-1.669026902376391,1.0000000000000002
trackman_4ms,23,2.586,raw,coherent_cross,tx3,all,0.0,8,9,21.182613006740812,-0.10467766284832744,1.0
trackman_4ms,23,2.586,raw,coherent_cross,tx3,all,0.5,8,9,21.15675672018938,-0.10467766284832744,1.0
trackman_4ms,23,2.586,raw,coherent_cross,tx3,all,1.0,8,9,21.130960593914796,-0.10467766284832744,1.0
trackman_4ms,23,2.586,raw,coherent_cross,tx3,even,-1.0,7,8,62.57739990062138,-0.5192119458215438,1.0000000000000002
trackman_4ms,23,2.586,raw,coherent_cross,tx3,even,-0.5,7,8,62.54591594208346,-0.5192119458215438,1.0000000000000002
trackman_4ms,23,2.586,raw,coherent_cross,tx3,even,0.0,8,9,57.14569277843359,-0.4182702329669726,1.0000000000000002
trackman_4ms,23,2.586,raw,coherent_cross,tx3,even,0.5,8,9,57.11069221794995,-0.4182702329669726,1.0000000000000002
trackman_4ms,23,2.586,raw,coherent_cross,tx3,even,1.0,8,9,57.07571928825162,-0.4182702329669726,1.0000000000000002
trackman_4ms,23,2.586,raw,coherent_cross,tx3,odd,-1.0,7,8,81.70998311049044,-1.8488824853256607,1.0
trackman_4ms,23,2.586,raw,coherent_cross,tx3,odd,-0.5,7,8,81.69899191121716,-1.8488824853256607,1.0
trackman_4ms,23,2.586,raw,coherent_cross,tx3,odd,0.0,8,9,-68.05543416227724,0.670432870256771,1.0
trackman_4ms,23,2.586,raw,coherent_cross,tx3,odd,0.5,8,9,-68.02880703228496,0.670432870256771,1.0
trackman_4ms,23,2.586,raw,coherent_cross,tx3,odd,1.0,8,9,-68.00218988328662,0.670432870256771,1.0
trackman_4ms,23,2.586,raw,coherent_cross,fused,all,-1.0,7,8,82.25463978259941,-1.9806685111776672,0.9109314745960917
trackman_4ms,23,2.586,raw,coherent_cross,fused,all,-0.5,7,8,82.24435234627124,-1.9806685111776672,0.9109314745960917
trackman_4ms,23,2.586,raw,coherent_cross,fused,all,0.0,8,9,54.13262686852369,-0.37360140526758634,0.9343196670659817
trackman_4ms,23,2.586,raw,coherent_cross,fused,all,0.5,8,9,54.09616370752732,-0.37360140526758634,0.9343196670659817
trackman_4ms,23,2.586,raw,coherent_cross,fused,all,1.0,8,9,54.05973411590821,-0.37360140526758634,0.9343196670659817
trackman_4ms,23,2.586,raw,coherent_cross,fused,even,-1.0,7,8,78.30358330919003,-1.3012632406451443,0.5061445627210818
trackman_4ms,23,2.586,raw,coherent_cross,fused,even,-0.5,7,8,78.28829091949292,-1.3012632406451443,0.5061445627210818
trackman_4ms,23,2.586,raw,coherent_cross,fused,even,0.0,8,9,59.483197344619356,-0.4582623802877098,0.9987768233227842
trackman_4ms,23,2.586,raw,coherent_cross,fused,even,0.5,8,9,59.44959910500525,-0.4582623802877098,0.9987768233227842
trackman_4ms,23,2.586,raw,coherent_cross,fused,even,1.0,8,9,59.416024106748715,-0.4582623802877098,0.9987768233227842
trackman_4ms,23,2.586,raw,coherent_cross,fused,odd,-1.0,7,8,82.92477269098471,-2.170473264118801,0.9035958813489512
trackman_4ms,23,2.586,raw,coherent_cross,fused,odd,-0.5,7,8,82.91535623318043,-2.170473264118801,0.9035958813489512
trackman_4ms,23,2.586,raw,coherent_cross,fused,odd,0.0,8,9,-42.04278383745185,0.2435810146784898,0.827943528849352
trackman_4ms,23,2.586,raw,coherent_cross,fused,odd,0.5,8,9,-42.00460108345371,0.2435810146784898,0.827943528849352
trackman_4ms,23,2.586,raw,coherent_cross,fused,odd,1.0,8,9,-41.96647475710215,0.2435810146784898,0.827943528849352
trackman_4ms,23,2.586,mti,loop_cross,tx1,all,-1.0,7,8,-70.47801347306188,0.7598178532374767,0.8615264615074558
trackman_4ms,23,2.586,mti,loop_cross,tx1,all,-0.5,7,8,-70.45375348888561,0.7598178532374767,0.8615264615074558
trackman_4ms,23,2.586,mti,loop_cross,tx1,all,0.0,8,9,-15.254860836014869,0.07366730028506975,0.9779916842980784
trackman_4ms,23,2.586,mti,loop_cross,tx1,all,0.5,8,9,-15.235382198611365,0.07366730028506975,0.9779916842980784
trackman_4ms,23,2.586,mti,loop_cross,tx1,all,1.0,8,9,-15.215952068021629,0.07366730028506975,0.9779916842980784
trackman_4ms,23,2.586,mti,loop_cross,tx1,even,-1.0,7,8,-70.02073515964648,0.7409876184440932,0.858597164596886
trackman_4ms,23,2.586,mti,loop_cross,tx1,even,-0.5,7,8,-69.99600100512755,0.7409876184440932,0.858597164596886
trackman_4ms,23,2.586,mti,loop_cross,tx1,even,0.0,8,9,-1.9785429626694566,0.009331455999328457,0.9874067900973552
trackman_4ms,23,2.586,mti,loop_cross,tx1,even,0.5,8,9,-1.9758954831535287,0.009331455999328457,0.9874067900973552
trackman_4ms,23,2.586,mti,loop_cross,tx1,even,1.0,8,9,-1.9732550765330008,0.009331455999328457,0.9874067900973552
trackman_4ms,23,2.586,mti,loop_cross,tx1,odd,-1.0,7,8,-70.8416701387932,0.7754089347108549,0.8641996254519599
trackman_4ms,23,2.586,mti,loop_cross,tx1,odd,-0.5,7,8,-70.81779167005986,0.7754089347108549,0.8641996254519599
trackman_4ms,23,2.586,mti,loop_cross,tx1,odd,0.0,8,9,-25.51938321196626,0.12895197262972397,0.9732332697727084
trackman_4ms,23,2.586,mti,loop_cross,tx1,odd,0.5,8,9,-25.48954500820805,0.12895197262972397,0.9732332697727084
trackman_4ms,23,2.586,mti,loop_cross,tx1,odd,1.0,8,9,-25.459771849280653,0.12895197262972397,0.9732332697727084
trackman_4ms,23,2.586,mti,loop_cross,tx3,all,-1.0,7,8,69.27129188528303,-0.7118510927087016,0.8584569332324359
trackman_4ms,23,2.586,mti,loop_cross,tx3,all,-0.5,7,8,69.24579430640206,-0.7118510927087016,0.8584569332324359
trackman_4ms,23,2.586,mti,loop_cross,tx3,all,0.0,8,9,53.02366016205631,-0.35876713889186895,0.9386483405853631
trackman_4ms,23,2.586,mti,loop_cross,tx3,all,0.5,8,9,52.98675948962527,-0.35876713889186895,0.9386483405853631
trackman_4ms,23,2.586,mti,loop_cross,tx3,all,1.0,8,9,52.94989461674116,-0.35876713889186895,0.9386483405853631
trackman_4ms,23,2.586,mti,loop_cross,tx3,even,-1.0,7,8,67.68217681418143,-0.6562683713713506,0.8621138973065552
trackman_4ms,23,2.586,mti,loop_cross,tx3,even,-0.5,7,8,67.65511891723975,-0.6562683713713506,0.8621138973065552
trackman_4ms,23,2.586,mti,loop_cross,tx3,even,0.0,8,9,56.731736673386216,-0.41171249116111575,0.9818049003171263
trackman_4ms,23,2.586,mti,loop_cross,tx3,even,0.5,8,9,56.696511823023805,-0.41171249116111575,0.9818049003171263
trackman_4ms,23,2.586,mti,loop_cross,tx3,even,1.0,8,9,56.6613154039645,-0.41171249116111575,0.9818049003171263
trackman_4ms,23,2.586,mti,loop_cross,tx3,odd,-1.0,7,8,70.61260897908751,-0.7655228079783691,0.8574580798529264
trackman_4ms,23,2.586,mti,loop_cross,tx3,odd,-0.5,7,8,70.58848974713013,-0.7655228079783691,0.8574580798529264
trackman_4ms,23,2.586,mti,loop_cross,tx3,odd,0.0,8,9,48.56733395099486,-0.3060370701811328,0.9016861602714632
trackman_4ms,23,2.586,mti,loop_cross,tx3,odd,0.5,8,9,48.52923829076485,-0.3060370701811328,0.9016861602714632
trackman_4ms,23,2.586,mti,loop_cross,tx3,odd,1.0,8,9,48.491187351381264,-0.3060370701811328,0.9016861602714632
trackman_4ms,23,2.586,mti,loop_cross,fused,all,-1.0,7,8,-8.869579073217297,0.04203941325299359,0.6376114200707366
trackman_4ms,23,2.586,mti,loop_cross,fused,all,-0.5,7,8,-8.857858395401124,0.04203941325299359,0.6376114200707366
trackman_4ms,23,2.586,mti,loop_cross,fused,all,0.0,8,9,27.10678835955345,-0.1382668648297923,0.9359953004432028
trackman_4ms,23,2.586,mti,loop_cross,fused,all,0.5,8,9,27.075658703037234,-0.1382668648297923,0.9359953004432028
trackman_4ms,23,2.586,mti,loop_cross,fused,all,1.0,8,9,27.04459507807705,-0.1382668648297923,0.9359953004432028
trackman_4ms,23,2.586,mti,loop_cross,fused,even,-1.0,7,8,-5.1868278968761095,0.02445431126238849,0.658927606771517
trackman_4ms,23,2.586,mti,loop_cross,fused,even,-0.5,7,8,-5.179901175252826,0.02445431126238849,0.658927606771517
trackman_4ms,23,2.586,mti,loop_cross,fused,even,0.0,8,9,37.21742312635294,-0.20516038617127635,0.9628165997415017
trackman_4ms,23,2.586,mti,loop_cross,fused,even,0.5,8,9,37.18044793861735,-0.20516038617127635,0.9628165997415017
trackman_4ms,23,2.586,mti,loop_cross,fused,even,1.0,8,9,37.14353556135451,-0.20516038617127635,0.9628165997415017
trackman_4ms,23,2.586,mti,loop_cross,fused,odd,-1.0,7,8,-12.307596823871277,0.058774763442585407,0.6187401107042628
trackman_4ms,23,2.586,mti,loop_cross,fused,odd,-0.5,7,8,-12.291573469821333,0.058774763442585407,0.6187401107042628
trackman_4ms,23,2.586,mti,loop_cross,fused,odd,0.0,8,9,15.788619906439491,-0.07637780909460196,0.9160332169907885
trackman_4ms,23,2.586,mti,loop_cross,fused,odd,0.5,8,9,15.768528678920443,-0.07637780909460196,0.9160332169907885
trackman_4ms,23,2.586,mti,loop_cross,fused,odd,1.0,8,9,15.748487226448235,-0.07637780909460196,0.9160332169907885
trackman_4ms,23,2.586,mti,coherent_cross,tx1,all,-1.0,7,8,-74.71885980886005,0.9860129238598263,1.0000000000000002
trackman_4ms,23,2.586,mti,coherent_cross,tx1,all,-0.5,7,8,-74.69927580939942,0.9860129238598263,1.0000000000000002
trackman_4ms,23,2.586,mti,coherent_cross,tx1,all,0.0,8,9,-0.887807638522452,0.004185861839395408,1.0000000000000002
trackman_4ms,23,2.586,mti,coherent_cross,tx1,all,0.5,8,9,-0.8866189139561433,0.004185861839395408,1.0000000000000002
trackman_4ms,23,2.586,mti,coherent_cross,tx1,all,1.0,8,9,-0.8854333681511053,0.004185861839395408,1.0000000000000002
trackman_4ms,23,2.586,mti,coherent_cross,tx1,even,-1.0,7,8,-69.36214407425794,0.7152752707339458,1.0000000000000002
trackman_4ms,23,2.586,mti,coherent_cross,tx1,even,-0.5,7,8,-69.33673812191373,0.7152752707339458,1.0000000000000002
trackman_4ms,23,2.586,mti,coherent_cross,tx1,even,0.0,8,9,-72.39739744800704,0.8513863495936967,1.0
trackman_4ms,23,2.586,mti,coherent_cross,tx1,even,0.5,8,9,-72.3752533843476,0.8513863495936967,1.0
trackman_4ms,23,2.586,mti,coherent_cross,tx1,even,1.0,8,9,-72.35311475725247,0.8513863495936967,1.0
trackman_4ms,23,2.586,mti,coherent_cross,tx1,odd,-1.0,7,8,-76.20142495264047,1.0968928173013062,0.9999999999999999
trackman_4ms,23,2.586,mti,coherent_cross,tx1,odd,-0.5,7,8,-76.18358241233922,1.0968928173013062,0.9999999999999999
trackman_4ms,23,2.586,mti,coherent_cross,tx1,odd,0.0,8,9,12.756049444549705,-0.061151494560519694,0.9999999999999998
trackman_4ms,23,2.586,mti,coherent_cross,tx1,odd,0.5,8,9,12.739524908037883,-0.061151494560519694,0.9999999999999998
trackman_4ms,23,2.586,mti,coherent_cross,tx1,odd,1.0,8,9,12.723042423665763,-0.061151494560519694,0.9999999999999998
trackman_4ms,23,2.586,mti,coherent_cross,tx3,all,-1.0,7,8,50.503172174196216,-0.3268376677932932,1.0
trackman_4ms,23,2.586,mti,coherent_cross,tx3,all,-0.5,7,8,50.4653824555447,-0.3268376677932932,1.0
trackman_4ms,23,2.586,mti,coherent_cross,tx3,all,0.0,8,9,-53.77721136596982,0.36876191446853457,1.0
trackman_4ms,23,2.586,mti,coherent_cross,tx3,all,0.5,8,9,-53.740602000337354,0.36876191446853457,1.0
trackman_4ms,23,2.586,mti,coherent_cross,tx3,all,1.0,8,9,-53.70402691737424,0.36876191446853457,1.0
trackman_4ms,23,2.586,mti,coherent_cross,tx3,even,-1.0,7,8,-36.968978196934486,0.20277419247540227,1.0
trackman_4ms,23,2.586,mti,coherent_cross,tx3,even,-0.5,7,8,-36.93199482389138,0.20277419247540227,1.0
trackman_4ms,23,2.586,mti,coherent_cross,tx3,even,0.0,8,9,69.90578298822128,-0.7383636491533914,1.0
trackman_4ms,23,2.586,mti,coherent_cross,tx3,even,0.5,8,9,69.88099726435293,-0.7383636491533914,1.0
trackman_4ms,23,2.586,mti,coherent_cross,tx3,even,1.0,8,9,69.85621939353673,-0.7383636491533914,1.0
trackman_4ms,23,2.586,mti,coherent_cross,tx3,odd,-1.0,7,8,63.49605815343794,-0.5402272765694015,1.0
trackman_4ms,23,2.586,mti,coherent_cross,tx3,odd,-0.5,7,8,63.46530072784477,-0.5402272765694015,1.0
trackman_4ms,23,2.586,mti,coherent_cross,tx3,odd,0.0,8,9,18.369275104964505,-0.08969552172291866,1.0
trackman_4ms,23,2.586,mti,coherent_cross,tx3,odd,0.5,8,9,18.346324046008558,-0.08969552172291866,1.0
trackman_4ms,23,2.586,mti,coherent_cross,tx3,odd,1.0,8,9,18.323428300402725,-0.08969552172291866,1.0
trackman_4ms,23,2.586,mti,coherent_cross,fused,all,-1.0,7,8,-52.54675448297526,0.35167464624702727,0.7923721568654298
trackman_4ms,23,2.586,mti,coherent_cross,fused,all,-0.5,7,8,-52.50958299480213,0.35167464624702727,0.7923721568654298
trackman_4ms,23,2.586,mti,coherent_cross,fused,all,0.0,8,9,-24.835046153443887,0.1250126977605321,0.9852918669300584
trackman_4ms,23,2.586,mti,coherent_cross,fused,all,0.5,8,9,-24.80579316062484,0.1250126977605321,0.9852918669300584
trackman_4ms,23,2.586,mti,coherent_cross,fused,all,1.0,8,9,-24.77660465466599,0.1250126977605321,0.9852918669300584
trackman_4ms,23,2.586,mti,coherent_cross,fused,even,-1.0,7,8,-60.23281713550018,0.47101344073393553,0.9674166185277898
trackman_4ms,23,2.586,mti,coherent_cross,fused,even,-0.5,7,8,-60.19962750474259,0.47101344073393553,0.9674166185277898
trackman_4ms,23,2.586,mti,coherent_cross,fused,even,0.0,8,9,35.69027152704296,-0.194030096109226,0.7229455664053415
trackman_4ms,23,2.586,mti,coherent_cross,fused,even,0.5,8,9,35.65389888231232,-0.194030096109226,0.7229455664053415
trackman_4ms,23,2.586,mti,coherent_cross,fused,even,1.0,8,9,35.61759049982057,-0.194030096109226,0.7229455664053415
trackman_4ms,23,2.586,mti,coherent_cross,fused,odd,-1.0,7,8,-53.622562755844484,0.3656982660257199,0.6858892544766911
trackman_4ms,23,2.586,mti,coherent_cross,fused,odd,-0.5,7,8,-53.58579296601576,0.3656982660257199,0.6858892544766911
trackman_4ms,23,2.586,mti,coherent_cross,fused,odd,0.0,8,9,15.239222563978633,-0.07358809674075636,0.9998998407412251
trackman_4ms,23,2.586,mti,coherent_cross,fused,odd,0.5,8,9,15.219761977288682,-0.07358809674075636,0.9998998407412251
trackman_4ms,23,2.586,mti,coherent_cross,fused,odd,1.0,8,9,15.200349859645994,-0.07358809674075636,0.9998998407412251
trackman_4ms,24,0.279,raw,loop_cross,tx1,all,-1.0,2,3,78.63926964916665,-1.3568985300617509,0.4988273699547959
trackman_4ms,24,0.279,raw,loop_cross,tx1,all,-0.5,2,3,78.63926964916665,-1.3568985300617509,0.4988273699547959
trackman_4ms,24,0.279,raw,loop_cross,tx1,all,0.0,3,4,71.76846697697577,-0.8276765811026359,0.5546492652801098
trackman_4ms,24,0.279,raw,loop_cross,tx1,all,0.5,3,4,71.76846697697577,-0.8276765811026359,0.5546492652801098
trackman_4ms,24,0.279,raw,loop_cross,tx1,all,1.0,3,4,71.76846697697577,-0.8276765811026359,0.5546492652801098
trackman_4ms,24,0.279,raw,loop_cross,tx1,even,-1.0,2,3,78.63748284457391,-1.356679454393458,0.5371796189063376
trackman_4ms,24,0.279,raw,loop_cross,tx1,even,-0.5,2,3,78.63748284457391,-1.356679454393458,0.5371796189063376
trackman_4ms,24,0.279,raw,loop_cross,tx1,even,0.0,3,4,70.30916555509978,-0.76181299830644,0.6334021966485213
trackman_4ms,24,0.279,raw,loop_cross,tx1,even,0.5,3,4,70.30916555509978,-0.76181299830644,0.6334021966485213
trackman_4ms,24,0.279,raw,loop_cross,tx1,even,1.0,3,4,70.30916555509978,-0.76181299830644,0.6334021966485213
trackman_4ms,24,0.279,raw,loop_cross,tx1,odd,-1.0,2,3,78.64134333012493,-1.3571528642042956,0.4606462184209341
trackman_4ms,24,0.279,raw,loop_cross,tx1,odd,-0.5,2,3,78.64134333012493,-1.3571528642042956,0.4606462184209341
trackman_4ms,24,0.279,raw,loop_cross,tx1,odd,0.0,3,4,73.48383599620259,-0.9194344525692397,0.4757378587359926
trackman_4ms,24,0.279,raw,loop_cross,tx1,odd,0.5,3,4,73.48383599620259,-0.9194344525692397,0.4757378587359926
trackman_4ms,24,0.279,raw,loop_cross,tx1,odd,1.0,3,4,73.48383599620259,-0.9194344525692397,0.4757378587359926
trackman_4ms,24,0.279,raw,loop_cross,tx3,all,-1.0,2,3,-72.1106562657601,0.8446190728361641,0.48278245920767443
trackman_4ms,24,0.279,raw,loop_cross,tx3,all,-0.5,2,3,-72.1106562657601,0.8446190728361641,0.48278245920767443
trackman_4ms,24,0.279,raw,loop_cross,tx3,all,0.0,3,4,-65.59691993816448,0.6009259696811398,0.3450545303438366
trackman_4ms,24,0.279,raw,loop_cross,tx3,all,0.5,3,4,-65.59691993816448,0.6009259696811398,0.3450545303438366
trackman_4ms,24,0.279,raw,loop_cross,tx3,all,1.0,3,4,-65.59691993816448,0.6009259696811398,0.3450545303438366
trackman_4ms,24,0.279,raw,loop_cross,tx3,even,-1.0,2,3,-70.60515477409528,0.7744002309092946,0.4006584328172472
trackman_4ms,24,0.279,raw,loop_cross,tx3,even,-0.5,2,3,-70.60515477409528,0.7744002309092946,0.4006584328172472
trackman_4ms,24,0.279,raw,loop_cross,tx3,even,0.0,3,4,-76.11260766121381,1.1026914691401868,0.27245462998546344
trackman_4ms,24,0.279,raw,loop_cross,tx3,even,0.5,3,4,-76.11260766121381,1.1026914691401868,0.27245462998546344
trackman_4ms,24,0.279,raw,loop_cross,tx3,even,1.0,3,4,-76.11260766121381,1.1026914691401868,0.27245462998546344
trackman_4ms,24,0.279,raw,loop_cross,tx3,odd,-1.0,2,3,-73.04931379540922,0.8944888235446653,0.5670627189273962
trackman_4ms,24,0.279,raw,loop_cross,tx3,odd,-0.5,2,3,-73.04931379540922,0.8944888235446653,0.5670627189273962
trackman_4ms,24,0.279,raw,loop_cross,tx3,odd,0.0,3,4,-47.01370056422452,0.29250121602020335,0.488164188288347
trackman_4ms,24,0.279,raw,loop_cross,tx3,odd,0.5,3,4,-47.01370056422452,0.29250121602020335,0.488164188288347
trackman_4ms,24,0.279,raw,loop_cross,tx3,odd,1.0,3,4,-47.01370056422452,0.29250121602020335,0.488164188288347
trackman_4ms,24,0.279,raw,loop_cross,fused,all,-1.0,2,3,54.060546778588936,-0.376079564620897,0.22406821152316775
trackman_4ms,24,0.279,raw,loop_cross,fused,all,-0.5,2,3,54.060546778588936,-0.376079564620897,0.22406821152316775
trackman_4ms,24,0.279,raw,loop_cross,fused,all,0.0,3,4,50.89264652119288,-0.3353844903725689,0.3508044346728284
trackman_4ms,24,0.279,raw,loop_cross,fused,all,0.5,3,4,50.89264652119288,-0.3353844903725689,0.3508044346728284
trackman_4ms,24,0.279,raw,loop_cross,fused,all,1.0,3,4,50.89264652119288,-0.3353844903725689,0.3508044346728284
trackman_4ms,24,0.279,raw,loop_cross,fused,even,-1.0,2,3,66.15684388668649,-0.6168785268046197,0.24104903401183891
trackman_4ms,24,0.279,raw,loop_cross,fused,even,-0.5,2,3,66.15684388668649,-0.6168785268046197,0.24104903401183891
trackman_4ms,24,0.279,raw,loop_cross,fused,even,0.0,3,4,50.54788210821479,-0.33129162089646924,0.3091838375186647
trackman_4ms,24,0.279,raw,loop_cross,fused,even,0.5,3,4,50.54788210821479,-0.33129162089646924,0.3091838375186647
trackman_4ms,24,0.279,raw,loop_cross,fused,even,1.0,3,4,50.54788210821479,-0.33129162089646924,0.3091838375186647
trackman_4ms,24,0.279,raw,loop_cross,fused,odd,-1.0,2,3,22.62370201158824,-0.11361770401924194,0.22162883106155523
trackman_4ms,24,0.279,raw,loop_cross,fused,odd,-0.5,2,3,22.62370201158824,-0.11361770401924194,0.22162883106155523
trackman_4ms,24,0.279,raw,loop_cross,fused,odd,0.0,3,4,51.18105619282729,-0.3388551687956833,0.39601499731057693
trackman_4ms,24,0.279,raw,loop_cross,fused,odd,0.5,3,4,51.18105619282729,-0.3388551687956833,0.39601499731057693
trackman_4ms,24,0.279,raw,loop_cross,fused,odd,1.0,3,4,51.18105619282729,-0.3388551687956833,0.39601499731057693
trackman_4ms,24,0.279,raw,coherent_cross,tx1,all,-1.0,2,3,72.16402121906124,-0.8473179250462627,1.0
trackman_4ms,24,0.279,raw,coherent_cross,tx1,all,-0.5,2,3,72.16402121906124,-0.8473179250462627,1.0
trackman_4ms,24,0.279,raw,coherent_cross,tx1,all,0.0,3,4,-84.81421293729156,3.0039667258765683,1.0
trackman_4ms,24,0.279,raw,coherent_cross,tx1,all,0.5,3,4,-84.81421293729156,3.0039667258765683,1.0
trackman_4ms,24,0.279,raw,coherent_cross,tx1,all,1.0,3,4,-84.81421293729156,3.0039667258765683,1.0
trackman_4ms,24,0.279,raw,coherent_cross,tx1,even,-1.0,2,3,72.44379025605025,-0.8617265510843478,1.0000000000000002
trackman_4ms,24,0.279,raw,coherent_cross,tx1,even,-0.5,2,3,72.44379025605025,-0.8617265510843478,1.0000000000000002
trackman_4ms,24,0.279,raw,coherent_cross,tx1,even,0.0,3,4,-84.24490982228302,2.705090611039657,0.9999999999999999
trackman_4ms,24,0.279,raw,coherent_cross,tx1,even,0.5,3,4,-84.24490982228302,2.705090611039657,0.9999999999999999
trackman_4ms,24,0.279,raw,coherent_cross,tx1,even,1.0,3,4,-84.24490982228302,2.705090611039657,0.9999999999999999
trackman_4ms,24,0.279,raw,coherent_cross,tx1,odd,-1.0,2,3,72.16663796369794,-0.8474506648512037,1.0
trackman_4ms,24,0.279,raw,coherent_cross,tx1,odd,-0.5,2,3,72.16663796369794,-0.8474506648512037,1.0
trackman_4ms,24,0.279,raw,coherent_cross,tx1,odd,0.0,3,4,84.76489824983058,-2.9755134712480804,0.9999999999999999
trackman_4ms,24,0.279,raw,coherent_cross,tx1,odd,0.5,3,4,84.76489824983058,-2.9755134712480804,0.9999999999999999
trackman_4ms,24,0.279,raw,coherent_cross,tx1,odd,1.0,3,4,84.76489824983058,-2.9755134712480804,0.9999999999999999
trackman_4ms,24,0.279,raw,coherent_cross,tx3,all,-1.0,2,3,27.102567923327353,-0.13952778176252992,1.0
trackman_4ms,24,0.279,raw,coherent_cross,tx3,all,-0.5,2,3,27.102567923327353,-0.13952778176252992,1.0
trackman_4ms,24,0.279,raw,coherent_cross,tx3,all,0.0,3,4,-79.29901879325455,1.4427236962684749,0.9999999999999999
trackman_4ms,24,0.279,raw,coherent_cross,tx3,all,0.5,3,4,-79.29901879325455,1.4427236962684749,0.9999999999999999
trackman_4ms,24,0.279,raw,coherent_cross,tx3,all,1.0,3,4,-79.29901879325455,1.4427236962684749,0.9999999999999999
trackman_4ms,24,0.279,raw,coherent_cross,tx3,even,-1.0,2,3,9.284194477130423,-0.044567827637870504,1.0
trackman_4ms,24,0.279,raw,coherent_cross,tx3,even,-0.5,2,3,9.284194477130423,-0.044567827637870504,1.0
trackman_4ms,24,0.279,raw,coherent_cross,tx3,even,0.0,3,4,-78.03014381507181,1.285954662865256,1.0
trackman_4ms,24,0.279,raw,coherent_cross,tx3,even,0.5,3,4,-78.03014381507181,1.285954662865256,1.0
trackman_4ms,24,0.279,raw,coherent_cross,tx3,even,1.0,3,4,-78.03014381507181,1.285954662865256,1.0
trackman_4ms,24,0.279,raw,coherent_cross,tx3,odd,-1.0,2,3,44.88027427331981,-0.27149405177400054,0.9999999999999998
trackman_4ms,24,0.279,raw,coherent_cross,tx3,odd,-0.5,2,3,44.88027427331981,-0.27149405177400054,0.9999999999999998
trackman_4ms,24,0.279,raw,coherent_cross,tx3,odd,0.0,3,4,-80.02575539626513,1.5502422221155345,1.0
trackman_4ms,24,0.279,raw,coherent_cross,tx3,odd,0.5,3,4,-80.02575539626513,1.5502422221155345,1.0
trackman_4ms,24,0.279,raw,coherent_cross,tx3,odd,1.0,3,4,-80.02575539626513,1.5502422221155345,1.0
trackman_4ms,24,0.279,raw,coherent_cross,fused,all,-1.0,2,3,62.81862134313505,-0.530907018763072,0.9386893602919856
trackman_4ms,24,0.279,raw,coherent_cross,fused,all,-0.5,2,3,62.81862134313505,-0.530907018763072,0.9386893602919856
trackman_4ms,24,0.279,raw,coherent_cross,fused,all,0.0,3,4,-82.81136971008507,2.161546541395413,0.7118351457296562
trackman_4ms,24,0.279,raw,coherent_cross,fused,all,0.5,3,4,-82.81136971008507,2.161546541395413,0.7118351457296562
trackman_4ms,24,0.279,raw,coherent_cross,fused,all,1.0,3,4,-82.81136971008507,2.161546541395413,0.7118351457296562
trackman_4ms,24,0.279,raw,coherent_cross,fused,even,-1.0,2,3,61.4281643486665,-0.5006261119141835,0.9187214953984408
trackman_4ms,24,0.279,raw,coherent_cross,fused,even,-0.5,2,3,61.4281643486665,-0.5006261119141835,0.9187214953984408
trackman_4ms,24,0.279,raw,coherent_cross,fused,even,0.0,3,4,-81.79533569382814,1.890838117121026,0.7628194097687313
trackman_4ms,24,0.279,raw,coherent_cross,fused,even,0.5,3,4,-81.79533569382814,1.890838117121026,0.7628194097687313
trackman_4ms,24,0.279,raw,coherent_cross,fused,even,1.0,3,4,-81.79533569382814,1.890838117121026,0.7628194097687313
trackman_4ms,24,0.279,raw,coherent_cross,fused,odd,-1.0,2,3,65.0806970877869,-0.5868155922495205,0.9591785683346862
trackman_4ms,24,0.279,raw,coherent_cross,fused,odd,-0.5,2,3,65.0806970877869,-0.5868155922495205,0.9591785683346862
trackman_4ms,24,0.279,raw,coherent_cross,fused,odd,0.0,3,4,-83.61100079199069,2.434780678319103,0.6381519874078234
trackman_4ms,24,0.279,raw,coherent_cross,fused,odd,0.5,3,4,-83.61100079199069,2.434780678319103,0.6381519874078234
trackman_4ms,24,0.279,raw,coherent_cross,fused,odd,1.0,3,4,-83.61100079199069,2.434780678319103,0.6381519874078234
trackman_4ms,24,0.279,mti,loop_cross,tx1,all,-1.0,2,3,-63.16243906200147,0.5388397380024659,0.9143215747467301
trackman_4ms,24,0.279,mti,loop_cross,tx1,all,-0.5,2,3,-63.16243906200147,0.5388397380024659,0.9143215747467301
trackman_4ms,24,0.279,mti,loop_cross,tx1,all,0.0,3,4,-46.260142063836014,0.2848950613822437,0.9896525555673218
trackman_4ms,24,0.279,mti,loop_cross,tx1,all,0.5,3,4,-46.260142063836014,0.2848950613822437,0.9896525555673218
trackman_4ms,24,0.279,mti,loop_cross,tx1,all,1.0,3,4,-46.260142063836014,0.2848950613822437,0.9896525555673218
trackman_4ms,24,0.279,mti,loop_cross,tx1,even,-1.0,2,3,-67.55065428691549,0.6598389749249808,0.9282784367636628
trackman_4ms,24,0.279,mti,loop_cross,tx1,even,-0.5,2,3,-67.55065428691549,0.6598389749249808,0.9282784367636628
trackman_4ms,24,0.279,mti,loop_cross,tx1,even,0.0,3,4,-51.188364652731885,0.3389436812340923,0.9979879364717522
trackman_4ms,24,0.279,mti,loop_cross,tx1,even,0.5,3,4,-51.188364652731885,0.3389436812340923,0.9979879364717522
trackman_4ms,24,0.279,mti,loop_cross,tx1,even,1.0,3,4,-51.188364652731885,0.3389436812340923,0.9979879364717522
trackman_4ms,24,0.279,mti,loop_cross,tx1,odd,-1.0,2,3,-56.04956364426745,0.40494735016038175,0.9146949080627846
trackman_4ms,24,0.279,mti,loop_cross,tx1,odd,-0.5,2,3,-56.04956364426745,0.40494735016038175,0.9146949080627846
trackman_4ms,24,0.279,mti,loop_cross,tx1,odd,0.0,3,4,-39.07809927587516,0.22138827180226592,0.983671266208822
trackman_4ms,24,0.279,mti,loop_cross,tx1,odd,0.5,3,4,-39.07809927587516,0.22138827180226592,0.983671266208822
trackman_4ms,24,0.279,mti,loop_cross,tx1,odd,1.0,3,4,-39.07809927587516,0.22138827180226592,0.983671266208822
trackman_4ms,24,0.279,mti,loop_cross,tx3,all,-1.0,2,3,69.50553714706307,-0.7293997797073949,0.8919697732421316
trackman_4ms,24,0.279,mti,loop_cross,tx3,all,-0.5,2,3,69.50553714706307,-0.7293997797073949,0.8919697732421316
trackman_4ms,24,0.279,mti,loop_cross,tx3,all,0.0,3,4,54.12369065700314,-0.3769530834005059,0.9613411695623205
trackman_4ms,24,0.279,mti,loop_cross,tx3,all,0.5,3,4,54.12369065700314,-0.3769530834005059,0.9613411695623205
trackman_4ms,24,0.279,mti,loop_cross,tx3,all,1.0,3,4,54.12369065700314,-0.3769530834005059,0.9613411695623205
trackman_4ms,24,0.279,mti,loop_cross,tx3,even,-1.0,2,3,69.87541226146523,-0.7440099147205621,0.8202447246831072
trackman_4ms,24,0.279,mti,loop_cross,tx3,even,-0.5,2,3,69.87541226146523,-0.7440099147205621,0.8202447246831072
trackman_4ms,24,0.279,mti,loop_cross,tx3,even,0.0,3,4,50.98798587146848,-0.3365270153537719,0.943681188413576
trackman_4ms,24,0.279,mti,loop_cross,tx3,even,0.5,3,4,50.98798587146848,-0.3365270153537719,0.943681188413576
trackman_4ms,24,0.279,mti,loop_cross,tx3,even,1.0,3,4,50.98798587146848,-0.3365270153537719,0.943681188413576
trackman_4ms,24,0.279,mti,loop_cross,tx3,odd,-1.0,2,3,69.16332329201703,-0.7163246998138487,0.9678885548999159
trackman_4ms,24,0.279,mti,loop_cross,tx3,odd,-0.5,2,3,69.16332329201703,-0.7163246998138487,0.9678885548999159
trackman_4ms,24,0.279,mti,loop_cross,tx3,odd,0.0,3,4,57.11601904066198,-0.42168192110358077,0.983578486637746
trackman_4ms,24,0.279,mti,loop_cross,tx3,odd,0.5,3,4,57.11601904066198,-0.42168192110358077,0.983578486637746
trackman_4ms,24,0.279,mti,loop_cross,tx3,odd,1.0,3,4,57.11601904066198,-0.42168192110358077,0.983578486637746
trackman_4ms,24,0.279,mti,loop_cross,fused,all,-1.0,2,3,15.224688429430989,-0.07419838176582215,0.7278768071782771
trackman_4ms,24,0.279,mti,loop_cross,fused,all,-0.5,2,3,15.224688429430989,-0.07419838176582215,0.7278768071782771
trackman_4ms,24,0.279,mti,loop_cross,fused,all,0.0,3,4,9.124790747041565,-0.04378941782221714,0.9224641455541299
trackman_4ms,24,0.279,mti,loop_cross,fused,all,0.5,3,4,9.124790747041565,-0.04378941782221714,0.9224641455541299
trackman_4ms,24,0.279,mti,loop_cross,fused,all,1.0,3,4,9.124790747041565,-0.04378941782221714,0.9224641455541299
trackman_4ms,24,0.279,mti,loop_cross,fused,even,-1.0,2,3,-6.304998119383145,0.03012282212827697,0.6703189485053048
trackman_4ms,24,0.279,mti,loop_cross,fused,even,-0.5,2,3,-6.304998119383145,0.03012282212827697,0.6703189485053048
trackman_4ms,24,0.279,mti,loop_cross,fused,even,0.0,3,4,-1.7987781304286061,0.008561956504445117,0.9158342328223364
trackman_4ms,24,0.279,mti,loop_cross,fused,even,0.5,3,4,-1.7987781304286061,0.008561956504445117,0.9158342328223364
trackman_4ms,24,0.279,mti,loop_cross,fused,even,1.0,3,4,-1.7987781304286061,0.008561956504445117,0.9158342328223364
trackman_4ms,24,0.279,mti,loop_cross,fused,odd,-1.0,2,3,31.688569615556943,-0.1683052489414705,0.7970755992392974
trackman_4ms,24,0.279,mti,loop_cross,fused,odd,-0.5,2,3,31.688569615556943,-0.1683052489414705,0.7970755992392974
trackman_4ms,24,0.279,mti,loop_cross,fused,odd,0.0,3,4,20.726509791602876,-0.10316287166737789,0.9332193321719364
trackman_4ms,24,0.279,mti,loop_cross,fused,odd,0.5,3,4,20.726509791602876,-0.10316287166737789,0.9332193321719364
trackman_4ms,24,0.279,mti,loop_cross,fused,odd,1.0,3,4,20.726509791602876,-0.10316287166737789,0.9332193321719364
trackman_4ms,24,0.279,mti,coherent_cross,tx1,all,-1.0,2,3,-33.21738710057158,0.1785229520132167,1.0
trackman_4ms,24,0.279,mti,coherent_cross,tx1,all,-0.5,2,3,-33.21738710057158,0.1785229520132167,1.0
trackman_4ms,24,0.279,mti,coherent_cross,tx1,all,0.0,3,4,-54.45817295407602,0.3816250517217167,1.0000000000000002
trackman_4ms,24,0.279,mti,coherent_cross,tx1,all,0.5,3,4,-54.45817295407602,0.3816250517217167,1.0000000000000002
trackman_4ms,24,0.279,mti,coherent_cross,tx1,all,1.0,3,4,-54.45817295407602,0.3816250517217167,1.0000000000000002
trackman_4ms,24,0.279,mti,coherent_cross,tx1,even,-1.0,2,3,-28.18521113311595,0.14609290344420464,1.0000000000000002
trackman_4ms,24,0.279,mti,coherent_cross,tx1,even,-0.5,2,3,-28.18521113311595,0.14609290344420464,1.0000000000000002
trackman_4ms,24,0.279,mti,coherent_cross,tx1,even,0.0,3,4,-65.38753029029434,0.5951356456630824,1.0
trackman_4ms,24,0.279,mti,coherent_cross,tx1,even,0.5,3,4,-65.38753029029434,0.5951356456630824,1.0
trackman_4ms,24,0.279,mti,coherent_cross,tx1,even,1.0,3,4,-65.38753029029434,0.5951356456630824,1.0
trackman_4ms,24,0.279,mti,coherent_cross,tx1,odd,-1.0,2,3,9.758985964888993,-0.046890605993173115,0.9999999999999999
trackman_4ms,24,0.279,mti,coherent_cross,tx1,odd,-0.5,2,3,9.758985964888993,-0.046890605993173115,0.9999999999999999
trackman_4ms,24,0.279,mti,coherent_cross,tx1,odd,0.0,3,4,-62.96107904419963,0.5341712311423127,0.9999999999999999
trackman_4ms,24,0.279,mti,coherent_cross,tx1,odd,0.5,3,4,-62.96107904419963,0.5341712311423127,0.9999999999999999
trackman_4ms,24,0.279,mti,coherent_cross,tx1,odd,1.0,3,4,-62.96107904419963,0.5341712311423127,0.9999999999999999
trackman_4ms,24,0.279,mti,coherent_cross,tx3,all,-1.0,2,3,74.5319984765883,-0.9852121376636522,1.0
trackman_4ms,24,0.279,mti,coherent_cross,tx3,all,-0.5,2,3,74.5319984765883,-0.9852121376636522,1.0
trackman_4ms,24,0.279,mti,coherent_cross,tx3,all,0.0,3,4,-39.77054281070115,0.2269102729601038,1.0
trackman_4ms,24,0.279,mti,coherent_cross,tx3,all,0.5,3,4,-39.77054281070115,0.2269102729601038,1.0
trackman_4ms,24,0.279,mti,coherent_cross,tx3,all,1.0,3,4,-39.77054281070115,0.2269102729601038,1.0
trackman_4ms,24,0.279,mti,coherent_cross,tx3,even,-1.0,2,3,77.93227355522795,-1.2752144328315669,0.9999999999999999
trackman_4ms,24,0.279,mti,coherent_cross,tx3,even,-0.5,2,3,77.93227355522795,-1.2752144328315669,0.9999999999999999
trackman_4ms,24,0.279,mti,coherent_cross,tx3,even,0.0,3,4,5.434199796812017,-0.025935419586053853,1.0000000000000002
trackman_4ms,24,0.279,mti,coherent_cross,tx3,even,0.5,3,4,5.434199796812017,-0.025935419586053853,1.0000000000000002
trackman_4ms,24,0.279,mti,coherent_cross,tx3,even,1.0,3,4,5.434199796812017,-0.025935419586053853,1.0000000000000002
trackman_4ms,24,0.279,mti,coherent_cross,tx3,odd,-1.0,2,3,65.60629215990113,-0.601187323736706,1.0000000000000002
trackman_4ms,24,0.279,mti,coherent_cross,tx3,odd,-0.5,2,3,65.60629215990113,-0.601187323736706,1.0000000000000002
trackman_4ms,24,0.279,mti,coherent_cross,tx3,odd,0.0,3,4,27.063751633525165,-0.13929478575072807,1.0000000000000002
trackman_4ms,24,0.279,mti,coherent_cross,tx3,odd,0.5,3,4,27.063751633525165,-0.13929478575072807,1.0000000000000002
trackman_4ms,24,0.279,mti,coherent_cross,tx3,odd,1.0,3,4,27.063751633525165,-0.13929478575072807,1.0000000000000002
trackman_4ms,24,0.279,mti,coherent_cross,fused,all,-1.0,2,3,52.461367204986395,-0.3548041148656869,0.8364229197395577
trackman_4ms,24,0.279,mti,coherent_cross,fused,all,-0.5,2,3,52.461367204986395,-0.3548041148656869,0.8364229197395577
trackman_4ms,24,0.279,mti,coherent_cross,fused,all,0.0,3,4,-46.58746508520883,0.28817295097152584,0.9971385554150215
trackman_4ms,24,0.279,mti,coherent_cross,fused,all,0.5,3,4,-46.58746508520883,0.28817295097152584,0.9971385554150215
trackman_4ms,24,0.279,mti,coherent_cross,fused,all,1.0,3,4,-46.58746508520883,0.28817295097152584,0.9971385554150215
trackman_4ms,24,0.279,mti,coherent_cross,fused,even,-1.0,2,3,55.373896994219294,-0.39481627706710365,0.7689875485989263
trackman_4ms,24,0.279,mti,coherent_cross,fused,even,-0.5,2,3,55.373896994219294,-0.39481627706710365,0.7689875485989263
trackman_4ms,24,0.279,mti,coherent_cross,fused,even,0.0,3,4,-42.37609301354636,0.24873784149569775,0.9527826869242311
trackman_4ms,24,0.279,mti,coherent_cross,fused,even,0.5,3,4,-42.37609301354636,0.24873784149569775,0.9527826869242311
trackman_4ms,24,0.279,mti,coherent_cross,fused,even,1.0,3,4,-42.37609301354636,0.24873784149569775,0.9527826869242311
trackman_4ms,24,0.279,mti,coherent_cross,fused,odd,-1.0,2,3,50.621054929868556,-0.3321552703583878,0.9618712779759426
trackman_4ms,24,0.279,mti,coherent_cross,fused,odd,-0.5,2,3,50.621054929868556,-0.3321552703583878,0.9618712779759426
trackman_4ms,24,0.279,mti,coherent_cross,fused,odd,0.0,3,4,-26.716058287715605,0.1372148913349957,0.9455533036361452
trackman_4ms,24,0.279,mti,coherent_cross,fused,odd,0.5,3,4,-26.716058287715605,0.1372148913349957,0.9455533036361452
trackman_4ms,24,0.279,mti,coherent_cross,fused,odd,1.0,3,4,-26.716058287715605,0.1372148913349957,0.9455533036361452
trackman_4ms,25,1.548,raw,loop_cross,tx1,all,-1.0,5,6,74.48099018840122,-0.9861121047730427,0.690383189079656
trackman_4ms,25,1.548,raw,loop_cross,tx1,all,-0.5,5,6,74.48099018840122,-0.9861121047730427,0.690383189079656
trackman_4ms,25,1.548,raw,loop_cross,tx1,all,0.0,5,6,74.48099018840122,-0.9861121047730427,0.690383189079656
trackman_4ms,25,1.548,raw,loop_cross,tx1,all,0.5,5,6,74.48099018840122,-0.9861121047730427,0.690383189079656
trackman_4ms,25,1.548,raw,loop_cross,tx1,all,1.0,5,6,74.48099018840122,-0.9861121047730427,0.690383189079656
trackman_4ms,25,1.548,raw,loop_cross,tx1,even,-1.0,5,6,76.05080151456357,-1.1024171145519017,0.7521767161803342
trackman_4ms,25,1.548,raw,loop_cross,tx1,even,-0.5,5,6,76.05080151456357,-1.1024171145519017,0.7521767161803342
trackman_4ms,25,1.548,raw,loop_cross,tx1,even,0.0,5,6,76.05080151456357,-1.1024171145519017,0.7521767161803342
trackman_4ms,25,1.548,raw,loop_cross,tx1,even,0.5,5,6,76.05080151456357,-1.1024171145519017,0.7521767161803342
trackman_4ms,25,1.548,raw,loop_cross,tx1,even,1.0,5,6,76.05080151456357,-1.1024171145519017,0.7521767161803342
trackman_4ms,25,1.548,raw,loop_cross,tx1,odd,-1.0,5,6,72.14395402355315,-0.8500088800371712,0.6398892441934529
trackman_4ms,25,1.548,raw,loop_cross,tx1,odd,-0.5,5,6,72.14395402355315,-0.8500088800371712,0.6398892441934529
trackman_4ms,25,1.548,raw,loop_cross,tx1,odd,0.0,5,6,72.14395402355315,-0.8500088800371712,0.6398892441934529
trackman_4ms,25,1.548,raw,loop_cross,tx1,odd,0.5,5,6,72.14395402355315,-0.8500088800371712,0.6398892441934529
trackman_4ms,25,1.548,raw,loop_cross,tx1,odd,1.0,5,6,72.14395402355315,-0.8500088800371712,0.6398892441934529
trackman_4ms,25,1.548,raw,loop_cross,tx3,all,-1.0,5,6,84.30762436431372,-2.7470761517806954,0.6625098533913812
trackman_4ms,25,1.548,raw,loop_cross,tx3,all,-0.5,5,6,84.30762436431372,-2.7470761517806954,0.6625098533913812
trackman_4ms,25,1.548,raw,loop_cross,tx3,all,0.0,5,6,84.30762436431372,-2.7470761517806954,0.6625098533913812
trackman_4ms,25,1.548,raw,loop_cross,tx3,all,0.5,5,6,84.30762436431372,-2.7470761517806954,0.6625098533913812
trackman_4ms,25,1.548,raw,loop_cross,tx3,all,1.0,5,6,84.30762436431372,-2.7470761517806954,0.6625098533913812
trackman_4ms,25,1.548,raw,loop_cross,tx3,even,-1.0,5,6,84.26992881117502,-2.72888451144864,0.6593289425021737
trackman_4ms,25,1.548,raw,loop_cross,tx3,even,-0.5,5,6,84.26992881117502,-2.72888451144864,0.6593289425021737
trackman_4ms,25,1.548,raw,loop_cross,tx3,even,0.0,5,6,84.26992881117502,-2.72888451144864,0.6593289425021737
trackman_4ms,25,1.548,raw,loop_cross,tx3,even,0.5,5,6,84.26992881117502,-2.72888451144864,0.6593289425021737
trackman_4ms,25,1.548,raw,loop_cross,tx3,even,1.0,5,6,84.26992881117502,-2.72888451144864,0.6593289425021737
trackman_4ms,25,1.548,raw,loop_cross,tx3,odd,-1.0,5,6,84.34220688128578,-2.763977958785632,0.6656911909187891
trackman_4ms,25,1.548,raw,loop_cross,tx3,odd,-0.5,5,6,84.34220688128578,-2.763977958785632,0.6656911909187891
trackman_4ms,25,1.548,raw,loop_cross,tx3,odd,0.0,5,6,84.34220688128578,-2.763977958785632,0.6656911909187891
trackman_4ms,25,1.548,raw,loop_cross,tx3,odd,0.5,5,6,84.34220688128578,-2.763977958785632,0.6656911909187891
trackman_4ms,25,1.548,raw,loop_cross,tx3,odd,1.0,5,6,84.34220688128578,-2.763977958785632,0.6656911909187891
trackman_4ms,25,1.548,raw,loop_cross,fused,all,-1.0,5,6,81.00373936963237,-1.7295964926439458,0.4356587414613982
trackman_4ms,25,1.548,raw,loop_cross,fused,all,-0.5,5,6,81.00373936963237,-1.7295964926439458,0.4356587414613982
trackman_4ms,25,1.548,raw,loop_cross,fused,all,0.0,5,6,81.00373936963237,-1.7295964926439458,0.4356587414613982
trackman_4ms,25,1.548,raw,loop_cross,fused,all,0.5,5,6,81.00373936963237,-1.7295964926439458,0.4356587414613982
trackman_4ms,25,1.548,raw,loop_cross,fused,all,1.0,5,6,81.00373936963237,-1.7295964926439458,0.4356587414613982
trackman_4ms,25,1.548,raw,loop_cross,fused,even,-1.0,5,6,81.03114662528445,-1.7349695820368929,0.4964946413211907
trackman_4ms,25,1.548,raw,loop_cross,fused,even,-0.5,5,6,81.03114662528445,-1.7349695820368929,0.4964946413211907
trackman_4ms,25,1.548,raw,loop_cross,fused,even,0.0,5,6,81.03114662528445,-1.7349695820368929,0.4964946413211907
trackman_4ms,25,1.548,raw,loop_cross,fused,even,0.5,5,6,81.03114662528445,-1.7349695820368929,0.4964946413211907
trackman_4ms,25,1.548,raw,loop_cross,fused,even,1.0,5,6,81.03114662528445,-1.7349695820368929,0.4964946413211907
trackman_4ms,25,1.548,raw,loop_cross,fused,odd,-1.0,5,6,80.96851154509794,-1.722737713445498,0.3767472035609478
trackman_4ms,25,1.548,raw,loop_cross,fused,odd,-0.5,5,6,80.96851154509794,-1.722737713445498,0.3767472035609478
trackman_4ms,25,1.548,raw,loop_cross,fused,odd,0.0,5,6,80.96851154509794,-1.722737713445498,0.3767472035609478
trackman_4ms,25,1.548,raw,loop_cross,fused,odd,0.5,5,6,80.96851154509794,-1.722737713445498,0.3767472035609478
trackman_4ms,25,1.548,raw,loop_cross,fused,odd,1.0,5,6,80.96851154509794,-1.722737713445498,0.3767472035609478
trackman_4ms,25,1.548,raw,coherent_cross,tx1,all,-1.0,5,6,13.686599702555936,-0.06668360810964062,1.0
trackman_4ms,25,1.548,raw,coherent_cross,tx1,all,-0.5,5,6,13.686599702555936,-0.06668360810964062,1.0
trackman_4ms,25,1.548,raw,coherent_cross,tx1,all,0.0,5,6,13.686599702555936,-0.06668360810964062,1.0
trackman_4ms,25,1.548,raw,coherent_cross,tx1,all,0.5,5,6,13.686599702555936,-0.06668360810964062,1.0
trackman_4ms,25,1.548,raw,coherent_cross,tx1,all,1.0,5,6,13.686599702555936,-0.06668360810964062,1.0
trackman_4ms,25,1.548,raw,coherent_cross,tx1,even,-1.0,5,6,52.58510900740617,-0.3579559888448216,1.0000000000000002
trackman_4ms,25,1.548,raw,coherent_cross,tx1,even,-0.5,5,6,52.58510900740617,-0.3579559888448216,1.0000000000000002
trackman_4ms,25,1.548,raw,coherent_cross,tx1,even,0.0,5,6,52.58510900740617,-0.3579559888448216,1.0000000000000002
trackman_4ms,25,1.548,raw,coherent_cross,tx1,even,0.5,5,6,52.58510900740617,-0.3579559888448216,1.0000000000000002
trackman_4ms,25,1.548,raw,coherent_cross,tx1,even,1.0,5,6,52.58510900740617,-0.3579559888448216,1.0000000000000002
trackman_4ms,25,1.548,raw,coherent_cross,tx1,odd,-1.0,5,6,-36.30840340983656,0.20120663688061158,1.0
trackman_4ms,25,1.548,raw,coherent_cross,tx1,odd,-0.5,5,6,-36.30840340983656,0.20120663688061158,1.0
trackman_4ms,25,1.548,raw,coherent_cross,tx1,odd,0.0,5,6,-36.30840340983656,0.20120663688061158,1.0
trackman_4ms,25,1.548,raw,coherent_cross,tx1,odd,0.5,5,6,-36.30840340983656,0.20120663688061158,1.0
trackman_4ms,25,1.548,raw,coherent_cross,tx1,odd,1.0,5,6,-36.30840340983656,0.20120663688061158,1.0
trackman_4ms,25,1.548,raw,coherent_cross,tx3,all,-1.0,5,6,-51.38236294790032,0.3427987552959623,1.0
trackman_4ms,25,1.548,raw,coherent_cross,tx3,all,-0.5,5,6,-51.38236294790032,0.3427987552959623,1.0
trackman_4ms,25,1.548,raw,coherent_cross,tx3,all,0.0,5,6,-51.38236294790032,0.3427987552959623,1.0
trackman_4ms,25,1.548,raw,coherent_cross,tx3,all,0.5,5,6,-51.38236294790032,0.3427987552959623,1.0
trackman_4ms,25,1.548,raw,coherent_cross,tx3,all,1.0,5,6,-51.38236294790032,0.3427987552959623,1.0
trackman_4ms,25,1.548,raw,coherent_cross,tx3,even,-1.0,5,6,3.7113609409689405,-0.017762021709377882,1.0
trackman_4ms,25,1.548,raw,coherent_cross,tx3,even,-0.5,5,6,3.7113609409689405,-0.017762021709377882,1.0
trackman_4ms,25,1.548,raw,coherent_cross,tx3,even,0.0,5,6,3.7113609409689405,-0.017762021709377882,1.0
trackman_4ms,25,1.548,raw,coherent_cross,tx3,even,0.5,5,6,3.7113609409689405,-0.017762021709377882,1.0
trackman_4ms,25,1.548,raw,coherent_cross,tx3,even,1.0,5,6,3.7113609409689405,-0.017762021709377882,1.0
trackman_4ms,25,1.548,raw,coherent_cross,tx3,odd,-1.0,5,6,-67.88097548989779,0.6737089670068475,0.9999999999999998
trackman_4ms,25,1.548,raw,coherent_cross,tx3,odd,-0.5,5,6,-67.88097548989779,0.6737089670068475,0.9999999999999998
trackman_4ms,25,1.548,raw,coherent_cross,tx3,odd,0.0,5,6,-67.88097548989779,0.6737089670068475,0.9999999999999998
trackman_4ms,25,1.548,raw,coherent_cross,tx3,odd,0.5,5,6,-67.88097548989779,0.6737089670068475,0.9999999999999998
trackman_4ms,25,1.548,raw,coherent_cross,tx3,odd,1.0,5,6,-67.88097548989779,0.6737089670068475,0.9999999999999998
trackman_4ms,25,1.548,raw,coherent_cross,fused,all,-1.0,5,6,-20.521538249742417,0.10249648510173344,0.9797330541612829
trackman_4ms,25,1.548,raw,coherent_cross,fused,all,-0.5,5,6,-20.521538249742417,0.10249648510173344,0.9797330541612829
trackman_4ms,25,1.548,raw,coherent_cross,fused,all,0.0,5,6,-20.521538249742417,0.10249648510173344,0.9797330541612829
trackman_4ms,25,1.548,raw,coherent_cross,fused,all,0.5,5,6,-20.521538249742417,0.10249648510173344,0.9797330541612829
trackman_4ms,25,1.548,raw,coherent_cross,fused,all,1.0,5,6,-20.521538249742417,0.10249648510173344,0.9797330541612829
trackman_4ms,25,1.548,raw,coherent_cross,fused,even,-1.0,5,6,37.937391921839456,-0.21345445171510644,0.9858912786742893
trackman_4ms,25,1.548,raw,coherent_cross,fused,even,-0.5,5,6,37.937391921839456,-0.21345445171510644,0.9858912786742893
trackman_4ms,25,1.548,raw,coherent_cross,fused,even,0.0,5,6,37.937391921839456,-0.21345445171510644,0.9858912786742893
trackman_4ms,25,1.548,raw,coherent_cross,fused,even,0.5,5,6,37.937391921839456,-0.21345445171510644,0.9858912786742893
trackman_4ms,25,1.548,raw,coherent_cross,fused,even,1.0,5,6,37.937391921839456,-0.21345445171510644,0.9858912786742893
trackman_4ms,25,1.548,raw,coherent_cross,fused,odd,-1.0,5,6,-55.07736034081843,0.3921892529271046,0.9732192655977201
trackman_4ms,25,1.548,raw,coherent_cross,fused,odd,-0.5,5,6,-55.07736034081843,0.3921892529271046,0.9732192655977201
trackman_4ms,25,1.548,raw,coherent_cross,fused,odd,0.0,5,6,-55.07736034081843,0.3921892529271046,0.9732192655977201
trackman_4ms,25,1.548,raw,coherent_cross,fused,odd,0.5,5,6,-55.07736034081843,0.3921892529271046,0.9732192655977201
trackman_4ms,25,1.548,raw,coherent_cross,fused,odd,1.0,5,6,-55.07736034081843,0.3921892529271046,0.9732192655977201
trackman_4ms,25,1.548,mti,loop_cross,tx1,all,-1.0,5,6,-49.087820990851284,0.31597701533457945,0.9547065433754574
trackman_4ms,25,1.548,mti,loop_cross,tx1,all,-0.5,5,6,-49.087820990851284,0.31597701533457945,0.9547065433754574
trackman_4ms,25,1.548,mti,loop_cross,tx1,all,0.0,5,6,-49.087820990851284,0.31597701533457945,0.9547065433754574
trackman_4ms,25,1.548,mti,loop_cross,tx1,all,0.5,5,6,-49.087820990851284,0.31597701533457945,0.9547065433754574
trackman_4ms,25,1.548,mti,loop_cross,tx1,all,1.0,5,6,-49.087820990851284,0.31597701533457945,0.9547065433754574
trackman_4ms,25,1.548,mti,loop_cross,tx1,even,-1.0,5,6,-42.93001941118858,0.2547218054307655,0.9879078554569567
trackman_4ms,25,1.548,mti,loop_cross,tx1,even,-0.5,5,6,-42.93001941118858,0.2547218054307655,0.9879078554569567
trackman_4ms,25,1.548,mti,loop_cross,tx1,even,0.0,5,6,-42.93001941118858,0.2547218054307655,0.9879078554569567
trackman_4ms,25,1.548,mti,loop_cross,tx1,even,0.5,5,6,-42.93001941118858,0.2547218054307655,0.9879078554569567
trackman_4ms,25,1.548,mti,loop_cross,tx1,even,1.0,5,6,-42.93001941118858,0.2547218054307655,0.9879078554569567
trackman_4ms,25,1.548,mti,loop_cross,tx1,odd,-1.0,5,6,-54.05823291912987,0.37769507390836415,0.9268386374478307
trackman_4ms,25,1.548,mti,loop_cross,tx1,odd,-0.5,5,6,-54.05823291912987,0.37769507390836415,0.9268386374478307
trackman_4ms,25,1.548,mti,loop_cross,tx1,odd,0.0,5,6,-54.05823291912987,0.37769507390836415,0.9268386374478307
trackman_4ms,25,1.548,mti,loop_cross,tx1,odd,0.5,5,6,-54.05823291912987,0.37769507390836415,0.9268386374478307
trackman_4ms,25,1.548,mti,loop_cross,tx1,odd,1.0,5,6,-54.05823291912987,0.37769507390836415,0.9268386374478307
trackman_4ms,25,1.548,mti,loop_cross,tx3,all,-1.0,5,6,43.933916981013944,-0.2638205112803038,0.9767959252359019
trackman_4ms,25,1.548,mti,loop_cross,tx3,all,-0.5,5,6,43.933916981013944,-0.2638205112803038,0.9767959252359019
trackman_4ms,25,1.548,mti,loop_cross,tx3,all,0.0,5,6,43.933916981013944,-0.2638205112803038,0.9767959252359019
trackman_4ms,25,1.548,mti,loop_cross,tx3,all,0.5,5,6,43.933916981013944,-0.2638205112803038,0.9767959252359019
trackman_4ms,25,1.548,mti,loop_cross,tx3,all,1.0,5,6,43.933916981013944,-0.2638205112803038,0.9767959252359019
trackman_4ms,25,1.548,mti,loop_cross,tx3,even,-1.0,5,6,47.052049625459944,-0.2941771913357957,0.9672317400285946
trackman_4ms,25,1.548,mti,loop_cross,tx3,even,-0.5,5,6,47.052049625459944,-0.2941771913357957,0.9672317400285946
trackman_4ms,25,1.548,mti,loop_cross,tx3,even,0.0,5,6,47.052049625459944,-0.2941771913357957,0.9672317400285946
trackman_4ms,25,1.548,mti,loop_cross,tx3,even,0.5,5,6,47.052049625459944,-0.2941771913357957,0.9672317400285946
trackman_4ms,25,1.548,mti,loop_cross,tx3,even,1.0,5,6,47.052049625459944,-0.2941771913357957,0.9672317400285946
trackman_4ms,25,1.548,mti,loop_cross,tx3,odd,-1.0,5,6,40.46336490420061,-0.23356640157190126,0.9874321464468551
trackman_4ms,25,1.548,mti,loop_cross,tx3,odd,-0.5,5,6,40.46336490420061,-0.23356640157190126,0.9874321464468551
trackman_4ms,25,1.548,mti,loop_cross,tx3,odd,0.0,5,6,40.46336490420061,-0.23356640157190126,0.9874321464468551
trackman_4ms,25,1.548,mti,loop_cross,tx3,odd,0.5,5,6,40.46336490420061,-0.23356640157190126,0.9874321464468551
trackman_4ms,25,1.548,mti,loop_cross,tx3,odd,1.0,5,6,40.46336490420061,-0.23356640157190126,0.9874321464468551
trackman_4ms,25,1.548,mti,loop_cross,fused,all,-1.0,5,6,-2.8376630212277747,0.013572733134041169,0.9258483884052727
trackman_4ms,25,1.548,mti,loop_cross,fused,all,-0.5,5,6,-2.8376630212277747,0.013572733134041169,0.9258483884052727
trackman_4ms,25,1.548,mti,loop_cross,fused,all,0.0,5,6,-2.8376630212277747,0.013572733134041169,0.9258483884052727
trackman_4ms,25,1.548,mti,loop_cross,fused,all,0.5,5,6,-2.8376630212277747,0.013572733134041169,0.9258483884052727
trackman_4ms,25,1.548,mti,loop_cross,fused,all,1.0,5,6,-2.8376630212277747,0.013572733134041169,0.9258483884052727
trackman_4ms,25,1.548,mti,loop_cross,fused,even,-1.0,5,6,6.369047201148693,-0.03056466629856953,0.9405509555969533
trackman_4ms,25,1.548,mti,loop_cross,fused,even,-0.5,5,6,6.369047201148693,-0.03056466629856953,0.9405509555969533
trackman_4ms,25,1.548,mti,loop_cross,fused,even,0.0,5,6,6.369047201148693,-0.03056466629856953,0.9405509555969533
trackman_4ms,25,1.548,mti,loop_cross,fused,even,0.5,5,6,6.369047201148693,-0.03056466629856953,0.9405509555969533
trackman_4ms,25,1.548,mti,loop_cross,fused,even,1.0,5,6,6.369047201148693,-0.03056466629856953,0.9405509555969533
trackman_4ms,25,1.548,mti,loop_cross,fused,odd,-1.0,5,6,-12.000053662505442,0.05820366654835054,0.9132222067043728
trackman_4ms,25,1.548,mti,loop_cross,fused,odd,-0.5,5,6,-12.000053662505442,0.05820366654835054,0.9132222067043728
trackman_4ms,25,1.548,mti,loop_cross,fused,odd,0.0,5,6,-12.000053662505442,0.05820366654835054,0.9132222067043728
trackman_4ms,25,1.548,mti,loop_cross,fused,odd,0.5,5,6,-12.000053662505442,0.05820366654835054,0.9132222067043728
trackman_4ms,25,1.548,mti,loop_cross,fused,odd,1.0,5,6,-12.000053662505442,0.05820366654835054,0.9132222067043728
trackman_4ms,25,1.548,mti,coherent_cross,tx1,all,-1.0,5,6,-59.22415791034969,0.45978714595941417,1.0
trackman_4ms,25,1.548,mti,coherent_cross,tx1,all,-0.5,5,6,-59.22415791034969,0.45978714595941417,1.0
trackman_4ms,25,1.548,mti,coherent_cross,tx1,all,0.0,5,6,-59.22415791034969,0.45978714595941417,1.0
trackman_4ms,25,1.548,mti,coherent_cross,tx1,all,0.5,5,6,-59.22415791034969,0.45978714595941417,1.0
trackman_4ms,25,1.548,mti,coherent_cross,tx1,all,1.0,5,6,-59.22415791034969,0.45978714595941417,1.0
trackman_4ms,25,1.548,mti,coherent_cross,tx1,even,-1.0,5,6,-18.55483045537519,0.09191219114303091,1.0
trackman_4ms,25,1.548,mti,coherent_cross,tx1,even,-0.5,5,6,-18.55483045537519,0.09191219114303091,1.0
trackman_4ms,25,1.548,mti,coherent_cross,tx1,even,0.0,5,6,-18.55483045537519,0.09191219114303091,1.0
trackman_4ms,25,1.548,mti,coherent_cross,tx1,even,0.5,5,6,-18.55483045537519,0.09191219114303091,1.0
trackman_4ms,25,1.548,mti,coherent_cross,tx1,even,1.0,5,6,-18.55483045537519,0.09191219114303091,1.0
trackman_4ms,25,1.548,mti,coherent_cross,tx1,odd,-1.0,5,6,-69.41656651169704,0.729140894932225,0.9999999999999999
trackman_4ms,25,1.548,mti,coherent_cross,tx1,odd,-0.5,5,6,-69.41656651169704,0.729140894932225,0.9999999999999999
trackman_4ms,25,1.548,mti,coherent_cross,tx1,odd,0.0,5,6,-69.41656651169704,0.729140894932225,0.9999999999999999
trackman_4ms,25,1.548,mti,coherent_cross,tx1,odd,0.5,5,6,-69.41656651169704,0.729140894932225,0.9999999999999999
trackman_4ms,25,1.548,mti,coherent_cross,tx1,odd,1.0,5,6,-69.41656651169704,0.729140894932225,0.9999999999999999
trackman_4ms,25,1.548,mti,coherent_cross,tx3,all,-1.0,5,6,31.892131339111312,-0.1703891674122576,1.0
trackman_4ms,25,1.548,mti,coherent_cross,tx3,all,-0.5,5,6,31.892131339111312,-0.1703891674122576,1.0
trackman_4ms,25,1.548,mti,coherent_cross,tx3,all,0.0,5,6,31.892131339111312,-0.1703891674122576,1.0
trackman_4ms,25,1.548,mti,coherent_cross,tx3,all,0.5,5,6,31.892131339111312,-0.1703891674122576,1.0
trackman_4ms,25,1.548,mti,coherent_cross,tx3,all,1.0,5,6,31.892131339111312,-0.1703891674122576,1.0
trackman_4ms,25,1.548,mti,coherent_cross,tx3,even,-1.0,5,6,32.35938438428975,-0.17350276025662023,0.9999999999999998
trackman_4ms,25,1.548,mti,coherent_cross,tx3,even,-0.5,5,6,32.35938438428975,-0.17350276025662023,0.9999999999999998
trackman_4ms,25,1.548,mti,coherent_cross,tx3,even,0.0,5,6,32.35938438428975,-0.17350276025662023,0.9999999999999998
trackman_4ms,25,1.548,mti,coherent_cross,tx3,even,0.5,5,6,32.35938438428975,-0.17350276025662023,0.9999999999999998
trackman_4ms,25,1.548,mti,coherent_cross,tx3,even,1.0,5,6,32.35938438428975,-0.17350276025662023,0.9999999999999998
trackman_4ms,25,1.548,mti,coherent_cross,tx3,odd,-1.0,5,6,27.05355538626957,-0.13984359302218077,0.9999999999999999
trackman_4ms,25,1.548,mti,coherent_cross,tx3,odd,-0.5,5,6,27.05355538626957,-0.13984359302218077,0.9999999999999999
trackman_4ms,25,1.548,mti,coherent_cross,tx3,odd,0.0,5,6,27.05355538626957,-0.13984359302218077,0.9999999999999999
trackman_4ms,25,1.548,mti,coherent_cross,tx3,odd,0.5,5,6,27.05355538626957,-0.13984359302218077,0.9999999999999999
trackman_4ms,25,1.548,mti,coherent_cross,tx3,odd,1.0,5,6,27.05355538626957,-0.13984359302218077,0.9999999999999999
trackman_4ms,25,1.548,mti,coherent_cross,fused,all,-1.0,5,6,-24.830720944447798,0.12670333705596581,0.9509230337920338
trackman_4ms,25,1.548,mti,coherent_cross,fused,all,-0.5,5,6,-24.830720944447798,0.12670333705596581,0.9509230337920338
trackman_4ms,25,1.548,mti,coherent_cross,fused,all,0.0,5,6,-24.830720944447798,0.12670333705596581,0.9509230337920338
trackman_4ms,25,1.548,mti,coherent_cross,fused,all,0.5,5,6,-24.830720944447798,0.12670333705596581,0.9509230337920338
trackman_4ms,25,1.548,mti,coherent_cross,fused,all,1.0,5,6,-24.830720944447798,0.12670333705596581,0.9509230337920338
trackman_4ms,25,1.548,mti,coherent_cross,fused,even,-1.0,5,6,8.505290611918701,-0.04094933911362774,0.9912072903319884
trackman_4ms,25,1.548,mti,coherent_cross,fused,even,-0.5,5,6,8.505290611918701,-0.04094933911362774,0.9912072903319884
trackman_4ms,25,1.548,mti,coherent_cross,fused,even,0.0,5,6,8.505290611918701,-0.04094933911362774,0.9912072903319884
trackman_4ms,25,1.548,mti,coherent_cross,fused,even,0.5,5,6,8.505290611918701,-0.04094933911362774,0.9912072903319884
trackman_4ms,25,1.548,mti,coherent_cross,fused,even,1.0,5,6,8.505290611918701,-0.04094933911362774,0.9912072903319884
trackman_4ms,25,1.548,mti,coherent_cross,fused,odd,-1.0,5,6,-42.09469598691978,0.24737424990660578,0.9080984506219729
trackman_4ms,25,1.548,mti,coherent_cross,fused,odd,-0.5,5,6,-42.09469598691978,0.24737424990660578,0.9080984506219729
trackman_4ms,25,1.548,mti,coherent_cross,fused,odd,0.0,5,6,-42.09469598691978,0.24737424990660578,0.9080984506219729
trackman_4ms,25,1.548,mti,coherent_cross,fused,odd,0.5,5,6,-42.09469598691978,0.24737424990660578,0.9080984506219729
trackman_4ms,25,1.548,mti,coherent_cross,fused,odd,1.0,5,6,-42.09469598691978,0.24737424990660578,0.9080984506219729
home_2ms,1,,raw,loop_cross,tx1,all,-1.0,5,6,-54.88399849303602,0.18474466622056995,0.6198466533586369
home_2ms,1,,raw,loop_cross,tx1,all,-0.5,6,7,-30.859337160546787,0.07762903684188419,0.7868898449635976
home_2ms,1,,raw,loop_cross,tx1,all,0.0,6,7,-30.859337160546787,0.07762903684188419,0.7868898449635976
home_2ms,1,,raw,loop_cross,tx1,all,0.5,6,7,-30.859337160546787,0.07762903684188419,0.7868898449635976
home_2ms,1,,raw,loop_cross,tx1,all,1.0,6,7,-30.859337160546787,0.07762903684188419,0.7868898449635976
home_2ms,1,,raw,loop_cross,tx1,even,-1.0,5,6,-30.29277778267454,0.07589587864628496,0.6171390627140448
home_2ms,1,,raw,loop_cross,tx1,even,-0.5,6,7,-21.63018784680298,0.05151730202207471,0.7795403703267554
home_2ms,1,,raw,loop_cross,tx1,even,0.0,6,7,-21.63018784680298,0.05151730202207471,0.7795403703267554
home_2ms,1,,raw,loop_cross,tx1,even,0.5,6,7,-21.63018784680298,0.05151730202207471,0.7795403703267554
home_2ms,1,,raw,loop_cross,tx1,even,1.0,6,7,-21.63018784680298,0.05151730202207471,0.7795403703267554
home_2ms,1,,raw,loop_cross,tx1,odd,-1.0,5,6,-65.6163105033603,0.28661910183473016,0.6291788063500101
home_2ms,1,,raw,loop_cross,tx1,odd,-0.5,6,7,-38.31112487935494,0.10264387843213775,0.7945745140309005
home_2ms,1,,raw,loop_cross,tx1,odd,0.0,6,7,-38.31112487935494,0.10264387843213775,0.7945745140309005
home_2ms,1,,raw,loop_cross,tx1,odd,0.5,6,7,-38.31112487935494,0.10264387843213775,0.7945745140309005
home_2ms,1,,raw,loop_cross,tx1,odd,1.0,6,7,-38.31112487935494,0.10264387843213775,0.7945745140309005
home_2ms,1,,raw,loop_cross,tx3,all,-1.0,5,6,60.101435489427914,-0.22594711619443283,0.5055086079402594
home_2ms,1,,raw,loop_cross,tx3,all,-0.5,6,7,76.68832982036419,-0.549091480507037,0.6001863348568954
home_2ms,1,,raw,loop_cross,tx3,all,0.0,6,7,76.68832982036419,-0.549091480507037,0.6001863348568954
home_2ms,1,,raw,loop_cross,tx3,all,0.5,6,7,76.68832982036419,-0.549091480507037,0.6001863348568954
home_2ms,1,,raw,loop_cross,tx3,all,1.0,6,7,76.68832982036419,-0.549091480507037,0.6001863348568954
home_2ms,1,,raw,loop_cross,tx3,even,-1.0,5,6,80.90192575762241,-0.81127866768772,0.37111172581022484
home_2ms,1,,raw,loop_cross,tx3,even,-0.5,6,7,69.912945957945,-0.3552658423133724,0.5053773628861562
home_2ms,1,,raw,loop_cross,tx3,even,0.0,6,7,69.912945957945,-0.3552658423133724,0.5053773628861562
home_2ms,1,,raw,loop_cross,tx3,even,0.5,6,7,69.912945957945,-0.3552658423133724,0.5053773628861562
home_2ms,1,,raw,loop_cross,tx3,even,1.0,6,7,69.912945957945,-0.3552658423133724,0.5053773628861562
home_2ms,1,,raw,loop_cross,tx3,odd,-1.0,5,6,-27.218373273300223,0.06682136472722275,0.741968269425316
home_2ms,1,,raw,loop_cross,tx3,odd,-0.5,6,7,79.18354029564591,-0.679991713668544,0.7047531366125741
home_2ms,1,,raw,loop_cross,tx3,odd,0.0,6,7,79.18354029564591,-0.679991713668544,0.7047531366125741
home_2ms,1,,raw,loop_cross,tx3,odd,0.5,6,7,79.18354029564591,-0.679991713668544,0.7047531366125741
home_2ms,1,,raw,loop_cross,tx3,odd,1.0,6,7,79.18354029564591,-0.679991713668544,0.7047531366125741
home_2ms,1,,raw,loop_cross,fused,all,-1.0,5,6,-2.251805659197881,0.005108585764849811,0.5522777595226064
home_2ms,1,,raw,loop_cross,fused,all,-0.5,6,7,51.633370452608006,-0.16411175926809468,0.6694261241938438
home_2ms,1,,raw,loop_cross,fused,all,0.0,6,7,51.633370452608006,-0.16411175926809468,0.6694261241938438
home_2ms,1,,raw,loop_cross,fused,all,0.5,6,7,51.633370452608006,-0.16411175926809468,0.6694261241938438
home_2ms,1,,raw,loop_cross,fused,all,1.0,6,7,51.633370452608006,-0.16411175926809468,0.6694261241938438
home_2ms,1,,raw,loop_cross,fused,even,-1.0,5,6,62.5515714689597,-0.2501192229426218,0.44936079869886386
home_2ms,1,,raw,loop_cross,fused,even,-0.5,6,7,34.44354794328823,-0.08910170418740115,0.6436068299987306
home_2ms,1,,raw,loop_cross,fused,even,0.0,6,7,34.44354794328823,-0.08910170418740115,0.6436068299987306
home_2ms,1,,raw,loop_cross,fused,even,0.5,6,7,34.44354794328823,-0.08910170418740115,0.6436068299987306
home_2ms,1,,raw,loop_cross,fused,even,1.0,6,7,34.44354794328823,-0.08910170418740115,0.6436068299987306
home_2ms,1,,raw,loop_cross,fused,odd,-1.0,5,6,-53.0231789050608,0.1725519657520901,0.678942226051471
home_2ms,1,,raw,loop_cross,fused,odd,-0.5,6,7,60.611932443811284,-0.23067930595448263,0.6975508276920284
home_2ms,1,,raw,loop_cross,fused,odd,0.0,6,7,60.611932443811284,-0.23067930595448263,0.6975508276920284
home_2ms,1,,raw,loop_cross,fused,odd,0.5,6,7,60.611932443811284,-0.23067930595448263,0.6975508276920284
home_2ms,1,,raw,loop_cross,fused,odd,1.0,6,7,60.611932443811284,-0.23067930595448263,0.6975508276920284
home_2ms,1,,raw,coherent_cross,tx1,all,-1.0,5,6,58.0634960763059,-0.20842559930341292,1.0
home_2ms,1,,raw,coherent_cross,tx1,all,-0.5,6,7,-43.82305235802586,0.12468709081013164,0.9999999999999998
home_2ms,1,,raw,coherent_cross,tx1,all,0.0,6,7,-43.82305235802586,0.12468709081013164,0.9999999999999998
home_2ms,1,,raw,coherent_cross,tx1,all,0.5,6,7,-43.82305235802586,0.12468709081013164,0.9999999999999998
home_2ms,1,,raw,coherent_cross,tx1,all,1.0,6,7,-43.82305235802586,0.12468709081013164,0.9999999999999998
home_2ms,1,,raw,coherent_cross,tx1,even,-1.0,5,6,71.29914161031807,-0.38380673599365217,1.0
home_2ms,1,,raw,coherent_cross,tx1,even,-0.5,6,7,13.370815862850979,-0.030880868776448644,1.0000000000000002
home_2ms,1,,raw,coherent_cross,tx1,even,0.0,6,7,13.370815862850979,-0.030880868776448644,1.0000000000000002
home_2ms,1,,raw,coherent_cross,tx1,even,0.5,6,7,13.370815862850979,-0.030880868776448644,1.0000000000000002
home_2ms,1,,raw,coherent_cross,tx1,even,1.0,6,7,13.370815862850979,-0.030880868776448644,1.0000000000000002
home_2ms,1,,raw,coherent_cross,tx1,odd,-1.0,5,6,-78.58397897988388,0.6433920409143581,1.0000000000000002
home_2ms,1,,raw,coherent_cross,tx1,odd,-0.5,6,7,81.61738818348536,-0.8816531410935352,0.9999999999999999
home_2ms,1,,raw,coherent_cross,tx1,odd,0.0,6,7,81.61738818348536,-0.8816531410935352,0.9999999999999999
home_2ms,1,,raw,coherent_cross,tx1,odd,0.5,6,7,81.61738818348536,-0.8816531410935352,0.9999999999999999
home_2ms,1,,raw,coherent_cross,tx1,odd,1.0,6,7,81.61738818348536,-0.8816531410935352,0.9999999999999999
home_2ms,1,,raw,coherent_cross,tx3,all,-1.0,5,6,-75.77418046660691,0.5124590506823188,1.0
home_2ms,1,,raw,coherent_cross,tx3,all,-0.5,6,7,87.56878853951989,-3.059904452846841,1.0
home_2ms,1,,raw,coherent_cross,tx3,all,0.0,6,7,87.56878853951989,-3.059904452846841,1.0
home_2ms,1,,raw,coherent_cross,tx3,all,0.5,6,7,87.56878853951989,-3.059904452846841,1.0
home_2ms,1,,raw,coherent_cross,tx3,all,1.0,6,7,87.56878853951989,-3.059904452846841,1.0
home_2ms,1,,raw,coherent_cross,tx3,even,-1.0,5,6,86.87512041296424,-2.3797271550438315,1.0
home_2ms,1,,raw,coherent_cross,tx3,even,-0.5,6,7,-85.06360694892565,1.5041986311853874,1.0
home_2ms,1,,raw,coherent_cross,tx3,even,0.0,6,7,-85.06360694892565,1.5041986311853874,1.0
home_2ms,1,,raw,coherent_cross,tx3,even,0.5,6,7,-85.06360694892565,1.5041986311853874,1.0
home_2ms,1,,raw,coherent_cross,tx3,even,1.0,6,7,-85.06360694892565,1.5041986311853874,1.0
home_2ms,1,,raw,coherent_cross,tx3,odd,-1.0,5,6,-82.39894636983004,0.9735522189087411,1.0
home_2ms,1,,raw,coherent_cross,tx3,odd,-0.5,6,7,86.76077301031481,-2.295550936692742,1.0
home_2ms,1,,raw,coherent_cross,tx3,odd,0.0,6,7,86.76077301031481,-2.295550936692742,1.0
home_2ms,1,,raw,coherent_cross,tx3,odd,0.5,6,7,86.76077301031481,-2.295550936692742,1.0
home_2ms,1,,raw,coherent_cross,tx3,odd,1.0,6,7,86.76077301031481,-2.295550936692742,1.0
home_2ms,1,,raw,coherent_cross,fused,all,-1.0,5,6,-52.724587879900305,0.17069342728139333,0.9359041383439083
home_2ms,1,,raw,coherent_cross,fused,all,-0.5,6,7,-83.91803460848912,1.2193037842572523,0.02392893171716738
home_2ms,1,,raw,coherent_cross,fused,all,0.0,6,7,-83.91803460848912,1.2193037842572523,0.02392893171716738
home_2ms,1,,raw,coherent_cross,fused,all,0.5,6,7,-83.91803460848912,1.2193037842572523,0.02392893171716738
home_2ms,1,,raw,coherent_cross,fused,all,1.0,6,7,-83.91803460848912,1.2193037842572523,0.02392893171716738
home_2ms,1,,raw,coherent_cross,fused,even,-1.0,5,6,85.63387136787918,-1.701582670417932,0.5709695474451363
home_2ms,1,,raw,coherent_cross,fused,even,-0.5,6,7,-80.2118078411231,0.7530692335477421,0.7197180696651153
home_2ms,1,,raw,coherent_cross,fused,even,0.0,6,7,-80.2118078411231,0.7530692335477421,0.7197180696651153
home_2ms,1,,raw,coherent_cross,fused,even,0.5,6,7,-80.2118078411231,0.7530692335477421,0.7197180696651153
home_2ms,1,,raw,coherent_cross,fused,even,1.0,6,7,-80.2118078411231,0.7530692335477421,0.7197180696651153
home_2ms,1,,raw,coherent_cross,fused,odd,-1.0,5,6,-80.95233050050572,0.8158749805141237,0.986432226581508
home_2ms,1,,raw,coherent_cross,fused,odd,-0.5,6,7,85.51504488431976,-1.6563227618283332,0.7620940049788012
home_2ms,1,,raw,coherent_cross,fused,odd,0.0,6,7,85.51504488431976,-1.6563227618283332,0.7620940049788012
home_2ms,1,,raw,coherent_cross,fused,odd,0.5,6,7,85.51504488431976,-1.6563227618283332,0.7620940049788012
home_2ms,1,,raw,coherent_cross,fused,odd,1.0,6,7,85.51504488431976,-1.6563227618283332,0.7620940049788012
home_2ms,1,,mti,loop_cross,tx1,all,-1.0,5,6,50.99349683295988,-0.16039792092209793,0.8137627195033323
home_2ms,1,,mti,loop_cross,tx1,all,-0.5,6,7,-75.70579147350347,0.5099032562543926,0.8492341227561204
home_2ms,1,,mti,loop_cross,tx1,all,0.0,6,7,-75.70579147350347,0.5099032562543926,0.8492341227561204
home_2ms,1,,mti,loop_cross,tx1,all,0.5,6,7,-75.70579147350347,0.5099032562543926,0.8492341227561204
home_2ms,1,,mti,loop_cross,tx1,all,1.0,6,7,-75.70579147350347,0.5099032562543926,0.8492341227561204
home_2ms,1,,mti,loop_cross,tx1,even,-1.0,5,6,56.8079012990783,-0.19859500953033385,0.8776413694103867
home_2ms,1,,mti,loop_cross,tx1,even,-0.5,6,7,-76.79718326133933,0.5537849989952046,0.7323548044763535
home_2ms,1,,mti,loop_cross,tx1,even,0.0,6,7,-76.79718326133933,0.5537849989952046,0.7323548044763535
home_2ms,1,,mti,loop_cross,tx1,even,0.5,6,7,-76.79718326133933,0.5537849989952046,0.7323548044763535
home_2ms,1,,mti,loop_cross,tx1,even,1.0,6,7,-76.79718326133933,0.5537849989952046,0.7323548044763535
home_2ms,1,,mti,loop_cross,tx1,odd,-1.0,5,6,44.11947719113562,-0.12598479502280718,0.764578986425796
home_2ms,1,,mti,loop_cross,tx1,odd,-0.5,6,7,-74.75830679073466,0.476805445510872,0.9668672517148332
home_2ms,1,,mti,loop_cross,tx1,odd,0.0,6,7,-74.75830679073466,0.476805445510872,0.9668672517148332
home_2ms,1,,mti,loop_cross,tx1,odd,0.5,6,7,-74.75830679073466,0.476805445510872,0.9668672517148332
home_2ms,1,,mti,loop_cross,tx1,odd,1.0,6,7,-74.75830679073466,0.476805445510872,0.9668672517148332
home_2ms,1,,mti,loop_cross,tx3,all,-1.0,5,6,59.330342884675574,-0.2190707451809329,0.837822408253799
home_2ms,1,,mti,loop_cross,tx3,all,-0.5,6,7,61.76366428481987,-0.24192718637266486,0.8882828064990693
home_2ms,1,,mti,loop_cross,tx3,all,0.0,6,7,61.76366428481987,-0.24192718637266486,0.8882828064990693
home_2ms,1,,mti,loop_cross,tx3,all,0.5,6,7,61.76366428481987,-0.24192718637266486,0.8882828064990693
home_2ms,1,,mti,loop_cross,tx3,all,1.0,6,7,61.76366428481987,-0.24192718637266486,0.8882828064990693
home_2ms,1,,mti,loop_cross,tx3,even,-1.0,5,6,67.80184344687409,-0.31838318554513095,0.851477901901385
home_2ms,1,,mti,loop_cross,tx3,even,-0.5,6,7,47.5829480625588,-0.1421931595833235,0.9037229079474571
home_2ms,1,,mti,loop_cross,tx3,even,0.0,6,7,47.5829480625588,-0.1421931595833235,0.9037229079474571
home_2ms,1,,mti,loop_cross,tx3,even,0.5,6,7,47.5829480625588,-0.1421931595833235,0.9037229079474571
home_2ms,1,,mti,loop_cross,tx3,even,1.0,6,7,47.5829480625588,-0.1421931595833235,0.9037229079474571
home_2ms,1,,mti,loop_cross,tx3,odd,-1.0,5,6,45.59946152994417,-0.132665217369553,0.8328756924773658
home_2ms,1,,mti,loop_cross,tx3,odd,-0.5,6,7,68.63970354201768,-0.33218861785246473,0.8821978978452675
home_2ms,1,,mti,loop_cross,tx3,odd,0.0,6,7,68.63970354201768,-0.33218861785246473,0.8821978978452675
home_2ms,1,,mti,loop_cross,tx3,odd,0.5,6,7,68.63970354201768,-0.33218861785246473,0.8821978978452675
home_2ms,1,,mti,loop_cross,tx3,odd,1.0,6,7,68.63970354201768,-0.33218861785246473,0.8821978978452675
home_2ms,1,,mti,loop_cross,fused,all,-1.0,5,6,55.8533245070248,-0.19155150581527663,0.8260085734340384
home_2ms,1,,mti,loop_cross,fused,all,-0.5,6,7,-42.15360864354533,0.11761074817075266,0.8085490664148508
home_2ms,1,,mti,loop_cross,fused,all,0.0,6,7,-42.15360864354533,0.11761074817075266,0.8085490664148508
home_2ms,1,,mti,loop_cross,fused,all,0.5,6,7,-42.15360864354533,0.11761074817075266,0.8085490664148508
home_2ms,1,,mti,loop_cross,fused,all,1.0,6,7,-42.15360864354533,0.11761074817075266,0.8085490664148508
home_2ms,1,,mti,loop_cross,fused,even,-1.0,5,6,63.604012220964215,-0.26176377881314983,0.862104065475437
home_2ms,1,,mti,loop_cross,fused,even,-0.5,6,7,-52.94232765372792,0.1720461872201169,0.7684943023635395
home_2ms,1,,mti,loop_cross,fused,even,0.0,6,7,-52.94232765372792,0.1720461872201169,0.7684943023635395
home_2ms,1,,mti,loop_cross,fused,even,0.5,6,7,-52.94232765372792,0.1720461872201169,0.7684943023635395
home_2ms,1,,mti,loop_cross,fused,even,1.0,6,7,-52.94232765372792,0.1720461872201169,0.7684943023635395
home_2ms,1,,mti,loop_cross,fused,odd,-1.0,5,6,44.922066460697145,-0.12956487397500444,0.7997182550010029
home_2ms,1,,mti,loop_cross,fused,odd,-0.5,6,7,-28.788812026274588,0.0713898946147941,0.8480581786756126
home_2ms,1,,mti,loop_cross,fused,odd,0.0,6,7,-28.788812026274588,0.0713898946147941,0.8480581786756126
home_2ms,1,,mti,loop_cross,fused,odd,0.5,6,7,-28.788812026274588,0.0713898946147941,0.8480581786756126
home_2ms,1,,mti,loop_cross,fused,odd,1.0,6,7,-28.788812026274588,0.0713898946147941,0.8480581786756126
home_2ms,1,,mti,coherent_cross,tx1,all,-1.0,5,6,83.04214853610641,-1.0645694018728509,1.0
home_2ms,1,,mti,coherent_cross,tx1,all,-0.5,6,7,-79.08814557445227,0.6739027549741733,1.0
home_2ms,1,,mti,coherent_cross,tx1,all,0.0,6,7,-79.08814557445227,0.6739027549741733,1.0
home_2ms,1,,mti,coherent_cross,tx1,all,0.5,6,7,-79.08814557445227,0.6739027549741733,1.0
home_2ms,1,,mti,coherent_cross,tx1,all,1.0,6,7,-79.08814557445227,0.6739027549741733,1.0
home_2ms,1,,mti,coherent_cross,tx1,even,-1.0,5,6,-82.26323701070744,0.9562714559531542,1.0
home_2ms,1,,mti,coherent_cross,tx1,even,-0.5,6,7,61.04557571607759,-0.23481826706654493,1.0000000000000002
home_2ms,1,,mti,coherent_cross,tx1,even,0.0,6,7,61.04557571607759,-0.23481826706654493,1.0000000000000002
home_2ms,1,,mti,coherent_cross,tx1,even,0.5,6,7,61.04557571607759,-0.23481826706654493,1.0000000000000002
home_2ms,1,,mti,coherent_cross,tx1,even,1.0,6,7,61.04557571607759,-0.23481826706654493,1.0000000000000002
home_2ms,1,,mti,coherent_cross,tx1,odd,-1.0,5,6,79.34402842111979,-0.6904785564987578,1.0
home_2ms,1,,mti,coherent_cross,tx1,odd,-0.5,6,7,-72.12855803437672,0.4029198486109536,1.0
home_2ms,1,,mti,coherent_cross,tx1,odd,0.0,6,7,-72.12855803437672,0.4029198486109536,1.0
home_2ms,1,,mti,coherent_cross,tx1,odd,0.5,6,7,-72.12855803437672,0.4029198486109536,1.0
home_2ms,1,,mti,coherent_cross,tx1,odd,1.0,6,7,-72.12855803437672,0.4029198486109536,1.0
home_2ms,1,,mti,coherent_cross,tx3,all,-1.0,5,6,84.74888635864471,-1.4135839097024496,1.0
home_2ms,1,,mti,coherent_cross,tx3,all,-0.5,6,7,-77.77108223915684,0.599428860201933,1.0
home_2ms,1,,mti,coherent_cross,tx3,all,0.0,6,7,-77.77108223915684,0.599428860201933,1.0
home_2ms,1,,mti,coherent_cross,tx3,all,0.5,6,7,-77.77108223915684,0.599428860201933,1.0
home_2ms,1,,mti,coherent_cross,tx3,all,1.0,6,7,-77.77108223915684,0.599428860201933,1.0
home_2ms,1,,mti,coherent_cross,tx3,even,-1.0,5,6,82.31887996873343,-0.9632834238065491,1.0
home_2ms,1,,mti,coherent_cross,tx3,even,-0.5,6,7,-74.2391239881567,0.46031936510628324,0.9999999999999999
home_2ms,1,,mti,coherent_cross,tx3,even,0.0,6,7,-74.2391239881567,0.46031936510628324,0.9999999999999999
home_2ms,1,,mti,coherent_cross,tx3,even,0.5,6,7,-74.2391239881567,0.46031936510628324,0.9999999999999999
home_2ms,1,,mti,coherent_cross,tx3,even,1.0,6,7,-74.2391239881567,0.46031936510628324,0.9999999999999999
home_2ms,1,,mti,coherent_cross,tx3,odd,-1.0,5,6,77.45805993040935,-0.5839980769629011,0.9999999999999999
home_2ms,1,,mti,coherent_cross,tx3,odd,-0.5,6,7,66.99215585959956,-0.30595074272171247,1.0
home_2ms,1,,mti,coherent_cross,tx3,odd,0.0,6,7,66.99215585959956,-0.30595074272171247,1.0
home_2ms,1,,mti,coherent_cross,tx3,odd,0.5,6,7,66.99215585959956,-0.30595074272171247,1.0
home_2ms,1,,mti,coherent_cross,tx3,odd,1.0,6,7,66.99215585959956,-0.30595074272171247,1.0
home_2ms,1,,mti,coherent_cross,fused,all,-1.0,5,6,84.09358659257107,-1.255813967218524,0.9849501680239718
home_2ms,1,,mti,coherent_cross,fused,all,-0.5,6,7,-78.48874017252294,0.6379247715155686,0.9993075769269064
home_2ms,1,,mti,coherent_cross,fused,all,0.0,6,7,-78.48874017252294,0.6379247715155686,0.9993075769269064
home_2ms,1,,mti,coherent_cross,fused,all,0.5,6,7,-78.48874017252294,0.6379247715155686,0.9993075769269064
home_2ms,1,,mti,coherent_cross,fused,all,1.0,6,7,-78.48874017252294,0.6379247715155686,0.9993075769269064
home_2ms,1,,mti,coherent_cross,fused,even,-1.0,5,6,70.28573154511592,-0.36256188229524705,0.6127798838230221
home_2ms,1,,mti,coherent_cross,fused,even,-0.5,6,7,-49.02939118461112,0.14960828703295503,0.9408425751194942
home_2ms,1,,mti,coherent_cross,fused,even,0.0,6,7,-49.02939118461112,0.14960828703295503,0.9408425751194942
home_2ms,1,,mti,coherent_cross,fused,even,0.5,6,7,-49.02939118461112,0.14960828703295503,0.9408425751194942
home_2ms,1,,mti,coherent_cross,fused,even,1.0,6,7,-49.02939118461112,0.14960828703295503,0.9408425751194942
home_2ms,1,,mti,coherent_cross,fused,odd,-1.0,5,6,78.35403484390244,-0.6303425299483311,0.9986068158941536
home_2ms,1,,mti,coherent_cross,fused,odd,-0.5,6,7,4.599165042320774,-0.010451034229003574,0.9394737385382451
home_2ms,1,,mti,coherent_cross,fused,odd,0.0,6,7,4.599165042320774,-0.010451034229003574,0.9394737385382451
home_2ms,1,,mti,coherent_cross,fused,odd,0.5,6,7,4.599165042320774,-0.010451034229003574,0.9394737385382451
home_2ms,1,,mti,coherent_cross,fused,odd,1.0,6,7,4.599165042320774,-0.010451034229003574,0.9394737385382451
home_2ms,2,,raw,loop_cross,tx1,all,-1.0,5,6,83.38616442188393,-1.0786494345720306,0.18650072083128352
home_2ms,2,,raw,loop_cross,tx1,all,-0.5,5,6,83.38616442188393,-1.0786494345720306,0.18650072083128352
home_2ms,2,,raw,loop_cross,tx1,all,0.0,6,7,78.38306833834494,-0.6083708076219985,0.6176178682594216
home_2ms,2,,raw,loop_cross,tx1,all,0.5,6,7,78.38306833834494,-0.6083708076219985,0.6176178682594216
home_2ms,2,,raw,loop_cross,tx1,all,1.0,6,7,78.38306833834494,-0.6083708076219985,0.6176178682594216
home_2ms,2,,raw,loop_cross,tx1,even,-1.0,5,6,81.95719382538304,-0.8851061549579325,0.28251037374612004
home_2ms,2,,raw,loop_cross,tx1,even,-0.5,5,6,81.95719382538304,-0.8851061549579325,0.28251037374612004
home_2ms,2,,raw,loop_cross,tx1,even,0.0,6,7,79.78628201828481,-0.6941448834744676,0.7491132325402032
home_2ms,2,,raw,loop_cross,tx1,even,0.5,6,7,79.78628201828481,-0.6941448834744676,0.7491132325402032
home_2ms,2,,raw,loop_cross,tx1,even,1.0,6,7,79.78628201828481,-0.6941448834744676,0.7491132325402032
home_2ms,2,,raw,loop_cross,tx1,odd,-1.0,5,6,85.34964623317227,-1.5375441231142917,0.11398312364791184
home_2ms,2,,raw,loop_cross,tx1,odd,-0.5,5,6,85.34964623317227,-1.5375441231142917,0.11398312364791184
home_2ms,2,,raw,loop_cross,tx1,odd,0.0,6,7,75.08344801797391,-0.4694940827363265,0.48705167089045864
home_2ms,2,,raw,loop_cross,tx1,odd,0.5,6,7,75.08344801797391,-0.4694940827363265,0.48705167089045864
home_2ms,2,,raw,loop_cross,tx1,odd,1.0,6,7,75.08344801797391,-0.4694940827363265,0.48705167089045864
home_2ms,2,,raw,loop_cross,tx3,all,-1.0,5,6,46.86322803921847,-0.13347872517027143,0.4895374648848546
home_2ms,2,,raw,loop_cross,tx3,all,-0.5,5,6,46.86322803921847,-0.13347872517027143,0.4895374648848546
home_2ms,2,,raw,loop_cross,tx3,all,0.0,6,7,68.60915431929865,-0.31928597364356154,0.7288245692060208
home_2ms,2,,raw,loop_cross,tx3,all,0.5,6,7,68.60915431929865,-0.31928597364356154,0.7288245692060208
home_2ms,2,,raw,loop_cross,tx3,all,1.0,6,7,68.60915431929865,-0.31928597364356154,0.7288245692060208
home_2ms,2,,raw,loop_cross,tx3,even,-1.0,5,6,33.22064690550259,-0.08190656354270336,0.44976456625562633
home_2ms,2,,raw,loop_cross,tx3,even,-0.5,5,6,33.22064690550259,-0.08190656354270336,0.44976456625562633
home_2ms,2,,raw,loop_cross,tx3,even,0.0,6,7,76.26205492129907,-0.5115767497532177,0.692848276137766
home_2ms,2,,raw,loop_cross,tx3,even,0.5,6,7,76.26205492129907,-0.5115767497532177,0.692848276137766
home_2ms,2,,raw,loop_cross,tx3,even,1.0,6,7,76.26205492129907,-0.5115767497532177,0.692848276137766
home_2ms,2,,raw,loop_cross,tx3,odd,-1.0,5,6,54.28722632552789,-0.1739686262432953,0.5271230412212474
home_2ms,2,,raw,loop_cross,tx3,odd,-0.5,5,6,54.28722632552789,-0.1739686262432953,0.5271230412212474
home_2ms,2,,raw,loop_cross,tx3,odd,0.0,6,7,49.64977844462618,-0.14721329559148427,0.7903143705085899
home_2ms,2,,raw,loop_cross,tx3,odd,0.5,6,7,49.64977844462618,-0.14721329559148427,0.7903143705085899
home_2ms,2,,raw,loop_cross,tx3,odd,1.0,6,7,49.64977844462618,-0.14721329559148427,0.7903143705085899
home_2ms,2,,raw,loop_cross,fused,all,-1.0,5,6,73.39427184202854,-0.4193789853248174,0.29332935082325984
home_2ms,2,,raw,loop_cross,fused,all,-0.5,5,6,73.39427184202854,-0.4193789853248174,0.29332935082325984
home_2ms,2,,raw,loop_cross,fused,all,0.0,6,7,74.27535636868951,-0.44420992820788335,0.6692344875154151
home_2ms,2,,raw,loop_cross,fused,all,0.5,6,7,74.27535636868951,-0.44420992820788335,0.6692344875154151
home_2ms,2,,raw,loop_cross,fused,all,1.0,6,7,74.27535636868951,-0.44420992820788335,0.6692344875154151
home_2ms,2,,raw,loop_cross,fused,even,-1.0,5,6,73.65488577358586,-0.42645229678947355,0.3300857099429245
home_2ms,2,,raw,loop_cross,fused,even,-0.5,5,6,73.65488577358586,-0.42645229678947355,0.3300857099429245
home_2ms,2,,raw,loop_cross,fused,even,0.0,6,7,78.26764808332787,-0.6022177238250952,0.7166894839830492
home_2ms,2,,raw,loop_cross,fused,even,0.5,6,7,78.26764808332787,-0.6022177238250952,0.7166894839830492
home_2ms,2,,raw,loop_cross,fused,even,1.0,6,7,78.26764808332787,-0.6022177238250952,0.7166894839830492
home_2ms,2,,raw,loop_cross,fused,odd,-1.0,5,6,73.07684879123576,-0.4110499246330337,0.25934057143324046
home_2ms,2,,raw,loop_cross,fused,odd,-0.5,5,6,73.07684879123576,-0.4110499246330337,0.25934057143324046
home_2ms,2,,raw,loop_cross,fused,odd,0.0,6,7,64.3758605112422,-0.26075498276433184,0.6400830489000113
home_2ms,2,,raw,loop_cross,fused,odd,0.5,6,7,64.3758605112422,-0.26075498276433184,0.6400830489000113
home_2ms,2,,raw,loop_cross,fused,odd,1.0,6,7,64.3758605112422,-0.26075498276433184,0.6400830489000113
home_2ms,2,,raw,coherent_cross,tx1,all,-1.0,5,6,69.14703783107828,-0.32832916296823406,1.0000000000000002
home_2ms,2,,raw,coherent_cross,tx1,all,-0.5,5,6,69.14703783107828,-0.32832916296823406,1.0000000000000002
home_2ms,2,,raw,coherent_cross,tx1,all,0.0,6,7,-61.72786881266811,0.23254731367527623,1.0
home_2ms,2,,raw,coherent_cross,tx1,all,0.5,6,7,-61.72786881266811,0.23254731367527623,1.0
home_2ms,2,,raw,coherent_cross,tx1,all,1.0,6,7,-61.72786881266811,0.23254731367527623,1.0
home_2ms,2,,raw,coherent_cross,tx1,even,-1.0,5,6,81.79984825324114,-0.8678952367803096,1.0000000000000002
home_2ms,2,,raw,coherent_cross,tx1,even,-0.5,5,6,81.79984825324114,-0.8678952367803096,1.0000000000000002
home_2ms,2,,raw,coherent_cross,tx1,even,0.0,6,7,87.09823751659052,-2.467375807381837,0.9999999999999998
home_2ms,2,,raw,coherent_cross,tx1,even,0.5,6,7,87.09823751659052,-2.467375807381837,0.9999999999999998
home_2ms,2,,raw,coherent_cross,tx1,even,1.0,6,7,87.09823751659052,-2.467375807381837,0.9999999999999998
home_2ms,2,,raw,coherent_cross,tx1,odd,-1.0,5,6,82.62254332837249,-0.9659454349651212,1.0
home_2ms,2,,raw,coherent_cross,tx1,odd,-0.5,5,6,82.62254332837249,-0.9659454349651212,1.0
home_2ms,2,,raw,coherent_cross,tx1,odd,0.0,6,7,-79.77922304668657,0.693655160223423,1.0000000000000002
home_2ms,2,,raw,coherent_cross,tx1,odd,0.5,6,7,-79.77922304668657,0.693655160223423,1.0000000000000002
home_2ms,2,,raw,coherent_cross,tx1,odd,1.0,6,7,-79.77922304668657,0.693655160223423,1.0000000000000002
home_2ms,2,,raw,coherent_cross,tx3,all,-1.0,5,6,-71.9254289626454,0.3832217777793194,1.0
home_2ms,2,,raw,coherent_cross,tx3,all,-0.5,5,6,-71.9254289626454,0.3832217777793194,1.0
home_2ms,2,,raw,coherent_cross,tx3,all,0.0,6,7,76.30392699206983,-0.5132022554258066,1.0
home_2ms,2,,raw,coherent_cross,tx3,all,0.5,6,7,76.30392699206983,-0.5132022554258066,1.0
home_2ms,2,,raw,coherent_cross,tx3,all,1.0,6,7,76.30392699206983,-0.5132022554258066,1.0
home_2ms,2,,raw,coherent_cross,tx3,even,-1.0,5,6,47.17239994645457,-0.1349306735716949,1.0000000000000002
home_2ms,2,,raw,coherent_cross,tx3,even,-0.5,5,6,47.17239994645457,-0.1349306735716949,1.0000000000000002
home_2ms,2,,raw,coherent_cross,tx3,even,0.0,6,7,8.722851874325434,-0.01918914058805947,1.0
home_2ms,2,,raw,coherent_cross,tx3,even,0.5,6,7,8.722851874325434,-0.01918914058805947,1.0
home_2ms,2,,raw,coherent_cross,tx3,even,1.0,6,7,8.722851874325434,-0.01918914058805947,1.0
home_2ms,2,,raw,coherent_cross,tx3,odd,-1.0,5,6,-47.83505457942522,0.13810044387297057,1.0
home_2ms,2,,raw,coherent_cross,tx3,odd,-0.5,5,6,-47.83505457942522,0.13810044387297057,1.0
home_2ms,2,,raw,coherent_cross,tx3,odd,0.0,6,7,42.443024482717085,-0.11437508248264062,0.9999999999999998
home_2ms,2,,raw,coherent_cross,tx3,odd,0.5,6,7,42.443024482717085,-0.11437508248264062,0.9999999999999998
home_2ms,2,,raw,coherent_cross,tx3,odd,1.0,6,7,42.443024482717085,-0.11437508248264062,0.9999999999999998
home_2ms,2,,raw,coherent_cross,fused,all,-1.0,5,6,-27.694905364785775,0.06564796176430376,0.9380610650456874
home_2ms,2,,raw,coherent_cross,fused,all,-0.5,5,6,-27.694905364785775,0.06564796176430376,0.9380610650456874
home_2ms,2,,raw,coherent_cross,fused,all,0.0,6,7,42.3318987764242,-0.11393043437612778,0.9316084832229218
home_2ms,2,,raw,coherent_cross,fused,all,0.5,6,7,42.3318987764242,-0.11393043437612778,0.9316084832229218
home_2ms,2,,raw,coherent_cross,fused,all,1.0,6,7,42.3318987764242,-0.11393043437612778,0.9316084832229218
home_2ms,2,,raw,coherent_cross,fused,even,-1.0,5,6,74.86717579505655,-0.4624688917849117,0.9343020461981805
home_2ms,2,,raw,coherent_cross,fused,even,-0.5,5,6,74.86717579505655,-0.4624688917849117,0.9343020461981805
home_2ms,2,,raw,coherent_cross,fused,even,0.0,6,7,85.52024058476844,-1.5963487538565568,0.36213654402740497
home_2ms,2,,raw,coherent_cross,fused,even,0.5,6,7,85.52024058476844,-1.5963487538565568,0.36213654402740497
home_2ms,2,,raw,coherent_cross,fused,even,1.0,6,7,85.52024058476844,-1.5963487538565568,0.36213654402740497
home_2ms,2,,raw,coherent_cross,fused,odd,-1.0,5,6,67.58566700780615,-0.30322229569521997,0.8567093423422478
home_2ms,2,,raw,coherent_cross,fused,odd,-0.5,5,6,67.58566700780615,-0.30322229569521997,0.8567093423422478
home_2ms,2,,raw,coherent_cross,fused,odd,0.0,6,7,-61.94720174066971,0.23469662078354228,0.9208796285069184
home_2ms,2,,raw,coherent_cross,fused,odd,0.5,6,7,-61.94720174066971,0.23469662078354228,0.9208796285069184
home_2ms,2,,raw,coherent_cross,fused,odd,1.0,6,7,-61.94720174066971,0.23469662078354228,0.9208796285069184
home_2ms,2,,mti,loop_cross,tx1,all,-1.0,5,6,-71.06221495336258,0.3645090365585437,0.7567365827120548
home_2ms,2,,mti,loop_cross,tx1,all,-0.5,5,6,-71.06221495336258,0.3645090365585437,0.7567365827120548
home_2ms,2,,mti,loop_cross,tx1,all,0.0,6,7,54.69832524827857,-0.17662886751848603,0.8547385154225994
home_2ms,2,,mti,loop_cross,tx1,all,0.5,6,7,54.69832524827857,-0.17662886751848603,0.8547385154225994
home_2ms,2,,mti,loop_cross,tx1,all,1.0,6,7,54.69832524827857,-0.17662886751848603,0.8547385154225994
home_2ms,2,,mti,loop_cross,tx1,even,-1.0,5,6,-71.16419459150002,0.3666335341904144,0.6974408412843844
home_2ms,2,,mti,loop_cross,tx1,even,-0.5,5,6,-71.16419459150002,0.3666335341904144,0.6974408412843844
home_2ms,2,,mti,loop_cross,tx1,even,0.0,6,7,71.55691490180541,-0.3750263545900546,0.8708317705010403
home_2ms,2,,mti,loop_cross,tx1,even,0.5,6,7,71.55691490180541,-0.3750263545900546,0.8708317705010403
home_2ms,2,,mti,loop_cross,tx1,even,1.0,6,7,71.55691490180541,-0.3750263545900546,0.8708317705010403
home_2ms,2,,mti,loop_cross,tx1,odd,-1.0,5,6,-70.98043034140613,0.36282111413291424,0.8115583345341143
home_2ms,2,,mti,loop_cross,tx1,odd,-0.5,5,6,-70.98043034140613,0.36282111413291424,0.8115583345341143
home_2ms,2,,mti,loop_cross,tx1,odd,0.0,6,7,-16.545194427333257,0.037154151351157585,0.8757454342684549
home_2ms,2,,mti,loop_cross,tx1,odd,0.5,6,7,-16.545194427333257,0.037154151351157585,0.8757454342684549
home_2ms,2,,mti,loop_cross,tx1,odd,1.0,6,7,-16.545194427333257,0.037154151351157585,0.8757454342684549
home_2ms,2,,mti,loop_cross,tx3,all,-1.0,5,6,52.99099540746706,-0.16591653042646082,0.8290487150737734
home_2ms,2,,mti,loop_cross,tx3,all,-0.5,5,6,52.99099540746706,-0.16591653042646082,0.8290487150737734
home_2ms,2,,mti,loop_cross,tx3,all,0.0,6,7,71.5148439265455,-0.37411080689110904,0.889423129566194
home_2ms,2,,mti,loop_cross,tx3,all,0.5,6,7,71.5148439265455,-0.37411080689110904,0.889423129566194
home_2ms,2,,mti,loop_cross,tx3,all,1.0,6,7,71.5148439265455,-0.37411080689110904,0.889423129566194
home_2ms,2,,mti,loop_cross,tx3,even,-1.0,5,6,15.811517528230201,-0.03541782119984529,0.7536640739046828
home_2ms,2,,mti,loop_cross,tx3,even,-0.5,5,6,15.811517528230201,-0.03541782119984529,0.7536640739046828
home_2ms,2,,mti,loop_cross,tx3,even,0.0,6,7,77.80966321318725,-0.5789349244763705,0.8492384109409057
home_2ms,2,,mti,loop_cross,tx3,even,0.5,6,7,77.80966321318725,-0.5789349244763705,0.8492384109409057
home_2ms,2,,mti,loop_cross,tx3,even,1.0,6,7,77.80966321318725,-0.5789349244763705,0.8492384109409057
home_2ms,2,,mti,loop_cross,tx3,odd,-1.0,5,6,66.01045458443731,-0.2810452393006506,0.9236541642239651
home_2ms,2,,mti,loop_cross,tx3,odd,-0.5,5,6,66.01045458443731,-0.2810452393006506,0.9236541642239651
home_2ms,2,,mti,loop_cross,tx3,odd,0.0,6,7,53.78317533933016,-0.17077845309193346,0.9756005455213445
home_2ms,2,,mti,loop_cross,tx3,odd,0.5,6,7,53.78317533933016,-0.17077845309193346,0.9756005455213445
home_2ms,2,,mti,loop_cross,tx3,odd,1.0,6,7,53.78317533933016,-0.17077845309193346,0.9756005455213445
home_2ms,2,,mti,loop_cross,fused,all,-1.0,5,6,-41.2625902202479,0.10973028600519086,0.7622856512705375
home_2ms,2,,mti,loop_cross,fused,all,-0.5,5,6,-41.2625902202479,0.10973028600519086,0.7622856512705375
home_2ms,2,,mti,loop_cross,fused,all,0.0,6,7,65.4625209900656,-0.2739615470562096,0.8672454736453767
home_2ms,2,,mti,loop_cross,fused,all,0.5,6,7,65.4625209900656,-0.2739615470562096,0.8672454736453767
home_2ms,2,,mti,loop_cross,fused,all,1.0,6,7,65.4625209900656,-0.2739615470562096,0.8672454736453767
home_2ms,2,,mti,loop_cross,fused,even,-1.0,5,6,-53.14229297255913,0.16683121902355502,0.7097096903938194
home_2ms,2,,mti,loop_cross,fused,even,-0.5,5,6,-53.14229297255913,0.16683121902355502,0.7097096903938194
home_2ms,2,,mti,loop_cross,fused,even,0.0,6,7,75.2033200304656,-0.4734743181978765,0.8558076965948933
home_2ms,2,,mti,loop_cross,fused,even,0.5,6,7,75.2033200304656,-0.4734743181978765,0.8558076965948933
home_2ms,2,,mti,loop_cross,fused,even,1.0,6,7,75.2033200304656,-0.4734743181978765,0.8558076965948933
home_2ms,2,,mti,loop_cross,fused,odd,-1.0,5,6,-25.79065886533195,0.060435061017344326,0.8166630756125185
home_2ms,2,,mti,loop_cross,fused,odd,-0.5,5,6,-25.79065886533195,0.060435061017344326,0.8166630756125185
home_2ms,2,,mti,loop_cross,fused,odd,0.0,6,7,28.339027576211866,-0.06745208883990543,0.9183002794077046
home_2ms,2,,mti,loop_cross,fused,odd,0.5,6,7,28.339027576211866,-0.06745208883990543,0.9183002794077046
home_2ms,2,,mti,loop_cross,fused,odd,1.0,6,7,28.339027576211866,-0.06745208883990543,0.9183002794077046
home_2ms,2,,mti,coherent_cross,tx1,all,-1.0,5,6,-82.74202486166983,0.982022614752016,1.0
home_2ms,2,,mti,coherent_cross,tx1,all,-0.5,5,6,-82.74202486166983,0.982022614752016,1.0
home_2ms,2,,mti,coherent_cross,tx1,all,0.0,6,7,79.2381510018169,-0.6580093104307382,0.9999999999999998
home_2ms,2,,mti,coherent_cross,tx1,all,0.5,6,7,79.2381510018169,-0.6580093104307382,0.9999999999999998
home_2ms,2,,mti,coherent_cross,tx1,all,1.0,6,7,79.2381510018169,-0.6580093104307382,0.9999999999999998
home_2ms,2,,mti,coherent_cross,tx1,even,-1.0,5,6,-83.96457122102231,1.1829055555579642,1.0
home_2ms,2,,mti,coherent_cross,tx1,even,-0.5,5,6,-83.96457122102231,1.1829055555579642,1.0
home_2ms,2,,mti,coherent_cross,tx1,even,0.0,6,7,85.48719724111056,-1.5846121263275572,1.0000000000000002
home_2ms,2,,mti,coherent_cross,tx1,even,0.5,6,7,85.48719724111056,-1.5846121263275572,1.0000000000000002
home_2ms,2,,mti,coherent_cross,tx1,even,1.0,6,7,85.48719724111056,-1.5846121263275572,1.0000000000000002
home_2ms,2,,mti,coherent_cross,tx1,odd,-1.0,5,6,-78.16192517378315,0.5966854330987965,0.9999999999999999
home_2ms,2,,mti,coherent_cross,tx1,odd,-0.5,5,6,-78.16192517378315,0.5966854330987965,0.9999999999999999
home_2ms,2,,mti,coherent_cross,tx1,odd,0.0,6,7,3.651102921450174,-0.00798060686998244,1.0
home_2ms,2,,mti,coherent_cross,tx1,odd,0.5,6,7,3.651102921450174,-0.00798060686998244,1.0
home_2ms,2,,mti,coherent_cross,tx1,odd,1.0,6,7,3.651102921450174,-0.00798060686998244,1.0
home_2ms,2,,mti,coherent_cross,tx3,all,-1.0,5,6,-84.35162423883949,1.264547114067817,1.0
home_2ms,2,,mti,coherent_cross,tx3,all,-0.5,5,6,-84.35162423883949,1.264547114067817,1.0
home_2ms,2,,mti,coherent_cross,tx3,all,0.0,6,7,84.3164633866757,-1.2566729950503872,1.0
home_2ms,2,,mti,coherent_cross,tx3,all,0.5,6,7,84.3164633866757,-1.2566729950503872,1.0
home_2ms,2,,mti,coherent_cross,tx3,all,1.0,6,7,84.3164633866757,-1.2566729950503872,1.0
home_2ms,2,,mti,coherent_cross,tx3,even,-1.0,5,6,-86.0447609563819,1.8088615705596278,0.9999999999999999
home_2ms,2,,mti,coherent_cross,tx3,even,-0.5,5,6,-86.0447609563819,1.8088615705596278,0.9999999999999999
home_2ms,2,,mti,coherent_cross,tx3,even,0.0,6,7,85.90448325986208,-1.7467045293969756,1.0000000000000002
home_2ms,2,,mti,coherent_cross,tx3,even,0.5,6,7,85.90448325986208,-1.7467045293969756,1.0000000000000002
home_2ms,2,,mti,coherent_cross,tx3,even,1.0,6,7,85.90448325986208,-1.7467045293969756,1.0000000000000002
home_2ms,2,,mti,coherent_cross,tx3,odd,-1.0,5,6,-68.851440267427,0.3233050836741939,1.0000000000000002
home_2ms,2,,mti,coherent_cross,tx3,odd,-0.5,5,6,-68.851440267427,0.3233050836741939,1.0000000000000002
home_2ms,2,,mti,coherent_cross,tx3,odd,0.0,6,7,74.58623461192923,-0.4536306502722129,1.0
home_2ms,2,,mti,coherent_cross,tx3,odd,0.5,6,7,74.58623461192923,-0.4536306502722129,1.0
home_2ms,2,,mti,coherent_cross,tx3,odd,1.0,6,7,74.58623461192923,-0.4536306502722129,1.0
home_2ms,2,,mti,coherent_cross,fused,all,-1.0,5,6,-83.66512262318172,1.1265636767032359,0.9900443909538177
home_2ms,2,,mti,coherent_cross,fused,all,-0.5,5,6,-83.66512262318172,1.1265636767032359,0.9900443909538177
home_2ms,2,,mti,coherent_cross,fused,all,0.0,6,7,82.1351785401997,-0.9053991502361037,0.9568241820354209
home_2ms,2,,mti,coherent_cross,fused,all,0.5,6,7,82.1351785401997,-0.9053991502361037,0.9568241820354209
home_2ms,2,,mti,coherent_cross,fused,all,1.0,6,7,82.1351785401997,-0.9053991502361037,0.9568241820354209
home_2ms,2,,mti,coherent_cross,fused,even,-1.0,5,6,-85.32370390776333,1.5289767280815352,0.9519420971524662
home_2ms,2,,mti,coherent_cross,fused,even,-0.5,5,6,-85.32370390776333,1.5289767280815352,0.9519420971524662
home_2ms,2,,mti,coherent_cross,fused,even,0.0,6,7,85.6683304964409,-1.6511436428181212,0.9968225554156619
home_2ms,2,,mti,coherent_cross,fused,even,0.5,6,7,85.6683304964409,-1.6511436428181212,0.9968225554156619
home_2ms,2,,mti,coherent_cross,fused,even,1.0,6,7,85.6683304964409,-1.6511436428181212,0.9968225554156619
home_2ms,2,,mti,coherent_cross,fused,odd,-1.0,5,6,-74.21807223110491,0.44251350780560633,0.9908238345982909
home_2ms,2,,mti,coherent_cross,fused,odd,-0.5,5,6,-74.21807223110491,0.44251350780560633,0.9908238345982909
home_2ms,2,,mti,coherent_cross,fused,odd,0.0,6,7,61.674136707978306,-0.2320254373767964,0.9752777781107325
home_2ms,2,,mti,coherent_cross,fused,odd,0.5,6,7,61.674136707978306,-0.2320254373767964,0.9752777781107325
home_2ms,2,,mti,coherent_cross,fused,odd,1.0,6,7,61.674136707978306,-0.2320254373767964,0.9752777781107325
home_2ms,3,,raw,loop_cross,tx1,all,-1.0,4,5,69.08273836577403,-0.30255513756801405,0.5889843956220449
home_2ms,3,,raw,loop_cross,tx1,all,-0.5,4,5,69.07645399397809,-0.30255513756801405,0.5889843956220449
home_2ms,3,,raw,loop_cross,tx1,all,0.0,4,5,69.07017014921468,-0.30255513756801405,0.5889843956220449
home_2ms,3,,raw,loop_cross,tx1,all,0.5,4,5,69.0638868315686,-0.30255513756801405,0.5889843956220449
home_2ms,3,,raw,loop_cross,tx1,all,1.0,5,6,-75.61673753860637,0.4515243635945614,0.24441112336227006
home_2ms,3,,raw,loop_cross,tx1,even,-1.0,4,5,65.36477579545421,-0.2521678409294854,0.8209805122417089
home_2ms,3,,raw,loop_cross,tx1,even,-0.5,4,5,65.35763585076829,-0.2521678409294854,0.8209805122417089
home_2ms,3,,raw,loop_cross,tx1,even,0.0,4,5,65.35049672229809,-0.2521678409294854,0.8209805122417089
home_2ms,3,,raw,loop_cross,tx1,even,0.5,4,5,65.3433584101253,-0.2521678409294854,0.8209805122417089
home_2ms,3,,raw,loop_cross,tx1,even,1.0,5,6,-85.20476511297701,1.3802969029515062,0.40938369383296747
home_2ms,3,,raw,loop_cross,tx1,odd,-1.0,4,5,74.11645513902344,-0.4063969050915577,0.37429791841088933
home_2ms,3,,raw,loop_cross,tx1,odd,-0.5,4,5,74.11149461946007,-0.4063969050915577,0.37429791841088933
home_2ms,3,,raw,loop_cross,tx1,odd,0.0,4,5,74.10653434437322,-0.4063969050915577,0.37429791841088933
home_2ms,3,,raw,loop_cross,tx1,odd,0.5,4,5,74.10157431381916,-0.4063969050915577,0.37429791841088933
home_2ms,3,,raw,loop_cross,tx1,odd,1.0,5,6,74.58817057264275,-0.4200384263811864,0.378728256994837
home_2ms,3,,raw,loop_cross,tx3,all,-1.0,4,5,-76.1946649859659,0.47060861530003556,0.6389279110115348
home_2ms,3,,raw,loop_cross,tx3,all,-0.5,4,5,-76.19029810464954,0.47060861530003556,0.6389279110115348
home_2ms,3,,raw,loop_cross,tx3,all,0.0,4,5,-76.18593138694747,0.47060861530003556,0.6389279110115348
home_2ms,3,,raw,loop_cross,tx3,all,0.5,4,5,-76.18156483290124,0.47060861530003556,0.6389279110115348
home_2ms,3,,raw,loop_cross,tx3,all,1.0,5,6,-86.6573673532205,1.9825141785536464,0.0400442954237206
home_2ms,3,,raw,loop_cross,tx3,even,-1.0,4,5,-74.87747825886268,0.4279084510683821,0.6247809752801575
home_2ms,3,,raw,loop_cross,tx3,even,-0.5,4,5,-74.87273225760258,0.4279084510683821,0.6247809752801575
home_2ms,3,,raw,loop_cross,tx3,even,0.0,4,5,-74.86798646888212,0.4279084510683821,0.6247809752801575
home_2ms,3,,raw,loop_cross,tx3,even,0.5,4,5,-74.86324089275219,0.4279084510683821,0.6247809752801575
home_2ms,3,,raw,loop_cross,tx3,even,1.0,5,6,87.48121975155597,-2.6322545492910625,0.3718500682317241
home_2ms,3,,raw,loop_cross,tx3,odd,-1.0,4,5,-77.28690710714586,0.5125846486795782,0.6546635325568952
home_2ms,3,,raw,loop_cross,tx3,odd,-0.5,4,5,-77.28286163948619,0.5125846486795782,0.6546635325568952
home_2ms,3,,raw,loop_cross,tx3,odd,0.0,4,5,-77.27881630074424,0.5125846486795782,0.6546635325568952
home_2ms,3,,raw,loop_cross,tx3,odd,0.5,4,5,-77.27477109095419,0.5125846486795782,0.6546635325568952
home_2ms,3,,raw,loop_cross,tx3,odd,1.0,5,6,-80.89255904385487,0.7223077170181823,0.3662124746454418
home_2ms,3,,raw,loop_cross,fused,all,-1.0,4,5,-31.248499422538455,0.07016734078749634,0.5669767283756532
home_2ms,3,,raw,loop_cross,fused,all,-0.5,4,5,-31.240143797208408,0.07016734078749634,0.5669767283756532
home_2ms,3,,raw,loop_cross,fused,all,0.0,4,5,-31.23179218764745,0.07016734078749634,0.5669767283756532
home_2ms,3,,raw,loop_cross,fused,all,0.5,4,5,-31.22344459131591,0.07016734078749634,0.5669767283756532
home_2ms,3,,raw,loop_cross,fused,all,1.0,5,6,-79.32332985519766,0.6141781022013841,0.1240965709707624
home_2ms,3,,raw,loop_cross,fused,even,-1.0,4,5,-10.915945759761238,0.0223019450228991,0.6877015050154646
home_2ms,3,,raw,loop_cross,fused,even,-0.5,4,5,-10.91244278710252,0.0223019450228991,0.6877015050154646
home_2ms,3,,raw,loop_cross,fused,even,0.0,4,5,-10.908942034735379,0.0223019450228991,0.6877015050154646
home_2ms,3,,raw,loop_cross,fused,even,0.5,4,5,-10.905443500575657,0.0223019450228991,0.6877015050154646
home_2ms,3,,raw,loop_cross,fused,even,1.0,5,6,-87.30265965951446,2.4577703699514237,0.16488832178097965
home_2ms,3,,raw,loop_cross,fused,odd,-1.0,4,5,-50.795695468842105,0.14176570951702408,0.45062840560706263
home_2ms,3,,raw,loop_cross,fused,odd,-0.5,4,5,-50.786466346706455,0.14176570951702408,0.45062840560706263
home_2ms,3,,raw,loop_cross,fused,odd,0.0,4,5,-50.777239650008106,0.14176570951702408,0.45062840560706263
home_2ms,3,,raw,loop_cross,fused,odd,0.5,4,5,-50.76801537826942,0.14176570951702408,0.45062840560706263
home_2ms,3,,raw,loop_cross,fused,odd,1.0,5,6,-49.053533461917205,0.13345412710655383,0.31345259090696564
home_2ms,3,,raw,coherent_cross,tx1,all,-1.0,4,5,-87.32787022006038,2.4777328859445453,1.0
home_2ms,3,,raw,coherent_cross,tx1,all,-0.5,4,5,-87.32699261130892,2.4777328859445453,1.0
home_2ms,3,,raw,coherent_cross,tx1,all,0.0,4,5,-87.32611500381265,2.4777328859445453,1.0
home_2ms,3,,raw,coherent_cross,tx1,all,0.5,4,5,-87.32523739757194,2.4777328859445453,1.0
home_2ms,3,,raw,coherent_cross,tx1,all,1.0,5,6,85.17708850679254,-1.3723387587124665,1.0000000000000002
home_2ms,3,,raw,coherent_cross,tx1,even,-1.0,4,5,-49.02814268432235,0.13315952437537434,1.0
home_2ms,3,,raw,coherent_cross,tx1,even,-0.5,4,5,-49.018814492653746,0.13315952437537434,1.0
home_2ms,3,,raw,coherent_cross,tx1,even,0.0,4,5,-49.00948893886168,0.13315952437537434,1.0
home_2ms,3,,raw,coherent_cross,tx1,even,0.5,4,5,-49.00016602232128,0.13315952437537434,1.0
home_2ms,3,,raw,coherent_cross,tx1,even,1.0,5,6,-86.96438886991257,2.1834602821151115,1.0
home_2ms,3,,raw,coherent_cross,tx1,odd,-1.0,4,5,-50.8374765476034,0.14197695893073228,1.0
home_2ms,3,,raw,coherent_cross,tx1,odd,-0.5,4,5,-50.8282501939634,0.14197695893073228,1.0
home_2ms,3,,raw,coherent_cross,tx1,odd,0.0,4,5,-50.819026260700234,0.14197695893073228,1.0
home_2ms,3,,raw,coherent_cross,tx1,odd,0.5,4,5,-50.809804747339555,0.14197695893073228,1.0
home_2ms,3,,raw,coherent_cross,tx1,odd,1.0,5,6,-72.3761811152343,0.3644941938853174,1.0
home_2ms,3,,raw,coherent_cross,tx3,all,-1.0,4,5,-86.46470180997379,1.8717565955116937,1.0
home_2ms,3,,raw,coherent_cross,tx3,all,-0.5,4,5,-86.46354197478425,1.8717565955116937,1.0
home_2ms,3,,raw,coherent_cross,tx3,all,0.0,4,5,-86.46238214249671,1.8717565955116937,1.0
home_2ms,3,,raw,coherent_cross,tx3,all,0.5,4,5,-86.4612223131121,1.8717565955116937,1.0
home_2ms,3,,raw,coherent_cross,tx3,all,1.0,5,6,-87.2592238033724,2.418761519285821,0.9999999999999998
home_2ms,3,,raw,coherent_cross,tx3,even,-1.0,4,5,-84.95915640540271,1.310995740437884,1.0
home_2ms,3,,raw,coherent_cross,tx3,even,-0.5,4,5,-84.95750698116505,1.310995740437884,1.0
home_2ms,3,,raw,coherent_cross,tx3,even,0.0,4,5,-84.95585756530686,1.310995740437884,1.0
home_2ms,3,,raw,coherent_cross,tx3,even,0.5,4,5,-84.95420815783078,1.310995740437884,1.0
home_2ms,3,,raw,coherent_cross,tx3,even,1.0,5,6,87.61872462714645,-2.784442674722535,1.0
home_2ms,3,,raw,coherent_cross,tx3,odd,-1.0,4,5,-84.47345642638426,1.1951534384937408,1.0
home_2ms,3,,raw,coherent_cross,tx3,odd,-0.5,4,5,-84.4716499644188,1.1951534384937408,1.0
home_2ms,3,,raw,coherent_cross,tx3,odd,0.0,4,5,-84.46984351347854,1.1951534384937408,1.0
home_2ms,3,,raw,coherent_cross,tx3,odd,0.5,4,5,-84.46803707356695,1.1951534384937408,1.0
home_2ms,3,,raw,coherent_cross,tx3,odd,1.0,5,6,-87.47279770648048,2.623471080639728,0.9999999999999999
home_2ms,3,,raw,coherent_cross,fused,all,-1.0,4,5,-86.97790699663193,2.1903636732964284,0.9545655993209334
home_2ms,3,,raw,coherent_cross,fused,all,-0.5,4,5,-86.9769148513602,2.1903636732964284,0.9545655993209334
home_2ms,3,,raw,coherent_cross,fused,all,0.0,4,5,-86.97592270790314,2.1903636732964284,0.9545655993209334
home_2ms,3,,raw,coherent_cross,fused,all,0.5,4,5,-86.97493056626128,2.1903636732964284,0.9545655993209334
home_2ms,3,,raw,coherent_cross,fused,all,1.0,5,6,86.74826235698917,-2.0380551268213085,0.3815396755014497
home_2ms,3,,raw,coherent_cross,fused,even,-1.0,4,5,-81.21581301122752,0.7483487308727499,0.8318291507101331
home_2ms,3,,raw,coherent_cross,fused,even,-0.5,4,5,-81.21296890992797,0.7483487308727499,0.8318291507101331
home_2ms,3,,raw,coherent_cross,fused,even,0.0,4,5,-81.21012485227335,0.7483487308727499,0.8318291507101331
home_2ms,3,,raw,coherent_cross,fused,even,0.5,4,5,-81.2072808382767,0.7483487308727499,0.8318291507101331
home_2ms,3,,raw,coherent_cross,fused,even,1.0,5,6,-87.76863654619282,2.9717214722868066,0.7982361798095853
home_2ms,3,,raw,coherent_cross,fused,odd,-1.0,4,5,-79.70430768383035,0.636592523653335,0.8649688745312198
home_2ms,3,,raw,coherent_cross,fused,odd,-0.5,4,5,-79.7009938160435,0.636592523653335,0.8649688745312198
home_2ms,3,,raw,coherent_cross,fused,odd,0.0,4,5,-79.69768001791198,0.636592523653335,0.8649688745312198
home_2ms,3,,raw,coherent_cross,fused,odd,0.5,4,5,-79.69436628945574,0.636592523653335,0.8649688745312198
home_2ms,3,,raw,coherent_cross,fused,odd,1.0,5,6,-86.02517911993573,1.6664143661940753,0.4335517890719816
home_2ms,3,,mti,loop_cross,tx1,all,-1.0,4,5,-23.846075171626914,0.05111400992841859,0.7337300031853949
home_2ms,3,,mti,loop_cross,tx1,all,-0.5,4,5,-23.839108781333884,0.05111400992841859,0.7337300031853949
home_2ms,3,,mti,loop_cross,tx1,all,0.0,4,5,-23.832146222739297,0.05111400992841859,0.7337300031853949
home_2ms,3,,mti,loop_cross,tx1,all,0.5,4,5,-23.8251874928882,0.05111400992841859,0.7337300031853949
home_2ms,3,,mti,loop_cross,tx1,all,1.0,5,6,-10.236517215858447,0.0209103160191336,0.9771899161214929
home_2ms,3,,mti,loop_cross,tx1,even,-1.0,4,5,-72.5612527343906,0.36813196421217276,0.6429958600390498
home_2ms,3,,mti,loop_cross,tx1,even,-0.5,4,5,-72.55586488341159,0.36813196421217276,0.6429958600390498
home_2ms,3,,mti,loop_cross,tx1,even,0.0,4,5,-72.55047735082049,0.36813196421217276,0.6429958600390498
home_2ms,3,,mti,loop_cross,tx1,even,0.5,4,5,-72.54509013668434,0.36813196421217276,0.6429958600390498
home_2ms,3,,mti,loop_cross,tx1,even,1.0,5,6,13.431143147479672,-0.027651865769019148,0.9924802021988784
home_2ms,3,,mti,loop_cross,tx1,odd,-1.0,4,5,56.23899709182019,-0.17299410890562592,0.8746656578899502
home_2ms,3,,mti,loop_cross,tx1,odd,-0.5,4,5,56.23029133454967,-0.17299410890562592,0.8746656578899502
home_2ms,3,,mti,loop_cross,tx1,odd,0.0,4,5,56.221587345954674,-0.17299410890562592,0.8746656578899502
home_2ms,3,,mti,loop_cross,tx1,odd,0.5,4,5,56.21288512589787,-0.17299410890562592,0.8746656578899502
home_2ms,3,,mti,loop_cross,tx1,odd,1.0,5,6,-27.444628336923774,0.06013490991237235,0.9668217348556148
home_2ms,3,,mti,loop_cross,tx3,all,-1.0,4,5,68.67449827278743,-0.2962091478308031,0.802231116228662
home_2ms,3,,mti,loop_cross,tx3,all,-0.5,4,5,68.66811451321094,-0.2962091478308031,0.802231116228662
home_2ms,3,,mti,loop_cross,tx3,all,0.0,4,5,68.66173130911822,-0.2962091478308031,0.802231116228662
home_2ms,3,,mti,loop_cross,tx3,all,0.5,4,5,68.65534866059525,-0.2962091478308031,0.802231116228662
home_2ms,3,,mti,loop_cross,tx3,all,1.0,5,6,64.21591820255034,-0.23969545536363462,0.9247710471076448
home_2ms,3,,mti,loop_cross,tx3,even,-1.0,4,5,61.464378749030054,-0.2126651894807431,0.8485588367081812
home_2ms,3,,mti,loop_cross,tx3,even,-0.5,4,5,61.45647059202478,-0.2126651894807431,0.8485588367081812
home_2ms,3,,mti,loop_cross,tx3,even,0.0,4,5,61.448563622273284,-0.2126651894807431,0.8485588367081812
home_2ms,3,,mti,loop_cross,tx3,even,0.5,4,5,61.44065783980934,-0.2126651894807431,0.8485588367081812
home_2ms,3,,mti,loop_cross,tx3,even,1.0,5,6,24.799953060169827,-0.05350291477538464,0.9342701369293184
home_2ms,3,,mti,loop_cross,tx3,odd,-1.0,4,5,73.1813050732813,-0.38256376263377373,0.7646872883634435
home_2ms,3,,mti,loop_cross,tx3,odd,-0.5,4,5,73.17608576321065,-0.38256376263377373,0.7646872883634435
home_2ms,3,,mti,loop_cross,tx3,odd,0.0,4,5,73.17086674065008,-0.38256376263377373,0.7646872883634435
home_2ms,3,,mti,loop_cross,tx3,odd,0.5,4,5,73.16564800566243,-0.38256376263377373,0.7646872883634435
home_2ms,3,,mti,loop_cross,tx3,odd,1.0,5,6,72.69291756416811,-0.3716008410243346,0.9376572613004318
home_2ms,3,,mti,loop_cross,fused,all,-1.0,4,5,51.33062731223045,-0.14449932896215917,0.759344845925516
home_2ms,3,,mti,loop_cross,fused,all,-0.5,4,5,51.32143511706585,-0.14449932896215917,0.759344845925516
home_2ms,3,,mti,loop_cross,fused,all,0.0,4,5,51.312245282464886,-0.14449932896215917,0.759344845925516
home_2ms,3,,mti,loop_cross,fused,all,0.5,4,5,51.303057807991024,-0.14449932896215917,0.759344845925516
home_2ms,3,,mti,loop_cross,fused,all,1.0,5,6,45.1587150597665,-0.11643445559238842,0.9408323760615624
home_2ms,3,,mti,loop_cross,fused,even,-1.0,4,5,-7.9223982135808635,0.01609231992232872,0.7228887644420772
home_2ms,3,,mti,loop_cross,fused,even,-0.5,4,5,-7.91982639422507,0.01609231992232872,0.7228887644420772
home_2ms,3,,mti,loop_cross,fused,even,0.0,4,5,-7.917256233450354,0.01609231992232872,0.7228887644420772
home_2ms,3,,mti,loop_cross,fused,even,0.5,4,5,-7.91468772966313,0.01609231992232872,0.7228887644420772
home_2ms,3,,mti,loop_cross,fused,even,1.0,5,6,19.442912239073493,-0.040874009786437716,0.9617487560301329
home_2ms,3,,mti,loop_cross,fused,odd,-1.0,4,5,67.58007483668348,-0.2802846120129126,0.8102193702912291
home_2ms,3,,mti,loop_cross,fused,odd,-0.5,4,5,67.5734310882343,-0.2802846120129126,0.8102193702912291
home_2ms,3,,mti,loop_cross,fused,odd,0.0,4,5,67.56678797561386,-0.2802846120129126,0.8102193702912291
home_2ms,3,,mti,loop_cross,fused,odd,0.5,4,5,67.56014549890946,-0.2802846120129126,0.8102193702912291
home_2ms,3,,mti,loop_cross,fused,odd,1.0,5,6,56.477814563629444,-0.1747942766247519,0.9288531026170221
home_2ms,3,,mti,coherent_cross,tx1,all,-1.0,4,5,-83.83321644141397,1.0702538563087192,1.0
home_2ms,3,,mti,coherent_cross,tx1,all,-0.5,4,5,-83.83120377648639,1.0702538563087192,1.0
home_2ms,3,,mti,coherent_cross,tx1,all,0.0,4,5,-83.82919112684178,1.0702538563087192,1.0
home_2ms,3,,mti,coherent_cross,tx1,all,0.5,4,5,-83.82717849248492,1.0702538563087192,1.0
home_2ms,3,,mti,coherent_cross,tx1,all,1.0,5,6,86.56554009004834,-1.9293855131778117,0.9999999999999999
home_2ms,3,,mti,coherent_cross,tx1,even,-1.0,4,5,-81.36664087410372,0.7616279976467303,1.0
home_2ms,3,,mti,coherent_cross,tx1,even,-0.5,4,5,-81.3638441054512,0.7616279976467303,1.0
home_2ms,3,,mti,coherent_cross,tx1,even,0.0,4,5,-81.36104737826714,0.7616279976467303,1.0
home_2ms,3,,mti,coherent_cross,tx1,even,0.5,4,5,-81.35825069256401,0.7616279976467303,1.0
home_2ms,3,,mti,coherent_cross,tx1,even,1.0,5,6,22.999588495441113,-0.04914945230284447,1.0000000000000002
home_2ms,3,,mti,coherent_cross,tx1,odd,-1.0,4,5,85.65627697290036,-1.5224105492146704,1.0
home_2ms,3,,mti,coherent_cross,tx1,odd,-0.5,4,5,85.65485376092104,-1.5224105492146704,1.0
home_2ms,3,,mti,coherent_cross,tx1,odd,0.0,4,5,85.65343055431401,-1.5224105492146704,1.0
home_2ms,3,,mti,coherent_cross,tx1,odd,0.5,4,5,85.65200735308102,-1.5224105492146704,1.0
home_2ms,3,,mti,coherent_cross,tx1,odd,1.0,5,6,-81.79961494792434,0.8034967725502595,1.0
home_2ms,3,,mti,coherent_cross,tx3,all,-1.0,4,5,87.67988646154605,-2.8541734266828276,0.9999999999999998
home_2ms,3,,mti,coherent_cross,tx3,all,-0.5,4,5,87.67912419338066,-2.8541734266828276,0.9999999999999998
home_2ms,3,,mti,coherent_cross,tx3,all,0.0,4,5,87.67836192603731,-2.8541734266828276,0.9999999999999998
home_2ms,3,,mti,coherent_cross,tx3,all,0.5,4,5,87.67759965951626,-2.8541734266828276,0.9999999999999998
home_2ms,3,,mti,coherent_cross,tx3,all,1.0,5,6,-86.48308438139165,1.884040336530495,1.0
home_2ms,3,,mti,coherent_cross,tx3,even,-1.0,4,5,-79.439800726963,0.6202944480482595,1.0
home_2ms,3,,mti,coherent_cross,tx3,even,-0.5,4,5,-79.43640556409157,0.6202944480482595,1.0
home_2ms,3,,mti,coherent_cross,tx3,even,0.0,4,5,-79.43301047625593,0.6202944480482595,1.0
home_2ms,3,,mti,coherent_cross,tx3,even,0.5,4,5,-79.42961546347742,0.6202944480482595,1.0
home_2ms,3,,mti,coherent_cross,tx3,even,1.0,5,6,-53.11216681696075,0.1542875779159795,1.0
home_2ms,3,,mti,coherent_cross,tx3,odd,-1.0,4,5,76.70998410050674,-0.48956854891059515,1.0
home_2ms,3,,mti,coherent_cross,tx3,odd,-0.5,4,5,76.70576809909896,-0.48956854891059515,1.0
home_2ms,3,,mti,coherent_cross,tx3,odd,0.0,4,5,76.701552244289,-0.48956854891059515,1.0
home_2ms,3,,mti,coherent_cross,tx3,odd,0.5,4,5,76.69733653611486,-0.48956854891059515,1.0
home_2ms,3,,mti,coherent_cross,tx3,odd,1.0,5,6,85.95751413097835,-1.6384306950672263,1.0
home_2ms,3,,mti,coherent_cross,fused,all,-1.0,4,5,-86.9874446498622,2.197311152337323,0.38202170480070463
home_2ms,3,,mti,coherent_cross,fused,all,-0.5,4,5,-86.98645562420288,2.197311152337323,0.38202170480070463
home_2ms,3,,mti,coherent_cross,fused,all,0.0,4,5,-86.98546660034107,2.197311152337323,0.38202170480070463
home_2ms,3,,mti,coherent_cross,fused,all,0.5,4,5,-86.98447757827739,2.197311152337323,0.38202170480070463
home_2ms,3,,mti,coherent_cross,fused,all,1.0,5,6,-87.7459488307814,2.941779766114576,0.3348749195189062
home_2ms,3,,mti,coherent_cross,fused,even,-1.0,4,5,-80.45682394123038,0.6878469782068292,0.9975089795551605
home_2ms,3,,mti,coherent_cross,fused,even,-0.5,4,5,-80.45374287852461,0.6878469782068292,0.9975089795551605
home_2ms,3,,mti,coherent_cross,fused,even,0.0,4,5,-80.4506618715446,0.6878469782068292,0.9975089795551605
home_2ms,3,,mti,coherent_cross,fused,even,0.5,4,5,-80.44758092030665,0.6878469782068292,0.9975089795551605
home_2ms,3,,mti,coherent_cross,fused,even,1.0,5,6,-33.768711927916435,0.07742389419697633,0.9951384947277971
home_2ms,3,,mti,coherent_cross,fused,odd,-1.0,4,5,82.7844559073056,-0.9133842703632092,0.873334018084411
home_2ms,3,,mti,coherent_cross,fused,odd,-0.5,4,5,82.78210768675733,-0.9133842703632092,0.873334018084411
home_2ms,3,,mti,coherent_cross,fused,odd,0.0,4,5,82.77975949058572,-0.9133842703632092,0.873334018084411
home_2ms,3,,mti,coherent_cross,fused,odd,0.5,4,5,82.77741131879829,-0.9133842703632092,0.873334018084411
home_2ms,3,,mti,coherent_cross,fused,odd,1.0,5,6,74.24039434668231,-0.4103011911399098,0.34274934482438585
home_2ms,4,,raw,loop_cross,tx1,all,-1.0,4,5,-79.14426189655072,0.6062750218614292,0.44305624654019155
home_2ms,4,,raw,loop_cross,tx1,all,-0.5,4,5,-79.13560941058897,0.6062750218614292,0.44305624654019155
home_2ms,4,,raw,loop_cross,tx1,all,0.0,5,6,-79.22931451262117,0.6121766569942216,0.36191744114335495
home_2ms,4,,raw,loop_cross,tx1,all,0.5,5,6,-79.22074057542883,0.6121766569942216,0.36191744114335495
home_2ms,4,,raw,loop_cross,tx1,all,1.0,5,6,-79.21216712674945,0.6121766569942216,0.36191744114335495
home_2ms,4,,raw,loop_cross,tx1,even,-1.0,4,5,-80.86745225332143,0.723232588288132,0.5654463639926058
home_2ms,4,,raw,loop_cross,tx1,even,-0.5,4,5,-80.86012164438237,0.723232588288132,0.5654463639926058
home_2ms,4,,raw,loop_cross,tx1,even,0.0,5,6,-80.81317895409734,0.7200603601345663,0.3305966504582426
home_2ms,4,,raw,loop_cross,tx1,even,0.5,5,6,-80.80581830050616,0.7200603601345663,0.3305966504582426
home_2ms,4,,raw,loop_cross,tx1,even,1.0,5,6,-80.7984579530146,0.7200603601345663,0.3305966504582426
home_2ms,4,,raw,loop_cross,tx1,odd,-1.0,4,5,-72.27743531921085,0.3638101289275859,0.31600748944784
home_2ms,4,,raw,loop_cross,tx1,odd,-0.5,4,5,-72.26387193463852,0.3638101289275859,0.31600748944784
home_2ms,4,,raw,loop_cross,tx1,odd,0.0,5,6,-77.20456418398192,0.5127648717082464,0.40107081507709036
home_2ms,4,,raw,loop_cross,tx1,odd,0.5,5,6,-77.19447792493632,0.5127648717082464,0.40107081507709036
home_2ms,4,,raw,loop_cross,tx1,odd,1.0,5,6,-77.18439247298492,0.5127648717082464,0.40107081507709036
home_2ms,4,,raw,loop_cross,tx3,all,-1.0,4,5,74.50222704879278,-0.4192995815707027,0.5205528353835234
home_2ms,4,,raw,loop_cross,tx3,all,-0.5,4,5,74.49018255913782,-0.4192995815707027,0.5205528353835234
home_2ms,4,,raw,loop_cross,tx3,all,0.0,5,6,-24.19444428221986,0.05232309509555633,0.41623886544018146
home_2ms,4,,raw,loop_cross,tx3,all,0.5,5,6,-24.17699662635801,0.05232309509555633,0.41623886544018146
home_2ms,4,,raw,loop_cross,tx3,all,1.0,5,6,-24.15957260839993,0.05232309509555633,0.41623886544018146
home_2ms,4,,raw,loop_cross,tx3,even,-1.0,4,5,66.38619495568749,-0.26594427746255195,0.820657703630872
home_2ms,4,,raw,loop_cross,tx3,even,-0.5,4,5,66.36902759324833,-0.26594427746255195,0.820657703630872
home_2ms,4,,raw,loop_cross,tx3,even,0.0,5,6,59.62173951472852,-0.1986643267332221,0.4368912260099459
home_2ms,4,,raw,loop_cross,tx3,even,0.5,5,6,59.6013680352712,-0.1986643267332221,0.4368912260099459
home_2ms,4,,raw,loop_cross,tx3,even,1.0,5,6,59.58100505076915,-0.1986643267332221,0.4368912260099459
home_2ms,4,,raw,loop_cross,tx3,odd,-1.0,4,5,83.26292718847571,-0.9842163345642194,0.2496541319641811
home_2ms,4,,raw,loop_cross,tx3,odd,-0.5,4,5,83.25747722167614,-0.9842163345642194,0.2496541319641811
home_2ms,4,,raw,loop_cross,tx3,odd,0.0,5,6,-73.01856199537575,0.381346890543206,0.4304013122238887
home_2ms,4,,raw,loop_cross,tx3,odd,0.5,5,6,-73.00551723942623,0.381346890543206,0.4304013122238887
home_2ms,4,,raw,loop_cross,tx3,odd,1.0,5,6,-72.99247429860894,0.381346890543206,0.4304013122238887
home_2ms,4,,raw,loop_cross,fused,all,-1.0,4,5,-25.29130146716265,0.054936390540695296,0.4197423030493148
home_2ms,4,,raw,loop_cross,fused,all,-0.5,4,5,-25.273243775743747,0.054936390540695296,0.4197423030493148
home_2ms,4,,raw,loop_cross,fused,all,0.0,5,6,-70.0656941712393,0.3211007981825343,0.3731447180092449
home_2ms,4,,raw,loop_cross,fused,all,0.5,5,6,-70.05072634675108,0.3211007981825343,0.3731447180092449
home_2ms,4,,raw,loop_cross,fused,all,1.0,5,6,-70.03576136025129,0.3211007981825343,0.3731447180092449
home_2ms,4,,raw,loop_cross,fused,even,-1.0,4,5,-51.318014465235784,0.14521538051941232,0.6087568926924636
home_2ms,4,,raw,loop_cross,fused,even,-0.5,4,5,-51.29519824420064,0.14521538051941232,0.6087568926924636
home_2ms,4,,raw,loop_cross,fused,even,0.0,5,6,-58.80554902553814,0.19233104903427145,0.3447653091440591
home_2ms,4,,raw,loop_cross,fused,even,0.5,5,6,-58.78486112011697,0.19233104903427145,0.3447653091440591
home_2ms,4,,raw,loop_cross,fused,even,1.0,5,6,-58.764182263904814,0.19233104903427145,0.3447653091440591
home_2ms,4,,raw,loop_cross,fused,odd,-1.0,4,5,62.45743777928672,-0.22293755374083982,0.22162131686911327
home_2ms,4,,raw,loop_cross,fused,odd,-0.5,4,5,62.438261234606344,-0.22293755374083982,0.22162131686911327
home_2ms,4,,raw,loop_cross,fused,odd,0.0,5,6,-75.4669410705941,0.449226186254409,0.4138421714648042
home_2ms,4,,raw,loop_cross,fused,odd,0.5,5,6,-75.45559687212531,0.449226186254409,0.4138421714648042
home_2ms,4,,raw,loop_cross,fused,odd,1.0,5,6,-75.44425383900268,0.449226186254409,0.4138421714648042
home_2ms,4,,raw,coherent_cross,tx1,all,-1.0,4,5,-86.98259885436507,2.2056419033978574,1.0
home_2ms,4,,raw,coherent_cross,tx1,all,-0.5,4,5,-86.9801398079882,2.2056419033978574,1.0
home_2ms,4,,raw,coherent_cross,tx1,all,0.0,5,6,-83.29045554998439,0.9899056404023368,1.0
home_2ms,4,,raw,coherent_cross,tx1,all,0.5,5,6,-83.28503629145119,0.9899056404023368,1.0
home_2ms,4,,raw,coherent_cross,tx1,all,1.0,5,6,-83.27961715361411,0.9899056404023368,1.0
home_2ms,4,,raw,coherent_cross,tx1,even,-1.0,4,5,-87.06643450323648,2.2687899734255708,1.0000000000000002
home_2ms,4,,raw,coherent_cross,tx1,even,-0.5,4,5,-87.06404353644466,2.2687899734255708,1.0000000000000002
home_2ms,4,,raw,coherent_cross,tx1,even,0.0,5,6,84.42999727994383,-1.1941306399405434,0.9999999999999997
home_2ms,4,,raw,coherent_cross,tx1,even,0.5,5,6,84.42548556452846,-1.1941306399405434,0.9999999999999997
home_2ms,4,,raw,coherent_cross,tx1,even,1.0,5,6,84.42097391846234,-1.1941306399405434,0.9999999999999997
home_2ms,4,,raw,coherent_cross,tx1,odd,-1.0,4,5,87.158649438243,-2.3425494912505553,1.0
home_2ms,4,,raw,coherent_cross,tx1,odd,-0.5,4,5,87.1563333791746,-2.3425494912505553,1.0
home_2ms,4,,raw,coherent_cross,tx1,odd,0.0,5,6,80.60454260289352,-0.7037900875216707,0.9999999999999998
home_2ms,4,,raw,coherent_cross,tx1,odd,0.5,5,6,80.59702075949252,-0.7037900875216707,0.9999999999999998
home_2ms,4,,raw,coherent_cross,tx1,odd,1.0,5,6,80.58949924313353,-0.7037900875216707,0.9999999999999998
home_2ms,4,,raw,coherent_cross,tx3,all,-1.0,4,5,-85.55806864801444,1.496672104161483,1.0
home_2ms,4,,raw,coherent_cross,tx3,all,-0.5,4,5,-85.55445649537106,1.496672104161483,1.0
home_2ms,4,,raw,coherent_cross,tx3,all,0.0,5,6,-86.23449317053091,1.769412421726408,1.0000000000000002
home_2ms,4,,raw,coherent_cross,tx3,all,0.5,5,6,-86.23143261678433,1.769412421726408,1.0000000000000002
home_2ms,4,,raw,coherent_cross,tx3,all,1.0,5,6,-86.22837208457473,1.769412421726408,1.0000000000000002
home_2ms,4,,raw,coherent_cross,tx3,even,-1.0,4,5,86.77169304193805,-2.061270860461001,1.0
home_2ms,4,,raw,coherent_cross,tx3,even,-0.5,4,5,86.76906282191229,-2.061270860461001,1.0
home_2ms,4,,raw,coherent_cross,tx3,even,0.0,5,6,80.5356878183511,-0.6985765758969628,1.0
home_2ms,4,,raw,coherent_cross,tx3,even,0.5,5,6,80.52811286585262,-0.6985765758969628,1.0
home_2ms,4,,raw,coherent_cross,tx3,even,1.0,5,6,80.52053824750581,-0.6985765758969628,1.0
home_2ms,4,,raw,coherent_cross,tx3,odd,-1.0,4,5,87.80328730132348,-3.030984276218325,1.0
home_2ms,4,,raw,coherent_cross,tx3,odd,-0.5,4,5,87.8014955199867,-3.030984276218325,1.0
home_2ms,4,,raw,coherent_cross,tx3,odd,0.0,5,6,75.76533989491425,-0.4590552761132841,1.0000000000000002
home_2ms,4,,raw,coherent_cross,tx3,odd,0.5,5,6,75.75420887642309,-0.4590552761132841,1.0000000000000002
home_2ms,4,,raw,coherent_cross,tx3,odd,1.0,5,6,75.74307895587287,-0.4590552761132841,1.0000000000000002
home_2ms,4,,raw,coherent_cross,fused,all,-1.0,4,5,-86.54879300154572,1.9278494568547033,0.9405902027179449
home_2ms,4,,raw,coherent_cross,fused,all,-0.5,4,5,-86.54598202853985,1.9278494568547033,0.9405902027179449
home_2ms,4,,raw,coherent_cross,fused,all,0.0,5,6,-84.94667353123641,1.3169610017106625,0.9268238852805435
home_2ms,4,,raw,coherent_cross,fused,all,0.5,5,6,-84.9425757436488,1.3169610017106625,0.9268238852805435
home_2ms,4,,raw,coherent_cross,fused,all,1.0,5,6,-84.93847800793371,1.3169610017106625,0.9268238852805435
home_2ms,4,,raw,coherent_cross,fused,even,-1.0,4,5,-87.52011287634828,2.6845196438154844,0.6611549274152078
home_2ms,4,,raw,coherent_cross,fused,even,-0.5,4,5,-87.51809066441174,2.6845196438154844,0.6611549274152078
home_2ms,4,,raw,coherent_cross,fused,even,0.0,5,6,83.42916190857581,-1.010992213615746,0.9714888044766917
home_2ms,4,,raw,coherent_cross,fused,even,0.5,5,6,83.4238526870468,-1.010992213615746,0.9714888044766917
home_2ms,4,,raw,coherent_cross,fused,even,1.0,5,6,83.41854357894613,-1.010992213615746,0.9714888044766917
home_2ms,4,,raw,coherent_cross,fused,odd,-1.0,4,5,87.4728810716651,-2.634282708595092,0.9426378313858754
home_2ms,4,,raw,coherent_cross,fused,odd,-0.5,4,5,87.47082044391986,-2.634282708595092,0.9426378313858754
home_2ms,4,,raw,coherent_cross,fused,odd,0.0,5,6,78.84992709127923,-0.590839199869543,0.99256645211659
home_2ms,4,,raw,coherent_cross,fused,odd,0.5,5,6,78.84106628896055,-0.590839199869543,0.99256645211659
home_2ms,4,,raw,coherent_cross,fused,odd,1.0,5,6,78.83220602723095,-0.590839199869543,0.99256645211659
home_2ms,4,,mti,loop_cross,tx1,all,-1.0,4,5,-79.94847639605557,0.6559191263008277,0.8481547428311367
home_2ms,4,,mti,loop_cross,tx1,all,-0.5,4,5,-79.94043722093132,0.6559191263008277,0.8481547428311367
home_2ms,4,,mti,loop_cross,tx1,all,0.0,5,6,67.95364559005246,-0.28756462445841935,0.9427940205662911
home_2ms,4,,mti,loop_cross,tx1,all,0.5,5,6,67.93739871328064,-0.28756462445841935,0.9427940205662911
home_2ms,4,,mti,loop_cross,tx1,all,1.0,5,6,67.92115557005471,-0.28756462445841935,0.9427940205662911
home_2ms,4,,mti,loop_cross,tx1,even,-1.0,4,5,-79.54538334634424,0.6300921179729476,0.9140672480937331
home_2ms,4,,mti,loop_cross,tx1,even,-0.5,4,5,-79.53703594085597,0.6300921179729476,0.9140672480937331
home_2ms,4,,mti,loop_cross,tx1,even,0.0,5,6,71.11208228542736,-0.3403695664747134,0.9369163579784454
home_2ms,4,,mti,loop_cross,tx1,even,0.5,5,6,71.09777875431404,-0.3403695664747134,0.9369163579784454
home_2ms,4,,mti,loop_cross,tx1,even,1.0,5,6,71.083477668199,-0.3403695664747134,0.9369163579784454
home_2ms,4,,mti,loop_cross,tx1,odd,-1.0,4,5,-80.39369476139862,0.6869373418054737,0.7811931395244427
home_2ms,4,,mti,loop_cross,tx1,odd,-0.5,4,5,-80.38599787772442,0.6869373418054737,0.7811931395244427
home_2ms,4,,mti,loop_cross,tx1,odd,0.0,5,6,63.56589151910251,-0.23424555792343812,0.951512707136729
home_2ms,4,,mti,loop_cross,tx1,odd,0.5,5,6,63.54727725326599,-0.23424555792343812,0.951512707136729
home_2ms,4,,mti,loop_cross,tx1,odd,1.0,5,6,63.528669003280434,-0.23424555792343812,0.951512707136729
home_2ms,4,,mti,loop_cross,tx3,all,-1.0,4,5,65.82303111041335,-0.2589786469669572,0.9247483602090433
home_2ms,4,,mti,loop_cross,tx3,all,-0.5,4,5,65.80555498267117,-0.2589786469669572,0.9247483602090433
home_2ms,4,,mti,loop_cross,tx3,all,0.0,5,6,-41.15549718583602,0.10178842554738657,0.9336470185482575
home_2ms,4,,mti,loop_cross,tx3,all,0.5,5,6,-41.13236594796299,0.10178842554738657,0.9336470185482575
home_2ms,4,,mti,loop_cross,tx3,all,1.0,5,6,-41.109256075685494,0.10178842554738657,0.9336470185482575
home_2ms,4,,mti,loop_cross,tx3,even,-1.0,4,5,64.0886385584722,-0.23931653192712754,0.8789579147895938
home_2ms,4,,mti,loop_cross,tx3,even,-0.5,4,5,64.07025448224536,-0.23931653192712754,0.8789579147895938
home_2ms,4,,mti,loop_cross,tx3,even,0.0,5,6,-66.21418268757849,0.2642145064940889,0.9224610719241119
home_2ms,4,,mti,loop_cross,tx3,even,0.5,5,6,-66.19694844490682,0.2642145064940889,0.9224610719241119
home_2ms,4,,mti,loop_cross,tx3,even,1.0,5,6,-66.17971877448028,0.2642145064940889,0.9224610719241119
home_2ms,4,,mti,loop_cross,tx3,odd,-1.0,4,5,67.11490699683422,-0.27543654993301486,0.9672134285719478
home_2ms,4,,mti,loop_cross,tx3,odd,-0.5,4,5,67.09814900097811,-0.27543654993301486,0.9672134285719478
home_2ms,4,,mti,loop_cross,tx3,odd,0.0,5,6,31.599643919613175,-0.07164220638401247,0.9745655448888523
home_2ms,4,,mti,loop_cross,tx3,odd,0.5,5,6,31.578812806054913,-0.07164220638401247,0.9745655448888523
home_2ms,4,,mti,loop_cross,tx3,odd,1.0,5,6,31.558006305214107,-0.07164220638401247,0.9745655448888523
home_2ms,4,,mti,loop_cross,fused,all,-1.0,4,5,-57.936581671026886,0.18560465816701102,0.7947872417643145
home_2ms,4,,mti,loop_cross,fused,all,-0.5,4,5,-57.91554105613669,0.18560465816701102,0.7947872417643145
home_2ms,4,,mti,loop_cross,fused,all,0.0,5,6,35.41619473870051,-0.0828093601863243,0.9202933727171279
home_2ms,4,,mti,loop_cross,fused,all,0.5,5,6,35.39414936637197,-0.0828093601863243,0.9202933727171279
home_2ms,4,,mti,loop_cross,fused,all,1.0,5,6,35.372127844808446,-0.0828093601863243,0.9202933727171279
home_2ms,4,,mti,loop_cross,fused,even,-1.0,4,5,-62.68387598396694,0.22510291646269442,0.8141998746933407
home_2ms,4,,mti,loop_cross,fused,even,-0.5,4,5,-62.66480578556415,0.22510291646269442,0.8141998746933407
home_2ms,4,,mti,loop_cross,fused,even,0.0,5,6,7.798344895087273,-0.01594883671689245,0.8872076798132813
home_2ms,4,,mti,loop_cross,fused,even,0.5,5,6,7.792071428763679,-0.01594883671689245,0.8872076798132813
home_2ms,4,,mti,loop_cross,fused,even,1.0,5,6,7.785807985693142,-0.01594883671689245,0.8872076798132813
home_2ms,4,,mti,loop_cross,fused,odd,-1.0,4,5,-51.34014955424632,0.14533042326609089,0.7771425473766893
home_2ms,4,,mti,loop_cross,fused,odd,-0.5,4,5,-51.317337285234565,0.14533042326609089,0.7771425473766893
home_2ms,4,,mti,loop_cross,fused,odd,0.0,5,6,52.06517550420541,-0.1494047902203174,0.960225744068582
home_2ms,4,,mti,loop_cross,fused,odd,0.5,5,6,52.0425371541854,-0.1494047902203174,0.960225744068582
home_2ms,4,,mti,loop_cross,fused,odd,1.0,5,6,52.019912750958596,-0.1494047902203174,0.960225744068582
home_2ms,4,,mti,coherent_cross,tx1,all,-1.0,4,5,-83.9114661983169,1.0899788012380527,0.9999999999999999
home_2ms,4,,mti,coherent_cross,tx1,all,-0.5,4,5,-83.90653250328094,1.0899788012380527,0.9999999999999999
home_2ms,4,,mti,coherent_cross,tx1,all,0.0,5,6,-82.83952148726708,0.9269729885316647,1.0
home_2ms,4,,mti,coherent_cross,tx1,all,0.5,5,6,-82.83374539094929,0.9269729885316647,1.0
home_2ms,4,,mti,coherent_cross,tx1,all,1.0,5,6,-82.827969441054,0.9269729885316647,1.0
home_2ms,4,,mti,coherent_cross,tx1,even,-1.0,4,5,-86.72696663497975,2.033043220214218,1.0000000000000002
home_2ms,4,,mti,coherent_cross,tx1,even,-0.5,4,5,-86.72430013250387,2.033043220214218,1.0000000000000002
home_2ms,4,,mti,coherent_cross,tx1,even,0.0,5,6,82.63463332609611,-0.9009123047784061,1.0
home_2ms,4,,mti,coherent_cross,tx1,even,0.5,5,6,82.62869556366267,-0.9009123047784061,1.0
home_2ms,4,,mti,coherent_cross,tx1,even,1.0,5,6,82.62275796043855,-0.9009123047784061,1.0
home_2ms,4,,mti,coherent_cross,tx1,odd,-1.0,4,5,-84.93264113568777,1.3111540761724287,1.0
home_2ms,4,,mti,coherent_cross,tx1,odd,-0.5,4,5,-84.92852537825577,1.3111540761724287,1.0
home_2ms,4,,mti,coherent_cross,tx1,odd,0.0,5,6,8.695450192267339,-0.017810558168511324,0.9999999999999998
home_2ms,4,,mti,coherent_cross,tx1,odd,0.5,5,6,8.688476119359779,-0.017810558168511324,0.9999999999999998
home_2ms,4,,mti,coherent_cross,tx1,odd,1.0,5,6,8.681513138740304,-0.017810558168511324,0.9999999999999998
home_2ms,4,,mti,coherent_cross,tx3,all,-1.0,4,5,-32.014755550722086,0.07269177141697404,1.0
home_2ms,4,,mti,coherent_cross,tx3,all,-0.5,4,5,-31.993739799306688,0.07269177141697404,1.0
home_2ms,4,,mti,coherent_cross,tx3,all,0.0,5,6,36.44207869377821,-0.0859896484502562,1.0000000000000002
home_2ms,4,,mti,coherent_cross,tx3,all,0.5,5,6,36.41977279024383,-0.0859896484502562,1.0000000000000002
home_2ms,4,,mti,coherent_cross,tx3,all,1.0,5,6,36.397490402109014,-0.0859896484502562,1.0000000000000002
home_2ms,4,,mti,coherent_cross,tx3,even,-1.0,4,5,-25.789380080019555,0.05617787850936778,1.0
home_2ms,4,,mti,coherent_cross,tx3,even,-0.5,4,5,-25.771066984457153,0.05617787850936778,1.0
home_2ms,4,,mti,coherent_cross,tx3,even,0.0,5,6,-31.223636473050504,0.07059294936115554,1.0
home_2ms,4,,mti,coherent_cross,tx3,even,0.5,5,6,-31.2029453623736,0.07059294936115554,1.0
home_2ms,4,,mti,coherent_cross,tx3,even,1.0,5,6,-31.18227889538457,0.07059294936115554,1.0
home_2ms,4,,mti,coherent_cross,tx3,odd,-1.0,4,5,63.40850685906266,-0.2322609956458295,1.0
home_2ms,4,,mti,coherent_cross,tx3,odd,-0.5,4,5,63.38978496160249,-0.2322609956458295,1.0
home_2ms,4,,mti,coherent_cross,tx3,odd,0.0,5,6,-48.05458206747587,0.12958371609758035,1.0
home_2ms,4,,mti,coherent_cross,tx3,odd,0.5,5,6,-48.03137125146139,0.12958371609758035,1.0
home_2ms,4,,mti,coherent_cross,tx3,odd,1.0,5,6,-48.008177337170935,0.12958371609758035,1.0
home_2ms,4,,mti,coherent_cross,fused,all,-1.0,4,5,-80.0666028071107,0.663880620558218,0.8763899579382617
home_2ms,4,,mti,coherent_cross,fused,all,-0.5,4,5,-80.05865426351957,0.663880620558218,0.8763899579382617
home_2ms,4,,mti,coherent_cross,fused,all,0.0,5,6,-74.65391093239414,0.4243440442390127,0.8744633304354016
home_2ms,4,,mti,coherent_cross,fused,all,0.5,5,6,-74.64199221356428,0.4243440442390127,0.8744633304354016
home_2ms,4,,mti,coherent_cross,fused,all,1.0,5,6,-74.630074856519,0.4243440442390127,0.8744633304354016
home_2ms,4,,mti,coherent_cross,fused,even,-1.0,4,5,-83.65476991758837,1.0455429396861342,0.5499997530672506
home_2ms,4,,mti,coherent_cross,fused,even,-0.5,4,5,-83.64963156112351,1.0455429396861342,0.5499997530672506
home_2ms,4,,mti,coherent_cross,fused,even,0.0,5,6,70.49937709551644,-0.3288456231202733,0.8876282319172377
home_2ms,4,,mti,coherent_cross,fused,even,0.5,5,6,70.4846822171366,-0.3288456231202733,0.8876282319172377
home_2ms,4,,mti,coherent_cross,fused,even,1.0,5,6,70.46999000978188,-0.3288456231202733,0.8876282319172377
home_2ms,4,,mti,coherent_cross,fused,odd,-1.0,4,5,-81.06588038762654,0.7395680095874804,0.7313162365257654
home_2ms,4,,mti,coherent_cross,fused,odd,-0.5,4,5,-81.05870379100301,0.7395680095874804,0.7313162365257654
home_2ms,4,,mti,coherent_cross,fused,odd,0.0,5,6,-21.93605308858841,0.04689949682053739,0.9973258704381196
home_2ms,4,,mti,coherent_cross,fused,odd,0.5,5,6,-21.919880384377237,0.04689949682053739,0.9973258704381196
home_2ms,4,,mti,coherent_cross,fused,odd,1.0,5,6,-21.903730337314208,0.04689949682053739,0.9973258704381196
home_2ms,5,,raw,loop_cross,tx1,all,-1.0,4,5,54.69086786222366,-0.16902185366972158,0.39677052338309676
home_2ms,5,,raw,loop_cross,tx1,all,-0.5,4,5,54.69086786222366,-0.16902185366972158,0.39677052338309676
home_2ms,5,,raw,loop_cross,tx1,all,0.0,4,5,54.69086786222366,-0.16902185366972158,0.39677052338309676
home_2ms,5,,raw,loop_cross,tx1,all,0.5,4,5,54.69086786222366,-0.16902185366972158,0.39677052338309676
home_2ms,5,,raw,loop_cross,tx1,all,1.0,5,6,-28.04555402512847,0.06377552015476012,0.28622238876026634
home_2ms,5,,raw,loop_cross,tx1,even,-1.0,4,5,2.291960967806718,-0.004791410875437532,0.4113371747378855
home_2ms,5,,raw,loop_cross,tx1,even,-0.5,4,5,2.291960967806718,-0.004791410875437532,0.4113371747378855
home_2ms,5,,raw,loop_cross,tx1,even,0.0,4,5,2.291960967806718,-0.004791410875437532,0.4113371747378855
home_2ms,5,,raw,loop_cross,tx1,even,0.5,4,5,2.291960967806718,-0.004791410875437532,0.4113371747378855
home_2ms,5,,raw,loop_cross,tx1,even,1.0,5,6,-70.91727022605934,0.34605242518353496,0.3265103904764206
home_2ms,5,,raw,loop_cross,tx1,odd,-1.0,4,5,70.73519036656798,-0.3425254787358585,0.3935547724305469
home_2ms,5,,raw,loop_cross,tx1,odd,-0.5,4,5,70.73519036656798,-0.3425254787358585,0.3935547724305469
home_2ms,5,,raw,loop_cross,tx1,odd,0.0,4,5,70.73519036656798,-0.3425254787358585,0.3935547724305469
home_2ms,5,,raw,loop_cross,tx1,odd,0.5,4,5,70.73519036656798,-0.3425254787358585,0.3935547724305469
home_2ms,5,,raw,loop_cross,tx1,odd,1.0,5,6,66.02518805870733,-0.2692018135622869,0.27431053747951584
home_2ms,5,,raw,loop_cross,tx3,all,-1.0,4,5,75.46196486759032,-0.4616375479924816,0.5239103795153133
home_2ms,5,,raw,loop_cross,tx3,all,-0.5,4,5,75.46196486759032,-0.4616375479924816,0.5239103795153133
home_2ms,5,,raw,loop_cross,tx3,all,0.0,4,5,75.46196486759032,-0.4616375479924816,0.5239103795153133
home_2ms,5,,raw,loop_cross,tx3,all,0.5,4,5,75.46196486759032,-0.4616375479924816,0.5239103795153133
home_2ms,5,,raw,loop_cross,tx3,all,1.0,5,6,-77.7849166875297,0.5529970794117494,0.3953949949423394
home_2ms,5,,raw,loop_cross,tx3,even,-1.0,4,5,75.59809984961086,-0.46619336924782995,0.5541810483674229
home_2ms,5,,raw,loop_cross,tx3,even,-0.5,4,5,75.59809984961086,-0.46619336924782995,0.5541810483674229
home_2ms,5,,raw,loop_cross,tx3,even,0.0,4,5,75.59809984961086,-0.46619336924782995,0.5541810483674229
home_2ms,5,,raw,loop_cross,tx3,even,0.5,4,5,75.59809984961086,-0.46619336924782995,0.5541810483674229
home_2ms,5,,raw,loop_cross,tx3,even,1.0,5,6,-74.03156650656094,0.4183641817090047,0.3237538627122619
home_2ms,5,,raw,loop_cross,tx3,odd,-1.0,4,5,75.30720158836398,-0.45655867400156414,0.49385020809018465
home_2ms,5,,raw,loop_cross,tx3,odd,-0.5,4,5,75.30720158836398,-0.45655867400156414,0.49385020809018465
home_2ms,5,,raw,loop_cross,tx3,odd,0.0,4,5,75.30720158836398,-0.45655867400156414,0.49385020809018465
home_2ms,5,,raw,loop_cross,tx3,odd,0.5,4,5,75.30720158836398,-0.45655867400156414,0.49385020809018465
home_2ms,5,,raw,loop_cross,tx3,odd,1.0,5,6,-79.36984961162564,0.6378327824050726,0.464623666409321
home_2ms,5,,raw,loop_cross,fused,all,-1.0,4,5,70.19319105079501,-0.3323961273651783,0.45406511161181884
home_2ms,5,,raw,loop_cross,fused,all,-0.5,4,5,70.19319105079501,-0.3323961273651783,0.45406511161181884
home_2ms,5,,raw,loop_cross,fused,all,0.0,4,5,70.19319105079501,-0.3323961273651783,0.45406511161181884
home_2ms,5,,raw,loop_cross,fused,all,0.5,4,5,70.19319105079501,-0.3323961273651783,0.45406511161181884
home_2ms,5,,raw,loop_cross,fused,all,1.0,5,6,-71.31191986710864,0.3539239670958797,0.33222959276283054
home_2ms,5,,raw,loop_cross,fused,even,-1.0,4,5,65.6113219780306,-0.2640480359448751,0.46829513401965106
home_2ms,5,,raw,loop_cross,fused,even,-0.5,4,5,65.6113219780306,-0.2640480359448751,0.46829513401965106
home_2ms,5,,raw,loop_cross,fused,even,0.0,4,5,65.6113219780306,-0.2640480359448751,0.46829513401965106
home_2ms,5,,raw,loop_cross,fused,even,0.5,4,5,65.6113219780306,-0.2640480359448751,0.46829513401965106
home_2ms,5,,raw,loop_cross,fused,even,1.0,5,6,-72.6040202632095,0.3821036844158774,0.3249177823894389
home_2ms,5,,raw,loop_cross,fused,odd,-1.0,4,5,73.53093103920224,-0.4049523450116982,0.4420651676436715
home_2ms,5,,raw,loop_cross,fused,odd,-0.5,4,5,73.53093103920224,-0.4049523450116982,0.4420651676436715
home_2ms,5,,raw,loop_cross,fused,odd,0.0,4,5,73.53093103920224,-0.4049523450116982,0.4420651676436715
home_2ms,5,,raw,loop_cross,fused,odd,0.5,4,5,73.53093103920224,-0.4049523450116982,0.4420651676436715
home_2ms,5,,raw,loop_cross,fused,odd,1.0,5,6,-69.97409577997247,0.32845102309481927,0.3393650203789454
home_2ms,5,,raw,coherent_cross,tx1,all,-1.0,4,5,-55.638107025272056,0.17508844575024296,1.0
home_2ms,5,,raw,coherent_cross,tx1,all,-0.5,4,5,-55.638107025272056,0.17508844575024296,1.0
home_2ms,5,,raw,coherent_cross,tx1,all,0.0,4,5,-55.638107025272056,0.17508844575024296,1.0
home_2ms,5,,raw,coherent_cross,tx1,all,0.5,4,5,-55.638107025272056,0.17508844575024296,1.0
home_2ms,5,,raw,coherent_cross,tx1,all,1.0,5,6,82.20848370541778,-0.8749012714342969,1.0
home_2ms,5,,raw,coherent_cross,tx1,even,-1.0,4,5,-70.94335529320095,0.3465630132987336,1.0
home_2ms,5,,raw,coherent_cross,tx1,even,-0.5,4,5,-70.94335529320095,0.3465630132987336,1.0
home_2ms,5,,raw,coherent_cross,tx1,even,0.0,4,5,-70.94335529320095,0.3465630132987336,1.0
home_2ms,5,,raw,coherent_cross,tx1,even,0.5,4,5,-70.94335529320095,0.3465630132987336,1.0
home_2ms,5,,raw,coherent_cross,tx1,even,1.0,5,6,-59.60783813335531,0.20411255391485877,1.0000000000000002
home_2ms,5,,raw,coherent_cross,tx1,odd,-1.0,4,5,78.67157391959503,-0.5975699223913827,1.0000000000000002
home_2ms,5,,raw,coherent_cross,tx1,odd,-0.5,4,5,78.67157391959503,-0.5975699223913827,1.0000000000000002
home_2ms,5,,raw,coherent_cross,tx1,odd,0.0,4,5,78.67157391959503,-0.5975699223913827,1.0000000000000002
home_2ms,5,,raw,coherent_cross,tx1,odd,0.5,4,5,78.67157391959503,-0.5975699223913827,1.0000000000000002
home_2ms,5,,raw,coherent_cross,tx1,odd,1.0,5,6,-63.48316297753088,0.23993373160964285,0.9999999999999998
home_2ms,5,,raw,coherent_cross,tx3,all,-1.0,4,5,-84.65113698658378,1.2786274460043447,1.0
home_2ms,5,,raw,coherent_cross,tx3,all,-0.5,4,5,-84.65113698658378,1.2786274460043447,1.0
home_2ms,5,,raw,coherent_cross,tx3,all,0.0,4,5,-84.65113698658378,1.2786274460043447,1.0
home_2ms,5,,raw,coherent_cross,tx3,all,0.5,4,5,-84.65113698658378,1.2786274460043447,1.0
home_2ms,5,,raw,coherent_cross,tx3,all,1.0,5,6,-63.33367863373946,0.23837493475960725,0.9999999999999999
home_2ms,5,,raw,coherent_cross,tx3,even,-1.0,4,5,-82.0795316576538,0.8604785166378426,0.9999999999999999
home_2ms,5,,raw,coherent_cross,tx3,even,-0.5,4,5,-82.0795316576538,0.8604785166378426,0.9999999999999999
home_2ms,5,,raw,coherent_cross,tx3,even,0.0,4,5,-82.0795316576538,0.8604785166378426,0.9999999999999999
home_2ms,5,,raw,coherent_cross,tx3,even,0.5,4,5,-82.0795316576538,0.8604785166378426,0.9999999999999999
home_2ms,5,,raw,coherent_cross,tx3,even,1.0,5,6,85.87881729856379,-1.6614909751456488,1.0
home_2ms,5,,raw,coherent_cross,tx3,odd,-1.0,4,5,87.42801812114868,-2.6650782940122983,1.0
home_2ms,5,,raw,coherent_cross,tx3,odd,-0.5,4,5,87.42801812114868,-2.6650782940122983,1.0
home_2ms,5,,raw,coherent_cross,tx3,odd,0.0,4,5,87.42801812114868,-2.6650782940122983,1.0
home_2ms,5,,raw,coherent_cross,tx3,odd,0.5,4,5,87.42801812114868,-2.6650782940122983,1.0
home_2ms,5,,raw,coherent_cross,tx3,odd,1.0,5,6,-84.42333165537217,1.2260846590299668,1.0
home_2ms,5,,raw,coherent_cross,fused,all,-1.0,4,5,-77.42093934180377,0.5364932059705027,0.8672651908778874
home_2ms,5,,raw,coherent_cross,fused,all,-0.5,4,5,-77.42093934180377,0.5364932059705027,0.8672651908778874
home_2ms,5,,raw,coherent_cross,fused,all,0.0,4,5,-77.42093934180377,0.5364932059705027,0.8672651908778874
home_2ms,5,,raw,coherent_cross,fused,all,0.5,4,5,-77.42093934180377,0.5364932059705027,0.8672651908778874
home_2ms,5,,raw,coherent_cross,fused,all,1.0,5,6,68.12040291103207,-0.29810610304028007,0.8492086268834825
home_2ms,5,,raw,coherent_cross,fused,even,-1.0,4,5,-78.06529412239304,0.5663859185656172,0.9678348516163549
home_2ms,5,,raw,coherent_cross,fused,even,-0.5,4,5,-78.06529412239304,0.5663859185656172,0.9678348516163549
home_2ms,5,,raw,coherent_cross,fused,even,0.0,4,5,-78.06529412239304,0.5663859185656172,0.9678348516163549
home_2ms,5,,raw,coherent_cross,fused,even,0.5,4,5,-78.06529412239304,0.5663859185656172,0.9678348516163549
home_2ms,5,,raw,coherent_cross,fused,even,1.0,5,6,78.47976218993523,-0.5873540240269441,0.601584206369287
home_2ms,5,,raw,coherent_cross,fused,odd,-1.0,4,5,85.64453502063496,-1.5718008858015422,0.5125044020368802
home_2ms,5,,raw,coherent_cross,fused,odd,-0.5,4,5,85.64453502063496,-1.5718008858015422,0.5125044020368802
home_2ms,5,,raw,coherent_cross,fused,odd,0.0,4,5,85.64453502063496,-1.5718008858015422,0.5125044020368802
home_2ms,5,,raw,coherent_cross,fused,odd,0.5,4,5,85.64453502063496,-1.5718008858015422,0.5125044020368802
home_2ms,5,,raw,coherent_cross,fused,odd,1.0,5,6,-81.40870236666888,0.7923898307485777,0.8824366003430804
home_2ms,5,,mti,loop_cross,tx1,all,-1.0,4,5,-16.608960175555005,0.035708856419975406,0.8399213948253159
home_2ms,5,,mti,loop_cross,tx1,all,-0.5,4,5,-16.608960175555005,0.035708856419975406,0.8399213948253159
home_2ms,5,,mti,loop_cross,tx1,all,0.0,4,5,-16.608960175555005,0.035708856419975406,0.8399213948253159
home_2ms,5,,mti,loop_cross,tx1,all,0.5,4,5,-16.608960175555005,0.035708856419975406,0.8399213948253159
home_2ms,5,,mti,loop_cross,tx1,all,1.0,5,6,37.85643456535836,-0.09304916353062756,0.8976792054280661
home_2ms,5,,mti,loop_cross,tx1,even,-1.0,4,5,-51.8585653543164,0.15245050143380134,0.8053807458969683
home_2ms,5,,mti,loop_cross,tx1,even,-0.5,4,5,-51.8585653543164,0.15245050143380134,0.8053807458969683
home_2ms,5,,mti,loop_cross,tx1,even,0.0,4,5,-51.8585653543164,0.15245050143380134,0.8053807458969683
home_2ms,5,,mti,loop_cross,tx1,even,0.5,4,5,-51.8585653543164,0.15245050143380134,0.8053807458969683
home_2ms,5,,mti,loop_cross,tx1,even,1.0,5,6,65.13069070479692,-0.2582651683023319,0.8605770569166072
home_2ms,5,,mti,loop_cross,tx1,odd,-1.0,4,5,34.09425472575196,-0.08103536701814522,0.8902205349714581
home_2ms,5,,mti,loop_cross,tx1,odd,-0.5,4,5,34.09425472575196,-0.08103536701814522,0.8902205349714581
home_2ms,5,,mti,loop_cross,tx1,odd,0.0,4,5,34.09425472575196,-0.08103536701814522,0.8902205349714581
home_2ms,5,,mti,loop_cross,tx1,odd,0.5,4,5,34.09425472575196,-0.08103536701814522,0.8902205349714581
home_2ms,5,,mti,loop_cross,tx1,odd,1.0,5,6,-23.281926134321267,0.05151248708613411,0.9551018984483898
home_2ms,5,,mti,loop_cross,tx3,all,-1.0,4,5,80.74800085763125,-0.7349135397878066,0.7980306792674109
home_2ms,5,,mti,loop_cross,tx3,all,-0.5,4,5,80.74800085763125,-0.7349135397878066,0.7980306792674109
home_2ms,5,,mti,loop_cross,tx3,all,0.0,4,5,80.74800085763125,-0.7349135397878066,0.7980306792674109
home_2ms,5,,mti,loop_cross,tx3,all,0.5,4,5,80.74800085763125,-0.7349135397878066,0.7980306792674109
home_2ms,5,,mti,loop_cross,tx3,all,1.0,5,6,-60.22843828892711,0.20927425205524694,0.9586150630584743
home_2ms,5,,mti,loop_cross,tx3,even,-1.0,4,5,82.1764323580127,-0.8712723384122947,0.920428972739978
home_2ms,5,,mti,loop_cross,tx3,even,-0.5,4,5,82.1764323580127,-0.8712723384122947,0.920428972739978
home_2ms,5,,mti,loop_cross,tx3,even,0.0,4,5,82.1764323580127,-0.8712723384122947,0.920428972739978
home_2ms,5,,mti,loop_cross,tx3,even,0.5,4,5,82.1764323580127,-0.8712723384122947,0.920428972739978
home_2ms,5,,mti,loop_cross,tx3,even,1.0,5,6,-61.940788025591495,0.22459016545401247,0.9561289408341299
home_2ms,5,,mti,loop_cross,tx3,odd,-1.0,4,5,77.99734302179681,-0.5630844796821473,0.6994971966845073
home_2ms,5,,mti,loop_cross,tx3,odd,-0.5,4,5,77.99734302179681,-0.5630844796821473,0.6994971966845073
home_2ms,5,,mti,loop_cross,tx3,odd,0.0,4,5,77.99734302179681,-0.5630844796821473,0.6994971966845073
home_2ms,5,,mti,loop_cross,tx3,odd,0.5,4,5,77.99734302179681,-0.5630844796821473,0.6994971966845073
home_2ms,5,,mti,loop_cross,tx3,odd,1.0,5,6,-58.58959452201079,0.19604391760541465,0.9609549723647479
home_2ms,5,,mti,loop_cross,fused,all,-1.0,4,5,71.34426986047687,-0.3545834386341511,0.758204809827224
home_2ms,5,,mti,loop_cross,fused,all,-0.5,4,5,71.34426986047687,-0.3545834386341511,0.758204809827224
home_2ms,5,,mti,loop_cross,fused,all,0.0,4,5,71.34426986047687,-0.3545834386341511,0.758204809827224
home_2ms,5,,mti,loop_cross,fused,all,0.5,4,5,71.34426986047687,-0.3545834386341511,0.758204809827224
home_2ms,5,,mti,loop_cross,fused,all,1.0,5,6,-34.10536459354356,0.08106922081917711,0.9213752293392086
home_2ms,5,,mti,loop_cross,fused,even,-1.0,4,5,73.25871606395826,-0.39798741840265434,0.7529728249890709
home_2ms,5,,mti,loop_cross,fused,even,-0.5,4,5,73.25871606395826,-0.39798741840265434,0.7529728249890709
home_2ms,5,,mti,loop_cross,fused,even,0.0,4,5,73.25871606395826,-0.39798741840265434,0.7529728249890709
home_2ms,5,,mti,loop_cross,fused,even,0.5,4,5,73.25871606395826,-0.39798741840265434,0.7529728249890709
home_2ms,5,,mti,loop_cross,fused,even,1.0,5,6,-8.521208633053094,0.01793677167103751,0.886689699202797
home_2ms,5,,mti,loop_cross,fused,odd,-1.0,4,5,68.93373383220654,-0.3107923174049168,0.7650282905158896
home_2ms,5,,mti,loop_cross,fused,odd,-0.5,4,5,68.93373383220654,-0.3107923174049168,0.7650282905158896
home_2ms,5,,mti,loop_cross,fused,odd,0.0,4,5,68.93373383220654,-0.3107923174049168,0.7650282905158896
home_2ms,5,,mti,loop_cross,fused,odd,0.5,4,5,68.93373383220654,-0.3107923174049168,0.7650282905158896
home_2ms,5,,mti,loop_cross,fused,odd,1.0,5,6,-48.3281745023499,0.1344978129899682,0.9560063942260135
home_2ms,5,,mti,coherent_cross,tx1,all,-1.0,4,5,-63.084828193887915,0.23581557023656777,1.0
home_2ms,5,,mti,coherent_cross,tx1,all,-0.5,4,5,-63.084828193887915,0.23581557023656777,1.0
home_2ms,5,,mti,coherent_cross,tx1,all,0.0,4,5,-63.084828193887915,0.23581557023656777,1.0
home_2ms,5,,mti,coherent_cross,tx1,all,0.5,4,5,-63.084828193887915,0.23581557023656777,1.0
home_2ms,5,,mti,coherent_cross,tx1,all,1.0,5,6,63.20367403638361,-0.2370323785181755,1.0
home_2ms,5,,mti,coherent_cross,tx1,even,-1.0,4,5,40.2907337288447,-0.10149207673252933,0.9999999999999997
home_2ms,5,,mti,coherent_cross,tx1,even,-0.5,4,5,40.2907337288447,-0.10149207673252933,0.9999999999999997
home_2ms,5,,mti,coherent_cross,tx1,even,0.0,4,5,40.2907337288447,-0.10149207673252933,0.9999999999999997
home_2ms,5,,mti,coherent_cross,tx1,even,0.5,4,5,40.2907337288447,-0.10149207673252933,0.9999999999999997
home_2ms,5,,mti,coherent_cross,tx1,even,1.0,5,6,-52.26350517566838,0.15468884797877977,1.0
home_2ms,5,,mti,coherent_cross,tx1,odd,-1.0,4,5,-43.02101474543638,0.11171778261811403,1.0
home_2ms,5,,mti,coherent_cross,tx1,odd,-0.5,4,5,-43.02101474543638,0.11171778261811403,1.0
home_2ms,5,,mti,coherent_cross,tx1,odd,0.0,4,5,-43.02101474543638,0.11171778261811403,1.0
home_2ms,5,,mti,coherent_cross,tx1,odd,0.5,4,5,-43.02101474543638,0.11171778261811403,1.0
home_2ms,5,,mti,coherent_cross,tx1,odd,1.0,5,6,66.78355245422802,-0.2790937778311445,1.0
home_2ms,5,,mti,coherent_cross,tx3,all,-1.0,4,5,81.4919744873568,-0.8002622376311562,1.0
home_2ms,5,,mti,coherent_cross,tx3,all,-0.5,4,5,81.4919744873568,-0.8002622376311562,1.0
home_2ms,5,,mti,coherent_cross,tx3,all,0.0,4,5,81.4919744873568,-0.8002622376311562,1.0
home_2ms,5,,mti,coherent_cross,tx3,all,0.5,4,5,81.4919744873568,-0.8002622376311562,1.0
home_2ms,5,,mti,coherent_cross,tx3,all,1.0,5,6,-78.94151797006649,0.6125395093623277,1.0
home_2ms,5,,mti,coherent_cross,tx3,even,-1.0,4,5,79.84419289964798,-0.6683029325004807,1.0
home_2ms,5,,mti,coherent_cross,tx3,even,-0.5,4,5,79.84419289964798,-0.6683029325004807,1.0
home_2ms,5,,mti,coherent_cross,tx3,even,0.0,4,5,79.84419289964798,-0.6683029325004807,1.0
home_2ms,5,,mti,coherent_cross,tx3,even,0.5,4,5,79.84419289964798,-0.6683029325004807,1.0
home_2ms,5,,mti,coherent_cross,tx3,even,1.0,5,6,-80.06949804323219,0.683784221815926,0.9999999999999998
home_2ms,5,,mti,coherent_cross,tx3,odd,-1.0,4,5,-87.00963613146276,2.291664843895711,1.0
home_2ms,5,,mti,coherent_cross,tx3,odd,-0.5,4,5,-87.00963613146276,2.291664843895711,1.0
home_2ms,5,,mti,coherent_cross,tx3,odd,0.0,4,5,-87.00963613146276,2.291664843895711,1.0
home_2ms,5,,mti,coherent_cross,tx3,odd,0.5,4,5,-87.00963613146276,2.291664843895711,1.0
home_2ms,5,,mti,coherent_cross,tx3,odd,1.0,5,6,-74.91958755148184,0.4442858498629048,1.0
home_2ms,5,,mti,coherent_cross,fused,all,-1.0,4,5,36.83220972193889,-0.08966296519829042,0.8851517857057055
home_2ms,5,,mti,coherent_cross,fused,all,-0.5,4,5,36.83220972193889,-0.08966296519829042,0.8851517857057055
home_2ms,5,,mti,coherent_cross,fused,all,0.0,4,5,36.83220972193889,-0.08966296519829042,0.8851517857057055
home_2ms,5,,mti,coherent_cross,fused,all,0.5,4,5,36.83220972193889,-0.08966296519829042,0.8851517857057055
home_2ms,5,,mti,coherent_cross,fused,all,1.0,5,6,-54.06467408975416,0.1651647366772997,0.9113594749050863
home_2ms,5,,mti,coherent_cross,fused,even,-1.0,4,5,70.63892555340982,-0.3406865968807631,0.9610478394269037
home_2ms,5,,mti,coherent_cross,fused,even,-0.5,4,5,70.63892555340982,-0.3406865968807631,0.9610478394269037
home_2ms,5,,mti,coherent_cross,fused,even,0.0,4,5,70.63892555340982,-0.3406865968807631,0.9610478394269037
home_2ms,5,,mti,coherent_cross,fused,even,0.5,4,5,70.63892555340982,-0.3406865968807631,0.9610478394269037
home_2ms,5,,mti,coherent_cross,fused,even,1.0,5,6,-74.14629342882029,0.4215537694334597,0.9652134585349749
home_2ms,5,,mti,coherent_cross,fused,odd,-1.0,4,5,-79.67607274505687,0.6571866742120406,0.5407031702768813
home_2ms,5,,mti,coherent_cross,fused,odd,-0.5,4,5,-79.67607274505687,0.6571866742120406,0.5407031702768813
home_2ms,5,,mti,coherent_cross,fused,odd,0.0,4,5,-79.67607274505687,0.6571866742120406,0.5407031702768813
home_2ms,5,,mti,coherent_cross,fused,odd,0.5,4,5,-79.67607274505687,0.6571866742120406,0.5407031702768813
home_2ms,5,,mti,coherent_cross,fused,odd,1.0,5,6,-33.64641770746972,0.07967805843616309,0.9353041917356802
home_2ms,6,,raw,loop_cross,tx1,all,-1.0,5,6,83.20046408616949,-1.1148768371549336,0.6665957007631637
home_2ms,6,,raw,loop_cross,tx1,all,-0.5,5,6,83.20046408616949,-1.1148768371549336,0.6665957007631637
home_2ms,6,,raw,loop_cross,tx1,all,0.0,6,7,-86.21834128626689,2.0111204575313515,0.07363350742566926
home_2ms,6,,raw,loop_cross,tx1,all,0.5,6,7,-86.21834128626689,2.0111204575313515,0.07363350742566926
home_2ms,6,,raw,loop_cross,tx1,all,1.0,6,7,-86.21834128626689,2.0111204575313515,0.07363350742566926
home_2ms,6,,raw,loop_cross,tx1,even,-1.0,5,6,84.15354912691942,-1.2982203491551376,0.6917912636456435
home_2ms,6,,raw,loop_cross,tx1,even,-0.5,5,6,84.15354912691942,-1.2982203491551376,0.6917912636456435
home_2ms,6,,raw,loop_cross,tx1,even,0.0,6,7,82.93531815468303,-1.0726309792208784,0.07679654765859822
home_2ms,6,,raw,loop_cross,tx1,even,0.5,6,7,82.93531815468303,-1.0726309792208784,0.07679654765859822
home_2ms,6,,raw,loop_cross,tx1,even,1.0,6,7,82.93531815468303,-1.0726309792208784,0.07679654765859822
home_2ms,6,,raw,loop_cross,tx1,odd,-1.0,5,6,81.75626696249788,-0.9175217432016776,0.6654427407062854
home_2ms,6,,raw,loop_cross,tx1,odd,-0.5,5,6,81.75626696249788,-0.9175217432016776,0.6654427407062854
home_2ms,6,,raw,loop_cross,tx1,odd,0.0,6,7,-86.25432951249017,2.0304991722492765,0.21418726661968907
home_2ms,6,,raw,loop_cross,tx1,odd,0.5,6,7,-86.25432951249017,2.0304991722492765,0.21418726661968907
home_2ms,6,,raw,loop_cross,tx1,odd,1.0,6,7,-86.25432951249017,2.0304991722492765,0.21418726661968907
home_2ms,6,,raw,loop_cross,tx3,all,-1.0,5,6,68.47516742025255,-0.3370387254505968,0.56181619143161
home_2ms,6,,raw,loop_cross,tx3,all,-0.5,5,6,68.47516742025255,-0.3370387254505968,0.56181619143161
home_2ms,6,,raw,loop_cross,tx3,all,0.0,6,7,-79.395744857438,0.7100234510869925,0.6576005171631525
home_2ms,6,,raw,loop_cross,tx3,all,0.5,6,7,-79.395744857438,0.7100234510869925,0.6576005171631525
home_2ms,6,,raw,loop_cross,tx3,all,1.0,6,7,-79.395744857438,0.7100234510869925,0.6576005171631525
home_2ms,6,,raw,loop_cross,tx3,even,-1.0,5,6,77.4228272724887,-0.5958178757877901,0.5873300955572778
home_2ms,6,,raw,loop_cross,tx3,even,-0.5,5,6,77.4228272724887,-0.5958178757877901,0.5873300955572778
home_2ms,6,,raw,loop_cross,tx3,even,0.0,6,7,-80.46949112765083,0.791779237951286,0.5773080457360855
home_2ms,6,,raw,loop_cross,tx3,even,0.5,6,7,-80.46949112765083,0.791779237951286,0.5773080457360855
home_2ms,6,,raw,loop_cross,tx3,even,1.0,6,7,-80.46949112765083,0.791779237951286,0.5773080457360855
home_2ms,6,,raw,loop_cross,tx3,odd,-1.0,5,6,26.217068835957,-0.06545977909527595,0.576824133928404
home_2ms,6,,raw,loop_cross,tx3,odd,-0.5,5,6,26.217068835957,-0.06545977909527595,0.576824133928404
home_2ms,6,,raw,loop_cross,tx3,odd,0.0,6,7,-78.429846962513,0.6493105476757872,0.7369385722761541
home_2ms,6,,raw,loop_cross,tx3,odd,0.5,6,7,-78.429846962513,0.6493105476757872,0.7369385722761541
home_2ms,6,,raw,loop_cross,tx3,odd,1.0,6,7,-78.429846962513,0.6493105476757872,0.7369385722761541
home_2ms,6,,raw,loop_cross,fused,all,-1.0,5,6,80.05109095448441,-0.7578450599913689,0.5682616964606347
home_2ms,6,,raw,loop_cross,fused,all,-0.5,5,6,80.05109095448441,-0.7578450599913689,0.5682616964606347
home_2ms,6,,raw,loop_cross,fused,all,0.0,6,7,-80.60491059669387,0.803403567679726,0.35859218378127833
home_2ms,6,,raw,loop_cross,fused,all,0.5,6,7,-80.60491059669387,0.803403567679726,0.35859218378127833
home_2ms,6,,raw,loop_cross,fused,all,1.0,6,7,-80.60491059669387,0.803403567679726,0.35859218378127833
home_2ms,6,,raw,loop_cross,fused,even,-1.0,5,6,82.23325509681142,-0.9746329871208798,0.6004410067668607
home_2ms,6,,raw,loop_cross,fused,even,-0.5,5,6,82.23325509681142,-0.9746329871208798,0.6004410067668607
home_2ms,6,,raw,loop_cross,fused,even,0.0,6,7,-78.87090423917353,0.6757427562649851,0.29796153623798227
home_2ms,6,,raw,loop_cross,fused,even,0.5,6,7,-78.87090423917353,0.6757427562649851,0.29796153623798227
home_2ms,6,,raw,loop_cross,fused,even,1.0,6,7,-78.87090423917353,0.6757427562649851,0.29796153623798227
home_2ms,6,,raw,loop_cross,fused,odd,-1.0,5,6,75.6577883166914,-0.5199117994241087,0.5654882885910005
home_2ms,6,,raw,loop_cross,fused,odd,-0.5,5,6,75.6577883166914,-0.5199117994241087,0.5654882885910005
home_2ms,6,,raw,loop_cross,fused,odd,0.0,6,7,-81.49266005492782,0.8886890193548781,0.41951627595807833
home_2ms,6,,raw,loop_cross,fused,odd,0.5,6,7,-81.49266005492782,0.8886890193548781,0.41951627595807833
home_2ms,6,,raw,loop_cross,fused,odd,1.0,6,7,-81.49266005492782,0.8886890193548781,0.41951627595807833
home_2ms,6,,raw,coherent_cross,tx1,all,-1.0,5,6,79.72680748467894,-0.7334272092300277,1.0000000000000002
home_2ms,6,,raw,coherent_cross,tx1,all,-0.5,5,6,79.72680748467894,-0.7334272092300277,1.0000000000000002
home_2ms,6,,raw,coherent_cross,tx1,all,0.0,6,7,-61.950887532575734,0.24949230366618372,1.0
home_2ms,6,,raw,coherent_cross,tx1,all,0.5,6,7,-61.950887532575734,0.24949230366618372,1.0
home_2ms,6,,raw,coherent_cross,tx1,all,1.0,6,7,-61.950887532575734,0.24949230366618372,1.0
home_2ms,6,,raw,coherent_cross,tx1,even,-1.0,5,6,77.58699063420339,-0.603954857976577,1.0
home_2ms,6,,raw,coherent_cross,tx1,even,-0.5,5,6,77.58699063420339,-0.603954857976577,1.0
home_2ms,6,,raw,coherent_cross,tx1,even,0.0,6,7,68.35297500945052,-0.33494411442129,1.0
home_2ms,6,,raw,coherent_cross,tx1,even,0.5,6,7,68.35297500945052,-0.33494411442129,1.0
home_2ms,6,,raw,coherent_cross,tx1,even,1.0,6,7,68.35297500945052,-0.33494411442129,1.0
home_2ms,6,,raw,coherent_cross,tx1,odd,-1.0,5,6,-21.239453637825203,0.051666204490295964,0.9999999999999999
home_2ms,6,,raw,coherent_cross,tx1,odd,-0.5,5,6,-21.239453637825203,0.051666204490295964,0.9999999999999999
home_2ms,6,,raw,coherent_cross,tx1,odd,0.0,6,7,-76.90696058021031,0.5715551462629825,1.0
home_2ms,6,,raw,coherent_cross,tx1,odd,0.5,6,7,-76.90696058021031,0.5715551462629825,1.0
home_2ms,6,,raw,coherent_cross,tx1,odd,1.0,6,7,-76.90696058021031,0.5715551462629825,1.0
home_2ms,6,,raw,coherent_cross,tx3,all,-1.0,5,6,-72.87111523145565,0.43132791057577874,0.9999999999999999
home_2ms,6,,raw,coherent_cross,tx3,all,-0.5,5,6,-72.87111523145565,0.43132791057577874,0.9999999999999999
home_2ms,6,,raw,coherent_cross,tx3,all,0.0,6,7,-76.70254489499399,0.5624529089017987,0.9999999999999998
home_2ms,6,,raw,coherent_cross,tx3,all,0.5,6,7,-76.70254489499399,0.5624529089017987,0.9999999999999998
home_2ms,6,,raw,coherent_cross,tx3,all,1.0,6,7,-76.70254489499399,0.5624529089017987,0.9999999999999998
home_2ms,6,,raw,coherent_cross,tx3,even,-1.0,5,6,-77.0480240942303,0.5780010077432072,1.0000000000000002
home_2ms,6,,raw,coherent_cross,tx3,even,-0.5,5,6,-77.0480240942303,0.5780010077432072,1.0000000000000002
home_2ms,6,,raw,coherent_cross,tx3,even,0.0,6,7,-75.57362166287537,0.5167476157355247,1.0
home_2ms,6,,raw,coherent_cross,tx3,even,0.5,6,7,-75.57362166287537,0.5167476157355247,1.0
home_2ms,6,,raw,coherent_cross,tx3,even,1.0,6,7,-75.57362166287537,0.5167476157355247,1.0
home_2ms,6,,raw,coherent_cross,tx3,odd,-1.0,5,6,-63.81380275858954,0.2703175682283721,1.0000000000000002
home_2ms,6,,raw,coherent_cross,tx3,odd,-0.5,5,6,-63.81380275858954,0.2703175682283721,1.0000000000000002
home_2ms,6,,raw,coherent_cross,tx3,odd,0.0,6,7,-77.18818107996397,0.5845435951313216,1.0
home_2ms,6,,raw,coherent_cross,tx3,odd,0.5,6,7,-77.18818107996397,0.5845435951313216,1.0
home_2ms,6,,raw,coherent_cross,tx3,odd,1.0,6,7,-77.18818107996397,0.5845435951313216,1.0
home_2ms,6,,raw,coherent_cross,fused,all,-1.0,5,6,-6.443563181164569,0.015013047913812853,0.8468066362139578
home_2ms,6,,raw,coherent_cross,fused,all,-0.5,5,6,-6.443563181164569,0.015013047913812853,0.8468066362139578
home_2ms,6,,raw,coherent_cross,fused,all,0.0,6,7,-71.57815570757089,0.399099813204484,0.9878052486192519
home_2ms,6,,raw,coherent_cross,fused,all,0.5,6,7,-71.57815570757089,0.399099813204484,0.9878052486192519
home_2ms,6,,raw,coherent_cross,fused,all,1.0,6,7,-71.57815570757089,0.399099813204484,0.9878052486192519
home_2ms,6,,raw,coherent_cross,fused,even,-1.0,5,6,-41.06176794181683,0.11580773463532565,0.8373303729540497
home_2ms,6,,raw,coherent_cross,fused,even,-0.5,5,6,-41.06176794181683,0.11580773463532565,0.8373303729540497
home_2ms,6,,raw,coherent_cross,fused,even,0.0,6,7,-36.36931941803747,0.09789598620218656,0.9107119149446802
home_2ms,6,,raw,coherent_cross,fused,even,0.5,6,7,-36.36931941803747,0.09789598620218656,0.9107119149446802
home_2ms,6,,raw,coherent_cross,fused,even,1.0,6,7,-36.36931941803747,0.09789598620218656,0.9107119149446802
home_2ms,6,,raw,coherent_cross,fused,odd,-1.0,5,6,-55.31425429338316,0.1920800636406727,0.9945104433908987
home_2ms,6,,raw,coherent_cross,fused,odd,-0.5,5,6,-55.31425429338316,0.1920800636406727,0.9945104433908987
home_2ms,6,,raw,coherent_cross,fused,odd,0.0,6,7,-77.05189594614633,0.5781798772193333,0.9999789211144096
home_2ms,6,,raw,coherent_cross,fused,odd,0.5,6,7,-77.05189594614633,0.5781798772193333,0.9999789211144096
home_2ms,6,,raw,coherent_cross,fused,odd,1.0,6,7,-77.05189594614633,0.5781798772193333,0.9999789211144096
home_2ms,6,,mti,loop_cross,tx1,all,-1.0,5,6,83.89261110608028,-1.2423583671861795,0.34420616953239574
home_2ms,6,,mti,loop_cross,tx1,all,-0.5,5,6,83.89261110608028,-1.2423583671861795,0.34420616953239574
home_2ms,6,,mti,loop_cross,tx1,all,0.0,6,7,-43.61696647894884,0.12666437743093123,0.6433250790364944
home_2ms,6,,mti,loop_cross,tx1,all,0.5,6,7,-43.61696647894884,0.12666437743093123,0.6433250790364944
home_2ms,6,,mti,loop_cross,tx1,all,1.0,6,7,-43.61696647894884,0.12666437743093123,0.6433250790364944
home_2ms,6,,mti,loop_cross,tx1,even,-1.0,5,6,82.15243318121965,-0.9644705888868762,0.6154992139966644
home_2ms,6,,mti,loop_cross,tx1,even,-0.5,5,6,82.15243318121965,-0.9644705888868762,0.6154992139966644
home_2ms,6,,mti,loop_cross,tx1,even,0.0,6,7,-7.651459466854014,0.01785842757683953,0.7447022042814306
home_2ms,6,,mti,loop_cross,tx1,even,0.5,6,7,-7.651459466854014,0.01785842757683953,0.7447022042814306
home_2ms,6,,mti,loop_cross,tx1,even,1.0,6,7,-7.651459466854014,0.01785842757683953,0.7447022042814306
home_2ms,6,,mti,loop_cross,tx1,odd,-1.0,5,6,86.56312475668953,-2.2134341409606586,0.1938835685536529
home_2ms,6,,mti,loop_cross,tx1,odd,-0.5,5,6,86.56312475668953,-2.2134341409606586,0.1938835685536529
home_2ms,6,,mti,loop_cross,tx1,odd,0.0,6,7,-62.688237405300306,0.25742107116649,0.5604783986924856
home_2ms,6,,mti,loop_cross,tx1,odd,0.5,6,7,-62.688237405300306,0.25742107116649,0.5604783986924856
home_2ms,6,,mti,loop_cross,tx1,odd,1.0,6,7,-62.688237405300306,0.25742107116649,0.5604783986924856
home_2ms,6,,mti,loop_cross,tx3,all,-1.0,5,6,-77.34963121096962,0.5922568033770091,0.6906902460598782
home_2ms,6,,mti,loop_cross,tx3,all,-0.5,5,6,-77.34963121096962,0.5922568033770091,0.6906902460598782
home_2ms,6,,mti,loop_cross,tx3,all,0.0,6,7,61.58095021064796,-0.24565706877256252,0.7824430601024617
home_2ms,6,,mti,loop_cross,tx3,all,0.5,6,7,61.58095021064796,-0.24565706877256252,0.7824430601024617
home_2ms,6,,mti,loop_cross,tx3,all,1.0,6,7,61.58095021064796,-0.24565706877256252,0.7824430601024617
home_2ms,6,,mti,loop_cross,tx3,even,-1.0,5,6,-76.97557179010045,0.5746731790990813,0.7579796750257195
home_2ms,6,,mti,loop_cross,tx3,even,-0.5,5,6,-76.97557179010045,0.5746731790990813,0.7579796750257195
home_2ms,6,,mti,loop_cross,tx3,even,0.0,6,7,68.88946156305933,-0.3443123832132731,0.9514772747256921
home_2ms,6,,mti,loop_cross,tx3,even,0.5,6,7,68.88946156305933,-0.3443123832132731,0.9514772747256921
home_2ms,6,,mti,loop_cross,tx3,even,1.0,6,7,68.88946156305933,-0.3443123832132731,0.9514772747256921
home_2ms,6,,mti,loop_cross,tx3,odd,-1.0,5,6,-77.77789966268101,0.6136880615140068,0.6234906908891048
home_2ms,6,,mti,loop_cross,tx3,odd,-0.5,5,6,-77.77789966268101,0.6136880615140068,0.6234906908891048
home_2ms,6,,mti,loop_cross,tx3,odd,0.0,6,7,31.758396462665765,-0.0822876710990017,0.6151217705388196
home_2ms,6,,mti,loop_cross,tx3,odd,0.5,6,7,31.758396462665765,-0.0822876710990017,0.6151217705388196
home_2ms,6,,mti,loop_cross,tx3,odd,1.0,6,7,31.758396462665765,-0.0822876710990017,0.6151217705388196
home_2ms,6,,mti,loop_cross,fused,all,-1.0,5,6,-44.32685605084079,0.12984446525401247,0.35552554780803663
home_2ms,6,,mti,loop_cross,fused,all,-0.5,5,6,-44.32685605084079,0.12984446525401247,0.35552554780803663
home_2ms,6,,mti,loop_cross,fused,all,0.0,6,7,32.60617915183646,-0.08503366935051046,0.7034318659943015
home_2ms,6,,mti,loop_cross,fused,all,0.5,6,7,32.60617915183646,-0.08503366935051046,0.7034318659943015
home_2ms,6,,mti,loop_cross,fused,all,1.0,6,7,32.60617915183646,-0.08503366935051046,0.7034318659943015
home_2ms,6,,mti,loop_cross,fused,even,-1.0,5,6,16.324821916292006,-0.03893451653157319,0.5023674707251056
home_2ms,6,,mti,loop_cross,fused,even,-0.5,5,6,16.324821916292006,-0.03893451653157319,0.5023674707251056
home_2ms,6,,mti,loop_cross,fused,even,0.0,6,7,56.376212622317894,-0.1998984257003766,0.8429696165057471
home_2ms,6,,mti,loop_cross,fused,even,0.5,6,7,56.376212622317894,-0.1998984257003766,0.8429696165057471
home_2ms,6,,mti,loop_cross,fused,even,1.0,6,7,56.376212622317894,-0.1998984257003766,0.8429696165057471
home_2ms,6,,mti,loop_cross,fused,odd,-1.0,5,6,-74.80218941111518,0.48934441363370806,0.23413079395968178
home_2ms,6,,mti,loop_cross,fused,odd,-0.5,5,6,-74.80218941111518,0.48934441363370806,0.23413079395968178
home_2ms,6,,mti,loop_cross,fused,odd,0.0,6,7,-31.058884439265604,0.08005957319440977,0.5792845143202432
home_2ms,6,,mti,loop_cross,fused,odd,0.5,6,7,-31.058884439265604,0.08005957319440977,0.5792845143202432
home_2ms,6,,mti,loop_cross,fused,odd,1.0,6,7,-31.058884439265604,0.08005957319440977,0.5792845143202432
home_2ms,6,,mti,coherent_cross,tx1,all,-1.0,5,6,80.11962533922963,-0.7632085867921583,1.0000000000000002
home_2ms,6,,mti,coherent_cross,tx1,all,-0.5,5,6,80.11962533922963,-0.7632085867921583,1.0000000000000002
home_2ms,6,,mti,coherent_cross,tx1,all,0.0,6,7,-75.19446565221267,0.5029301734555466,1.0
home_2ms,6,,mti,coherent_cross,tx1,all,0.5,6,7,-75.19446565221267,0.5029301734555466,1.0
home_2ms,6,,mti,coherent_cross,tx1,all,1.0,6,7,-75.19446565221267,0.5029301734555466,1.0
home_2ms,6,,mti,coherent_cross,tx1,even,-1.0,5,6,80.89451565127086,-0.8294129231924319,0.9999999999999998
home_2ms,6,,mti,coherent_cross,tx1,even,-0.5,5,6,80.89451565127086,-0.8294129231924319,0.9999999999999998
home_2ms,6,,mti,coherent_cross,tx1,even,0.0,6,7,62.965435971064494,-0.26050483759795856,1.0000000000000002
home_2ms,6,,mti,coherent_cross,tx1,even,0.5,6,7,62.965435971064494,-0.26050483759795856,1.0000000000000002
home_2ms,6,,mti,coherent_cross,tx1,even,1.0,6,7,62.965435971064494,-0.26050483759795856,1.0000000000000002
home_2ms,6,,mti,coherent_cross,tx1,odd,-1.0,5,6,-81.20830592759354,0.85951168251179,1.0
home_2ms,6,,mti,coherent_cross,tx1,odd,-0.5,5,6,-81.20830592759354,0.85951168251179,1.0
home_2ms,6,,mti,coherent_cross,tx1,odd,0.0,6,7,-79.15209880529125,0.6937018076617691,1.0000000000000002
home_2ms,6,,mti,coherent_cross,tx1,odd,0.5,6,7,-79.15209880529125,0.6937018076617691,1.0000000000000002
home_2ms,6,,mti,coherent_cross,tx1,odd,1.0,6,7,-79.15209880529125,0.6937018076617691,1.0000000000000002
home_2ms,6,,mti,coherent_cross,tx3,all,-1.0,5,6,-68.24521576625258,0.3331155076990773,1.0
home_2ms,6,,mti,coherent_cross,tx3,all,-0.5,5,6,-68.24521576625258,0.3331155076990773,1.0
home_2ms,6,,mti,coherent_cross,tx3,all,0.0,6,7,17.995977145775303,-0.043181859561617304,1.0000000000000002
home_2ms,6,,mti,coherent_cross,tx3,all,0.5,6,7,17.995977145775303,-0.043181859561617304,1.0000000000000002
home_2ms,6,,mti,coherent_cross,tx3,all,1.0,6,7,17.995977145775303,-0.043181859561617304,1.0000000000000002
home_2ms,6,,mti,coherent_cross,tx3,even,-1.0,5,6,-69.22513882789141,0.35040863700289193,0.9999999999999999
home_2ms,6,,mti,coherent_cross,tx3,even,-0.5,5,6,-69.22513882789141,0.35040863700289193,0.9999999999999999
home_2ms,6,,mti,coherent_cross,tx3,even,0.0,6,7,-20.875019878480522,0.05069534305731228,1.0
home_2ms,6,,mti,coherent_cross,tx3,even,0.5,6,7,-20.875019878480522,0.05069534305731228,1.0
home_2ms,6,,mti,coherent_cross,tx3,even,1.0,6,7,-20.875019878480522,0.05069534305731228,1.0
home_2ms,6,,mti,coherent_cross,tx3,odd,-1.0,5,6,-50.32590311242398,0.16026456377802928,1.0
home_2ms,6,,mti,coherent_cross,tx3,odd,-0.5,5,6,-50.32590311242398,0.16026456377802928,1.0
home_2ms,6,,mti,coherent_cross,tx3,odd,0.0,6,7,-14.38048214496912,0.03408283500856241,0.9999999999999999
home_2ms,6,,mti,coherent_cross,tx3,odd,0.5,6,7,-14.38048214496912,0.03408283500856241,0.9999999999999999
home_2ms,6,,mti,coherent_cross,tx3,odd,1.0,6,7,-14.38048214496912,0.03408283500856241,0.9999999999999999
home_2ms,6,,mti,coherent_cross,fused,all,-1.0,5,6,3.3545629724333925,-0.007791821917406865,0.8721481540359636
home_2ms,6,,mti,coherent_cross,fused,all,-0.5,5,6,3.3545629724333925,-0.007791821917406865,0.8721481540359636
home_2ms,6,,mti,coherent_cross,fused,all,0.0,6,7,-62.92335175038353,0.26003290498583914,0.9633893537483291
home_2ms,6,,mti,coherent_cross,fused,all,0.5,6,7,-62.92335175038353,0.26003290498583914,0.9633893537483291
home_2ms,6,,mti,coherent_cross,fused,all,1.0,6,7,-62.92335175038353,0.26003290498583914,0.9633893537483291
home_2ms,6,,mti,coherent_cross,fused,even,-1.0,5,6,37.88476147824528,-0.10342785684221809,0.8387435159756245
home_2ms,6,,mti,coherent_cross,fused,even,-0.5,5,6,37.88476147824528,-0.10342785684221809,0.8387435159756245
home_2ms,6,,mti,coherent_cross,fused,even,0.0,6,7,41.63808704554141,-0.11818053847210391,0.98800577594628
home_2ms,6,,mti,coherent_cross,fused,even,0.5,6,7,41.63808704554141,-0.11818053847210391,0.98800577594628
home_2ms,6,,mti,coherent_cross,fused,even,1.0,6,7,41.63808704554141,-0.11818053847210391,0.98800577594628
home_2ms,6,,mti,coherent_cross,fused,odd,-1.0,5,6,-71.96324942681201,0.4082310360609082,0.9443772002499122
home_2ms,6,,mti,coherent_cross,fused,odd,-0.5,5,6,-71.96324942681201,0.4082310360609082,0.9443772002499122
home_2ms,6,,mti,coherent_cross,fused,odd,0.0,6,7,-69.70849202618327,0.3595252552029287,0.9461130827602517
home_2ms,6,,mti,coherent_cross,fused,odd,0.5,6,7,-69.70849202618327,0.3595252552029287,0.9461130827602517
home_2ms,6,,mti,coherent_cross,fused,odd,1.0,6,7,-69.70849202618327,0.3595252552029287,0.9461130827602517
home_2ms,7,,raw,loop_cross,tx1,all,-1.0,5,6,-33.30859520966614,0.0791892460679758,0.7913344319638698
home_2ms,7,,raw,loop_cross,tx1,all,-0.5,5,6,-33.30859520966614,0.0791892460679758,0.7913344319638698
home_2ms,7,,raw,loop_cross,tx1,all,0.0,5,6,-33.30859520966614,0.0791892460679758,0.7913344319638698
home_2ms,7,,raw,loop_cross,tx1,all,0.5,5,6,-33.30859520966614,0.0791892460679758,0.7913344319638698
home_2ms,7,,raw,loop_cross,tx1,all,1.0,6,7,-74.76478034446099,0.44249259249685485,0.707814205328469
home_2ms,7,,raw,loop_cross,tx1,even,-1.0,5,6,-59.52588095555195,0.2048048590571343,0.6378742329647498
home_2ms,7,,raw,loop_cross,tx1,even,-0.5,5,6,-59.52588095555195,0.2048048590571343,0.6378742329647498
home_2ms,7,,raw,loop_cross,tx1,even,0.0,5,6,-59.52588095555195,0.2048048590571343,0.6378742329647498
home_2ms,7,,raw,loop_cross,tx1,even,0.5,5,6,-59.52588095555195,0.2048048590571343,0.6378742329647498
home_2ms,7,,raw,loop_cross,tx1,even,1.0,6,7,-66.22458974056345,0.27356132447009485,0.8106986741839587
home_2ms,7,,raw,loop_cross,tx1,odd,-1.0,5,6,4.648957226411345,-0.009800032147754682,0.965281131666666
home_2ms,7,,raw,loop_cross,tx1,odd,-0.5,5,6,4.648957226411345,-0.009800032147754682,0.965281131666666
home_2ms,7,,raw,loop_cross,tx1,odd,0.0,5,6,4.648957226411345,-0.009800032147754682,0.965281131666666
home_2ms,7,,raw,loop_cross,tx1,odd,0.5,5,6,4.648957226411345,-0.009800032147754682,0.965281131666666
home_2ms,7,,raw,loop_cross,tx1,odd,1.0,6,7,-79.53891906970476,0.6527132022423918,0.6332031542328151
home_2ms,7,,raw,loop_cross,tx3,all,-1.0,5,6,-35.59202288791334,0.08625467700735326,0.8303889837388847
home_2ms,7,,raw,loop_cross,tx3,all,-0.5,5,6,-35.59202288791334,0.08625467700735326,0.8303889837388847
home_2ms,7,,raw,loop_cross,tx3,all,0.0,5,6,-35.59202288791334,0.08625467700735326,0.8303889837388847
home_2ms,7,,raw,loop_cross,tx3,all,0.5,5,6,-35.59202288791334,0.08625467700735326,0.8303889837388847
home_2ms,7,,raw,loop_cross,tx3,all,1.0,6,7,83.90207568401833,-1.1280712358081946,0.17418234304517
home_2ms,7,,raw,loop_cross,tx3,even,-1.0,5,6,-18.85237042793595,0.04114951066581281,0.7760212880858591
home_2ms,7,,raw,loop_cross,tx3,even,-0.5,5,6,-18.85237042793595,0.04114951066581281,0.7760212880858591
home_2ms,7,,raw,loop_cross,tx3,even,0.0,5,6,-18.85237042793595,0.04114951066581281,0.7760212880858591
home_2ms,7,,raw,loop_cross,tx3,even,0.5,5,6,-18.85237042793595,0.04114951066581281,0.7760212880858591
home_2ms,7,,raw,loop_cross,tx3,even,1.0,6,7,-85.30563885576504,1.4676174272015423,0.29893400019305516
home_2ms,7,,raw,loop_cross,tx3,odd,-1.0,5,6,-45.6269022715678,0.12318121086637467,0.8823383793104118
home_2ms,7,,raw,loop_cross,tx3,odd,-0.5,5,6,-45.6269022715678,0.12318121086637467,0.8823383793104118
home_2ms,7,,raw,loop_cross,tx3,odd,0.0,5,6,-45.6269022715678,0.12318121086637467,0.8823383793104118
home_2ms,7,,raw,loop_cross,tx3,odd,0.5,5,6,-45.6269022715678,0.12318121086637467,0.8823383793104118
home_2ms,7,,raw,loop_cross,tx3,odd,1.0,6,7,84.98075756465113,-1.3721814791319862,0.5782067057524275
home_2ms,7,,raw,loop_cross,fused,all,-1.0,5,6,-34.380537574855396,0.08245802423656819,0.8089309729887817
home_2ms,7,,raw,loop_cross,fused,all,-0.5,5,6,-34.380537574855396,0.08245802423656819,0.8089309729887817
home_2ms,7,,raw,loop_cross,fused,all,0.0,5,6,-34.380537574855396,0.08245802423656819,0.8089309729887817
home_2ms,7,,raw,loop_cross,fused,all,0.5,5,6,-34.380537574855396,0.08245802423656819,0.8089309729887817
home_2ms,7,,raw,loop_cross,fused,all,1.0,6,7,-60.32890835968474,0.21153268647644444,0.37182734194395434
home_2ms,7,,raw,loop_cross,fused,even,-1.0,5,6,-46.26835155123364,0.1259720501977656,0.6953779188695751
home_2ms,7,,raw,loop_cross,fused,even,-0.5,5,6,-46.26835155123364,0.1259720501977656,0.6953779188695751
home_2ms,7,,raw,loop_cross,fused,even,0.0,5,6,-46.26835155123364,0.1259720501977656,0.6953779188695751
home_2ms,7,,raw,loop_cross,fused,even,0.5,5,6,-46.26835155123364,0.1259720501977656,0.6953779188695751
home_2ms,7,,raw,loop_cross,fused,even,1.0,6,7,-77.57392822530757,0.5469454905493824,0.4932832810395238
home_2ms,7,,raw,loop_cross,fused,odd,-1.0,5,6,-22.33392185200937,0.04951005437987358,0.9244095397500004
home_2ms,7,,raw,loop_cross,fused,odd,-0.5,5,6,-22.33392185200937,0.04951005437987358,0.9244095397500004
home_2ms,7,,raw,loop_cross,fused,odd,0.0,5,6,-22.33392185200937,0.04951005437987358,0.9244095397500004
home_2ms,7,,raw,loop_cross,fused,odd,0.5,5,6,-22.33392185200937,0.04951005437987358,0.9244095397500004
home_2ms,7,,raw,loop_cross,fused,odd,1.0,6,7,66.67354900459321,-0.27947678757128297,0.32200157316585254
home_2ms,7,,raw,coherent_cross,tx1,all,-1.0,5,6,-83.28076313217832,1.0229287060313441,1.0
home_2ms,7,,raw,coherent_cross,tx1,all,-0.5,5,6,-83.28076313217832,1.0229287060313441,1.0
home_2ms,7,,raw,coherent_cross,tx1,all,0.0,5,6,-83.28076313217832,1.0229287060313441,1.0
home_2ms,7,,raw,coherent_cross,tx1,all,0.5,5,6,-83.28076313217832,1.0229287060313441,1.0
home_2ms,7,,raw,coherent_cross,tx1,all,1.0,6,7,81.8637371043235,-0.8429555141667154,1.0
home_2ms,7,,raw,coherent_cross,tx1,even,-1.0,5,6,-87.73043618233895,3.0408363064395787,1.0
home_2ms,7,,raw,coherent_cross,tx1,even,-0.5,5,6,-87.73043618233895,3.0408363064395787,1.0
home_2ms,7,,raw,coherent_cross,tx1,even,0.0,5,6,-87.73043618233895,3.0408363064395787,1.0
home_2ms,7,,raw,coherent_cross,tx1,even,0.5,5,6,-87.73043618233895,3.0408363064395787,1.0
home_2ms,7,,raw,coherent_cross,tx1,even,1.0,6,7,-87.47854286952847,2.7367214131839144,1.0
home_2ms,7,,raw,coherent_cross,tx1,odd,-1.0,5,6,68.2464702386625,-0.30201842898709025,0.9999999999999998
home_2ms,7,,raw,coherent_cross,tx1,odd,-0.5,5,6,68.2464702386625,-0.30201842898709025,0.9999999999999998
home_2ms,7,,raw,coherent_cross,tx1,odd,0.0,5,6,68.2464702386625,-0.30201842898709025,0.9999999999999998
home_2ms,7,,raw,coherent_cross,tx1,odd,0.5,5,6,68.2464702386625,-0.30201842898709025,0.9999999999999998
home_2ms,7,,raw,coherent_cross,tx1,odd,1.0,6,7,-84.32583643944777,1.2129357010882778,1.0
home_2ms,7,,raw,coherent_cross,tx3,all,-1.0,5,6,-42.035151082319516,0.10864587841766937,0.9999999999999999
home_2ms,7,,raw,coherent_cross,tx3,all,-0.5,5,6,-42.035151082319516,0.10864587841766937,0.9999999999999999
home_2ms,7,,raw,coherent_cross,tx3,all,0.0,5,6,-42.035151082319516,0.10864587841766937,0.9999999999999999
home_2ms,7,,raw,coherent_cross,tx3,all,0.5,5,6,-42.035151082319516,0.10864587841766937,0.9999999999999999
home_2ms,7,,raw,coherent_cross,tx3,all,1.0,6,7,84.30743475272985,-1.2089889904391125,1.0
home_2ms,7,,raw,coherent_cross,tx3,even,-1.0,5,6,-75.81386738805807,0.4767546548821595,1.0
home_2ms,7,,raw,coherent_cross,tx3,even,-0.5,5,6,-75.81386738805807,0.4767546548821595,1.0
home_2ms,7,,raw,coherent_cross,tx3,even,0.0,5,6,-75.81386738805807,0.4767546548821595,1.0
home_2ms,7,,raw,coherent_cross,tx3,even,0.5,5,6,-75.81386738805807,0.4767546548821595,1.0
home_2ms,7,,raw,coherent_cross,tx3,even,1.0,6,7,-86.38261466387783,1.9062959097885948,1.0
home_2ms,7,,raw,coherent_cross,tx3,odd,-1.0,5,6,-66.15560407735803,0.27267099197815914,1.0
home_2ms,7,,raw,coherent_cross,tx3,odd,-0.5,5,6,-66.15560407735803,0.27267099197815914,1.0
home_2ms,7,,raw,coherent_cross,tx3,odd,0.0,5,6,-66.15560407735803,0.27267099197815914,1.0
home_2ms,7,,raw,coherent_cross,tx3,odd,0.5,5,6,-66.15560407735803,0.27267099197815914,1.0
home_2ms,7,,raw,coherent_cross,tx3,odd,1.0,6,7,85.93402292422405,-1.6953831074385575,1.0
home_2ms,7,,raw,coherent_cross,fused,all,-1.0,5,6,-78.14401039764594,0.5740683142141106,0.897348666487967
home_2ms,7,,raw,coherent_cross,fused,all,-0.5,5,6,-78.14401039764594,0.5740683142141106,0.897348666487967
home_2ms,7,,raw,coherent_cross,fused,all,0.0,5,6,-78.14401039764594,0.5740683142141106,0.897348666487967
home_2ms,7,,raw,coherent_cross,fused,all,0.5,5,6,-78.14401039764594,0.5740683142141106,0.897348666487967
home_2ms,7,,raw,coherent_cross,fused,all,1.0,6,7,83.53076964312963,-1.0628182554081786,0.9839669864069079
home_2ms,7,,raw,coherent_cross,fused,even,-1.0,5,6,-87.22435614762789,2.4857589033387697,0.3811041330848989
home_2ms,7,,raw,coherent_cross,fused,even,-0.5,5,6,-87.22435614762789,2.4857589033387697,0.3811041330848989
home_2ms,7,,raw,coherent_cross,fused,even,0.0,5,6,-87.22435614762789,2.4857589033387697,0.3811041330848989
home_2ms,7,,raw,coherent_cross,fused,even,0.5,5,6,-87.22435614762789,2.4857589033387697,0.3811041330848989
home_2ms,7,,raw,coherent_cross,fused,even,1.0,6,7,-87.04708011647465,2.336287279550565,0.9151304543247403
home_2ms,7,,raw,coherent_cross,fused,odd,-1.0,5,6,-1.665130787124862,0.003503386462034001,0.9591582344931467
home_2ms,7,,raw,coherent_cross,fused,odd,-0.5,5,6,-1.665130787124862,0.003503386462034001,0.9591582344931467
home_2ms,7,,raw,coherent_cross,fused,odd,0.0,5,6,-1.665130787124862,0.003503386462034001,0.9591582344931467
home_2ms,7,,raw,coherent_cross,fused,odd,0.5,5,6,-1.665130787124862,0.003503386462034001,0.9591582344931467
home_2ms,7,,raw,coherent_cross,fused,odd,1.0,6,7,78.22737794240729,-0.5782515507983459,0.1233098499104303
home_2ms,7,,mti,loop_cross,tx1,all,-1.0,5,6,-56.61178833066953,0.18285199182072515,0.9652250022036597
home_2ms,7,,mti,loop_cross,tx1,all,-0.5,5,6,-56.61178833066953,0.18285199182072515,0.9652250022036597
home_2ms,7,,mti,loop_cross,tx1,all,0.0,5,6,-56.61178833066953,0.18285199182072515,0.9652250022036597
home_2ms,7,,mti,loop_cross,tx1,all,0.5,5,6,-56.61178833066953,0.18285199182072515,0.9652250022036597
home_2ms,7,,mti,loop_cross,tx1,all,1.0,6,7,-29.708847468042485,0.06876503951564213,0.9308823432710992
home_2ms,7,,mti,loop_cross,tx1,even,-1.0,5,6,-61.465652046687936,0.2216435057830204,0.9670801032343316
home_2ms,7,,mti,loop_cross,tx1,even,-0.5,5,6,-61.465652046687936,0.2216435057830204,0.9670801032343316
home_2ms,7,,mti,loop_cross,tx1,even,0.0,5,6,-61.465652046687936,0.2216435057830204,0.9670801032343316
home_2ms,7,,mti,loop_cross,tx1,even,0.5,5,6,-61.465652046687936,0.2216435057830204,0.9670801032343316
home_2ms,7,,mti,loop_cross,tx1,even,1.0,6,7,-69.53464262553577,0.32292630339578715,0.9180983766380106
home_2ms,7,,mti,loop_cross,tx1,odd,-1.0,5,6,-50.82025055146476,0.14787230188417635,0.9648007756203014
home_2ms,7,,mti,loop_cross,tx1,odd,-0.5,5,6,-50.82025055146476,0.14787230188417635,0.9648007756203014
home_2ms,7,,mti,loop_cross,tx1,odd,0.0,5,6,-50.82025055146476,0.14787230188417635,0.9648007756203014
home_2ms,7,,mti,loop_cross,tx1,odd,0.5,5,6,-50.82025055146476,0.14787230188417635,0.9648007756203014
home_2ms,7,,mti,loop_cross,tx1,odd,1.0,6,7,28.26802902239504,-0.06480376463539302,0.9629459393419406
home_2ms,7,,mti,loop_cross,tx3,all,-1.0,5,6,72.80249271259477,-0.3893800718457291,0.9293008452547865
home_2ms,7,,mti,loop_cross,tx3,all,-0.5,5,6,72.80249271259477,-0.3893800718457291,0.9293008452547865
home_2ms,7,,mti,loop_cross,tx3,all,0.0,5,6,72.80249271259477,-0.3893800718457291,0.9293008452547865
home_2ms,7,,mti,loop_cross,tx3,all,0.5,5,6,72.80249271259477,-0.3893800718457291,0.9293008452547865
home_2ms,7,,mti,loop_cross,tx3,all,1.0,6,7,-43.059059901065154,0.11261425235766329,0.7397591465091008
home_2ms,7,,mti,loop_cross,tx3,even,-1.0,5,6,68.24649317018583,-0.3020187801475135,0.9055586380272038
home_2ms,7,,mti,loop_cross,tx3,even,-0.5,5,6,68.24649317018583,-0.3020187801475135,0.9055586380272038
home_2ms,7,,mti,loop_cross,tx3,even,0.0,5,6,68.24649317018583,-0.3020187801475135,0.9055586380272038
home_2ms,7,,mti,loop_cross,tx3,even,0.5,5,6,68.24649317018583,-0.3020187801475135,0.9055586380272038
home_2ms,7,,mti,loop_cross,tx3,even,1.0,6,7,-7.668117366730776,0.016225945176645933,0.650020545318687
home_2ms,7,,mti,loop_cross,tx3,odd,-1.0,5,6,75.57157136585825,-0.468408799370337,0.958333404045071
home_2ms,7,,mti,loop_cross,tx3,odd,-0.5,5,6,75.57157136585825,-0.468408799370337,0.958333404045071
home_2ms,7,,mti,loop_cross,tx3,odd,0.0,5,6,75.57157136585825,-0.468408799370337,0.958333404045071
home_2ms,7,,mti,loop_cross,tx3,odd,0.5,5,6,75.57157136585825,-0.468408799370337,0.958333404045071
home_2ms,7,,mti,loop_cross,tx3,odd,1.0,6,7,-53.551103703885865,0.16317044587962906,0.8007845543530316
home_2ms,7,,mti,loop_cross,fused,all,-1.0,5,6,38.57536427300225,-0.09612081268847411,0.9088689990880278
home_2ms,7,,mti,loop_cross,fused,all,-0.5,5,6,38.57536427300225,-0.09612081268847411,0.9088689990880278
home_2ms,7,,mti,loop_cross,fused,all,0.0,5,6,38.57536427300225,-0.09612081268847411,0.9088689990880278
home_2ms,7,,mti,loop_cross,fused,all,0.5,5,6,38.57536427300225,-0.09612081268847411,0.9088689990880278
home_2ms,7,,mti,loop_cross,fused,all,1.0,6,7,-36.446417521192444,0.0890018955386118,0.8315130467125409
home_2ms,7,,mti,loop_cross,fused,even,-1.0,5,6,15.882723840202473,-0.03429023279106993,0.9041005962260152
home_2ms,7,,mti,loop_cross,fused,even,-0.5,5,6,15.882723840202473,-0.03429023279106993,0.9041005962260152
home_2ms,7,,mti,loop_cross,fused,even,0.0,5,6,15.882723840202473,-0.03429023279106993,0.9041005962260152
home_2ms,7,,mti,loop_cross,fused,even,0.5,5,6,15.882723840202473,-0.03429023279106993,0.9041005962260152
home_2ms,7,,mti,loop_cross,fused,even,1.0,6,7,-56.637489479396606,0.1830306210301227,0.7636455527556099
home_2ms,7,,mti,loop_cross,fused,odd,-1.0,5,6,51.7235112079062,-0.15272689057054334,0.9163651886800165
home_2ms,7,,mti,loop_cross,fused,odd,-0.5,5,6,51.7235112079062,-0.15272689057054334,0.9163651886800165
home_2ms,7,,mti,loop_cross,fused,odd,0.0,5,6,51.7235112079062,-0.15272689057054334,0.9163651886800165
home_2ms,7,,mti,loop_cross,fused,odd,0.5,5,6,51.7235112079062,-0.15272689057054334,0.9163651886800165
home_2ms,7,,mti,loop_cross,fused,odd,1.0,6,7,-18.236528057876466,0.03970837406432285,0.8754367642158106
home_2ms,7,,mti,coherent_cross,tx1,all,-1.0,5,6,-80.62585133071923,0.7300142838847957,1.0
home_2ms,7,,mti,coherent_cross,tx1,all,-0.5,5,6,-80.62585133071923,0.7300142838847957,1.0
home_2ms,7,,mti,coherent_cross,tx1,all,0.0,5,6,-80.62585133071923,0.7300142838847957,1.0
home_2ms,7,,mti,coherent_cross,tx1,all,0.5,5,6,-80.62585133071923,0.7300142838847957,1.0
home_2ms,7,,mti,coherent_cross,tx1,all,1.0,6,7,75.25257083627406,-0.4578303419558245,1.0
home_2ms,7,,mti,coherent_cross,tx1,even,-1.0,5,6,-78.52987873105859,0.5939338903817253,1.0
home_2ms,7,,mti,coherent_cross,tx1,even,-0.5,5,6,-78.52987873105859,0.5939338903817253,1.0
home_2ms,7,,mti,coherent_cross,tx1,even,0.0,5,6,-78.52987873105859,0.5939338903817253,1.0
home_2ms,7,,mti,coherent_cross,tx1,even,0.5,5,6,-78.52987873105859,0.5939338903817253,1.0
home_2ms,7,,mti,coherent_cross,tx1,even,1.0,6,7,86.79550495165816,-2.152533412307417,1.0000000000000002
home_2ms,7,,mti,coherent_cross,tx1,odd,-1.0,5,6,-38.91642758002379,0.09730017073157338,1.0
home_2ms,7,,mti,coherent_cross,tx1,odd,-0.5,5,6,-38.91642758002379,0.09730017073157338,1.0
home_2ms,7,,mti,coherent_cross,tx1,odd,0.0,5,6,-38.91642758002379,0.09730017073157338,1.0
home_2ms,7,,mti,coherent_cross,tx1,odd,0.5,5,6,-38.91642758002379,0.09730017073157338,1.0
home_2ms,7,,mti,coherent_cross,tx1,odd,1.0,6,7,70.62749315808533,-0.34274490104657795,1.0
home_2ms,7,,mti,coherent_cross,tx3,all,-1.0,5,6,83.35097207694291,-1.0338292466094432,1.0
home_2ms,7,,mti,coherent_cross,tx3,all,-0.5,5,6,83.35097207694291,-1.0338292466094432,1.0
home_2ms,7,,mti,coherent_cross,tx3,all,0.0,5,6,83.35097207694291,-1.0338292466094432,1.0
home_2ms,7,,mti,coherent_cross,tx3,all,0.5,5,6,83.35097207694291,-1.0338292466094432,1.0
home_2ms,7,,mti,coherent_cross,tx3,all,1.0,6,7,-83.66158959341591,1.0849396574553978,0.9999999999999999
home_2ms,7,,mti,coherent_cross,tx3,even,-1.0,5,6,-74.06809735541697,0.42217782628184025,1.0000000000000002
home_2ms,7,,mti,coherent_cross,tx3,even,-0.5,5,6,-74.06809735541697,0.42217782628184025,1.0000000000000002
home_2ms,7,,mti,coherent_cross,tx3,even,0.0,5,6,-74.06809735541697,0.42217782628184025,1.0000000000000002
home_2ms,7,,mti,coherent_cross,tx3,even,0.5,5,6,-74.06809735541697,0.42217782628184025,1.0000000000000002
home_2ms,7,,mti,coherent_cross,tx3,even,1.0,6,7,84.88097775876612,-1.3452962672099857,1.0
home_2ms,7,,mti,coherent_cross,tx3,odd,-1.0,5,6,78.48804082130795,-0.5917164800487458,1.0000000000000002
home_2ms,7,,mti,coherent_cross,tx3,odd,-0.5,5,6,78.48804082130795,-0.5917164800487458,1.0000000000000002
home_2ms,7,,mti,coherent_cross,tx3,odd,0.0,5,6,78.48804082130795,-0.5917164800487458,1.0000000000000002
home_2ms,7,,mti,coherent_cross,tx3,odd,0.5,5,6,78.48804082130795,-0.5917164800487458,1.0000000000000002
home_2ms,7,,mti,coherent_cross,tx3,odd,1.0,6,7,-70.17371840583259,0.33426130748804583,1.0000000000000002
home_2ms,7,,mti,coherent_cross,fused,all,-1.0,5,6,7.800602921100754,-0.016509752853131388,0.6415403446692468
home_2ms,7,,mti,coherent_cross,fused,all,-0.5,5,6,7.800602921100754,-0.016509752853131388,0.6415403446692468
home_2ms,7,,mti,coherent_cross,fused,all,0.0,5,6,7.800602921100754,-0.016509752853131388,0.6415403446692468
home_2ms,7,,mti,coherent_cross,fused,all,0.5,5,6,7.800602921100754,-0.016509752853131388,0.6415403446692468
home_2ms,7,,mti,coherent_cross,fused,all,1.0,6,7,-71.25414916037832,0.35510935161226925,0.7175652883236635
home_2ms,7,,mti,coherent_cross,fused,even,-1.0,5,6,-76.82353216468978,0.5147679608988643,0.9963371911141127
home_2ms,7,,mti,coherent_cross,fused,even,-0.5,5,6,-76.82353216468978,0.5147679608988643,0.9963371911141127
home_2ms,7,,mti,coherent_cross,fused,even,0.0,5,6,-76.82353216468978,0.5147679608988643,0.9963371911141127
home_2ms,7,,mti,coherent_cross,fused,even,0.5,5,6,-76.82353216468978,0.5147679608988643,0.9963371911141127
home_2ms,7,,mti,coherent_cross,fused,even,1.0,6,7,86.04310310158156,-1.7422750728498617,0.9196661007013406
home_2ms,7,,mti,coherent_cross,fused,odd,-1.0,5,6,61.55884836276141,-0.22250516103628415,0.9415288852628
home_2ms,7,,mti,coherent_cross,fused,odd,-0.5,5,6,61.55884836276141,-0.22250516103628415,0.9415288852628
home_2ms,7,,mti,coherent_cross,fused,odd,0.0,5,6,61.55884836276141,-0.22250516103628415,0.9415288852628
home_2ms,7,,mti,coherent_cross,fused,odd,0.5,5,6,61.55884836276141,-0.22250516103628415,0.9415288852628
home_2ms,7,,mti,coherent_cross,fused,odd,1.0,6,7,5.302525300177329,-0.011185168417614834,0.943275542292385
home_2ms,8,,raw,loop_cross,tx1,all,-1.0,5,6,-51.24929227534125,0.1527880277667162,0.8846375177778754
home_2ms,8,,raw,loop_cross,tx1,all,-0.5,5,6,-51.24929227534125,0.1527880277667162,0.8846375177778754
home_2ms,8,,raw,loop_cross,tx1,all,0.0,6,7,-81.80524431730707,0.851534656202241,0.5484494480584402
home_2ms,8,,raw,loop_cross,tx1,all,0.5,6,7,-81.80524431730707,0.851534656202241,0.5484494480584402
home_2ms,8,,raw,loop_cross,tx1,all,1.0,6,7,-81.80524431730707,0.851534656202241,0.5484494480584402
home_2ms,8,,raw,loop_cross,tx1,even,-1.0,5,6,-50.096672596447746,0.1466446852047875,0.8519188220906436
home_2ms,8,,raw,loop_cross,tx1,even,-0.5,5,6,-50.096672596447746,0.1466446852047875,0.8519188220906436
home_2ms,8,,raw,loop_cross,tx1,even,0.0,6,7,-81.41838765241326,0.8126066229735962,0.6633611910867371
home_2ms,8,,raw,loop_cross,tx1,even,0.5,6,7,-81.41838765241326,0.8126066229735962,0.6633611910867371
home_2ms,8,,raw,loop_cross,tx1,even,1.0,6,7,-81.41838765241326,0.8126066229735962,0.6633611910867371
home_2ms,8,,raw,loop_cross,tx1,odd,-1.0,5,6,-52.25438632282861,0.15840189975083568,0.9168452555339426
home_2ms,8,,raw,loop_cross,tx1,odd,-0.5,5,6,-52.25438632282861,0.15840189975083568,0.9168452555339426
home_2ms,8,,raw,loop_cross,tx1,odd,0.0,6,7,-82.32081219083402,0.9094675580281613,0.4370419004119307
home_2ms,8,,raw,loop_cross,tx1,odd,0.5,6,7,-82.32081219083402,0.9094675580281613,0.4370419004119307
home_2ms,8,,raw,loop_cross,tx1,odd,1.0,6,7,-82.32081219083402,0.9094675580281613,0.4370419004119307
home_2ms,8,,raw,loop_cross,tx3,all,-1.0,5,6,76.08614699917374,-0.49500535036308113,0.5803728932543778
home_2ms,8,,raw,loop_cross,tx3,all,-0.5,5,6,76.08614699917374,-0.49500535036308113,0.5803728932543778
home_2ms,8,,raw,loop_cross,tx3,all,0.0,6,7,-74.19959321496988,0.4333480453016722,0.4121389833813207
home_2ms,8,,raw,loop_cross,tx3,all,0.5,6,7,-74.19959321496988,0.4333480453016722,0.4121389833813207
home_2ms,8,,raw,loop_cross,tx3,all,1.0,6,7,-74.19959321496988,0.4333480453016722,0.4121389833813207
home_2ms,8,,raw,loop_cross,tx3,even,-1.0,5,6,74.54165653788273,-0.4434356228438252,0.35282038547988614
home_2ms,8,,raw,loop_cross,tx3,even,-0.5,5,6,74.54165653788273,-0.4434356228438252,0.35282038547988614
home_2ms,8,,raw,loop_cross,tx3,even,0.0,6,7,-74.86501930127443,0.45338053498099395,0.5908798851042688
home_2ms,8,,raw,loop_cross,tx3,even,0.5,6,7,-74.86501930127443,0.45338053498099395,0.5908798851042688
home_2ms,8,,raw,loop_cross,tx3,even,1.0,6,7,-74.86501930127443,0.45338053498099395,0.5908798851042688
home_2ms,8,,raw,loop_cross,tx3,odd,-1.0,5,6,76.64099407023177,-0.5163789629395792,0.7930597957985902
home_2ms,8,,raw,loop_cross,tx3,odd,-0.5,5,6,76.64099407023177,-0.5163789629395792,0.7930597957985902
home_2ms,8,,raw,loop_cross,tx3,odd,0.0,6,7,-72.51925852291215,0.3893841067726406,0.2479330934537101
home_2ms,8,,raw,loop_cross,tx3,odd,0.5,6,7,-72.51925852291215,0.3893841067726406,0.2479330934537101
home_2ms,8,,raw,loop_cross,tx3,odd,1.0,6,7,-72.51925852291215,0.3893841067726406,0.2479330934537101
home_2ms,8,,raw,loop_cross,fused,all,-1.0,5,6,29.49416282260987,-0.06936335301952834,0.7129485453494028
home_2ms,8,,raw,loop_cross,fused,all,-0.5,5,6,29.49416282260987,-0.06936335301952834,0.7129485453494028
home_2ms,8,,raw,loop_cross,fused,all,0.0,6,7,-79.6331628353197,0.6703349008453202,0.4693080662914571
home_2ms,8,,raw,loop_cross,fused,all,0.5,6,7,-79.6331628353197,0.6703349008453202,0.4693080662914571
home_2ms,8,,raw,loop_cross,fused,all,1.0,6,7,-79.6331628353197,0.6703349008453202,0.4693080662914571
home_2ms,8,,raw,loop_cross,fused,even,-1.0,5,6,-2.0037239952325634,0.004290260263484731,0.6112703964615853
home_2ms,8,,raw,loop_cross,fused,even,-0.5,5,6,-2.0037239952325634,0.004290260263484731,0.6112703964615853
home_2ms,8,,raw,loop_cross,fused,even,0.0,6,7,-79.22670218911318,0.6444725407889907,0.6172671424436326
home_2ms,8,,raw,loop_cross,fused,even,0.5,6,7,-79.22670218911318,0.6444725407889907,0.6172671424436326
home_2ms,8,,raw,loop_cross,fused,even,1.0,6,7,-79.22670218911318,0.6444725407889907,0.6172671424436326
home_2ms,8,,raw,loop_cross,fused,odd,-1.0,5,6,44.966399167939194,-0.12248471410367964,0.8133000390384091
home_2ms,8,,raw,loop_cross,fused,odd,-0.5,5,6,44.966399167939194,-0.12248471410367964,0.8133000390384091
home_2ms,8,,raw,loop_cross,fused,odd,0.0,6,7,-80.2863228017215,0.716376327186331,0.32934642199082864
home_2ms,8,,raw,loop_cross,fused,odd,0.5,6,7,-80.2863228017215,0.716376327186331,0.32934642199082864
home_2ms,8,,raw,loop_cross,fused,odd,1.0,6,7,-80.2863228017215,0.716376327186331,0.32934642199082864
home_2ms,8,,raw,coherent_cross,tx1,all,-1.0,5,6,-87.28007425107631,2.5812522589103,0.9999999999999998
home_2ms,8,,raw,coherent_cross,tx1,all,-0.5,5,6,-87.28007425107631,2.5812522589103,0.9999999999999998
home_2ms,8,,raw,coherent_cross,tx1,all,0.0,6,7,83.93388761595543,-1.153922107310455,1.0
home_2ms,8,,raw,coherent_cross,tx1,all,0.5,6,7,83.93388761595543,-1.153922107310455,1.0
home_2ms,8,,raw,coherent_cross,tx1,all,1.0,6,7,83.93388761595543,-1.153922107310455,1.0
home_2ms,8,,raw,coherent_cross,tx1,even,-1.0,5,6,-87.0694846404215,2.3954712487721626,1.0
home_2ms,8,,raw,coherent_cross,tx1,even,-0.5,5,6,-87.0694846404215,2.3954712487721626,1.0
home_2ms,8,,raw,coherent_cross,tx1,even,0.0,6,7,-86.89124175825852,2.2578780616902603,1.0
home_2ms,8,,raw,coherent_cross,tx1,even,0.5,6,7,-86.89124175825852,2.2578780616902603,1.0
home_2ms,8,,raw,coherent_cross,tx1,even,1.0,6,7,-86.89124175825852,2.2578780616902603,1.0
home_2ms,8,,raw,coherent_cross,tx1,odd,-1.0,5,6,8.328582750688222,-0.017952038856794493,1.0000000000000002
home_2ms,8,,raw,coherent_cross,tx1,odd,-0.5,5,6,8.328582750688222,-0.017952038856794493,1.0000000000000002
home_2ms,8,,raw,coherent_cross,tx1,odd,0.0,6,7,87.44318746691906,-2.746164849448489,1.0000000000000002
home_2ms,8,,raw,coherent_cross,tx1,odd,0.5,6,7,87.44318746691906,-2.746164849448489,1.0000000000000002
home_2ms,8,,raw,coherent_cross,tx1,odd,1.0,6,7,87.44318746691906,-2.746164849448489,1.0000000000000002
home_2ms,8,,raw,coherent_cross,tx3,all,-1.0,5,6,-69.984823189707,0.3366414447837485,0.9999999999999998
home_2ms,8,,raw,coherent_cross,tx3,all,-0.5,5,6,-69.984823189707,0.3366414447837485,0.9999999999999998
home_2ms,8,,raw,coherent_cross,tx3,all,0.0,6,7,81.07424048067367,-0.7807921701081215,1.0
home_2ms,8,,raw,coherent_cross,tx3,all,0.5,6,7,81.07424048067367,-0.7807921701081215,1.0
home_2ms,8,,raw,coherent_cross,tx3,all,1.0,6,7,81.07424048067367,-0.7807921701081215,1.0
home_2ms,8,,raw,coherent_cross,tx3,even,-1.0,5,6,-56.68690217613822,0.18659101955859017,1.0000000000000002
home_2ms,8,,raw,coherent_cross,tx3,even,-0.5,5,6,-56.68690217613822,0.18659101955859017,1.0000000000000002
home_2ms,8,,raw,coherent_cross,tx3,even,0.0,6,7,-37.28794162568228,0.09337707317793674,1.0000000000000002
home_2ms,8,,raw,coherent_cross,tx3,even,0.5,6,7,-37.28794162568228,0.09337707317793674,1.0000000000000002
home_2ms,8,,raw,coherent_cross,tx3,even,1.0,6,7,-37.28794162568228,0.09337707317793674,1.0000000000000002
home_2ms,8,,raw,coherent_cross,tx3,odd,-1.0,5,6,-86.16700346475378,1.830319560195537,1.0
home_2ms,8,,raw,coherent_cross,tx3,odd,-0.5,5,6,-86.16700346475378,1.830319560195537,1.0
home_2ms,8,,raw,coherent_cross,tx3,odd,0.0,6,7,85.94327588743747,-1.729067159316774,1.0
home_2ms,8,,raw,coherent_cross,tx3,odd,0.5,6,7,85.94327588743747,-1.729067159316774,1.0
home_2ms,8,,raw,coherent_cross,tx3,odd,1.0,6,7,85.94327588743747,-1.729067159316774,1.0
home_2ms,8,,raw,coherent_cross,fused,all,-1.0,5,6,-86.1763461434224,1.8348051000270422,0.4661465165260703
home_2ms,8,,raw,coherent_cross,fused,all,-0.5,5,6,-86.1763461434224,1.8348051000270422,0.4661465165260703
home_2ms,8,,raw,coherent_cross,fused,all,0.0,6,7,82.48827666565091,-0.9299851768156202,0.9833337898353196
home_2ms,8,,raw,coherent_cross,fused,all,0.5,6,7,82.48827666565091,-0.9299851768156202,0.9833337898353196
home_2ms,8,,raw,coherent_cross,fused,all,1.0,6,7,82.48827666565091,-0.9299851768156202,0.9833337898353196
home_2ms,8,,raw,coherent_cross,fused,even,-1.0,5,6,-86.10655760930985,1.8018181433127436,0.5154231980842824
home_2ms,8,,raw,coherent_cross,fused,even,-0.5,5,6,-86.10655760930985,1.8018181433127436,0.5154231980842824
home_2ms,8,,raw,coherent_cross,fused,even,0.0,6,7,-84.16646880541161,1.200267606485413,0.4694848436108598
home_2ms,8,,raw,coherent_cross,fused,even,0.5,6,7,-84.16646880541161,1.200267606485413,0.4694848436108598
home_2ms,8,,raw,coherent_cross,fused,even,1.0,6,7,-84.16646880541161,1.200267606485413,0.4694848436108598
home_2ms,8,,raw,coherent_cross,fused,odd,-1.0,5,6,-79.237261024189,0.6451199481465103,0.6236565482553935
home_2ms,8,,raw,coherent_cross,fused,odd,-0.5,5,6,-79.237261024189,0.6451199481465103,0.6236565482553935
home_2ms,8,,raw,coherent_cross,fused,odd,0.0,6,7,86.77163767651645,-2.174060831186756,0.8752190330069799
home_2ms,8,,raw,coherent_cross,fused,odd,0.5,6,7,86.77163767651645,-2.174060831186756,0.8752190330069799
home_2ms,8,,raw,coherent_cross,fused,odd,1.0,6,7,86.77163767651645,-2.174060831186756,0.8752190330069799
home_2ms,8,,mti,loop_cross,tx1,all,-1.0,5,6,-46.469108665672636,0.1290839784128791,0.7018262452815778
home_2ms,8,,mti,loop_cross,tx1,all,-0.5,5,6,-46.469108665672636,0.1290839784128791,0.7018262452815778
home_2ms,8,,mti,loop_cross,tx1,all,0.0,6,7,20.37091790095168,-0.04553427639050402,0.9003054858786208
home_2ms,8,,mti,loop_cross,tx1,all,0.5,6,7,20.37091790095168,-0.04553427639050402,0.9003054858786208
home_2ms,8,,mti,loop_cross,tx1,all,1.0,6,7,20.37091790095168,-0.04553427639050402,0.9003054858786208
home_2ms,8,,mti,loop_cross,tx1,even,-1.0,5,6,-53.15473530242539,0.16365114443535742,0.7273888866004531
home_2ms,8,,mti,loop_cross,tx1,even,-0.5,5,6,-53.15473530242539,0.16365114443535742,0.7273888866004531
home_2ms,8,,mti,loop_cross,tx1,even,0.0,6,7,59.399118178785855,-0.20734611771625913,0.9508943638036906
home_2ms,8,,mti,loop_cross,tx1,even,0.5,6,7,59.399118178785855,-0.20734611771625913,0.9508943638036906
home_2ms,8,,mti,loop_cross,tx1,even,1.0,6,7,59.399118178785855,-0.20734611771625913,0.9508943638036906
home_2ms,8,,mti,loop_cross,tx1,odd,-1.0,5,6,-36.61326450620233,0.091115986886002,0.6766402843355555
home_2ms,8,,mti,loop_cross,tx1,odd,-0.5,5,6,-36.61326450620233,0.091115986886002,0.6766402843355555
home_2ms,8,,mti,loop_cross,tx1,odd,0.0,6,7,-50.547739566197855,0.14901301007841725,0.8746774885978773
home_2ms,8,,mti,loop_cross,tx1,odd,0.5,6,7,-50.547739566197855,0.14901301007841725,0.8746774885978773
home_2ms,8,,mti,loop_cross,tx1,odd,1.0,6,7,-50.547739566197855,0.14901301007841725,0.8746774885978773
home_2ms,8,,mti,loop_cross,tx3,all,-1.0,5,6,78.63428266389239,-0.6100530737024106,0.5400440014967429
home_2ms,8,,mti,loop_cross,tx3,all,-0.5,5,6,78.63428266389239,-0.6100530737024106,0.5400440014967429
home_2ms,8,,mti,loop_cross,tx3,all,0.0,6,7,-49.23775506404898,0.14225584209574751,0.9476843176424644
home_2ms,8,,mti,loop_cross,tx3,all,0.5,6,7,-49.23775506404898,0.14225584209574751,0.9476843176424644
home_2ms,8,,mti,loop_cross,tx3,all,1.0,6,7,-49.23775506404898,0.14225584209574751,0.9476843176424644
home_2ms,8,,mti,loop_cross,tx3,even,-1.0,5,6,83.47470506667518,-1.0720878913345175,0.5050977012871642
home_2ms,8,,mti,loop_cross,tx3,even,-0.5,5,6,83.47470506667518,-1.0720878913345175,0.5050977012871642
home_2ms,8,,mti,loop_cross,tx3,even,0.0,6,7,-56.993610952739886,0.18878517780079032,0.9277544952843805
home_2ms,8,,mti,loop_cross,tx3,even,0.5,6,7,-56.993610952739886,0.18878517780079032,0.9277544952843805
home_2ms,8,,mti,loop_cross,tx3,even,1.0,6,7,-56.993610952739886,0.18878517780079032,0.9277544952843805
home_2ms,8,,mti,loop_cross,tx3,odd,-1.0,5,6,61.63118918496932,-0.22709197226659283,0.6908825624595819
home_2ms,8,,mti,loop_cross,tx3,odd,-0.5,5,6,61.63118918496932,-0.22709197226659283,0.6908825624595819
home_2ms,8,,mti,loop_cross,tx3,odd,0.0,6,7,-38.51610637913803,0.09759937679812634,0.9696501855434405
home_2ms,8,,mti,loop_cross,tx3,odd,0.5,6,7,-38.51610637913803,0.09759937679812634,0.9696501855434405
home_2ms,8,,mti,loop_cross,tx3,odd,1.0,6,7,-38.51610637913803,0.09759937679812634,0.9696501855434405
home_2ms,8,,mti,loop_cross,fused,all,-1.0,5,6,52.335231468709665,-0.15886448297823966,0.5872415415567032
home_2ms,8,,mti,loop_cross,fused,all,-0.5,5,6,52.335231468709665,-0.15886448297823966,0.5872415415567032
home_2ms,8,,mti,loop_cross,fused,all,0.0,6,7,-26.14424885885545,0.06019254024876554,0.9223556647845208
home_2ms,8,,mti,loop_cross,fused,all,0.5,6,7,-26.14424885885545,0.06019254024876554,0.9223556647845208
home_2ms,8,,mti,loop_cross,fused,all,1.0,6,7,-26.14424885885545,0.06019254024876554,0.9223556647845208
home_2ms,8,,mti,loop_cross,fused,even,-1.0,5,6,67.05472198076605,-0.2896634164063197,0.5142968573798615
home_2ms,8,,mti,loop_cross,fused,even,-0.5,5,6,67.05472198076605,-0.2896634164063197,0.5142968573798615
home_2ms,8,,mti,loop_cross,fused,even,0.0,6,7,-1.7544613122092911,0.0037561956486570273,0.9201620082627889
home_2ms,8,,mti,loop_cross,fused,even,0.5,6,7,-1.7544613122092911,0.0037561956486570273,0.9201620082627889
home_2ms,8,,mti,loop_cross,fused,even,1.0,6,7,-1.7544613122092911,0.0037561956486570273,0.9201620082627889
home_2ms,8,,mti,loop_cross,fused,odd,-1.0,5,6,22.793084311305712,-0.05153084179811253,0.6744230179810783
home_2ms,8,,mti,loop_cross,fused,odd,-0.5,5,6,22.793084311305712,-0.05153084179811253,0.6744230179810783
home_2ms,8,,mti,loop_cross,fused,odd,0.0,6,7,-44.093645761867435,0.11880887617174883,0.9277803563291467
home_2ms,8,,mti,loop_cross,fused,odd,0.5,6,7,-44.093645761867435,0.11880887617174883,0.9277803563291467
home_2ms,8,,mti,loop_cross,fused,odd,1.0,6,7,-44.093645761867435,0.11880887617174883,0.9277803563291467
home_2ms,8,,mti,coherent_cross,tx1,all,-1.0,5,6,-86.52209097956467,2.017724315054662,1.0
home_2ms,8,,mti,coherent_cross,tx1,all,-0.5,5,6,-86.52209097956467,2.017724315054662,1.0
home_2ms,8,,mti,coherent_cross,tx1,all,0.0,6,7,83.94515287674263,-1.1560851336777733,1.0000000000000002
home_2ms,8,,mti,coherent_cross,tx1,all,0.5,6,7,83.94515287674263,-1.1560851336777733,1.0000000000000002
home_2ms,8,,mti,coherent_cross,tx1,all,1.0,6,7,83.94515287674263,-1.1560851336777733,1.0000000000000002
home_2ms,8,,mti,coherent_cross,tx1,even,-1.0,5,6,-86.0208075951119,1.7628685686742476,1.0
home_2ms,8,,mti,coherent_cross,tx1,even,-0.5,5,6,-86.0208075951119,1.7628685686742476,1.0
home_2ms,8,,mti,coherent_cross,tx1,even,0.0,6,7,82.58530858455666,-0.9422950442477902,1.0
home_2ms,8,,mti,coherent_cross,tx1,even,0.5,6,7,82.58530858455666,-0.9422950442477902,1.0
home_2ms,8,,mti,coherent_cross,tx1,even,1.0,6,7,82.58530858455666,-0.9422950442477902,1.0
home_2ms,8,,mti,coherent_cross,tx1,odd,-1.0,5,6,76.58473170963454,-0.5141326214977585,1.0
home_2ms,8,,mti,coherent_cross,tx1,odd,-0.5,5,6,76.58473170963454,-0.5141326214977585,1.0
home_2ms,8,,mti,coherent_cross,tx1,odd,0.0,6,7,-81.50620550559802,0.8211345362932853,0.9999999999999998
home_2ms,8,,mti,coherent_cross,tx1,odd,0.5,6,7,-81.50620550559802,0.8211345362932853,0.9999999999999998
home_2ms,8,,mti,coherent_cross,tx1,odd,1.0,6,7,-81.50620550559802,0.8211345362932853,0.9999999999999998
home_2ms,8,,mti,coherent_cross,tx3,all,-1.0,5,6,62.013209497454795,-0.23075891825578695,1.0
home_2ms,8,,mti,coherent_cross,tx3,all,-0.5,5,6,62.013209497454795,-0.23075891825578695,1.0
home_2ms,8,,mti,coherent_cross,tx3,all,0.0,6,7,77.55457493471944,-0.5556453744803753,1.0
home_2ms,8,,mti,coherent_cross,tx3,all,0.5,6,7,77.55457493471944,-0.5556453744803753,1.0
home_2ms,8,,mti,coherent_cross,tx3,all,1.0,6,7,77.55457493471944,-0.5556453744803753,1.0
home_2ms,8,,mti,coherent_cross,tx3,even,-1.0,5,6,80.1342572043152,-0.7051183189909057,0.9999999999999998
home_2ms,8,,mti,coherent_cross,tx3,even,-0.5,5,6,80.1342572043152,-0.7051183189909057,0.9999999999999998
home_2ms,8,,mti,coherent_cross,tx3,even,0.0,6,7,81.76008767430078,-0.8468036157002213,1.0
home_2ms,8,,mti,coherent_cross,tx3,even,0.5,6,7,81.76008767430078,-0.8468036157002213,1.0
home_2ms,8,,mti,coherent_cross,tx3,even,1.0,6,7,81.76008767430078,-0.8468036157002213,1.0
home_2ms,8,,mti,coherent_cross,tx3,odd,-1.0,5,6,-84.27181315966682,1.2224930546352675,1.0
home_2ms,8,,mti,coherent_cross,tx3,odd,-0.5,5,6,-84.27181315966682,1.2224930546352675,1.0
home_2ms,8,,mti,coherent_cross,tx3,odd,0.0,6,7,68.93058052014423,-0.31830480951484597,0.9999999999999999
home_2ms,8,,mti,coherent_cross,tx3,odd,0.5,6,7,68.93058052014423,-0.31830480951484597,0.9999999999999999
home_2ms,8,,mti,coherent_cross,tx3,odd,1.0,6,7,68.93058052014423,-0.31830480951484597,0.9999999999999999
home_2ms,8,,mti,coherent_cross,fused,all,-1.0,5,6,-84.62708319039892,1.3038515332683915,0.47096295007124245
home_2ms,8,,mti,coherent_cross,fused,all,-0.5,5,6,-84.62708319039892,1.3038515332683915,0.47096295007124245
home_2ms,8,,mti,coherent_cross,fused,all,0.0,6,7,81.22615722635014,-0.7945307145629821,0.9570711381559492
home_2ms,8,,mti,coherent_cross,fused,all,0.5,6,7,81.22615722635014,-0.7945307145629821,0.9570711381559492
home_2ms,8,,mti,coherent_cross,fused,all,1.0,6,7,81.22615722635014,-0.7945307145629821,0.9570711381559492
home_2ms,8,,mti,coherent_cross,fused,even,-1.0,5,6,-84.05367052875698,1.177339610987853,0.4146377234593148
home_2ms,8,,mti,coherent_cross,fused,even,-0.5,5,6,-84.05367052875698,1.177339610987853,0.4146377234593148
home_2ms,8,,mti,coherent_cross,fused,even,0.0,6,7,82.137746037785,-0.8880325484882466,0.9988816002989648
home_2ms,8,,mti,coherent_cross,fused,even,0.5,6,7,82.137746037785,-0.8880325484882466,0.9988816002989648
home_2ms,8,,mti,coherent_cross,fused,even,1.0,6,7,82.137746037785,-0.8880325484882466,0.9988816002989648
home_2ms,8,,mti,coherent_cross,fused,odd,-1.0,5,6,-55.868464303163485,0.18090691647396398,0.6559373764641381
home_2ms,8,,mti,coherent_cross,fused,odd,-0.5,5,6,-55.868464303163485,0.18090691647396398,0.6559373764641381
home_2ms,8,,mti,coherent_cross,fused,odd,0.0,6,7,-55.51044793350944,0.17849523595819075,0.8442958966054668
home_2ms,8,,mti,coherent_cross,fused,odd,0.5,6,7,-55.51044793350944,0.17849523595819075,0.8442958966054668
home_2ms,8,,mti,coherent_cross,fused,odd,1.0,6,7,-55.51044793350944,0.17849523595819075,0.8442958966054668
home_2ms,9,,raw,loop_cross,tx1,all,-1.0,4,5,-85.99140421531447,1.9966923498628053,0.12094693102355861
home_2ms,9,,raw,loop_cross,tx1,all,-0.5,4,5,-85.99140421531447,1.9966923498628053,0.12094693102355861
home_2ms,9,,raw,loop_cross,tx1,all,0.0,5,6,-85.27107433763034,1.6914634770736852,0.1997464260351813
home_2ms,9,,raw,loop_cross,tx1,all,0.5,5,6,-85.27107433763034,1.6914634770736852,0.1997464260351813
home_2ms,9,,raw,loop_cross,tx1,all,1.0,5,6,-85.27107433763034,1.6914634770736852,0.1997464260351813
home_2ms,9,,raw,loop_cross,tx1,even,-1.0,4,5,-85.70509874765527,1.863138512324748,0.1874958767079637
home_2ms,9,,raw,loop_cross,tx1,even,-0.5,4,5,-85.70509874765527,1.863138512324748,0.1874958767079637
home_2ms,9,,raw,loop_cross,tx1,even,0.0,5,6,-84.50141042992044,1.453534613232099,0.3386877572794942
home_2ms,9,,raw,loop_cross,tx1,even,0.5,5,6,-84.50141042992044,1.453534613232099,0.3386877572794942
home_2ms,9,,raw,loop_cross,tx1,even,1.0,5,6,-84.50141042992044,1.453534613232099,0.3386877572794942
home_2ms,9,,raw,loop_cross,tx1,odd,-1.0,4,5,-86.67719281648071,2.4100187518953717,0.06172138867500869
home_2ms,9,,raw,loop_cross,tx1,odd,-0.5,4,5,-86.67719281648071,2.4100187518953717,0.06172138867500869
home_2ms,9,,raw,loop_cross,tx1,odd,0.0,5,6,-86.79403251602514,2.498044318003006,0.10726149997610991
home_2ms,9,,raw,loop_cross,tx1,odd,0.5,5,6,-86.79403251602514,2.498044318003006,0.10726149997610991
home_2ms,9,,raw,loop_cross,tx1,odd,1.0,5,6,-86.79403251602514,2.498044318003006,0.10726149997610991
home_2ms,9,,raw,loop_cross,tx3,all,-1.0,4,5,68.5957582901611,-0.3569645191401014,0.703459265561676
home_2ms,9,,raw,loop_cross,tx3,all,-0.5,4,5,68.5957582901611,-0.3569645191401014,0.703459265561676
home_2ms,9,,raw,loop_cross,tx3,all,0.0,5,6,-77.09556641126697,0.6107202688447154,0.5254997156745299
home_2ms,9,,raw,loop_cross,tx3,all,0.5,5,6,-77.09556641126697,0.6107202688447154,0.5254997156745299
home_2ms,9,,raw,loop_cross,tx3,all,1.0,5,6,-77.09556641126697,0.6107202688447154,0.5254997156745299
home_2ms,9,,raw,loop_cross,tx3,even,-1.0,4,5,74.50756423294438,-0.5048060925980689,0.8608331057201796
home_2ms,9,,raw,loop_cross,tx3,even,-0.5,4,5,74.50756423294438,-0.5048060925980689,0.8608331057201796
home_2ms,9,,raw,loop_cross,tx3,even,0.0,5,6,-78.0548265344911,0.6613990444523931,0.5182586435623623
home_2ms,9,,raw,loop_cross,tx3,even,0.5,5,6,-78.0548265344911,0.6613990444523931,0.5182586435623623
home_2ms,9,,raw,loop_cross,tx3,even,1.0,5,6,-78.0548265344911,0.6613990444523931,0.5182586435623623
home_2ms,9,,raw,loop_cross,tx3,odd,-1.0,4,5,43.57705946022016,-0.13314041898978282,0.5700232520978661
home_2ms,9,,raw,loop_cross,tx3,odd,-0.5,4,5,43.57705946022016,-0.13314041898978282,0.5700232520978661
home_2ms,9,,raw,loop_cross,tx3,odd,0.0,5,6,-76.12689065269663,0.5665441388856054,0.5331100241148699
home_2ms,9,,raw,loop_cross,tx3,odd,0.5,5,6,-76.12689065269663,0.5665441388856054,0.5331100241148699
home_2ms,9,,raw,loop_cross,tx3,odd,1.0,5,6,-76.12689065269663,0.5665441388856054,0.5331100241148699
home_2ms,9,,raw,loop_cross,fused,all,-1.0,4,5,56.65494677147435,-0.21264836464538017,0.30417897589856063
home_2ms,9,,raw,loop_cross,fused,all,-0.5,4,5,56.65494677147435,-0.21264836464538017,0.30417897589856063
home_2ms,9,,raw,loop_cross,fused,all,0.0,5,6,-81.07236981062883,0.8907213786660217,0.32088421233745834
home_2ms,9,,raw,loop_cross,fused,all,0.5,5,6,-81.07236981062883,0.8907213786660217,0.32088421233745834
home_2ms,9,,raw,loop_cross,fused,all,1.0,5,6,-81.07236981062883,0.8907213786660217,0.32088421233745834
home_2ms,9,,raw,loop_cross,fused,even,-1.0,4,5,66.26874622299448,-0.318282455626767,0.36003227729004567
home_2ms,9,,raw,loop_cross,fused,even,-0.5,4,5,66.26874622299448,-0.318282455626767,0.36003227729004567
home_2ms,9,,raw,loop_cross,fused,even,0.0,5,6,-81.88012893559909,0.9807143284264216,0.39425465287659134
home_2ms,9,,raw,loop_cross,fused,even,0.5,5,6,-81.88012893559909,0.9807143284264216,0.39425465287659134
home_2ms,9,,raw,loop_cross,fused,even,1.0,5,6,-81.88012893559909,0.9807143284264216,0.39425465287659134
home_2ms,9,,raw,loop_cross,fused,odd,-1.0,4,5,24.237597501892946,-0.06299444291552792,0.25341690315609344
home_2ms,9,,raw,loop_cross,fused,odd,-0.5,4,5,24.237597501892946,-0.06299444291552792,0.25341690315609344
home_2ms,9,,raw,loop_cross,fused,odd,0.0,5,6,-79.58508821512446,0.7612664608025649,0.2560647497174624
home_2ms,9,,raw,loop_cross,fused,odd,0.5,5,6,-79.58508821512446,0.7612664608025649,0.2560647497174624
home_2ms,9,,raw,loop_cross,fused,odd,1.0,5,6,-79.58508821512446,0.7612664608025649,0.2560647497174624
home_2ms,9,,raw,coherent_cross,tx1,all,-1.0,4,5,81.79300064955801,-0.9701612507372219,1.0
home_2ms,9,,raw,coherent_cross,tx1,all,-0.5,4,5,81.79300064955801,-0.9701612507372219,1.0
home_2ms,9,,raw,coherent_cross,tx1,all,0.0,5,6,-83.31396435572925,1.1936212596541436,1.0000000000000002
home_2ms,9,,raw,coherent_cross,tx1,all,0.5,5,6,-83.31396435572925,1.1936212596541436,1.0000000000000002
home_2ms,9,,raw,coherent_cross,tx1,all,1.0,5,6,-83.31396435572925,1.1936212596541436,1.0000000000000002
home_2ms,9,,raw,coherent_cross,tx1,even,-1.0,4,5,84.66953942692241,-1.4996591810527995,1.0
home_2ms,9,,raw,coherent_cross,tx1,even,-0.5,4,5,84.66953942692241,-1.4996591810527995,1.0
home_2ms,9,,raw,coherent_cross,tx1,even,0.0,5,6,-86.04528394284543,2.0239840028181195,0.9999999999999998
home_2ms,9,,raw,coherent_cross,tx1,even,0.5,5,6,-86.04528394284543,2.0239840028181195,0.9999999999999998
home_2ms,9,,raw,coherent_cross,tx1,even,1.0,5,6,-86.04528394284543,2.0239840028181195,0.9999999999999998
home_2ms,9,,raw,coherent_cross,tx1,odd,-1.0,4,5,76.65481896953503,-0.5898394870423157,1.0000000000000002
home_2ms,9,,raw,coherent_cross,tx1,odd,-0.5,4,5,76.65481896953503,-0.5898394870423157,1.0000000000000002
home_2ms,9,,raw,coherent_cross,tx1,odd,0.0,5,6,-76.15733036360345,0.5678399594374699,0.9999999999999998
home_2ms,9,,raw,coherent_cross,tx1,odd,0.5,5,6,-76.15733036360345,0.5678399594374699,0.9999999999999998
home_2ms,9,,raw,coherent_cross,tx1,odd,1.0,5,6,-76.15733036360345,0.5678399594374699,0.9999999999999998
home_2ms,9,,raw,coherent_cross,tx3,all,-1.0,4,5,83.52988327012537,-1.2338124812140392,0.9999999999999998
home_2ms,9,,raw,coherent_cross,tx3,all,-0.5,4,5,83.52988327012537,-1.2338124812140392,0.9999999999999998
home_2ms,9,,raw,coherent_cross,tx3,all,0.0,5,6,71.90471828355129,-0.4282154435953929,0.9999999999999999
home_2ms,9,,raw,coherent_cross,tx3,all,0.5,5,6,71.90471828355129,-0.4282154435953929,0.9999999999999999
home_2ms,9,,raw,coherent_cross,tx3,all,1.0,5,6,71.90471828355129,-0.4282154435953929,0.9999999999999999
home_2ms,9,,raw,coherent_cross,tx3,even,-1.0,4,5,82.2178944133063,-1.0238434057770687,1.0
home_2ms,9,,raw,coherent_cross,tx3,even,-0.5,4,5,82.2178944133063,-1.0238434057770687,1.0
home_2ms,9,,raw,coherent_cross,tx3,even,0.0,5,6,63.747422528439884,-0.28370431436314597,1.0
home_2ms,9,,raw,coherent_cross,tx3,even,0.5,5,6,63.747422528439884,-0.28370431436314597,1.0
home_2ms,9,,raw,coherent_cross,tx3,even,1.0,5,6,63.747422528439884,-0.28370431436314597,1.0
home_2ms,9,,raw,coherent_cross,tx3,odd,-1.0,4,5,84.5246774845518,-1.4597493290328303,0.9999999999999999
home_2ms,9,,raw,coherent_cross,tx3,odd,-0.5,4,5,84.5246774845518,-1.4597493290328303,0.9999999999999999
home_2ms,9,,raw,coherent_cross,tx3,odd,0.0,5,6,75.35799730682106,-0.5355641749270816,1.0
home_2ms,9,,raw,coherent_cross,tx3,odd,0.5,5,6,75.35799730682106,-0.5355641749270816,1.0
home_2ms,9,,raw,coherent_cross,tx3,odd,1.0,5,6,75.35799730682106,-0.5355641749270816,1.0
home_2ms,9,,raw,coherent_cross,fused,all,-1.0,4,5,82.75130525961013,-1.1000875951894413,0.9913253673751102
home_2ms,9,,raw,coherent_cross,fused,all,-0.5,4,5,82.75130525961013,-1.1000875951894413,0.9913253673751102
home_2ms,9,,raw,coherent_cross,fused,all,0.0,5,6,-70.56739316371579,0.39661332096895413,0.6888996418145822
home_2ms,9,,raw,coherent_cross,fused,all,0.5,5,6,-70.56739316371579,0.39661332096895413,0.6888996418145822
home_2ms,9,,raw,coherent_cross,fused,all,1.0,5,6,-70.56739316371579,0.39661332096895413,0.6888996418145822
home_2ms,9,,raw,coherent_cross,fused,even,-1.0,4,5,83.78961313522531,-1.285845211527331,0.9721153003777225
home_2ms,9,,raw,coherent_cross,fused,even,-0.5,4,5,83.78961313522531,-1.285845211527331,0.9721153003777225
home_2ms,9,,raw,coherent_cross,fused,even,0.0,5,6,-80.57514351424147,0.8429387932445576,0.4051254883260294
home_2ms,9,,raw,coherent_cross,fused,even,0.5,5,6,-80.57514351424147,0.8429387932445576,0.4051254883260294
home_2ms,9,,raw,coherent_cross,fused,even,1.0,5,6,-80.57514351424147,0.8429387932445576,0.4051254883260294
home_2ms,9,,raw,coherent_cross,fused,odd,-1.0,4,5,82.49954495378864,-1.0627581504276267,0.907542955803477
home_2ms,9,,raw,coherent_cross,fused,odd,-0.5,4,5,82.49954495378864,-1.0627581504276267,0.907542955803477
home_2ms,9,,raw,coherent_cross,fused,odd,0.0,5,6,-16.545263605981656,0.0415674514679742,0.8519090727891027
home_2ms,9,,raw,coherent_cross,fused,odd,0.5,5,6,-16.545263605981656,0.0415674514679742,0.8519090727891027
home_2ms,9,,raw,coherent_cross,fused,odd,1.0,5,6,-16.545263605981656,0.0415674514679742,0.8519090727891027
home_2ms,9,,mti,loop_cross,tx1,all,-1.0,4,5,-24.86173238725031,0.06483670198847725,0.5259505684290409
home_2ms,9,,mti,loop_cross,tx1,all,-0.5,4,5,-24.86173238725031,0.06483670198847725,0.5259505684290409
home_2ms,9,,mti,loop_cross,tx1,all,0.0,5,6,49.80953386715132,-0.16563282351136666,0.613698315230193
home_2ms,9,,mti,loop_cross,tx1,all,0.5,5,6,49.80953386715132,-0.16563282351136666,0.613698315230193
home_2ms,9,,mti,loop_cross,tx1,all,1.0,5,6,49.80953386715132,-0.16563282351136666,0.613698315230193
home_2ms,9,,mti,loop_cross,tx1,even,-1.0,4,5,-57.54284642878199,0.2199985438362005,0.4689525055903947
home_2ms,9,,mti,loop_cross,tx1,even,-0.5,4,5,-57.54284642878199,0.2199985438362005,0.4689525055903947
home_2ms,9,,mti,loop_cross,tx1,even,0.0,5,6,-74.21366588572238,0.494929187603739,0.5868793171424861
home_2ms,9,,mti,loop_cross,tx1,even,0.5,5,6,-74.21366588572238,0.494929187603739,0.5868793171424861
home_2ms,9,,mti,loop_cross,tx1,even,1.0,5,6,-74.21366588572238,0.494929187603739,0.5868793171424861
home_2ms,9,,mti,loop_cross,tx1,odd,-1.0,4,5,24.454461999894775,-0.06363248760712789,0.5969666390786704
home_2ms,9,,mti,loop_cross,tx1,odd,-0.5,4,5,24.454461999894775,-0.06363248760712789,0.5969666390786704
home_2ms,9,,mti,loop_cross,tx1,odd,0.0,5,6,76.14448254877617,-0.5672923462634119,0.8104148170363781
home_2ms,9,,mti,loop_cross,tx1,odd,0.5,5,6,76.14448254877617,-0.5672923462634119,0.8104148170363781
home_2ms,9,,mti,loop_cross,tx1,odd,1.0,5,6,76.14448254877617,-0.5672923462634119,0.8104148170363781
home_2ms,9,,mti,loop_cross,tx3,all,-1.0,4,5,54.25686206333252,-0.19441489837038223,0.5205465694661521
home_2ms,9,,mti,loop_cross,tx3,all,-0.5,4,5,54.25686206333252,-0.19441489837038223,0.5205465694661521
home_2ms,9,,mti,loop_cross,tx3,all,0.0,5,6,19.031279868792428,-0.04826493590333556,0.7949402670450445
home_2ms,9,,mti,loop_cross,tx3,all,0.5,5,6,19.031279868792428,-0.04826493590333556,0.7949402670450445
home_2ms,9,,mti,loop_cross,tx3,all,1.0,5,6,19.031279868792428,-0.04826493590333556,0.7949402670450445
home_2ms,9,,mti,loop_cross,tx3,even,-1.0,4,5,48.3510798846767,-0.15732869541008895,0.6638553733364403
home_2ms,9,,mti,loop_cross,tx3,even,-0.5,4,5,48.3510798846767,-0.15732869541008895,0.6638553733364403
home_2ms,9,,mti,loop_cross,tx3,even,0.0,5,6,56.328853650432535,-0.21003527735598432,0.719566060139588
home_2ms,9,,mti,loop_cross,tx3,even,0.5,5,6,56.328853650432535,-0.21003527735598432,0.719566060139588
home_2ms,9,,mti,loop_cross,tx3,even,1.0,5,6,56.328853650432535,-0.21003527735598432,0.719566060139588
home_2ms,9,,mti,loop_cross,tx3,odd,-1.0,4,5,61.158303670827614,-0.2540814635134381,0.3872253573278223
home_2ms,9,,mti,loop_cross,tx3,odd,-0.5,4,5,61.158303670827614,-0.2540814635134381,0.3872253573278223
home_2ms,9,,mti,loop_cross,tx3,odd,0.0,5,6,-19.514576671075766,0.049589523167837754,0.8605503175384871
home_2ms,9,,mti,loop_cross,tx3,odd,0.5,5,6,-19.514576671075766,0.049589523167837754,0.8605503175384871
home_2ms,9,,mti,loop_cross,tx3,odd,1.0,5,6,-19.514576671075766,0.049589523167837754,0.8605503175384871
home_2ms,9,,mti,loop_cross,fused,all,-1.0,4,5,23.774376179470504,-0.06163881666098773,0.51891218394948
home_2ms,9,,mti,loop_cross,fused,all,-0.5,4,5,23.774376179470504,-0.06163881666098773,0.51891218394948
home_2ms,9,,mti,loop_cross,fused,all,0.0,5,6,35.44443996662806,-0.09960177925923494,0.702794072640753
home_2ms,9,,mti,loop_cross,fused,all,0.5,5,6,35.44443996662806,-0.09960177925923494,0.702794072640753
home_2ms,9,,mti,loop_cross,fused,all,1.0,5,6,35.44443996662806,-0.09960177925923494,0.702794072640753
home_2ms,9,,mti,loop_cross,fused,even,-1.0,4,5,-3.0870517279654415,0.007546264208386024,0.5518692454934518
home_2ms,9,,mti,loop_cross,fused,even,-0.5,4,5,-3.0870517279654415,0.007546264208386024,0.5518692454934518
home_2ms,9,,mti,loop_cross,fused,even,0.0,5,6,-42.01472883412494,0.12605269796309435,0.6095789716461937
home_2ms,9,,mti,loop_cross,fused,even,0.5,5,6,-42.01472883412494,0.12605269796309435,0.6095789716461937
home_2ms,9,,mti,loop_cross,fused,even,1.0,5,6,-42.01472883412494,0.12605269796309435,0.6095789716461937
home_2ms,9,,mti,loop_cross,fused,odd,-1.0,4,5,44.90303732810612,-0.1394505617021238,0.48887785740861167
home_2ms,9,,mti,loop_cross,fused,odd,-0.5,4,5,44.90303732810612,-0.1394505617021238,0.48887785740861167
home_2ms,9,,mti,loop_cross,fused,odd,0.0,5,6,59.425582758413114,-0.2368387550459646,0.7971833856704744
home_2ms,9,,mti,loop_cross,fused,odd,0.5,5,6,59.425582758413114,-0.2368387550459646,0.7971833856704744
home_2ms,9,,mti,loop_cross,fused,odd,1.0,5,6,59.425582758413114,-0.2368387550459646,0.7971833856704744
home_2ms,9,,mti,coherent_cross,tx1,all,-1.0,4,5,-66.15664791397714,0.31659970067252957,1.0
home_2ms,9,,mti,coherent_cross,tx1,all,-0.5,4,5,-66.15664791397714,0.31659970067252957,1.0
home_2ms,9,,mti,coherent_cross,tx1,all,0.0,5,6,46.02637676411523,-0.14502842521209341,1.0
home_2ms,9,,mti,coherent_cross,tx1,all,0.5,5,6,46.02637676411523,-0.14502842521209341,1.0
home_2ms,9,,mti,coherent_cross,tx1,all,1.0,5,6,46.02637676411523,-0.14502842521209341,1.0
home_2ms,9,,mti,coherent_cross,tx1,even,-1.0,4,5,-2.0570499753879283,0.005025728971644068,1.0
home_2ms,9,,mti,coherent_cross,tx1,even,-0.5,4,5,-2.0570499753879283,0.005025728971644068,1.0
home_2ms,9,,mti,coherent_cross,tx1,even,0.0,5,6,-66.16414046688209,0.3167117096335981,1.0
home_2ms,9,,mti,coherent_cross,tx1,even,0.5,5,6,-66.16414046688209,0.3167117096335981,1.0
home_2ms,9,,mti,coherent_cross,tx1,even,1.0,5,6,-66.16414046688209,0.3167117096335981,1.0
home_2ms,9,,mti,coherent_cross,tx1,odd,-1.0,4,5,-78.67766178297973,0.6988299047765965,1.0
home_2ms,9,,mti,coherent_cross,tx1,odd,-0.5,4,5,-78.67766178297973,0.6988299047765965,1.0
home_2ms,9,,mti,coherent_cross,tx1,odd,0.0,5,6,75.12862666876516,-0.5269299651653879,1.0000000000000002
home_2ms,9,,mti,coherent_cross,tx1,odd,0.5,5,6,75.12862666876516,-0.5269299651653879,1.0000000000000002
home_2ms,9,,mti,coherent_cross,tx1,odd,1.0,5,6,75.12862666876516,-0.5269299651653879,1.0000000000000002
home_2ms,9,,mti,coherent_cross,tx3,all,-1.0,4,5,67.32563115237309,-0.3349183018119174,1.0
home_2ms,9,,mti,coherent_cross,tx3,all,-0.5,4,5,67.32563115237309,-0.3349183018119174,1.0
home_2ms,9,,mti,coherent_cross,tx3,all,0.0,5,6,33.790360657290584,-0.09363643326388234,1.0
home_2ms,9,,mti,coherent_cross,tx3,all,0.5,5,6,33.790360657290584,-0.09363643326388234,1.0
home_2ms,9,,mti,coherent_cross,tx3,all,1.0,5,6,33.790360657290584,-0.09363643326388234,1.0
home_2ms,9,,mti,coherent_cross,tx3,even,-1.0,4,5,32.01672282738936,-0.08749060975445824,1.0000000000000002
home_2ms,9,,mti,coherent_cross,tx3,even,-0.5,4,5,32.01672282738936,-0.08749060975445824,1.0000000000000002
home_2ms,9,,mti,coherent_cross,tx3,even,0.0,5,6,41.18389907352319,-0.12242419668504852,1.0
home_2ms,9,,mti,coherent_cross,tx3,even,0.5,5,6,41.18389907352319,-0.12242419668504852,1.0
home_2ms,9,,mti,coherent_cross,tx3,even,1.0,5,6,41.18389907352319,-0.12242419668504852,1.0
home_2ms,9,,mti,coherent_cross,tx3,odd,-1.0,4,5,72.96141713605208,-0.4565688048677218,0.9999999999999999
home_2ms,9,,mti,coherent_cross,tx3,odd,-0.5,4,5,72.96141713605208,-0.4565688048677218,0.9999999999999999
home_2ms,9,,mti,coherent_cross,tx3,odd,0.0,5,6,35.35541609047167,-0.09927457262119654,1.0
home_2ms,9,,mti,coherent_cross,tx3,odd,0.5,5,6,35.35541609047167,-0.09927457262119654,1.0
home_2ms,9,,mti,coherent_cross,tx3,odd,1.0,5,6,35.35541609047167,-0.09927457262119654,1.0
home_2ms,9,,mti,coherent_cross,fused,all,-1.0,4,5,7.622613508018872,-0.018725972277964777,0.947451453330196
home_2ms,9,,mti,coherent_cross,fused,all,-0.5,4,5,7.622613508018872,-0.018725972277964777,0.947451453330196
home_2ms,9,,mti,coherent_cross,fused,all,0.0,5,6,41.533260346344875,-0.12393860320149304,0.9996804810716342
home_2ms,9,,mti,coherent_cross,fused,all,0.5,5,6,41.533260346344875,-0.12393860320149304,0.9996804810716342
home_2ms,9,,mti,coherent_cross,fused,all,1.0,5,6,41.533260346344875,-0.12393860320149304,0.9996804810716342
home_2ms,9,,mti,coherent_cross,fused,even,-1.0,4,5,14.970467825788988,-0.03741506045951907,0.9989375600990245
home_2ms,9,,mti,coherent_cross,fused,even,-0.5,4,5,14.970467825788988,-0.03741506045951907,0.9989375600990245
home_2ms,9,,mti,coherent_cross,fused,even,0.0,5,6,-41.11019941448081,0.12210678976941002,0.976295818717487
home_2ms,9,,mti,coherent_cross,fused,even,0.5,5,6,-41.11019941448081,0.12210678976941002,0.976295818717487
home_2ms,9,,mti,coherent_cross,fused,even,1.0,5,6,-41.11019941448081,0.12210678976941002,0.976295818717487
home_2ms,9,,mti,coherent_cross,fused,odd,-1.0,4,5,-19.453902206730525,0.04942280002083994,0.8398796497990264
home_2ms,9,,mti,coherent_cross,fused,odd,-0.5,4,5,-19.453902206730525,0.04942280002083994,0.8398796497990264
home_2ms,9,,mti,coherent_cross,fused,odd,0.0,5,6,69.52420044157671,-0.37472443028837654,0.979084176294913
home_2ms,9,,mti,coherent_cross,fused,odd,0.5,5,6,69.52420044157671,-0.37472443028837654,0.979084176294913
home_2ms,9,,mti,coherent_cross,fused,odd,1.0,5,6,69.52420044157671,-0.37472443028837654,0.979084176294913
home_2ms,10,,raw,loop_cross,tx1,all,-1.0,8,9,-84.17500143729472,1.33677724970865,0.12803310031141243
home_2ms,10,,raw,loop_cross,tx1,all,-0.5,8,9,-84.17500143729472,1.33677724970865,0.12803310031141243
home_2ms,10,,raw,loop_cross,tx1,all,0.0,8,9,-84.17500143729472,1.33677724970865,0.12803310031141243
home_2ms,10,,raw,loop_cross,tx1,all,0.5,8,9,-84.17500143729472,1.33677724970865,0.12803310031141243
home_2ms,10,,raw,loop_cross,tx1,all,1.0,9,10,54.57237030488324,-0.19170125553867276,0.43189495652462934
home_2ms,10,,raw,loop_cross,tx1,even,-1.0,8,9,-87.06526860358092,2.660151462715388,0.17888631919859085
home_2ms,10,,raw,loop_cross,tx1,even,-0.5,8,9,-87.06526860358092,2.660151462715388,0.17888631919859085
home_2ms,10,,raw,loop_cross,tx1,even,0.0,8,9,-87.06526860358092,2.660151462715388,0.17888631919859085
home_2ms,10,,raw,loop_cross,tx1,even,0.5,8,9,-87.06526860358092,2.660151462715388,0.17888631919859085
home_2ms,10,,raw,loop_cross,tx1,even,1.0,9,10,-20.366066283899258,0.05062518063080367,0.47821271010105915
home_2ms,10,,raw,loop_cross,tx1,odd,-1.0,8,9,-78.1464649499643,0.6497528651985169,0.27525346657795735
home_2ms,10,,raw,loop_cross,tx1,odd,-0.5,8,9,-78.1464649499643,0.6497528651985169,0.27525346657795735
home_2ms,10,,raw,loop_cross,tx1,odd,0.0,8,9,-78.1464649499643,0.6497528651985169,0.27525346657795735
home_2ms,10,,raw,loop_cross,tx1,odd,0.5,8,9,-78.1464649499643,0.6497528651985169,0.27525346657795735
home_2ms,10,,raw,loop_cross,tx1,odd,1.0,9,10,73.24470663049537,-0.4529701142000341,0.4157344478997576
home_2ms,10,,raw,loop_cross,tx3,all,-1.0,8,9,55.97604238870812,-0.20200077575687114,0.6233229395501957
home_2ms,10,,raw,loop_cross,tx3,all,-0.5,8,9,55.97604238870812,-0.20200077575687114,0.6233229395501957
home_2ms,10,,raw,loop_cross,tx3,all,0.0,8,9,55.97604238870812,-0.20200077575687114,0.6233229395501957
home_2ms,10,,raw,loop_cross,tx3,all,0.5,8,9,55.97604238870812,-0.20200077575687114,0.6233229395501957
home_2ms,10,,raw,loop_cross,tx3,all,1.0,9,10,79.4008683894996,-0.7287700251208509,0.8741802603199565
home_2ms,10,,raw,loop_cross,tx3,even,-1.0,8,9,78.95893673970652,-0.6989096382499765,0.5472395576721018
home_2ms,10,,raw,loop_cross,tx3,even,-0.5,8,9,78.95893673970652,-0.6989096382499765,0.5472395576721018
home_2ms,10,,raw,loop_cross,tx3,even,0.0,8,9,78.95893673970652,-0.6989096382499765,0.5472395576721018
home_2ms,10,,raw,loop_cross,tx3,even,0.5,8,9,78.95893673970652,-0.6989096382499765,0.5472395576721018
home_2ms,10,,raw,loop_cross,tx3,even,1.0,9,10,73.26395742448243,-0.4535220642873726,0.8704693265115249
home_2ms,10,,raw,loop_cross,tx3,odd,-1.0,8,9,-40.78651673180731,0.11765903401185478,0.8012154126799768
home_2ms,10,,raw,loop_cross,tx3,odd,-0.5,8,9,-40.78651673180731,0.11765903401185478,0.8012154126799768
home_2ms,10,,raw,loop_cross,tx3,odd,0.0,8,9,-40.78651673180731,0.11765903401185478,0.8012154126799768
home_2ms,10,,raw,loop_cross,tx3,odd,0.5,8,9,-40.78651673180731,0.11765903401185478,0.8012154126799768
home_2ms,10,,raw,loop_cross,tx3,odd,1.0,9,10,81.76734037301712,-0.9425649894529802,0.925529262436267
home_2ms,10,,raw,loop_cross,fused,all,-1.0,8,9,-6.2396253788004366,0.014910411633488403,0.30888597256247974
home_2ms,10,,raw,loop_cross,fused,all,-0.5,8,9,-6.2396253788004366,0.014910411633488403,0.30888597256247974
home_2ms,10,,raw,loop_cross,fused,all,0.0,8,9,-6.2396253788004366,0.014910411633488403,0.30888597256247974
home_2ms,10,,raw,loop_cross,fused,all,0.5,8,9,-6.2396253788004366,0.014910411633488403,0.30888597256247974
home_2ms,10,,raw,loop_cross,fused,all,1.0,9,10,76.95488114474607,-0.5885864193317445,0.6681734826883039
home_2ms,10,,raw,loop_cross,fused,even,-1.0,8,9,80.54173570693715,-0.8186025438842078,0.1696200541299465
home_2ms,10,,raw,loop_cross,fused,even,-0.5,8,9,80.54173570693715,-0.8186025438842078,0.1696200541299465
home_2ms,10,,raw,loop_cross,fused,even,0.0,8,9,80.54173570693715,-0.8186025438842078,0.1696200541299465
home_2ms,10,,raw,loop_cross,fused,even,0.5,8,9,80.54173570693715,-0.8186025438842078,0.1696200541299465
home_2ms,10,,raw,loop_cross,fused,even,1.0,9,10,65.84954949142228,-0.304149494788153,0.6801120927436597
home_2ms,10,,raw,loop_cross,fused,odd,-1.0,8,9,-62.07019274521007,0.2572422876063545,0.5161787579509872
home_2ms,10,,raw,loop_cross,fused,odd,-0.5,8,9,-62.07019274521007,0.2572422876063545,0.5161787579509872
home_2ms,10,,raw,loop_cross,fused,odd,0.0,8,9,-62.07019274521007,0.2572422876063545,0.5161787579509872
home_2ms,10,,raw,loop_cross,fused,odd,0.5,8,9,-62.07019274521007,0.2572422876063545,0.5161787579509872
home_2ms,10,,raw,loop_cross,fused,odd,1.0,9,10,80.65160225955724,-0.8283991185279964,0.7016925934890169
home_2ms,10,,raw,coherent_cross,tx1,all,-1.0,8,9,-86.82785801080405,2.460696689266995,1.0000000000000002
home_2ms,10,,raw,coherent_cross,tx1,all,-0.5,8,9,-86.82785801080405,2.460696689266995,1.0000000000000002
home_2ms,10,,raw,coherent_cross,tx1,all,0.0,8,9,-86.82785801080405,2.460696689266995,1.0000000000000002
home_2ms,10,,raw,coherent_cross,tx1,all,0.5,8,9,-86.82785801080405,2.460696689266995,1.0000000000000002
home_2ms,10,,raw,coherent_cross,tx1,all,1.0,9,10,86.9991242492364,-2.6014134080392863,0.9999999999999999
home_2ms,10,,raw,coherent_cross,tx1,even,-1.0,8,9,-83.1185537280217,1.1300033999702508,1.0
home_2ms,10,,raw,coherent_cross,tx1,even,-0.5,8,9,-83.1185537280217,1.1300033999702508,1.0
home_2ms,10,,raw,coherent_cross,tx1,even,0.0,8,9,-83.1185537280217,1.1300033999702508,1.0
home_2ms,10,,raw,coherent_cross,tx1,even,0.5,8,9,-83.1185537280217,1.1300033999702508,1.0
home_2ms,10,,raw,coherent_cross,tx1,even,1.0,9,10,85.84540259997705,-1.8774298381354155,1.0
home_2ms,10,,raw,coherent_cross,tx1,odd,-1.0,8,9,86.02983750394854,-1.9649459739874384,1.0
home_2ms,10,,raw,coherent_cross,tx1,odd,-0.5,8,9,86.02983750394854,-1.9649459739874384,1.0
home_2ms,10,,raw,coherent_cross,tx1,odd,0.0,8,9,86.02983750394854,-1.9649459739874384,1.0
home_2ms,10,,raw,coherent_cross,tx1,odd,0.5,8,9,86.02983750394854,-1.9649459739874384,1.0
home_2ms,10,,raw,coherent_cross,tx1,odd,1.0,9,10,-87.37759286068491,2.977496273836485,1.0
home_2ms,10,,raw,coherent_cross,tx3,all,-1.0,8,9,-87.05441214644428,2.650329828017886,1.0
home_2ms,10,,raw,coherent_cross,tx3,all,-0.5,8,9,-87.05441214644428,2.650329828017886,1.0
home_2ms,10,,raw,coherent_cross,tx3,all,0.0,8,9,-87.05441214644428,2.650329828017886,1.0
home_2ms,10,,raw,coherent_cross,tx3,all,0.5,8,9,-87.05441214644428,2.650329828017886,1.0
home_2ms,10,,raw,coherent_cross,tx3,all,1.0,9,10,-85.8305981837036,1.870740127176005,1.0000000000000004
home_2ms,10,,raw,coherent_cross,tx3,even,-1.0,8,9,-85.69631437134647,1.812159292562561,0.9999999999999999
home_2ms,10,,raw,coherent_cross,tx3,even,-0.5,8,9,-85.69631437134647,1.812159292562561,0.9999999999999999
home_2ms,10,,raw,coherent_cross,tx3,even,0.0,8,9,-85.69631437134647,1.812159292562561,0.9999999999999999
home_2ms,10,,raw,coherent_cross,tx3,even,0.5,8,9,-85.69631437134647,1.812159292562561,0.9999999999999999
home_2ms,10,,raw,coherent_cross,tx3,even,1.0,9,10,-85.65190270980351,1.793579650721284,1.0000000000000002
home_2ms,10,,raw,coherent_cross,tx3,odd,-1.0,8,9,85.87310276127045,-1.8900754739372962,0.9999999999999998
home_2ms,10,,raw,coherent_cross,tx3,odd,-0.5,8,9,85.87310276127045,-1.8900754739372962,0.9999999999999998
home_2ms,10,,raw,coherent_cross,tx3,odd,0.0,8,9,85.87310276127045,-1.8900754739372962,0.9999999999999998
home_2ms,10,,raw,coherent_cross,tx3,odd,0.5,8,9,85.87310276127045,-1.8900754739372962,0.9999999999999998
home_2ms,10,,raw,coherent_cross,tx3,odd,1.0,9,10,-85.46059059700723,1.7176923356130833,1.0
home_2ms,10,,raw,coherent_cross,fused,all,-1.0,8,9,-86.94759094441959,2.5574130741028496,0.9955100722634014
home_2ms,10,,raw,coherent_cross,fused,all,-0.5,8,9,-86.94759094441959,2.5574130741028496,0.9955100722634014
home_2ms,10,,raw,coherent_cross,fused,all,0.0,8,9,-86.94759094441959,2.5574130741028496,0.9955100722634014
home_2ms,10,,raw,coherent_cross,fused,all,0.5,8,9,-86.94759094441959,2.5574130741028496,0.9955100722634014
home_2ms,10,,raw,coherent_cross,fused,all,1.0,9,10,-86.8744223626295,2.4974302199155236,0.6420772826058013
home_2ms,10,,raw,coherent_cross,fused,even,-1.0,8,9,-84.80528312324319,1.5000322632009346,0.9427897113351025
home_2ms,10,,raw,coherent_cross,fused,even,-0.5,8,9,-84.80528312324319,1.5000322632009346,0.9427897113351025
home_2ms,10,,raw,coherent_cross,fused,even,0.0,8,9,-84.80528312324319,1.5000322632009346,0.9427897113351025
home_2ms,10,,raw,coherent_cross,fused,even,0.5,8,9,-84.80528312324319,1.5000322632009346,0.9427897113351025
home_2ms,10,,raw,coherent_cross,fused,even,1.0,9,10,-86.59081362260679,2.2892385852776327,0.3796177223421938
home_2ms,10,,raw,coherent_cross,fused,odd,-1.0,8,9,85.95653051445568,-1.929206700753201,0.9993008200165536
home_2ms,10,,raw,coherent_cross,fused,odd,-0.5,8,9,85.95653051445568,-1.929206700753201,0.9993008200165536
home_2ms,10,,raw,coherent_cross,fused,odd,0.0,8,9,85.95653051445568,-1.929206700753201,0.9993008200165536
home_2ms,10,,raw,coherent_cross,fused,odd,0.5,8,9,85.95653051445568,-1.929206700753201,0.9993008200165536
home_2ms,10,,raw,coherent_cross,fused,odd,1.0,9,10,-86.48082281359807,2.217517243746014,0.8149702077808619
home_2ms,10,,mti,loop_cross,tx1,all,-1.0,8,9,51.70014156564259,-0.1726805280946018,0.6188622110432294
home_2ms,10,,mti,loop_cross,tx1,all,-0.5,8,9,51.70014156564259,-0.1726805280946018,0.6188622110432294
home_2ms,10,,mti,loop_cross,tx1,all,0.0,8,9,51.70014156564259,-0.1726805280946018,0.6188622110432294
home_2ms,10,,mti,loop_cross,tx1,all,0.5,8,9,51.70014156564259,-0.1726805280946018,0.6188622110432294
home_2ms,10,,mti,loop_cross,tx1,all,1.0,9,10,-68.83185041242433,0.3521741418331189,0.8316336505226755
home_2ms,10,,mti,loop_cross,tx1,even,-1.0,8,9,-31.83512247088679,0.08467134781041576,0.5093349575594466
home_2ms,10,,mti,loop_cross,tx1,even,-0.5,8,9,-31.83512247088679,0.08467134781041576,0.5093349575594466
home_2ms,10,,mti,loop_cross,tx1,even,0.0,8,9,-31.83512247088679,0.08467134781041576,0.5093349575594466
home_2ms,10,,mti,loop_cross,tx1,even,0.5,8,9,-31.83512247088679,0.08467134781041576,0.5093349575594466
home_2ms,10,,mti,loop_cross,tx1,even,1.0,9,10,-79.19864841902825,0.7148068288935187,0.8973765258099985
home_2ms,10,,mti,loop_cross,tx1,odd,-1.0,8,9,70.15312474673713,-0.377823679670643,0.7928383894337103
home_2ms,10,,mti,loop_cross,tx1,odd,-0.5,8,9,70.15312474673713,-0.377823679670643,0.7928383894337103
home_2ms,10,,mti,loop_cross,tx1,odd,0.0,8,9,70.15312474673713,-0.377823679670643,0.7928383894337103
home_2ms,10,,mti,loop_cross,tx1,odd,0.5,8,9,70.15312474673713,-0.377823679670643,0.7928383894337103
home_2ms,10,,mti,loop_cross,tx1,odd,1.0,9,10,-18.84691322592667,0.046550191898357934,0.865709856862055
home_2ms,10,,mti,loop_cross,tx3,all,-1.0,8,9,67.64234757925087,-0.33156389529943353,0.4339118993461713
home_2ms,10,,mti,loop_cross,tx3,all,-0.5,8,9,67.64234757925087,-0.33156389529943353,0.4339118993461713
home_2ms,10,,mti,loop_cross,tx3,all,0.0,8,9,67.64234757925087,-0.33156389529943353,0.4339118993461713
home_2ms,10,,mti,loop_cross,tx3,all,0.5,8,9,67.64234757925087,-0.33156389529943353,0.4339118993461713
home_2ms,10,,mti,loop_cross,tx3,all,1.0,9,10,-4.160532922546153,0.009920252587823166,0.8867802839963755
home_2ms,10,,mti,loop_cross,tx3,even,-1.0,8,9,77.18881770658497,-0.5997113663396643,0.657535859854215
home_2ms,10,,mti,loop_cross,tx3,even,-0.5,8,9,77.18881770658497,-0.5997113663396643,0.657535859854215
home_2ms,10,,mti,loop_cross,tx3,even,0.0,8,9,77.18881770658497,-0.5997113663396643,0.657535859854215
home_2ms,10,,mti,loop_cross,tx3,even,0.5,8,9,77.18881770658497,-0.5997113663396643,0.657535859854215
home_2ms,10,,mti,loop_cross,tx3,even,1.0,9,10,-56.045234603679944,0.2025277422154721,0.9168125639168224
home_2ms,10,,mti,loop_cross,tx3,odd,-1.0,8,9,-74.32819171274164,0.48608454794370787,0.28509319799635385
home_2ms,10,,mti,loop_cross,tx3,odd,-0.5,8,9,-74.32819171274164,0.48608454794370787,0.28509319799635385
home_2ms,10,,mti,loop_cross,tx3,odd,0.0,8,9,-74.32819171274164,0.48608454794370787,0.28509319799635385
home_2ms,10,,mti,loop_cross,tx3,odd,0.5,8,9,-74.32819171274164,0.48608454794370787,0.28509319799635385
home_2ms,10,,mti,loop_cross,tx3,odd,1.0,9,10,49.887703182643264,-0.16187900761057755,0.8885400994514302
home_2ms,10,,mti,loop_cross,fused,all,-1.0,8,9,59.557423800676,-0.2320489004481074,0.5322133697972623
home_2ms,10,,mti,loop_cross,fused,all,-0.5,8,9,59.557423800676,-0.2320489004481074,0.5322133697972623
home_2ms,10,,mti,loop_cross,fused,all,0.0,8,9,59.557423800676,-0.2320489004481074,0.5322133697972623
home_2ms,10,,mti,loop_cross,fused,all,0.5,8,9,59.557423800676,-0.2320489004481074,0.5322133697972623
home_2ms,10,,mti,loop_cross,fused,all,1.0,9,10,-51.01935609901761,0.16852445223649148,0.8478229789522853
home_2ms,10,,mti,loop_cross,fused,even,-1.0,8,9,63.28768170250134,-0.27100469126963306,0.5434051794394241
home_2ms,10,,mti,loop_cross,fused,even,-0.5,8,9,63.28768170250134,-0.27100469126963306,0.5434051794394241
home_2ms,10,,mti,loop_cross,fused,even,0.0,8,9,63.28768170250134,-0.27100469126963306,0.5434051794394241
home_2ms,10,,mti,loop_cross,fused,even,0.5,8,9,63.28768170250134,-0.27100469126963306,0.5434051794394241
home_2ms,10,,mti,loop_cross,fused,even,1.0,9,10,-72.82700495948903,0.44128995194018356,0.8781568754097246
home_2ms,10,,mti,loop_cross,fused,odd,-1.0,8,9,53.19758919342585,-0.18227912629475987,0.5196881633838981
home_2ms,10,,mti,loop_cross,fused,odd,-0.5,8,9,53.19758919342585,-0.18227912629475987,0.5196881633838981
home_2ms,10,,mti,loop_cross,fused,odd,0.0,8,9,53.19758919342585,-0.18227912629475987,0.5196881633838981
home_2ms,10,,mti,loop_cross,fused,odd,0.5,8,9,53.19758919342585,-0.18227912629475987,0.5196881633838981
home_2ms,10,,mti,loop_cross,fused,odd,1.0,9,10,24.418709525451494,-0.06191577087087219,0.8726879691488595
home_2ms,10,,mti,coherent_cross,tx1,all,-1.0,8,9,65.20251389075905,-0.2951747590722449,1.0000000000000002
home_2ms,10,,mti,coherent_cross,tx1,all,-0.5,8,9,65.20251389075905,-0.2951747590722449,1.0000000000000002
home_2ms,10,,mti,coherent_cross,tx1,all,0.0,8,9,65.20251389075905,-0.2951747590722449,1.0000000000000002
home_2ms,10,,mti,coherent_cross,tx1,all,0.5,8,9,65.20251389075905,-0.2951747590722449,1.0000000000000002
home_2ms,10,,mti,coherent_cross,tx1,all,1.0,9,10,-75.44252207454883,0.525145939836254,1.0
home_2ms,10,,mti,coherent_cross,tx1,even,-1.0,8,9,83.45385134140625,-1.1884295165514085,0.9999999999999998
home_2ms,10,,mti,coherent_cross,tx1,even,-0.5,8,9,83.45385134140625,-1.1884295165514085,0.9999999999999998
home_2ms,10,,mti,coherent_cross,tx1,even,0.0,8,9,83.45385134140625,-1.1884295165514085,0.9999999999999998
home_2ms,10,,mti,coherent_cross,tx1,even,0.5,8,9,83.45385134140625,-1.1884295165514085,0.9999999999999998
home_2ms,10,,mti,coherent_cross,tx1,even,1.0,9,10,-81.10391148986741,0.8712563794097992,1.0000000000000002
home_2ms,10,,mti,coherent_cross,tx1,odd,-1.0,8,9,-83.38136699671531,1.1752997725221328,0.9999999999999999
home_2ms,10,,mti,coherent_cross,tx1,odd,-0.5,8,9,-83.38136699671531,1.1752997725221328,0.9999999999999999
home_2ms,10,,mti,coherent_cross,tx1,odd,0.0,8,9,-83.38136699671531,1.1752997725221328,0.9999999999999999
home_2ms,10,,mti,coherent_cross,tx1,odd,0.5,8,9,-83.38136699671531,1.1752997725221328,0.9999999999999999
home_2ms,10,,mti,coherent_cross,tx1,odd,1.0,9,10,85.2723394721654,-1.6490023728968155,1.0
home_2ms,10,,mti,coherent_cross,tx3,all,-1.0,8,9,-77.26184857338293,0.6032666472790927,0.9999999999999998
home_2ms,10,,mti,coherent_cross,tx3,all,-0.5,8,9,-77.26184857338293,0.6032666472790927,0.9999999999999998
home_2ms,10,,mti,coherent_cross,tx3,all,0.0,8,9,-77.26184857338293,0.6032666472790927,0.9999999999999998
home_2ms,10,,mti,coherent_cross,tx3,all,0.5,8,9,-77.26184857338293,0.6032666472790927,0.9999999999999998
home_2ms,10,,mti,coherent_cross,tx3,all,1.0,9,10,82.22209974555311,-0.9984196537837988,1.0
home_2ms,10,,mti,coherent_cross,tx3,even,-1.0,8,9,9.978418595367883,-0.02399348463926837,0.9999999999999998
home_2ms,10,,mti,coherent_cross,tx3,even,-0.5,8,9,9.978418595367883,-0.02399348463926837,0.9999999999999998
home_2ms,10,,mti,coherent_cross,tx3,even,0.0,8,9,9.978418595367883,-0.02399348463926837,0.9999999999999998
home_2ms,10,,mti,coherent_cross,tx3,even,0.5,8,9,9.978418595367883,-0.02399348463926837,0.9999999999999998
home_2ms,10,,mti,coherent_cross,tx3,even,1.0,9,10,75.39042758141862,-0.5231901511108835,1.0
home_2ms,10,,mti,coherent_cross,tx3,odd,-1.0,8,9,-87.39271954621856,2.9947949233811864,1.0000000000000002
home_2ms,10,,mti,coherent_cross,tx3,odd,-0.5,8,9,-87.39271954621856,2.9947949233811864,1.0000000000000002
home_2ms,10,,mti,coherent_cross,tx3,odd,0.0,8,9,-87.39271954621856,2.9947949233811864,1.0000000000000002
home_2ms,10,,mti,coherent_cross,tx3,odd,0.5,8,9,-87.39271954621856,2.9947949233811864,1.0000000000000002
home_2ms,10,,mti,coherent_cross,tx3,odd,1.0,9,10,86.4836967666647,-2.2193342345578397,0.9999999999999999
home_2ms,10,,mti,coherent_cross,fused,all,-1.0,8,9,0.006189086375592395,-1.4731129122351583e-05,0.911582480671983
home_2ms,10,,mti,coherent_cross,fused,all,-0.5,8,9,0.006189086375592395,-1.4731129122351583e-05,0.911582480671983
home_2ms,10,,mti,coherent_cross,fused,all,0.0,8,9,0.006189086375592395,-1.4731129122351583e-05,0.911582480671983
home_2ms,10,,mti,coherent_cross,fused,all,0.5,8,9,0.006189086375592395,-1.4731129122351583e-05,0.911582480671983
home_2ms,10,,mti,coherent_cross,fused,all,1.0,9,10,60.66764172062858,-0.2426946508703661,0.7236199297921327
home_2ms,10,,mti,coherent_cross,fused,even,-1.0,8,9,79.81377954148866,-0.7589830557754812,0.8450877156003435
home_2ms,10,,mti,coherent_cross,fused,even,-0.5,8,9,79.81377954148866,-0.7589830557754812,0.8450877156003435
home_2ms,10,,mti,coherent_cross,fused,even,0.0,8,9,79.81377954148866,-0.7589830557754812,0.8450877156003435
home_2ms,10,,mti,coherent_cross,fused,even,0.5,8,9,79.81377954148866,-0.7589830557754812,0.8450877156003435
home_2ms,10,,mti,coherent_cross,fused,even,1.0,9,10,-49.80382092238396,0.16139886963111114,0.7666892482951704
home_2ms,10,,mti,coherent_cross,fused,odd,-1.0,8,9,-86.24011529529332,2.075182042815762,0.6139748971551702
home_2ms,10,,mti,coherent_cross,fused,odd,-0.5,8,9,-86.24011529529332,2.075182042815762,0.6139748971551702
home_2ms,10,,mti,coherent_cross,fused,odd,0.0,8,9,-86.24011529529332,2.075182042815762,0.6139748971551702
home_2ms,10,,mti,coherent_cross,fused,odd,0.5,8,9,-86.24011529529332,2.075182042815762,0.6139748971551702
home_2ms,10,,mti,coherent_cross,fused,odd,1.0,9,10,85.89055442857234,-1.898129866434786,0.9602384832404528
home_2ms,11,,raw,loop_cross,tx1,all,-1.0,3,4,78.58929065530467,-0.6951555367789699,0.37532013704893763
home_2ms,11,,raw,loop_cross,tx1,all,-0.5,3,4,78.58929065530467,-0.6951555367789699,0.37532013704893763
home_2ms,11,,raw,loop_cross,tx1,all,0.0,4,5,83.63697062492227,-1.2581591340978868,0.1987140406401611
home_2ms,11,,raw,loop_cross,tx1,all,0.5,4,5,83.63697062492227,-1.2581591340978868,0.1987140406401611
home_2ms,11,,raw,loop_cross,tx1,all,1.0,4,5,83.63697062492227,-1.2581591340978868,0.1987140406401611
home_2ms,11,,raw,loop_cross,tx1,even,-1.0,3,4,84.67372361544876,-1.5049180483756652,0.45530612460999076
home_2ms,11,,raw,loop_cross,tx1,even,-0.5,3,4,84.67372361544876,-1.5049180483756652,0.45530612460999076
home_2ms,11,,raw,loop_cross,tx1,even,0.0,4,5,85.12280650710767,-1.6442557931460315,0.3762005859135827
home_2ms,11,,raw,loop_cross,tx1,even,0.5,4,5,85.12280650710767,-1.6442557931460315,0.3762005859135827
home_2ms,11,,raw,loop_cross,tx1,even,1.0,4,5,85.12280650710767,-1.6442557931460315,0.3762005859135827
home_2ms,11,,raw,loop_cross,tx1,odd,-1.0,3,4,41.366548167056486,-0.12354836977667115,0.5068922037395481
home_2ms,11,,raw,loop_cross,tx1,odd,-0.5,3,4,41.366548167056486,-0.12354836977667115,0.5068922037395481
home_2ms,11,,raw,loop_cross,tx1,odd,0.0,4,5,47.491173794639074,-0.15306669120299238,0.14256969823230153
home_2ms,11,,raw,loop_cross,tx1,odd,0.5,4,5,47.491173794639074,-0.15306669120299238,0.14256969823230153
home_2ms,11,,raw,loop_cross,tx1,odd,1.0,4,5,47.491173794639074,-0.15306669120299238,0.14256969823230153
home_2ms,11,,raw,loop_cross,tx3,all,-1.0,3,4,42.579394022801715,-0.12892227931455025,0.6962672642259482
home_2ms,11,,raw,loop_cross,tx3,all,-0.5,3,4,42.579394022801715,-0.12892227931455025,0.6962672642259482
home_2ms,11,,raw,loop_cross,tx3,all,0.0,4,5,-78.46149759341965,0.6872478563438625,0.8103097580287806
home_2ms,11,,raw,loop_cross,tx3,all,0.5,4,5,-78.46149759341965,0.6872478563438625,0.8103097580287806
home_2ms,11,,raw,loop_cross,tx3,all,1.0,4,5,-78.46149759341965,0.6872478563438625,0.8103097580287806
home_2ms,11,,raw,loop_cross,tx3,even,-1.0,3,4,-66.17229231372315,0.3176936756568716,0.5753739811071955
home_2ms,11,,raw,loop_cross,tx3,even,-0.5,3,4,-66.17229231372315,0.3176936756568716,0.5753739811071955
home_2ms,11,,raw,loop_cross,tx3,even,0.0,4,5,-75.43679065128876,0.5400535394097248,0.8211571940714164
home_2ms,11,,raw,loop_cross,tx3,even,0.5,4,5,-75.43679065128876,0.5400535394097248,0.8211571940714164
home_2ms,11,,raw,loop_cross,tx3,even,1.0,4,5,-75.43679065128876,0.5400535394097248,0.8211571940714164
home_2ms,11,,raw,loop_cross,tx3,odd,-1.0,3,4,70.62344889845764,-0.39893347603514867,0.9002320579390446
home_2ms,11,,raw,loop_cross,tx3,odd,-0.5,3,4,70.62344889845764,-0.39893347603514867,0.9002320579390446
home_2ms,11,,raw,loop_cross,tx3,odd,0.0,4,5,-80.28372557092324,0.8194058504106747,0.8156662832046352
home_2ms,11,,raw,loop_cross,tx3,odd,0.5,4,5,-80.28372557092324,0.8194058504106747,0.8156662832046352
home_2ms,11,,raw,loop_cross,tx3,odd,1.0,4,5,-80.28372557092324,0.8194058504106747,0.8156662832046352
home_2ms,11,,raw,loop_cross,fused,all,-1.0,3,4,64.34884902629022,-0.2921656411658292,0.5384697128234655
home_2ms,11,,raw,loop_cross,fused,all,-0.5,3,4,64.34884902629022,-0.2921656411658292,0.5384697128234655
home_2ms,11,,raw,loop_cross,fused,all,0.0,4,5,-72.91518856411582,0.45649311418399524,0.39229693657122244
home_2ms,11,,raw,loop_cross,fused,all,0.5,4,5,-72.91518856411582,0.45649311418399524,0.39229693657122244
home_2ms,11,,raw,loop_cross,fused,all,1.0,4,5,-72.91518856411582,0.45649311418399524,0.39229693657122244
home_2ms,11,,raw,loop_cross,fused,even,-1.0,3,4,60.369618075630235,-0.24667358395077246,0.3423855785287409
home_2ms,11,,raw,loop_cross,fused,even,-0.5,3,4,60.369618075630235,-0.24667358395077246,0.3423855785287409
home_2ms,11,,raw,loop_cross,fused,even,0.0,4,5,-35.16693555862707,0.09885178759914055,0.35018356040745535
home_2ms,11,,raw,loop_cross,fused,even,0.5,4,5,-35.16693555862707,0.09885178759914055,0.35018356040745535
home_2ms,11,,raw,loop_cross,fused,even,1.0,4,5,-35.16693555862707,0.09885178759914055,0.35018356040745535
home_2ms,11,,raw,loop_cross,fused,odd,-1.0,3,4,65.77632805984503,-0.31184405303198637,0.716471622875163
home_2ms,11,,raw,loop_cross,fused,odd,-0.5,3,4,65.77632805984503,-0.31184405303198637,0.716471622875163
home_2ms,11,,raw,loop_cross,fused,odd,0.0,4,5,-78.60109505675881,0.6958948044002652,0.46307312706760784
home_2ms,11,,raw,loop_cross,fused,odd,0.5,4,5,-78.60109505675881,0.6958948044002652,0.46307312706760784
home_2ms,11,,raw,loop_cross,fused,odd,1.0,4,5,-78.60109505675881,0.6958948044002652,0.46307312706760784
home_2ms,11,,raw,coherent_cross,tx1,all,-1.0,3,4,75.3924862292103,-0.5383427160494186,1.0
home_2ms,11,,raw,coherent_cross,tx1,all,-0.5,3,4,75.3924862292103,-0.5383427160494186,1.0
home_2ms,11,,raw,coherent_cross,tx1,all,0.0,4,5,-85.73288893574782,1.8804083381267112,0.9999999999999998
home_2ms,11,,raw,coherent_cross,tx1,all,0.5,4,5,-85.73288893574782,1.8804083381267112,0.9999999999999998
home_2ms,11,,raw,coherent_cross,tx1,all,1.0,4,5,-85.73288893574782,1.8804083381267112,0.9999999999999998
home_2ms,11,,raw,coherent_cross,tx1,even,-1.0,3,4,81.67952225264526,-0.9593427831435927,1.0
home_2ms,11,,raw,coherent_cross,tx1,even,-0.5,3,4,81.67952225264526,-0.9593427831435927,1.0
home_2ms,11,,raw,coherent_cross,tx1,even,0.0,4,5,-86.64353500456575,2.3922732256367407,1.0
home_2ms,11,,raw,coherent_cross,tx1,even,0.5,4,5,-86.64353500456575,2.3922732256367407,1.0
home_2ms,11,,raw,coherent_cross,tx1,even,1.0,4,5,-86.64353500456575,2.3922732256367407,1.0
home_2ms,11,,raw,coherent_cross,tx1,odd,-1.0,3,4,59.452166219838446,-0.23773343467122823,1.0000000000000002
home_2ms,11,,raw,coherent_cross,tx1,odd,-0.5,3,4,59.452166219838446,-0.23773343467122823,1.0000000000000002
home_2ms,11,,raw,coherent_cross,tx1,odd,0.0,4,5,-86.11428544901963,2.0656306416776196,1.0
home_2ms,11,,raw,coherent_cross,tx1,odd,0.5,4,5,-86.11428544901963,2.0656306416776196,1.0
home_2ms,11,,raw,coherent_cross,tx1,odd,1.0,4,5,-86.11428544901963,2.0656306416776196,1.0
home_2ms,11,,raw,coherent_cross,tx3,all,-1.0,3,4,70.56151876591197,-0.39755998194588854,0.9999999999999998
home_2ms,11,,raw,coherent_cross,tx3,all,-0.5,3,4,70.56151876591197,-0.39755998194588854,0.9999999999999998
home_2ms,11,,raw,coherent_cross,tx3,all,0.0,4,5,48.60399648508842,-0.15916508136364094,1.0
home_2ms,11,,raw,coherent_cross,tx3,all,0.5,4,5,48.60399648508842,-0.15916508136364094,1.0
home_2ms,11,,raw,coherent_cross,tx3,all,1.0,4,5,48.60399648508842,-0.15916508136364094,1.0
home_2ms,11,,raw,coherent_cross,tx3,even,-1.0,3,4,76.34942112797906,-0.5777118917907371,1.0
home_2ms,11,,raw,coherent_cross,tx3,even,-0.5,3,4,76.34942112797906,-0.5777118917907371,1.0
home_2ms,11,,raw,coherent_cross,tx3,even,0.0,4,5,-78.5493548208473,0.6926656490962023,1.0
home_2ms,11,,raw,coherent_cross,tx3,even,0.5,4,5,-78.5493548208473,0.6926656490962023,1.0
home_2ms,11,,raw,coherent_cross,tx3,even,1.0,4,5,-78.5493548208473,0.6926656490962023,1.0
home_2ms,11,,raw,coherent_cross,tx3,odd,-1.0,3,4,62.00894044042822,-0.2639712359367125,1.0
home_2ms,11,,raw,coherent_cross,tx3,odd,-0.5,3,4,62.00894044042822,-0.2639712359367125,1.0
home_2ms,11,,raw,coherent_cross,tx3,odd,0.0,4,5,83.8720070752747,-1.3068069460174883,1.0
home_2ms,11,,raw,coherent_cross,tx3,odd,0.5,4,5,83.8720070752747,-1.3068069460174883,1.0
home_2ms,11,,raw,coherent_cross,tx3,odd,1.0,4,5,83.8720070752747,-1.3068069460174883,1.0
home_2ms,11,,raw,coherent_cross,fused,all,-1.0,3,4,73.39008528288957,-0.4703403143665781,0.9975263970492892
home_2ms,11,,raw,coherent_cross,fused,all,-0.5,3,4,73.39008528288957,-0.4703403143665781,0.9975263970492892
home_2ms,11,,raw,coherent_cross,fused,all,0.0,4,5,-83.98207508898889,1.330890082849155,0.5873011806012283
home_2ms,11,,raw,coherent_cross,fused,all,0.5,4,5,-83.98207508898889,1.330890082849155,0.5873011806012283
home_2ms,11,,raw,coherent_cross,fused,all,1.0,4,5,-83.98207508898889,1.330890082849155,0.5873011806012283
home_2ms,11,,raw,coherent_cross,fused,even,-1.0,3,4,79.44181628904671,-0.7527412878866855,0.9819722553609316
home_2ms,11,,raw,coherent_cross,fused,even,-0.5,3,4,79.44181628904671,-0.7527412878866855,0.9819722553609316
home_2ms,11,,raw,coherent_cross,fused,even,0.0,4,5,-85.64972494458506,1.8443260966459973,0.6913909827525935
home_2ms,11,,raw,coherent_cross,fused,even,0.5,4,5,-85.64972494458506,1.8443260966459973,0.6913909827525935
home_2ms,11,,raw,coherent_cross,fused,even,1.0,4,5,-85.64972494458506,1.8443260966459973,0.6913909827525935
home_2ms,11,,raw,coherent_cross,fused,odd,-1.0,3,4,60.617417029075206,-0.24917508104003858,0.9999153549288095
home_2ms,11,,raw,coherent_cross,fused,odd,-0.5,3,4,60.617417029075206,-0.24917508104003858,0.9999153549288095
home_2ms,11,,raw,coherent_cross,fused,odd,0.0,4,5,-86.79553103326018,2.50599889572659,0.21827718636761098
home_2ms,11,,raw,coherent_cross,fused,odd,0.5,4,5,-86.79553103326018,2.50599889572659,0.21827718636761098
home_2ms,11,,raw,coherent_cross,fused,odd,1.0,4,5,-86.79553103326018,2.50599889572659,0.21827718636761098
home_2ms,11,,mti,loop_cross,tx1,all,-1.0,3,4,17.95788950167522,-0.04547328431872342,0.7864459068029311
home_2ms,11,,mti,loop_cross,tx1,all,-0.5,3,4,17.95788950167522,-0.04547328431872342,0.7864459068029311
home_2ms,11,,mti,loop_cross,tx1,all,0.0,4,5,54.12717002837108,-0.1940148506964111,0.6104560473457935
home_2ms,11,,mti,loop_cross,tx1,all,0.5,4,5,54.12717002837108,-0.1940148506964111,0.6104560473457935
home_2ms,11,,mti,loop_cross,tx1,all,1.0,4,5,54.12717002837108,-0.1940148506964111,0.6104560473457935
home_2ms,11,,mti,loop_cross,tx1,even,-1.0,3,4,70.00816846504975,-0.3856508392910454,0.7716459630077485
home_2ms,11,,mti,loop_cross,tx1,even,-0.5,3,4,70.00816846504975,-0.3856508392910454,0.7716459630077485
home_2ms,11,,mti,loop_cross,tx1,even,0.0,4,5,71.34304496696788,-0.4155355542251763,0.7963068418944838
home_2ms,11,,mti,loop_cross,tx1,even,0.5,4,5,71.34304496696788,-0.4155355542251763,0.7963068418944838
home_2ms,11,,mti,loop_cross,tx1,even,1.0,4,5,71.34304496696788,-0.4155355542251763,0.7963068418944838
home_2ms,11,,mti,loop_cross,tx1,odd,-1.0,3,4,-51.08473145802262,0.17378483546147255,0.8491103758470592
home_2ms,11,,mti,loop_cross,tx1,odd,-0.5,3,4,-51.08473145802262,0.17378483546147255,0.8491103758470592
home_2ms,11,,mti,loop_cross,tx1,odd,0.0,4,5,-28.082599703250235,0.0748601652388966,0.5017267138993483
home_2ms,11,,mti,loop_cross,tx1,odd,0.5,4,5,-28.082599703250235,0.0748601652388966,0.5017267138993483
home_2ms,11,,mti,loop_cross,tx1,odd,1.0,4,5,-28.082599703250235,0.0748601652388966,0.5017267138993483
home_2ms,11,,mti,loop_cross,tx3,all,-1.0,3,4,3.0929461415017663,-0.007581224104992969,0.8063653605745826
home_2ms,11,,mti,loop_cross,tx3,all,-0.5,3,4,3.0929461415017663,-0.007581224104992969,0.8063653605745826
home_2ms,11,,mti,loop_cross,tx3,all,0.0,4,5,76.25134477587751,-0.5734300057033658,0.5094648609679642
home_2ms,11,,mti,loop_cross,tx3,all,0.5,4,5,76.25134477587751,-0.5734300057033658,0.5094648609679642
home_2ms,11,,mti,loop_cross,tx3,all,1.0,4,5,76.25134477587751,-0.5734300057033658,0.5094648609679642
home_2ms,11,,mti,loop_cross,tx3,even,-1.0,3,4,58.085749989376836,-0.22528155066976815,0.7652049278466452
home_2ms,11,,mti,loop_cross,tx3,even,-0.5,3,4,58.085749989376836,-0.22528155066976815,0.7652049278466452
home_2ms,11,,mti,loop_cross,tx3,even,0.0,4,5,-48.16660248987242,0.15673658640867483,0.30870437501469955
home_2ms,11,,mti,loop_cross,tx3,even,0.5,4,5,-48.16660248987242,0.15673658640867483,0.30870437501469955
home_2ms,11,,mti,loop_cross,tx3,even,1.0,4,5,-48.16660248987242,0.15673658640867483,0.30870437501469955
home_2ms,11,,mti,loop_cross,tx3,odd,-1.0,3,4,-48.881670230096226,0.1607287093677172,0.8709521131691853
home_2ms,11,,mti,loop_cross,tx3,odd,-0.5,3,4,-48.881670230096226,0.1607287093677172,0.8709521131691853
home_2ms,11,,mti,loop_cross,tx3,odd,0.0,4,5,79.80542078288698,-0.7801957263659653,0.7277392987440803
home_2ms,11,,mti,loop_cross,tx3,odd,0.5,4,5,79.80542078288698,-0.7801957263659653,0.7277392987440803
home_2ms,11,,mti,loop_cross,tx3,odd,1.0,4,5,79.80542078288698,-0.7801957263659653,0.7277392987440803
home_2ms,11,,mti,loop_cross,fused,all,-1.0,3,4,10.268273084014995,-0.02541715730902981,0.7967223889708736
home_2ms,11,,mti,loop_cross,fused,all,-0.5,3,4,10.268273084014995,-0.02541715730902981,0.7967223889708736
home_2ms,11,,mti,loop_cross,fused,all,0.0,4,5,68.42801039132857,-0.35487211423584997,0.5531666080345714
home_2ms,11,,mti,loop_cross,fused,all,0.5,4,5,68.42801039132857,-0.35487211423584997,0.5531666080345714
home_2ms,11,,mti,loop_cross,fused,all,1.0,4,5,68.42801039132857,-0.35487211423584997,0.5531666080345714
home_2ms,11,,mti,loop_cross,fused,even,-1.0,3,4,64.74949480954061,-0.2974784780439467,0.7656484461542444
home_2ms,11,,mti,loop_cross,fused,even,-0.5,3,4,64.74949480954061,-0.2974784780439467,0.7656484461542444
home_2ms,11,,mti,loop_cross,fused,even,0.0,4,5,62.998497519711385,-0.2753426157161806,0.5534286517362688
home_2ms,11,,mti,loop_cross,fused,even,0.5,4,5,62.998497519711385,-0.2753426157161806,0.5534286517362688
home_2ms,11,,mti,loop_cross,fused,even,1.0,4,5,62.998497519711385,-0.2753426157161806,0.5534286517362688
home_2ms,11,,mti,loop_cross,fused,odd,-1.0,3,4,-49.99426980564751,0.16717284415580344,0.8600146493587351
home_2ms,11,,mti,loop_cross,fused,odd,-0.5,3,4,-49.99426980564751,0.16717284415580344,0.8600146493587351
home_2ms,11,,mti,loop_cross,fused,odd,0.0,4,5,71.27314686785918,-0.41386902813620335,0.555240025631189
home_2ms,11,,mti,loop_cross,fused,odd,0.5,4,5,71.27314686785918,-0.41386902813620335,0.555240025631189
home_2ms,11,,mti,loop_cross,fused,odd,1.0,4,5,71.27314686785918,-0.41386902813620335,0.555240025631189
home_2ms,11,,mti,coherent_cross,tx1,all,-1.0,3,4,-53.64290139771093,0.19060121467018365,1.0
home_2ms,11,,mti,coherent_cross,tx1,all,-0.5,3,4,-53.64290139771093,0.19060121467018365,1.0
home_2ms,11,,mti,coherent_cross,tx1,all,0.0,4,5,-79.4932484513879,0.7565106217467124,1.0000000000000002
home_2ms,11,,mti,coherent_cross,tx1,all,0.5,4,5,-79.4932484513879,0.7565106217467124,1.0000000000000002
home_2ms,11,,mti,coherent_cross,tx1,all,1.0,4,5,-79.4932484513879,0.7565106217467124,1.0000000000000002
home_2ms,11,,mti,coherent_cross,tx1,even,-1.0,3,4,28.577627188346725,-0.07642471286056798,1.0
home_2ms,11,,mti,coherent_cross,tx1,even,-0.5,3,4,28.577627188346725,-0.07642471286056798,1.0
home_2ms,11,,mti,coherent_cross,tx1,even,0.0,4,5,-83.4782319547619,1.2272793455823485,0.9999999999999999
home_2ms,11,,mti,coherent_cross,tx1,even,0.5,4,5,-83.4782319547619,1.2272793455823485,0.9999999999999999
home_2ms,11,,mti,coherent_cross,tx1,even,1.0,4,5,-83.4782319547619,1.2272793455823485,0.9999999999999999
home_2ms,11,,mti,coherent_cross,tx1,odd,-1.0,3,4,-71.47205598480761,0.4186433059485027,1.0000000000000002
home_2ms,11,,mti,coherent_cross,tx1,odd,-0.5,3,4,-71.47205598480761,0.4186433059485027,1.0000000000000002
home_2ms,11,,mti,coherent_cross,tx1,odd,0.0,4,5,-66.46362290858642,0.3221157661508421,1.0000000000000002
home_2ms,11,,mti,coherent_cross,tx1,odd,0.5,4,5,-66.46362290858642,0.3221157661508421,1.0000000000000002
home_2ms,11,,mti,coherent_cross,tx1,odd,1.0,4,5,-66.46362290858642,0.3221157661508421,1.0000000000000002
home_2ms,11,,mti,coherent_cross,tx3,all,-1.0,3,4,-67.19080653394687,0.33361818237554397,1.0000000000000002
home_2ms,11,,mti,coherent_cross,tx3,all,-0.5,3,4,-67.19080653394687,0.33361818237554397,1.0000000000000002
home_2ms,11,,mti,coherent_cross,tx3,all,0.0,4,5,86.74496868676546,-2.4669897806455734,1.0000000000000002
home_2ms,11,,mti,coherent_cross,tx3,all,0.5,4,5,86.74496868676546,-2.4669897806455734,1.0000000000000002
home_2ms,11,,mti,coherent_cross,tx3,all,1.0,4,5,86.74496868676546,-2.4669897806455734,1.0000000000000002
home_2ms,11,,mti,coherent_cross,tx3,even,-1.0,3,4,-56.22593021419479,0.20978768676013138,1.0
home_2ms,11,,mti,coherent_cross,tx3,even,-0.5,3,4,-56.22593021419479,0.20978768676013138,1.0
home_2ms,11,,mti,coherent_cross,tx3,even,0.0,4,5,73.0131187169506,-0.45928706403630215,0.9999999999999999
home_2ms,11,,mti,coherent_cross,tx3,even,0.5,4,5,73.0131187169506,-0.45928706403630215,0.9999999999999999
home_2ms,11,,mti,coherent_cross,tx3,even,1.0,4,5,73.0131187169506,-0.45928706403630215,0.9999999999999999
home_2ms,11,,mti,coherent_cross,tx3,odd,-1.0,3,4,-72.4191510916325,0.4428050907695998,0.9999999999999999
home_2ms,11,,mti,coherent_cross,tx3,odd,-0.5,3,4,-72.4191510916325,0.4428050907695998,0.9999999999999999
home_2ms,11,,mti,coherent_cross,tx3,odd,0.0,4,5,-87.37581194414886,3.061197312888611,1.0000000000000002
home_2ms,11,,mti,coherent_cross,tx3,odd,0.5,4,5,-87.37581194414886,3.061197312888611,1.0000000000000002
home_2ms,11,,mti,coherent_cross,tx3,odd,1.0,4,5,-87.37581194414886,3.061197312888611,1.0000000000000002
home_2ms,11,,mti,coherent_cross,fused,all,-1.0,3,4,-61.663792365177564,0.2601772355224299,0.997446220099911
home_2ms,11,,mti,coherent_cross,fused,all,-0.5,3,4,-61.663792365177564,0.2601772355224299,0.997446220099911
home_2ms,11,,mti,coherent_cross,fused,all,0.0,4,5,-80.33255121002071,0.8236244910022361,0.379597339027277
home_2ms,11,,mti,coherent_cross,fused,all,0.5,4,5,-80.33255121002071,0.8236244910022361,0.379597339027277
home_2ms,11,,mti,coherent_cross,fused,all,1.0,4,5,-80.33255121002071,0.8236244910022361,0.379597339027277
home_2ms,11,,mti,coherent_cross,fused,even,-1.0,3,4,-29.78413575356237,0.08030079914276136,0.9898695729677943
home_2ms,11,,mti,coherent_cross,fused,even,-0.5,3,4,-29.78413575356237,0.08030079914276136,0.9898695729677943
home_2ms,11,,mti,coherent_cross,fused,even,0.0,4,5,-79.42109874513001,0.7512331895600631,0.7125234029334909
home_2ms,11,,mti,coherent_cross,fused,even,0.5,4,5,-79.42109874513001,0.7512331895600631,0.7125234029334909
home_2ms,11,,mti,coherent_cross,fused,even,1.0,4,5,-79.42109874513001,0.7512331895600631,0.7125234029334909
home_2ms,11,,mti,coherent_cross,fused,odd,-1.0,3,4,-71.89978851770269,0.4292527078970021,0.9999281094708745
home_2ms,11,,mti,coherent_cross,fused,odd,-0.5,3,4,-71.89978851770269,0.4292527078970021,0.9999281094708745
home_2ms,11,,mti,coherent_cross,fused,odd,0.0,4,5,-77.34090224900909,0.6246531351439898,0.41408475677596823
home_2ms,11,,mti,coherent_cross,fused,odd,0.5,4,5,-77.34090224900909,0.6246531351439898,0.41408475677596823
home_2ms,11,,mti,coherent_cross,fused,odd,1.0,4,5,-77.34090224900909,0.6246531351439898,0.41408475677596823
home_2ms,12,,raw,loop_cross,tx1,all,-1.0,6,7,-73.8136456865614,0.48501572068121257,0.31845832385441736
home_2ms,12,,raw,loop_cross,tx1,all,-0.5,6,7,-73.8136456865614,0.48501572068121257,0.31845832385441736
home_2ms,12,,raw,loop_cross,tx1,all,0.0,7,8,81.83624468815795,-0.9813762696552327,0.6826744289574758
home_2ms,12,,raw,loop_cross,tx1,all,0.5,7,8,81.83624468815795,-0.9813762696552327,0.6826744289574758
home_2ms,12,,raw,loop_cross,tx1,all,1.0,7,8,81.83624468815795,-0.9813762696552327,0.6826744289574758
home_2ms,12,,raw,loop_cross,tx1,even,-1.0,6,7,-81.67337677192617,0.9619157307610886,0.415078867742388
home_2ms,12,,raw,loop_cross,tx1,even,-0.5,6,7,-81.67337677192617,0.9619157307610886,0.415078867742388
home_2ms,12,,raw,loop_cross,tx1,even,0.0,7,8,83.09985379040621,-1.1633583311180848,0.6946615643344989
home_2ms,12,,raw,loop_cross,tx1,even,0.5,7,8,83.09985379040621,-1.1633583311180848,0.6946615643344989
home_2ms,12,,raw,loop_cross,tx1,even,1.0,7,8,83.09985379040621,-1.1633583311180848,0.6946615643344989
home_2ms,12,,raw,loop_cross,tx1,odd,-1.0,6,7,35.396459805399815,-0.10003748594741686,0.3251255174597603
home_2ms,12,,raw,loop_cross,tx1,odd,-0.5,6,7,35.396459805399815,-0.10003748594741686,0.3251255174597603
home_2ms,12,,raw,loop_cross,tx1,odd,0.0,7,8,79.66228714809402,-0.77180086681344,0.6973370243672297
home_2ms,12,,raw,loop_cross,tx1,odd,0.5,7,8,79.66228714809402,-0.77180086681344,0.6973370243672297
home_2ms,12,,raw,loop_cross,tx1,odd,1.0,7,8,79.66228714809402,-0.77180086681344,0.6973370243672297
home_2ms,12,,raw,loop_cross,tx3,all,-1.0,6,7,76.76536826351077,-0.5986114867775568,0.6777033456229333
home_2ms,12,,raw,loop_cross,tx3,all,-0.5,6,7,76.76536826351077,-0.5986114867775568,0.6777033456229333
home_2ms,12,,raw,loop_cross,tx3,all,0.0,7,8,-76.69899012720168,0.5955148964804621,0.8420166022932496
home_2ms,12,,raw,loop_cross,tx3,all,0.5,7,8,-76.69899012720168,0.5955148964804621,0.8420166022932496
home_2ms,12,,raw,loop_cross,tx3,all,1.0,7,8,-76.69899012720168,0.5955148964804621,0.8420166022932496
home_2ms,12,,raw,loop_cross,tx3,even,-1.0,6,7,80.19416559169734,-0.8145627404129718,0.666535069077035
home_2ms,12,,raw,loop_cross,tx3,even,-0.5,6,7,80.19416559169734,-0.8145627404129718,0.666535069077035
home_2ms,12,,raw,loop_cross,tx3,even,0.0,7,8,-76.29111112322533,0.5771334845681262,0.8878832997350248
home_2ms,12,,raw,loop_cross,tx3,even,0.5,7,8,-76.29111112322533,0.5771334845681262,0.8878832997350248
home_2ms,12,,raw,loop_cross,tx3,even,1.0,7,8,-76.29111112322533,0.5771334845681262,0.8878832997350248
home_2ms,12,,raw,loop_cross,tx3,odd,-1.0,6,7,71.59260927003147,-0.42303264213802777,0.7118495394718967
home_2ms,12,,raw,loop_cross,tx3,odd,-0.5,6,7,71.59260927003147,-0.42303264213802777,0.7118495394718967
home_2ms,12,,raw,loop_cross,tx3,odd,0.0,7,8,-77.10393645819917,0.6148930143691675,0.7988064465918264
home_2ms,12,,raw,loop_cross,tx3,odd,0.5,7,8,-77.10393645819917,0.6148930143691675,0.7988064465918264
home_2ms,12,,raw,loop_cross,tx3,odd,1.0,7,8,-77.10393645819917,0.6148930143691675,0.7988064465918264
home_2ms,12,,raw,loop_cross,fused,all,-1.0,6,7,61.801205628715934,-0.2625758822326676,0.4334539151942385
home_2ms,12,,raw,loop_cross,fused,all,-0.5,6,7,61.801205628715934,-0.2625758822326676,0.4334539151942385
home_2ms,12,,raw,loop_cross,fused,all,0.0,7,8,41.496334805347644,-0.12453984968257593,0.536608380400105
home_2ms,12,,raw,loop_cross,fused,all,0.5,7,8,41.496334805347644,-0.12453984968257593,0.536608380400105
home_2ms,12,,raw,loop_cross,fused,all,1.0,7,8,41.496334805347644,-0.12453984968257593,0.536608380400105
home_2ms,12,,raw,loop_cross,fused,even,-1.0,6,7,49.48783646465138,-0.16476702493170758,0.34807759949910305
home_2ms,12,,raw,loop_cross,fused,even,-0.5,6,7,49.48783646465138,-0.16476702493170758,0.34807759949910305
home_2ms,12,,raw,loop_cross,fused,even,0.0,7,8,60.41832216658497,-0.2480107654533003,0.5053403280924107
home_2ms,12,,raw,loop_cross,fused,even,0.5,7,8,60.41832216658497,-0.2480107654533003,0.5053403280924107
home_2ms,12,,raw,loop_cross,fused,even,1.0,7,8,60.41832216658497,-0.2480107654533003,0.5053403280924107
home_2ms,12,,raw,loop_cross,fused,odd,-1.0,6,7,66.42555649082854,-0.32263595844225823,0.5132704819939304
home_2ms,12,,raw,loop_cross,fused,odd,-0.5,6,7,66.42555649082854,-0.32263595844225823,0.5132704819939304
home_2ms,12,,raw,loop_cross,fused,odd,0.0,7,8,4.506222355588099,-0.011095391285672407,0.5771835402572963
home_2ms,12,,raw,loop_cross,fused,odd,0.5,7,8,4.506222355588099,-0.011095391285672407,0.5771835402572963
home_2ms,12,,raw,loop_cross,fused,odd,1.0,7,8,4.506222355588099,-0.011095391285672407,0.5771835402572963
home_2ms,12,,raw,coherent_cross,tx1,all,-1.0,6,7,75.02571172597774,-0.5263608858863157,1.0
home_2ms,12,,raw,coherent_cross,tx1,all,-0.5,6,7,75.02571172597774,-0.5263608858863157,1.0
home_2ms,12,,raw,coherent_cross,tx1,all,0.0,7,8,68.51158720670371,-0.357615208051924,1.0
home_2ms,12,,raw,coherent_cross,tx1,all,0.5,7,8,68.51158720670371,-0.357615208051924,1.0
home_2ms,12,,raw,coherent_cross,tx1,all,1.0,7,8,68.51158720670371,-0.357615208051924,1.0
home_2ms,12,,raw,coherent_cross,tx1,even,-1.0,6,7,45.5855267267919,-0.14369211539325835,1.0000000000000002
home_2ms,12,,raw,coherent_cross,tx1,even,-0.5,6,7,45.5855267267919,-0.14369211539325835,1.0000000000000002
home_2ms,12,,raw,coherent_cross,tx1,even,0.0,7,8,76.92475751323587,-0.6061732026683991,1.0
home_2ms,12,,raw,coherent_cross,tx1,even,0.5,7,8,76.92475751323587,-0.6061732026683991,1.0
home_2ms,12,,raw,coherent_cross,tx1,even,1.0,7,8,76.92475751323587,-0.6061732026683991,1.0
home_2ms,12,,raw,coherent_cross,tx1,odd,-1.0,6,7,80.76279396474258,-0.8656696816791738,1.0000000000000002
home_2ms,12,,raw,coherent_cross,tx1,odd,-0.5,6,7,80.76279396474258,-0.8656696816791738,1.0000000000000002
home_2ms,12,,raw,coherent_cross,tx1,odd,0.0,7,8,-59.65649506818549,0.24050496829829418,1.0
home_2ms,12,,raw,coherent_cross,tx1,odd,0.5,7,8,-59.65649506818549,0.24050496829829418,1.0
home_2ms,12,,raw,coherent_cross,tx1,odd,1.0,7,8,-59.65649506818549,0.24050496829829418,1.0
home_2ms,12,,raw,coherent_cross,tx3,all,-1.0,6,7,85.14772978414493,-1.6584162264243392,0.9999999999999999
home_2ms,12,,raw,coherent_cross,tx3,all,-0.5,6,7,85.14772978414493,-1.6584162264243392,0.9999999999999999
home_2ms,12,,raw,coherent_cross,tx3,all,0.0,7,8,-86.24597900663177,2.1456542639079443,1.0
home_2ms,12,,raw,coherent_cross,tx3,all,0.5,7,8,-86.24597900663177,2.1456542639079443,1.0
home_2ms,12,,raw,coherent_cross,tx3,all,1.0,7,8,-86.24597900663177,2.1456542639079443,1.0
home_2ms,12,,raw,coherent_cross,tx3,even,-1.0,6,7,84.55484270944895,-1.476922948564418,1.0
home_2ms,12,,raw,coherent_cross,tx3,even,-0.5,6,7,84.55484270944895,-1.476922948564418,1.0
home_2ms,12,,raw,coherent_cross,tx3,even,0.0,7,8,-85.46776623803491,1.7760658911990377,1.0
home_2ms,12,,raw,coherent_cross,tx3,even,0.5,7,8,-85.46776623803491,1.7760658911990377,1.0
home_2ms,12,,raw,coherent_cross,tx3,even,1.0,7,8,-85.46776623803491,1.7760658911990377,1.0
home_2ms,12,,raw,coherent_cross,tx3,odd,-1.0,6,7,85.72920106630917,-1.8852285932349868,1.0
home_2ms,12,,raw,coherent_cross,tx3,odd,-0.5,6,7,85.72920106630917,-1.8852285932349868,1.0
home_2ms,12,,raw,coherent_cross,tx3,odd,0.0,7,8,86.53009727077402,-2.321826787892846,1.0
home_2ms,12,,raw,coherent_cross,tx3,odd,0.5,7,8,86.53009727077402,-2.321826787892846,1.0
home_2ms,12,,raw,coherent_cross,tx3,odd,1.0,7,8,86.53009727077402,-2.321826787892846,1.0
home_2ms,12,,raw,coherent_cross,fused,all,-1.0,6,7,82.05434068127417,-1.0086766470005442,0.8470039588561739
home_2ms,12,,raw,coherent_cross,fused,all,-0.5,6,7,82.05434068127417,-1.0086766470005442,0.8470039588561739
home_2ms,12,,raw,coherent_cross,fused,all,0.0,7,8,-82.2218684140195,1.0306799092326382,0.31672357656632333
home_2ms,12,,raw,coherent_cross,fused,all,0.5,7,8,-82.2218684140195,1.0306799092326382,0.31672357656632333
home_2ms,12,,raw,coherent_cross,fused,all,1.0,7,8,-82.2218684140195,1.0306799092326382,0.31672357656632333
home_2ms,12,,raw,coherent_cross,fused,even,-1.0,6,7,79.28439682868198,-0.7439721194788271,0.7876513011106739
home_2ms,12,,raw,coherent_cross,fused,even,-0.5,6,7,79.28439682868198,-0.7439721194788271,0.7876513011106739
home_2ms,12,,raw,coherent_cross,fused,even,0.0,7,8,-67.95902924629559,0.347738580110365,0.38129741166287723
home_2ms,12,,raw,coherent_cross,fused,even,0.5,7,8,-67.95902924629559,0.347738580110365,0.38129741166287723
home_2ms,12,,raw,coherent_cross,fused,even,1.0,7,8,-67.95902924629559,0.347738580110365,0.38129741166287723
home_2ms,12,,raw,coherent_cross,fused,odd,-1.0,6,7,83.71577386736985,-1.2784399117245744,0.8769754317159383
home_2ms,12,,raw,coherent_cross,fused,odd,-0.5,6,7,83.71577386736985,-1.2784399117245744,0.8769754317159383
home_2ms,12,,raw,coherent_cross,fused,odd,0.0,7,8,84.95039592166758,-1.593289598821181,0.3355447241616331
home_2ms,12,,raw,coherent_cross,fused,odd,0.5,7,8,84.95039592166758,-1.593289598821181,0.3355447241616331
home_2ms,12,,raw,coherent_cross,fused,odd,1.0,7,8,84.95039592166758,-1.593289598821181,0.3355447241616331
home_2ms,12,,mti,loop_cross,tx1,all,-1.0,6,7,-65.68410883168396,0.3115734186140184,0.6776387807492497
home_2ms,12,,mti,loop_cross,tx1,all,-0.5,6,7,-65.68410883168396,0.3115734186140184,0.6776387807492497
home_2ms,12,,mti,loop_cross,tx1,all,0.0,7,8,53.08225552510554,-0.18738690626768004,0.8040620253068688
home_2ms,12,,mti,loop_cross,tx1,all,0.5,7,8,53.08225552510554,-0.18738690626768004,0.8040620253068688
home_2ms,12,,mti,loop_cross,tx1,all,1.0,7,8,53.08225552510554,-0.18738690626768004,0.8040620253068688
home_2ms,12,,mti,loop_cross,tx1,even,-1.0,6,7,-73.8083308333805,0.48484771754187067,0.7529372735462456
home_2ms,12,,mti,loop_cross,tx1,even,-0.5,6,7,-73.8083308333805,0.48484771754187067,0.7529372735462456
home_2ms,12,,mti,loop_cross,tx1,even,0.0,7,8,76.37016231069254,-0.5806116429741478,0.9118750435177184
home_2ms,12,,mti,loop_cross,tx1,even,0.5,7,8,76.37016231069254,-0.5806116429741478,0.9118750435177184
home_2ms,12,,mti,loop_cross,tx1,even,1.0,7,8,76.37016231069254,-0.5806116429741478,0.9118750435177184
home_2ms,12,,mti,loop_cross,tx1,odd,-1.0,6,7,-35.82696452502229,0.10163798259701877,0.6269640276314373
home_2ms,12,,mti,loop_cross,tx1,odd,-0.5,6,7,-35.82696452502229,0.10163798259701877,0.6269640276314373
home_2ms,12,,mti,loop_cross,tx1,odd,0.0,7,8,-49.525541258803685,0.1649867399879915,0.823576172407808
home_2ms,12,,mti,loop_cross,tx1,odd,0.5,7,8,-49.525541258803685,0.1649867399879915,0.823576172407808
home_2ms,12,,mti,loop_cross,tx1,odd,1.0,7,8,-49.525541258803685,0.1649867399879915,0.823576172407808
home_2ms,12,,mti,loop_cross,tx3,all,-1.0,6,7,79.2164528525852,-0.7391730966351718,0.8448230456933196
home_2ms,12,,mti,loop_cross,tx3,all,-0.5,6,7,79.2164528525852,-0.7391730966351718,0.8448230456933196
home_2ms,12,,mti,loop_cross,tx3,all,0.0,7,8,-56.17059732432391,0.21006860267658337,0.771465136373956
home_2ms,12,,mti,loop_cross,tx3,all,0.5,7,8,-56.17059732432391,0.21006860267658337,0.771465136373956
home_2ms,12,,mti,loop_cross,tx3,all,1.0,7,8,-56.17059732432391,0.21006860267658337,0.771465136373956
home_2ms,12,,mti,loop_cross,tx3,even,-1.0,6,7,80.5350947083418,-0.8444742576384612,0.7878115500161665
home_2ms,12,,mti,loop_cross,tx3,even,-0.5,6,7,80.5350947083418,-0.8444742576384612,0.7878115500161665
home_2ms,12,,mti,loop_cross,tx3,even,0.0,7,8,-59.84179214604414,0.2422989244482544,0.8977599274774737
home_2ms,12,,mti,loop_cross,tx3,even,0.5,7,8,-59.84179214604414,0.2422989244482544,0.8977599274774737
home_2ms,12,,mti,loop_cross,tx3,even,1.0,7,8,-59.84179214604414,0.2422989244482544,0.8977599274774737
home_2ms,12,,mti,loop_cross,tx3,odd,-1.0,6,7,78.07753823294337,-0.6667763271815405,0.8951613214003494
home_2ms,12,,mti,loop_cross,tx3,odd,-0.5,6,7,78.07753823294337,-0.6667763271815405,0.8951613214003494
home_2ms,12,,mti,loop_cross,tx3,odd,0.0,7,8,-50.725928667348484,0.17216436169323202,0.6627120917427717
home_2ms,12,,mti,loop_cross,tx3,odd,0.5,7,8,-50.725928667348484,0.17216436169323202,0.6627120917427717
home_2ms,12,,mti,loop_cross,tx3,odd,1.0,7,8,-50.725928667348484,0.17216436169323202,0.6627120917427717
home_2ms,12,,mti,loop_cross,fused,all,-1.0,6,7,62.39522750786473,-0.269241934555577,0.6585518736751632
home_2ms,12,,mti,loop_cross,fused,all,-0.5,6,7,62.39522750786473,-0.269241934555577,0.6585518736751632
home_2ms,12,,mti,loop_cross,fused,all,0.0,7,8,-5.697747061697304,0.014046604129805731,0.7717169789753778
home_2ms,12,,mti,loop_cross,fused,all,0.5,7,8,-5.697747061697304,0.014046604129805731,0.7717169789753778
home_2ms,12,,mti,loop_cross,fused,all,1.0,7,8,-5.697747061697304,0.014046604129805731,0.7717169789753778
home_2ms,12,,mti,loop_cross,fused,even,-1.0,6,7,43.60359208176671,-0.13408442192530667,0.6059043535047003
home_2ms,12,,mti,loop_cross,fused,even,-0.5,6,7,43.60359208176671,-0.13408442192530667,0.6059043535047003
home_2ms,12,,mti,loop_cross,fused,even,0.0,7,8,46.81196985726545,-0.1499834051287714,0.8291190014673041
home_2ms,12,,mti,loop_cross,fused,even,0.5,7,8,46.81196985726545,-0.1499834051287714,0.8291190014673041
home_2ms,12,,mti,loop_cross,fused,even,1.0,7,8,46.81196985726545,-0.1499834051287714,0.8291190014673041
home_2ms,12,,mti,loop_cross,fused,odd,-1.0,6,7,69.22442182733396,-0.3710951145869969,0.7139783467004204
home_2ms,12,,mti,loop_cross,fused,odd,-0.5,6,7,69.22442182733396,-0.3710951145869969,0.7139783467004204
home_2ms,12,,mti,loop_cross,fused,odd,0.0,7,8,-50.07972012707739,0.1682557215343866,0.7415870428889751
home_2ms,12,,mti,loop_cross,fused,odd,0.5,7,8,-50.07972012707739,0.1682557215343866,0.7415870428889751
home_2ms,12,,mti,loop_cross,fused,odd,1.0,7,8,-50.07972012707739,0.1682557215343866,0.7415870428889751
home_2ms,12,,mti,coherent_cross,tx1,all,-1.0,6,7,45.6042065062142,-0.1437858602212895,1.0000000000000002
home_2ms,12,,mti,coherent_cross,tx1,all,-0.5,6,7,45.6042065062142,-0.1437858602212895,1.0000000000000002
home_2ms,12,,mti,coherent_cross,tx1,all,0.0,7,8,67.99261388570262,-0.34832541602918926,1.0000000000000002
home_2ms,12,,mti,coherent_cross,tx1,all,0.5,7,8,67.99261388570262,-0.34832541602918926,1.0000000000000002
home_2ms,12,,mti,coherent_cross,tx1,all,1.0,7,8,67.99261388570262,-0.34832541602918926,1.0000000000000002
home_2ms,12,,mti,coherent_cross,tx1,even,-1.0,6,7,-4.026960849411987,0.009911208192488564,1.0
home_2ms,12,,mti,coherent_cross,tx1,even,-0.5,6,7,-4.026960849411987,0.009911208192488564,1.0
home_2ms,12,,mti,coherent_cross,tx1,even,0.0,7,8,83.55287584649915,-1.245873953458166,1.0
home_2ms,12,,mti,coherent_cross,tx1,even,0.5,7,8,83.55287584649915,-1.245873953458166,1.0
home_2ms,12,,mti,coherent_cross,tx1,even,1.0,7,8,83.55287584649915,-1.245873953458166,1.0
home_2ms,12,,mti,coherent_cross,tx1,odd,-1.0,6,7,-2.975882287800913,0.007318798265668685,0.9999999999999999
home_2ms,12,,mti,coherent_cross,tx1,odd,-0.5,6,7,-2.975882287800913,0.007318798265668685,0.9999999999999999
home_2ms,12,,mti,coherent_cross,tx1,odd,0.0,7,8,-87.10310547233894,2.782118010456892,1.0
home_2ms,12,,mti,coherent_cross,tx1,odd,0.5,7,8,-87.10310547233894,2.782118010456892,1.0
home_2ms,12,,mti,coherent_cross,tx1,odd,1.0,7,8,-87.10310547233894,2.782118010456892,1.0
home_2ms,12,,mti,coherent_cross,tx3,all,-1.0,6,7,82.32112576336976,-1.0441665503516364,1.0
home_2ms,12,,mti,coherent_cross,tx3,all,-0.5,6,7,82.32112576336976,-1.0441665503516364,1.0
home_2ms,12,,mti,coherent_cross,tx3,all,0.0,7,8,87.02097040493766,-2.7052792706772575,1.0
home_2ms,12,,mti,coherent_cross,tx3,all,0.5,7,8,87.02097040493766,-2.7052792706772575,1.0
home_2ms,12,,mti,coherent_cross,tx3,all,1.0,7,8,87.02097040493766,-2.7052792706772575,1.0
home_2ms,12,,mti,coherent_cross,tx3,even,-1.0,6,7,83.46506888910612,-1.2289905845860898,1.0000000000000002
home_2ms,12,,mti,coherent_cross,tx3,even,-0.5,6,7,83.46506888910612,-1.2289905845860898,1.0000000000000002
home_2ms,12,,mti,coherent_cross,tx3,even,0.0,7,8,81.3754840601061,-0.9282099896711143,1.0
home_2ms,12,,mti,coherent_cross,tx3,even,0.5,7,8,81.3754840601061,-0.9282099896711143,1.0
home_2ms,12,,mti,coherent_cross,tx3,even,1.0,7,8,81.3754840601061,-0.9282099896711143,1.0
home_2ms,12,,mti,coherent_cross,tx3,odd,-1.0,6,7,80.08832388787576,-0.805691304926395,1.0
home_2ms,12,,mti,coherent_cross,tx3,odd,-0.5,6,7,80.08832388787576,-0.805691304926395,1.0
home_2ms,12,,mti,coherent_cross,tx3,odd,0.0,7,8,86.93816293484944,-2.631981053502259,1.0
home_2ms,12,,mti,coherent_cross,tx3,odd,0.5,7,8,86.93816293484944,-2.631981053502259,1.0
home_2ms,12,,mti,coherent_cross,tx3,odd,1.0,7,8,86.93816293484944,-2.631981053502259,1.0
home_2ms,12,,mti,coherent_cross,fused,all,-1.0,6,7,76.04702572248738,-0.5666379934871797,0.9007008534579176
home_2ms,12,,mti,coherent_cross,fused,all,-0.5,6,7,76.04702572248738,-0.5666379934871797,0.9007008534579176
home_2ms,12,,mti,coherent_cross,fused,all,0.0,7,8,86.26764684862766,-2.1581462851195443,0.47363236594988717
home_2ms,12,,mti,coherent_cross,fused,all,0.5,7,8,86.26764684862766,-2.1581462851195443,0.47363236594988717
home_2ms,12,,mti,coherent_cross,fused,all,1.0,7,8,86.26764684862766,-2.1581462851195443,0.47363236594988717
home_2ms,12,,mti,coherent_cross,fused,even,-1.0,6,7,76.38367025230713,-0.581209939505345,0.8145242188421955
home_2ms,12,,mti,coherent_cross,fused,even,-0.5,6,7,76.38367025230713,-0.581209939505345,0.8145242188421955
home_2ms,12,,mti,coherent_cross,fused,even,0.0,7,8,82.62870835356449,-1.0882521391430067,0.9874134194990899
home_2ms,12,,mti,coherent_cross,fused,even,0.5,7,8,82.62870835356449,-1.0882521391430067,0.9874134194990899
home_2ms,12,,mti,coherent_cross,fused,even,1.0,7,8,82.62870835356449,-1.0882521391430067,0.9874134194990899
home_2ms,12,,mti,coherent_cross,fused,odd,-1.0,6,7,67.85319452915357,-0.3459003562593167,0.9198138826139295
home_2ms,12,,mti,coherent_cross,fused,odd,-0.5,6,7,67.85319452915357,-0.3459003562593167,0.9198138826139295
home_2ms,12,,mti,coherent_cross,fused,odd,0.0,7,8,87.31690785909922,-3.004175581033744,0.9088283744955319
home_2ms,12,,mti,coherent_cross,fused,odd,0.5,7,8,87.31690785909922,-3.004175581033744,0.9088283744955319
home_2ms,12,,mti,coherent_cross,fused,odd,1.0,7,8,87.31690785909922,-3.004175581033744,0.9088283744955319
home_2ms,13,,raw,loop_cross,tx1,all,-1.0,5,6,80.86623040023912,-0.8664407076391126,0.7815522425102948
home_2ms,13,,raw,loop_cross,tx1,all,-0.5,5,6,80.86623040023912,-0.8664407076391126,0.7815522425102948
home_2ms,13,,raw,loop_cross,tx1,all,0.0,5,6,80.86623040023912,-0.8664407076391126,0.7815522425102948
home_2ms,13,,raw,loop_cross,tx1,all,0.5,5,6,80.86623040023912,-0.8664407076391126,0.7815522425102948
home_2ms,13,,raw,loop_cross,tx1,all,1.0,6,7,-73.69971957456056,0.47637776975343704,0.6642299766546439
home_2ms,13,,raw,loop_cross,tx1,even,-1.0,5,6,82.3793677796712,-1.0411833224273301,0.7790346633880746
home_2ms,13,,raw,loop_cross,tx1,even,-0.5,5,6,82.3793677796712,-1.0411833224273301,0.7790346633880746
home_2ms,13,,raw,loop_cross,tx1,even,0.0,5,6,82.3793677796712,-1.0411833224273301,0.7790346633880746
home_2ms,13,,raw,loop_cross,tx1,even,0.5,5,6,82.3793677796712,-1.0411833224273301,0.7790346633880746
home_2ms,13,,raw,loop_cross,tx1,even,1.0,6,7,-76.78704843679922,0.5933271794055887,0.5541567272437994
home_2ms,13,,raw,loop_cross,tx1,odd,-1.0,5,6,79.40082048164479,-0.7444293873232859,0.7977933311356387
home_2ms,13,,raw,loop_cross,tx1,odd,-0.5,5,6,79.40082048164479,-0.7444293873232859,0.7977933311356387
home_2ms,13,,raw,loop_cross,tx1,odd,0.0,5,6,79.40082048164479,-0.7444293873232859,0.7977933311356387
home_2ms,13,,raw,loop_cross,tx1,odd,0.5,5,6,79.40082048164479,-0.7444293873232859,0.7977933311356387
home_2ms,13,,raw,loop_cross,tx1,odd,1.0,6,7,-71.10583205989921,0.40701220144715194,0.7586432486310486
home_2ms,13,,raw,loop_cross,tx3,all,-1.0,5,6,-77.00180869473012,0.603483765359725,0.37614646770769666
home_2ms,13,,raw,loop_cross,tx3,all,-0.5,5,6,-77.00180869473012,0.603483765359725,0.37614646770769666
home_2ms,13,,raw,loop_cross,tx3,all,0.0,5,6,-77.00180869473012,0.603483765359725,0.37614646770769666
home_2ms,13,,raw,loop_cross,tx3,all,0.5,5,6,-77.00180869473012,0.603483765359725,0.37614646770769666
home_2ms,13,,raw,loop_cross,tx3,all,1.0,6,7,83.8387972384989,-1.290463617068328,0.48401405715850726
home_2ms,13,,raw,loop_cross,tx3,even,-1.0,5,6,-83.96535872806004,1.3177354669315209,0.5020539444214582
home_2ms,13,,raw,loop_cross,tx3,even,-0.5,5,6,-83.96535872806004,1.3177354669315209,0.5020539444214582
home_2ms,13,,raw,loop_cross,tx3,even,0.0,5,6,-83.96535872806004,1.3177354669315209,0.5020539444214582
home_2ms,13,,raw,loop_cross,tx3,even,0.5,5,6,-83.96535872806004,1.3177354669315209,0.5020539444214582
home_2ms,13,,raw,loop_cross,tx3,even,1.0,6,7,83.0050819321278,-1.1353818417452137,0.5440543106620825
home_2ms,13,,raw,loop_cross,tx3,odd,-1.0,5,6,0.10898173420776137,-0.0002649712442891387,0.453881591732433
home_2ms,13,,raw,loop_cross,tx3,odd,-0.5,5,6,0.10898173420776137,-0.0002649712442891387,0.453881591732433
home_2ms,13,,raw,loop_cross,tx3,odd,0.0,5,6,0.10898173420776137,-0.0002649712442891387,0.453881591732433
home_2ms,13,,raw,loop_cross,tx3,odd,0.5,5,6,0.10898173420776137,-0.0002649712442891387,0.453881591732433
home_2ms,13,,raw,loop_cross,tx3,odd,1.0,6,7,84.47674639991405,-1.4406105738777564,0.4465077256655247
home_2ms,13,,raw,loop_cross,fused,all,-1.0,5,6,68.75146377463498,-0.3582496662268539,0.42462118511830743
home_2ms,13,,raw,loop_cross,fused,all,-0.5,5,6,68.75146377463498,-0.3582496662268539,0.42462118511830743
home_2ms,13,,raw,loop_cross,fused,all,0.0,5,6,68.75146377463498,-0.3582496662268539,0.42462118511830743
home_2ms,13,,raw,loop_cross,fused,all,0.5,5,6,68.75146377463498,-0.3582496662268539,0.42462118511830743
home_2ms,13,,raw,loop_cross,fused,all,1.0,6,7,62.75968555206856,-0.27059000399086136,0.3651061041872763
home_2ms,13,,raw,loop_cross,fused,even,-1.0,5,6,28.35110735109063,-0.07516845098105063,0.24300516942823408
home_2ms,13,,raw,loop_cross,fused,even,-0.5,5,6,28.35110735109063,-0.07516845098105063,0.24300516942823408
home_2ms,13,,raw,loop_cross,fused,even,0.0,5,6,28.35110735109063,-0.07516845098105063,0.24300516942823408
home_2ms,13,,raw,loop_cross,fused,even,0.5,5,6,28.35110735109063,-0.07516845098105063,0.24300516942823408
home_2ms,13,,raw,loop_cross,fused,even,1.0,6,7,65.49368912155076,-0.30558802786550543,0.3565275913946338
home_2ms,13,,raw,loop_cross,fused,odd,-1.0,5,6,72.7230869834501,-0.4478928831773824,0.5709670932947314
home_2ms,13,,raw,loop_cross,fused,odd,-0.5,5,6,72.7230869834501,-0.4478928831773824,0.5709670932947314
home_2ms,13,,raw,loop_cross,fused,odd,0.0,5,6,72.7230869834501,-0.4478928831773824,0.5709670932947314
home_2ms,13,,raw,loop_cross,fused,odd,0.5,5,6,72.7230869834501,-0.4478928831773824,0.5709670932947314
home_2ms,13,,raw,loop_cross,fused,odd,1.0,6,7,60.24280248134224,-0.24366238886392022,0.3723095926007093
home_2ms,13,,raw,coherent_cross,tx1,all,-1.0,5,6,59.406234772758175,-0.23561063795924017,1.0
home_2ms,13,,raw,coherent_cross,tx1,all,-0.5,5,6,59.406234772758175,-0.23561063795924017,1.0
home_2ms,13,,raw,coherent_cross,tx1,all,0.0,5,6,59.406234772758175,-0.23561063795924017,1.0
home_2ms,13,,raw,coherent_cross,tx1,all,0.5,5,6,59.406234772758175,-0.23561063795924017,1.0
home_2ms,13,,raw,coherent_cross,tx1,all,1.0,6,7,43.173528262608144,-0.13069516767819206,0.9999999999999999
home_2ms,13,,raw,coherent_cross,tx1,even,-1.0,5,6,78.78804011483197,-0.7027724156184844,0.9999999999999999
home_2ms,13,,raw,coherent_cross,tx1,even,-0.5,5,6,78.78804011483197,-0.7027724156184844,0.9999999999999999
home_2ms,13,,raw,coherent_cross,tx1,even,0.0,5,6,78.78804011483197,-0.7027724156184844,0.9999999999999999
home_2ms,13,,raw,coherent_cross,tx1,even,0.5,5,6,78.78804011483197,-0.7027724156184844,0.9999999999999999
home_2ms,13,,raw,coherent_cross,tx1,even,1.0,6,7,-81.79414215813657,0.9660110820842839,1.0
home_2ms,13,,raw,coherent_cross,tx1,odd,-1.0,5,6,-48.45584047902548,0.15721149564091536,1.0
home_2ms,13,,raw,coherent_cross,tx1,odd,-0.5,5,6,-48.45584047902548,0.15721149564091536,1.0
home_2ms,13,,raw,coherent_cross,tx1,odd,0.0,5,6,-48.45584047902548,0.15721149564091536,1.0
home_2ms,13,,raw,coherent_cross,tx1,odd,0.5,5,6,-48.45584047902548,0.15721149564091536,1.0
home_2ms,13,,raw,coherent_cross,tx1,odd,1.0,6,7,80.49532545509716,-0.8320376711566695,1.0000000000000002
home_2ms,13,,raw,coherent_cross,tx3,all,-1.0,5,6,-75.43442082200774,0.5361208328703924,0.9999999999999999
home_2ms,13,,raw,coherent_cross,tx3,all,-0.5,5,6,-75.43442082200774,0.5361208328703924,0.9999999999999999
home_2ms,13,,raw,coherent_cross,tx3,all,0.0,5,6,-75.43442082200774,0.5361208328703924,0.9999999999999999
home_2ms,13,,raw,coherent_cross,tx3,all,0.5,5,6,-75.43442082200774,0.5361208328703924,0.9999999999999999
home_2ms,13,,raw,coherent_cross,tx3,all,1.0,6,7,-86.00650007626085,1.9954094196285606,0.9999999999999998
home_2ms,13,,raw,coherent_cross,tx3,even,-1.0,5,6,-48.558836540092834,0.15778200438645384,1.0000000000000002
home_2ms,13,,raw,coherent_cross,tx3,even,-0.5,5,6,-48.558836540092834,0.15778200438645384,1.0000000000000002
home_2ms,13,,raw,coherent_cross,tx3,even,0.0,5,6,-48.558836540092834,0.15778200438645384,1.0000000000000002
home_2ms,13,,raw,coherent_cross,tx3,even,0.5,5,6,-48.558836540092834,0.15778200438645384,1.0000000000000002
home_2ms,13,,raw,coherent_cross,tx3,even,1.0,6,7,66.85580872654864,-0.32589957766262934,0.9999999999999999
home_2ms,13,,raw,coherent_cross,tx3,odd,-1.0,5,6,-79.443258314305,0.7474912145425318,1.0
home_2ms,13,,raw,coherent_cross,tx3,odd,-0.5,5,6,-79.443258314305,0.7474912145425318,1.0
home_2ms,13,,raw,coherent_cross,tx3,odd,0.0,5,6,-79.443258314305,0.7474912145425318,1.0
home_2ms,13,,raw,coherent_cross,tx3,odd,0.5,5,6,-79.443258314305,0.7474912145425318,1.0
home_2ms,13,,raw,coherent_cross,tx3,odd,1.0,6,7,86.27591322753577,-2.1402169081675644,0.9999999999999998
home_2ms,13,,raw,coherent_cross,fused,all,-1.0,5,6,-37.12349812080435,0.1054454873986879,0.9274038624140555
home_2ms,13,,raw,coherent_cross,fused,all,-0.5,5,6,-37.12349812080435,0.1054454873986879,0.9274038624140555
home_2ms,13,,raw,coherent_cross,fused,all,0.0,5,6,-37.12349812080435,0.1054454873986879,0.9274038624140555
home_2ms,13,,raw,coherent_cross,fused,all,0.5,5,6,-37.12349812080435,0.1054454873986879,0.9274038624140555
home_2ms,13,,raw,coherent_cross,fused,all,1.0,6,7,-78.76052222942259,0.7010070228044344,0.49951535427087407
home_2ms,13,,raw,coherent_cross,fused,even,-1.0,5,6,68.47994367172,-0.353283989288549,0.9118241955271822
home_2ms,13,,raw,coherent_cross,fused,even,-0.5,5,6,68.47994367172,-0.353283989288549,0.9118241955271822
home_2ms,13,,raw,coherent_cross,fused,even,0.0,5,6,68.47994367172,-0.353283989288549,0.9118241955271822
home_2ms,13,,raw,coherent_cross,fused,even,0.5,5,6,68.47994367172,-0.353283989288549,0.9118241955271822
home_2ms,13,,raw,coherent_cross,fused,even,1.0,6,7,-64.47153152587258,0.2916862305507068,0.7988465057113251
home_2ms,13,,raw,coherent_cross,fused,odd,-1.0,5,6,-72.72915247074334,0.44806013621113033,0.9567702794856291
home_2ms,13,,raw,coherent_cross,fused,odd,-0.5,5,6,-72.72915247074334,0.44806013621113033,0.9567702794856291
home_2ms,13,,raw,coherent_cross,fused,odd,0.0,5,6,-72.72915247074334,0.44806013621113033,0.9567702794856291
home_2ms,13,,raw,coherent_cross,fused,odd,0.5,5,6,-72.72915247074334,0.44806013621113033,0.9567702794856291
home_2ms,13,,raw,coherent_cross,fused,odd,1.0,6,7,84.48012541050156,-1.4414979341628673,0.7943931633447111
home_2ms,13,,mti,loop_cross,tx1,all,-1.0,5,6,54.2008876828998,-0.19315764696367743,0.5970034730339836
home_2ms,13,,mti,loop_cross,tx1,all,-0.5,5,6,54.2008876828998,-0.19315764696367743,0.5970034730339836
home_2ms,13,,mti,loop_cross,tx1,all,0.0,5,6,54.2008876828998,-0.19315764696367743,0.5970034730339836
home_2ms,13,,mti,loop_cross,tx1,all,0.5,5,6,54.2008876828998,-0.19315764696367743,0.5970034730339836
home_2ms,13,,mti,loop_cross,tx1,all,1.0,6,7,-19.93433540084564,0.050522197155926374,0.8553081201847922
home_2ms,13,,mti,loop_cross,tx1,even,-1.0,5,6,82.67568225739659,-1.0837968247516216,0.38488155765207477
home_2ms,13,,mti,loop_cross,tx1,even,-0.5,5,6,82.67568225739659,-1.0837968247516216,0.38488155765207477
home_2ms,13,,mti,loop_cross,tx1,even,0.0,5,6,82.67568225739659,-1.0837968247516216,0.38488155765207477
home_2ms,13,,mti,loop_cross,tx1,even,0.5,5,6,82.67568225739659,-1.0837968247516216,0.38488155765207477
home_2ms,13,,mti,loop_cross,tx1,even,1.0,6,7,59.40034405956737,-0.23555535510237804,0.8856461858788637
home_2ms,13,,mti,loop_cross,tx1,odd,-1.0,5,6,-8.401516046334793,0.0205745596904912,0.8227176843184578
home_2ms,13,,mti,loop_cross,tx1,odd,-0.5,5,6,-8.401516046334793,0.0205745596904912,0.8227176843184578
home_2ms,13,,mti,loop_cross,tx1,odd,0.0,5,6,-8.401516046334793,0.0205745596904912,0.8227176843184578
home_2ms,13,,mti,loop_cross,tx1,odd,0.5,5,6,-8.401516046334793,0.0205745596904912,0.8227176843184578
home_2ms,13,,mti,loop_cross,tx1,odd,1.0,6,7,-67.69036624801856,0.33949842016253934,0.8983511445684335
home_2ms,13,,mti,loop_cross,tx3,all,-1.0,5,6,-51.66138964029482,0.17614672411432497,0.6869548055877895
home_2ms,13,,mti,loop_cross,tx3,all,-0.5,5,6,-51.66138964029482,0.17614672411432497,0.6869548055877895
home_2ms,13,,mti,loop_cross,tx3,all,0.0,5,6,-51.66138964029482,0.17614672411432497,0.6869548055877895
home_2ms,13,,mti,loop_cross,tx3,all,0.5,5,6,-51.66138964029482,0.17614672411432497,0.6869548055877895
home_2ms,13,,mti,loop_cross,tx3,all,1.0,6,7,-22.157398047522793,0.056728581376312454,0.8272797972040729
home_2ms,13,,mti,loop_cross,tx3,even,-1.0,5,6,-79.98051548446114,0.7884706656269476,0.7938721571362156
home_2ms,13,,mti,loop_cross,tx3,even,-0.5,5,6,-79.98051548446114,0.7884706656269476,0.7938721571362156
home_2ms,13,,mti,loop_cross,tx3,even,0.0,5,6,-79.98051548446114,0.7884706656269476,0.7938721571362156
home_2ms,13,,mti,loop_cross,tx3,even,0.5,5,6,-79.98051548446114,0.7884706656269476,0.7938721571362156
home_2ms,13,,mti,loop_cross,tx3,even,1.0,6,7,-48.374554460358375,0.15676287356318883,0.888701745596694
home_2ms,13,,mti,loop_cross,tx3,odd,-1.0,5,6,45.65877678951828,-0.14254595656183716,0.7434408779682399
home_2ms,13,,mti,loop_cross,tx3,odd,-0.5,5,6,45.65877678951828,-0.14254595656183716,0.7434408779682399
home_2ms,13,,mti,loop_cross,tx3,odd,0.0,5,6,45.65877678951828,-0.14254595656183716,0.7434408779682399
home_2ms,13,,mti,loop_cross,tx3,odd,0.5,5,6,45.65877678951828,-0.14254595656183716,0.7434408779682399
home_2ms,13,,mti,loop_cross,tx3,odd,1.0,6,7,27.771585655092494,-0.07335900201436263,0.7696832869039548
home_2ms,13,,mti,loop_cross,fused,all,-1.0,5,6,-7.2015056079793,0.017602050748642118,0.6343960577367276
home_2ms,13,,mti,loop_cross,fused,all,-0.5,5,6,-7.2015056079793,0.017602050748642118,0.6343960577367276
home_2ms,13,,mti,loop_cross,fused,all,0.0,5,6,-7.2015056079793,0.017602050748642118,0.6343960577367276
home_2ms,13,,mti,loop_cross,fused,all,0.5,5,6,-7.2015056079793,0.017602050748642118,0.6343960577367276
home_2ms,13,,mti,loop_cross,fused,all,1.0,6,7,-21.108025586562142,0.053775799092093464,0.8403779564764673
home_2ms,13,,mti,loop_cross,fused,even,-1.0,5,6,-66.41017496428417,0.31901127634998533,0.3950189281671925
home_2ms,13,,mti,loop_cross,fused,even,-0.5,5,6,-66.41017496428417,0.31901127634998533,0.3950189281671925
home_2ms,13,,mti,loop_cross,fused,even,0.0,5,6,-66.41017496428417,0.31901127634998533,0.3950189281671925
home_2ms,13,,mti,loop_cross,fused,even,0.5,5,6,-66.41017496428417,0.31901127634998533,0.3950189281671925
home_2ms,13,,mti,loop_cross,fused,even,1.0,6,7,8.839157847660143,-0.02166307275223838,0.8704281432348333
home_2ms,13,,mti,loop_cross,fused,odd,-1.0,5,6,24.854956558694692,-0.06453022869239886,0.7767762938377195
home_2ms,13,,mti,loop_cross,fused,odd,-0.5,5,6,24.854956558694692,-0.06453022869239886,0.7767762938377195
home_2ms,13,,mti,loop_cross,fused,odd,0.0,5,6,24.854956558694692,-0.06453022869239886,0.7767762938377195
home_2ms,13,,mti,loop_cross,fused,odd,0.5,5,6,24.854956558694692,-0.06453022869239886,0.7767762938377195
home_2ms,13,,mti,loop_cross,fused,odd,1.0,6,7,-45.28239581720839,0.14068514906328303,0.8137594326754407
home_2ms,13,,mti,coherent_cross,tx1,all,-1.0,5,6,56.06589810204399,-0.2070416201588805,1.0
home_2ms,13,,mti,coherent_cross,tx1,all,-0.5,5,6,56.06589810204399,-0.2070416201588805,1.0
home_2ms,13,,mti,coherent_cross,tx1,all,0.0,5,6,56.06589810204399,-0.2070416201588805,1.0
home_2ms,13,,mti,coherent_cross,tx1,all,0.5,5,6,56.06589810204399,-0.2070416201588805,1.0
home_2ms,13,,mti,coherent_cross,tx1,all,1.0,6,7,80.28557518821255,-0.8137350434520804,1.0
home_2ms,13,,mti,coherent_cross,tx1,even,-1.0,5,6,76.29138458758462,-0.571079440953097,0.9999999999999999
home_2ms,13,,mti,coherent_cross,tx1,even,-0.5,5,6,76.29138458758462,-0.571079440953097,0.9999999999999999
home_2ms,13,,mti,coherent_cross,tx1,even,0.0,5,6,76.29138458758462,-0.571079440953097,0.9999999999999999
home_2ms,13,,mti,coherent_cross,tx1,even,0.5,5,6,76.29138458758462,-0.571079440953097,0.9999999999999999
home_2ms,13,,mti,coherent_cross,tx1,even,1.0,6,7,-85.4696633580399,1.758137799908588,1.0000000000000002
home_2ms,13,,mti,coherent_cross,tx1,odd,-1.0,5,6,-16.264777986780064,0.040642731019092423,0.9999999999999999
home_2ms,13,,mti,coherent_cross,tx1,odd,-0.5,5,6,-16.264777986780064,0.040642731019092423,0.9999999999999999
home_2ms,13,,mti,coherent_cross,tx1,odd,0.0,5,6,-16.264777986780064,0.040642731019092423,0.9999999999999999
home_2ms,13,,mti,coherent_cross,tx1,odd,0.5,5,6,-16.264777986780064,0.040642731019092423,0.9999999999999999
home_2ms,13,,mti,coherent_cross,tx1,odd,1.0,6,7,74.86560592048474,-0.5150582877219541,1.0
home_2ms,13,,mti,coherent_cross,tx3,all,-1.0,5,6,-62.541196428269714,0.26807311113144655,1.0
home_2ms,13,,mti,coherent_cross,tx3,all,-0.5,5,6,-62.541196428269714,0.26807311113144655,1.0
home_2ms,13,,mti,coherent_cross,tx3,all,0.0,5,6,-62.541196428269714,0.26807311113144655,1.0
home_2ms,13,,mti,coherent_cross,tx3,all,0.5,5,6,-62.541196428269714,0.26807311113144655,1.0
home_2ms,13,,mti,coherent_cross,tx3,all,1.0,6,7,83.02113656704168,-1.1380198530365917,1.0
home_2ms,13,,mti,coherent_cross,tx3,even,-1.0,5,6,-73.41114062316497,0.46762188659813625,1.0
home_2ms,13,,mti,coherent_cross,tx3,even,-0.5,5,6,-73.41114062316497,0.46762188659813625,1.0
home_2ms,13,,mti,coherent_cross,tx3,even,0.0,5,6,-73.41114062316497,0.46762188659813625,1.0
home_2ms,13,,mti,coherent_cross,tx3,even,0.5,5,6,-73.41114062316497,0.46762188659813625,1.0
home_2ms,13,,mti,coherent_cross,tx3,even,1.0,6,7,-81.5872278433669,0.9419195962159845,0.9999999999999998
home_2ms,13,,mti,coherent_cross,tx3,odd,-1.0,5,6,-50.23323223232347,0.16739655352126817,1.0
home_2ms,13,,mti,coherent_cross,tx3,odd,-0.5,5,6,-50.23323223232347,0.16739655352126817,1.0
home_2ms,13,,mti,coherent_cross,tx3,odd,0.0,5,6,-50.23323223232347,0.16739655352126817,1.0
home_2ms,13,,mti,coherent_cross,tx3,odd,0.5,5,6,-50.23323223232347,0.16739655352126817,1.0
home_2ms,13,,mti,coherent_cross,tx3,odd,1.0,6,7,69.89720166357942,-0.38061158377463,1.0000000000000002
home_2ms,13,,mti,coherent_cross,fused,all,-1.0,5,6,-4.867049167927695,0.011861963983765891,0.9720848172966753
home_2ms,13,,mti,coherent_cross,fused,all,-0.5,5,6,-4.867049167927695,0.011861963983765891,0.9720848172966753
home_2ms,13,,mti,coherent_cross,fused,all,0.0,5,6,-4.867049167927695,0.011861963983765891,0.9720848172966753
home_2ms,13,,mti,coherent_cross,fused,all,0.5,5,6,-4.867049167927695,0.011861963983765891,0.9720848172966753
home_2ms,13,,mti,coherent_cross,fused,all,1.0,6,7,81.51906356037021,-0.9342386929733614,0.9877398349233557
home_2ms,13,,mti,coherent_cross,fused,even,-1.0,5,6,44.351974510111326,-0.13618911737777342,0.871247334903281
home_2ms,13,,mti,coherent_cross,fused,even,-0.5,5,6,44.351974510111326,-0.13618911737777342,0.871247334903281
home_2ms,13,,mti,coherent_cross,fused,even,0.0,5,6,44.351974510111326,-0.13618911737777342,0.871247334903281
home_2ms,13,,mti,coherent_cross,fused,even,0.5,5,6,44.351974510111326,-0.13618911737777342,0.871247334903281
home_2ms,13,,mti,coherent_cross,fused,even,1.0,6,7,-84.2832607108134,1.3915437340594319,0.9186644570095481
home_2ms,13,,mti,coherent_cross,fused,odd,-1.0,5,6,-36.37155800430433,0.10259790551205285,0.9979933643321198
home_2ms,13,,mti,coherent_cross,fused,odd,-0.5,5,6,-36.37155800430433,0.10259790551205285,0.9979933643321198
home_2ms,13,,mti,coherent_cross,fused,odd,0.0,5,6,-36.37155800430433,0.10259790551205285,0.9979933643321198
home_2ms,13,,mti,coherent_cross,fused,odd,0.5,5,6,-36.37155800430433,0.10259790551205285,0.9979933643321198
home_2ms,13,,mti,coherent_cross,fused,odd,1.0,6,7,73.32524216872524,-0.4650725237371217,0.9978896112430474
home_2ms,14,,raw,loop_cross,tx1,all,-1.0,5,6,-86.58708406455497,2.255058445839129,0.20465724701963026
home_2ms,14,,raw,loop_cross,tx1,all,-0.5,5,6,-86.59675922123053,2.255058445839129,0.20465724701963026
home_2ms,14,,raw,loop_cross,tx1,all,0.0,5,6,-86.6064345722242,2.255058445839129,0.20465724701963026
home_2ms,14,,raw,loop_cross,tx1,all,0.5,5,6,-86.61611011699004,2.255058445839129,0.20465724701963026
home_2ms,14,,raw,loop_cross,tx1,all,1.0,6,7,34.70315610704486,-0.09207443218883714,0.7663541794560991
home_2ms,14,,raw,loop_cross,tx1,even,-1.0,5,6,87.05592900639388,-2.614970152850591,0.2355323889477574
home_2ms,14,,raw,loop_cross,tx1,even,-0.5,5,6,87.06428008662702,-2.614970152850591,0.2355323889477574
home_2ms,14,,raw,loop_cross,tx1,even,0.0,5,6,87.07263129170524,-2.614970152850591,0.2355323889477574
home_2ms,14,,raw,loop_cross,tx1,even,0.5,5,6,87.08098262127648,-2.614970152850591,0.2355323889477574
home_2ms,14,,raw,loop_cross,tx1,even,1.0,6,7,44.18859712436042,-0.12924328484012923,0.7564121431538515
home_2ms,14,,raw,loop_cross,tx1,odd,-1.0,5,6,-85.44265024706112,1.687205057715773,0.44944086125976346
home_2ms,14,,raw,loop_cross,tx1,odd,-0.5,5,6,-85.45554587978616,1.687205057715773,0.44944086125976346
home_2ms,14,,raw,loop_cross,tx1,odd,0.0,5,6,-85.46844197391304,1.687205057715773,0.44944086125976346
home_2ms,14,,raw,loop_cross,tx1,odd,0.5,5,6,-85.48133852815987,1.687205057715773,0.44944086125976346
home_2ms,14,,raw,loop_cross,tx1,odd,1.0,6,7,21.827135290933217,-0.05325194890762055,0.7781849565487883
home_2ms,14,,raw,loop_cross,tx3,all,-1.0,5,6,-78.55679276911083,0.6643866034734347,0.822172459923075
home_2ms,14,,raw,loop_cross,tx3,all,-0.5,5,6,-78.58845497055395,0.6643866034734347,0.822172459923075
home_2ms,14,,raw,loop_cross,tx3,all,0.0,5,6,-78.62012423687355,0.6643866034734347,0.822172459923075
home_2ms,14,,raw,loop_cross,tx3,all,0.5,5,6,-78.65180055107724,0.6643866034734347,0.822172459923075
home_2ms,14,,raw,loop_cross,tx3,all,1.0,6,7,-15.73268047097982,0.03745428905392111,0.7950035325671779
home_2ms,14,,raw,loop_cross,tx3,even,-1.0,5,6,-78.59541520558538,0.6666974576401515,0.9101720744267258
home_2ms,14,,raw,loop_cross,tx3,even,-0.5,5,6,-78.62697623540932,0.6666974576401515,0.9101720744267258
home_2ms,14,,raw,loop_cross,tx3,even,0.0,5,6,-78.65854426069058,0.6666974576401515,0.9101720744267258
home_2ms,14,,raw,loop_cross,tx3,even,0.5,5,6,-78.69011926458309,0.6666974576401515,0.9101720744267258
home_2ms,14,,raw,loop_cross,tx3,even,1.0,6,7,29.766933556264654,-0.07604316502029056,0.8644944140980404
home_2ms,14,,raw,loop_cross,tx3,odd,-1.0,5,6,-78.514612456234,0.661880393946226,0.7441470928054009
home_2ms,14,,raw,loop_cross,tx3,odd,-0.5,5,6,-78.54638508367383,0.661880393946226,0.7441470928054009
home_2ms,14,,raw,loop_cross,tx3,odd,0.0,5,6,-78.57816485230508,0.661880393946226,0.7441470928054009
home_2ms,14,,raw,loop_cross,tx3,odd,0.5,5,6,-78.60995174497494,0.661880393946226,0.7441470928054009
home_2ms,14,,raw,loop_cross,tx3,odd,1.0,6,7,-52.86526380264128,0.1755789399287596,0.7358567280535052
home_2ms,14,,raw,loop_cross,fused,all,-1.0,5,6,-81.27682771391359,0.8764944695352926,0.44984728858982953
home_2ms,14,,raw,loop_cross,fused,all,-0.5,5,6,-81.3012354014804,0.8764944695352926,0.44984728858982953
home_2ms,14,,raw,loop_cross,fused,all,0.0,5,6,-81.32564627109763,0.8764944695352926,0.44984728858982953
home_2ms,14,,raw,loop_cross,fused,all,0.5,5,6,-81.35006031452376,0.8764944695352926,0.44984728858982953
home_2ms,14,,raw,loop_cross,fused,all,1.0,6,7,10.554185892589633,-0.024772153379877933,0.7793419921053294
home_2ms,14,,raw,loop_cross,fused,even,-1.0,5,6,-79.28975164236758,0.711046223048803,0.35826112313077735
home_2ms,14,,raw,loop_cross,fused,even,-0.5,5,6,-79.31948428556181,0.711046223048803,0.35826112313077735
home_2ms,14,,raw,loop_cross,fused,even,0.0,5,6,-79.34922274979569,0.711046223048803,0.35826112313077735
home_2ms,14,,raw,loop_cross,fused,even,0.5,5,6,-79.37896702075128,0.711046223048803,0.35826112313077735
home_2ms,14,,raw,loop_cross,fused,even,1.0,6,7,37.101845018102075,-0.10056110671055278,0.810796993697124
home_2ms,14,,raw,loop_cross,fused,odd,-1.0,5,6,-82.18634289903144,0.9800292977353456,0.5448369540831863
home_2ms,14,,raw,loop_cross,fused,odd,-0.5,5,6,-82.20827271160576,0.9800292977353456,0.5448369540831863
home_2ms,14,,raw,loop_cross,fused,odd,0.0,5,6,-82.23020482150609,0.9800292977353456,0.5448369540831863
home_2ms,14,,raw,loop_cross,fused,odd,0.5,5,6,-82.25213922266516,0.9800292977353456,0.5448369540831863
home_2ms,14,,raw,loop_cross,fused,odd,1.0,6,7,-24.805720058241995,0.061450736981941596,0.751430907742911
home_2ms,14,,raw,coherent_cross,tx1,all,-1.0,5,6,-85.23744545256464,1.6141937727002151,1.0000000000000002
home_2ms,14,,raw,coherent_cross,tx1,all,-0.5,5,6,-85.25091651974793,1.6141937727002151,1.0000000000000002
home_2ms,14,,raw,coherent_cross,tx1,all,0.0,5,6,-85.26438811320494,1.6141937727002151,1.0000000000000002
home_2ms,14,,raw,coherent_cross,tx1,all,0.5,5,6,-85.27786023147691,1.6141937727002151,1.0000000000000002
home_2ms,14,,raw,coherent_cross,tx1,all,1.0,6,7,-84.12794288369426,1.2927613776792208,1.0
home_2ms,14,,raw,coherent_cross,tx1,even,-1.0,5,6,-85.07002156083539,1.5591173713813002,1.0000000000000002
home_2ms,14,,raw,coherent_cross,tx1,even,-0.5,5,6,-85.08396160889741,1.5591173713813002,1.0000000000000002
home_2ms,14,,raw,coherent_cross,tx1,even,0.0,5,6,-85.0979022404237,1.5591173713813002,1.0000000000000002
home_2ms,14,,raw,coherent_cross,tx1,even,0.5,5,6,-85.11184345380028,1.5591173713813002,1.0000000000000002
home_2ms,14,,raw,coherent_cross,tx1,even,1.0,6,7,-83.75829696489416,1.2156457624640826,1.0000000000000002
home_2ms,14,,raw,coherent_cross,tx1,odd,-1.0,5,6,80.77467082190898,-0.8280178598288034,1.0
home_2ms,14,,raw,coherent_cross,tx1,odd,-0.5,5,6,80.80043624202327,-0.8280178598288034,1.0
home_2ms,14,,raw,coherent_cross,tx1,odd,0.0,5,6,80.8262054157062,-0.8280178598288034,1.0
home_2ms,14,,raw,coherent_cross,tx1,odd,0.5,5,6,80.85197833335054,-0.8280178598288034,1.0
home_2ms,14,,raw,coherent_cross,tx1,odd,1.0,6,7,-84.42369630875099,1.361796556426581,1.0
home_2ms,14,,raw,coherent_cross,tx3,all,-1.0,5,6,60.272231473393326,-0.23551255219576422,0.9999999999999998
home_2ms,14,,raw,coherent_cross,tx3,all,-0.5,5,6,60.34238887670205,-0.23551255219576422,0.9999999999999998
home_2ms,14,,raw,coherent_cross,tx3,all,0.0,5,6,60.41264424821315,-0.23551255219576422,0.9999999999999998
home_2ms,14,,raw,coherent_cross,tx3,all,0.5,5,6,60.482997581569485,-0.23551255219576422,0.9999999999999998
home_2ms,14,,raw,coherent_cross,tx3,all,1.0,6,7,-84.47356387861667,1.3741622632506036,1.0
home_2ms,14,,raw,coherent_cross,tx3,even,-1.0,5,6,85.64745930850613,-1.7669248840078389,1.0
home_2ms,14,,raw,coherent_cross,tx3,even,-0.5,5,6,85.65977995950044,-1.7669248840078389,1.0
home_2ms,14,,raw,coherent_cross,tx3,even,0.0,5,6,85.67210101266484,-1.7669248840078389,1.0
home_2ms,14,,raw,coherent_cross,tx3,even,0.5,5,6,85.68442246687944,-1.7669248840078389,1.0
home_2ms,14,,raw,coherent_cross,tx3,even,1.0,6,7,87.27233078228387,-2.790698679058482,0.9999999999999999
home_2ms,14,,raw,coherent_cross,tx3,odd,-1.0,5,6,81.76850938949522,-0.9296437415543009,0.9999999999999999
home_2ms,14,,raw,coherent_cross,tx3,odd,-0.5,5,6,81.79158042805086,-0.9296437415543009,0.9999999999999999
home_2ms,14,,raw,coherent_cross,tx3,odd,0.0,5,6,81.81465414709868,-0.9296437415543009,0.9999999999999999
home_2ms,14,,raw,coherent_cross,tx3,odd,0.5,5,6,81.83773053962051,-0.9296437415543009,0.9999999999999999
home_2ms,14,,raw,coherent_cross,tx3,odd,1.0,6,7,-76.59314778522564,0.5577979708777466,1.0000000000000002
home_2ms,14,,raw,coherent_cross,fused,all,-1.0,5,6,-81.51414006336364,0.9013838591888257,0.6157426804139434
home_2ms,14,,raw,coherent_cross,fused,all,-0.5,5,6,-81.53790348113752,0.9013838591888257,0.6157426804139434
home_2ms,14,,raw,coherent_cross,fused,all,0.0,5,6,-81.56166983188379,0.9013838591888257,0.6157426804139434
home_2ms,14,,raw,coherent_cross,fused,all,0.5,5,6,-81.58543910796556,0.9013838591888257,0.6157426804139434
home_2ms,14,,raw,coherent_cross,fused,all,1.0,6,7,-84.25292806050862,1.3210715955477776,0.9992485514840076
home_2ms,14,,raw,coherent_cross,fused,even,-1.0,5,6,86.63358627815462,-2.28628217208954,0.16039703268406855
home_2ms,14,,raw,coherent_cross,fused,even,-0.5,5,6,86.64313021629253,-2.28628217208954,0.16039703268406855
home_2ms,14,,raw,coherent_cross,fused,even,0.0,5,6,86.65267434093104,-2.28628217208954,0.16039703268406855
home_2ms,14,,raw,coherent_cross,fused,even,0.5,5,6,86.66221865154597,-2.28628217208954,0.16039703268406855
home_2ms,14,,raw,coherent_cross,fused,even,1.0,6,7,-86.09812833386381,1.9493410919451561,0.45585766200142647
home_2ms,14,,raw,coherent_cross,fused,odd,-1.0,5,6,81.28629484965552,-0.8774616183121898,0.998710236388123
home_2ms,14,,raw,coherent_cross,fused,odd,-0.5,5,6,81.31067686692735,-0.8774616183121898,0.998710236388123
home_2ms,14,,raw,coherent_cross,fused,odd,0.0,5,6,81.335062056059,-0.8774616183121898,0.998710236388123
home_2ms,14,,raw,coherent_cross,fused,odd,0.5,5,6,81.35945040883358,-0.8774616183121898,0.998710236388123
home_2ms,14,,raw,coherent_cross,fused,odd,1.0,6,7,-81.86513352481987,0.9301445841972175,0.9206853335106452
home_2ms,14,,mti,loop_cross,tx1,all,-1.0,5,6,49.217695380308946,-0.15590004319551953,0.6473575207372877
home_2ms,14,,mti,loop_cross,tx1,all,-0.5,5,6,49.29831693928097,-0.15590004319551953,0.6473575207372877
home_2ms,14,,mti,loop_cross,tx1,all,0.0,5,6,49.37913413698107,-0.15590004319551953,0.6473575207372877
home_2ms,14,,mti,loop_cross,tx1,all,0.5,5,6,49.46014736363085,-0.15590004319551953,0.6473575207372877
home_2ms,14,,mti,loop_cross,tx1,all,1.0,6,7,-49.18068998576102,0.1539269310194513,0.7555194701627053
home_2ms,14,,mti,loop_cross,tx1,even,-1.0,5,6,59.05677479637773,-0.2243243434078051,0.6132550321333553
home_2ms,14,,mti,loop_cross,tx1,even,-0.5,5,6,59.128628777975884,-0.2243243434078051,0.6132550321333553
home_2ms,14,,mti,loop_cross,tx1,even,0.0,5,6,59.20059065998336,-0.2243243434078051,0.6132550321333553
home_2ms,14,,mti,loop_cross,tx1,even,0.5,5,6,59.272660458081475,-0.2243243434078051,0.6132550321333553
home_2ms,14,,mti,loop_cross,tx1,even,1.0,6,7,-36.823522525602826,0.0995494922438321,0.6435681769118278
home_2ms,14,,mti,loop_cross,tx1,odd,-1.0,5,6,30.544752986576924,-0.07935945753655195,0.6943942874110475
home_2ms,14,,mti,loop_cross,tx1,odd,-0.5,5,6,30.616163011524204,-0.07935945753655195,0.6943942874110475
home_2ms,14,,mti,loop_cross,tx1,odd,0.0,5,6,30.687875100504403,-0.07935945753655195,0.6943942874110475
home_2ms,14,,mti,loop_cross,tx1,odd,0.5,5,6,30.759890948063013,-0.07935945753655195,0.6943942874110475
home_2ms,14,,mti,loop_cross,tx1,odd,1.0,6,7,-56.845909029232075,0.20353491596404996,0.9008096293621503
home_2ms,14,,mti,loop_cross,tx3,all,-1.0,5,6,60.107222144094926,-0.23394535155331733,0.5790030354645846
home_2ms,14,,mti,loop_cross,tx3,all,-0.5,5,6,60.17761733535691,-0.23394535155331733,0.5790030354645846
home_2ms,14,,mti,loop_cross,tx3,all,0.0,5,6,60.24811182219087,-0.23394535155331733,0.5790030354645846
home_2ms,14,,mti,loop_cross,tx3,all,0.5,5,6,60.318705600957294,-0.23394535155331733,0.5790030354645846
home_2ms,14,,mti,loop_cross,tx3,all,1.0,6,7,66.3344740156582,-0.30337969190430536,0.8036842766932577
home_2ms,14,,mti,loop_cross,tx3,even,-1.0,5,6,-77.43531883657852,0.6033996035933532,0.7226544398167384
home_2ms,14,,mti,loop_cross,tx3,even,-0.5,5,6,-77.46989300176926,0.6033996035933532,0.7226544398167384
home_2ms,14,,mti,loop_cross,tx3,even,0.0,5,6,-77.50447644297005,0.6033996035933532,0.7226544398167384
home_2ms,14,,mti,loop_cross,tx3,even,0.5,5,6,-77.53906913870489,0.6033996035933532,0.7226544398167384
home_2ms,14,,mti,loop_cross,tx3,even,1.0,6,7,76.61471932392357,-0.5587305544757664,0.8709691291471517
home_2ms,14,,mti,loop_cross,tx3,odd,-1.0,5,6,81.94564649701866,-0.9503701226517691,0.908003841485272
home_2ms,14,,mti,loop_cross,tx3,odd,-0.5,5,6,81.96823430495907,-0.9503701226517691,0.908003841485272
home_2ms,14,,mti,loop_cross,tx3,odd,0.0,5,6,81.9908246262327,-0.9503701226517691,0.908003841485272
home_2ms,14,,mti,loop_cross,tx3,odd,0.5,5,6,82.0134174542344,-0.9503701226517691,0.908003841485272
home_2ms,14,,mti,loop_cross,tx3,odd,1.0,6,7,3.319290335166002,-0.007711149684014382,0.7970526250043695
home_2ms,14,,mti,loop_cross,fused,all,-1.0,5,6,54.95108534163024,-0.19171636151629326,0.6136219151284114
home_2ms,14,,mti,loop_cross,fused,all,-0.5,5,6,55.02769973870772,-0.19171636151629326,0.6136219151284114
home_2ms,14,,mti,loop_cross,fused,all,0.0,5,6,55.10445772469428,-0.19171636151629326,0.6136219151284114
home_2ms,14,,mti,loop_cross,fused,all,0.5,5,6,55.18135942733829,-0.19171636151629326,0.6136219151284114
home_2ms,14,,mti,loop_cross,fused,all,1.0,6,7,33.82873534167568,-0.08910336212312536,0.7601153089712319
home_2ms,14,,mti,loop_cross,fused,even,-1.0,5,6,-56.183039378498755,0.20076316801504296,0.6087735593926625
home_2ms,14,,mti,loop_cross,fused,even,-0.5,5,6,-56.258386221063844,0.20076316801504296,0.6087735593926625
home_2ms,14,,mti,loop_cross,fused,even,0.0,5,6,-56.33386566739143,0.20076316801504296,0.6087735593926625
home_2ms,14,,mti,loop_cross,fused,even,0.5,5,6,-56.40947780517235,0.20076316801504296,0.6087735593926625
home_2ms,14,,mti,loop_cross,fused,even,1.0,6,7,64.31619624574441,-0.2764636226371755,0.7159975803343506
home_2ms,14,,mti,loop_cross,fused,odd,-1.0,5,6,76.96566573382252,-0.580931395833621,0.7288801010123597
home_2ms,14,,mti,loop_cross,fused,odd,-0.5,5,6,77.00144395252988,-0.580931395833621,0.7288801010123597
home_2ms,14,,mti,loop_cross,fused,odd,0.0,5,6,77.03723248896638,-0.580931395833621,0.7288801010123597
home_2ms,14,,mti,loop_cross,fused,odd,0.5,5,6,77.07303131965722,-0.580931395833621,0.7288801010123597
home_2ms,14,,mti,loop_cross,fused,odd,1.0,6,7,-35.74446264385773,0.09569563346700233,0.8399764542279392
home_2ms,14,,mti,coherent_cross,tx1,all,-1.0,5,6,85.06835623574219,-1.5585882781671536,1.0
home_2ms,14,,mti,coherent_cross,tx1,all,-0.5,5,6,85.08230094628895,-1.5585882781671536,1.0
home_2ms,14,,mti,coherent_cross,tx1,all,0.0,5,6,85.09624624088862,-1.5585882781671536,1.0
home_2ms,14,,mti,coherent_cross,tx1,all,0.5,5,6,85.11019211792548,-1.5585882781671536,1.0
home_2ms,14,,mti,coherent_cross,tx1,all,1.0,6,7,-81.03637990344392,0.8429192905196845,1.0
home_2ms,14,,mti,coherent_cross,tx1,even,-1.0,5,6,-84.18699577592336,1.3210009523529371,0.9999999999999999
home_2ms,14,,mti,coherent_cross,tx1,even,-0.5,5,6,-84.20340109933471,1.3210009523529371,0.9999999999999999
home_2ms,14,,mti,coherent_cross,tx1,even,0.0,5,6,-84.21980737650381,1.3210009523529371,0.9999999999999999
home_2ms,14,,mti,coherent_cross,tx1,even,0.5,5,6,-84.23621460482318,1.3210009523529371,0.9999999999999999
home_2ms,14,,mti,coherent_cross,tx1,even,1.0,6,7,39.846134192177026,-0.11095685401339787,1.0
home_2ms,14,,mti,coherent_cross,tx1,odd,-1.0,5,6,85.49668822099818,-1.7075359935789411,0.9999999999999998
home_2ms,14,,mti,coherent_cross,tx1,odd,-0.5,5,6,85.50943220985486,-1.7075359935789411,0.9999999999999998
home_2ms,14,,mti,coherent_cross,tx1,odd,0.0,5,6,85.52217664396001,-1.7075359935789411,0.9999999999999998
home_2ms,14,,mti,coherent_cross,tx1,odd,0.5,5,6,85.53492152207582,-1.7075359935789411,0.9999999999999998
home_2ms,14,,mti,coherent_cross,tx1,odd,1.0,6,7,-81.8948495196286,0.9336009619020335,1.0
home_2ms,14,,mti,coherent_cross,tx3,all,-1.0,5,6,-41.06109240853918,0.11715828340470193,1.0
home_2ms,14,,mti,coherent_cross,tx3,all,-0.5,5,6,-41.14185909941024,0.11715828340470193,1.0
home_2ms,14,,mti,coherent_cross,tx3,all,0.0,5,6,-41.22288727205378,0.11715828340470193,1.0
home_2ms,14,,mti,coherent_cross,tx3,all,0.5,5,6,-41.30417787265868,0.11715828340470193,1.0
home_2ms,14,,mti,coherent_cross,tx3,all,1.0,6,7,-70.44104994860153,0.3742340768555112,1.0000000000000002
home_2ms,14,,mti,coherent_cross,tx3,even,-1.0,5,6,-87.05300366046491,2.6123698168994407,1.0000000000000002
home_2ms,14,,mti,coherent_cross,tx3,even,-0.5,5,6,-87.06136300951141,2.6123698168994407,1.0000000000000002
home_2ms,14,,mti,coherent_cross,tx3,even,0.0,5,6,-87.06972248377485,2.6123698168994407,1.0000000000000002
home_2ms,14,,mti,coherent_cross,tx3,even,0.5,5,6,-87.07808208290217,2.6123698168994407,1.0000000000000002
home_2ms,14,,mti,coherent_cross,tx3,even,1.0,6,7,86.41136605654009,-2.119997421285127,0.9999999999999998
home_2ms,14,,mti,coherent_cross,tx3,odd,-1.0,5,6,-85.39055217829798,1.6680543693586196,1.0
home_2ms,14,,mti,coherent_cross,tx3,odd,-0.5,5,6,-85.40359396778607,1.6680543693586196,1.0
home_2ms,14,,mti,coherent_cross,tx3,odd,0.0,5,6,-85.4166362346126,1.6680543693586196,1.0
home_2ms,14,,mti,coherent_cross,tx3,odd,0.5,5,6,-85.42967897745216,1.6680543693586196,1.0
home_2ms,14,,mti,coherent_cross,tx3,odd,1.0,6,7,-73.93844715737593,0.4618021883579581,0.9999999999999999
home_2ms,14,,mti,coherent_cross,fused,all,-1.0,5,6,81.32706835398704,-0.8816509226681651,0.6778037171669631
home_2ms,14,,mti,coherent_cross,fused,all,-0.5,5,6,81.35133978295814,-0.8816509226681651,0.6778037171669631
home_2ms,14,,mti,coherent_cross,fused,all,0.0,5,6,81.37561434014242,-0.8816509226681651,0.6778037171669631
home_2ms,14,,mti,coherent_cross,fused,all,0.5,5,6,81.39989201742861,-0.8816509226681651,0.6778037171669631
home_2ms,14,,mti,coherent_cross,fused,all,1.0,6,7,-78.23792212779396,0.6385389155423493,0.9731039627969205
home_2ms,14,,mti,coherent_cross,fused,even,-1.0,5,6,-86.3571777381229,2.1123882874680016,0.8072415531475261
home_2ms,14,,mti,coherent_cross,fused,even,-0.5,5,6,-86.36750125786058,2.1123882874680016,0.8072415531475261
home_2ms,14,,mti,coherent_cross,fused,even,0.0,5,6,-86.37782501377558,2.1123882874680016,0.8072415531475261
home_2ms,14,,mti,coherent_cross,fused,even,0.5,5,6,-86.38814900520559,2.1123882874680016,0.8072415531475261
home_2ms,14,,mti,coherent_cross,fused,even,1.0,6,7,81.40109631327098,-0.8792491164416593,0.55181839272585
home_2ms,14,,mti,coherent_cross,fused,odd,-1.0,5,6,86.58919522273278,-2.256457547223032,0.18895320876438712
home_2ms,14,,mti,coherent_cross,fused,odd,-0.5,5,6,86.59886442275362,-2.256457547223032,0.18895320876438712
home_2ms,14,,mti,coherent_cross,fused,odd,0.0,5,6,86.60853381673303,-2.256457547223032,0.18895320876438712
home_2ms,14,,mti,coherent_cross,fused,odd,0.5,5,6,86.61820340412608,-2.256457547223032,0.18895320876438712
home_2ms,14,,mti,coherent_cross,fused,odd,1.0,6,7,-78.39828965352159,0.6476164780860137,0.9735253292897016
home_2ms,15,,raw,loop_cross,tx1,all,-1.0,4,5,74.05449498138096,-0.45218854458415353,0.14821644821477079
home_2ms,15,,raw,loop_cross,tx1,all,-0.5,4,5,74.05449498138096,-0.45218854458415353,0.14821644821477079
home_2ms,15,,raw,loop_cross,tx1,all,0.0,5,6,-50.69684707617128,0.1578309724456151,0.15978476670920155
home_2ms,15,,raw,loop_cross,tx1,all,0.5,5,6,-50.69684707617128,0.1578309724456151,0.15978476670920155
home_2ms,15,,raw,loop_cross,tx1,all,1.0,5,6,-50.69684707617128,0.1578309724456151,0.15978476670920155
home_2ms,15,,raw,loop_cross,tx1,even,-1.0,4,5,56.61392000666425,-0.19604215474825068,0.2855136815811569
home_2ms,15,,raw,loop_cross,tx1,even,-0.5,4,5,56.61392000666425,-0.19604215474825068,0.2855136815811569
home_2ms,15,,raw,loop_cross,tx1,even,0.0,5,6,82.41567792220184,-0.9703166625234788,0.5787744031009961
home_2ms,15,,raw,loop_cross,tx1,even,0.5,5,6,82.41567792220184,-0.9703166625234788,0.5787744031009961
home_2ms,15,,raw,loop_cross,tx1,even,1.0,5,6,82.41567792220184,-0.9703166625234788,0.5787744031009961
home_2ms,15,,raw,loop_cross,tx1,odd,-1.0,4,5,86.21287126479737,-1.9517945202254297,0.08073169209775814
home_2ms,15,,raw,loop_cross,tx1,odd,-0.5,4,5,86.21287126479737,-1.9517945202254297,0.08073169209775814
home_2ms,15,,raw,loop_cross,tx1,odd,0.0,5,6,-85.32480237535461,1.5798357346863827,0.5074442890450219
home_2ms,15,,raw,loop_cross,tx1,odd,0.5,5,6,-85.32480237535461,1.5798357346863827,0.5074442890450219
home_2ms,15,,raw,loop_cross,tx1,odd,1.0,5,6,-85.32480237535461,1.5798357346863827,0.5074442890450219
home_2ms,15,,raw,loop_cross,tx3,all,-1.0,4,5,35.80901258345125,-0.09321118738457893,0.7386731535453058
home_2ms,15,,raw,loop_cross,tx3,all,-0.5,4,5,35.80901258345125,-0.09321118738457893,0.7386731535453058
home_2ms,15,,raw,loop_cross,tx3,all,0.0,5,6,-84.62351311490765,1.3727812489065117,0.45155674986824273
home_2ms,15,,raw,loop_cross,tx3,all,0.5,5,6,-84.62351311490765,1.3727812489065117,0.45155674986824273
home_2ms,15,,raw,loop_cross,tx3,all,1.0,5,6,-84.62351311490765,1.3727812489065117,0.45155674986824273
home_2ms,15,,raw,loop_cross,tx3,even,-1.0,4,5,3.9482117744413165,-0.008917038195285347,0.7686901841755349
home_2ms,15,,raw,loop_cross,tx3,even,-0.5,4,5,3.9482117744413165,-0.008917038195285347,0.7686901841755349
home_2ms,15,,raw,loop_cross,tx3,even,0.0,5,6,-82.19465225627206,0.9425116528056664,0.6229517051139353
home_2ms,15,,raw,loop_cross,tx3,even,0.5,5,6,-82.19465225627206,0.9425116528056664,0.6229517051139353
home_2ms,15,,raw,loop_cross,tx3,even,1.0,5,6,-82.19465225627206,0.9425116528056664,0.6229517051139353
home_2ms,15,,raw,loop_cross,tx3,odd,-1.0,4,5,54.510401504931004,-0.18119800837388045,0.7149498586690128
home_2ms,15,,raw,loop_cross,tx3,odd,-0.5,4,5,54.510401504931004,-0.18119800837388045,0.7149498586690128
home_2ms,15,,raw,loop_cross,tx3,odd,0.0,5,6,-86.45841928596204,2.087500205470409,0.4323714715385331
home_2ms,15,,raw,loop_cross,tx3,odd,0.5,5,6,-86.45841928596204,2.087500205470409,0.4323714715385331
home_2ms,15,,raw,loop_cross,tx3,odd,1.0,5,6,-86.45841928596204,2.087500205470409,0.4323714715385331
home_2ms,15,,raw,loop_cross,fused,all,-1.0,4,5,48.84090619956125,-0.14779406822558114,0.45399738753377145
home_2ms,15,,raw,loop_cross,fused,all,-0.5,4,5,48.84090619956125,-0.14779406822558114,0.45399738753377145
home_2ms,15,,raw,loop_cross,fused,all,0.0,5,6,-82.49653015617,0.9808946097807176,0.2335158701567858
home_2ms,15,,raw,loop_cross,fused,all,0.5,5,6,-82.49653015617,0.9808946097807176,0.2335158701567858
home_2ms,15,,raw,loop_cross,fused,all,1.0,5,6,-82.49653015617,0.9808946097807176,0.2335158701567858
home_2ms,15,,raw,loop_cross,fused,even,-1.0,4,5,24.318741363418255,-0.058385863030554305,0.5289504222914295
home_2ms,15,,raw,loop_cross,fused,even,-0.5,4,5,24.318741363418255,-0.058385863030554305,0.5289504222914295
home_2ms,15,,raw,loop_cross,fused,even,0.0,5,6,55.539949233871134,-0.18826483659420254,0.34963001784037145
home_2ms,15,,raw,loop_cross,fused,even,0.5,5,6,55.539949233871134,-0.18826483659420254,0.34963001784037145
home_2ms,15,,raw,loop_cross,fused,even,1.0,5,6,55.539949233871134,-0.18826483659420254,0.34963001784037145
home_2ms,15,,raw,loop_cross,fused,odd,-1.0,4,5,64.94305563971207,-0.27634787222352897,0.3816815994090462
home_2ms,15,,raw,loop_cross,fused,odd,-0.5,4,5,64.94305563971207,-0.27634787222352897,0.3816815994090462
home_2ms,15,,raw,loop_cross,fused,odd,0.0,5,6,-85.79415599979973,1.7568839682024797,0.46428237757261254
home_2ms,15,,raw,loop_cross,fused,odd,0.5,5,6,-85.79415599979973,1.7568839682024797,0.46428237757261254
home_2ms,15,,raw,loop_cross,fused,odd,1.0,5,6,-85.79415599979973,1.7568839682024797,0.46428237757261254
home_2ms,15,,raw,coherent_cross,tx1,all,-1.0,4,5,-82.29918092738629,0.955463620876776,1.0000000000000002
home_2ms,15,,raw,coherent_cross,tx1,all,-0.5,4,5,-82.29918092738629,0.955463620876776,1.0000000000000002
home_2ms,15,,raw,coherent_cross,tx1,all,0.0,5,6,-80.28601036217042,0.7547278152115354,1.0000000000000002
home_2ms,15,,raw,coherent_cross,tx1,all,0.5,5,6,-80.28601036217042,0.7547278152115354,1.0000000000000002
home_2ms,15,,raw,coherent_cross,tx1,all,1.0,5,6,-80.28601036217042,0.7547278152115354,1.0000000000000002
home_2ms,15,,raw,coherent_cross,tx1,even,-1.0,4,5,-82.11353460497665,0.932695660720256,1.0000000000000002
home_2ms,15,,raw,coherent_cross,tx1,even,-0.5,4,5,-82.11353460497665,0.932695660720256,1.0000000000000002
home_2ms,15,,raw,coherent_cross,tx1,even,0.0,5,6,67.37539983973592,-0.3100022145041272,1.0000000000000002
home_2ms,15,,raw,coherent_cross,tx1,even,0.5,5,6,67.37539983973592,-0.3100022145041272,1.0000000000000002
home_2ms,15,,raw,coherent_cross,tx1,even,1.0,5,6,67.37539983973592,-0.3100022145041272,1.0000000000000002
home_2ms,15,,raw,coherent_cross,tx1,odd,-1.0,4,5,-63.31122208360399,0.2570063413638453,1.0000000000000002
home_2ms,15,,raw,coherent_cross,tx1,odd,-0.5,4,5,-63.31122208360399,0.2570063413638453,1.0000000000000002
home_2ms,15,,raw,coherent_cross,tx1,odd,0.0,5,6,76.45218227444501,-0.5361752655409181,1.0000000000000002
home_2ms,15,,raw,coherent_cross,tx1,odd,0.5,5,6,76.45218227444501,-0.5361752655409181,1.0000000000000002
home_2ms,15,,raw,coherent_cross,tx1,odd,1.0,5,6,76.45218227444501,-0.5361752655409181,1.0000000000000002
home_2ms,15,,raw,coherent_cross,tx3,all,-1.0,4,5,85.45102174107993,-1.6238635851750562,1.0000000000000002
home_2ms,15,,raw,coherent_cross,tx3,all,-0.5,4,5,85.45102174107993,-1.6238635851750562,1.0000000000000002
home_2ms,15,,raw,coherent_cross,tx3,all,0.0,5,6,-86.09143411113999,1.8909734308254855,0.9999999999999999
home_2ms,15,,raw,coherent_cross,tx3,all,0.5,5,6,-86.09143411113999,1.8909734308254855,0.9999999999999999
home_2ms,15,,raw,coherent_cross,tx3,all,1.0,5,6,-86.09143411113999,1.8909734308254855,0.9999999999999999
home_2ms,15,,raw,coherent_cross,tx3,even,-1.0,4,5,85.35714269975148,-1.5908890803043703,1.0
home_2ms,15,,raw,coherent_cross,tx3,even,-0.5,4,5,85.35714269975148,-1.5908890803043703,1.0
home_2ms,15,,raw,coherent_cross,tx3,even,0.0,5,6,-85.12133440341846,1.5136478719399882,1.0
home_2ms,15,,raw,coherent_cross,tx3,even,0.5,5,6,-85.12133440341846,1.5136478719399882,1.0
home_2ms,15,,raw,coherent_cross,tx3,even,1.0,5,6,-85.12133440341846,1.5136478719399882,1.0
home_2ms,15,,raw,coherent_cross,tx3,odd,-1.0,4,5,85.39551976755403,-1.604206682653081,1.0000000000000002
home_2ms,15,,raw,coherent_cross,tx3,odd,-0.5,4,5,85.39551976755403,-1.604206682653081,1.0000000000000002
home_2ms,15,,raw,coherent_cross,tx3,odd,0.0,5,6,85.25269961591567,-1.5557332714326548,1.0
home_2ms,15,,raw,coherent_cross,tx3,odd,0.5,5,6,85.25269961591567,-1.5557332714326548,1.0
home_2ms,15,,raw,coherent_cross,tx3,odd,1.0,5,6,85.25269961591567,-1.5557332714326548,1.0
home_2ms,15,,raw,coherent_cross,fused,all,-1.0,4,5,-66.31765292748504,0.29456703653279315,0.34305156087083755
home_2ms,15,,raw,coherent_cross,fused,all,-0.5,4,5,-66.31765292748504,0.29456703653279315,0.34305156087083755
home_2ms,15,,raw,coherent_cross,fused,all,0.0,5,6,-83.58821505252105,1.1496882791159888,0.8557097720298493
home_2ms,15,,raw,coherent_cross,fused,all,0.5,5,6,-83.58821505252105,1.1496882791159888,0.8557097720298493
home_2ms,15,,raw,coherent_cross,fused,all,1.0,5,6,-83.58821505252105,1.1496882791159888,0.8557097720298493
home_2ms,15,,raw,coherent_cross,fused,even,-1.0,4,5,22.22163513842767,-0.05278150690842364,0.3161004877586531
home_2ms,15,,raw,coherent_cross,fused,even,-0.5,4,5,22.22163513842767,-0.05278150690842364,0.3161004877586531
home_2ms,15,,raw,coherent_cross,fused,even,0.0,5,6,-50.03760477491781,0.1541771639606753,0.6792292139561413
home_2ms,15,,raw,coherent_cross,fused,even,0.5,5,6,-50.03760477491781,0.1541771639606753,0.6792292139561413
home_2ms,15,,raw,coherent_cross,fused,even,1.0,5,6,-50.03760477491781,0.1541771639606753,0.6792292139561413
home_2ms,15,,raw,coherent_cross,fused,odd,-1.0,4,5,67.97917725642824,-0.3194411319803615,0.6368729944173974
home_2ms,15,,raw,coherent_cross,fused,odd,-0.5,4,5,67.97917725642824,-0.3194411319803615,0.6368729944173974
home_2ms,15,,raw,coherent_cross,fused,odd,0.0,5,6,81.96586249539013,-0.9153316527337731,0.8803521010602562
home_2ms,15,,raw,coherent_cross,fused,odd,0.5,5,6,81.96586249539013,-0.9153316527337731,0.8803521010602562
home_2ms,15,,raw,coherent_cross,fused,odd,1.0,5,6,81.96586249539013,-0.9153316527337731,0.8803521010602562
home_2ms,15,,mti,loop_cross,tx1,all,-1.0,4,5,-52.7184610505376,0.16970957693198852,0.6929444079603841
home_2ms,15,,mti,loop_cross,tx1,all,-0.5,4,5,-52.7184610505376,0.16970957693198852,0.6929444079603841
home_2ms,15,,mti,loop_cross,tx1,all,0.0,5,6,65.96696394448085,-0.2897329830926807,0.7076046512177401
home_2ms,15,,mti,loop_cross,tx1,all,0.5,5,6,65.96696394448085,-0.2897329830926807,0.7076046512177401
home_2ms,15,,mti,loop_cross,tx1,all,1.0,5,6,65.96696394448085,-0.2897329830926807,0.7076046512177401
home_2ms,15,,mti,loop_cross,tx1,even,-1.0,4,5,-75.12301094777523,0.4863464693654371,0.6208784566706056
home_2ms,15,,mti,loop_cross,tx1,even,-0.5,4,5,-75.12301094777523,0.4863464693654371,0.6208784566706056
home_2ms,15,,mti,loop_cross,tx1,even,0.0,5,6,70.85357925367582,-0.3721252387227556,0.74754608100015
home_2ms,15,,mti,loop_cross,tx1,even,0.5,5,6,70.85357925367582,-0.3721252387227556,0.74754608100015
home_2ms,15,,mti,loop_cross,tx1,even,1.0,5,6,70.85357925367582,-0.3721252387227556,0.74754608100015
home_2ms,15,,mti,loop_cross,tx1,odd,-1.0,4,5,44.850411534436255,-0.12852479229904254,0.866817337397911
home_2ms,15,,mti,loop_cross,tx1,odd,-0.5,4,5,44.850411534436255,-0.12852479229904254,0.866817337397911
home_2ms,15,,mti,loop_cross,tx1,odd,0.0,5,6,55.12403689640445,-0.1853661756924486,0.6688776472367846
home_2ms,15,,mti,loop_cross,tx1,odd,0.5,5,6,55.12403689640445,-0.1853661756924486,0.6688776472367846
home_2ms,15,,mti,loop_cross,tx1,odd,1.0,5,6,55.12403689640445,-0.1853661756924486,0.6688776472367846
home_2ms,15,,mti,loop_cross,tx3,all,-1.0,4,5,40.28453496647231,-0.1095076430420984,0.8116504306662204
home_2ms,15,,mti,loop_cross,tx3,all,-0.5,4,5,40.28453496647231,-0.1095076430420984,0.8116504306662204
home_2ms,15,,mti,loop_cross,tx3,all,0.0,5,6,80.00954681985938,-0.7334309282714125,0.6258233612778622
home_2ms,15,,mti,loop_cross,tx3,all,0.5,5,6,80.00954681985938,-0.7334309282714125,0.6258233612778622
home_2ms,15,,mti,loop_cross,tx3,all,1.0,5,6,80.00954681985938,-0.7334309282714125,0.6258233612778622
home_2ms,15,,mti,loop_cross,tx3,even,-1.0,4,5,-45.375679162258834,0.13090312170237783,0.8531006656743836
home_2ms,15,,mti,loop_cross,tx3,even,-0.5,4,5,-45.375679162258834,0.13090312170237783,0.8531006656743836
home_2ms,15,,mti,loop_cross,tx3,even,0.0,5,6,79.56684397684535,-0.7016556035559083,0.5861622985119499
home_2ms,15,,mti,loop_cross,tx3,even,0.5,5,6,79.56684397684535,-0.7016556035559083,0.5861622985119499
home_2ms,15,,mti,loop_cross,tx3,even,1.0,5,6,79.56684397684535,-0.7016556035559083,0.5861622985119499
home_2ms,15,,mti,loop_cross,tx3,odd,-1.0,4,5,71.71593013683152,-0.39102228163070185,0.8250403694924957
home_2ms,15,,mti,loop_cross,tx3,odd,-0.5,4,5,71.71593013683152,-0.39102228163070185,0.8250403694924957
home_2ms,15,,mti,loop_cross,tx3,odd,0.0,5,6,80.44553146117832,-0.7675714491009041,0.6757051955550385
home_2ms,15,,mti,loop_cross,tx3,odd,0.5,5,6,80.44553146117832,-0.7675714491009041,0.6757051955550385
home_2ms,15,,mti,loop_cross,tx3,odd,1.0,5,6,80.44553146117832,-0.7675714491009041,0.6757051955550385
home_2ms,15,,mti,loop_cross,fused,all,-1.0,4,5,-10.313401204034372,0.023510411882634988,0.7431066158685402
home_2ms,15,,mti,loop_cross,fused,all,-0.5,4,5,-10.313401204034372,0.023510411882634988,0.7431066158685402
home_2ms,15,,mti,loop_cross,fused,all,0.0,5,6,75.4139263249383,-0.4964921409398806,0.6506716320169853
home_2ms,15,,mti,loop_cross,fused,all,0.5,5,6,75.4139263249383,-0.4964921409398806,0.6506716320169853
home_2ms,15,,mti,loop_cross,fused,all,1.0,5,6,75.4139263249383,-0.4964921409398806,0.6506716320169853
home_2ms,15,,mti,loop_cross,fused,even,-1.0,4,5,-66.14541616568616,0.292176125730854,0.7178295912105386
home_2ms,15,,mti,loop_cross,fused,even,-0.5,4,5,-66.14541616568616,0.292176125730854,0.7178295912105386
home_2ms,15,,mti,loop_cross,fused,even,0.0,5,6,76.02665506565671,-0.5192124039055197,0.6567423356361998
home_2ms,15,,mti,loop_cross,fused,even,0.5,5,6,76.02665506565671,-0.5192124039055197,0.6567423356361998
home_2ms,15,,mti,loop_cross,fused,even,1.0,5,6,76.02665506565671,-0.5192124039055197,0.6567423356361998
home_2ms,15,,mti,loop_cross,fused,odd,-1.0,4,5,63.39006745223318,-0.2578900879008568,0.8384387401977259
home_2ms,15,,mti,loop_cross,fused,odd,-0.5,4,5,63.39006745223318,-0.2578900879008568,0.8384387401977259
home_2ms,15,,mti,loop_cross,fused,odd,0.0,5,6,74.60017788294465,-0.4690548290027545,0.6439269537313227
home_2ms,15,,mti,loop_cross,fused,odd,0.5,5,6,74.60017788294465,-0.4690548290027545,0.6439269537313227
home_2ms,15,,mti,loop_cross,fused,odd,1.0,5,6,74.60017788294465,-0.4690548290027545,0.6439269537313227
home_2ms,15,,mti,coherent_cross,tx1,all,-1.0,4,5,-81.26731715128675,0.8411013799965337,1.0
home_2ms,15,,mti,coherent_cross,tx1,all,-0.5,4,5,-81.26731715128675,0.8411013799965337,1.0
home_2ms,15,,mti,coherent_cross,tx1,all,0.0,5,6,-85.62952516423279,1.6904611325346748,1.0
home_2ms,15,,mti,coherent_cross,tx1,all,0.5,5,6,-85.62952516423279,1.6904611325346748,1.0
home_2ms,15,,mti,coherent_cross,tx1,all,1.0,5,6,-85.62952516423279,1.6904611325346748,1.0
home_2ms,15,,mti,coherent_cross,tx1,even,-1.0,4,5,-80.49834583151697,0.7719178589334771,1.0
home_2ms,15,,mti,coherent_cross,tx1,even,-0.5,4,5,-80.49834583151697,0.7719178589334771,1.0
home_2ms,15,,mti,coherent_cross,tx1,even,0.0,5,6,85.10544752034095,-1.508710962075933,1.0000000000000002
home_2ms,15,,mti,coherent_cross,tx1,even,0.5,5,6,85.10544752034095,-1.508710962075933,1.0000000000000002
home_2ms,15,,mti,coherent_cross,tx1,even,1.0,5,6,85.10544752034095,-1.508710962075933,1.0000000000000002
home_2ms,15,,mti,coherent_cross,tx1,odd,-1.0,4,5,-64.36218665028248,0.269200236541249,0.9999999999999999
home_2ms,15,,mti,coherent_cross,tx1,odd,-0.5,4,5,-64.36218665028248,0.269200236541249,0.9999999999999999
home_2ms,15,,mti,coherent_cross,tx1,odd,0.0,5,6,76.78354883814144,-0.5501264823709384,1.0
home_2ms,15,,mti,coherent_cross,tx1,odd,0.5,5,6,76.78354883814144,-0.5501264823709384,1.0
home_2ms,15,,mti,coherent_cross,tx1,odd,1.0,5,6,76.78354883814144,-0.5501264823709384,1.0
home_2ms,15,,mti,coherent_cross,tx3,all,-1.0,4,5,85.7791462660449,-1.7506137915134559,1.0000000000000002
home_2ms,15,,mti,coherent_cross,tx3,all,-0.5,4,5,85.7791462660449,-1.7506137915134559,1.0000000000000002
home_2ms,15,,mti,coherent_cross,tx3,all,0.0,5,6,86.13399507445797,-1.9118555864905558,1.0
home_2ms,15,,mti,coherent_cross,tx3,all,0.5,5,6,86.13399507445797,-1.9118555864905558,1.0
home_2ms,15,,mti,coherent_cross,tx3,all,1.0,5,6,86.13399507445797,-1.9118555864905558,1.0
home_2ms,15,,mti,coherent_cross,tx3,even,-1.0,4,5,85.77482470403876,-1.7488167439714746,1.0
home_2ms,15,,mti,coherent_cross,tx3,even,-0.5,4,5,85.77482470403876,-1.7488167439714746,1.0
home_2ms,15,,mti,coherent_cross,tx3,even,0.0,5,6,-85.43873561163078,1.6194711188712374,1.0
home_2ms,15,,mti,coherent_cross,tx3,even,0.5,5,6,-85.43873561163078,1.6194711188712374,1.0
home_2ms,15,,mti,coherent_cross,tx3,even,1.0,5,6,-85.43873561163078,1.6194711188712374,1.0
home_2ms,15,,mti,coherent_cross,tx3,odd,-1.0,4,5,85.38820557868786,-1.6016514555214643,0.9999999999999999
home_2ms,15,,mti,coherent_cross,tx3,odd,-0.5,4,5,85.38820557868786,-1.6016514555214643,0.9999999999999999
home_2ms,15,,mti,coherent_cross,tx3,odd,0.0,5,6,85.22916628535054,-1.548023905457801,1.0000000000000002
home_2ms,15,,mti,coherent_cross,tx3,odd,0.5,5,6,85.22916628535054,-1.548023905457801,1.0000000000000002
home_2ms,15,,mti,coherent_cross,tx3,odd,1.0,5,6,85.22916628535054,-1.548023905457801,1.0000000000000002
home_2ms,15,,mti,coherent_cross,fused,all,-1.0,4,5,-50.99175198396961,0.1594988683995231,0.3322160778182483
home_2ms,15,,mti,coherent_cross,fused,all,-0.5,4,5,-50.99175198396961,0.1594988683995231,0.3322160778182483
home_2ms,15,,mti,coherent_cross,fused,all,0.0,5,6,-87.17390627516734,2.6172084462225147,0.24936522963096183
home_2ms,15,,mti,coherent_cross,fused,all,0.5,5,6,-87.17390627516734,2.6172084462225147,0.24936522963096183
home_2ms,15,,mti,coherent_cross,fused,all,1.0,5,6,-87.17390627516734,2.6172084462225147,0.24936522963096183
home_2ms,15,,mti,coherent_cross,fused,even,-1.0,4,5,60.1410061990596,-0.225054189224226,0.31637858881034625
home_2ms,15,,mti,coherent_cross,fused,even,-0.5,4,5,60.1410061990596,-0.225054189224226,0.31637858881034625
home_2ms,15,,mti,coherent_cross,fused,even,0.0,5,6,84.81028067939376,-1.4224710271851675,0.07224578027400791
home_2ms,15,,mti,coherent_cross,fused,even,0.5,5,6,84.81028067939376,-1.4224710271851675,0.07224578027400791
home_2ms,15,,mti,coherent_cross,fused,even,1.0,5,6,84.81028067939376,-1.4224710271851675,0.07224578027400791
home_2ms,15,,mti,coherent_cross,fused,odd,-1.0,4,5,67.23610638983425,-0.3078920711686871,0.633728542121164
home_2ms,15,,mti,coherent_cross,fused,odd,-0.5,4,5,67.23610638983425,-0.3078920711686871,0.633728542121164
home_2ms,15,,mti,coherent_cross,fused,odd,0.0,5,6,82.01744857894988,-0.9213248533784327,0.8853003891854178
home_2ms,15,,mti,coherent_cross,fused,odd,0.5,5,6,82.01744857894988,-0.9213248533784327,0.8853003891854178
home_2ms,15,,mti,coherent_cross,fused,odd,1.0,5,6,82.01744857894988,-0.9213248533784327,0.8853003891854178
home_2ms,16,,raw,loop_cross,tx1,all,-1.0,6,7,66.80293530270556,-0.31599217645360517,0.7923026564320631
home_2ms,16,,raw,loop_cross,tx1,all,-0.5,6,7,66.80293530270556,-0.31599217645360517,0.7923026564320631
home_2ms,16,,raw,loop_cross,tx1,all,0.0,6,7,66.80293530270556,-0.31599217645360517,0.7923026564320631
home_2ms,16,,raw,loop_cross,tx1,all,0.5,6,7,66.80293530270556,-0.31599217645360517,0.7923026564320631
home_2ms,16,,raw,loop_cross,tx1,all,1.0,7,8,-84.65635632226066,1.4477413755066495,0.30823110867432546
home_2ms,16,,raw,loop_cross,tx1,even,-1.0,6,7,65.5250651583248,-0.2974864731196336,0.8154615939701721
home_2ms,16,,raw,loop_cross,tx1,even,-0.5,6,7,65.5250651583248,-0.2974864731196336,0.8154615939701721
home_2ms,16,,raw,loop_cross,tx1,even,0.0,6,7,65.5250651583248,-0.2974864731196336,0.8154615939701721
home_2ms,16,,raw,loop_cross,tx1,even,0.5,6,7,65.5250651583248,-0.2974864731196336,0.8154615939701721
home_2ms,16,,raw,loop_cross,tx1,even,1.0,7,8,-85.32190617743032,1.65483515786746,0.2656038646869412
home_2ms,16,,raw,loop_cross,tx1,odd,-1.0,6,7,68.00165445725119,-0.33519239106840504,0.7698959708522645
home_2ms,16,,raw,loop_cross,tx1,odd,-0.5,6,7,68.00165445725119,-0.33519239106840504,0.7698959708522645
home_2ms,16,,raw,loop_cross,tx1,odd,0.0,6,7,68.00165445725119,-0.33519239106840504,0.7698959708522645
home_2ms,16,,raw,loop_cross,tx1,odd,0.5,6,7,68.00165445725119,-0.33519239106840504,0.7698959708522645
home_2ms,16,,raw,loop_cross,tx1,odd,1.0,7,8,-83.99376890134134,1.2870436632972524,0.36451321803256564
home_2ms,16,,raw,loop_cross,tx3,all,-1.0,6,7,72.45976177461479,-0.42843294532715676,0.759746681758033
home_2ms,16,,raw,loop_cross,tx3,all,-0.5,6,7,72.45976177461479,-0.42843294532715676,0.759746681758033
home_2ms,16,,raw,loop_cross,tx3,all,0.0,6,7,72.45976177461479,-0.42843294532715676,0.759746681758033
home_2ms,16,,raw,loop_cross,tx3,all,0.5,6,7,72.45976177461479,-0.42843294532715676,0.759746681758033
home_2ms,16,,raw,loop_cross,tx3,all,1.0,7,8,84.55370375015129,-1.4202937309540713,0.8226433469734323
home_2ms,16,,raw,loop_cross,tx3,even,-1.0,6,7,66.09396145584157,-0.3054949701831916,0.7228154920994175
home_2ms,16,,raw,loop_cross,tx3,even,-0.5,6,7,66.09396145584157,-0.3054949701831916,0.7228154920994175
home_2ms,16,,raw,loop_cross,tx3,even,0.0,6,7,66.09396145584157,-0.3054949701831916,0.7228154920994175
home_2ms,16,,raw,loop_cross,tx3,even,0.5,6,7,66.09396145584157,-0.3054949701831916,0.7228154920994175
home_2ms,16,,raw,loop_cross,tx3,even,1.0,7,8,84.14103199127534,-1.319628335146353,0.8796566196602974
home_2ms,16,,raw,loop_cross,tx3,odd,-1.0,6,7,75.61296229048217,-0.5279033932266226,0.8017854194959042
home_2ms,16,,raw,loop_cross,tx3,odd,-0.5,6,7,75.61296229048217,-0.5279033932266226,0.8017854194959042
home_2ms,16,,raw,loop_cross,tx3,odd,0.0,6,7,75.61296229048217,-0.5279033932266226,0.8017854194959042
home_2ms,16,,raw,loop_cross,tx3,odd,0.5,6,7,75.61296229048217,-0.5279033932266226,0.8017854194959042
home_2ms,16,,raw,loop_cross,tx3,odd,1.0,7,8,85.02215699155583,-1.5547279688102174,0.7683472830829106
home_2ms,16,,raw,loop_cross,fused,all,-1.0,6,7,69.90618411178788,-0.3701633760486091,0.7750512565413853
home_2ms,16,,raw,loop_cross,fused,all,-0.5,6,7,69.90618411178788,-0.3701633760486091,0.7750512565413853
home_2ms,16,,raw,loop_cross,fused,all,0.0,6,7,69.90618411178788,-0.3701633760486091,0.7750512565413853
home_2ms,16,,raw,loop_cross,fused,all,0.5,6,7,69.90618411178788,-0.3701633760486091,0.7750512565413853
home_2ms,16,,raw,loop_cross,fused,all,1.0,7,8,84.07719057877895,-1.3053039944941205,0.3244122730468778
home_2ms,16,,raw,loop_cross,fused,even,-1.0,6,7,65.78481747806869,-0.3010991972168133,0.7708821354461411
home_2ms,16,,raw,loop_cross,fused,even,-0.5,6,7,65.78481747806869,-0.3010991972168133,0.7708821354461411
home_2ms,16,,raw,loop_cross,fused,even,0.0,6,7,65.78481747806869,-0.3010991972168133,0.7708821354461411
home_2ms,16,,raw,loop_cross,fused,even,0.5,6,7,65.78481747806869,-0.3010991972168133,0.7708821354461411
home_2ms,16,,raw,loop_cross,fused,even,1.0,7,8,83.9090166321768,-1.2690024397725668,0.3814374656313294
home_2ms,16,,raw,loop_cross,fused,odd,-1.0,6,7,72.6727569706758,-0.4340413470038311,0.7822853806914712
home_2ms,16,,raw,loop_cross,fused,odd,-0.5,6,7,72.6727569706758,-0.4340413470038311,0.7822853806914712
home_2ms,16,,raw,loop_cross,fused,odd,0.0,6,7,72.6727569706758,-0.4340413470038311,0.7822853806914712
home_2ms,16,,raw,loop_cross,fused,odd,0.5,6,7,72.6727569706758,-0.4340413470038311,0.7822853806914712
home_2ms,16,,raw,loop_cross,fused,odd,1.0,7,8,84.33330373233323,-1.3647120006976623,0.26125872198134753
home_2ms,16,,raw,coherent_cross,tx1,all,-1.0,6,7,-71.33372178682716,0.4008438385319703,1.0
home_2ms,16,,raw,coherent_cross,tx1,all,-0.5,6,7,-71.33372178682716,0.4008438385319703,1.0
home_2ms,16,,raw,coherent_cross,tx1,all,0.0,6,7,-71.33372178682716,0.4008438385319703,1.0
home_2ms,16,,raw,coherent_cross,tx1,all,0.5,6,7,-71.33372178682716,0.4008438385319703,1.0
home_2ms,16,,raw,coherent_cross,tx1,all,1.0,7,8,-80.57328017839616,0.8156165334703674,1.0
home_2ms,16,,raw,coherent_cross,tx1,even,-1.0,6,7,-66.69135581303765,0.31430017693500334,1.0
home_2ms,16,,raw,coherent_cross,tx1,even,-0.5,6,7,-66.69135581303765,0.31430017693500334,1.0
home_2ms,16,,raw,coherent_cross,tx1,even,0.0,6,7,-66.69135581303765,0.31430017693500334,1.0
home_2ms,16,,raw,coherent_cross,tx1,even,0.5,6,7,-66.69135581303765,0.31430017693500334,1.0
home_2ms,16,,raw,coherent_cross,tx1,even,1.0,7,8,-82.04571941485024,0.9691402088168173,1.0
home_2ms,16,,raw,coherent_cross,tx1,odd,-1.0,6,7,-76.06251524351457,0.5456565619837604,1.0
home_2ms,16,,raw,coherent_cross,tx1,odd,-0.5,6,7,-76.06251524351457,0.5456565619837604,1.0
home_2ms,16,,raw,coherent_cross,tx1,odd,0.0,6,7,-76.06251524351457,0.5456565619837604,1.0
home_2ms,16,,raw,coherent_cross,tx1,odd,0.5,6,7,-76.06251524351457,0.5456565619837604,1.0
home_2ms,16,,raw,coherent_cross,tx1,odd,1.0,7,8,-81.82132632308692,0.9422008882559308,1.0
home_2ms,16,,raw,coherent_cross,tx3,all,-1.0,6,7,40.3546989058834,-0.11506292566331427,1.0
home_2ms,16,,raw,coherent_cross,tx3,all,-0.5,6,7,40.3546989058834,-0.11506292566331427,1.0
home_2ms,16,,raw,coherent_cross,tx3,all,0.0,6,7,40.3546989058834,-0.11506292566331427,1.0
home_2ms,16,,raw,coherent_cross,tx3,all,0.5,6,7,40.3546989058834,-0.11506292566331427,1.0
home_2ms,16,,raw,coherent_cross,tx3,all,1.0,7,8,-87.40137053456556,2.983650468538047,1.0
home_2ms,16,,raw,coherent_cross,tx3,even,-1.0,6,7,58.27496350493309,-0.21904184026500995,1.0000000000000002
home_2ms,16,,raw,coherent_cross,tx3,even,-0.5,6,7,58.27496350493309,-0.21904184026500995,1.0000000000000002
home_2ms,16,,raw,coherent_cross,tx3,even,0.0,6,7,58.27496350493309,-0.21904184026500995,1.0000000000000002
home_2ms,16,,raw,coherent_cross,tx3,even,0.5,6,7,58.27496350493309,-0.21904184026500995,1.0000000000000002
home_2ms,16,,raw,coherent_cross,tx3,even,1.0,7,8,-87.24763065763159,2.8167563159219333,1.0000000000000002
home_2ms,16,,raw,coherent_cross,tx3,odd,-1.0,6,7,-24.59974385976926,0.06199721337071377,1.0000000000000002
home_2ms,16,,raw,coherent_cross,tx3,odd,-0.5,6,7,-24.59974385976926,0.06199721337071377,1.0000000000000002
home_2ms,16,,raw,coherent_cross,tx3,odd,0.0,6,7,-24.59974385976926,0.06199721337071377,1.0000000000000002
home_2ms,16,,raw,coherent_cross,tx3,odd,0.5,6,7,-24.59974385976926,0.06199721337071377,1.0000000000000002
home_2ms,16,,raw,coherent_cross,tx3,odd,1.0,7,8,87.28671525424129,-2.857393455353736,0.9999999999999999
home_2ms,16,,raw,coherent_cross,fused,all,-1.0,6,7,-50.037567054184805,0.1615966786684833,0.9670832967851266
home_2ms,16,,raw,coherent_cross,fused,all,-0.5,6,7,-50.037567054184805,0.1615966786684833,0.9670832967851266
home_2ms,16,,raw,coherent_cross,fused,all,0.0,6,7,-50.037567054184805,0.1615966786684833,0.9670832967851266
home_2ms,16,,raw,coherent_cross,fused,all,0.5,6,7,-50.037567054184805,0.1615966786684833,0.9670832967851266
home_2ms,16,,raw,coherent_cross,fused,all,1.0,7,8,-85.0670756769938,1.5689563250809493,0.49457660389992475
home_2ms,16,,raw,coherent_cross,fused,even,-1.0,6,7,-21.303964567977783,0.05280699752741983,0.9646664323302314
home_2ms,16,,raw,coherent_cross,fused,even,-0.5,6,7,-21.303964567977783,0.05280699752741983,0.9646664323302314
home_2ms,16,,raw,coherent_cross,fused,even,0.0,6,7,-21.303964567977783,0.05280699752741983,0.9646664323302314
home_2ms,16,,raw,coherent_cross,fused,even,0.5,6,7,-21.303964567977783,0.05280699752741983,0.9646664323302314
home_2ms,16,,raw,coherent_cross,fused,even,1.0,7,8,-85.5820974133233,1.7527186407793163,0.6087617267573313
home_2ms,16,,raw,coherent_cross,fused,odd,-1.0,6,7,-67.42054283793438,0.32564330362720073,0.9711325298422607
home_2ms,16,,raw,coherent_cross,fused,odd,-0.5,6,7,-67.42054283793438,0.32564330362720073,0.9711325298422607
home_2ms,16,,raw,coherent_cross,fused,odd,0.0,6,7,-67.42054283793438,0.32564330362720073,0.9711325298422607
home_2ms,16,,raw,coherent_cross,fused,odd,0.5,6,7,-67.42054283793438,0.32564330362720073,0.9711325298422607
home_2ms,16,,raw,coherent_cross,fused,odd,1.0,7,8,-84.93818125346294,1.528803629669686,0.407472814238239
home_2ms,16,,mti,loop_cross,tx1,all,-1.0,6,7,-1.5231795490171258,0.003600794994827998,0.872009440962815
home_2ms,16,,mti,loop_cross,tx1,all,-0.5,6,7,-1.5231795490171258,0.003600794994827998,0.872009440962815
home_2ms,16,,mti,loop_cross,tx1,all,0.0,6,7,-1.5231795490171258,0.003600794994827998,0.872009440962815
home_2ms,16,,mti,loop_cross,tx1,all,0.5,6,7,-1.5231795490171258,0.003600794994827998,0.872009440962815
home_2ms,16,,mti,loop_cross,tx1,all,1.0,7,8,-22.593597503444084,0.05635017841388908,0.9343629387745854
home_2ms,16,,mti,loop_cross,tx1,even,-1.0,6,7,-58.59943382249277,0.2218408759059677,0.9206246044843783
home_2ms,16,,mti,loop_cross,tx1,even,-0.5,6,7,-58.59943382249277,0.2218408759059677,0.9206246044843783
home_2ms,16,,mti,loop_cross,tx1,even,0.0,6,7,-58.59943382249277,0.2218408759059677,0.9206246044843783
home_2ms,16,,mti,loop_cross,tx1,even,0.5,6,7,-58.59943382249277,0.2218408759059677,0.9206246044843783
home_2ms,16,,mti,loop_cross,tx1,even,1.0,7,8,-8.042689499941226,0.019134271171623356,0.9503793018289235
home_2ms,16,,mti,loop_cross,tx1,odd,-1.0,6,7,58.30482638605947,-0.2192973045501058,0.8677071482547106
home_2ms,16,,mti,loop_cross,tx1,odd,-0.5,6,7,58.30482638605947,-0.2192973045501058,0.8677071482547106
home_2ms,16,,mti,loop_cross,tx1,odd,0.0,6,7,58.30482638605947,-0.2192973045501058,0.8677071482547106
home_2ms,16,,mti,loop_cross,tx1,odd,0.5,6,7,58.30482638605947,-0.2192973045501058,0.8677071482547106
home_2ms,16,,mti,loop_cross,tx1,odd,1.0,7,8,-35.77399292602588,0.0975711561818499,0.9187001313195073
home_2ms,16,,mti,loop_cross,tx3,all,-1.0,6,7,75.79208701476996,-0.5348452704307533,0.7135200300948669
home_2ms,16,,mti,loop_cross,tx3,all,-0.5,6,7,75.79208701476996,-0.5348452704307533,0.7135200300948669
home_2ms,16,,mti,loop_cross,tx3,all,0.0,6,7,75.79208701476996,-0.5348452704307533,0.7135200300948669
home_2ms,16,,mti,loop_cross,tx3,all,0.5,6,7,75.79208701476996,-0.5348452704307533,0.7135200300948669
home_2ms,16,,mti,loop_cross,tx3,all,1.0,7,8,47.862770433255065,-0.149671413201373,0.8048371282501938
home_2ms,16,,mti,loop_cross,tx3,even,-1.0,6,7,66.70129056000663,-0.31445020740921964,0.646446976848133
home_2ms,16,,mti,loop_cross,tx3,even,-0.5,6,7,66.70129056000663,-0.31445020740921964,0.646446976848133
home_2ms,16,,mti,loop_cross,tx3,even,0.0,6,7,66.70129056000663,-0.31445020740921964,0.646446976848133
home_2ms,16,,mti,loop_cross,tx3,even,0.5,6,7,66.70129056000663,-0.31445020740921964,0.646446976848133
home_2ms,16,,mti,loop_cross,tx3,even,1.0,7,8,3.1366557742851584,-0.0074207191460315,0.771428278607499
home_2ms,16,,mti,loop_cross,tx3,odd,-1.0,6,7,79.52700575682847,-0.7325621698367443,0.8243492344131245
home_2ms,16,,mti,loop_cross,tx3,odd,-0.5,6,7,79.52700575682847,-0.7325621698367443,0.8243492344131245
home_2ms,16,,mti,loop_cross,tx3,odd,0.0,6,7,79.52700575682847,-0.7325621698367443,0.8243492344131245
home_2ms,16,,mti,loop_cross,tx3,odd,0.5,6,7,79.52700575682847,-0.7325621698367443,0.8243492344131245
home_2ms,16,,mti,loop_cross,tx3,odd,1.0,7,8,64.49835272896418,-0.2838829876157671,0.8556650102110318
home_2ms,16,,mti,loop_cross,fused,all,-1.0,6,7,60.99457307886319,-0.244241031178031,0.7626529953502169
home_2ms,16,,mti,loop_cross,fused,all,-0.5,6,7,60.99457307886319,-0.244241031178031,0.7626529953502169
home_2ms,16,,mti,loop_cross,fused,all,0.0,6,7,60.99457307886319,-0.244241031178031,0.7626529953502169
home_2ms,16,,mti,loop_cross,fused,all,0.5,6,7,60.99457307886319,-0.244241031178031,0.7626529953502169
home_2ms,16,,mti,loop_cross,fused,all,1.0,7,8,16.778972110623688,-0.040830054412377394,0.8638358946409439
home_2ms,16,,mti,loop_cross,fused,even,-1.0,6,7,6.648248144805778,-0.01578364949205417,0.7472761859732495
home_2ms,16,,mti,loop_cross,fused,even,-0.5,6,7,6.648248144805778,-0.01578364949205417,0.7472761859732495
home_2ms,16,,mti,loop_cross,fused,even,0.0,6,7,6.648248144805778,-0.01578364949205417,0.7472761859732495
home_2ms,16,,mti,loop_cross,fused,even,0.5,6,7,6.648248144805778,-0.01578364949205417,0.7472761859732495
home_2ms,16,,mti,loop_cross,fused,even,1.0,7,8,-2.9885723380265614,0.007069730433653684,0.8596919559211088
home_2ms,16,,mti,loop_cross,fused,odd,-1.0,6,7,73.71137089620676,-0.46342545902591087,0.8188474532975949
home_2ms,16,,mti,loop_cross,fused,odd,-0.5,6,7,73.71137089620676,-0.46342545902591087,0.8188474532975949
home_2ms,16,,mti,loop_cross,fused,odd,0.0,6,7,73.71137089620676,-0.46342545902591087,0.8188474532975949
home_2ms,16,,mti,loop_cross,fused,odd,0.5,6,7,73.71137089620676,-0.46342545902591087,0.8188474532975949
home_2ms,16,,mti,loop_cross,fused,odd,1.0,7,8,33.87566304724231,-0.09091180934659242,0.8703571906792235
home_2ms,16,,mti,coherent_cross,tx1,all,-1.0,6,7,-29.85268409918615,0.07771849257225924,1.0
home_2ms,16,,mti,coherent_cross,tx1,all,-0.5,6,7,-29.85268409918615,0.07771849257225924,1.0
home_2ms,16,,mti,coherent_cross,tx1,all,0.0,6,7,-29.85268409918615,0.07771849257225924,1.0
home_2ms,16,,mti,coherent_cross,tx1,all,0.5,6,7,-29.85268409918615,0.07771849257225924,1.0
home_2ms,16,,mti,coherent_cross,tx1,all,1.0,7,8,-22.217250912674157,0.05530951058163097,1.0000000000000002
home_2ms,16,,mti,coherent_cross,tx1,even,-1.0,6,7,-43.03378927904413,0.1264261562399365,1.0000000000000002
home_2ms,16,,mti,coherent_cross,tx1,even,-0.5,6,7,-43.03378927904413,0.1264261562399365,1.0000000000000002
home_2ms,16,,mti,coherent_cross,tx1,even,0.0,6,7,-43.03378927904413,0.1264261562399365,1.0000000000000002
home_2ms,16,,mti,coherent_cross,tx1,even,0.5,6,7,-43.03378927904413,0.1264261562399365,1.0000000000000002
home_2ms,16,,mti,coherent_cross,tx1,even,1.0,7,8,-65.2508431813506,0.2937497715463913,0.9999999999999999
home_2ms,16,,mti,coherent_cross,tx1,odd,-1.0,6,7,-10.444914031516296,0.02496309384297616,0.9999999999999999
home_2ms,16,,mti,coherent_cross,tx1,odd,-0.5,6,7,-10.444914031516296,0.02496309384297616,0.9999999999999999
home_2ms,16,,mti,coherent_cross,tx1,odd,0.0,6,7,-10.444914031516296,0.02496309384297616,0.9999999999999999
home_2ms,16,,mti,coherent_cross,tx1,odd,0.5,6,7,-10.444914031516296,0.02496309384297616,0.9999999999999999
home_2ms,16,,mti,coherent_cross,tx1,odd,1.0,7,8,66.16375021315578,-0.3065021464592391,1.0
home_2ms,16,,mti,coherent_cross,tx3,all,-1.0,6,7,63.74386758263186,-0.27452090422312647,1.0000000000000002
home_2ms,16,,mti,coherent_cross,tx3,all,-0.5,6,7,63.74386758263186,-0.27452090422312647,1.0000000000000002
home_2ms,16,,mti,coherent_cross,tx3,all,0.0,6,7,63.74386758263186,-0.27452090422312647,1.0000000000000002
home_2ms,16,,mti,coherent_cross,tx3,all,0.5,6,7,63.74386758263186,-0.27452090422312647,1.0000000000000002
home_2ms,16,,mti,coherent_cross,tx3,all,1.0,7,8,26.39697254799591,-0.06721179967439381,0.9999999999999999
home_2ms,16,,mti,coherent_cross,tx3,even,-1.0,6,7,60.51973704738658,-0.2395381507108515,1.0
home_2ms,16,,mti,coherent_cross,tx3,even,-0.5,6,7,60.51973704738658,-0.2395381507108515,1.0
home_2ms,16,,mti,coherent_cross,tx3,even,0.0,6,7,60.51973704738658,-0.2395381507108515,1.0
home_2ms,16,,mti,coherent_cross,tx3,even,0.5,6,7,60.51973704738658,-0.2395381507108515,1.0
home_2ms,16,,mti,coherent_cross,tx3,even,1.0,7,8,-63.53077639212122,0.2719667321574409,1.0
home_2ms,16,,mti,coherent_cross,tx3,odd,-1.0,6,7,65.45202623359667,-0.2964835551718673,1.0
home_2ms,16,,mti,coherent_cross,tx3,odd,-0.5,6,7,65.45202623359667,-0.2964835551718673,1.0
home_2ms,16,,mti,coherent_cross,tx3,odd,0.0,6,7,65.45202623359667,-0.2964835551718673,1.0
home_2ms,16,,mti,coherent_cross,tx3,odd,0.5,6,7,65.45202623359667,-0.2964835551718673,1.0
home_2ms,16,,mti,coherent_cross,tx3,odd,1.0,7,8,76.49022228995784,-0.5636213992859708,1.0
home_2ms,16,,mti,coherent_cross,fused,all,-1.0,6,7,31.633939873971357,-0.08341863720648075,0.9846414858496619
home_2ms,16,,mti,coherent_cross,fused,all,-0.5,6,7,31.633939873971357,-0.08341863720648075,0.9846414858496619
home_2ms,16,,mti,coherent_cross,fused,all,0.0,6,7,31.633939873971357,-0.08341863720648075,0.9846414858496619
home_2ms,16,,mti,coherent_cross,fused,all,0.5,6,7,31.633939873971357,-0.08341863720648075,0.9846414858496619
home_2ms,16,,mti,coherent_cross,fused,all,1.0,7,8,-2.1930447826531725,0.005185667037161526,0.9981860539830486
home_2ms,16,,mti,coherent_cross,fused,even,-1.0,6,7,20.6303882758602,-0.05098123350058229,0.9833207049156809
home_2ms,16,,mti,coherent_cross,fused,even,-0.5,6,7,20.6303882758602,-0.05098123350058229,0.9833207049156809
home_2ms,16,,mti,coherent_cross,fused,even,0.0,6,7,20.6303882758602,-0.05098123350058229,0.9833207049156809
home_2ms,16,,mti,coherent_cross,fused,even,0.5,6,7,20.6303882758602,-0.05098123350058229,0.9833207049156809
home_2ms,16,,mti,coherent_cross,fused,even,1.0,7,8,-64.49293856842326,0.2838139685587668,0.9999411446559988
home_2ms,16,,mti,coherent_cross,fused,odd,-1.0,6,7,40.8001799135181,-0.11688805717775176,0.987287596794475
home_2ms,16,,mti,coherent_cross,fused,odd,-0.5,6,7,40.8001799135181,-0.11688805717775176,0.987287596794475
home_2ms,16,,mti,coherent_cross,fused,odd,0.0,6,7,40.8001799135181,-0.11688805717775176,0.987287596794475
home_2ms,16,,mti,coherent_cross,fused,odd,0.5,6,7,40.8001799135181,-0.11688805717775176,0.987287596794475
home_2ms,16,,mti,coherent_cross,fused,odd,1.0,7,8,71.92450867943023,-0.4149044231355608,0.9919491035961452
