even_n_frames,even_n_looks,even_orders,even_path_deg,even_residual_m,even_times_ms,full_n_frames,full_n_looks,full_orders,full_path_deg,full_residual_m,full_times_ms,impact_error_m,impact_ms,odd_n_frames,odd_n_looks,odd_orders,odd_path_deg,odd_residual_m,odd_times_ms,ops_mph,parity_disagreement_deg,policy,shift_ms,shot,speed_ratio,track_mode,track_rms_bins,window_frames
2,12,5-6,72.78849053808567,7.852915179681957e-16,10.675-12.675,2,24,5-6,5.308478265485947,4.9065389333867974e-18,10.742-12.742,0.026374985175720678,16.097872746357933,2,12,5-6,-31.14960652749048,2.2211235722420826e-16,10.810-12.810,78.20202431250001,103.93809706557614,complete,-1.0,1,0.9013846733001363,ops_speed_prior,0.30431377078462507,2
2,12,6-7,-59.67676964201846,3.1463180910342834e-16,12.675-14.675,2,24,6-7,32.41228871557039,3.1463121132764933e-16,12.742-14.742,0.026374985175720678,16.097872746357933,2,12,6-7,-0.6686223451512249,1.2266347333466993e-18,12.810-14.810,78.20202431250001,59.00814729686723,complete,-0.5,1,0.9013846733001363,ops_speed_prior,0.30431377078462507,2
2,12,6-7,-59.67676964201847,5.666206106546255e-16,12.675-14.675,2,24,6-7,32.412288715570384,3.141430471244226e-16,12.742-14.742,0.026374985175720678,16.097872746357933,2,12,6-7,-0.6686223451512247,2.220446049250313e-16,12.810-14.810,78.20202431250001,59.00814729686724,complete,0.0,1,0.9013846733001363,ops_speed_prior,0.30431377078462507,2
2,12,6-7,-59.67676964201847,3.519656251678919e-16,12.675-14.675,2,24,6-7,32.412288715570384,4.965310735551915e-16,12.742-14.742,0.026374985175720678,16.097872746357933,2,12,6-7,-0.6686223451512248,8.881995952713772e-16,12.810-14.810,78.20202431250001,59.00814729686724,complete,0.5,1,0.9013846733001363,ops_speed_prior,0.30431377078462507,2
2,12,6-7,-59.67676964201847,3.3500436584659943e-16,12.675-14.675,2,24,6-7,32.41228871557039,9.155396550919762e-16,12.742-14.742,0.026374985175720678,16.097872746357933,2,12,6-7,-0.6686223451512248,5.661075445633754e-16,12.810-14.810,78.20202431250001,59.00814729686724,complete,1.0,1,0.9013846733001363,ops_speed_prior,0.30431377078462507,2
3,18,4-5-6,85.46512459115891,5.728179642180178e-13,8.675-10.675-12.675,3,36,4-5-6,80.37496076014621,3.3065431094007744e-13,8.742-10.742-12.742,0.026374985175720678,16.097872746357933,3,18,4-5-6,36.445799649170695,6.89805871433498e-14,8.810-10.810-12.810,78.20202431250001,49.019324941988216,complete,-1.0,1,0.9013846733001363,ops_speed_prior,0.30431377078462507,3
3,18,5-6-7,-79.59756331283928,5.715612061622907e-14,10.675-12.675-14.675,3,36,5-6-7,48.610734027232326,5.7894584809807634e-15,10.742-12.742-14.742,0.026374985175720678,16.097872746357933,3,18,5-6-7,28.001493473279584,1.0917019953973025e-14,10.810-12.810-14.810,78.20202431250001,107.59905678611887,complete,-0.5,1,0.9013846733001363,ops_speed_prior,0.30431377078462507,3
3,18,5-6-7,-80.97337614949645,7.764247004488422e-14,10.675-12.675-14.675,3,36,5-6-7,51.758857884850826,8.077964580822548e-15,10.742-12.742-14.742,0.026374985175720678,16.097872746357933,3,18,5-6-7,34.4527316579169,1.5249182433738644e-14,10.810-12.810-14.810,78.20202431250001,115.42610780741335,complete,0.0,1,0.9013846733001363,ops_speed_prior,0.30431377078462507,3
3,18,5-6-7,-81.98154167829206,9.692562968925578e-14,10.675-12.675-14.675,3,36,5-6-7,54.517993020830886,1.0190730568759686e-14,10.742-12.742-14.742,0.026374985175720678,16.097872746357933,3,18,5-6-7,40.07855227916945,1.9272285682271145e-14,10.810-12.810-14.810,78.20202431250001,122.06009395746152,complete,0.5,1,0.9013846733001363,ops_speed_prior,0.30431377078462507,3
3,18,5-6-7,-82.75161733395913,1.1474749297169484e-13,10.675-12.675-14.675,3,36,5-6-7,56.945347763954835,1.2108324133131535e-14,10.742-12.742-14.742,0.026374985175720678,16.097872746357933,3,18,5-6-7,44.93887249296125,2.3061140926353976e-14,10.810-12.810-14.810,78.20202431250001,127.6904898269204,complete,1.0,1,0.9013846733001363,ops_speed_prior,0.30431377078462507,3
4,24,3-4-5-6,51.98102144945522,0.06218769455107126,6.675-8.675-10.675-12.675,4,48,3-4-5-6,-79.00748041473682,0.06743501093685479,6.743-8.742-10.742-12.742,0.026374985175720678,16.097872746357933,4,24,3-4-5-6,-79.78118616212517,0.04358035001883901,6.810-8.810-10.810-12.810,78.20202431250001,131.76220761158038,complete,-1.0,1,0.9013846733001363,ops_speed_prior,0.30431377078462507,4
4,24,4-5-6-7,41.4026275947577,0.07366361271908463,8.675-10.675-12.675-14.675,4,48,4-5-6-7,72.38185371077806,0.01777867138175504,8.742-10.742-12.742-14.742,0.026374985175720678,16.097872746357933,4,24,4-5-6-7,34.33918075032904,0.0013017431747906077,8.810-10.810-12.810-14.810,78.20202431250001,7.063446844428661,complete,-0.5,1,0.9013846733001363,ops_speed_prior,0.30431377078462507,4
4,24,4-5-6-7,44.613728812946945,0.07366361271908464,8.675-10.675-12.675-14.675,4,48,4-5-6-7,74.88369125271758,0.017778671381755068,8.742-10.742-12.742-14.742,0.026374985175720678,16.097872746357933,4,24,4-5-6-7,41.309273851190056,0.0013017431747906515,8.810-10.810-12.810-14.810,78.20202431250001,3.304454961756889,complete,0.0,1,0.9013846733001363,ops_speed_prior,0.30431377078462507,4
4,24,4-5-6-7,47.45329188279461,0.07366361271908464,8.675-10.675-12.675-14.675,4,48,4-5-6-7,76.82478641461181,0.01777867138175503,8.742-10.742-12.742-14.742,0.026374985175720678,16.097872746357933,4,24,4-5-6-7,47.20205744243092,0.0013017431747905969,8.810-10.810-12.810-14.810,78.20202431250001,0.2512344403636888,complete,0.5,1,0.9013846733001363,ops_speed_prior,0.30431377078462507,4
4,24,4-5-6-7,49.97049708629882,0.07366361271908464,8.675-10.675-12.675-14.675,4,48,4-5-6-7,78.37137585090593,0.017778671381755044,8.742-10.742-12.742-14.742,0.026374985175720678,16.097872746357933,4,24,4-5-6-7,52.15075820685959,0.001301743174790663,8.810-10.810-12.810-14.810,78.20202431250001,2.180261120560772,complete,1.0,1,0.9013846733001363,ops_speed_prior,0.30431377078462507,4
2,11,6-7,-65.13261175950626,3.516314866869299e-16,12.675-14.540,2,21,6-7,33.57363489331868,3.5122099751608634e-16,12.742-14.540,0.026374985175720678,16.097872746357933,3,12,5-6-7,-77.95429889903392,2.1324303254084997e-13,11.350-12.810-14.540,78.20202431250001,12.821687139527654,partial,-1.0,1,0.9013846733001363,ops_speed_prior,0.30431377078462507,2
2,12,6-7,-59.67676964201846,3.1463180910342834e-16,12.675-14.675,2,24,6-7,32.41228871557039,3.1463121132764933e-16,12.742-14.742,0.026374985175720678,16.097872746357933,2,12,6-7,-0.6686223451512249,1.2266347333466993e-18,12.810-14.810,78.20202431250001,59.00814729686723,partial,-0.5,1,0.9013846733001363,ops_speed_prior,0.30431377078462507,2
2,11,6-7,-69.68149980440951,3.6291030806371173e-16,12.810-14.675,2,23,6-7,33.33530173466414,9.155560893256708e-16,12.810-14.742,0.026374985175720678,16.097872746357933,2,12,6-7,-0.6686223451512247,2.220446049250313e-16,12.810-14.810,78.20202431250001,69.01287745925829,partial,0.0,1,0.9013846733001363,ops_speed_prior,0.30431377078462507,2
3,12,6-7-8,82.51222467229985,1.119503563389778e-13,13.080-14.675-16.270,3,24,6-7-8,9.236400779770193,1.3855859486360557e-13,13.080-14.742-16.270,0.026374985175720678,16.097872746357933,3,12,6-7-8,-49.21376929856079,1.8771267491416244e-13,13.080-14.810-16.270,78.20202431250001,131.72599397086066,partial,0.5,1,0.9013846733001363,ops_speed_prior,0.30431377078462507,2
2,11,7-8,61.27565841109843,2.2230279985855667e-16,14.675-16.540,2,21,7-8,70.51637797459998,6.500377141355412e-16,14.742-16.540,0.026374985175720678,16.097872746357933,3,12,6-7-8,-40.618618320575656,1.8333616817977167e-13,13.350-14.810-16.540,78.20202431250001,101.8942767316741,partial,1.0,1,0.9013846733001363,ops_speed_prior,0.30431377078462507,2
3,17,5-6-7,-79.64858525799997,3.509826388069313e-14,10.675-12.675-14.540,3,33,5-6-7,47.68991431818209,3.670126960340461e-15,10.742-12.742-14.540,0.026374985175720678,16.097872746357933,4,18,4-5-6-7,-78.04464589456532,0.02858395787600882,9.350-10.810-12.810-14.540,78.20202431250001,1.6039393634346482,partial,-1.0,1,0.9013846733001363,ops_speed_prior,0.30431377078462507,3
3,18,5-6-7,-79.59756331283928,5.715612061622907e-14,10.675-12.675-14.675,3,36,5-6-7,48.610734027232326,5.7894584809807634e-15,10.742-12.742-14.742,0.026374985175720678,16.097872746357933,3,18,5-6-7,28.001493473279584,1.0917019953973025e-14,10.810-12.810-14.810,78.20202431250001,107.59905678611887,partial,-0.5,1,0.9013846733001363,ops_speed_prior,0.30431377078462507,3
3,17,5-6-7,-82.36084175571546,9.815950848423769e-14,10.810-12.675-14.675,3,35,5-6-7,59.543891169679924,1.4316579976626897e-14,10.810-12.742-14.742,0.026374985175720678,16.097872746357933,3,18,5-6-7,34.4527316579169,1.5249182433738644e-14,10.810-12.810-14.810,78.20202431250001,116.81357341363235,partial,0.0,1,0.9013846733001363,ops_speed_prior,0.30431377078462507,3
4,18,5-6-7-8,50.870437478062144,0.0591597672327782,11.080-12.675-14.675-16.270,4,36,5-6-7-8,7.670907974082215,0.00661300918319472,11.080-12.742-14.742-16.270,0.026374985175720678,16.097872746357933,4,18,5-6-7-8,3.683297753559838,0.0040370937417623255,11.080-12.810-14.810-16.270,78.20202431250001,47.1871397245023,partial,0.5,1,0.9013846733001363,ops_speed_prior,0.30431377078462507,3
3,17,6-7-8,79.44543110674178,2.145451537157819e-13,12.675-14.675-16.540,3,33,6-7-8,78.68425518066407,3.7805468184016713e-13,12.742-14.742-16.540,0.026374985175720678,16.097872746357933,4,18,5-6-7-8,-62.226626974431746,0.012789194631856357,11.350-12.810-14.810-16.540,78.20202431250001,141.67205808117353,partial,1.0,1,0.9013846733001363,ops_speed_prior,0.30431377078462507,3
4,23,4-5-6-7,25.056817383991152,0.07658467676275534,8.675-10.675-12.675-14.540,4,45,4-5-6-7,70.74986573033506,0.01645650878312277,8.742-10.742-12.742-14.540,0.026374985175720678,16.097872746357933,5,24,3-4-5-6-7,-73.13486636873608,0.061940110009988524,7.350-8.810-10.810-12.810-14.540,78.20202431250001,98.19168375272724,partial,-1.0,1,0.9013846733001363,ops_speed_prior,0.30431377078462507,4
4,24,4-5-6-7,41.4026275947577,0.07366361271908463,8.675-10.675-12.675-14.675,4,48,4-5-6-7,72.38185371077806,0.01777867138175504,8.742-10.742-12.742-14.742,0.026374985175720678,16.097872746357933,4,24,4-5-6-7,34.33918075032904,0.0013017431747906077,8.810-10.810-12.810-14.810,78.20202431250001,7.063446844428661,partial,-0.5,1,0.9013846733001363,ops_speed_prior,0.30431377078462507,4
4,23,4-5-6-7,-46.51030314105035,0.05563172314937681,8.810-10.675-12.675-14.675,4,47,4-5-6-7,75.37298648327705,0.018678156235539714,8.810-10.742-12.742-14.742,0.026374985175720678,16.097872746357933,4,24,4-5-6-7,41.309273851190056,0.0013017431747906515,8.810-10.810-12.810-14.810,78.20202431250001,87.8195769922404,partial,0.0,1,0.9013846733001363,ops_speed_prior,0.30431377078462507,4
5,24,4-5-6-7-8,63.95651793788312,0.07021410199326367,9.080-10.675-12.675-14.675-16.270,5,48,4-5-6-7-8,43.79896404818058,0.013449098811953818,9.080-10.742-12.742-14.742-16.270,0.026374985175720678,16.097872746357933,5,24,4-5-6-7-8,-74.91169130452691,0.05548920152197714,9.080-10.810-12.810-14.810-16.270,78.20202431250001,138.86820924241005,partial,0.5,1,0.9013846733001363,ops_speed_prior,0.30431377078462507,4
4,23,5-6-7-8,31.87090740021162,0.0654629779002249,10.675-12.675-14.675-16.540,4,45,5-6-7-8,75.45159182736154,0.010412490698042828,10.742-12.742-14.742-16.540,0.026374985175720678,16.097872746357933,5,24,4-5-6-7-8,-67.54080964955963,0.03859038448645944,9.350-10.810-12.810-14.810-16.540,78.20202431250001,99.41171704977126,partial,1.0,1,0.9013846733001363,ops_speed_prior,0.30431377078462507,4
2,12,5-6,-85.48450424728188,3.559862221219806e-16,10.675-12.675,2,24,5-6,-48.525414854645824,3.1463121132764933e-16,10.742-12.742,0.028394152302741116,15.839911543679055,2,12,5-6,-6.42638028201181,3.59351642226892e-16,10.810-12.810,78.60932652246093,79.05812396527007,complete,-1.0,2,0.8632397421385029,ops_speed_prior,0.3229132554776381,2
2,12,5-6,-85.48450424728188,3.516314866869299e-16,10.675-12.675,2,24,5-6,-48.52541485464583,2.2291027918243403e-16,10.742-12.742,0.028394152302741116,15.839911543679055,2,12,5-6,-6.426380282011812,5.688200336284365e-16,10.810-12.810,78.60932652246093,79.05812396527007,complete,-0.5,2,0.8632397421385029,ops_speed_prior,0.3229132554776381,2
2,12,6-7,73.19373245868069,9.682461294578838e-16,12.675-14.675,2,24,6-7,66.9564231840118,6.673445363138987e-16,12.742-14.742,0.028394152302741116,15.839911543679055,2,12,6-7,18.113849401649304,1.6004645656917944e-16,12.810-14.810,78.60932652246093,55.07988305703138,complete,0.0,2,0.8632397421385029,ops_speed_prior,0.3229132554776381,2
2,12,6-7,73.19373245868069,1.158590109365849e-15,12.675-14.675,2,24,6-7,66.9564231840118,1.110397160942641e-15,12.742-14.742,0.028394152302741116,15.839911543679055,2,12,6-7,18.113849401649304,1.6184142622847344e-16,12.810-14.810,78.60932652246093,55.07988305703138,complete,0.5,2,0.8632397421385029,ops_speed_prior,0.3229132554776381,2
2,12,6-7,73.19373245868069,8.160541924722725e-16,12.675-14.675,2,24,6-7,66.95642318401181,4.47977013738338e-16,12.742-14.742,0.028394152302741116,15.839911543679055,2,12,6-7,18.113849401649304,5.67464084063076e-16,12.810-14.810,78.60932652246093,55.07988305703138,complete,1.0,2,0.8632397421385029,ops_speed_prior,0.3229132554776381,2
3,18,4-5-6,-95.21554522802472,2.5547483352745924e-13,8.675-10.675-12.675,3,36,4-5-6,20.601143141008265,7.57566717383581e-14,8.742-10.742-12.742,0.028394152302741116,15.839911543679055,3,18,4-5-6,-43.925908395252385,4.0232544587721126e-14,8.810-10.810-12.810,78.60932652246093,51.28963683277234,complete,-1.0,2,0.8632397421385029,ops_speed_prior,0.3229132554776381,3
3,18,4-5-6,-96.03095698286256,3.594856037011545e-16,8.675-10.675-12.675,3,36,4-5-6,32.385922101238684,8.817502734289201e-14,8.742-10.742-12.742,0.028394152302741116,15.839911543679055,3,18,4-5-6,-48.14830018016708,4.699617989143796e-14,8.810-10.810-12.810,78.60932652246093,47.882656802695486,complete,-0.5,2,0.8632397421385029,ops_speed_prior,0.3229132554776381,3
3,18,5-6-7,78.18101077760986,1.0302019486919886e-13,10.675-12.675-14.675,3,36,5-6-7,77.94515007478905,4.2811559949781215e-14,10.742-12.742-14.742,0.028394152302741116,15.839911543679055,3,18,5-6-7,36.68366341630914,5.0020329553610396e-15,10.810-12.810-14.810,78.60932652246093,41.49734736130072,complete,0.0,2,0.8632397421385029,ops_speed_prior,0.3229132554776381,3
3,18,5-6-7,78.55402288380432,1.300003384779901e-13,10.675-12.675-14.675,3,36,5-6-7,78.94104656917986,5.45156456602567e-14,10.742-12.742-14.742,0.028394152302741116,15.839911543679055,3,18,5-6-7,40.15611149804801,6.322638490667334e-15,10.810-12.810-14.810,78.60932652246093,38.39791138575631,complete,0.5,2,0.8632397421385029,ops_speed_prior,0.3229132554776381,3
3,18,5-6-7,78.84293691984783,1.5509849254931269e-13,10.675-12.675-14.675,3,36,5-6-7,79.72281389290252,6.456491670586368e-14,10.742-12.742-14.742,0.028394152302741116,15.839911543679055,3,18,5-6-7,43.25987560425233,7.574721522001793e-15,10.810-12.810-14.810,78.60932652246093,35.5830613155955,complete,1.0,2,0.8632397421385029,ops_speed_prior,0.3229132554776381,3
4,24,3-4-5-6,-92.03425304398021,0.016579252321430562,6.675-8.675-10.675-12.675,4,48,3-4-5-6,-86.21614558494981,0.04662543258881291,6.743-8.742-10.742-12.742,0.028394152302741116,15.839911543679055,4,24,3-4-5-6,22.216956414752495,0.008119371563627962,6.810-8.810-10.810-12.810,78.60932652246093,114.25120945873272,complete,-1.0,2,0.8632397421385029,ops_speed_prior,0.3229132554776381,4
4,24,3-4-5-6,-92.50415684177293,0.01657925232143057,6.675-8.675-10.675-12.675,4,48,3-4-5-6,-86.93495112132375,0.04662543258881292,6.743-8.742-10.742-12.742,0.028394152302741116,15.839911543679055,4,24,3-4-5-6,23.69616871353773,0.008119371563627936,6.810-8.810-10.810-12.810,78.60932652246093,116.20032555531066,complete,-0.5,2,0.8632397421385029,ops_speed_prior,0.3229132554776381,4
4,24,4-5-6-7,76.16663309039775,0.08693787521600096,8.675-10.675-12.675-14.675,4,48,4-5-6-7,74.64413373687776,0.02114449453268709,8.742-10.742-12.742-14.742,0.028394152302741116,15.839911543679055,4,24,4-5-6-7,2.408450540340489,0.007070869598347299,8.810-10.810-12.810-14.810,78.60932652246093,73.75818255005726,complete,0.0,2,0.8632397421385029,ops_speed_prior,0.3229132554776381,4
4,24,4-5-6-7,76.95651742978647,0.0869378752160104,8.675-10.675-12.675-14.675,4,48,4-5-6-7,76.01061082130495,0.021144494532678543,8.742-10.742-12.742-14.742,0.028394152302741116,15.839911543679055,4,24,4-5-6-7,1.293133067046379,0.007070869598347607,8.810-10.810-12.810-14.810,78.60932652246093,75.66338436274009,complete,0.5,2,0.8632397421385029,ops_speed_prior,0.3229132554776381,4
4,24,4-5-6-7,77.59586584050756,0.08693787521601046,8.675-10.675-12.675-14.675,4,48,4-5-6-7,77.11611516362163,0.021144494532670817,8.742-10.742-12.742-14.742,0.028394152302741116,15.839911543679055,4,24,4-5-6-7,0.17084353089956528,0.0070708695983478995,8.810-10.810-12.810-14.810,78.60932652246093,77.425022309608,complete,1.0,2,0.8632397421385029,ops_speed_prior,0.3229132554776381,4
3,12,5-6-7,78.30976487410703,2.4177837397284027e-13,11.215-12.675-14.405,3,24,5-6-7,76.4703922606449,2.12382734883241e-13,11.215-12.742-14.405,0.028394152302741116,15.839911543679055,3,12,5-6-7,70.24196768069885,2.0998567011323456e-13,11.215-12.810-14.405,78.60932652246093,8.067797193408182,partial,-1.0,2,0.8632397421385029,ops_speed_prior,0.3229132554776381,2
2,11,6-7,71.86048996402252,9.420682525687526e-16,12.675-14.540,2,22,6-7,64.21876364524316,1.5464317915995958e-15,12.742-14.607,0.028394152302741116,15.839911543679055,2,11,6-7,49.47373819531557,3.149753423051517e-16,12.810-14.675,78.60932652246093,22.38675176870695,partial,-0.5,2,0.8632397421385029,ops_speed_prior,0.3229132554776381,2
2,12,6-7,73.19373245868069,9.682461294578838e-16,12.675-14.675,2,24,6-7,66.9564231840118,6.673445363138987e-16,12.742-14.742,0.028394152302741116,15.839911543679055,2,12,6-7,18.113849401649304,1.6004645656917944e-16,12.810-14.810,78.60932652246093,55.07988305703138,partial,0.0,2,0.8632397421385029,ops_speed_prior,0.3229132554776381,2
3,12,6-7-8,83.67552124404642,4.5172751893318675e-14,12.945-14.675-16.135,2,21,6-7,58.71080629540498,1.1006413764947875e-15,12.945-14.742,0.028394152302741116,15.839911543679055,2,11,6-7,-61.850280535849265,8.946817177733836e-16,12.945-14.810,78.60932652246093,145.5258017798957,partial,0.5,2,0.8632397421385029,ops_speed_prior,0.3229132554776381,2
3,12,6-7-8,88.26365807432315,1.7186647079155658e-13,13.215-14.675-16.405,3,24,6-7-8,86.9024215108858,1.379552706776027e-14,13.215-14.742-16.405,0.028394152302741116,15.839911543679055,3,12,6-7-8,-80.58145360487231,2.0973964327152423e-14,13.215-14.810-16.405,78.60932652246093,168.84511167919547,partial,1.0,2,0.8632397421385029,ops_speed_prior,0.3229132554776381,2
4,18,4-5-6-7,72.34363968188816,0.09135431634887753,9.215-10.675-12.675-14.405,4,36,4-5-6-7,44.14853154302541,0.038355645803413135,9.215-10.742-12.742-14.405,0.028394152302741116,15.839911543679055,4,18,4-5-6-7,34.8249204568773,0.01790444197576797,9.215-10.810-12.810-14.405,78.60932652246093,37.51871922501086,partial,-1.0,2,0.8632397421385029,ops_speed_prior,0.3229132554776381,3
3,17,5-6-7,76.97513308268461,6.818546536554832e-14,10.675-12.675-14.540,3,34,5-6-7,75.53665166829104,4.241412711302062e-13,10.742-12.742-14.607,0.028394152302741116,15.839911543679055,3,17,5-6-7,64.47315529654018,3.0344026312010336e-13,10.810-12.810-14.675,78.60932652246093,12.501977786144423,partial,-0.5,2,0.8632397421385029,ops_speed_prior,0.3229132554776381,3
3,18,5-6-7,78.18101077760986,1.0302019486919886e-13,10.675-12.675-14.675,3,36,5-6-7,77.94515007478905,4.2811559949781215e-14,10.742-12.742-14.742,0.028394152302741116,15.839911543679055,3,18,5-6-7,36.68366341630914,5.0020329553610396e-15,10.810-12.810-14.810,78.60932652246093,41.49734736130072,partial,0.0,2,0.8632397421385029,ops_speed_prior,0.3229132554776381,3
4,18,5-6-7-8,79.24366572102727,0.10503314185311093,10.945-12.675-14.675-16.135,3,33,5-6-7,79.08440585283617,4.032537521877964e-14,10.945-12.742-14.742,0.028394152302741116,15.839911543679055,3,17,5-6-7,61.774275939093876,1.5245405250324383e-14,10.945-12.810-14.810,78.60932652246093,17.469389781933394,partial,0.5,2,0.8632397421385029,ops_speed_prior,0.3229132554776381,3
4,18,5-6-7-8,84.70142954122801,0.11412924742950802,11.215-12.675-14.675-16.405,4,36,5-6-7-8,82.87700351925415,0.030667749805954138,11.215-12.742-14.742-16.405,0.028394152302741116,15.839911543679055,4,18,5-6-7-8,-74.70168685543142,0.03783450352878914,11.215-12.810-14.810-16.405,78.60932652246093,159.4031163966594,partial,1.0,2,0.8632397421385029,ops_speed_prior,0.3229132554776381,3
5,24,3-4-5-6-7,56.643923596301455,0.12513527751950604,7.215-8.675-10.675-12.675-14.405,5,48,3-4-5-6-7,-78.06407908013867,0.10932465026954157,7.215-8.742-10.742-12.742-14.405,0.028394152302741116,15.839911543679055,5,24,3-4-5-6-7,44.829777827172435,0.012740743604731713,7.215-8.810-10.810-12.810-14.405,78.60932652246093,11.81414576912902,partial,-1.0,2,0.8632397421385029,ops_speed_prior,0.3229132554776381,4
4,23,4-5-6-7,73.69570201214859,0.08415834367362626,8.675-10.675-12.675-14.540,4,46,4-5-6-7,71.27743826532088,0.019125499571407103,8.742-10.742-12.742-14.607,0.028394152302741116,15.839911543679055,4,23,4-5-6-7,45.277020469485436,0.013740197168181976,8.810-10.810-12.810-14.675,78.60932652246093,28.41868154266315,partial,-0.5,2,0.8632397421385029,ops_speed_prior,0.3229132554776381,4
4,24,4-5-6-7,76.16663309039775,0.08693787521600096,8.675-10.675-12.675-14.675,4,48,4-5-6-7,74.64413373687776,0.02114449453268709,8.742-10.742-12.742-14.742,0.028394152302741116,15.839911543679055,4,24,4-5-6-7,2.408450540340489,0.007070869598347299,8.810-10.810-12.810-14.810,78.60932652246093,73.75818255005726,partial,0.0,2,0.8632397421385029,ops_speed_prior,0.3229132554776381,4
5,24,4-5-6-7-8,77.6051862718767,0.08827836662894264,8.945-10.675-12.675-14.675-16.135,4,45,4-5-6-7,79.50094964857438,0.009062692869997368,8.945-10.742-12.742-14.742,0.028394152302741116,15.839911543679055,4,23,4-5-6-7,72.21868138303235,0.019817717189758468,8.945-10.810-12.810-14.810,78.60932652246093,5.386504888844357,partial,0.5,2,0.8632397421385029,ops_speed_prior,0.3229132554776381,4
5,24,4-5-6-7-8,82.32053193609775,0.0874927347571844,9.215-10.675-12.675-14.675-16.405,5,48,4-5-6-7-8,76.62575334504811,0.04097949537349889,9.215-10.742-12.742-14.742-16.405,0.028394152302741116,15.839911543679055,5,24,4-5-6-7-8,-66.97528602839836,0.03628811602493849,9.215-10.810-12.810-14.810-16.405,78.60932652246093,149.2958179644961,partial,1.0,2,0.8632397421385029,ops_speed_prior,0.3229132554776381,4
2,12,4-5,63.043450635615685,1.5823112613210482e-16,8.675-10.675,2,24,4-5,57.509094602913834,2.0110825152671372e-16,8.742-10.742,0.03365359734128348,12.679643867902902,2,12,4-5,56.8737032035011,5.087681048627601e-16,8.810-10.810,76.16551326269533,6.169747432114583,complete,-1.0,3,0.8206944909741014,ops_speed_prior,0.208843261753203,2
2,12,4-5,63.04345063561567,1.5823112613210482e-16,8.675-10.675,2,24,4-5,57.509094602913834,1.6302709355362946e-16,8.742-10.742,0.03365359734128348,12.679643867902902,2,12,4-5,56.873703203501094,2.5438405243138006e-16,8.810-10.810,76.16551326269533,6.169747432114576,complete,-0.5,3,0.8206944909741014,ops_speed_prior,0.208843261753203,2
2,12,4-5,63.04345063561567,8.98580062756986e-16,8.675-10.675,2,24,4-5,57.50909460291383,5.66444991799657e-16,8.742-10.742,0.03365359734128348,12.679643867902902,2,12,4-5,56.873703203501094,1.5700924586837752e-16,8.810-10.810,76.16551326269533,6.169747432114576,complete,0.0,3,0.8206944909741014,ops_speed_prior,0.208843261753203,2
2,12,4-5,63.043450635615685,1.6213865591180214e-16,8.675-10.675,2,24,4-5,57.509094602913834,3.6453966336013327e-16,8.742-10.742,0.03365359734128348,12.679643867902902,2,12,4-5,56.873703203501094,1.0114613123884174e-15,8.810-10.810,76.16551326269533,6.16974743211459,complete,0.5,3,0.8206944909741014,ops_speed_prior,0.208843261753203,2
2,12,5-6,-14.94168989275544,4.449557262054371e-16,10.675-12.675,2,24,5-6,43.68758474354546,4.969914640792767e-16,10.742-12.742,0.03365359734128348,12.679643867902902,2,12,5-6,70.32822256225647,6.482761664519217e-16,10.810-12.810,76.16551326269533,85.2699124550119,complete,1.0,3,0.8206944909741014,ops_speed_prior,0.208843261753203,2
3,18,3-4-5,73.99039044552995,3.518105522405346e-14,6.675-8.675-10.675,3,36,3-4-5,71.25845656100968,2.037736282683236e-14,6.743-8.742-10.742,0.03365359734128348,12.679643867902902,3,18,3-4-5,70.76703990013449,3.2964452468833244e-14,6.810-8.810-10.810,76.16551326269533,3.223350545395462,complete,-1.0,3,0.8206944909741014,ops_speed_prior,0.208843261753203,3
3,18,3-4-5,75.04455699724355,4.758656879613149e-14,6.675-8.675-10.675,3,36,3-4-5,72.66515357651663,2.8317516352763443e-14,6.743-8.742-10.742,0.03365359734128348,12.679643867902902,3,18,3-4-5,71.76166852742305,4.71739765183898e-14,6.810-8.810-10.810,76.16551326269533,3.2828884698204917,complete,-0.5,3,0.8206944909741014,ops_speed_prior,0.208843261753203,3
3,18,3-4-5,75.86652950997544,6.042167391833982e-14,6.675-8.675-10.675,3,36,3-4-5,73.75730390986793,3.620560313056923e-14,6.743-8.742-10.742,0.03365359734128348,12.679643867902902,3,18,3-4-5,72.48806656464285,6.086937373640518e-14,6.810-8.810-10.810,76.16551326269533,3.3784629453325863,complete,0.0,3,0.8206944909741014,ops_speed_prior,0.208843261753203,3
3,18,3-4-5,76.52516195318898,7.24987695691364e-14,6.675-8.675-10.675,3,36,3-4-5,74.62921384925957,4.4143853470922946e-14,6.743-8.742-10.742,0.03365359734128348,12.679643867902902,3,18,3-4-5,73.0416823107744,7.443623308156457e-14,6.810-8.810-10.810,76.16551326269533,3.4834796424145793,complete,0.5,3,0.8206944909741014,ops_speed_prior,0.208843261753203,3
3,18,4-5-6,-78.57180903611795,1.0397911777793868e-13,8.675-10.675-12.675,3,36,4-5-6,6.205827480453761,5.463036058856392e-13,8.742-10.742-12.742,0.03365359734128348,12.679643867902902,3,18,4-5-6,76.99906604853321,9.378281108607703e-13,8.810-10.810-12.810,76.16551326269533,155.57087508465116,complete,1.0,3,0.8206944909741014,ops_speed_prior,0.208843261753203,3
4,24,2-3-4-5,15.186882007422208,0.049375556300515606,4.675-6.675-8.675-10.675,4,48,2-3-4-5,27.41377548509318,0.0361907942087452,4.743-6.743-8.742-10.742,0.03365359734128348,12.679643867902902,4,24,2-3-4-5,-63.19367993755014,0.0928584310575529,4.810-6.810-8.810-10.810,76.16551326269533,78.38056194497234,complete,-1.0,3,0.8206944909741014,ops_speed_prior,0.208843261753203,4
4,24,2-3-4-5,11.97631251746216,0.04937555630051558,4.675-6.675-8.675-10.675,4,48,2-3-4-5,28.159780752783938,0.03619079420874522,4.743-6.743-8.742-10.742,0.03365359734128348,12.679643867902902,4,24,2-3-4-5,-65.13493509017867,0.09285843105755297,4.810-6.810-8.810-10.810,76.16551326269533,77.11124760764083,complete,-0.5,3,0.8206944909741014,ops_speed_prior,0.208843261753203,4
4,24,2-3-4-5,8.542461295068966,0.04937555630051558,4.675-6.675-8.675-10.675,4,48,2-3-4-5,28.898188238412,0.036190794208745214,4.743-6.743-8.742-10.742,0.03365359734128348,12.679643867902902,4,24,2-3-4-5,-66.8751853127105,0.09285843105755297,4.810-6.810-8.810-10.810,76.16551326269533,75.41764660777946,complete,0.0,3,0.8206944909741014,ops_speed_prior,0.208843261753203,4
4,24,2-3-4-5,4.888448743478383,0.049375556300515606,4.675-6.675-8.675-10.675,4,48,2-3-4-5,29.628871921037437,0.03619079420874518,4.743-6.743-8.742-10.742,0.03365359734128348,12.679643867902902,4,24,2-3-4-5,-68.44134981142334,0.09285843105755287,4.810-6.810-8.810-10.810,76.16551326269533,73.32979855490171,complete,0.5,3,0.8206944909741014,ops_speed_prior,0.208843261753203,4
4,24,3-4-5-6,43.43277309462056,0.04337561746475274,6.675-8.675-10.675-12.675,4,48,3-4-5-6,63.0156265656949,0.02624029797696864,6.743-8.742-10.742-12.742,0.03365359734128348,12.679643867902902,4,24,3-4-5-6,75.13893094225926,0.03794155148331558,6.810-8.810-10.810-12.810,76.16551326269533,31.706157847638707,complete,1.0,3,0.8206944909741014,ops_speed_prior,0.208843261753203,4
2,12,4-5,63.043450635615685,1.5823112613210482e-16,8.675-10.675,2,24,4-5,57.509094602913834,2.0110825152671372e-16,8.742-10.742,0.03365359734128348,12.679643867902902,2,12,4-5,56.8737032035011,5.087681048627601e-16,8.810-10.810,76.16551326269533,6.169747432114583,partial,-1.0,3,0.8206944909741014,ops_speed_prior,0.208843261753203,2
2,11,4-5,60.7039694615785,2.2633986948989007e-16,8.810-10.675,2,22,4-5,65.6777190757687,6.71891344611886e-16,8.877-10.742,0.03365359734128348,12.679643867902902,2,11,4-5,23.468623262204712,2.387624894196368e-16,8.945-10.810,76.16551326269533,37.235346199373794,partial,-0.5,3,0.8206944909741014,ops_speed_prior,0.208843261753203,2
3,12,4-5-6,-91.94101848561094,1.884452252769589e-13,9.080-10.675-12.270,3,24,4-5-6,-85.00846392631914,2.4640448725722724e-13,9.147-10.742-12.338,0.03365359734128348,12.679643867902902,3,12,4-5-6,81.78693729005673,3.389095888469198e-13,9.215-10.810-12.405,76.16551326269533,173.72795577566768,partial,0.0,3,0.8206944909741014,ops_speed_prior,0.208843261753203,2
2,11,5-6,-38.460856402993805,3.516314866869299e-16,10.675-12.540,2,21,5-6,2.0126098561249823,4.714364385389477e-16,10.742-12.540,0.03365359734128348,12.679643867902902,3,12,4-5-6,124.2325496991576,9.512370415247985e-13,9.350-10.810-12.540,76.16551326269533,162.6934061021514,partial,0.5,3,0.8206944909741014,ops_speed_prior,0.208843261753203,2
2,12,5-6,-14.94168989275544,4.449557262054371e-16,10.675-12.675,2,24,5-6,43.68758474354546,4.969914640792767e-16,10.742-12.742,0.03365359734128348,12.679643867902902,2,12,5-6,70.32822256225647,6.482761664519217e-16,10.810-12.810,76.16551326269533,85.2699124550119,partial,1.0,3,0.8206944909741014,ops_speed_prior,0.208843261753203,2
3,18,3-4-5,73.99039044552995,3.518105522405346e-14,6.675-8.675-10.675,3,36,3-4-5,71.25845656100968,2.037736282683236e-14,6.743-8.742-10.742,0.03365359734128348,12.679643867902902,3,18,3-4-5,70.76703990013449,3.2964452468833244e-14,6.810-8.810-10.810,76.16551326269533,3.223350545395462,partial,-1.0,3,0.8206944909741014,ops_speed_prior,0.208843261753203,3
3,17,3-4-5,75.8169449586194,4.752203944521785e-14,6.810-8.675-10.675,3,34,3-4-5,73.7806052844195,2.815753101824193e-14,6.877-8.742-10.742,0.03365359734128348,12.679643867902902,3,17,3-4-5,70.64702242109911,3.341735956302484e-14,6.945-8.810-10.810,76.16551326269533,5.169922537520293,partial,-0.5,3,0.8206944909741014,ops_speed_prior,0.208843261753203,3
4,18,3-4-5-6,51.486318696430224,0.04271721907785894,7.080-8.675-10.675-12.270,4,36,3-4-5-6,68.93504762083727,0.01516654670465519,7.147-8.742-10.742-12.338,0.03365359734128348,12.679643867902902,4,18,3-4-5-6,76.91196259797195,0.0185610256613009,7.215-8.810-10.810-12.405,76.16551326269533,25.425643901541726,partial,0.0,3,0.8206944909741014,ops_speed_prior,0.208843261753203,3
3,17,4-5-6,-79.81166827034522,3.119267932966728e-13,8.675-10.675-12.540,3,33,4-5-6,-62.51054139076537,3.0382754366848714e-13,8.742-10.742-12.540,0.03365359734128348,12.679643867902902,4,18,3-4-5-6,75.40103810892278,0.03084228388490984,7.350-8.810-10.810-12.540,76.16551326269533,155.212706379268,partial,0.5,3,0.8206944909741014,ops_speed_prior,0.208843261753203,3
3,18,4-5-6,-78.57180903611795,1.0397911777793868e-13,8.675-10.675-12.675,3,36,4-5-6,6.205827480453761,5.463036058856392e-13,8.742-10.742-12.742,0.03365359734128348,12.679643867902902,3,18,4-5-6,76.99906604853321,9.378281108607703e-13,8.810-10.810-12.810,76.16551326269533,155.57087508465116,partial,1.0,3,0.8206944909741014,ops_speed_prior,0.208843261753203,3
4,24,2-3-4-5,15.186882007422208,0.049375556300515606,4.675-6.675-8.675-10.675,4,48,2-3-4-5,27.41377548509318,0.0361907942087452,4.743-6.743-8.742-10.742,0.03365359734128348,12.679643867902902,4,24,2-3-4-5,-63.19367993755014,0.0928584310575529,4.810-6.810-8.810-10.810,76.16551326269533,78.38056194497234,partial,-1.0,3,0.8206944909741014,ops_speed_prior,0.208843261753203,4
4,23,2-3-4-5,23.985817884951352,0.04776363469658518,4.810-6.675-8.675-10.675,4,46,2-3-4-5,6.085675874403172,0.03950224625838186,4.877-6.743-8.742-10.742,0.03365359734128348,12.679643867902902,4,23,2-3-4-5,-68.06878790465339,0.09445143030126503,4.945-6.810-8.810-10.810,76.16551326269533,92.05460578960475,partial,-0.5,3,0.8206944909741014,ops_speed_prior,0.208843261753203,4
5,24,2-3-4-5-6,61.57512952403262,0.03701088559651393,5.080-6.675-8.675-10.675-12.270,5,48,2-3-4-5-6,60.56616581757145,0.030315763071378742,5.147-6.743-8.742-10.742-12.338,0.03365359734128348,12.679643867902902,5,24,2-3-4-5-6,67.51725915705156,0.11439614448302872,5.215-6.810-8.810-10.810-12.405,76.16551326269533,5.942129633018936,partial,0.0,3,0.8206944909741014,ops_speed_prior,0.208843261753203,4
4,23,3-4-5-6,27.87245464531205,0.04581074943339905,6.675-8.675-10.675-12.540,4,45,3-4-5-6,45.43934825654409,0.031800913668154164,6.743-8.742-10.742-12.540,0.03365359734128348,12.679643867902902,5,24,2-3-4-5-6,68.07847905351832,0.08373852120717232,5.350-6.810-8.810-10.810-12.540,76.16551326269533,40.206024408206275,partial,0.5,3,0.8206944909741014,ops_speed_prior,0.208843261753203,4
4,24,3-4-5-6,43.43277309462056,0.04337561746475274,6.675-8.675-10.675-12.675,4,48,3-4-5-6,63.0156265656949,0.02624029797696864,6.743-8.742-10.742-12.742,0.03365359734128348,12.679643867902902,4,24,3-4-5-6,75.13893094225926,0.03794155148331558,6.810-8.810-10.810-12.810,76.16551326269533,31.706157847638707,partial,1.0,3,0.8206944909741014,ops_speed_prior,0.208843261753203,4
2,12,4-5,-66.25776649663958,4.868117497111685e-16,8.675-10.675,2,24,4-5,-53.698722016740824,1.1322948220223313e-15,8.742-10.742,0.027925347505888487,13.755075233470265,2,12,4-5,-61.089096235453034,7.022546117255071e-16,8.810-10.810,74.94360663281252,5.168670261186541,complete,-1.0,4,0.8342779856760677,ops_speed_prior,0.27705922834951097,2
2,12,4-5,-66.25776649663958,6.49222433630529e-16,8.675-10.675,2,24,4-5,-53.698722016740824,8.492140293682155e-16,8.742-10.742,0.027925347505888487,13.755075233470265,2,12,4-5,-61.089096235453034,1.5740196064460883e-16,8.810-10.810,74.94360663281252,5.168670261186541,complete,-0.5,4,0.8342779856760677,ops_speed_prior,0.27705922834951097,2
2,12,5-6,25.52338938111419,9.197110587433828e-16,10.675-12.675,2,24,5-6,35.043714771084886,3.516657170580683e-16,10.742-12.742,0.027925347505888487,13.755075233470265,2,12,5-6,37.01757271221013,1.0060797962373644e-15,10.810-12.810,74.94360663281252,11.494183331095943,complete,0.0,4,0.8342779856760677,ops_speed_prior,0.27705922834951097,2
2,12,5-6,25.523389381114182,5.03057844280837e-16,10.675-12.675,2,24,5-6,35.04371477108488,1.570858918313846e-16,10.742-12.742,0.027925347505888487,13.755075233470265,2,12,5-6,37.01757271221013,2.2231549023367096e-16,10.810-12.810,74.94360663281252,11.49418333109595,complete,0.5,4,0.8342779856760677,ops_speed_prior,0.27705922834951097,2
2,12,5-6,25.523389381114175,2.254873622441467e-16,10.675-12.675,2,24,5-6,35.043714771084886,7.863484486980482e-16,10.742-12.742,0.027925347505888487,13.755075233470265,2,12,5-6,37.01757271221013,4.968218961534698e-16,10.810-12.810,74.94360663281252,11.494183331095957,complete,1.0,4,0.8342779856760677,ops_speed_prior,0.27705922834951097,2
3,18,3-4-5,-91.7805746303234,3.744483728234267e-14,6.675-8.675-10.675,3,36,3-4-5,-87.2590594401443,4.484146463942484e-14,6.743-8.742-10.742,0.027925347505888487,13.755075233470265,3,18,3-4-5,-81.47796681763518,3.854602522739361e-14,6.810-8.810-10.810,74.94360663281252,10.302607812688223,complete,-1.0,4,0.8342779856760677,ops_speed_prior,0.27705922834951097,3
3,18,3-4-5,-92.43616546690181,4.495102732925442e-14,6.675-8.675-10.675,3,36,3-4-5,-88.12166984267226,5.374206313232045e-14,6.743-8.742-10.742,0.027925347505888487,13.755075233470265,3,18,3-4-5,-82.53484618335241,4.6200707514707305e-14,6.810-8.810-10.810,74.94360663281252,9.901319283549398,complete,-0.5,4,0.8342779856760677,ops_speed_prior,0.27705922834951097,3
3,18,4-5-6,66.45668491625813,2.7406340685268947e-13,8.675-10.675-12.675,3,36,4-5-6,67.9020925999604,2.798518318068602e-13,8.742-10.742-12.742,0.027925347505888487,13.755075233470265,3,18,4-5-6,70.48591990737435,2.773509476783561e-13,8.810-10.810-12.810,74.94360663281252,4.029234991116226,complete,0.0,4,0.8342779856760677,ops_speed_prior,0.27705922834951097,3
3,18,4-5-6,69.22189836912492,3.205548674664492e-13,8.675-10.675-12.675,3,36,4-5-6,70.72733892285497,4.080793336162504e-16,8.742-10.742-12.742,0.027925347505888487,13.755075233470265,3,18,4-5-6,73.13232900510616,6.362077654409288e-16,8.810-10.810-12.810,74.94360663281252,3.910430635981242,complete,0.5,4,0.8342779856760677,ops_speed_prior,0.27705922834951097,3
3,18,4-5-6,71.2628237302885,4.866468796723319e-16,8.675-10.675-12.675,3,36,4-5-6,72.85987314652432,6.113056574872644e-16,8.742-10.742-12.742,0.027925347505888487,13.755075233470265,3,18,4-5-6,75.08625187689218,4.980983529862767e-16,8.810-10.810-12.810,74.94360663281252,3.823428146603675,complete,1.0,4,0.8342779856760677,ops_speed_prior,0.27705922834951097,3
4,24,2-3-4-5,71.97807454388412,0.10980143151258479,4.675-6.675-8.675-10.675,4,48,2-3-4-5,58.84308058577728,0.06712379624454326,4.743-6.743-8.742-10.742,0.027925347505888487,13.755075233470265,4,24,2-3-4-5,-80.6769142798546,0.008300142190974944,4.810-6.810-8.810-10.810,74.94360663281252,152.65498882373873,complete,-1.0,4,0.8342779856760677,ops_speed_prior,0.27705922834951097,4
4,24,2-3-4-5,72.76751451507903,0.10980143151258451,4.675-6.675-8.675-10.675,4,48,2-3-4-5,59.99326424010936,0.06712379624454326,4.743-6.743-8.742-10.742,0.027925347505888487,13.755075233470265,4,24,2-3-4-5,-82.05428015011066,0.00830014219097499,4.810-6.810-8.810-10.810,74.94360663281252,154.82179466518969,complete,-0.5,4,0.8342779856760677,ops_speed_prior,0.27705922834951097,4
4,24,3-4-5-6,-69.20679648680853,0.05990383267448849,6.675-8.675-10.675-12.675,4,48,3-4-5-6,-59.7319182847415,0.04717177257561608,6.743-8.742-10.742-12.742,0.027925347505888487,13.755075233470265,4,24,3-4-5-6,-7.318153436295658,0.03384552314418936,6.810-8.810-10.810-12.810,74.94360663281252,61.88864305051287,complete,0.0,4,0.8342779856760677,ops_speed_prior,0.27705922834951097,4
4,24,3-4-5-6,-73.20302061752608,0.059903832674488504,6.675-8.675-10.675-12.675,4,48,3-4-5-6,-64.73965312831102,0.04717177257561603,6.743-8.742-10.742-12.742,0.027925347505888487,13.755075233470265,4,24,3-4-5-6,-6.986238599068188,0.03384552314418936,6.810-8.810-10.810-12.810,74.94360663281252,66.21678201845789,complete,0.5,4,0.8342779856760677,ops_speed_prior,0.27705922834951097,4
4,24,3-4-5-6,-76.30604620130033,0.059903832674488545,6.675-8.675-10.675-12.675,4,48,3-4-5-6,-68.63074063942051,0.04717177257561605,6.743-8.742-10.742-12.742,0.027925347505888487,13.755075233470265,4,24,3-4-5-6,-6.65614894435952,0.03384552314418935,6.810-8.810-10.810-12.810,74.94360663281252,69.64989725694082,complete,1.0,4,0.8342779856760677,ops_speed_prior,0.27705922834951097,4
3,12,4-5-6,78.92628320961191,5.6757146048608705e-14,9.080-10.675-12.270,3,24,4-5-6,75.622369917211,8.570491241747665e-14,9.147-10.742-12.338,0.027925347505888487,13.755075233470265,3,12,4-5-6,79.25578386839078,1.1634080265014218e-13,9.215-10.810-12.405,74.94360663281252,0.32950065877886914,partial,-1.0,4,0.8342779856760677,ops_speed_prior,0.27705922834951097,2
2,11,5-6,1.5041458406097432,1.6302709355362946e-16,10.675-12.540,2,22,5-6,16.238076062087586,3.521787733787174e-16,10.742-12.607,0.027925347505888487,13.755075233470265,2,11,5-6,6.149866147140761,1.2278901648614779e-15,10.810-12.675,74.94360663281252,4.645720306531018,partial,-0.5,4,0.8342779856760677,ops_speed_prior,0.27705922834951097,2
2,12,5-6,25.52338938111419,9.197110587433828e-16,10.675-12.675,2,24,5-6,35.043714771084886,3.516657170580683e-16,10.742-12.742,0.027925347505888487,13.755075233470265,2,12,5-6,37.01757271221013,1.0060797962373644e-15,10.810-12.810,74.94360663281252,11.494183331095943,partial,0.0,4,0.8342779856760677,ops_speed_prior,0.27705922834951097,2
2,11,5-6,27.38525226949157,1.594436429147036e-16,10.810-12.675,2,22,5-6,46.686793214597984,3.141717836627692e-16,10.877-12.742,0.027925347505888487,13.755075233470265,2,11,5-6,56.7530794739408,1.6094644373830793e-16,10.945-12.810,74.94360663281252,29.36782720444923,partial,0.5,4,0.8342779856760677,ops_speed_prior,0.27705922834951097,2
3,12,5-6-7,80.87861673647883,1.1533896663673749e-13,11.080-12.675-14.270,3,24,5-6-7,73.7819348306233,2.754707284271951e-13,11.147-12.742-14.338,0.027925347505888487,13.755075233470265,3,12,5-6-7,62.53000929392769,2.0784208686426439e-13,11.215-12.810-14.405,74.94360663281252,18.348607442551142,partial,1.0,4,0.8342779856760677,ops_speed_prior,0.27705922834951097,2
4,18,3-4-5-6,57.40506717377713,0.06268638034204134,7.080-8.675-10.675-12.270,4,36,3-4-5-6,10.112251588378392,0.026645854212781844,7.147-8.742-10.742-12.338,0.027925347505888487,13.755075233470265,4,18,3-4-5-6,46.31516164684711,0.035561478722353726,7.215-8.810-10.810-12.405,74.94360663281252,11.089905526930018,partial,-1.0,4,0.8342779856760677,ops_speed_prior,0.27705922834951097,3
3,17,4-5-6,54.95441148595358,2.188617056528667e-13,8.675-10.675-12.540,3,34,4-5-6,56.1189984701042,2.2136176267413067e-13,8.742-10.742-12.607,0.027925347505888487,13.755075233470265,3,17,4-5-6,55.24977087455318,3.2648970621839996e-13,8.810-10.810-12.675,74.94360663281252,0.2953593885996,partial,-0.5,4,0.8342779856760677,ops_speed_prior,0.27705922834951097,3
3,18,4-5-6,66.45668491625813,2.7406340685268947e-13,8.675-10.675-12.675,3,36,4-5-6,67.9020925999604,2.798518318068602e-13,8.742-10.742-12.742,0.027925347505888487,13.755075233470265,3,18,4-5-6,70.48591990737435,2.773509476783561e-13,8.810-10.810-12.810,74.94360663281252,4.029234991116226,partial,0.0,4,0.8342779856760677,ops_speed_prior,0.27705922834951097,3
3,17,4-5-6,77.63354295134819,4.2052474180013115e-13,8.810-10.675-12.675,3,34,4-5-6,71.97279162657227,2.4362973255264285e-13,8.877-10.742-12.742,0.027925347505888487,13.755075233470265,3,17,4-5-6,76.70811756422026,3.9197405794942355e-13,8.945-10.810-12.810,74.94360663281252,0.9254253871279304,partial,0.5,4,0.8342779856760677,ops_speed_prior,0.27705922834951097,3
4,18,4-5-6-7,78.58509699128388,0.005032246691704767,9.080-10.675-12.675-14.270,4,36,4-5-6-7,79.18732967984509,0.016188742724167652,9.147-10.742-12.742-14.338,0.027925347505888487,13.755075233470265,4,18,4-5-6-7,76.7694213886372,0.02397839280346851,9.215-10.810-12.810-14.405,74.94360663281252,1.8156756026466783,partial,1.0,4,0.8342779856760677,ops_speed_prior,0.27705922834951097,3
5,24,2-3-4-5-6,67.05941638918107,0.08476094123175809,5.080-6.675-8.675-10.675-12.270,5,48,2-3-4-5-6,-3.502103560826162,0.04691761399887484,5.147-6.743-8.742-10.742-12.338,0.027925347505888487,13.755075233470265,5,24,2-3-4-5-6,-68.64826144484441,0.05193657115022419,5.215-6.810-8.810-10.810-12.405,74.94360663281252,135.70767783402547,partial,-1.0,4,0.8342779856760677,ops_speed_prior,0.27705922834951097,4
4,23,3-4-5-6,-75.79556483410485,0.05515301474406205,6.675-8.675-10.675-12.540,4,46,3-4-5-6,-66.56224076550511,0.04321652634935965,6.743-8.742-10.742-12.607,0.027925347505888487,13.755075233470265,4,23,3-4-5-6,-45.41860436025661,0.028698415935278533,6.810-8.810-10.810-12.675,74.94360663281252,30.376960473848243,partial,-0.5,4,0.8342779856760677,ops_speed_prior,0.27705922834951097,4
4,24,3-4-5-6,-69.20679648680853,0.05990383267448849,6.675-8.675-10.675-12.675,4,48,3-4-5-6,-59.7319182847415,0.04717177257561608,6.743-8.742-10.742-12.742,0.027925347505888487,13.755075233470265,4,24,3-4-5-6,-7.318153436295658,0.03384552314418936,6.810-8.810-10.810-12.810,74.94360663281252,61.88864305051287,partial,0.0,4,0.8342779856760677,ops_speed_prior,0.27705922834951097,4
4,23,3-4-5-6,-72.55521959713778,0.060412640800970835,6.810-8.675-10.675-12.675,4,46,3-4-5-6,-59.824825080733525,0.04547244201610046,6.877-8.742-10.742-12.742,0.027925347505888487,13.755075233470265,4,23,3-4-5-6,21.954922131384375,0.029600357680438137,6.945-8.810-10.810-12.810,74.94360663281252,94.51014172852216,partial,0.5,4,0.8342779856760677,ops_speed_prior,0.27705922834951097,4
5,24,3-4-5-6-7,60.684381265428506,0.06491447845745925,7.080-8.675-10.675-12.675-14.270,5,48,3-4-5-6-7,62.670979760670136,0.03054809708798929,7.147-8.742-10.742-12.742-14.338,0.027925347505888487,13.755075233470265,5,24,3-4-5-6-7,55.55413619529931,0.027250751319147067,7.215-8.810-10.810-12.810-14.405,74.94360663281252,5.130245070129199,partial,1.0,4,0.8342779856760677,ops_speed_prior,0.27705922834951097,4
2,12,4-5,72.94678131194374,4.972820174300706e-16,8.675-10.675,2,24,4-5,72.8245412165672,3.5193944017174903e-16,8.742-10.742,0.025082381081757088,12.646933063594533,2,12,4-5,71.49670347046816,1.6245386658735255e-16,8.810-10.810,60.891680389160165,1.4500778414755757,complete,-1.0,5,1.066715407016312,ops_speed_prior,0.2942617751319325,2
2,12,4-5,72.94678131194372,3.534070696710979e-16,8.675-10.675,2,24,4-5,72.82454121656718,1.2266347333466993e-16,8.742-10.742,0.025082381081757088,12.646933063594533,2,12,4-5,71.49670347046816,3.673765906859224e-16,8.810-10.810,60.891680389160165,1.4500778414755617,complete,-0.5,5,1.066715407016312,ops_speed_prior,0.2942617751319325,2
2,12,4-5,72.94678131194372,8.476250148229807e-16,8.675-10.675,2,24,4-5,72.82454121656718,6.688928166795184e-16,8.742-10.742,0.025082381081757088,12.646933063594533,2,12,4-5,71.49670347046816,1.6230560840763224e-16,8.810-10.810,60.891680389160165,1.4500778414755617,complete,0.0,5,1.066715407016312,ops_speed_prior,0.2942617751319325,2
2,12,4-5,72.94678131194372,6.548345608761178e-16,8.675-10.675,2,24,4-5,72.8245412165672,2.416190212695145e-16,8.742-10.742,0.025082381081757088,12.646933063594533,2,12,4-5,71.49670347046816,1.5718164672709886e-16,8.810-10.810,60.891680389160165,1.4500778414755617,complete,0.5,5,1.066715407016312,ops_speed_prior,0.2942617751319325,2
2,12,5-6,-48.690876248166866,1.0999516540951055e-15,10.675-12.675,2,24,5-6,-57.19347456416535,3.150613163178453e-16,10.742-12.742,0.025082381081757088,12.646933063594533,2,12,5-6,-50.943948588790484,4.983519688531493e-16,10.810-12.810,60.891680389160165,2.2530723406236177,complete,1.0,5,1.066715407016312,ops_speed_prior,0.2942617751319325,2
3,18,3-4-5,80.23728522521138,2.5968472140846848e-14,6.675-8.675-10.675,3,36,3-4-5,80.34332466681896,2.50047750673426e-14,6.743-8.742-10.742,0.025082381081757088,12.646933063594533,3,18,3-4-5,80.00275576770849,3.867089197288414e-14,6.810-8.810-10.810,60.891680389160165,0.23452945750288734,complete,-1.0,5,1.066715407016312,ops_speed_prior,0.2942617751319325,3
3,18,3-4-5,81.1485768924743,3.564598790407823e-14,6.675-8.675-10.675,3,36,3-4-5,81.23980851704671,3.4706729997809775e-14,6.743-8.742-10.742,0.025082381081757088,12.646933063594533,3,18,3-4-5,80.8274296269739,5.488678927250959e-14,6.810-8.810-10.810,60.891680389160165,0.3211472655004002,complete,-0.5,5,1.066715407016312,ops_speed_prior,0.2942617751319325,3
3,18,3-4-5,81.88922317164976,4.472947217099462e-14,6.675-8.675-10.675,3,36,3-4-5,81.95245257371566,4.4542819213194787e-14,6.743-8.742-10.742,0.025082381081757088,12.646933063594533,3,18,3-4-5,81.45150016422956,7.036879329975785e-14,6.810-8.810-10.810,60.891680389160165,0.4377230074202032,complete,0.0,5,1.066715407016312,ops_speed_prior,0.2942617751319325,3
3,18,3-4-5,82.50286099643789,5.370893756527334e-14,6.675-8.675-10.675,3,36,3-4-5,82.5323805612391,5.34788641136442e-14,6.743-8.742-10.742,0.025082381081757088,12.646933063594533,3,18,3-4-5,81.94011893445096,8.53454406952384e-14,6.810-8.810-10.810,60.891680389160165,0.5627420619869241,complete,0.5,5,1.066715407016312,ops_speed_prior,0.2942617751319325,3
3,18,4-5-6,-80.97630118420517,8.694342763304018e-14,8.675-10.675-12.675,3,36,4-5-6,-81.82433999470545,7.350851165368769e-14,8.742-10.742-12.742,0.025082381081757088,12.646933063594533,3,18,4-5-6,-82.25729591072567,8.521112829957631e-14,8.810-10.810-12.810,60.891680389160165,1.280994726520504,complete,1.0,5,1.066715407016312,ops_speed_prior,0.2942617751319325,3
4,24,2-3-4-5,84.83187705101254,0.034065879996078685,4.675-6.675-8.675-10.675,4,48,2-3-4-5,79.64000847575258,0.006163506159357209,4.743-6.743-8.742-10.742,0.025082381081757088,12.646933063594533,4,24,2-3-4-5,74.84936669012272,0.04674871434205861,4.810-6.810-8.810-10.810,60.891680389160165,9.982510360889819,complete,-1.0,5,1.066715407016312,ops_speed_prior,0.2942617751319325,4
4,24,2-3-4-5,85.5504349938878,0.0340658799960788,4.675-6.675-8.675-10.675,4,48,2-3-4-5,80.60088230435929,0.006163506159357109,4.743-6.743-8.742-10.742,0.025082381081757088,12.646933063594533,4,24,2-3-4-5,76.50963706262918,0.046748714342058635,4.810-6.810-8.810-10.810,60.891680389160165,9.040797931258624,complete,-0.5,5,1.066715407016312,ops_speed_prior,0.2942617751319325,4
4,24,2-3-4-5,86.11518243583556,0.03406587999607906,4.675-6.675-8.675-10.675,4,48,2-3-4-5,81.37078942430134,0.006163506159357344,4.743-6.743-8.742-10.742,0.025082381081757088,12.646933063594533,4,24,2-3-4-5,77.81653334697565,0.04674871434205863,4.810-6.810-8.810-10.810,60.891680389160165,8.298649088859918,complete,0.0,5,1.066715407016312,ops_speed_prior,0.2942617751319325,4
4,24,2-3-4-5,86.5706484468508,0.03406587999607895,4.675-6.675-8.675-10.675,4,48,2-3-4-5,82.00130209389656,0.0061635061593570085,4.743-6.743-8.742-10.742,0.025082381081757088,12.646933063594533,4,24,2-3-4-5,78.87100538899666,0.04674871434205863,4.810-6.810-8.810-10.810,60.891680389160165,7.699643057854132,complete,0.5,5,1.066715407016312,ops_speed_prior,0.2942617751319325,4
4,24,3-4-5-6,-57.11802463120945,0.05662310409809961,6.675-8.675-10.675-12.675,4,48,3-4-5-6,-61.49147064417226,0.06442668017572735,6.743-8.742-10.742-12.742,0.025082381081757088,12.646933063594533,4,24,3-4-5-6,-15.141926569948568,0.07811525440773957,6.810-8.810-10.810-12.810,60.891680389160165,41.976098061260885,complete,1.0,5,1.066715407016312,ops_speed_prior,0.2942617751319325,4
2,12,4-5,72.94678131194374,4.972820174300706e-16,8.675-10.675,2,24,4-5,72.8245412165672,3.5193944017174903e-16,8.742-10.742,0.025082381081757088,12.646933063594533,2,12,4-5,71.49670347046816,1.6245386658735255e-16,8.810-10.810,60.891680389160165,1.4500778414755757,partial,-1.0,5,1.066715407016312,ops_speed_prior,0.2942617751319325,2
2,11,4-5,67.31308227670331,4.72354722700283e-16,8.810-10.675,2,22,4-5,76.40657540603296,7.156317812512737e-16,8.877-10.742,0.025082381081757088,12.646933063594533,2,11,4-5,75.03943371547575,1.060836949434336e-15,8.945-10.810,60.891680389160165,7.72635143877244,partial,-0.5,5,1.066715407016312,ops_speed_prior,0.2942617751319325,2
3,12,4-5-6,-84.22768536400223,1.6701189704439657e-14,9.080-10.675-12.270,3,24,4-5-6,-84.84227211945111,1.0049186867389568e-14,9.080-10.742-12.270,0.025082381081757088,12.646933063594533,3,12,4-5-6,-86.05067501392982,1.1449227683928098e-14,9.080-10.810-12.270,60.891680389160165,1.8229896499275924,partial,0.0,5,1.066715407016312,ops_speed_prior,0.2942617751319325,2
2,11,5-6,-54.46010638336268,8.020990689769141e-16,10.675-12.540,2,21,5-6,-57.23864772217397,1.1103097574110882e-15,10.742-12.540,0.025082381081757088,12.646933063594533,3,12,4-5-6,-85.6991272170934,1.3901133306734435e-14,9.350-10.810-12.540,60.891680389160165,31.239020833730727,partial,0.5,5,1.066715407016312,ops_speed_prior,0.2942617751319325,2
2,12,5-6,-48.690876248166866,1.0999516540951055e-15,10.675-12.675,2,24,5-6,-57.19347456416535,3.150613163178453e-16,10.742-12.742,0.025082381081757088,12.646933063594533,2,12,5-6,-50.943948588790484,4.983519688531493e-16,10.810-12.810,60.891680389160165,2.2530723406236177,partial,1.0,5,1.066715407016312,ops_speed_prior,0.2942617751319325,2
3,18,3-4-5,80.23728522521138,2.5968472140846848e-14,6.675-8.675-10.675,3,36,3-4-5,80.34332466681896,2.50047750673426e-14,6.743-8.742-10.742,0.025082381081757088,12.646933063594533,3,18,3-4-5,80.00275576770849,3.867089197288414e-14,6.810-8.810-10.810,60.891680389160165,0.23452945750288734,partial,-1.0,5,1.066715407016312,ops_speed_prior,0.2942617751319325,3
3,17,3-4-5,81.25128056639377,2.924289740202932e-14,6.810-8.675-10.675,3,34,3-4-5,82.05835292467181,4.003198920611132e-14,6.877-8.742-10.742,0.025082381081757088,12.646933063594533,3,17,3-4-5,81.11040488744261,5.400404631877743e-14,6.945-8.810-10.810,60.891680389160165,0.14087567895116138,partial,-0.5,5,1.066715407016312,ops_speed_prior,0.2942617751319325,3
4,18,3-4-5-6,-42.208642623239164,0.06107350466445226,7.080-8.675-10.675-12.270,4,36,3-4-5-6,-59.23612478681705,0.06396045168779667,7.080-8.742-10.742-12.270,0.025082381081757088,12.646933063594533,4,18,3-4-5-6,-7.438992355466103,0.07932664161041197,7.080-8.810-10.810-12.270,60.891680389160165,34.76965026777306,partial,0.0,5,1.066715407016312,ops_speed_prior,0.2942617751319325,3
3,17,4-5-6,-80.1096270949568,4.8019652951441225e-14,8.675-10.675-12.540,3,33,4-5-6,-80.4669103029063,3.8246833440564903e-14,8.742-10.742-12.540,0.025082381081757088,12.646933063594533,4,18,3-4-5-6,-23.171064533654572,0.08163239950227195,7.350-8.810-10.810-12.540,60.891680389160165,56.93856256130224,partial,0.5,5,1.066715407016312,ops_speed_prior,0.2942617751319325,3
3,18,4-5-6,-80.97630118420517,8.694342763304018e-14,8.675-10.675-12.675,3,36,4-5-6,-81.82433999470545,7.350851165368769e-14,8.742-10.742-12.742,0.025082381081757088,12.646933063594533,3,18,4-5-6,-82.25729591072567,8.521112829957631e-14,8.810-10.810-12.810,60.891680389160165,1.280994726520504,partial,1.0,5,1.066715407016312,ops_speed_prior,0.2942617751319325,3
4,24,2-3-4-5,84.83187705101254,0.034065879996078685,4.675-6.675-8.675-10.675,4,48,2-3-4-5,79.64000847575258,0.006163506159357209,4.743-6.743-8.742-10.742,0.025082381081757088,12.646933063594533,4,24,2-3-4-5,74.84936669012272,0.04674871434205861,4.810-6.810-8.810-10.810,60.891680389160165,9.982510360889819,partial,-1.0,5,1.066715407016312,ops_speed_prior,0.2942617751319325,4
4,23,2-3-4-5,85.92971263691524,0.03960112468081513,4.810-6.675-8.675-10.675,4,46,2-3-4-5,81.22578453572342,0.001993984151243747,4.877-6.743-8.742-10.742,0.025082381081757088,12.646933063594533,4,23,2-3-4-5,77.18455923066709,0.04446469720739933,4.945-6.810-8.810-10.810,60.891680389160165,8.74515340624815,partial,-0.5,5,1.066715407016312,ops_speed_prior,0.2942617751319325,4
5,24,2-3-4-5-6,-15.788499399549861,0.050705883869421986,5.080-6.675-8.675-10.675-12.270,5,48,2-3-4-5-6,26.66409701744463,0.06265426984505038,5.080-6.743-8.742-10.742-12.270,0.025082381081757088,12.646933063594533,5,24,2-3-4-5-6,19.840815019455874,0.0672097187723494,5.080-6.810-8.810-10.810-12.270,60.891680389160165,35.62931441900574,partial,0.0,5,1.066715407016312,ops_speed_prior,0.2942617751319325,4
4,23,3-4-5-6,-56.21193533716873,0.058123067656198776,6.675-8.675-10.675-12.540,4,45,3-4-5-6,-54.56163656162379,0.06369904506323042,6.743-8.742-10.742-12.540,0.025082381081757088,12.646933063594533,5,24,2-3-4-5-6,22.337737318196748,0.06834859985010013,5.350-6.810-8.810-10.810-12.540,60.891680389160165,78.54967265536548,partial,0.5,5,1.066715407016312,ops_speed_prior,0.2942617751319325,4
4,24,3-4-5-6,-57.11802463120945,0.05662310409809961,6.675-8.675-10.675-12.675,4,48,3-4-5-6,-61.49147064417226,0.06442668017572735,6.743-8.742-10.742-12.742,0.025082381081757088,12.646933063594533,4,24,3-4-5-6,-15.141926569948568,0.07811525440773957,6.810-8.810-10.810-12.810,60.891680389160165,41.976098061260885,partial,1.0,5,1.066715407016312,ops_speed_prior,0.2942617751319325,4
2,12,5-6,68.48895610473386,7.882290276685592e-16,10.675-12.675,2,24,5-6,-48.980457515973654,4.9651289148686e-16,10.742-12.742,0.019055789998412953,15.715827842426718,2,12,5-6,82.2599913354886,1.798766884999431e-16,10.810-12.810,74.23082776538085,13.771035230754748,complete,-1.0,6,0.9716373420674137,ops_speed_prior,0.32718011037399297,2
2,12,5-6,68.48895610473387,3.5381555418772976e-16,10.675-12.675,2,24,5-6,-48.98045751597366,3.154049780182249e-16,10.742-12.742,0.019055789998412953,15.715827842426718,2,12,5-6,82.2599913354886,2.2887833992611187e-16,10.810-12.810,74.23082776538085,13.771035230754734,complete,-0.5,6,0.9716373420674137,ops_speed_prior,0.32718011037399297,2
2,12,6-7,55.93497146509324,4.482170984287565e-16,12.675-14.675,2,24,6-7,38.250985188695985,7.853016368736385e-16,12.742-14.742,0.019055789998412953,15.715827842426718,2,12,6-7,-73.44932907466408,1.3466483038143618e-15,12.810-14.810,74.23082776538085,129.3843005397573,complete,0.0,6,0.9716373420674137,ops_speed_prior,0.32718011037399297,2
2,12,6-7,55.93497146509325,1.1109600374723477e-15,12.675-14.675,2,24,6-7,38.25098518869598,6.490167871882729e-16,12.742-14.742,0.019055789998412953,15.715827842426718,2,12,6-7,-73.44932907466408,1.3559480225806411e-15,12.810-14.810,74.23082776538085,129.38430053975733,complete,0.5,6,0.9716373420674137,ops_speed_prior,0.32718011037399297,2
2,12,6-7,55.934971465093255,6.688028331159607e-16,12.675-14.675,2,24,6-7,38.250985188695985,7.854798040506578e-16,12.742-14.742,0.019055789998412953,15.715827842426718,2,12,6-7,-73.44932907466408,1.3814172808848053e-15,12.810-14.810,74.23082776538085,129.38430053975733,complete,1.0,6,0.9716373420674137,ops_speed_prior,0.32718011037399297,2
3,18,4-5-6,79.63196136512009,3.7746489171799274e-13,8.675-10.675-12.675,3,36,4-5-6,-82.89801810025712,2.2905825903284236e-13,8.742-10.742-12.742,0.019055789998412953,15.715827842426718,3,18,4-5-6,98.91497291513961,4.427532268459846e-14,8.810-10.810-12.810,74.23082776538085,19.283011550019523,complete,-1.0,6,0.9716373420674137,ops_speed_prior,0.32718011037399297,3
3,18,4-5-6,80.07177187446308,4.4555595481915597e-13,8.675-10.675-12.675,3,36,4-5-6,-83.98684797065471,2.7045038969232957e-13,8.742-10.742-12.742,0.019055789998412953,15.715827842426718,3,18,4-5-6,102.38041087144454,5.2785958162934206e-14,8.810-10.810-12.810,74.23082776538085,22.308638996981458,complete,-0.5,6,0.9716373420674137,ops_speed_prior,0.32718011037399297,3
3,18,5-6-7,-45.35457143126403,8.799090661123458e-13,10.675-12.675-14.675,3,36,5-6-7,69.00427399547246,2.355598526943043e-14,10.742-12.742-14.742,0.019055789998412953,15.715827842426718,3,18,5-6-7,-79.49690614078466,5.524836307934007e-13,10.810-12.810-14.810,74.23082776538085,34.14233470952063,complete,0.0,6,0.9716373420674137,ops_speed_prior,0.32718011037399297,3
3,18,5-6-7,-65.76342403001681,3.8785796232965536e-14,10.675-12.675-14.675,3,36,5-6-7,71.85849801209218,3.0578300352365755e-14,10.742-12.742-14.742,0.019055789998412953,15.715827842426718,3,18,5-6-7,-80.02856585791756,1.9164602680632057e-13,10.810-12.810-14.810,74.23082776538085,14.265141827900749,complete,0.5,6,0.9716373420674137,ops_speed_prior,0.32718011037399297,3
3,18,5-6-7,-75.99120646645076,4.609538573934289e-14,10.675-12.675-14.675,3,36,5-6-7,74.02367651778665,3.677078126774096e-14,10.742-12.742-14.742,0.019055789998412953,15.715827842426718,3,18,5-6-7,-80.43086185459516,2.327418025240751e-13,10.810-12.810-14.810,74.23082776538085,4.439655388144402,complete,1.0,6,0.9716373420674137,ops_speed_prior,0.32718011037399297,3
4,24,3-4-5-6,48.355872439876904,0.08119118551498308,6.675-8.675-10.675-12.675,4,48,3-4-5-6,70.64621986837726,0.06614547591874602,6.743-8.742-10.742-12.742,0.019055789998412953,15.715827842426718,4,24,3-4-5-6,85.98622509232598,0.05154008284400322,6.810-8.810-10.810-12.810,74.23082776538085,37.630352652449076,complete,-1.0,6,0.9716373420674137,ops_speed_prior,0.32718011037399297,4
4,24,3-4-5-6,51.788520917682206,0.08119118551498304,6.675-8.675-10.675-12.675,4,48,3-4-5-6,71.87456788933537,0.06614547591874603,6.743-8.742-10.742-12.742,0.019055789998412953,15.715827842426718,4,24,3-4-5-6,86.34968077313115,0.051540082844003174,6.810-8.810-10.810-12.810,74.23082776538085,34.56115985544895,complete,-0.5,6,0.9716373420674137,ops_speed_prior,0.32718011037399297,4
4,24,4-5-6-7,76.50109837965377,0.06739435822811471,8.675-10.675-12.675-14.675,4,48,4-5-6-7,-58.52214616522695,0.04313999994829549,8.742-10.742-12.742-14.742,0.019055789998412953,15.715827842426718,4,24,4-5-6-7,-80.26106223652735,0.06483460478162484,8.810-10.810-12.810-14.810,74.23082776538085,156.76216061618112,complete,0.0,6,0.9716373420674137,ops_speed_prior,0.32718011037399297,4
4,24,4-5-6-7,77.35335587374425,0.06739435822812535,8.675-10.675-12.675-14.675,4,48,4-5-6-7,-62.95085082577898,0.043139999948300374,8.742-10.742-12.742-14.742,0.019055789998412953,15.715827842426718,4,24,4-5-6-7,-81.25833333354893,0.06483460478160108,8.810-10.810-12.810-14.810,74.23082776538085,158.61168920729318,complete,0.5,6,0.9716373420674137,ops_speed_prior,0.32718011037399297,4
4,24,4-5-6-7,78.05563066593422,0.06739435822813532,8.675-10.675-12.675-14.675,4,48,4-5-6-7,-66.44164610922323,0.04313999994830488,8.742-10.742-12.742-14.742,0.019055789998412953,15.715827842426718,4,24,4-5-6-7,-82.0363804266257,0.06483460478157915,8.810-10.810-12.810-14.810,74.23082776538085,160.09201109255991,complete,1.0,6,0.9716373420674137,ops_speed_prior,0.32718011037399297,4
3,12,5-6-7,-80.29041539921296,7.97651462456281e-14,11.080-12.675-14.270,3,24,5-6-7,61.53543490649484,2.1208377527165148e-14,11.147-12.742-14.338,0.019055789998412953,15.715827842426718,3,12,5-6-7,-81.61702366182038,3.377968082141296e-14,11.215-12.810-14.405,74.23082776538085,1.3266082626074223,partial,-1.0,6,0.9716373420674137,ops_speed_prior,0.32718011037399297,2
2,11,6-7,-52.135134649355194,1.3416670311673943e-15,12.675-14.540,2,22,6-7,49.0734493067673,1.4812405474552825e-15,12.742-14.607,0.019055789998412953,15.715827842426718,2,11,6-7,-73.7598146296943,6.281136434656751e-16,12.810-14.675,74.23082776538085,21.62467998033911,partial,-0.5,6,0.9716373420674137,ops_speed_prior,0.32718011037399297,2
2,12,6-7,55.93497146509324,4.482170984287565e-16,12.675-14.675,2,24,6-7,38.250985188695985,7.853016368736385e-16,12.742-14.742,0.019055789998412953,15.715827842426718,2,12,6-7,-73.44932907466408,1.3466483038143618e-15,12.810-14.810,74.23082776538085,129.3843005397573,partial,0.0,6,0.9716373420674137,ops_speed_prior,0.32718011037399297,2
2,11,6-7,56.22876206137127,6.357329618870343e-16,12.810-14.675,2,22,6-7,-19.432514716189498,4.965637427863151e-16,12.877-14.742,0.019055789998412953,15.715827842426718,2,11,6-7,-70.92130054373757,6.473703533756692e-16,12.945-14.810,74.23082776538085,127.15006260510884,partial,0.5,6,0.9716373420674137,ops_speed_prior,0.32718011037399297,2
3,12,6-7-8,62.627389081668795,1.0422800149122455e-13,13.080-14.675-16.270,3,24,6-7-8,31.74498404143868,6.896637244094778e-14,13.147-14.742-16.337,0.019055789998412953,15.715827842426718,3,12,6-7-8,75.24806772725286,9.376293433387138e-14,13.215-14.810-16.405,74.23082776538085,12.620678645584064,partial,1.0,6,0.9716373420674137,ops_speed_prior,0.32718011037399297,2
4,18,4-5-6-7,76.82870710507515,0.07006337186883958,9.080-10.675-12.675-14.270,4,36,4-5-6-7,-31.295763299511464,0.035324658882737316,9.147-10.742-12.742-14.338,0.019055789998412953,15.715827842426718,4,18,4-5-6-7,-80.6016042591933,0.07376376008434908,9.215-10.810-12.810-14.405,74.23082776538085,157.43031136426845,partial,-1.0,6,0.9716373420674137,ops_speed_prior,0.32718011037399297,3
3,17,5-6-7,-83.46700064989007,3.431573845836726e-13,10.675-12.675-14.540,3,34,5-6-7,71.0319886128781,2.4573532788606264e-13,10.742-12.742-14.607,0.019055789998412953,15.715827842426718,3,17,5-6-7,-79.01786976523621,3.562744054896445e-13,10.810-12.810-14.675,74.23082776538085,4.449130884653854,partial,-0.5,6,0.9716373420674137,ops_speed_prior,0.32718011037399297,3
3,18,5-6-7,-45.35457143126403,8.799090661123458e-13,10.675-12.675-14.675,3,36,5-6-7,69.00427399547246,2.355598526943043e-14,10.742-12.742-14.742,0.019055789998412953,15.715827842426718,3,18,5-6-7,-79.49690614078466,5.524836307934007e-13,10.810-12.810-14.810,74.23082776538085,34.14233470952063,partial,0.0,6,0.9716373420674137,ops_speed_prior,0.32718011037399297,3
3,17,5-6-7,77.06068900953962,3.4202948635765506e-13,10.810-12.675-14.675,3,34,5-6-7,78.06504871330111,3.86860748139274e-13,10.877-12.742-14.742,0.019055789998412953,15.715827842426718,3,17,5-6-7,-79.31756293587856,1.2325651770539835e-13,10.945-12.810-14.810,74.23082776538085,156.37825194541819,partial,0.5,6,0.9716373420674137,ops_speed_prior,0.32718011037399297,3
4,18,5-6-7-8,-79.04881595907634,0.01617165229219799,11.080-12.675-14.675-16.270,4,36,5-6-7-8,-33.90434840479439,0.0187456976856585,11.147-12.742-14.742-16.337,0.019055789998412953,15.715827842426718,4,18,5-6-7-8,-53.19802625122204,0.13899834459253832,11.215-12.810-14.810-16.405,74.23082776538085,25.850789707854297,partial,1.0,6,0.9716373420674137,ops_speed_prior,0.32718011037399297,3
5,24,3-4-5-6-7,30.844902171717468,0.10097351695541697,7.080-8.675-10.675-12.675-14.270,5,48,3-4-5-6-7,-44.545209400257754,0.03620095017209868,7.147-8.742-10.742-12.742-14.338,0.019055789998412953,15.715827842426718,5,24,3-4-5-6-7,-28.44087185746319,0.17103987545587124,7.215-8.810-10.810-12.810-14.405,74.23082776538085,59.28577402918066,partial,-1.0,6,0.9716373420674137,ops_speed_prior,0.32718011037399297,4
4,23,4-5-6-7,62.559756848170096,0.08645594893059498,8.675-10.675-12.675-14.540,4,46,4-5-6-7,-47.03941237350216,0.04521190628897029,8.742-10.742-12.742-14.607,0.019055789998412953,15.715827842426718,4,23,4-5-6-7,-79.2411848221931,0.06701018658275196,8.810-10.810-12.810-14.675,74.23082776538085,141.80094167036322,partial,-0.5,6,0.9716373420674137,ops_speed_prior,0.32718011037399297,4
4,24,4-5-6-7,76.50109837965377,0.06739435822811471,8.675-10.675-12.675-14.675,4,48,4-5-6-7,-58.52214616522695,0.04313999994829549,8.742-10.742-12.742-14.742,0.019055789998412953,15.715827842426718,4,24,4-5-6-7,-80.26106223652735,0.06483460478162484,8.810-10.810-12.810-14.810,74.23082776538085,156.76216061618112,partial,0.0,6,0.9716373420674137,ops_speed_prior,0.32718011037399297,4
4,23,4-5-6-7,75.54542676185314,0.05711211576362333,8.810-10.675-12.675-14.675,4,46,4-5-6-7,-38.503961649662585,0.0345704925929534,8.877-10.742-12.742-14.742,0.019055789998412953,15.715827842426718,4,23,4-5-6-7,-78.49672206921545,0.07557584934951339,8.945-10.810-12.810-14.810,74.23082776538085,154.0421488310686,partial,0.5,6,0.9716373420674137,ops_speed_prior,0.32718011037399297,4
5,24,4-5-6-7-8,46.25328095925961,0.0992479068501486,9.080-10.675-12.675-14.675-16.270,5,48,4-5-6-7-8,-38.063574832265815,0.031088931231391725,9.147-10.742-12.742-14.742-16.337,0.019055789998412953,15.715827842426718,5,24,4-5-6-7-8,-69.0715798171425,0.11138133718937421,9.215-10.810-12.810-14.810-16.405,74.23082776538085,115.32486077640213,partial,1.0,6,0.9716373420674137,ops_speed_prior,0.32718011037399297,4
2,12,5-6,-54.23726824385488,1.6302709355362946e-16,10.675-12.675,2,24,5-6,30.60877692311367,2.2633986948989007e-16,10.742-12.742,0.035897685268657664,14.69465961792854,2,12,5-6,65.94369169359645,1.582358806017242e-16,10.810-12.810,75.45273439526369,120.18095993745132,complete,-1.0,7,0.8666115790896619,ops_speed_prior,0.2324181634665331,2
2,12,5-6,-54.23726824385488,3.516314866869299e-16,10.675-12.675,2,24,5-6,30.608776923113663,3.516314866869299e-16,10.742-12.742,0.035897685268657664,14.69465961792854,2,12,5-6,65.94369169359646,1.005709581925287e-15,10.810-12.810,75.45273439526369,120.18095993745135,complete,-0.5,7,0.8666115790896619,ops_speed_prior,0.2324181634665331,2
2,12,5-6,-54.23726824385488,1.594436429147036e-16,10.675-12.675,2,24,5-6,30.608776923113673,4.440892098500626e-16,10.742-12.742,0.035897685268657664,14.69465961792854,2,12,5-6,65.94369169359646,5.810896420798268e-16,10.810-12.810,75.45273439526369,120.18095993745135,complete,0.0,7,0.8666115790896619,ops_speed_prior,0.2324181634665331,2
2,12,5-6,-54.23726824385487,1.5823112613210482e-16,10.675-12.675,2,24,5-6,30.60877692311367,6.667118051786499e-16,10.742-12.742,0.035897685268657664,14.69465961792854,2,12,5-6,65.94369169359646,1.5701403733719375e-16,10.810-12.810,75.45273439526369,120.18095993745135,complete,0.5,7,0.8666115790896619,ops_speed_prior,0.2324181634665331,2
2,12,6-7,9.43300496740672,1.6883057536160649e-16,12.675-14.675,2,24,6-7,-62.6005814383294,4.47545209131181e-16,12.742-14.742,0.035897685268657664,14.69465961792854,2,12,6-7,-23.106665532522236,9.889445383256551e-18,12.810-14.810,75.45273439526369,32.53967049992896,complete,1.0,7,0.8666115790896619,ops_speed_prior,0.2324181634665331,2
3,18,4-5-6,-59.932809493063885,2.1632785672287145e-14,8.675-10.675-12.675,3,36,4-5-6,64.75350476845219,1.758528835088317e-13,8.742-10.742-12.742,0.035897685268657664,14.69465961792854,3,18,4-5-6,78.05525390299637,2.596942984536121e-13,8.810-10.810-12.810,75.45273439526369,137.98806339606026,complete,-1.0,7,0.8666115790896619,ops_speed_prior,0.2324181634665331,3
3,18,4-5-6,-61.201434677111216,2.6749589896766555e-14,8.675-10.675-12.675,3,36,4-5-6,67.91302638068996,2.214249592904593e-13,8.742-10.742-12.742,0.035897685268657664,14.69465961792854,3,18,4-5-6,79.17347694152306,3.3844935623620896e-13,8.810-10.810-12.810,75.45273439526369,140.3749116186343,complete,-0.5,7,0.8666115790896619,ops_speed_prior,0.2324181634665331,3
3,18,4-5-6,-62.418036996722726,2.785946459622037e-16,8.675-10.675-12.675,3,36,4-5-6,70.28922087640126,5.502474322283355e-16,8.742-10.742-12.742,0.035897685268657664,14.69465961792854,3,18,4-5-6,80.02034467842853,4.138727753698492e-13,8.810-10.810-12.810,75.45273439526369,142.43838167515125,complete,0.0,7,0.8666115790896619,ops_speed_prior,0.2324181634665331,3
3,18,4-5-6,-63.58472031900057,4.2616334163758895e-16,8.675-10.675-12.675,3,36,4-5-6,72.13541163950306,3.0449544726652675e-16,8.742-10.742-12.742,0.035897685268657664,14.69465961792854,3,18,4-5-6,80.68367523152871,4.864458961466056e-13,8.810-10.810-12.810,75.45273439526369,144.26839555052928,complete,0.5,7,0.8666115790896619,ops_speed_prior,0.2324181634665331,3
3,18,5-6-7,53.94593246601878,1.2145086355424963e-14,10.675-12.675-14.675,3,36,5-6-7,-80.09285897607016,3.221640886480929e-14,10.742-12.742-14.742,0.035897685268657664,14.69465961792854,3,18,5-6-7,-75.70749861988497,9.169806735455586e-14,10.810-12.810-14.810,75.45273439526369,129.65343108590375,complete,1.0,7,0.8666115790896619,ops_speed_prior,0.2324181634665331,3
4,24,3-4-5-6,-85.49467073694106,0.03615373636938582,6.675-8.675-10.675-12.675,4,48,3-4-5-6,-54.22670461039472,0.03579735955692232,6.743-8.742-10.742-12.742,0.035897685268657664,14.69465961792854,4,24,3-4-5-6,56.11841200033665,0.051055024693009196,6.810-8.810-10.810-12.810,75.45273439526369,141.61308273727772,complete,-1.0,7,0.8666115790896619,ops_speed_prior,0.2324181634665331,4
4,24,3-4-5-6,-86.81639437922702,0.03615373636938576,6.675-8.675-10.675-12.675,4,48,3-4-5-6,-58.44207939749205,0.03579735955692234,6.743-8.742-10.742-12.742,0.035897685268657664,14.69465961792854,4,24,3-4-5-6,58.33573645293509,0.0510550246930092,6.810-8.810-10.810-12.810,75.45273439526369,145.1521308321621,complete,-0.5,7,0.8666115790896619,ops_speed_prior,0.2324181634665331,4
4,24,3-4-5-6,-87.86163264898398,0.036153736369385785,6.675-8.675-10.675-12.675,4,48,3-4-5-6,-61.95990265381316,0.03579735955692236,6.743-8.742-10.742-12.742,0.035897685268657664,14.69465961792854,4,24,3-4-5-6,60.2779163675786,0.05105502469300922,6.810-8.810-10.810-12.810,75.45273439526369,148.13954901656257,complete,0.0,7,0.8666115790896619,ops_speed_prior,0.2324181634665331,4
4,24,3-4-5-6,-88.70840281809522,0.03615373636938577,6.675-8.675-10.675-12.675,4,48,3-4-5-6,-64.91915625808306,0.035797359556922315,6.743-8.742-10.742-12.742,0.035897685268657664,14.69465961792854,4,24,3-4-5-6,61.989438693316636,0.0510550246930092,6.810-8.810-10.810-12.810,75.45273439526369,150.69784151141187,complete,0.5,7,0.8666115790896619,ops_speed_prior,0.2324181634665331,4
4,24,4-5-6-7,14.043384256204261,0.011740983074342097,8.675-10.675-12.675-14.675,4,48,4-5-6-7,-31.46401122502325,0.029181182157363008,8.742-10.742-12.742-14.742,0.035897685268657664,14.69465961792854,4,24,4-5-6-7,61.71827589728983,0.04995634455432211,8.810-10.810-12.810-14.810,75.45273439526369,47.674891641085566,complete,1.0,7,0.8666115790896619,ops_speed_prior,0.2324181634665331,4
2,12,5-6,-54.23726824385488,1.6302709355362946e-16,10.675-12.675,2,24,5-6,30.60877692311367,2.2633986948989007e-16,10.742-12.742,0.035897685268657664,14.69465961792854,2,12,5-6,65.94369169359645,1.582358806017242e-16,10.810-12.810,75.45273439526369,120.18095993745132,partial,-1.0,7,0.8666115790896619,ops_speed_prior,0.2324181634665331,2
2,11,5-6,-64.9102724737255,7.928578270080922e-16,10.810-12.675,2,22,5-6,32.53959941502577,2.348997507591149e-16,10.877-12.742,0.035897685268657664,14.69465961792854,2,11,5-6,65.07774083561597,4.449033093461626e-16,10.945-12.810,75.45273439526369,129.98801330934145,partial,-0.5,7,0.8666115790896619,ops_speed_prior,0.2324181634665331,2
3,12,5-6-7,77.11723551481717,4.78812081196563e-13,11.080-12.675-14.270,3,24,5-6-7,62.09125141231332,3.249796885588999e-13,11.147-12.742-14.338,0.035897685268657664,14.69465961792854,3,12,5-6-7,-61.975922799716464,2.515284786484209e-13,11.215-12.810-14.405,75.45273439526369,139.09315831453364,partial,0.0,7,0.8666115790896619,ops_speed_prior,0.2324181634665331,2
2,11,6-7,39.5195754444069,4.496917212498577e-16,12.675-14.540,2,21,6-7,5.483051034283087,5.665299861720762e-16,12.742-14.540,0.035897685268657664,14.69465961792854,3,12,5-6-7,-78.92602422859744,3.4940920749538147e-13,11.350-12.810-14.540,75.45273439526369,118.44559967300434,partial,0.5,7,0.8666115790896619,ops_speed_prior,0.2324181634665331,2
2,12,6-7,9.43300496740672,1.6883057536160649e-16,12.675-14.675,2,24,6-7,-62.6005814383294,4.47545209131181e-16,12.742-14.742,0.035897685268657664,14.69465961792854,2,12,6-7,-23.106665532522236,9.889445383256551e-18,12.810-14.810,75.45273439526369,32.53967049992896,partial,1.0,7,0.8666115790896619,ops_speed_prior,0.2324181634665331,2
3,18,4-5-6,-59.932809493063885,2.1632785672287145e-14,8.675-10.675-12.675,3,36,4-5-6,64.75350476845219,1.758528835088317e-13,8.742-10.742-12.742,0.035897685268657664,14.69465961792854,3,18,4-5-6,78.05525390299637,2.596942984536121e-13,8.810-10.810-12.810,75.45273439526369,137.98806339606026,partial,-1.0,7,0.8666115790896619,ops_speed_prior,0.2324181634665331,3
3,17,4-5-6,-80.84161087687119,9.888674483621211e-16,8.810-10.675-12.675,3,34,4-5-6,68.10890478990085,2.0106415135305327e-13,8.877-10.742-12.742,0.035897685268657664,14.69465961792854,3,17,4-5-6,79.4542444958354,3.157460743471876e-13,8.945-10.810-12.810,75.45273439526369,160.29585537270657,partial,-0.5,7,0.8666115790896619,ops_speed_prior,0.2324181634665331,3
4,18,4-5-6-7,17.89055028095835,0.05683781515133785,9.080-10.675-12.675-14.270,4,36,4-5-6-7,-63.784244478293814,0.029139383779564414,9.147-10.742-12.742-14.338,0.035897685268657664,14.69465961792854,4,18,4-5-6-7,-40.02500449529525,0.011667160223801088,9.215-10.810-12.810-14.405,75.45273439526369,57.91555477625361,partial,0.0,7,0.8666115790896619,ops_speed_prior,0.2324181634665331,3
3,17,5-6-7,64.7064479001016,1.5502834873673428e-14,10.675-12.675-14.540,3,33,5-6-7,-18.730607209257716,7.672295798537194e-15,10.742-12.742-14.540,0.035897685268657664,14.69465961792854,4,18,4-5-6-7,-78.50247041362987,0.004687466590065303,9.350-10.810-12.810-14.540,75.45273439526369,143.20891831373146,partial,0.5,7,0.8666115790896619,ops_speed_prior,0.2324181634665331,3
3,18,5-6-7,53.94593246601878,1.2145086355424963e-14,10.675-12.675-14.675,3,36,5-6-7,-80.09285897607016,3.221640886480929e-14,10.742-12.742-14.742,0.035897685268657664,14.69465961792854,3,18,5-6-7,-75.70749861988497,9.169806735455586e-14,10.810-12.810-14.810,75.45273439526369,129.65343108590375,partial,1.0,7,0.8666115790896619,ops_speed_prior,0.2324181634665331,3
4,24,3-4-5-6,-85.49467073694106,0.03615373636938582,6.675-8.675-10.675-12.675,4,48,3-4-5-6,-54.22670461039472,0.03579735955692232,6.743-8.742-10.742-12.742,0.035897685268657664,14.69465961792854,4,24,3-4-5-6,56.11841200033665,0.051055024693009196,6.810-8.810-10.810-12.810,75.45273439526369,141.61308273727772,partial,-1.0,7,0.8666115790896619,ops_speed_prior,0.2324181634665331,4
4,23,3-4-5-6,-81.81104098493067,0.024165013318258148,6.810-8.675-10.675-12.675,4,46,3-4-5-6,-65.71492819428427,0.040423681880012184,6.877-8.742-10.742-12.742,0.035897685268657664,14.69465961792854,4,23,3-4-5-6,56.86111436166313,0.0541508516198688,6.945-8.810-10.810-12.810,75.45273439526369,138.6721553465938,partial,-0.5,7,0.8666115790896619,ops_speed_prior,0.2324181634665331,4
5,24,3-4-5-6-7,-79.97167857973194,0.1105507126134996,7.080-8.675-10.675-12.675-14.270,5,48,3-4-5-6-7,-49.22960567023762,0.0694573774335515,7.147-8.742-10.742-12.742-14.338,0.035897685268657664,14.69465961792854,5,24,3-4-5-6-7,50.59307193441238,0.04867510092825401,7.215-8.810-10.810-12.810-14.405,75.45273439526369,130.56475051414432,partial,0.0,7,0.8666115790896619,ops_speed_prior,0.2324181634665331,4
4,23,4-5-6-7,38.456958021098146,0.01691827276797298,8.675-10.675-12.675-14.540,4,45,4-5-6-7,54.499572061911636,0.016179118917867462,8.742-10.742-12.742-14.540,0.035897685268657664,14.69465961792854,5,24,3-4-5-6-7,-57.95493464707001,0.07592067111189743,7.350-8.810-10.810-12.810-14.540,75.45273439526369,96.41189266816815,partial,0.5,7,0.8666115790896619,ops_speed_prior,0.2324181634665331,4
4,24,4-5-6-7,14.043384256204261,0.011740983074342097,8.675-10.675-12.675-14.675,4,48,4-5-6-7,-31.46401122502325,0.029181182157363008,8.742-10.742-12.742-14.742,0.035897685268657664,14.69465961792854,4,24,4-5-6-7,61.71827589728983,0.04995634455432211,8.810-10.810-12.810-14.810,75.45273439526369,47.674891641085566,partial,1.0,7,0.8666115790896619,ops_speed_prior,0.2324181634665331,4
2,12,5-6,74.67523464566513,2.6152358813317724e-16,10.675-12.675,2,24,5-6,65.50398201235117,5.693488243288789e-16,10.742-12.742,0.020569030488643003,15.8549809304847,2,12,5-6,44.28575426569684,3.1877402449185147e-16,10.810-12.810,77.69289655004884,30.38948037996829,complete,-1.0,8,0.8563856741527912,ops_speed_prior,0.28576717485057057,2
2,12,5-6,74.67523464566513,2.5706705587606326e-16,10.675-12.675,2,24,5-6,65.50398201235117,6.721958338739912e-16,10.742-12.742,0.020569030488643003,15.8549809304847,2,12,5-6,44.28575426569683,1.0058285141049715e-15,10.810-12.810,77.69289655004884,30.389480379968294,complete,-0.5,8,0.8563856741527912,ops_speed_prior,0.28576717485057057,2
2,12,6-7,-64.01567687338205,5.664662415883389e-16,12.675-14.675,2,24,6-7,-44.48106928819368,4.976933443120406e-16,12.742-14.742,0.020569030488643003,15.8549809304847,2,12,6-7,36.26283608200247,2.2215299868541707e-16,12.810-14.810,77.69289655004884,100.27851295538453,complete,0.0,8,0.8563856741527912,ops_speed_prior,0.28576717485057057,2
2,12,6-7,-64.01567687338205,3.513917807227805e-16,12.675-14.675,2,24,6-7,-44.48106928819367,7.862872161447162e-16,12.742-14.742,0.020569030488643003,15.8549809304847,2,12,6-7,36.262836082002465,7.851995437129111e-16,12.810-14.810,77.69289655004884,100.27851295538453,complete,0.5,8,0.8563856741527912,ops_speed_prior,0.28576717485057057,2
2,12,6-7,-64.01567687338205,3.5858039253722845e-16,12.675-14.675,2,24,6-7,-44.48106928819369,2.2339574679016217e-16,12.742-14.742,0.020569030488643003,15.8549809304847,2,12,6-7,36.262836082002465,6.66495117516187e-16,12.810-14.810,77.69289655004884,100.27851295538453,complete,1.0,8,0.8563856741527912,ops_speed_prior,0.28576717485057057,2
3,18,4-5-6,78.94991749630638,1.1880192394862008e-13,8.675-10.675-12.675,3,36,4-5-6,77.14975858600582,2.132371998317589e-14,8.742-10.742-12.742,0.020569030488643003,15.8549809304847,3,18,4-5-6,64.10525201667772,6.299114484108731e-15,8.810-10.810-12.810,77.69289655004884,14.844665479628661,complete,-1.0,8,0.8563856741527912,ops_speed_prior,0.28576717485057057,3
3,18,4-5-6,79.11207678553919,1.4139363097535265e-13,8.675-10.675-12.675,3,36,4-5-6,77.88698542861364,2.563123623141299e-14,8.742-10.742-12.742,0.020569030488643003,15.8549809304847,3,18,4-5-6,65.80148944686216,7.601170040572941e-15,8.810-10.810-12.810,77.69289655004884,13.310587338677024,complete,-0.5,8,0.8563856741527912,ops_speed_prior,0.28576717485057057,3
3,18,5-6-7,-91.55726180969785,9.488054548086417e-13,10.675-12.675-14.675,3,36,5-6-7,-81.73591338200215,3.6320632809940973e-13,10.742-12.742-14.742,0.020569030488643003,15.8549809304847,3,18,5-6-7,24.747814091220786,2.8118935341175103e-13,10.810-12.810-14.810,77.69289655004884,116.30507590091864,complete,0.0,8,0.8563856741527912,ops_speed_prior,0.28576717485057057,3
3,18,5-6-7,-92.43484432790906,8.635229737639457e-16,10.675-12.675-14.675,3,36,5-6-7,-83.67686912142686,4.204519614066567e-13,10.742-12.742-14.742,0.020569030488643003,15.8549809304847,3,18,5-6-7,21.303072698557333,3.2532825624743737e-13,10.810-12.810-14.810,77.69289655004884,113.73791702646639,complete,0.5,8,0.8563856741527912,ops_speed_prior,0.28576717485057057,3
3,18,5-6-7,-93.06662238735828,1.2358570681838957e-15,10.675-12.675-14.675,3,36,5-6-7,-85.09327094218564,5.996558763435076e-16,10.742-12.742-14.742,0.020569030488643003,15.8549809304847,3,18,5-6-7,17.59288136387108,3.6964692467378285e-13,10.810-12.810-14.810,77.69289655004884,110.65950375122935,complete,1.0,8,0.8563856741527912,ops_speed_prior,0.28576717485057057,3
4,24,3-4-5-6,59.09696992426122,0.1828195411623854,6.675-8.675-10.675-12.675,4,48,3-4-5-6,73.51578133211706,0.010273766320156568,6.743-8.742-10.742-12.742,0.020569030488643003,15.8549809304847,4,24,3-4-5-6,69.71795906662648,0.006482333570365239,6.810-8.810-10.810-12.810,77.69289655004884,10.62098914236526,complete,-1.0,8,0.8563856741527912,ops_speed_prior,0.28576717485057057,4
4,24,3-4-5-6,60.091147367275326,0.1828195411623855,6.675-8.675-10.675-12.675,4,48,3-4-5-6,74.34712755126165,0.010273766320156582,6.743-8.742-10.742-12.742,0.020569030488643003,15.8549809304847,4,24,3-4-5-6,71.12820431338156,0.006482333570365136,6.810-8.810-10.810-12.810,77.69289655004884,11.037056946106233,complete,-0.5,8,0.8563856741527912,ops_speed_prior,0.28576717485057057,4
4,24,4-5-6-7,53.42890228951632,0.17745981971176167,8.675-10.675-12.675-14.675,4,48,4-5-6-7,-34.5007973767975,0.04567041770212874,8.742-10.742-12.742-14.742,0.020569030488643003,15.8549809304847,4,24,4-5-6-7,49.43589476977302,0.00872722487545519,8.810-10.810-12.810-14.810,77.69289655004884,3.9930075197433013,complete,0.0,8,0.8563856741527912,ops_speed_prior,0.28576717485057057,4
4,24,4-5-6-7,54.430040784461454,0.17745981971176158,8.675-10.675-12.675-14.675,4,48,4-5-6-7,-41.47907188762659,0.04567041770212873,8.742-10.742-12.742-14.742,0.020569030488643003,15.8549809304847,4,24,4-5-6-7,50.881701098425516,0.008727224875455237,8.810-10.810-12.810-14.810,77.69289655004884,3.5483396860359377,complete,0.5,8,0.8563856741527912,ops_speed_prior,0.28576717485057057,4
4,24,4-5-6-7,55.29631485040763,0.17745981971176164,8.675-10.675-12.675-14.675,4,48,4-5-6-7,-47.355588356992534,0.04567041770212872,8.742-10.742-12.742-14.742,0.020569030488643003,15.8549809304847,4,24,4-5-6-7,52.2456483475719,0.008727224875455278,8.810-10.810-12.810-14.810,77.69289655004884,3.050666502835732,complete,1.0,8,0.8563856741527912,ops_speed_prior,0.28576717485057057,4
3,12,5-6-7,-92.89302957604548,3.257266247122538e-13,11.215-12.675-14.405,3,24,5-6-7,-91.59892937339754,3.159659441410253e-13,11.215-12.742-14.405,0.020569030488643003,15.8549809304847,3,12,5-6-7,52.12324826908263,1.8397247514148309e-13,11.215-12.810-14.405,77.69289655004884,145.01627784512812,partial,-1.0,8,0.8563856741527912,ops_speed_prior,0.28576717485057057,2
2,12,6-7,-64.01567687338205,5.66381237650047e-16,12.675-14.675,2,23,6-7,-45.44182190571913,4.968218961534698e-16,12.742-14.675,0.020569030488643003,15.8549809304847,2,11,6-7,60.78937741960493,1.6449716021451756e-16,12.810-14.675,77.69289655004884,124.80505429298698,partial,-0.5,8,0.8563856741527912,ops_speed_prior,0.28576717485057057,2
2,12,6-7,-64.01567687338205,5.664662415883389e-16,12.675-14.675,2,24,6-7,-44.48106928819368,4.976933443120406e-16,12.742-14.742,0.020569030488643003,15.8549809304847,2,12,6-7,36.26283608200247,2.2215299868541707e-16,12.810-14.810,77.69289655004884,100.27851295538453,partial,0.0,8,0.8563856741527912,ops_speed_prior,0.28576717485057057,2
3,12,6-7-8,81.3219649700415,2.878347329078955e-13,12.945-14.675-16.135,2,21,6-7,-58.5962552062838,8.891138984577932e-16,12.945-14.742,0.020569030488643003,15.8549809304847,2,11,6-7,27.5107648040369,2.2269755432141677e-16,12.945-14.810,77.69289655004884,53.81120016600461,partial,0.5,8,0.8563856741527912,ops_speed_prior,0.28576717485057057,2
3,12,6-7-8,78.28032436771265,4.420658072818496e-13,13.215-14.675-16.405,3,24,6-7-8,73.80380025260708,2.375385657426346e-13,13.215-14.742-16.405,0.020569030488643003,15.8549809304847,3,12,6-7-8,83.1673054327263,4.198639374422852e-13,13.215-14.810-16.405,77.69289655004884,4.886981065013643,partial,1.0,8,0.8563856741527912,ops_speed_prior,0.28576717485057057,2
4,18,4-5-6-7,64.56199930515133,0.2017216934112459,9.215-10.675-12.675-14.405,4,36,4-5-6-7,75.26227346145434,0.03731128366316676,9.215-10.742-12.742-14.405,0.020569030488643003,15.8549809304847,4,18,4-5-6-7,74.64786477844856,0.004958755549149406,9.215-10.810-12.810-14.405,77.69289655004884,10.085865473297233,partial,-1.0,8,0.8563856741527912,ops_speed_prior,0.28576717485057057,3
3,18,5-6-7,-90.25658570974429,7.966754752912082e-13,10.675-12.675-14.675,3,35,5-6-7,-79.51582620096853,2.888523091306338e-13,10.742-12.742-14.675,0.020569030488643003,15.8549809304847,3,17,5-6-7,68.51549356084526,2.5447147527119747e-13,10.810-12.810-14.675,77.69289655004884,158.77207927058953,partial,-0.5,8,0.8563856741527912,ops_speed_prior,0.28576717485057057,3
3,18,5-6-7,-91.55726180969785,9.488054548086417e-13,10.675-12.675-14.675,3,36,5-6-7,-81.73591338200215,3.6320632809940973e-13,10.742-12.742-14.742,0.020569030488643003,15.8549809304847,3,18,5-6-7,24.747814091220786,2.8118935341175103e-13,10.810-12.810-14.810,77.69289655004884,116.30507590091864,partial,0.0,8,0.8563856741527912,ops_speed_prior,0.28576717485057057,3
4,18,5-6-7-8,-84.94986004555297,0.10273022430037966,10.945-12.675-14.675-16.135,3,33,5-6-7,-84.82943472207559,2.775492817747321e-13,10.945-12.742-14.742,0.020569030488643003,15.8549809304847,3,17,5-6-7,-62.66938407070313,3.6811822109405086e-13,10.945-12.810-14.810,77.69289655004884,22.280475974849836,partial,0.5,8,0.8563856741527912,ops_speed_prior,0.28576717485057057,3
4,18,5-6-7-8,-92.26047725860062,0.11129542516445323,11.215-12.675-14.675-16.405,4,36,5-6-7-8,-88.88719177520287,0.08042341568544348,11.215-12.742-14.742-16.405,0.020569030488643003,15.8549809304847,4,18,5-6-7-8,20.29714827710741,0.04662345701022009,11.215-12.810-14.810-16.405,77.69289655004884,112.55762553570803,partial,1.0,8,0.8563856741527912,ops_speed_prior,0.28576717485057057,3
5,24,3-4-5-6-7,50.170320149135065,0.16092763487710354,7.215-8.675-10.675-12.675-14.405,5,48,3-4-5-6-7,75.82513664979416,0.03690130578391694,7.215-8.742-10.742-12.742-14.405,0.020569030488643003,15.8549809304847,5,24,3-4-5-6-7,76.93354291774475,0.028850329635901634,7.215-8.810-10.810-12.810-14.405,77.69289655004884,26.76322276860968,partial,-1.0,8,0.8563856741527912,ops_speed_prior,0.28576717485057057,4
4,24,4-5-6-7,52.25952973221353,0.17745981971173697,8.675-10.675-12.675-14.675,4,47,4-5-6-7,-21.315537838469826,0.04588098958455505,8.742-10.742-12.742-14.675,0.020569030488643003,15.8549809304847,4,23,4-5-6-7,67.55902231541035,0.000905292440455119,8.810-10.810-12.810-14.675,77.69289655004884,15.299492583196816,partial,-0.5,8,0.8563856741527912,ops_speed_prior,0.28576717485057057,4
4,24,4-5-6-7,53.42890228951632,0.17745981971176167,8.675-10.675-12.675-14.675,4,48,4-5-6-7,-34.5007973767975,0.04567041770212874,8.742-10.742-12.742-14.742,0.020569030488643003,15.8549809304847,4,24,4-5-6-7,49.43589476977302,0.00872722487545519,8.810-10.810-12.810-14.810,77.69289655004884,3.9930075197433013,partial,0.0,8,0.8563856741527912,ops_speed_prior,0.28576717485057057,4
5,24,4-5-6-7-8,63.123122475225955,0.17803265654887188,8.945-10.675-12.675-14.675-16.135,4,45,4-5-6-7,53.11271145036567,0.0703974703729381,8.945-10.742-12.742-14.742,0.020569030488643003,15.8549809304847,4,23,4-5-6-7,79.31300757361093,0.048011198847969255,8.945-10.810-12.810-14.810,77.69289655004884,16.189885098384977,partial,0.5,8,0.8563856741527912,ops_speed_prior,0.28576717485057057,4
5,24,4-5-6-7-8,47.08359881648815,0.1921299150762066,9.215-10.675-12.675-14.675-16.405,5,48,4-5-6-7-8,32.21498571240886,0.05281558725900084,9.215-10.742-12.742-14.742-16.405,0.020569030488643003,15.8549809304847,5,24,4-5-6-7-8,73.55126204220458,0.020109091309221568,9.215-10.810-12.810-14.810-16.405,77.69289655004884,26.467663225716436,partial,1.0,8,0.8563856741527912,ops_speed_prior,0.28576717485057057,4
2,12,4-5,5.26994928013831,3.511176306668293e-16,8.675-10.675,2,24,4-5,20.31039095849992,2.2238316000367136e-16,8.742-10.742,0.061352525026457494,13.681580934799916,2,12,4-5,4.892135040259876,4.443059973708341e-16,8.810-10.810,81.1549653347168,0.3778142398784343,complete,-1.0,9,0.9354800644169152,ops_speed_prior,0.3116804337567626,2
2,12,4-5,5.2699492801383085,3.141430471244226e-16,8.675-10.675,2,24,4-5,20.31039095849992,4.965068306494546e-16,8.742-10.742,0.061352525026457494,13.681580934799916,2,12,4-5,4.892135040259878,6.661699538672011e-16,8.810-10.810,81.1549653347168,0.37781423987843077,complete,-0.5,9,0.9354800644169152,ops_speed_prior,0.3116804337567626,2
2,12,5-6,-63.73489608839433,2.4532694666933986e-17,10.675-12.675,2,24,5-6,-53.1414238546518,2.237726045655905e-16,10.742-12.742,0.061352525026457494,13.681580934799916,2,12,5-6,-60.60954021539021,1.6449716021451756e-16,10.810-12.810,81.1549653347168,3.1253558730041178,complete,0.0,9,0.9354800644169152,ops_speed_prior,0.3116804337567626,2
2,12,5-6,-63.73489608839434,4.445497569658938e-16,10.675-12.675,2,24,5-6,-53.1414238546518,4.046035655711836e-17,10.742-12.742,0.061352525026457494,13.681580934799916,2,12,5-6,-60.60954021539021,2.2312617296590296e-16,10.810-12.810,81.1549653347168,3.125355873004132,complete,0.5,9,0.9354800644169152,ops_speed_prior,0.3116804337567626,2
2,12,5-6,-63.73489608839433,4.445497569658938e-16,10.675-12.675,2,24,5-6,-53.14142385465179,2.237726045655905e-16,10.742-12.742,0.061352525026457494,13.681580934799916,2,12,5-6,-60.60954021539021,3.517683881858629e-16,10.810-12.810,81.1549653347168,3.1253558730041178,complete,1.0,9,0.9354800644169152,ops_speed_prior,0.3116804337567626,2
3,18,3-4-5,-67.66515054655656,1.3007775876416433e-13,6.675-8.675-10.675,3,36,3-4-5,-52.48875258109311,5.765967710656278e-14,6.743-8.742-10.742,0.061352525026457494,13.681580934799916,3,18,3-4-5,-65.41612414118882,6.065519710312885e-14,6.810-8.810-10.810,81.1549653347168,2.2490264053677436,complete,-1.0,9,0.9354800644169152,ops_speed_prior,0.3116804337567626,3
3,18,3-4-5,-71.15547101729928,1.5202296316205563e-13,6.675-8.675-10.675,3,36,3-4-5,-58.629899153876416,6.835986084738391e-14,6.743-8.742-10.742,0.061352525026457494,13.681580934799916,3,18,3-4-5,-69.39308072167256,7.259000411998546e-14,6.810-8.810-10.810,81.1549653347168,1.762390295626716,complete,-0.5,9,0.9354800644169152,ops_speed_prior,0.3116804337567626,3
3,18,4-5-6,-77.87034678142085,3.7915856265871387e-14,8.675-10.675-12.675,3,36,4-5-6,-72.75794051173656,4.0806062037425765e-14,8.742-10.742-12.742,0.061352525026457494,13.681580934799916,3,18,4-5-6,-75.69766705307325,4.355061867541646e-14,8.810-10.810-12.810,81.1549653347168,2.172679728347603,complete,0.0,9,0.9354800644169152,ops_speed_prior,0.3116804337567626,3
3,18,4-5-6,-79.52112308756654,5.04616333973092e-14,8.675-10.675-12.675,3,36,4-5-6,-75.07950445444622,5.453590868843453e-14,8.742-10.742-12.742,0.061352525026457494,13.681580934799916,3,18,4-5-6,-77.68449401768852,5.902577675322449e-14,8.810-10.810-12.810,81.1549653347168,1.8366290698780148,complete,0.5,9,0.9354800644169152,ops_speed_prior,0.3116804337567626,3
3,18,4-5-6,-80.84858600167863,6.262319584530336e-14,8.675-10.675-12.675,3,36,4-5-6,-76.91876019956104,6.76095950291111e-14,8.742-10.742-12.742,0.061352525026457494,13.681580934799916,3,18,4-5-6,-79.27662265660693,7.316103245120245e-14,8.810-10.810-12.810,81.1549653347168,1.571963345071694,complete,1.0,9,0.9354800644169152,ops_speed_prior,0.3116804337567626,3
4,24,2-3-4-5,71.01718152829953,0.038701482413611155,4.675-6.675-8.675-10.675,4,48,2-3-4-5,73.22108146131616,0.03725599268124013,4.743-6.743-8.742-10.742,0.061352525026457494,13.681580934799916,4,24,2-3-4-5,56.27349375755071,0.02560742309362166,4.810-6.810-8.810-10.810,81.1549653347168,14.74368777074882,complete,-1.0,9,0.9354800644169152,ops_speed_prior,0.3116804337567626,4
4,24,2-3-4-5,72.25366751020589,0.038701482413611196,4.675-6.675-8.675-10.675,4,48,2-3-4-5,74.35521093442914,0.037255992681240066,4.743-6.743-8.742-10.742,0.061352525026457494,13.681580934799916,4,24,2-3-4-5,57.77587084576211,0.025607423093621694,4.810-6.810-8.810-10.810,81.1549653347168,14.477796664443781,complete,-0.5,9,0.9354800644169152,ops_speed_prior,0.3116804337567626,4
4,24,3-4-5-6,-76.4417876447804,0.0037437041002707674,6.675-8.675-10.675-12.675,4,48,3-4-5-6,-70.17086652670854,0.0047568164292420044,6.743-8.742-10.742-12.742,0.061352525026457494,13.681580934799916,4,24,3-4-5-6,-74.67087822131829,0.002495233779247879,6.810-8.810-10.810-12.810,81.1549653347168,1.7709094234621148,complete,0.0,9,0.9354800644169152,ops_speed_prior,0.3116804337567626,4
4,24,3-4-5-6,-78.20641381213454,0.003743704100270784,6.675-8.675-10.675-12.675,4,48,3-4-5-6,-72.77812814550948,0.004756816429290996,6.743-8.742-10.742-12.742,0.061352525026457494,13.681580934799916,4,24,3-4-5-6,-76.74302686648713,0.0024952337792341745,6.810-8.810-10.810-12.810,81.1549653347168,1.4633869456474144,complete,0.5,9,0.9354800644169152,ops_speed_prior,0.3116804337567626,4
4,24,3-4-5-6,-79.63961081020189,0.0037437041002708086,6.675-8.675-10.675-12.675,4,48,3-4-5-6,-74.87937571540694,0.004756816429290991,6.743-8.742-10.742-12.742,0.061352525026457494,13.681580934799916,4,24,3-4-5-6,-78.4175814639556,0.002495233779290487,6.810-8.810-10.810-12.810,81.1549653347168,1.2220293462462877,complete,1.0,9,0.9354800644169152,ops_speed_prior,0.3116804337567626,4
3,12,4-5-6,-68.66346453307148,2.2197306554749942e-13,9.080-10.675-12.270,3,24,4-5-6,-74.23343218883775,2.577589900137201e-13,9.147-10.742-12.338,0.061352525026457494,13.681580934799916,3,12,4-5-6,-85.66089464610243,8.411130809274323e-14,9.215-10.810-12.405,81.1549653347168,16.99743011303096,partial,-1.0,9,0.9354800644169152,ops_speed_prior,0.3116804337567626,2
2,11,5-6,-69.09006785206412,5.69686992789509e-16,10.675-12.540,2,21,5-6,-51.02994697708082,2.276126435504334e-16,10.742-12.540,0.061352525026457494,13.681580934799916,3,12,4-5-6,24.932715134209595,1.8107760972403821e-12,9.350-10.810-12.540,81.1549653347168,94.02278298627371,partial,-0.5,9,0.9354800644169152,ops_speed_prior,0.3116804337567626,2
2,12,5-6,-63.73489608839433,2.4532694666933986e-17,10.675-12.675,2,24,5-6,-53.1414238546518,2.237726045655905e-16,10.742-12.742,0.061352525026457494,13.681580934799916,2,12,5-6,-60.60954021539021,1.6449716021451756e-16,10.810-12.810,81.1549653347168,3.1253558730041178,partial,0.0,9,0.9354800644169152,ops_speed_prior,0.3116804337567626,2
2,11,5-6,-72.74819923910333,1.5853512473345908e-16,10.810-12.675,2,22,5-6,-65.10056663770328,4.722591514106615e-16,10.877-12.742,0.061352525026457494,13.681580934799916,2,11,5-6,-67.3832144827822,4.449033093461626e-16,10.945-12.810,81.1549653347168,5.364984756321136,partial,0.5,9,0.9354800644169152,ops_speed_prior,0.3116804337567626,2
3,12,5-6-7,8.527888669976987,5.104363440069251e-13,11.080-12.675-14.270,3,24,5-6-7,-72.66566330641479,2.7027223502498715e-13,11.147-12.742-14.338,0.061352525026457494,13.681580934799916,3,12,5-6-7,-82.14769804566684,1.8764223969260867e-13,11.215-12.810-14.405,81.1549653347168,90.67558671564383,partial,1.0,9,0.9354800644169152,ops_speed_prior,0.3116804337567626,2
4,18,3-4-5-6,-79.1310415244891,0.0051274510342254375,7.080-8.675-10.675-12.270,4,36,3-4-5-6,-79.64234977030135,0.0042687994283859354,7.147-8.742-10.742-12.338,0.061352525026457494,13.681580934799916,4,18,3-4-5-6,-83.39926266697272,0.014408187025489115,7.215-8.810-10.810-12.405,81.1549653347168,4.268221142483611,partial,-1.0,9,0.9354800644169152,ops_speed_prior,0.3116804337567626,3
3,17,4-5-6,-79.73373484436317,3.499008858183884e-14,8.675-10.675-12.540,3,33,4-5-6,-69.56313692793071,2.886546503765789e-14,8.742-10.742-12.540,0.061352525026457494,13.681580934799916,4,18,3-4-5-6,-62.27006270781299,0.0068791140533443805,7.350-8.810-10.810-12.540,81.1549653347168,17.46367213655018,partial,-0.5,9,0.9354800644169152,ops_speed_prior,0.3116804337567626,3
3,18,4-5-6,-77.87034678142085,3.7915856265871387e-14,8.675-10.675-12.675,3,36,4-5-6,-72.75794051173656,4.0806062037425765e-14,8.742-10.742-12.742,0.061352525026457494,13.681580934799916,3,18,4-5-6,-75.69766705307325,4.355061867541646e-14,8.810-10.810-12.810,81.1549653347168,2.172679728347603,partial,0.0,9,0.9354800644169152,ops_speed_prior,0.3116804337567626,3
3,17,4-5-6,-79.79936693813019,5.421331699985914e-14,8.810-10.675-12.675,3,34,4-5-6,-66.8699237557032,2.029197870807513e-14,8.877-10.742-12.742,0.061352525026457494,13.681580934799916,3,17,4-5-6,-71.44528289340771,2.0813085222900574e-14,8.945-10.810-12.810,81.1549653347168,8.354084044722484,partial,0.5,9,0.9354800644169152,ops_speed_prior,0.3116804337567626,3
4,18,4-5-6-7,-66.4666662132696,0.0011022440139578475,9.080-10.675-12.675-14.270,4,36,4-5-6-7,-63.93833736244728,0.013384490124603432,9.147-10.742-12.742-14.338,0.061352525026457494,13.681580934799916,4,18,4-5-6-7,-76.01770418257932,0.0503852790176319,9.215-10.810-12.810-14.405,81.1549653347168,9.551037969309718,partial,1.0,9,0.9354800644169152,ops_speed_prior,0.3116804337567626,3
5,24,2-3-4-5-6,35.31819321130774,0.0668705932086239,5.080-6.675-8.675-10.675-12.270,5,48,2-3-4-5-6,-3.5892343029470766,0.05586991208335932,5.147-6.743-8.742-10.742-12.338,0.061352525026457494,13.681580934799916,5,24,2-3-4-5-6,-8.398465029549413,0.050825531310868526,5.215-6.810-8.810-10.810-12.405,81.1549653347168,43.71665824085716,partial,-1.0,9,0.9354800644169152,ops_speed_prior,0.3116804337567626,4
4,23,3-4-5-6,-77.03184560839097,0.007725290796390496,6.675-8.675-10.675-12.540,4,45,3-4-5-6,-66.27810357627504,0.004517780785983701,6.743-8.742-10.742-12.540,0.061352525026457494,13.681580934799916,5,24,2-3-4-5-6,-49.98504661545073,0.02102727705646012,5.350-6.810-8.810-10.810-12.540,81.1549653347168,27.04679899294024,partial,-0.5,9,0.9354800644169152,ops_speed_prior,0.3116804337567626,4
4,24,3-4-5-6,-76.4417876447804,0.0037437041002707674,6.675-8.675-10.675-12.675,4,48,3-4-5-6,-70.17086652670854,0.0047568164292420044,6.743-8.742-10.742-12.742,0.061352525026457494,13.681580934799916,4,24,3-4-5-6,-74.67087822131829,0.002495233779247879,6.810-8.810-10.810-12.810,81.1549653347168,1.7709094234621148,partial,0.0,9,0.9354800644169152,ops_speed_prior,0.3116804337567626,4
4,23,3-4-5-6,-82.47078674694495,0.006360519296053341,6.810-8.675-10.675-12.675,4,46,3-4-5-6,-74.834625466808,0.0021911868278940696,6.877-8.742-10.742-12.742,0.061352525026457494,13.681580934799916,4,23,3-4-5-6,-65.08545126009709,0.016342943048315985,6.945-8.810-10.810-12.810,81.1549653347168,17.385335486847865,partial,0.5,9,0.9354800644169152,ops_speed_prior,0.3116804337567626,4
5,24,3-4-5-6-7,-80.2051459074863,0.025440735627880788,7.080-8.675-10.675-12.675-14.270,5,48,3-4-5-6-7,-77.7991396137632,0.014238151296750268,7.147-8.742-10.742-12.742-14.338,0.061352525026457494,13.681580934799916,5,24,3-4-5-6-7,-79.47332185693877,0.0432979151935927,7.215-8.810-10.810-12.810-14.405,81.1549653347168,0.7318240505475302,partial,1.0,9,0.9354800644169152,ops_speed_prior,0.3116804337567626,4
2,12,8-9,-68.44346237566465,7.860269245766492e-16,16.675-18.675,2,24,8-9,-49.382391663751775,1.4916281850305923e-15,16.742-18.742,0.04693540783549244,20.72132067747549,2,12,8-9,43.26117152629543,4.615277368146234e-16,16.810-18.810,71.27788674316406,111.70463390196008,complete,-1.0,10,1.0380941461866129,ops_speed_prior,0.3071734483815039,2
2,12,8-9,-68.44346237566465,5.66189932128129e-16,16.675-18.675,2,24,8-9,-49.38239166375176,7.097542187819572e-16,16.742-18.742,0.04693540783549244,20.72132067747549,2,12,8-9,43.26117152629542,2.2887833992611187e-16,16.810-18.810,71.27788674316406,111.70463390196008,complete,-0.5,10,1.0380941461866129,ops_speed_prior,0.3071734483815039,2
2,12,8-9,-68.44346237566464,6.635991876005738e-16,16.675-18.675,2,24,8-9,-49.38239166375177,9.531954287495212e-16,16.742-18.742,0.04693540783549244,20.72132067747549,2,12,8-9,43.26117152629542,2.2291027918243403e-16,16.810-18.810,71.27788674316406,111.70463390196005,complete,0.0,10,1.0380941461866129,ops_speed_prior,0.3071734483815039,2
2,12,8-9,-68.44346237566465,6.477374764399226e-16,16.675-18.675,2,24,8-9,-49.38239166375177,8.168613734026494e-16,16.742-18.742,0.04693540783549244,20.72132067747549,2,12,8-9,43.26117152629543,2.237726045655905e-16,16.810-18.810,71.27788674316406,111.70463390196008,complete,0.5,10,1.0380941461866129,ops_speed_prior,0.3071734483815039,2
2,12,9-10,-5.7463494060259945,6.480347400978105e-16,18.675-20.675,2,24,9-10,32.72289840135214,3.512204620149607e-16,18.742-20.742,0.04693540783549244,20.72132067747549,2,12,9-10,74.08604590029687,9.164069795947945e-16,18.810-20.810,71.27788674316406,79.83239530632288,complete,1.0,10,1.0380941461866129,ops_speed_prior,0.3071734483815039,2
3,18,7-8-9,-84.88263676270212,2.7468599338630018e-14,14.675-16.675-18.675,3,36,7-8-9,-76.98541392146741,6.546733936053501e-15,14.742-16.742-18.742,0.04693540783549244,20.72132067747549,3,18,7-8-9,71.52443380889588,8.432505388720941e-15,14.810-16.810-18.810,71.27788674316406,156.407070571598,complete,-1.0,10,1.0380941461866129,ops_speed_prior,0.3071734483815039,3
3,18,7-8-9,-85.8921685931572,3.780043194757385e-14,14.675-16.675-18.675,3,36,7-8-9,-79.25141522624611,9.22959230063573e-15,14.742-16.742-18.742,0.04693540783549244,20.72132067747549,3,18,7-8-9,73.5262049550642,1.1978024295510956e-14,14.810-16.810-18.810,71.27788674316406,159.41837354822138,complete,-0.5,10,1.0380941461866129,ops_speed_prior,0.3071734483815039,3
3,18,7-8-9,-86.64047119734019,4.785028030755461e-14,14.675-16.675-18.675,3,36,7-8-9,-80.9520700700862,1.1871329461507734e-14,14.742-16.742-18.742,0.04693540783549244,20.72132067747549,3,18,7-8-9,74.98542839442551,1.5618277724695702e-14,14.810-16.810-18.810,71.27788674316406,161.6258995917657,complete,0.0,10,1.0380941461866129,ops_speed_prior,0.3071734483815039,3
3,18,7-8-9,-87.21714228265553,5.854536808714076e-14,14.675-16.675-18.675,3,36,7-8-9,-82.27333929162612,1.454211892130208e-14,14.742-16.742-18.742,0.04693540783549244,20.72132067747549,3,18,7-8-9,76.0950291191941,1.8963430849682103e-14,14.810-16.810-18.810,71.27788674316406,163.31217140184964,complete,0.5,10,1.0380941461866129,ops_speed_prior,0.3071734483815039,3
3,18,8-9-10,66.47458299925087,4.1773762081966747e-13,16.675-18.675-20.675,3,36,8-9-10,65.39962888457264,2.1692402831782982e-13,16.742-18.742-20.742,0.04693540783549244,20.72132067747549,3,18,8-9-10,81.10878227288819,4.789619246773059e-13,16.810-18.810-20.810,71.27788674316406,14.63419927363732,complete,1.0,10,1.0380941461866129,ops_speed_prior,0.3071734483815039,3
4,24,6-7-8-9,56.232645030244306,0.10473423861768423,12.675-14.675-16.675-18.675,4,48,6-7-8-9,46.966804678349696,0.04918465838992389,12.742-14.742-16.742-18.742,0.04693540783549244,20.72132067747549,4,24,6-7-8-9,-48.679942273660956,0.05787030359051681,12.810-14.810-16.810-18.810,71.27788674316406,104.91258730390527,complete,-1.0,10,1.0380941461866129,ops_speed_prior,0.3071734483815039,4
4,24,6-7-8-9,58.10755430699221,0.10473423861768429,12.675-14.675-16.675-18.675,4,48,6-7-8-9,50.4195772377032,0.04918465838992389,12.742-14.742-16.742-18.742,0.04693540783549244,20.72132067747549,4,24,6-7-8-9,-50.586041121068774,0.057870303590516786,12.810-14.810-16.810-18.810,71.27788674316406,108.69359542806099,complete,-0.5,10,1.0380941461866129,ops_speed_prior,0.3071734483815039,4
4,24,6-7-8-9,59.753213469150815,0.10473423861768424,12.675-14.675-16.675-18.675,4,48,6-7-8-9,53.37643629465043,0.04918465838992387,12.742-14.742-16.742-18.742,0.04693540783549244,20.72132067747549,4,24,6-7-8-9,-52.35990113907467,0.0578703035905168,12.810-14.810-16.810-18.810,71.27788674316406,112.1131146082255,complete,0.0,10,1.0380941461866129,ops_speed_prior,0.3071734483815039,4
4,24,6-7-8-9,61.20696780971164,0.10473423861768427,12.675-14.675-16.675-18.675,4,48,6-7-8-9,55.924254678632046,0.04918465838992387,12.742-14.742-16.742-18.742,0.04693540783549244,20.72132067747549,4,24,6-7-8-9,-54.011754106295754,0.05787030359051674,12.810-14.810-16.810-18.810,71.27788674316406,115.2187219160074,complete,0.5,10,1.0380941461866129,ops_speed_prior,0.3071734483815039,4
4,24,7-8-9-10,-70.86790451101794,0.07055963482375845,14.675-16.675-18.675-20.675,4,48,7-8-9-10,12.820594244403283,0.03738500847299869,14.742-16.742-18.742-20.742,0.04693540783549244,20.72132067747549,4,24,7-8-9-10,79.91547420614526,0.00894968708675443,14.810-16.810-18.810-20.810,71.27788674316406,150.7833787171632,complete,1.0,10,1.0380941461866129,ops_speed_prior,0.3071734483815039,4
2,12,8-9,-68.44346237566465,7.860269245766492e-16,16.675-18.675,2,24,8-9,-49.382391663751775,1.4916281850305923e-15,16.742-18.742,0.04693540783549244,20.72132067747549,2,12,8-9,43.26117152629543,4.615277368146234e-16,16.810-18.810,71.27788674316406,111.70463390196008,partial,-1.0,10,1.0380941461866129,ops_speed_prior,0.3071734483815039,2
2,11,8-9,-69.83006190265331,9.309503074677274e-17,16.810-18.675,2,22,8-9,-69.80307113546014,9.168797198788009e-16,16.878-18.742,0.04693540783549244,20.72132067747549,2,11,8-9,46.392413212632356,1.5700924586837752e-16,16.945-18.810,71.27788674316406,116.22247511528568,partial,-0.5,10,1.0380941461866129,ops_speed_prior,0.3071734483815039,2
3,12,8-9-10,23.604016603831923,9.300414303902907e-13,17.080-18.675-20.270,3,24,8-9-10,80.23479225400934,1.6558317518284125e-13,17.148-18.742-20.338,0.04693540783549244,20.72132067747549,3,12,8-9-10,86.90045879130001,3.45900585082607e-13,17.215-18.810-20.405,71.27788674316406,63.29644218746809,partial,0.0,10,1.0380941461866129,ops_speed_prior,0.3071734483815039,2
2,11,9-10,-5.89055253882766,4.968945752073006e-16,18.675-20.540,2,22,9-10,34.59622512918787,3.1421009495901095e-16,18.742-20.608,0.04693540783549244,20.72132067747549,2,11,9-10,65.59035528182528,3.533048747478553e-16,18.810-20.675,71.27788674316406,71.48090782065294,partial,0.5,10,1.0380941461866129,ops_speed_prior,0.3071734483815039,2
2,12,9-10,-5.7463494060259945,6.480347400978105e-16,18.675-20.675,2,24,9-10,32.72289840135214,3.512204620149607e-16,18.742-20.742,0.04693540783549244,20.72132067747549,2,12,9-10,74.08604590029687,9.164069795947945e-16,18.810-20.810,71.27788674316406,79.83239530632288,partial,1.0,10,1.0380941461866129,ops_speed_prior,0.3071734483815039,2
3,18,7-8-9,-84.88263676270212,2.7468599338630018e-14,14.675-16.675-18.675,3,36,7-8-9,-76.98541392146741,6.546733936053501e-15,14.742-16.742-18.742,0.04693540783549244,20.72132067747549,3,18,7-8-9,71.52443380889588,8.432505388720941e-15,14.810-16.810-18.810,71.27788674316406,156.407070571598,partial,-1.0,10,1.0380941461866129,ops_speed_prior,0.3071734483815039,3
3,17,7-8-9,-86.91913833485603,3.739912932059474e-14,14.810-16.675-18.675,3,34,7-8-9,-84.04196171855527,1.2164412733101696e-14,14.877-16.742-18.742,0.04693540783549244,20.72132067747549,3,17,7-8-9,74.63014997413788,9.772742542684236e-15,14.945-16.810-18.810,71.27788674316406,161.5492883089939,partial,-0.5,10,1.0380941461866129,ops_speed_prior,0.3071734483815039,3
4,18,7-8-9-10,-53.502574004923645,0.06883896428784121,15.080-16.675-18.675-20.270,4,36,7-8-9-10,69.30660600048003,0.07710760194170486,15.147-16.742-18.742-20.338,0.04693540783549244,20.72132067747549,4,18,7-8-9-10,85.14249462539787,0.047946779004414325,15.215-16.810-18.810-20.405,71.27788674316406,138.64506863032153,partial,0.0,10,1.0380941461866129,ops_speed_prior,0.3071734483815039,3
3,17,8-9-10,61.721570941494825,3.8790002334600057e-13,16.675-18.675-20.540,3,34,8-9-10,63.21438426149178,1.8371368661430248e-13,16.742-18.742-20.608,0.04693540783549244,20.72132067747549,3,17,8-9-10,72.72991412852274,3.3172291100860157e-13,16.810-18.810-20.675,71.27788674316406,11.008343187027911,partial,0.5,10,1.0380941461866129,ops_speed_prior,0.3071734483815039,3
3,18,8-9-10,66.47458299925087,4.1773762081966747e-13,16.675-18.675-20.675,3,36,8-9-10,65.39962888457264,2.1692402831782982e-13,16.742-18.742-20.742,0.04693540783549244,20.72132067747549,3,18,8-9-10,81.10878227288819,4.789619246773059e-13,16.810-18.810-20.810,71.27788674316406,14.63419927363732,partial,1.0,10,1.0380941461866129,ops_speed_prior,0.3071734483815039,3
4,24,6-7-8-9,56.232645030244306,0.10473423861768423,12.675-14.675-16.675-18.675,4,48,6-7-8-9,46.966804678349696,0.04918465838992389,12.742-14.742-16.742-18.742,0.04693540783549244,20.72132067747549,4,24,6-7-8-9,-48.679942273660956,0.05787030359051681,12.810-14.810-16.810-18.810,71.27788674316406,104.91258730390527,partial,-1.0,10,1.0380941461866129,ops_speed_prior,0.3071734483815039,4
4,23,6-7-8-9,49.19630430778651,0.09940048025079348,12.810-14.675-16.675-18.675,4,46,6-7-8-9,64.32992647853021,0.05804275703269264,12.877-14.742-16.742-18.742,0.04693540783549244,20.72132067747549,4,23,6-7-8-9,-72.77831298006325,0.07157318688166701,12.945-14.810-16.810-18.810,71.27788674316406,121.97461728784975,partial,-0.5,10,1.0380941461866129,ops_speed_prior,0.3071734483815039,4
5,24,6-7-8-9-10,85.55684607478871,0.2041083225502072,13.080-14.675-16.675-18.675-20.270,5,48,6-7-8-9-10,74.81922223319943,0.06064810142866816,13.147-14.742-16.742-18.742-20.338,0.04693540783549244,20.72132067747549,5,24,6-7-8-9-10,78.68130953160262,0.07394867992031949,13.215-14.810-16.810-18.810-20.405,71.27788674316406,6.875536543186087,partial,0.0,10,1.0380941461866129,ops_speed_prior,0.3071734483815039,4
4,23,7-8-9-10,-70.57595352246699,0.06861691840721906,14.675-16.675-18.675-20.540,4,46,7-8-9-10,10.980344326124774,0.03710616589537682,14.742-16.742-18.742-20.608,0.04693540783549244,20.72132067747549,4,23,7-8-9-10,74.01749514829784,0.018339169794411928,14.810-16.810-18.810-20.675,71.27788674316406,144.59344867076481,partial,0.5,10,1.0380941461866129,ops_speed_prior,0.3071734483815039,4
4,24,7-8-9-10,-70.86790451101794,0.07055963482375845,14.675-16.675-18.675-20.675,4,48,7-8-9-10,12.820594244403283,0.03738500847299869,14.742-16.742-18.742-20.742,0.04693540783549244,20.72132067747549,4,24,7-8-9-10,79.91547420614526,0.00894968708675443,14.810-16.810-18.810-20.810,71.27788674316406,150.7833787171632,partial,1.0,10,1.0380941461866129,ops_speed_prior,0.3071734483815039,4
2,12,3-4,83.59357502721029,2.2887833992611187e-16,6.675-8.675,2,24,3-4,-34.90232342906073,3.512204620149607e-16,6.743-8.742,0.006114236407086526,11.94894707736607,2,12,3-4,-58.80784032545602,9.180605055836266e-16,6.810-8.810,63.844621411376956,142.4014153526663,complete,-1.0,11,1.1923467886170414,ops_speed_prior,0.2893379068145056,2
2,12,3-4,83.59357502721029,3.6188843062238402e-16,6.675-8.675,2,24,3-4,-34.902323429060736,1.5982066789822808e-16,6.743-8.742,0.006114236407086526,11.94894707736607,2,12,3-4,-58.80784032545601,7.050749370775813e-16,6.810-8.810,63.844621411376956,142.4014153526663,complete,-0.5,11,1.1923467886170414,ops_speed_prior,0.2893379068145056,2
2,12,4-5,-84.57494223351814,2.830524433501838e-16,8.675-10.675,2,24,4-5,-75.53927749779957,1.5853512473345908e-16,8.742-10.742,0.006114236407086526,11.94894707736607,2,12,4-5,-80.9835808511767,4.415885040048117e-17,8.810-10.810,63.844621411376956,3.591361382341447,complete,0.0,11,1.1923467886170414,ops_speed_prior,0.2893379068145056,2
2,12,4-5,-84.57494223351814,5.338891568193822e-16,8.675-10.675,2,24,4-5,-75.53927749779957,7.055186702893703e-16,8.742-10.742,0.006114236407086526,11.94894707736607,2,12,4-5,-80.9835808511767,2.2554073835147356e-16,8.810-10.810,63.844621411376956,3.591361382341447,complete,0.5,11,1.1923467886170414,ops_speed_prior,0.2893379068145056,2
2,12,4-5,-84.57494223351814,5.991605307709952e-16,8.675-10.675,2,24,4-5,-75.53927749779957,1.6094644373830793e-16,8.742-10.742,0.006114236407086526,11.94894707736607,2,12,4-5,-80.9835808511767,6.759102432519847e-16,8.810-10.810,63.844621411376956,3.591361382341447,complete,1.0,11,1.1923467886170414,ops_speed_prior,0.2893379068145056,2
3,18,2-3-4,89.62403016068966,6.43808392068505e-13,4.675-6.675-8.675,3,36,2-3-4,-72.29083553046306,3.17670527303958e-16,4.743-6.743-8.742,0.006114236407086526,11.94894707736607,3,18,2-3-4,-82.25552079795361,4.493703980782465e-16,4.810-6.810-8.810,63.844621411376956,171.87955095864328,complete,-1.0,11,1.1923467886170414,ops_speed_prior,0.2893379068145056,3
3,18,2-3-4,89.93992704918465,1.3286245479293717e-15,4.675-6.675-8.675,3,36,2-3-4,-73.97562891277866,4.0010090821038006e-16,4.743-6.743-8.742,0.006114236407086526,11.94894707736607,3,18,2-3-4,-83.1033934563402,7.75233151475114e-16,4.810-6.810-8.810,63.844621411376956,173.04332050552483,complete,-0.5,11,1.1923467886170414,ops_speed_prior,0.2893379068145056,3
3,18,3-4-5,-87.59285956276024,2.31798744019477e-13,6.675-8.675-10.675,3,36,3-4-5,-84.33645904485262,4.3105293374057347e-13,6.743-8.742-10.742,0.006114236407086526,11.94894707736607,3,18,3-4-5,-88.90028231620508,6.01158935484455e-13,6.810-8.810-10.810,63.844621411376956,1.3074227534448397,complete,0.0,11,1.1923467886170414,ops_speed_prior,0.2893379068145056,3
3,18,3-4-5,-87.7957686146799,2.5428664506837004e-13,6.675-8.675-10.675,3,36,3-4-5,-85.33531081681153,4.781287013904633e-13,6.743-8.742-10.742,0.006114236407086526,11.94894707736607,3,18,3-4-5,-89.99136183557448,6.673362657252646e-13,6.810-8.810-10.810,63.844621411376956,2.1955932208945796,complete,0.5,11,1.1923467886170414,ops_speed_prior,0.2893379068145056,3
3,18,3-4-5,-87.95352468000557,2.7917024314619046e-13,6.675-8.675-10.675,3,36,3-4-5,-86.16392116095068,5.241041037722889e-13,6.743-8.742-10.742,0.006114236407086526,11.94894707736607,3,18,3-4-5,-90.92308782028618,7.343254302899817e-13,6.810-8.810-10.810,63.844621411376956,2.969563140280613,complete,1.0,11,1.1923467886170414,ops_speed_prior,0.2893379068145056,3
4,24,1-2-3-4,86.53405796478866,0.07029707506236484,2.675-4.675-6.675-8.675,4,48,1-2-3-4,-48.77737418787061,0.016941041308696506,2.743-4.743-6.743-8.742,0.006114236407086526,11.94894707736607,4,24,1-2-3-4,-30.572946140921893,0.04819471170818181,2.810-4.810-6.810-8.810,63.844621411376956,117.10700410571057,complete,-1.0,11,1.1923467886170414,ops_speed_prior,0.2893379068145056,4
4,24,1-2-3-4,87.18461432951881,0.07029707506236454,2.675-4.675-6.675-8.675,4,48,1-2-3-4,-52.376775872776946,0.016941041308696572,2.743-4.743-6.743-8.742,0.006114236407086526,11.94894707736607,4,24,1-2-3-4,-34.62828982738746,0.04819471170818174,2.810-4.810-6.810-8.810,63.844621411376956,121.81290415690627,complete,-0.5,11,1.1923467886170414,ops_speed_prior,0.2893379068145056,4
4,24,2-3-4-5,-76.32128290046131,0.20411024008189574,4.675-6.675-8.675-10.675,4,48,2-3-4-5,-79.92936409727186,0.008120978842879408,4.743-6.743-8.742-10.742,0.006114236407086526,11.94894707736607,4,24,2-3-4-5,-85.42025995230108,0.01892015484759065,4.810-6.810-8.810-10.810,63.844621411376956,9.098977051839768,complete,0.0,11,1.1923467886170414,ops_speed_prior,0.2893379068145056,4
4,24,2-3-4-5,-78.7517131716968,0.20411024008189585,4.675-6.675-8.675-10.675,4,48,2-3-4-5,-80.89898498085466,0.008120978842879354,4.743-6.743-8.742-10.742,0.006114236407086526,11.94894707736607,4,24,2-3-4-5,-86.07362311539953,0.01892015484759055,4.810-6.810-8.810-10.810,63.844621411376956,7.321909943702722,complete,0.5,11,1.1923467886170414,ops_speed_prior,0.2893379068145056,4
4,24,2-3-4-5,-80.74394096729526,0.2041102400818959,4.675-6.675-8.675-10.675,4,48,2-3-4-5,-81.71470129512369,0.00812097884287932,4.743-6.743-8.742-10.742,0.006114236407086526,11.94894707736607,4,24,2-3-4-5,-86.61792039377546,0.01892015484759088,4.810-6.810-8.810-10.810,63.844621411376956,5.873979426480204,complete,1.0,11,1.1923467886170414,ops_speed_prior,0.2893379068145056,4
3,12,3-4-5,-82.42890041275912,4.9021978007546104e-14,7.215-8.675-10.405,3,24,3-4-5,-87.02142009223046,1.0743275603680998e-13,7.283-8.742-10.473,0.006114236407086526,11.94894707736607,3,12,3-4-5,-83.77013172557528,1.5250181663598626e-13,7.350-8.810-10.540,63.844621411376956,1.3412313128161628,partial,-1.0,11,1.1923467886170414,ops_speed_prior,0.2893379068145056,2
2,12,4-5,-84.57494223351814,2.7476618026966064e-16,8.675-10.675,2,23,4-5,-69.42547601394187,6.682266513737541e-16,8.742-10.675,0.006114236407086526,11.94894707736607,2,11,4-5,-81.98086178229866,5.735615996783996e-16,8.810-10.675,63.844621411376956,2.594080451219483,partial,-0.5,11,1.1923467886170414,ops_speed_prior,0.2893379068145056,2
2,12,4-5,-84.57494223351814,2.830524433501838e-16,8.675-10.675,2,24,4-5,-75.53927749779957,1.5853512473345908e-16,8.742-10.742,0.006114236407086526,11.94894707736607,2,12,4-5,-80.9835808511767,4.415885040048117e-17,8.810-10.810,63.844621411376956,3.591361382341447,partial,0.0,11,1.1923467886170414,ops_speed_prior,0.2893379068145056,2
3,12,4-5-6,84.87910668811988,7.043736607571508e-14,8.945-10.675-12.135,3,24,4-5-6,77.57737234909942,1.30944840138075e-13,9.012-10.742-12.203,0.006114236407086526,11.94894707736607,3,12,4-5-6,93.35239114102804,5.953953783623677e-13,9.080-10.810-12.270,63.844621411376956,8.47328445290816,partial,0.5,11,1.1923467886170414,ops_speed_prior,0.2893379068145056,2
3,12,4-5-6,78.9688563296055,1.689344941817946e-13,9.215-10.675-12.405,3,24,4-5-6,83.13329627333107,9.402073735687397e-14,9.283-10.742-12.473,0.006114236407086526,11.94894707736607,3,12,4-5-6,82.36569531038215,8.087442856085388e-13,9.350-10.810-12.540,63.844621411376956,3.39683898077665,partial,1.0,11,1.1923467886170414,ops_speed_prior,0.2893379068145056,2
4,18,2-3-4-5,82.42084009059562,0.2215461918218743,5.215-6.675-8.675-10.405,4,36,2-3-4-5,-80.02547583360275,0.034132416470716416,5.283-6.743-8.742-10.473,0.006114236407086526,11.94894707736607,4,18,2-3-4-5,-79.42932325040708,0.0081840550424956,5.350-6.810-8.810-10.540,63.844621411376956,161.8501633410027,partial,-1.0,11,1.1923467886170414,ops_speed_prior,0.2893379068145056,3
3,18,3-4-5,-87.32218258796553,2.0628823651431783e-13,6.675-8.675-10.675,3,35,3-4-5,-78.47556570551602,3.605627305812022e-13,6.743-8.742-10.675,0.006114236407086526,11.94894707736607,3,17,3-4-5,-88.66931337869434,5.398995366842787e-13,6.810-8.810-10.675,63.844621411376956,1.3471307907288121,partial,-0.5,11,1.1923467886170414,ops_speed_prior,0.2893379068145056,3
3,18,3-4-5,-87.59285956276024,2.31798744019477e-13,6.675-8.675-10.675,3,36,3-4-5,-84.33645904485262,4.3105293374057347e-13,6.743-8.742-10.742,0.006114236407086526,11.94894707736607,3,18,3-4-5,-88.90028231620508,6.01158935484455e-13,6.810-8.810-10.810,63.844621411376956,1.3074227534448397,partial,0.0,11,1.1923467886170414,ops_speed_prior,0.2893379068145056,3
4,18,3-4-5-6,31.066006060494555,0.239850012215287,6.945-8.675-10.675-12.135,4,36,3-4-5-6,57.81615844440345,0.07643745852502236,7.012-8.742-10.742-12.203,0.006114236407086526,11.94894707736607,4,18,3-4-5-6,94.10677109028133,0.20073121945808928,7.080-8.810-10.810-12.270,63.844621411376956,63.04076502978677,partial,0.5,11,1.1923467886170414,ops_speed_prior,0.2893379068145056,3
4,18,3-4-5-6,-20.191223128628202,0.20735712516459365,7.215-8.675-10.675-12.405,4,36,3-4-5-6,61.27813119779192,0.07387521535027876,7.283-8.742-10.742-12.473,0.006114236407086526,11.94894707736607,4,18,3-4-5-6,76.05098017676144,0.09196874590214334,7.350-8.810-10.810-12.540,63.844621411376956,96.24220330538964,partial,1.0,11,1.1923467886170414,ops_speed_prior,0.2893379068145056,3
5,24,1-2-3-4-5,67.75128873727708,0.16312001211885818,3.215-4.675-6.675-8.675-10.405,5,48,1-2-3-4-5,-78.05645897441624,0.032838946332316404,3.282-4.743-6.743-8.742-10.473,0.006114236407086526,11.94894707736607,5,24,1-2-3-4-5,-65.13373056148167,0.06568391811654783,3.350-4.810-6.810-8.810-10.540,63.844621411376956,132.88501929875875,partial,-1.0,11,1.1923467886170414,ops_speed_prior,0.2893379068145056,4
4,24,2-3-4-5,-73.30267919033949,0.20411024008189585,4.675-6.675-8.675-10.675,4,47,2-3-4-5,-75.98364433624265,0.0017098123933808862,4.743-6.743-8.742-10.675,0.006114236407086526,11.94894707736607,4,23,2-3-4-5,-84.99175256952316,0.014768718496623007,4.810-6.810-8.810-10.675,63.844621411376956,11.689073379183668,partial,-0.5,11,1.1923467886170414,ops_speed_prior,0.2893379068145056,4
4,24,2-3-4-5,-76.32128290046131,0.20411024008189574,4.675-6.675-8.675-10.675,4,48,2-3-4-5,-79.92936409727186,0.008120978842879408,4.743-6.743-8.742-10.742,0.006114236407086526,11.94894707736607,4,24,2-3-4-5,-85.42025995230108,0.01892015484759065,4.810-6.810-8.810-10.810,63.844621411376956,9.098977051839768,partial,0.0,11,1.1923467886170414,ops_speed_prior,0.2893379068145056,4
5,24,2-3-4-5-6,69.86311165278755,0.22549652361037031,4.945-6.675-8.675-10.675-12.135,5,48,2-3-4-5-6,-31.111418423952465,0.09542973448270715,5.012-6.743-8.742-10.742-12.203,0.006114236407086526,11.94894707736607,5,24,2-3-4-5-6,93.30940914636086,0.25845618266280473,5.080-6.810-8.810-10.810-12.270,63.844621411376956,23.44629749357331,partial,0.5,11,1.1923467886170414,ops_speed_prior,0.2893379068145056,4
5,24,2-3-4-5-6,69.66316862576238,0.21806388505349666,5.215-6.675-8.675-10.675-12.405,5,48,2-3-4-5-6,39.64662859242004,0.07866924140340188,5.283-6.743-8.742-10.742-12.473,0.006114236407086526,11.94894707736607,5,24,2-3-4-5-6,66.01244397514871,0.11403490370672266,5.350-6.810-8.810-10.810-12.540,63.844621411376956,3.650724650613668,partial,1.0,11,1.1923467886170414,ops_speed_prior,0.2893379068145056,4
2,12,6-7,64.94030610530234,4.779281236800426e-16,12.675-14.675,2,24,6-7,65.53647392477984,4.981526606717015e-16,12.742-14.742,0.062411557604643786,17.73457225117868,2,12,6-7,64.87457226743166,5.678033750255658e-16,12.810-14.810,80.84948867724609,0.0657338378706811,complete,-1.0,12,0.9447959989766811,ops_speed_prior,0.41111607368596886,2
2,12,6-7,64.94030610530234,7.162874682589104e-16,12.675-14.675,2,24,6-7,65.53647392477984,5.222180388738334e-16,12.742-14.742,0.062411557604643786,17.73457225117868,2,12,6-7,64.87457226743166,7.076311083754595e-16,12.810-14.810,80.84948867724609,0.0657338378706811,complete,-0.5,12,0.9447959989766811,ops_speed_prior,0.41111607368596886,2
2,12,7-8,64.81738078946162,5.2157224297761193e-17,14.675-16.675,2,24,7-8,45.88426069750967,3.526228183690059e-16,14.742-16.742,0.062411557604643786,17.73457225117868,2,12,7-8,53.76918622690986,5.672094826515929e-16,14.810-16.810,80.84948867724609,11.048194562551766,complete,0.0,12,0.9447959989766811,ops_speed_prior,0.41111607368596886,2
2,12,7-8,64.81738078946162,3.635146053589446e-16,14.675-16.675,2,24,7-8,45.88426069750967,1.6004645656917944e-16,14.742-16.742,0.062411557604643786,17.73457225117868,2,12,7-8,53.769186226909866,2.2312617296590296e-16,14.810-16.810,80.84948867724609,11.048194562551757,complete,0.5,12,0.9447959989766811,ops_speed_prior,0.41111607368596886,2
2,12,7-8,64.81738078946162,1.619157848017643e-16,14.675-16.675,2,24,7-8,45.88426069750967,7.032800891842076e-16,14.742-16.742,0.062411557604643786,17.73457225117868,2,12,7-8,53.76918622690986,1.6369025734993337e-16,14.810-16.810,80.84948867724609,11.048194562551766,complete,1.0,12,0.9447959989766811,ops_speed_prior,0.41111607368596886,2
3,18,5-6-7,76.23095086326573,8.89412107771769e-15,10.675-12.675-14.675,3,36,5-6-7,77.03919957043325,1.7871129893379976e-14,10.742-12.742-14.742,0.062411557604643786,17.73457225117868,3,18,5-6-7,75.70762406385703,2.657064028061269e-14,10.810-12.810-14.810,80.84948867724609,0.5233267994087072,complete,-1.0,12,0.9447959989766811,ops_speed_prior,0.41111607368596886,3
3,18,5-6-7,76.63577506859349,1.0899027069569659e-14,10.675-12.675-14.675,3,36,5-6-7,77.47078078382282,2.1809420772291713e-14,10.742-12.742-14.742,0.062411557604643786,17.73457225117868,3,18,5-6-7,76.13725233648658,3.223796666047307e-14,10.810-12.810-14.810,80.84948867724609,0.49852273210690606,complete,-0.5,12,0.9447959989766811,ops_speed_prior,0.41111607368596886,3
3,18,6-7-8,64.3796607129936,4.1164012618794407e-13,12.675-14.675-16.675,3,36,6-7-8,-67.59252979488691,3.0902931429142305e-13,12.742-14.742-16.742,0.062411557604643786,17.73457225117868,3,18,6-7-8,-46.28079812531123,3.7691759743215097e-13,12.810-14.810-16.810,80.84948867724609,110.66045883830483,complete,0.0,12,0.9447959989766811,ops_speed_prior,0.41111607368596886,3
3,18,6-7-8,64.03724733146274,5.10966714688574e-13,12.675-14.675-16.675,3,36,6-7-8,-78.02262402122275,3.8966234841492734e-13,12.742-14.742-16.742,0.062411557604643786,17.73457225117868,3,18,6-7-8,-70.99134407271345,4.787621120138336e-13,12.810-14.810-16.810,80.84948867724609,135.02859140417618,complete,0.5,12,0.9447959989766811,ops_speed_prior,0.41111607368596886,3
3,18,6-7-8,63.169662649960586,6.102806881126105e-13,12.675-14.675-16.675,3,36,6-7-8,-83.82470426672029,4.702857070174575e-13,12.742-14.742-16.742,0.062411557604643786,17.73457225117868,3,18,6-7-8,-82.19034913778752,5.798932683893298e-13,12.810-14.810-16.810,80.84948867724609,145.3600117877481,complete,1.0,12,0.9447959989766811,ops_speed_prior,0.41111607368596886,3
4,24,4-5-6-7,-24.18123605718881,0.12837360743445117,8.675-10.675-12.675-14.675,4,48,4-5-6-7,13.248105775091695,0.11737853355080272,8.742-10.742-12.742-14.742,0.062411557604643786,17.73457225117868,4,24,4-5-6-7,63.88014751860871,0.10086899544571234,8.810-10.810-12.810-14.810,80.84948867724609,88.06138357579752,complete,-1.0,12,0.9447959989766811,ops_speed_prior,0.41111607368596886,4
4,24,4-5-6-7,-24.959613624404728,0.12837360743445106,8.675-10.675-12.675-14.675,4,48,4-5-6-7,16.172261379983265,0.11737853355080279,8.742-10.742-12.742-14.742,0.062411557604643786,17.73457225117868,4,24,4-5-6-7,66.19790277363578,0.10086899544571226,8.810-10.810-12.810-14.810,80.84948867724609,91.1575163980405,complete,-0.5,12,0.9447959989766811,ops_speed_prior,0.41111607368596886,4
4,24,5-6-7-8,74.78323720110974,0.0920901109429585,10.675-12.675-14.675-16.675,4,48,5-6-7-8,67.42845748745307,0.09585070216406462,10.742-12.742-14.742-16.742,0.062411557604643786,17.73457225117868,4,24,5-6-7-8,69.64898048369166,0.09239938123009792,10.810-12.810-14.810-16.810,80.84948867724609,5.134256717418083,complete,0.0,12,0.9447959989766811,ops_speed_prior,0.41111607368596886,4
4,24,5-6-7-8,75.81701825175648,0.09209011094296225,10.675-12.675-14.675-16.675,4,48,5-6-7-8,69.04355821570662,0.09585070216407146,10.742-12.742-14.742-16.742,0.062411557604643786,17.73457225117868,4,24,5-6-7-8,70.97773463488977,0.09239938123011045,10.810-12.810-14.810-16.810,80.84948867724609,4.839283616866709,complete,0.5,12,0.9447959989766811,ops_speed_prior,0.41111607368596886,4
4,24,5-6-7-8,76.67433769708524,0.09209011094296596,10.675-12.675-14.675-16.675,4,48,5-6-7-8,70.38232460900541,0.09585070216407783,10.742-12.742-14.742-16.742,0.062411557604643786,17.73457225117868,4,24,5-6-7-8,72.07807712257187,0.09239938123012227,10.810-12.810-14.810-16.810,80.84948867724609,4.596260574513366,complete,1.0,12,0.9447959989766811,ops_speed_prior,0.41111607368596886,4
3,12,6-7-8,62.29015263802751,3.6715713783404975e-14,13.080-14.675-16.270,3,24,6-7-8,-49.13906662517975,7.032456072469436e-14,13.147-14.742-16.337,0.062411557604643786,17.73457225117868,3,12,6-7-8,9.084338718261122,8.803461192354336e-14,13.215-14.810-16.405,80.84948867724609,53.205813919766385,partial,-1.0,12,0.9447959989766811,ops_speed_prior,0.41111607368596886,2
2,11,7-8,73.5786760609982,3.147842048749004e-16,14.675-16.540,2,22,7-8,52.68449857855744,1.5830718051098916e-16,14.742-16.607,0.062411557604643786,17.73457225117868,2,11,7-8,52.658883659961504,3.5286168806578423e-16,14.810-16.675,80.84948867724609,20.919792401036705,partial,-0.5,12,0.9447959989766811,ops_speed_prior,0.41111607368596886,2
2,12,7-8,64.81738078946162,5.2157224297761193e-17,14.675-16.675,2,24,7-8,45.88426069750967,3.526228183690059e-16,14.742-16.742,0.062411557604643786,17.73457225117868,2,12,7-8,53.76918622690986,5.672094826515929e-16,14.810-16.810,80.84948867724609,11.048194562551766,partial,0.0,12,0.9447959989766811,ops_speed_prior,0.41111607368596886,2
2,11,7-8,63.38712331837699,6.482018909972265e-16,14.810-16.675,2,22,7-8,54.5891895448908,1.5830718051098916e-16,14.877-16.742,0.062411557604643786,17.73457225117868,2,11,7-8,19.851553177593047,3.511176306668293e-16,14.945-16.810,80.84948867724609,43.535570140783946,partial,0.5,12,0.9447959989766811,ops_speed_prior,0.41111607368596886,2
3,12,7-8-9,-49.646247805414035,1.3896161735708994e-13,15.080-16.675-18.270,3,24,7-8-9,-63.91142708110068,2.1808159491220297e-13,15.147-16.742-18.337,0.062411557604643786,17.73457225117868,3,12,7-8-9,-86.62217596117475,2.1470884547659326e-13,15.215-16.810-18.405,80.84948867724609,36.97592815576071,partial,1.0,12,0.9447959989766811,ops_speed_prior,0.41111607368596886,2
4,18,5-6-7-8,60.75868046415708,0.049682479813583286,11.080-12.675-14.675-16.270,4,36,5-6-7-8,68.2889118482511,0.08635832630976872,11.147-12.742-14.742-16.337,0.062411557604643786,17.73457225117868,4,18,5-6-7-8,69.2586855805204,0.098650999607739,11.215-12.810-14.810-16.405,80.84948867724609,8.500005116363326,partial,-1.0,12,0.9447959989766811,ops_speed_prior,0.41111607368596886,3
3,17,6-7-8,81.4686226757568,3.1610580966560864e-13,12.675-14.675-16.540,3,34,6-7-8,-23.588867349460948,2.189281537638225e-13,12.742-14.742-16.607,0.062411557604643786,17.73457225117868,3,17,6-7-8,-20.72047494389545,2.4728509712215095e-13,12.810-14.810-16.675,80.84948867724609,102.18909761965226,partial,-0.5,12,0.9447959989766811,ops_speed_prior,0.41111607368596886,3
3,18,6-7-8,64.3796607129936,4.1164012618794407e-13,12.675-14.675-16.675,3,36,6-7-8,-67.59252979488691,3.0902931429142305e-13,12.742-14.742-16.742,0.062411557604643786,17.73457225117868,3,18,6-7-8,-46.28079812531123,3.7691759743215097e-13,12.810-14.810-16.810,80.84948867724609,110.66045883830483,partial,0.0,12,0.9447959989766811,ops_speed_prior,0.41111607368596886,3
3,17,6-7-8,79.90894402747196,2.926329643980143e-13,12.810-14.675-16.675,3,34,6-7-8,-82.20463361975843,3.292947461342934e-13,12.877-14.742-16.742,0.062411557604643786,17.73457225117868,3,17,6-7-8,-60.675893010655926,3.578065420664742e-13,12.945-14.810-16.810,80.84948867724609,140.5848370381279,partial,0.5,12,0.9447959989766811,ops_speed_prior,0.41111607368596886,3
4,18,6-7-8-9,-37.03094752904923,0.04753262129042659,13.080-14.675-16.675-18.270,4,36,6-7-8-9,-70.26799857411545,0.02093986174575297,13.147-14.742-16.742-18.337,0.062411557604643786,17.73457225117868,4,18,6-7-8-9,-85.45965081714954,0.03139898630974033,13.215-14.810-16.810-18.405,80.84948867724609,48.428703288100316,partial,1.0,12,0.9447959989766811,ops_speed_prior,0.41111607368596886,3
5,24,4-5-6-7-8,58.18862630517017,0.10217384894342353,9.080-10.675-12.675-14.675-16.270,5,48,4-5-6-7-8,41.01266871458147,0.11039486775984576,9.147-10.742-12.742-14.742-16.337,0.062411557604643786,17.73457225117868,5,24,4-5-6-7-8,63.02393564942849,0.09018139414426606,9.215-10.810-12.810-14.810-16.405,80.84948867724609,4.83530934425832,partial,-1.0,12,0.9447959989766811,ops_speed_prior,0.41111607368596886,4
4,23,5-6-7-8,78.7576381231824,0.07835632389335583,10.675-12.675-14.675-16.540,4,46,5-6-7-8,68.89983085545015,0.09147594453922751,10.742-12.742-14.742-16.607,0.062411557604643786,17.73457225117868,4,23,5-6-7-8,68.1914539672893,0.09133683971086604,10.810-12.810-14.810-16.675,80.84948867724609,10.566184155893097,partial,-0.5,12,0.9447959989766811,ops_speed_prior,0.41111607368596886,4
4,24,5-6-7-8,74.78323720110974,0.0920901109429585,10.675-12.675-14.675-16.675,4,48,5-6-7-8,67.42845748745307,0.09585070216406462,10.742-12.742-14.742-16.742,0.062411557604643786,17.73457225117868,4,24,5-6-7-8,69.64898048369166,0.09239938123009792,10.810-12.810-14.810-16.810,80.84948867724609,5.134256717418083,partial,0.0,12,0.9447959989766811,ops_speed_prior,0.41111607368596886,4
4,23,5-6-7-8,75.9570275511912,0.09410700051132632,10.810-12.675-14.675-16.675,4,46,5-6-7-8,68.37626182517319,0.09440291953172462,10.877-12.742-14.742-16.742,0.062411557604643786,17.73457225117868,4,23,5-6-7-8,71.55954771932349,0.09669842214365189,10.945-12.810-14.810-16.810,80.84948867724609,4.397479831867713,partial,0.5,12,0.9447959989766811,ops_speed_prior,0.41111607368596886,4
5,24,5-6-7-8-9,29.537730707144995,0.06228566573755761,11.080-12.675-14.675-16.675-18.270,5,48,5-6-7-8-9,33.4691169853763,0.10468387457027592,11.147-12.742-14.742-16.742-18.337,0.062411557604643786,17.73457225117868,5,24,5-6-7-8-9,-54.47095369772757,0.14778897226723614,11.215-12.810-14.810-16.810-18.405,80.84948867724609,84.00868440487257,partial,1.0,12,0.9447959989766811,ops_speed_prior,0.41111607368596886,4
2,12,5-6,52.50594518205642,1.1983235727741482e-15,10.675-12.675,2,24,5-6,50.70220510294064,1.3517581547235788e-15,10.742-12.742,0.03609028011302495,15.060890497606142,2,12,5-6,65.38695328116802,3.3030884237261484e-16,10.810-12.810,69.95415456079101,12.881008099111597,complete,-1.0,13,1.0804708665371874,ops_speed_prior,0.34052956934925427,2
2,12,5-6,52.50594518205642,8.01498566113152e-16,10.675-12.675,2,24,5-6,50.70220510294064,3.266811795058872e-16,10.742-12.742,0.03609028011302495,15.060890497606142,2,12,5-6,65.386953281168,8.478521992319981e-16,10.810-12.810,69.95415456079101,12.881008099111583,complete,-0.5,13,1.0804708665371874,ops_speed_prior,0.34052956934925427,2
2,12,5-6,52.50594518205642,8.025791477676126e-16,10.675-12.675,2,24,5-6,50.702205102940646,7.032800891842076e-16,10.742-12.742,0.03609028011302495,15.060890497606142,2,12,5-6,65.38695328116802,9.174571827581065e-16,10.810-12.810,69.95415456079101,12.881008099111597,complete,0.0,13,1.0804708665371874,ops_speed_prior,0.34052956934925427,2
2,12,6-7,-52.41474551785776,1.5830718051098916e-16,12.675-14.675,2,24,6-7,-2.6568434567061505,8.883139346335056e-16,12.742-14.742,0.03609028011302495,15.060890497606142,2,12,6-7,-0.34513510688111326,5.66189932128129e-16,12.810-14.810,69.95415456079101,52.069610410976644,complete,0.5,13,1.0804708665371874,ops_speed_prior,0.34052956934925427,2
2,12,6-7,-52.41474551785777,9.164069795947945e-16,12.675-14.675,2,24,6-7,-2.6568434567061496,4.442247144484165e-16,12.742-14.742,0.03609028011302495,15.060890497606142,2,12,6-7,-0.3451351068811133,5.672094826515929e-16,12.810-14.810,69.95415456079101,52.06961041097665,complete,1.0,13,1.0804708665371874,ops_speed_prior,0.34052956934925427,2
3,18,4-5-6,68.42995977504215,5.670290708185045e-15,8.675-10.675-12.675,3,36,4-5-6,72.61008862400391,1.0547865026779703e-14,8.742-10.742-12.742,0.03609028011302495,15.060890497606142,3,18,4-5-6,80.04142965195555,3.030183413182896e-14,8.810-10.810-12.810,69.95415456079101,11.611469876913404,complete,-1.0,13,1.0804708665371874,ops_speed_prior,0.34052956934925427,3
3,18,4-5-6,70.33234455172168,7.415701888254439e-15,8.675-10.675-12.675,3,36,4-5-6,74.55735361739247,1.3920723974743032e-14,8.742-10.742-12.742,0.03609028011302495,15.060890497606142,3,18,4-5-6,81.16053376394359,3.959515591469803e-14,8.810-10.810-12.810,69.95415456079101,10.828189212221917,complete,-0.5,13,1.0804708665371874,ops_speed_prior,0.34052956934925427,3
3,18,4-5-6,71.95950363630318,9.017263718251527e-15,8.675-10.675-12.675,3,36,4-5-6,76.1223922046929,1.700321354690438e-14,8.742-10.742-12.742,0.03609028011302495,15.060890497606142,3,18,4-5-6,82.03814403206961,4.861353817681448e-14,8.810-10.810-12.810,69.95415456079101,10.078640395766428,complete,0.0,13,1.0804708665371874,ops_speed_prior,0.34052956934925427,3
3,18,5-6-7,-74.34308607671751,1.3969407639191991e-13,10.675-12.675-14.675,3,36,5-6-7,-49.65983815657424,1.4980735055037773e-13,10.742-12.742-14.742,0.03609028011302495,15.060890497606142,3,18,5-6-7,-62.94167316256583,3.5143780900380584e-13,10.810-12.810-14.810,69.95415456079101,11.401412914151685,complete,0.5,13,1.0804708665371874,ops_speed_prior,0.34052956934925427,3
3,18,5-6-7,-76.42607793054547,1.8350448094720882e-13,10.675-12.675-14.675,3,36,5-6-7,-56.04187298557052,1.9826664315743642e-13,10.742-12.742-14.742,0.03609028011302495,15.060890497606142,3,18,5-6-7,-68.36496895005631,4.455598885942261e-13,10.810-12.810-14.810,69.95415456079101,8.061108980489166,complete,1.0,13,1.0804708665371874,ops_speed_prior,0.34052956934925427,3
4,24,3-4-5-6,-53.54852136503367,0.030311156224769903,6.675-8.675-10.675-12.675,4,48,3-4-5-6,-30.939006431483556,0.0339831527308627,6.743-8.742-10.742-12.742,0.03609028011302495,15.060890497606142,4,24,3-4-5-6,54.08342325472499,0.043059578344838506,6.810-8.810-10.810-12.810,69.95415456079101,107.63194461975866,complete,-1.0,13,1.0804708665371874,ops_speed_prior,0.34052956934925427,4
4,24,3-4-5-6,-61.20939237122534,0.030311156224769892,6.675-8.675-10.675-12.675,4,48,3-4-5-6,-37.045842398399614,0.033983152730862685,6.743-8.742-10.742-12.742,0.03609028011302495,15.060890497606142,4,24,3-4-5-6,56.51468942644823,0.04305957834483852,6.810-8.810-10.810-12.810,69.95415456079101,117.72408179767356,complete,-0.5,13,1.0804708665371874,ops_speed_prior,0.34052956934925427,4
4,24,3-4-5-6,-66.90722034612213,0.030311156224769882,6.675-8.675-10.675-12.675,4,48,3-4-5-6,-42.40027688674716,0.03398315273086269,6.743-8.742-10.742-12.742,0.03609028011302495,15.060890497606142,4,24,3-4-5-6,58.673646362799985,0.04305957834483851,6.810-8.810-10.810-12.810,69.95415456079101,125.58086670892212,complete,0.0,13,1.0804708665371874,ops_speed_prior,0.34052956934925427,4
4,24,4-5-6-7,-62.358933235071696,0.029905447671837827,8.675-10.675-12.675-14.675,4,48,4-5-6-7,15.739973186517728,0.02476989955569784,8.742-10.742-12.742-14.742,0.03609028011302495,15.060890497606142,4,24,4-5-6-7,41.642364456489815,0.046393415988518635,8.810-10.810-12.810-14.810,69.95415456079101,104.00129769156152,complete,0.5,13,1.0804708665371874,ops_speed_prior,0.34052956934925427,4
4,24,4-5-6-7,-65.19885715476244,0.02990544767183438,8.675-10.675-12.675-14.675,4,48,4-5-6-7,15.943357478633983,0.024769899555697916,8.742-10.742-12.742-14.742,0.03609028011302495,15.060890497606142,4,24,4-5-6-7,43.625619633018125,0.04639341598852082,8.810-10.810-12.810-14.810,69.95415456079101,108.82447678778055,complete,1.0,13,1.0804708665371874,ops_speed_prior,0.34052956934925427,4
2,11,5-6,-23.882086798194454,2.222613395836815e-16,10.810-12.675,2,23,5-6,2.27094111896659,5.663174763232056e-16,10.810-12.742,0.03609028011302495,15.060890497606142,2,12,5-6,65.38695328116802,3.3030884237261484e-16,10.810-12.810,69.95415456079101,89.26904007936247,partial,-1.0,13,1.0804708665371874,ops_speed_prior,0.34052956934925427,2
3,12,5-6-7,-73.1087604929812,3.591608060240314e-14,11.080-12.675-14.270,3,24,5-6-7,-7.98456982348987,3.327431277100446e-14,11.080-12.742-14.270,0.03609028011302495,15.060890497606142,3,12,5-6-7,-83.54826346446377,2.6257105793599158e-14,11.080-12.810-14.270,69.95415456079101,10.439502971482568,partial,-0.5,13,1.0804708665371874,ops_speed_prior,0.34052956934925427,2
3,12,5-6-7,73.54635591154305,3.16847867982177e-14,11.215-12.675-14.405,3,24,5-6-7,86.27960134365654,6.423892964439586e-14,11.283-12.742-14.473,0.03609028011302495,15.060890497606142,3,12,5-6-7,-84.90594374504951,2.849749604588394e-13,11.350-12.810-14.540,69.95415456079101,158.4522996565926,partial,0.0,13,1.0804708665371874,ops_speed_prior,0.34052956934925427,2
2,12,6-7,-52.41474551785776,1.5830718051098916e-16,12.675-14.675,2,24,6-7,-2.6568434567061505,8.883139346335056e-16,12.742-14.742,0.03609028011302495,15.060890497606142,2,12,6-7,-0.34513510688111326,5.66189932128129e-16,12.810-14.810,69.95415456079101,52.069610410976644,partial,0.5,13,1.0804708665371874,ops_speed_prior,0.34052956934925427,2
2,11,6-7,-54.35320116062126,1.1329324831766778e-15,12.810-14.675,2,23,6-7,-17.03809041495239,4.713598341069935e-16,12.810-14.742,0.03609028011302495,15.060890497606142,2,12,6-7,-0.3451351068811133,5.672094826515929e-16,12.810-14.810,69.95415456079101,54.008066053740144,partial,1.0,13,1.0804708665371874,ops_speed_prior,0.34052956934925427,2
3,17,4-5-6,71.42003905235973,6.9375152400241005e-15,8.810-10.675-12.675,3,35,4-5-6,71.06610097590107,8.506759661611751e-15,8.810-10.742-12.742,0.03609028011302495,15.060890497606142,3,18,4-5-6,80.04142965195555,3.030183413182896e-14,8.810-10.810-12.810,69.95415456079101,8.621390599595827,partial,-1.0,13,1.0804708665371874,ops_speed_prior,0.34052956934925427,3
4,18,4-5-6-7,-66.69055241464079,0.04353138358677766,9.080-10.675-12.675-14.270,4,36,4-5-6-7,-46.37715343381412,0.034837048315532686,9.080-10.742-12.742-14.270,0.03609028011302495,15.060890497606142,4,18,4-5-6-7,-23.793510612990293,0.056256414854829094,9.080-10.810-12.810-14.270,69.95415456079101,42.8970418016505,partial,-0.5,13,1.0804708665371874,ops_speed_prior,0.34052956934925427,3
4,18,4-5-6-7,-62.73244396260022,0.02375053425452025,9.215-10.675-12.675-14.405,4,36,4-5-6-7,35.96419107786842,0.017291730785589647,9.283-10.742-12.742-14.473,0.03609028011302495,15.060890497606142,4,18,4-5-6-7,37.39817134073123,0.05442515184229168,9.350-10.810-12.810-14.540,69.95415456079101,100.13061530333145,partial,0.0,13,1.0804708665371874,ops_speed_prior,0.34052956934925427,3
3,18,5-6-7,-74.34308607671751,1.3969407639191991e-13,10.675-12.675-14.675,3,36,5-6-7,-49.65983815657424,1.4980735055037773e-13,10.742-12.742-14.742,0.03609028011302495,15.060890497606142,3,18,5-6-7,-62.94167316256583,3.5143780900380584e-13,10.810-12.810-14.810,69.95415456079101,11.401412914151685,partial,0.5,13,1.0804708665371874,ops_speed_prior,0.34052956934925427,3
3,17,5-6-7,-67.14892718083047,1.8701982121642498e-13,10.810-12.675-14.675,3,35,5-6-7,-8.376891270282831,1.4458028454584017e-13,10.810-12.742-14.742,0.03609028011302495,15.060890497606142,3,18,5-6-7,-68.36496895005631,4.455598885942261e-13,10.810-12.810-14.810,69.95415456079101,1.2160417692258392,partial,1.0,13,1.0804708665371874,ops_speed_prior,0.34052956934925427,3
4,23,3-4-5-6,-59.620697401684374,0.03225114310215427,6.810-8.675-10.675-12.675,4,47,3-4-5-6,-18.325099601495523,0.03174011487045647,6.810-8.742-10.742-12.742,0.03609028011302495,15.060890497606142,4,24,3-4-5-6,54.08342325472499,0.043059578344838506,6.810-8.810-10.810-12.810,69.95415456079101,113.70412065640937,partial,-1.0,13,1.0804708665371874,ops_speed_prior,0.34052956934925427,4
5,24,3-4-5-6-7,-61.48455745086843,0.03187862757009771,7.080-8.675-10.675-12.675-14.270,5,48,3-4-5-6-7,-63.05469057331922,0.0392591582131885,7.080-8.742-10.742-12.742-14.270,0.03609028011302495,15.060890497606142,5,24,3-4-5-6-7,-29.796360434130122,0.050261929439449994,7.080-8.810-10.810-12.810-14.270,69.95415456079101,31.688197016738307,partial,-0.5,13,1.0804708665371874,ops_speed_prior,0.34052956934925427,4
5,24,3-4-5-6-7,50.408308826862424,0.012496113455006098,7.215-8.675-10.675-12.675-14.405,5,48,3-4-5-6-7,21.679242767746167,0.02380693757948436,7.283-8.742-10.742-12.742-14.473,0.03609028011302495,15.060890497606142,5,24,3-4-5-6-7,-11.372279786141847,0.04897106726934136,7.350-8.810-10.810-12.810-14.540,69.95415456079101,61.78058861300427,partial,0.0,13,1.0804708665371874,ops_speed_prior,0.34052956934925427,4
4,24,4-5-6-7,-62.358933235071696,0.029905447671837827,8.675-10.675-12.675-14.675,4,48,4-5-6-7,15.739973186517728,0.02476989955569784,8.742-10.742-12.742-14.742,0.03609028011302495,15.060890497606142,4,24,4-5-6-7,41.642364456489815,0.046393415988518635,8.810-10.810-12.810-14.810,69.95415456079101,104.00129769156152,partial,0.5,13,1.0804708665371874,ops_speed_prior,0.34052956934925427,4
4,23,4-5-6-7,-63.835113899771756,0.03199479182587563,8.810-10.675-12.675-14.675,4,47,4-5-6-7,5.755287976387024,0.02236424980582635,8.810-10.742-12.742-14.742,0.03609028011302495,15.060890497606142,4,24,4-5-6-7,43.625619633018125,0.04639341598852082,8.810-10.810-12.810-14.810,69.95415456079101,107.46073353278987,partial,1.0,13,1.0804708665371874,ops_speed_prior,0.34052956934925427,4
2,12,5-6,-56.1031679647485,5.019319783099651e-16,10.675-12.675,2,24,5-6,29.687446602726894,4.718447854656915e-16,10.742-12.742,0.020603326640070918,14.893324904962045,2,12,5-6,-9.789559491292621,5.665299861720762e-16,10.810-12.810,78.50750096997072,46.31360847345588,complete,-1.0,14,0.9746667354753266,ops_speed_prior,0.3899937848478136,2
2,12,5-6,-56.10316796474848,3.149753423051517e-16,10.675-12.675,2,24,5-6,29.687446602726894,3.5381555418772976e-16,10.742-12.742,0.020603326640070918,14.893324904962045,2,12,5-6,-9.789559491292621,1.5700924586837752e-16,10.810-12.810,78.50750096997072,46.31360847345586,complete,-0.5,14,0.9746667354753266,ops_speed_prior,0.3899937848478136,2
2,12,5-6,-56.10316796474848,5.671458144401431e-16,10.675-12.675,2,24,5-6,29.6874466027269,4.462523459318059e-16,10.742-12.742,0.020603326640070918,14.893324904962045,2,12,5-6,-9.789559491292621,3.147842048749004e-16,10.810-12.810,78.50750096997072,46.31360847345586,complete,0.0,14,0.9746667354753266,ops_speed_prior,0.3899937848478136,2
2,12,5-6,-56.10316796474848,3.2990773859093343e-16,10.675-12.675,2,24,5-6,29.687446602726908,1.0614466625631893e-15,10.742-12.742,0.020603326640070918,14.893324904962045,2,12,5-6,-9.789559491292623,1.5731560566382466e-16,10.810-12.810,78.50750096997072,46.31360847345586,complete,0.5,14,0.9746667354753266,ops_speed_prior,0.3899937848478136,2
2,12,6-7,73.76074408955661,4.611102534756203e-16,12.675-14.675,2,24,6-7,70.88825115686484,1.1964311226166816e-15,12.742-14.742,0.020603326640070918,14.893324904962045,2,12,6-7,51.234398609427764,3.516314866869299e-16,12.810-14.810,78.50750096997072,22.526345480128846,complete,1.0,14,0.9746667354753266,ops_speed_prior,0.3899937848478136,2
3,18,4-5-6,-84.15216042266279,2.2312812401665026e-13,8.675-10.675-12.675,3,36,4-5-6,60.97080137171188,7.567667549201107e-14,8.742-10.742-12.742,0.020603326640070918,14.893324904962045,3,18,4-5-6,-39.857482842203524,2.106859210015665e-14,8.810-10.810-12.810,78.50750096997072,44.294677580459265,complete,-1.0,14,0.9746667354753266,ops_speed_prior,0.3899937848478136,3
3,18,4-5-6,-85.66521293478573,2.786811095961864e-13,8.675-10.675-12.675,3,36,4-5-6,63.896213234151475,9.566742753563313e-14,8.742-10.742-12.742,0.020603326640070918,14.893324904962045,3,18,4-5-6,-45.19524183327977,2.718149117629361e-14,8.810-10.810-12.810,78.50750096997072,40.469971101505955,complete,-0.5,14,0.9746667354753266,ops_speed_prior,0.3899937848478136,3
3,18,4-5-6,-86.7972934413207,3.33341655051258e-13,8.675-10.675-12.675,3,36,4-5-6,66.18309370512938,1.152165016012319e-13,8.742-10.742-12.742,0.020603326640070918,14.893324904962045,3,18,4-5-6,-49.82393131457615,3.314020765108672e-14,8.810-10.810-12.810,78.50750096997072,36.973362126744554,complete,0.0,14,0.9746667354753266,ops_speed_prior,0.3899937848478136,3
3,18,4-5-6,-87.67556828825758,3.8635020687848645e-13,8.675-10.675-12.675,3,36,4-5-6,68.01452347544833,1.3445257134392386e-13,8.742-10.742-12.742,0.020603326640070918,14.893324904962045,3,18,4-5-6,-53.82653899585549,3.905771661807458e-14,8.810-10.810-12.810,78.50750096997072,33.84902929240209,complete,0.5,14,0.9746667354753266,ops_speed_prior,0.3899937848478136,3
3,18,5-6-7,82.71140959897056,1.0497146657503684e-13,10.675-12.675-14.675,3,36,5-6-7,79.58717285845373,5.394900778200456e-14,10.742-12.742-14.742,0.020603326640070918,14.893324904962045,3,18,5-6-7,68.06212117647331,4.1970865764481814e-14,10.810-12.810-14.810,78.50750096997072,14.649288422497252,complete,1.0,14,0.9746667354753266,ops_speed_prior,0.3899937848478136,3
4,24,3-4-5-6,62.63636360740276,0.07158032394444917,6.675-8.675-10.675-12.675,4,48,3-4-5-6,29.850006217897572,0.014729985587032157,6.743-8.742-10.742-12.742,0.020603326640070918,14.893324904962045,4,24,3-4-5-6,-52.952526378439856,0.0030597335689868084,6.810-8.810-10.810-12.810,78.50750096997072,115.58888998584261,complete,-1.0,14,0.9746667354753266,ops_speed_prior,0.3899937848478136,4
4,24,3-4-5-6,64.66027411373548,0.07158032394444915,6.675-8.675-10.675-12.675,4,48,3-4-5-6,34.258398774960966,0.014729985587032162,6.743-8.742-10.742-12.742,0.020603326640070918,14.893324904962045,4,24,3-4-5-6,-58.38026954070563,0.003059733568986778,6.810-8.810-10.810-12.810,78.50750096997072,123.0405436544411,complete,-0.5,14,0.9746667354753266,ops_speed_prior,0.3899937848478136,4
4,24,3-4-5-6,66.33968701787286,0.07158032394444915,6.675-8.675-10.675-12.675,4,48,3-4-5-6,38.17948936043296,0.014729985587032174,6.743-8.742-10.742-12.742,0.020603326640070918,14.893324904962045,4,24,3-4-5-6,-62.82888325824636,0.003059733568986805,6.810-8.810-10.810-12.810,78.50750096997072,129.16857027611923,complete,0.0,14,0.9746667354753266,ops_speed_prior,0.3899937848478136,4
4,24,3-4-5-6,67.75338606985439,0.0715803239444491,6.675-8.675-10.675-12.675,4,48,3-4-5-6,41.6587449429989,0.014729985587032176,6.743-8.742-10.742-12.742,0.020603326640070918,14.893324904962045,4,24,3-4-5-6,-66.50000569014746,0.003059733568986842,6.810-8.810-10.810-12.810,78.50750096997072,134.25339176000185,complete,0.5,14,0.9746667354753266,ops_speed_prior,0.3899937848478136,4
4,24,4-5-6-7,65.75155553294373,0.0699759115314541,8.675-10.675-12.675-14.675,4,48,4-5-6-7,76.5672897899049,0.007493419034780701,8.742-10.742-12.742-14.742,0.020603326640070918,14.893324904962045,4,24,4-5-6-7,51.64021412984962,0.016506991513533627,8.810-10.810-12.810-14.810,78.50750096997072,14.111341403094109,complete,1.0,14,0.9746667354753266,ops_speed_prior,0.3899937848478136,4
2,12,5-6,-56.1031679647485,5.019319783099651e-16,10.675-12.675,2,24,5-6,29.687446602726894,4.718447854656915e-16,10.742-12.742,0.020603326640070918,14.893324904962045,2,12,5-6,-9.789559491292621,5.665299861720762e-16,10.810-12.810,78.50750096997072,46.31360847345588,partial,-1.0,14,0.9746667354753266,ops_speed_prior,0.3899937848478136,2
3,12,5-6-7,78.56217635600002,6.016090731359502e-13,10.945-12.675-14.135,2,21,5-6,32.70097582213928,5.661048867003676e-16,10.945-12.742,0.020603326640070918,14.893324904962045,2,11,5-6,50.037081463439804,3.510833468576701e-16,10.945-12.810,78.50750096997072,28.52509489256022,partial,-0.5,14,0.9746667354753266,ops_speed_prior,0.3899937848478136,2
3,12,5-6-7,-122.70206855269421,2.507165806428546e-12,11.215-12.675-14.405,3,24,5-6-7,-125.39306643206874,2.3771412665440727e-12,11.215-12.742-14.405,0.020603326640070918,14.893324904962045,3,12,5-6-7,-88.92142216410353,9.552981456904968e-13,11.215-12.810-14.405,78.50750096997072,33.78064638859068,partial,0.0,14,0.9746667354753266,ops_speed_prior,0.3899937848478136,2
2,12,6-7,73.76074408955661,5.027706288167843e-16,12.675-14.675,2,23,6-7,68.30871500266637,4.716661771857619e-16,12.742-14.675,0.020603326640070918,14.893324904962045,2,11,6-7,-27.71549667133759,7.860269245766492e-16,12.810-14.675,78.50750096997072,101.4762407608942,partial,0.5,14,0.9746667354753266,ops_speed_prior,0.3899937848478136,2
2,12,6-7,73.76074408955661,4.611102534756203e-16,12.675-14.675,2,24,6-7,70.88825115686484,1.1964311226166816e-15,12.742-14.742,0.020603326640070918,14.893324904962045,2,12,6-7,51.234398609427764,3.516314866869299e-16,12.810-14.810,78.50750096997072,22.526345480128846,partial,1.0,14,0.9746667354753266,ops_speed_prior,0.3899937848478136,2
3,18,4-5-6,-84.15216042266279,2.2312812401665026e-13,8.675-10.675-12.675,3,36,4-5-6,60.97080137171188,7.567667549201107e-14,8.742-10.742-12.742,0.020603326640070918,14.893324904962045,3,18,4-5-6,-39.857482842203524,2.106859210015665e-14,8.810-10.810-12.810,78.50750096997072,44.294677580459265,partial,-1.0,14,0.9746667354753266,ops_speed_prior,0.3899937848478136,3
4,18,4-5-6-7,-42.876199849868726,0.08551734983419647,8.945-10.675-12.675-14.135,3,33,4-5-6,48.37676860578564,2.769057458508757e-14,8.945-10.742-12.742,0.020603326640070918,14.893324904962045,3,17,4-5-6,-4.0437697904266345,3.4911119241676777e-15,8.945-10.810-12.810,78.50750096997072,38.83243005944209,partial,-0.5,14,0.9746667354753266,ops_speed_prior,0.3899937848478136,3
4,18,4-5-6-7,-57.01119929458222,0.09234699149116679,9.215-10.675-12.675-14.405,4,36,4-5-6-7,76.5311087581383,0.014025619139538401,9.215-10.742-12.742-14.405,0.020603326640070918,14.893324904962045,4,18,4-5-6-7,54.253899067637484,0.004034922438079816,9.215-10.810-12.810-14.405,78.50750096997072,111.2650983622197,partial,0.0,14,0.9746667354753266,ops_speed_prior,0.3899937848478136,3
3,18,5-6-7,81.76687113679644,7.315045810966137e-14,10.675-12.675-14.675,3,35,5-6-7,76.48137282458514,3.208412308294553e-14,10.742-12.742-14.675,0.020603326640070918,14.893324904962045,3,17,5-6-7,-40.2784848646263,6.341794734851963e-15,10.810-12.810-14.675,78.50750096997072,122.04535600142272,partial,0.5,14,0.9746667354753266,ops_speed_prior,0.3899937848478136,3
3,18,5-6-7,82.71140959897056,1.0497146657503684e-13,10.675-12.675-14.675,3,36,5-6-7,79.58717285845373,5.394900778200456e-14,10.742-12.742-14.742,0.020603326640070918,14.893324904962045,3,18,5-6-7,68.06212117647331,4.1970865764481814e-14,10.810-12.810-14.810,78.50750096997072,14.649288422497252,partial,1.0,14,0.9746667354753266,ops_speed_prior,0.3899937848478136,3
4,24,3-4-5-6,62.63636360740276,0.07158032394444917,6.675-8.675-10.675-12.675,4,48,3-4-5-6,29.850006217897572,0.014729985587032157,6.743-8.742-10.742-12.742,0.020603326640070918,14.893324904962045,4,24,3-4-5-6,-52.952526378439856,0.0030597335689868084,6.810-8.810-10.810-12.810,78.50750096997072,115.58888998584261,partial,-1.0,14,0.9746667354753266,ops_speed_prior,0.3899937848478136,4
5,24,3-4-5-6-7,72.55342534258376,0.07255116734767687,6.945-8.675-10.675-12.675-14.135,4,45,3-4-5-6,57.34746522843246,0.0070531235542182725,6.945-8.742-10.742-12.742,0.020603326640070918,14.893324904962045,4,23,3-4-5-6,62.03793890616238,0.024731976216747675,6.945-8.810-10.810-12.810,78.50750096997072,10.515486436421384,partial,-0.5,14,0.9746667354753266,ops_speed_prior,0.3899937848478136,4
5,24,3-4-5-6-7,74.82511102408793,0.07563446876996908,7.215-8.675-10.675-12.675-14.405,5,48,3-4-5-6-7,75.30364100501205,0.01566772705998847,7.215-8.742-10.742-12.742-14.405,0.020603326640070918,14.893324904962045,5,24,3-4-5-6-7,62.638710043616506,0.034449137035198016,7.215-8.810-10.810-12.810-14.405,78.50750096997072,12.186400980471426,partial,0.0,14,0.9746667354753266,ops_speed_prior,0.3899937848478136,4
4,24,4-5-6-7,64.41213744036511,0.06997591153144865,8.675-10.675-12.675-14.675,4,47,4-5-6-7,73.77930092916326,0.004997654925035564,8.742-10.742-12.742-14.675,0.020603326640070918,14.893324904962045,4,23,4-5-6-7,-46.033292563784656,0.0018145118256861418,8.810-10.810-12.810-14.675,78.50750096997072,110.44543000414977,partial,0.5,14,0.9746667354753266,ops_speed_prior,0.3899937848478136,4
4,24,4-5-6-7,65.75155553294373,0.0699759115314541,8.675-10.675-12.675-14.675,4,48,4-5-6-7,76.5672897899049,0.007493419034780701,8.742-10.742-12.742-14.742,0.020603326640070918,14.893324904962045,4,24,4-5-6-7,51.64021412984962,0.016506991513533627,8.810-10.810-12.810-14.810,78.50750096997072,14.111341403094109,partial,1.0,14,0.9746667354753266,ops_speed_prior,0.3899937848478136,4
2,12,4-5,-79.20821130467829,4.462523459318059e-16,8.675-10.675,2,24,4-5,-62.27281653800112,6.804363002006077e-16,8.742-10.742,0.040393283420524284,13.853874119224447,2,12,4-5,-49.30399843026527,2.3734668919815726e-16,8.810-10.810,83.29330193701173,29.90421287441302,complete,-1.0,15,0.841596649995093,ops_speed_prior,0.2794879619246572,2
2,12,4-5,-79.20821130467829,2.6981503274991466e-16,8.675-10.675,2,24,4-5,-62.27281653800112,6.667118051786499e-16,8.742-10.742,0.040393283420524284,13.853874119224447,2,12,4-5,-49.30399843026527,1.6566382135975892e-16,8.810-10.810,83.29330193701173,29.90421287441302,complete,-0.5,15,0.841596649995093,ops_speed_prior,0.2794879619246572,2
2,12,5-6,56.3237777815562,3.1707024946691817e-16,10.675-12.675,2,24,5-6,72.95788012565778,5.812126222352033e-16,10.742-12.742,0.040393283420524284,13.853874119224447,2,12,5-6,77.11910053510678,2.482534153247273e-16,10.810-12.810,83.29330193701173,20.79532275355058,complete,0.0,15,0.841596649995093,ops_speed_prior,0.2794879619246572,2
2,12,5-6,56.32377778155619,8.655557453836436e-16,10.675-12.675,2,24,5-6,72.95788012565778,2.2291027918243403e-16,10.742-12.742,0.040393283420524284,13.853874119224447,2,12,5-6,77.11910053510678,7.144028522217822e-16,10.810-12.810,83.29330193701173,20.795322753550593,complete,0.5,15,0.841596649995093,ops_speed_prior,0.2794879619246572,2
2,12,5-6,56.3237777815562,4.730677113667733e-16,10.675-12.675,2,24,5-6,72.95788012565778,4.984425371353787e-16,10.742-12.742,0.040393283420524284,13.853874119224447,2,12,5-6,77.11910053510677,5.67464084063076e-16,10.810-12.810,83.29330193701173,20.795322753550565,complete,1.0,15,0.841596649995093,ops_speed_prior,0.2794879619246572,2
3,18,3-4-5,-92.77415671877262,2.344182339231965e-13,6.675-8.675-10.675,3,36,3-4-5,-86.26430632239617,2.8867497062491044e-13,6.743-8.742-10.742,0.040393283420524284,13.853874119224447,3,18,3-4-5,-56.84215514190084,4.2452187710087065e-13,6.810-8.810-10.810,83.29330193701173,35.93200157687178,complete,-1.0,15,0.841596649995093,ops_speed_prior,0.2794879619246572,3
3,18,3-4-5,-93.44247521579801,2.601751429909885e-13,6.675-8.675-10.675,3,36,3-4-5,-87.41719797363427,3.210203548341271e-13,6.743-8.742-10.742,0.040393283420524284,13.853874119224447,3,18,3-4-5,-57.94986240469371,7.558830708746426e-17,6.810-8.810-10.810,83.29330193701173,35.4926128111043,complete,-0.5,15,0.841596649995093,ops_speed_prior,0.2794879619246572,3
3,18,4-5-6,72.06339354004498,7.715911242018735e-14,8.675-10.675-12.675,3,36,4-5-6,79.809506483126,9.37236256613734e-14,8.742-10.742-12.742,0.040393283420524284,13.853874119224447,3,18,4-5-6,83.45487935748896,7.218177993839844e-14,8.810-10.810-12.810,83.29330193701173,11.391485817443979,complete,0.0,15,0.841596649995093,ops_speed_prior,0.2794879619246572,3
3,18,4-5-6,73.07564989737303,1.0118083714400782e-13,8.675-10.675-12.675,3,36,4-5-6,80.4137873896126,1.2420917694492562e-13,8.742-10.742-12.742,0.040393283420524284,13.853874119224447,3,18,4-5-6,84.06991484644047,9.637755749230364e-14,8.810-10.810-12.810,83.29330193701173,10.994264949067443,complete,0.5,15,0.841596649995093,ops_speed_prior,0.2794879619246572,3
3,18,4-5-6,73.84568872014212,1.2458729622947662e-13,8.675-10.675-12.675,3,36,4-5-6,80.8880114037208,1.5336205273021385e-13,8.742-10.742-12.742,0.040393283420524284,13.853874119224447,3,18,4-5-6,84.55417134677207,1.2103098654848633e-13,8.810-10.810-12.810,83.29330193701173,10.708482626629944,complete,1.0,15,0.841596649995093,ops_speed_prior,0.2794879619246572,3
4,24,2-3-4-5,-83.92381698943936,0.03590343396808649,4.675-6.675-8.675-10.675,4,48,2-3-4-5,-77.89663233204553,0.01759633391351869,4.743-6.743-8.742-10.742,0.040393283420524284,13.853874119224447,4,24,2-3-4-5,-85.38553819390162,0.03392226390937224,4.810-6.810-8.810-10.810,83.29330193701173,1.4617212044622647,complete,-1.0,15,0.841596649995093,ops_speed_prior,0.2794879619246572,4
4,24,2-3-4-5,-85.17657080044626,0.03590343396794493,4.675-6.675-8.675-10.675,4,48,2-3-4-5,-79.82813910084342,0.01759633391351867,4.743-6.743-8.742-10.742,0.040393283420524284,13.853874119224447,4,24,2-3-4-5,-86.33312156210131,0.033922263909372107,4.810-6.810-8.810-10.810,83.29330193701173,1.1565507616550548,complete,-0.5,15,0.841596649995093,ops_speed_prior,0.2794879619246572,4
4,24,3-4-5-6,-49.48467222199194,0.07195533586060432,6.675-8.675-10.675-12.675,4,48,3-4-5-6,66.41850472648166,0.06939814586213315,6.743-8.742-10.742-12.742,0.040393283420524284,13.853874119224447,4,24,3-4-5-6,78.02912206023211,0.04922186030449204,6.810-8.810-10.810-12.810,83.29330193701173,127.51379428222405,complete,0.0,15,0.841596649995093,ops_speed_prior,0.2794879619246572,4
4,24,3-4-5-6,-52.044917050550076,0.07195533586060429,6.675-8.675-10.675-12.675,4,48,3-4-5-6,67.91053879733197,0.06939814586213314,6.743-8.742-10.742-12.742,0.040393283420524284,13.853874119224447,4,24,3-4-5-6,79.09018519092878,0.04922186030449203,6.810-8.810-10.810-12.810,83.29330193701173,131.13510224147885,complete,0.5,15,0.841596649995093,ops_speed_prior,0.2794879619246572,4
4,24,3-4-5-6,-54.390413921214666,0.07195533586060432,6.675-8.675-10.675-12.675,4,48,3-4-5-6,69.23020590180606,0.06939814586213312,6.743-8.742-10.742-12.742,0.040393283420524284,13.853874119224447,4,24,3-4-5-6,79.97180441986242,0.049221860304491855,6.810-8.810-10.810-12.810,83.29330193701173,134.3622183410771,complete,1.0,15,0.841596649995093,ops_speed_prior,0.2794879619246572,4
3,12,4-5-6,71.58390778984028,1.7681573425172897e-13,9.215-10.675-12.405,3,24,4-5-6,78.4385693652238,2.3011407328327307e-13,9.215-10.742-12.405,0.040393283420524284,13.853874119224447,3,12,4-5-6,90.62583126823812,2.9801493509656345e-13,9.215-10.810-12.405,83.29330193701173,19.041923478397834,partial,-1.0,15,0.841596649995093,ops_speed_prior,0.2794879619246572,2
2,12,5-6,56.3237777815562,4.791355229691893e-16,10.675-12.675,2,23,5-6,73.36427491948719,2.2425620542765743e-16,10.742-12.675,0.040393283420524284,13.853874119224447,2,11,5-6,77.17108274431563,3.366615172947286e-16,10.810-12.675,83.29330193701173,20.847304962759427,partial,-0.5,15,0.841596649995093,ops_speed_prior,0.2794879619246572,2
2,12,5-6,56.3237777815562,3.1707024946691817e-16,10.675-12.675,2,24,5-6,72.95788012565778,5.812126222352033e-16,10.742-12.742,0.040393283420524284,13.853874119224447,2,12,5-6,77.11910053510678,2.482534153247273e-16,10.810-12.810,83.29330193701173,20.79532275355058,partial,0.0,15,0.841596649995093,ops_speed_prior,0.2794879619246572,2
3,12,5-6-7,63.90416080412555,6.98783030563316e-13,10.945-12.675-14.135,2,21,5-6,75.32916939093188,7.4165058627159095e-16,10.945-12.742,0.040393283420524284,13.853874119224447,2,11,5-6,54.010088701165856,3.2144383882161314e-16,10.945-12.810,83.29330193701173,9.894072102959697,partial,0.5,15,0.841596649995093,ops_speed_prior,0.2794879619246572,2
3,12,5-6-7,-102.88794075244144,5.438120271266439e-13,11.215-12.675-14.405,3,24,5-6-7,-93.98535946852385,1.8410133892796424e-13,11.215-12.742-14.405,0.040393283420524284,13.853874119224447,3,12,5-6-7,-89.81054361117414,3.887833535389478e-13,11.215-12.810-14.405,83.29330193701173,13.077397141267298,partial,1.0,15,0.841596649995093,ops_speed_prior,0.2794879619246572,2
4,18,3-4-5-6,-54.410638607580076,0.07363675567500227,7.215-8.675-10.675-12.405,4,36,3-4-5-6,45.40345158006268,0.07124973323071356,7.215-8.742-10.742-12.405,0.040393283420524284,13.853874119224447,4,18,3-4-5-6,93.9003801450029,0.13541216250785668,7.215-8.810-10.810-12.405,83.29330193701173,148.31101875258298,partial,-1.0,15,0.841596649995093,ops_speed_prior,0.2794879619246572,3
3,18,4-5-6,70.67438040685828,5.3082819548081545e-14,8.675-10.675-12.675,3,35,4-5-6,79.31213718153971,5.354614119359075e-14,8.742-10.742-12.675,0.040393283420524284,13.853874119224447,3,17,4-5-6,82.79326582601482,2.6016729184850136e-14,8.810-10.810-12.675,83.29330193701173,12.118885419156541,partial,-0.5,15,0.841596649995093,ops_speed_prior,0.2794879619246572,3
3,18,4-5-6,72.06339354004498,7.715911242018735e-14,8.675-10.675-12.675,3,36,4-5-6,79.809506483126,9.37236256613734e-14,8.742-10.742-12.742,0.040393283420524284,13.853874119224447,3,18,4-5-6,83.45487935748896,7.218177993839844e-14,8.810-10.810-12.810,83.29330193701173,11.391485817443979,partial,0.0,15,0.841596649995093,ops_speed_prior,0.2794879619246572,3
4,18,4-5-6-7,72.0223695952597,0.026261111945923597,8.945-10.675-12.675-14.135,3,33,4-5-6,80.51257881619664,1.0163706499572382e-13,8.945-10.742-12.742,0.040393283420524284,13.853874119224447,3,17,4-5-6,84.13028485752548,7.91511546293537e-14,8.945-10.810-12.810,83.29330193701173,12.107915262265777,partial,0.5,15,0.841596649995093,ops_speed_prior,0.2794879619246572,3
4,18,4-5-6-7,-90.52174548640821,0.08282395774181273,9.215-10.675-12.675-14.405,4,36,4-5-6-7,-87.93132911109085,0.11454985986321678,9.215-10.742-12.742-14.405,0.040393283420524284,13.853874119224447,4,18,4-5-6-7,-87.31125575666779,0.12872928533542596,9.215-10.810-12.810-14.405,83.29330193701173,3.2104897297404165,partial,1.0,15,0.841596649995093,ops_speed_prior,0.2794879619246572,3
5,24,2-3-4-5-6,-2.4743323382527076,0.06179414267500734,5.215-6.675-8.675-10.675-12.405,5,48,2-3-4-5-6,64.83087760427576,0.057077089906982036,5.215-6.743-8.742-10.742-12.405,0.040393283420524284,13.853874119224447,5,24,2-3-4-5-6,82.95524409446634,0.1162988595220573,5.215-6.810-8.810-10.810-12.405,83.29330193701173,85.42957643271905,partial,-1.0,15,0.841596649995093,ops_speed_prior,0.2794879619246572,4
4,24,3-4-5-6,-46.69051036914017,0.07195533586060429,6.675-8.675-10.675-12.675,4,47,3-4-5-6,65.66181717817614,0.07014353255623129,6.743-8.742-10.742-12.675,0.040393283420524284,13.853874119224447,4,23,3-4-5-6,76.91017347197591,0.050119945479743494,6.810-8.810-10.810-12.675,83.29330193701173,123.60068384111608,partial,-0.5,15,0.841596649995093,ops_speed_prior,0.2794879619246572,4
4,24,3-4-5-6,-49.48467222199194,0.07195533586060432,6.675-8.675-10.675-12.675,4,48,3-4-5-6,66.41850472648166,0.06939814586213315,6.743-8.742-10.742-12.742,0.040393283420524284,13.853874119224447,4,24,3-4-5-6,78.02912206023211,0.04922186030449204,6.810-8.810-10.810-12.810,83.29330193701173,127.51379428222405,partial,0.0,15,0.841596649995093,ops_speed_prior,0.2794879619246572,4
5,24,3-4-5-6-7,-16.48021105916185,0.09423189607993401,6.945-8.675-10.675-12.675-14.135,4,45,3-4-5-6,-3.9071857289381065,0.08983977448077128,6.945-8.742-10.742-12.742,0.040393283420524284,13.853874119224447,4,23,3-4-5-6,76.63676776911468,0.05991694767153675,6.945-8.810-10.810-12.810,83.29330193701173,93.11697882827653,partial,0.5,15,0.841596649995093,ops_speed_prior,0.2794879619246572,4
5,24,3-4-5-6-7,-86.79577723013799,0.07939792986698328,7.215-8.675-10.675-12.675-14.405,5,48,3-4-5-6-7,-82.17707830204003,0.11417578213113776,7.215-8.742-10.742-12.742-14.405,0.040393283420524284,13.853874119224447,5,24,3-4-5-6-7,-87.79761531170712,0.12169576510911306,7.215-8.810-10.810-12.810-14.405,83.29330193701173,1.001838081569133,partial,1.0,15,0.841596649995093,ops_speed_prior,0.2794879619246572,4
2,12,6-7,-11.416267983170345,1.0065462966227165e-15,12.675-14.675,2,24,6-7,44.285717315364344,3.516314866869299e-16,12.742-14.742,0.03548187442398598,17.01038628654297,2,12,6-7,59.10276868021633,4.711299460771189e-16,12.810-14.810,80.44218646728517,70.51903666338667,complete,-1.0,16,0.9133624835337444,ops_speed_prior,0.34139087468225066,2
2,12,6-7,-11.416267983170346,4.997930709674e-16,12.675-14.675,2,24,6-7,44.285717315364344,3.581437341294552e-16,12.742-14.742,0.03548187442398598,17.01038628654297,2,12,6-7,59.10276868021633,4.836364251644305e-16,12.810-14.810,80.44218646728517,70.51903666338667,complete,-0.5,16,0.9133624835337444,ops_speed_prior,0.34139087468225066,2
2,12,6-7,-11.416267983170343,1.5731560566382466e-16,12.675-14.675,2,24,6-7,44.28571731536435,3.5449531572542273e-16,12.742-14.742,0.03548187442398598,17.01038628654297,2,12,6-7,59.102768680216315,8.457484149233857e-16,12.810-14.810,80.44218646728517,70.51903666338666,complete,0.0,16,0.9133624835337444,ops_speed_prior,0.34139087468225066,2
2,12,7-8,42.16917451220146,1.573921024374502e-16,14.675-16.675,2,24,7-8,-40.50614680984224,1.0545749126479396e-15,14.742-16.742,0.03548187442398598,17.01038628654297,2,12,7-8,-66.62434847207022,3.5652682413747997e-16,14.810-16.810,80.44218646728517,108.79352298427168,complete,0.5,16,0.9133624835337444,ops_speed_prior,0.34139087468225066,2
2,12,7-8,42.16917451220146,2.2247786310271853e-16,14.675-16.675,2,24,7-8,-40.50614680984223,9.165645867813747e-16,14.742-16.742,0.03548187442398598,17.01038628654297,2,12,7-8,-66.62434847207022,1.6883057536160649e-16,14.810-16.810,80.44218646728517,108.79352298427168,complete,1.0,16,0.9133624835337444,ops_speed_prior,0.34139087468225066,2
3,18,5-6-7,-49.167777511699846,3.17920552271983e-14,10.675-12.675-14.675,3,36,5-6-7,75.99689915410002,1.2964197806620646e-13,10.742-12.742-14.742,0.03548187442398598,17.01038628654297,3,18,5-6-7,80.08604848365897,1.6776958453041132e-13,10.810-12.810-14.810,80.44218646728517,129.25382599535882,complete,-1.0,16,0.9133624835337444,ops_speed_prior,0.34139087468225066,3
3,18,5-6-7,-53.99295099384474,3.965144895129378e-14,10.675-12.675-14.675,3,36,5-6-7,77.55322265963675,1.6380918525784278e-13,10.742-12.742-14.742,0.03548187442398598,17.01038628654297,3,18,5-6-7,81.17905846643436,2.1407104365277925e-13,10.810-12.810-14.810,80.44218646728517,135.1720094602791,complete,-0.5,16,0.9133624835337444,ops_speed_prior,0.34139087468225066,3
3,18,5-6-7,-57.999848880460526,4.722509509178975e-14,10.675-12.675-14.675,3,36,5-6-7,78.71491244724693,1.9674222522039375e-13,10.742-12.742-14.742,0.03548187442398598,17.01038628654297,3,18,5-6-7,81.9953882765768,2.5926090129112505e-13,10.810-12.810-14.810,80.44218646728517,139.99523715703734,complete,0.0,16,0.9133624835337444,ops_speed_prior,0.34139087468225066,3
3,18,6-7-8,61.58296178498371,5.272052194269069e-14,12.675-14.675-16.675,3,36,6-7-8,-71.82258483570051,9.138772548380256e-14,12.742-14.742-16.742,0.03548187442398598,17.01038628654297,3,18,6-7-8,-83.03785739995307,1.87264687684622e-13,12.810-14.810-16.810,80.44218646728517,144.62081918493678,complete,0.5,16,0.9133624835337444,ops_speed_prior,0.34139087468225066,3
3,18,6-7-8,64.46848508314119,7.070421939012483e-14,12.675-14.675-16.675,3,36,6-7-8,-75.2721877887142,1.2396737074093205e-13,12.742-14.742-16.742,0.03548187442398598,17.01038628654297,3,18,6-7-8,-84.68758702876028,2.5769284230519856e-13,12.810-14.810-16.810,80.44218646728517,149.15607211190147,complete,1.0,16,0.9133624835337444,ops_speed_prior,0.34139087468225066,3
4,24,4-5-6-7,39.825326932923254,0.0172738035502191,8.675-10.675-12.675-14.675,4,48,4-5-6-7,-63.87584771029676,0.06565535758326523,8.742-10.742-12.742-14.742,0.03548187442398598,17.01038628654297,4,24,4-5-6-7,-66.9588762391669,0.0927995485935654,8.810-10.810-12.810-14.810,80.44218646728517,106.78420317209014,complete,-1.0,16,0.9133624835337444,ops_speed_prior,0.34139087468225066,4
4,24,4-5-6-7,43.23026378497804,0.017273803550219076,8.675-10.675-12.675-14.675,4,48,4-5-6-7,-66.18126892172917,0.06565535758326521,8.742-10.742-12.742-14.742,0.03548187442398598,17.01038628654297,4,24,4-5-6-7,-69.21926184974471,0.09279954859356539,8.810-10.810-12.810-14.810,80.44218646728517,112.44952563472276,complete,-0.5,16,0.9133624835337444,ops_speed_prior,0.34139087468225066,4
4,24,4-5-6-7,46.25794467146771,0.01727380355021909,8.675-10.675-12.675-14.675,4,48,4-5-6-7,-68.13794130005967,0.06565535758326523,8.742-10.742-12.742-14.742,0.03548187442398598,17.01038628654297,4,24,4-5-6-7,-71.08105577561851,0.0927995485935654,8.810-10.810-12.810-14.810,80.44218646728517,117.33900044708622,complete,0.0,16,0.9133624835337444,ops_speed_prior,0.34139087468225066,4
4,24,5-6-7-8,37.43057405148832,0.013975833967474155,10.675-12.675-14.675-16.675,4,48,5-6-7-8,45.23799588488138,0.042311458353662776,10.742-12.742-14.742-16.742,0.03548187442398598,17.01038628654297,4,24,5-6-7-8,18.57080267802545,0.06941751239573447,10.810-12.810-14.810-16.810,80.44218646728517,18.85977137346287,complete,0.5,16,0.9133624835337444,ops_speed_prior,0.34139087468225066,4
4,24,5-6-7-8,39.23823735154323,0.013975833967474136,10.675-12.675-14.675-16.675,4,48,5-6-7-8,50.6629439406392,0.04231145835366276,10.742-12.742-14.742-16.742,0.03548187442398598,17.01038628654297,4,24,5-6-7-8,27.742673244233394,0.06941751239573446,10.810-12.810-14.810-16.810,80.44218646728517,11.49556410730984,complete,1.0,16,0.9133624835337444,ops_speed_prior,0.34139087468225066,4
2,11,6-7,-54.88452915014124,7.033659293871601e-16,12.810-14.675,2,23,6-7,45.27779265505604,1.2678253553173587e-15,12.810-14.742,0.03548187442398598,17.01038628654297,2,12,6-7,59.10276868021633,4.711299460771189e-16,12.810-14.810,80.44218646728517,113.98729783035756,partial,-1.0,16,0.9133624835337444,ops_speed_prior,0.34139087468225066,2
3,12,6-7-8,60.25222683236181,1.2861378852639223e-13,12.945-14.675-16.135,3,24,6-7-8,49.10834865205792,1.8849116731954028e-13,13.012-14.742-16.203,0.03548187442398598,17.01038628654297,3,12,6-7-8,87.17859418864124,3.480362612808047e-13,13.080-14.810-16.270,80.44218646728517,26.926367356279428,partial,-0.5,16,0.9133624835337444,ops_speed_prior,0.34139087468225066,2
3,12,6-7-8,-87.06965878232197,9.745653019844827e-13,13.215-14.675-16.405,3,24,6-7-8,-95.2288204683469,1.0362952595235685e-13,13.283-14.742-16.473,0.03548187442398598,17.01038628654297,3,12,6-7-8,-104.31829601816771,2.6286422497406096e-13,13.350-14.810-16.540,80.44218646728517,17.24863723584575,partial,0.0,16,0.9133624835337444,ops_speed_prior,0.34139087468225066,2
2,12,7-8,42.16917451220146,1.573921024374502e-16,14.675-16.675,2,24,7-8,-40.50614680984224,1.0545749126479396e-15,14.742-16.742,0.03548187442398598,17.01038628654297,2,12,7-8,-66.62434847207022,3.5652682413747997e-16,14.810-16.810,80.44218646728517,108.79352298427168,partial,0.5,16,0.9133624835337444,ops_speed_prior,0.34139087468225066,2
2,11,7-8,44.21269070423879,3.516657170580683e-16,14.810-16.675,2,23,7-8,-41.46867455081339,5.668698362243402e-16,14.810-16.742,0.03548187442398598,17.01038628654297,2,12,7-8,-66.62434847207022,1.6883057536160649e-16,14.810-16.810,80.44218646728517,110.83703917630902,partial,1.0,16,0.9133624835337444,ops_speed_prior,0.34139087468225066,2
3,17,5-6-7,-59.34630674155888,3.602654291655567e-14,10.810-12.675-14.675,3,35,5-6-7,76.00410450776928,1.1906505575455152e-13,10.810-12.742-14.742,0.03548187442398598,17.01038628654297,3,18,5-6-7,80.08604848365897,1.6776958453041132e-13,10.810-12.810-14.810,80.44218646728517,139.43235522521786,partial,-1.0,16,0.9133624835337444,ops_speed_prior,0.34139087468225066,3
4,18,5-6-7-8,-2.5819938509847176,0.027557626222794614,10.945-12.675-14.675-16.135,4,36,5-6-7-8,70.92387681678814,0.02221952349151477,11.012-12.742-14.742-16.203,0.03548187442398598,17.01038628654297,4,18,5-6-7-8,84.08545590342443,0.0072605873581416255,11.080-12.810-14.810-16.270,80.44218646728517,86.66744975440915,partial,-0.5,16,0.9133624835337444,ops_speed_prior,0.34139087468225066,3
4,18,5-6-7-8,56.42238776278647,0.022485032701812114,11.215-12.675-14.675-16.405,4,36,5-6-7-8,-53.96803866448517,0.02994021037913227,11.283-12.742-14.742-16.473,0.03548187442398598,17.01038628654297,4,18,5-6-7-8,-59.17618156898483,0.04999776342498676,11.350-12.810-14.810-16.540,80.44218646728517,115.59856933177129,partial,0.0,16,0.9133624835337444,ops_speed_prior,0.34139087468225066,3
3,18,6-7-8,61.58296178498371,5.272052194269069e-14,12.675-14.675-16.675,3,36,6-7-8,-71.82258483570051,9.138772548380256e-14,12.742-14.742-16.742,0.03548187442398598,17.01038628654297,3,18,6-7-8,-83.03785739995307,1.87264687684622e-13,12.810-14.810-16.810,80.44218646728517,144.62081918493678,partial,0.5,16,0.9133624835337444,ops_speed_prior,0.34139087468225066,3
3,17,6-7-8,73.33854164376662,1.3458167168843528e-13,12.810-14.675-16.675,3,35,6-7-8,-75.79078879411102,1.2516443860938085e-13,12.810-14.742-16.742,0.03548187442398598,17.01038628654297,3,18,6-7-8,-84.68758702876028,2.5769284230519856e-13,12.810-14.810-16.810,80.44218646728517,158.0261286725269,partial,1.0,16,0.9133624835337444,ops_speed_prior,0.34139087468225066,3
4,23,4-5-6-7,24.262911080614522,0.013920993030316527,8.810-10.675-12.675-14.675,4,47,4-5-6-7,-66.10531232744236,0.06761531788199944,8.810-10.742-12.742-14.742,0.03548187442398598,17.01038628654297,4,24,4-5-6-7,-66.9588762391669,0.0927995485935654,8.810-10.810-12.810-14.810,80.44218646728517,91.22178731978143,partial,-1.0,16,0.9133624835337444,ops_speed_prior,0.34139087468225066,4
5,24,4-5-6-7-8,45.89540088702654,0.014794279383089073,8.945-10.675-12.675-14.675-16.135,5,48,4-5-6-7-8,46.19646654338554,0.04979442725054589,9.012-10.742-12.742-14.742-16.203,0.03548187442398598,17.01038628654297,5,24,4-5-6-7-8,71.91693033671174,0.11955776348154078,9.080-10.810-12.810-14.810-16.270,80.44218646728517,26.021529449685204,partial,-0.5,16,0.9133624835337444,ops_speed_prior,0.34139087468225066,4
5,24,4-5-6-7-8,83.915776449559,0.08254219194870731,9.215-10.675-12.675-14.675-16.405,5,48,4-5-6-7-8,-72.42571106790581,0.0708521887752413,9.283-10.742-12.742-14.742-16.473,0.03548187442398598,17.01038628654297,5,24,4-5-6-7-8,-71.1806443417154,0.08511253411210251,9.350-10.810-12.810-14.810-16.540,80.44218646728517,155.0964207912744,partial,0.0,16,0.9133624835337444,ops_speed_prior,0.34139087468225066,4
4,24,5-6-7-8,37.43057405148832,0.013975833967474155,10.675-12.675-14.675-16.675,4,48,5-6-7-8,45.23799588488138,0.042311458353662776,10.742-12.742-14.742-16.742,0.03548187442398598,17.01038628654297,4,24,5-6-7-8,18.57080267802545,0.06941751239573447,10.810-12.810-14.810-16.810,80.44218646728517,18.85977137346287,partial,0.5,16,0.9133624835337444,ops_speed_prior,0.34139087468225066,4
4,23,5-6-7-8,31.685531403044884,0.016242329522745357,10.810-12.675-14.675-16.675,4,47,5-6-7-8,49.26141872186254,0.04198911513184272,10.810-12.742-14.742-16.742,0.03548187442398598,17.01038628654297,4,24,5-6-7-8,27.742673244233394,0.06941751239573446,10.810-12.810-14.810-16.810,80.44218646728517,3.9428581588114895,partial,1.0,16,0.9133624835337444,ops_speed_prior,0.34139087468225066,4
