bias_deg,correlation,coverage,dataset,mad_path_deg,mae_deg,median_fit_residual_deg,median_parity_delta_deg,median_path_deg,median_speed_delta_ms,median_velocity_contrast,median_velocity_width_ms,method,p50_deg,p75_deg,p90_deg,parity_within_3deg_pct,policy,source,speed_source,total,velocity_mode,window
3.216602209022087,-0.25403048809290074,18,trackman_4ms,4.81261163216346,7.156080205615783,1.321061364124982,4.600175979629144,5.538765328455911,1.3750000000001066,9.697807042537324,2.7000000000000384,rd_cluster,5.13413993024129,9.997932319561475,13.668066904220185,33.333333333333336,pre4,mti,ops,18,fastest_credible,hann
-4.848705624369412,-0.3794585878236241,18,trackman_4ms,5.513182492554208,13.51473007555058,0.9646362981364776,7.294344334355574,4.789215741706149,1.9000000000001123,9.306481383982733,1.7250000000000245,rd_cluster,5.236822172506265,11.048962269353702,17.485354139278773,11.11111111111111,pre4,mti,ops,18,fastest_credible,rect
0.9823878042270029,-0.08363967906575367,18,trackman_4ms,5.935470829698085,6.9565878854272265,1.2799823912218327,7.719569343802817,3.2340303848490484,0.700000000000097,6.629852386601362,3.3250000000000464,rd_cluster,6.835145657063961,8.496930695234795,15.131231255000671,22.22222222222222,pre4,mti,ops,18,prior_weighted,hann
1.138037981217541,0.12637218386955254,18,trackman_4ms,5.019497043477552,6.902734043605083,0.8863280892588152,6.375724471427238,3.4245441191894637,0.5250000000000927,8.383756921618417,1.9500000000000277,rd_cluster,4.43317572169135,9.831960950318946,12.911641253648042,22.22222222222222,pre4,mti,ops,18,prior_weighted,rect
1.459765692304979,-0.1574049638300863,18,trackman_4ms,3.9653206266189613,9.507508267884718,1.1438541936589572,4.938590137876676,6.634597119598235,1.3750000000001066,9.697807042537324,2.900000000000041,rd_cluster,5.932808920949363,9.505809685097969,17.511737278455296,16.666666666666668,pre4,mti,ops,18,strongest,hann
-4.984430203893897,-0.3610577277494129,18,trackman_4ms,6.686577571961175,14.43753950048036,0.9370178388418173,7.310178998536097,5.348935149638336,0.600000000000092,10.105800000105864,1.7250000000000245,rd_cluster,7.465108631149788,11.390892407794256,17.981727512985728,16.666666666666668,pre4,mti,ops,18,strongest,rect
2.2043581029910393,-0.20828423700332188,18,trackman_4ms,4.871809881441198,10.235489989389311,1.2352807433062383,7.862101248572578,7.085965840642147,0.525000000000091,9.10301471973577,2.9250000000000416,rd_cluster,8.52478383784412,10.590541153647203,17.860024857461266,22.22222222222222,pre4,mti,track,18,fastest_credible,hann
2.0711160810525495,0.14197747693630577,18,trackman_4ms,5.697785563508644,6.819807238121582,0.8234318433839456,6.308028660548649,5.940585303119469,0.8250000000000952,8.049028395836086,1.6500000000000234,rd_cluster,4.881740078323448,9.85883898951272,12.990725963604428,16.666666666666668,pre4,mti,track,18,fastest_credible,rect
1.8966767573406638,0.1392769124797463,18,trackman_4ms,5.59927442499093,7.174565398681864,1.1525299828964295,4.784346303961204,4.244472678409483,0.22500000000008846,7.964350320910201,3.250000000000046,rd_cluster,6.663471598544966,10.955407651000257,12.681795166940853,38.888888888888886,pre4,mti,track,18,prior_weighted,hann
-0.013597848518903825,0.34569751748348404,18,trackman_4ms,9.427980070766921,8.405116161385163,1.1221160942261714,6.422810975309224,1.9849606929299015,0.20000000000008988,8.258999949375864,2.0250000000000288,rd_cluster,8.941448145601772,10.761236991882125,15.211496355754846,16.666666666666668,pre4,mti,track,18,prior_weighted,rect
2.052923241071502,-0.20130520045970232,18,trackman_4ms,4.638685604120693,10.08429914063793,1.081168203373233,4.868651604618249,7.081334673372414,0.525000000000091,9.10301471973577,2.9750000000000423,rd_cluster,8.52478383784412,9.81451801668555,17.860024857461266,16.666666666666668,pre4,mti,track,18,strongest,hann
3.3760056573363255,0.4117745125162969,18,trackman_4ms,6.709793854246562,9.0152548269837,0.9809828543308851,7.605946642981417,7.313004943593729,-0.024999999999913314,8.82310341753007,1.625000000000023,rd_cluster,7.5556661223207335,10.49700545456375,17.945209044065553,22.22222222222222,pre4,mti,track,18,strongest,rect
4.194900256595032,-0.25082548448838765,15,trackman_4ms,7.344201671388285,12.30957109935756,1.3931549240256917,5.99300827135222,7.483897311755422,-0.6999999999999247,18.21729979351876,2.5000000000000355,rd_cluster,7.190349831148851,15.972733782197588,22.571114131847835,20.0,pre4,mti,trackman,18,fastest_credible,hann
6.593690706687543,0.11722019109324279,15,trackman_4ms,3.387028350930379,9.821391708601587,0.631222053265907,6.901172636968443,9.774501078882931,-0.5999999999999233,14.457379199606198,1.6000000000000227,rd_cluster,7.234890118504007,13.88559395033879,19.890033703025452,20.0,pre4,mti,trackman,18,fastest_credible,rect
5.6392674460487475,-0.23630277423521573,15,trackman_4ms,7.576827892408925,13.612195521199054,1.2148501772223324,6.887953359578633,8.816389344684314,-0.49999999999992184,13.71957074725028,2.8500000000000405,rd_cluster,7.969353901346297,19.730227425455098,21.45616989935292,26.666666666666668,pre4,mti,trackman,18,prior_weighted,hann
4.9282456048327985,-0.009695790511816982,15,trackman_4ms,4.288307038913409,10.245663820148813,1.1778182287067216,11.144784729271864,8.011617375351026,-0.549999999999919,11.673268317885855,1.9500000000000277,rd_cluster,8.5851819758211,11.33016975404011,20.688472059855243,13.333333333333334,pre4,mti,trackman,18,prior_weighted,rect
4.138373266856887,-0.24998495379008723,15,trackman_4ms,5.76166205082462,12.253044109619417,1.3931549240256917,5.312912280014618,7.483897311755422,-1.0999999999999304,18.21729979351876,2.5500000000000362,rd_cluster,7.190349831148851,15.972733782197588,22.571114131847835,13.333333333333334,pre4,mti,trackman,18,strongest,hann
5.868591977703442,0.012534721347676104,15,trackman_4ms,5.471890504783564,10.325239815950832,0.8918197067418469,7.959957766559707,9.774501078882931,-1.0499999999999332,17.29800177950777,1.550000000000022,rd_cluster,9.372517015871779,17.09913650865823,19.996834378551313,13.333333333333334,pre4,mti,trackman,18,strongest,rect
2.8158128877356194,0.030350035719979997,18,trackman_4ms,3.83074593812238,6.154331062475744,1.321061364124982,4.432721811664633,6.353183577215784,1.3750000000001066,9.697807042537324,2.82500000000004,rd_cluster,5.139683577215783,8.169329651668704,10.73593184461907,33.333333333333336,pre4_impact,mti,ops,18,fastest_credible,hann
-5.6823439464922085,-0.3545624118581995,18,trackman_4ms,4.837455300272902,12.441307201929497,1.1700761015653578,7.057199820355194,4.667474690665745,2.150000000000114,10.096115411963893,1.7500000000000249,rd_cluster,3.8363311480743825,9.759711265609743,14.009405611397103,16.666666666666668,pre4_impact,mti,ops,18,fastest_credible,rect
-0.11244867919913218,0.08145432052522673,18,trackman_4ms,4.814152150965923,5.199146693432216,1.4282548650110733,6.56279619743912,3.2340303848490484,0.5750000000000917,7.357551277719031,3.250000000000046,rd_cluster,3.8240389574891727,7.39939331037606,8.777780628080704,33.333333333333336,pre4_impact,mti,ops,18,prior_weighted,hann
-1.819719121742426,0.10232644321025612,18,trackman_4ms,6.196237779572709,8.348073055411666,1.2641505624830076,5.028616364852574,1.517509045333278,0.8000000000000966,9.303975441674478,2.0250000000000288,rd_cluster,6.260997043477552,11.485752013200566,18.064334489408004,38.888888888888886,pre4_impact,mti,ops,18,prior_weighted,rect
3.3953928556149275,0.08961258461964397,18,trackman_4ms,3.394932824798949,5.937506000813241,1.2024037978946158,4.631529383534459,6.634597119598235,1.3750000000001066,9.697807042537324,2.8500000000000405,rd_cluster,4.89239814808686,8.169329651668704,10.356098160798517,11.11111111111111,pre4_impact,mti,ops,18,strongest,hann
-5.479304268182868,-0.32888793297343055,18,trackman_4ms,6.437679735952385,13.895516835046955,1.1291113103172128,7.310178998536097,5.296032495190739,1.0000000000000995,10.142397144859968,1.7500000000000249,rd_cluster,7.020345014624688,11.39181842583984,15.236344444564912,16.666666666666668,pre4_impact,mti,ops,18,strongest,rect
3.7733971619072033,-0.09770452426864831,18,trackman_4ms,3.6785661897533304,6.2952823070843555,1.2352807433062383,3.5940933759134484,7.576851883171189,0.8000000000000966,9.10301471973577,2.8500000000000405,rd_cluster,6.06949399340714,9.15294655811107,10.437975631346816,33.333333333333336,pre4_impact,mti,track,18,fastest_credible,hann
1.6509905048398776,0.24416503112861276,18,trackman_4ms,5.126887235510759,6.165214228404277,1.1082245453333333,5.387596546819729,4.549144035693547,1.000000000000096,8.049028395836086,1.825000000000026,rd_cluster,5.272406103532568,8.263351699897598,10.731856890059362,27.77777777777778,pre4_impact,mti,track,18,fastest_credible,rect
2.2700252081655647,0.13047253283809632,18,trackman_4ms,4.809105081200661,5.327692850641058,1.3004574346797977,4.205744070046396,4.244472678409483,0.2750000000000892,7.45337209911683,3.175000000000045,rd_cluster,5.940354545335309,8.449993994099264,9.467163173487618,44.44444444444444,pre4_impact,mti,track,18,prior_weighted,hann
0.4860373163316999,0.36051388756193226,18,trackman_4ms,9.080781374690673,8.071236933685363,1.255924252478462,5.46224684419561,2.4375498523299965,0.2500000000000906,8.483206941755567,2.0750000000000295,rd_cluster,7.984005639268759,10.761236991882125,13.859156862381978,22.22222222222222,pre4_impact,mti,track,18,prior_weighted,rect
3.621962299987667,-0.07984334828256029,18,trackman_4ms,3.6785661897533304,6.144091458332974,1.081168203373233,4.730267898905649,7.576851883171189,0.6000000000000938,9.10301471973577,2.900000000000041,rd_cluster,6.06949399340714,9.15294655811107,9.790143148647761,11.11111111111111,pre4_impact,mti,track,18,strongest,hann
3.816450273653663,0.535019398878244,18,trackman_4ms,5.065708350710058,8.413101464370115,1.208639538589188,7.605946642981417,7.313004943593729,0.07500000000008455,8.891818489187237,1.825000000000026,rd_cluster,6.918821558747107,9.934098861320207,14.990965473169055,22.22222222222222,pre4_impact,mti,track,18,strongest,rect
6.001662043598135,-0.055012708082305184,15,trackman_4ms,3.680240673159622,7.624955371365945,1.4245025839622538,5.363416187722696,8.587657509776164,-0.6999999999999247,18.21729979351876,2.6500000000000377,rd_cluster,6.054220309181216,10.937743820980634,14.325709492540366,26.666666666666668,pre4_impact,mti,trackman,18,fastest_credible,hann
5.571675061766389,0.1881439837554025,15,trackman_4ms,3.0827544270224614,8.799376063680432,1.1909878196417734,6.901172636968443,7.104834427664084,-0.5999999999999233,14.457379199606198,1.7000000000000242,rd_cluster,5.741548066763642,9.6686296188529,19.890033703025452,20.0,pre4_impact,mti,trackman,18,fastest_credible,rect
7.506679319288183,-0.028747911372044188,15,trackman_4ms,4.9232518822792715,8.793873561657184,1.2620144395499968,6.51825448363462,8.248353901346297,-0.49999999999992184,15.067686792631477,2.900000000000041,rd_cluster,6.835604057475479,12.715396328798635,18.91494977762112,26.666666666666668,pre4_impact,mti,trackman,18,prior_weighted,hann
3.8930386900032583,0.0814887695158559,15,trackman_4ms,4.324780322918671,8.660210965141772,1.198607101366127,10.090654254222777,6.957104197258519,-0.549999999999919,11.642533387082754,2.1500000000000306,rd_cluster,7.19588452017719,9.762884068287022,18.80719951476372,20.0,pre4_impact,mti,trackman,18,prior_weighted,rect
5.945135053859991,-0.05167855763767368,15,trackman_4ms,3.680240673159622,7.5684283816278,1.4245025839622538,4.865549325240754,8.587657509776164,-1.0499999999999332,18.21729979351876,2.7000000000000384,rd_cluster,6.054220309181216,10.53489904822601,14.0149694625186,6.666666666666667,pre4_impact,mti,trackman,18,strongest,hann
5.903273118235975,0.14215531714716262,15,trackman_4ms,4.041952013696305,9.110252021033793,1.111960994795047,7.959957766559707,5.785596053067337,-1.0499999999999332,17.028046728356582,1.550000000000022,rd_cluster,5.741548066763642,14.311865920239459,19.996834378551313,13.333333333333334,pre4_impact,mti,trackman,18,strongest,rect
0.8702599041040191,-0.4104190258574136,18,trackman_4ms,7.020643243205296,9.38169799191973,1.067812050351709,9.484654991214454,5.137707143564166,1.3750000000001066,9.697807042537324,2.7000000000000384,rd_cluster_median,7.570668214138564,12.114663660926867,16.67193122625426,22.22222222222222,pre4,mti,ops,18,fastest_credible,hann
0.6315947420561121,-0.32938554035916195,18,trackman_4ms,6.65342648521296,9.650033695309967,1.4061378700152598,8.179181692399087,4.54166232235653,1.9000000000001123,9.306481383982733,1.7250000000000245,rd_cluster_median,8.752341584615685,12.69132865197776,14.6766576703383,11.11111111111111,pre4,mti,ops,18,fastest_credible,rect
0.847791177700524,0.10338007821943133,18,trackman_4ms,4.622144410486742,6.390936633166345,1.163438473861877,6.152828639953584,2.8456325130461493,0.700000000000097,6.629852386601362,3.3250000000000464,rd_cluster_median,4.817100389883839,11.343907923486801,13.683471700623643,27.77777777777778,pre4,mti,ops,18,prior_weighted,hann
0.9037230676732888,0.03603926974102236,18,trackman_4ms,4.167452349174037,6.820805132900775,1.001563676122803,7.696926024361122,2.19313848125027,0.5250000000000927,8.383756921618417,1.9500000000000277,rd_cluster_median,4.865027120316888,10.179053697610327,15.019373811968915,22.22222222222222,pre4,mti,ops,18,prior_weighted,rect
-0.9625696693899292,-0.3020593915924639,18,trackman_4ms,6.199802480368527,11.101857700355362,1.1740336613993936,10.013394238927035,5.139014336758557,1.3750000000001066,9.697807042537324,2.900000000000041,rd_cluster_median,7.570668214138564,13.883385250394799,23.42578162411585,16.666666666666668,pre4,mti,ops,18,strongest,hann
-0.9288114925772116,-0.26372191622116264,18,trackman_4ms,5.589394428157199,9.336707244827913,1.3560421363084578,6.453630077440182,3.794478728812698,0.600000000000092,10.105800000105864,1.7250000000000245,rd_cluster_median,5.22095275894912,11.535493345019045,17.39650431524643,22.22222222222222,pre4,mti,ops,18,strongest,rect
0.9407628396793962,-0.2144432705217067,18,trackman_4ms,7.444210579073957,11.433954129604047,1.0616124722591336,10.29442124488736,6.546138640536103,0.525000000000091,9.10301471973577,2.9250000000000416,rd_cluster_median,9.085794779993876,13.148259118024452,19.03167832053665,11.11111111111111,pre4,mti,track,18,fastest_credible,hann
2.976063620654769,0.0981686049930953,18,trackman_4ms,6.227505648958412,7.6215511455088985,1.0155951016912295,10.08715182372618,6.083917902957914,0.8250000000000952,8.049028395836086,1.6500000000000234,rd_cluster_median,9.13494458641566,11.450718721824439,12.818159569819866,22.22222222222222,pre4,mti,track,18,fastest_credible,rect
0.9679388080935559,-0.09770272064480864,18,trackman_4ms,6.033329797840003,8.011480111278528,1.2504580240986425,6.573280981500386,3.714355111358089,0.22500000000008846,7.964350320910201,3.250000000000046,rd_cluster_median,6.437412184044142,12.560649711945297,15.033119624191556,16.666666666666668,pre4,mti,track,18,prior_weighted,hann
1.3789935072825323,0.19545875900626863,18,trackman_4ms,9.046351180108495,10.613757364677605,1.048037086796667,7.544648401230701,4.296849732370636,0.20000000000008988,8.258999949375864,2.0250000000000288,rd_cluster_median,8.053811142967913,15.43232565767189,23.450269628277052,27.77777777777778,pre4,mti,track,18,prior_weighted,rect
0.8974275735084439,-0.21214015275073553,18,trackman_4ms,7.3428991707021805,11.383952023823321,1.135392386706387,9.567373496957183,6.547404370273734,0.525000000000091,9.10301471973577,2.9750000000000423,rd_cluster_median,9.085794779993876,13.148259118024452,19.03167832053665,11.11111111111111,pre4,mti,track,18,strongest,hann
4.731513117429213,0.33106722271745026,18,trackman_4ms,6.627052536393053,10.281244347320177,1.2033983211689456,6.33268042718263,7.685169014143128,-0.024999999999913314,8.82310341753007,1.625000000000023,rd_cluster_median,8.03656686372129,13.703273166879935,17.81530029633812,16.666666666666668,pre4,mti,track,18,strongest,rect
0.11250999392131425,-0.21076246931884227,15,trackman_4ms,5.0202212484798405,10.759068516439227,1.0440675047829846,9.743233195799476,4.049217682091237,-0.6999999999999247,18.21729979351876,2.5000000000000355,rd_cluster_median,5.745003566388603,12.967354087180336,18.269274035926134,20.0,pre4,mti,trackman,18,fastest_credible,hann
7.511162580297084,0.1710617340459547,15,trackman_4ms,5.6288103938411265,10.336242604490307,0.7436208002144155,11.405981735267172,10.749998373639372,-0.5999999999999233,14.457379199606198,1.6000000000000227,rd_cluster_median,9.41165726413564,12.514618181193864,20.785487972936153,20.0,pre4,mti,trackman,18,fastest_credible,rect
5.028191483066195,-0.3506575459036765,15,trackman_4ms,5.467476771098282,10.380941819656043,1.0510328714486483,4.638026785558988,7.070816799355102,-0.49999999999992184,13.71957074725028,2.8500000000000405,rd_cluster_median,6.935143212149835,15.656749275753715,19.036141987565372,26.666666666666668,pre4,mti,trackman,18,prior_weighted,hann
-4.200123316553448,0.2106299250600176,15,trackman_4ms,7.059694410450334,18.235693281944584,1.2358233439098898,9.711031135431613,9.290658462689516,-0.549999999999919,11.673268317885855,1.9500000000000277,rd_cluster_median,11.216953255585114,14.160132884645197,22.58236315433512,20.0,pre4,mti,trackman,18,prior_weighted,rect
0.48478006132050844,-0.1616276009304994,15,trackman_4ms,3.270391646694229,10.394838809062833,1.1989933350724529,8.912308386642161,4.552744744428314,-1.0999999999999304,18.21729979351876,2.5500000000000362,rd_cluster_median,5.322508317587391,12.967354087180336,18.269274035926134,20.0,pre4,mti,trackman,18,strongest,hann
5.197846911080466,0.04317292906278362,15,trackman_4ms,8.947397727197865,11.891067745729629,0.8263141593393749,7.830756971297873,11.775004338164996,-1.0499999999999332,17.29800177950777,1.550000000000022,rd_cluster_median,10.542004338164995,16.186593154777995,23.326695644800463,13.333333333333334,pre4,mti,trackman,18,strongest,rect
0.41916144758471563,-0.17143670059450544,18,trackman_4ms,4.998621038386604,7.345483007092988,1.067812050351709,6.5857713196952306,5.137707143564166,1.3750000000001066,9.697807042537324,2.82500000000004,rd_cluster_median,5.990509569091974,11.448551611781937,13.160404610235775,27.77777777777778,pre4_impact,mti,ops,18,fastest_credible,hann
-0.8356714718860627,-0.2875208442748506,18,trackman_4ms,4.576627966470564,7.896454100977759,1.4526117925256503,8.084638276142918,3.7841015964967344,2.150000000000114,10.096115411963893,1.7500000000000249,rd_cluster_median,3.271119677746004,8.978414550787193,14.242368143324319,5.555555555555555,pre4_impact,mti,ops,18,fastest_credible,rect
0.6208422223564044,0.08595122126390527,18,trackman_4ms,4.299691715441423,5.88586511583939,1.3288635499984305,4.685975612915018,3.3063498227312524,0.5750000000000917,7.357551277719031,3.250000000000046,rd_cluster_median,4.686935799313103,7.500304974536143,12.914596085068602,27.77777777777778,pre4_impact,mti,ops,18,prior_weighted,hann
-1.1220674531832067,0.049052243932422156,18,trackman_4ms,4.80166764556359,8.140602427440577,1.4211734379788468,7.373994500722395,1.2473858555931592,0.8000000000000966,9.303975441674478,2.0250000000000288,rd_cluster_median,5.530262130715772,11.440271863047919,18.231510998470206,27.77777777777778,pre4_impact,mti,ops,18,prior_weighted,rect
1.1119075777203162,-0.08477806384943967,18,trackman_4ms,4.938870045721429,7.465752325357832,1.2236939992716356,8.04101122180099,5.576026149139753,1.3750000000001066,9.697807042537324,2.8500000000000405,rd_cluster_median,6.704293762338388,11.19439081880353,13.563368607704714,16.666666666666668,pre4_impact,mti,ops,18,strongest,hann
-1.5386951852330994,-0.18762985164476573,18,trackman_4ms,4.1580175434067845,8.357075044214291,1.4076426946448126,6.060658022629673,3.9849989973817164,1.0000000000000995,10.142397144859968,1.7500000000000249,rd_cluster_median,4.362738432089937,9.872771411639581,15.759823188082489,33.333333333333336,pre4_impact,mti,ops,18,strongest,rect
2.4230996849071866,-0.01977731019761215,18,trackman_4ms,5.527020360835829,7.485617542075017,1.187973943716532,6.878943495933851,6.851562042920651,0.8000000000000966,9.10301471973577,2.8500000000000405,rd_cluster_median,7.475122910756523,10.945887651296523,13.01824490350557,16.666666666666668,pre4_impact,mti,track,18,fastest_credible,hann
3.2020144808154107,0.19781196093646725,18,trackman_4ms,5.867322263941736,7.336747422354291,1.1420075009549766,8.677024144608986,6.083917902957914,1.000000000000096,8.049028395836086,1.825000000000026,rd_cluster_median,5.48681334760223,10.4985136847459,15.42837916673646,22.22222222222222,pre4_impact,mti,track,18,fastest_credible,rect
1.4418666054358629,-0.07538343301826497,18,trackman_4ms,5.310094620294115,5.77574945607762,1.2905552410872372,6.160759952935502,5.10472865913863,0.2750000000000892,7.45337209911683,3.175000000000045,rd_cluster_median,5.233242990546251,8.956804463378262,12.424813657974386,27.77777777777778,pre4_impact,mti,track,18,prior_weighted,hann
2.2431765220779707,0.20445093181539728,18,trackman_4ms,7.036693583071329,9.701119360924714,1.1510261465564546,7.544648401230701,6.306507329407802,0.2500000000000906,8.483206941755567,2.0750000000000295,rd_cluster_median,7.49716861240892,11.463565134305323,20.265676558325595,16.666666666666668,pre4_impact,mti,track,18,prior_weighted,rect
2.379764418736235,-0.014591695681041806,18,trackman_4ms,5.075735679071677,7.435615436294293,1.215232199345368,7.788998450436769,6.851562042920651,0.6000000000000938,9.10301471973577,2.900000000000041,rd_cluster_median,7.475122910756523,10.6445082700548,13.01824490350557,11.11111111111111,pre4_impact,mti,track,18,strongest,hann
5.184558262481685,0.4387805784672153,18,trackman_4ms,5.779586866838246,9.491358745005705,1.418530017357576,5.641015735150365,8.719477520957252,0.07500000000008455,8.891818489187237,1.825000000000026,rd_cluster_median,7.239399832792813,12.06387975211739,17.81530029633812,27.77777777777778,pre4_impact,mti,track,18,strongest,rect
2.48480654118885,0.03084042673553945,15,trackman_4ms,4.7293983123393275,6.606177823334668,1.0440675047829846,6.805311762698812,6.011751410073413,-0.6999999999999247,18.21729979351876,2.6500000000000377,rd_cluster_median,5.745003566388603,9.892587064741896,12.548893419950993,26.666666666666668,pre4_impact,mti,trackman,18,fastest_credible,hann
6.279567967114728,0.2444320898151892,15,trackman_4ms,4.485506995840359,9.10464799130795,1.3658326134449292,11.975569401223417,7.548489620460236,-0.5999999999999233,14.457379199606198,1.7000000000000242,rd_cluster_median,7.819109341937196,12.163638708024328,19.819595130592813,13.333333333333334,pre4_impact,mti,trackman,18,fastest_credible,rect
6.376949498055404,-0.20020750242977212,15,trackman_4ms,3.2019418528400436,7.365513541439528,1.4689479598292587,3.4608706285467594,7.070816799355102,-0.49999999999992184,15.067686792631477,2.900000000000041,rd_cluster_median,6.113570353637759,9.55317890023418,15.05234911015596,40.0,pre4_impact,mti,trackman,18,prior_weighted,hann
-4.612195958034847,0.2525976602639733,15,trackman_4ms,7.182663980120935,16.690342663460676,1.610945081716791,7.521410234824506,6.620289275464179,-0.549999999999919,11.642533387082754,2.1500000000000306,rd_cluster_median,6.262386878909693,12.308377073686644,22.58236315433512,20.0,pre4_impact,mti,trackman,18,prior_weighted,rect
2.857076608588044,0.13854911686851226,15,trackman_4ms,4.058640087979722,6.241948115958274,1.1989933350724529,8.461390744700328,6.011751410073413,-1.0499999999999332,18.21729979351876,2.7000000000000384,rd_cluster_median,5.322508317587391,9.892587064741896,12.57090887217066,20.0,pre4_impact,mti,trackman,18,strongest,hann
5.16344282324535,0.16604874457230168,15,trackman_4ms,6.863050653168509,10.186646626669077,1.578373242765599,7.830756971297873,9.69065726413564,-1.0499999999999332,17.028046728356582,1.550000000000022,rd_cluster_median,8.690213615744717,14.905602890618239,23.326695644800463,20.0,pre4_impact,mti,trackman,18,strongest,rect
-3.787305050392367,-0.4779842059240957,18,trackman_4ms,5.372701419604839,13.880111161572914,1.3598758259755814,4.622023134580111,4.258932183936142,1.3750000000001066,9.697807042537324,2.7000000000000384,rd_cluster_trimmed,6.313063027113587,9.920266907997544,17.893149446637658,38.888888888888886,pre4,mti,ops,18,fastest_credible,hann
-0.5963070535286465,-0.29842462876036074,18,trackman_4ms,6.083806848671987,9.244580867423492,0.9699422740467594,7.663654111041076,4.903068175727233,1.9000000000001123,9.306481383982733,1.7250000000000245,rd_cluster_trimmed,5.707081656145487,11.236746511759975,17.081845151461067,11.11111111111111,pre4,mti,ops,18,fastest_credible,rect
1.276835056577362,-0.12881067332792617,18,trackman_4ms,6.085790164565326,7.380292806228038,1.2932855057786328,7.665844374531614,3.3376327512256707,0.700000000000097,6.629852386601362,3.3250000000000464,rd_cluster_trimmed,6.899697256764731,8.654688303951907,15.506197279812868,16.666666666666668,pre4,mti,ops,18,prior_weighted,hann
1.1761319750351058,0.15080561558965921,18,trackman_4ms,5.189966100288224,6.901776078089541,0.9097064195900273,6.354223047719229,3.7443429850858125,0.5250000000000927,8.383756921618417,1.9500000000000277,rd_cluster_trimmed,4.766831158612918,10.00504850194316,13.103757369725601,33.333333333333336,pre4,mti,ops,18,prior_weighted,rect
-5.805453623083058,-0.4570534264262094,18,trackman_4ms,5.482980206198066,16.518147713374702,1.1763246940151157,5.023233447434116,5.0786343952400035,1.3750000000001066,9.697807042537324,2.900000000000041,rd_cluster_trimmed,7.203210891595751,12.372897526370044,32.31475790908913,27.77777777777778,pre4,mti,ops,18,strongest,hann
-0.41504154783990654,-0.23170913034384902,18,trackman_4ms,6.659110110387127,9.902989586899588,0.9370133366228783,7.182397521511381,5.634647958863801,0.600000000000092,10.105800000105864,1.7250000000000245,rd_cluster_trimmed,7.660643062651618,11.580648746237964,17.430225328084504,16.666666666666668,pre4,mti,ops,18,strongest,rect
1.9699893374008512,-0.21738705668882596,18,trackman_4ms,4.946154290667996,10.558395155910311,1.199627910202563,4.829973155510103,7.056567055761926,0.525000000000091,9.10301471973577,2.9250000000000416,rd_cluster_trimmed,8.283790702638882,10.387615177771206,18.29422807563302,33.333333333333336,pre4,mti,track,18,fastest_credible,hann
2.1499794434445603,0.17483947681526998,18,trackman_4ms,5.941746849945429,6.898754493940179,0.8326202017351069,5.935803337129491,5.855886721842738,0.8250000000000952,8.049028395836086,1.6500000000000234,rd_cluster_trimmed,5.429211737939469,9.702449644747714,13.594882651087019,22.22222222222222,pre4,mti,track,18,fastest_credible,rect
1.8192919055659458,0.14161351428311636,18,trackman_4ms,5.001255819739032,7.032953413752534,1.1938638153143084,5.090863987001022,4.390973724551774,0.22500000000008846,7.964350320910201,3.250000000000046,rd_cluster_trimmed,6.552816897735912,10.826656926005214,12.909349483964945,38.888888888888886,pre4,mti,track,18,prior_weighted,hann
0.001745972790273467,0.36929933714164204,18,trackman_4ms,9.672515827217186,8.319452908332885,1.14206339424007,6.573682876710233,1.8869613924396775,0.20000000000008988,8.258999949375864,2.0250000000000288,rd_cluster_trimmed,9.038866149365681,10.329466729675769,14.70003620497348,16.666666666666668,pre4,mti,track,18,prior_weighted,rect
1.821259959004858,-0.21091001760754335,18,trackman_4ms,4.421740732693858,10.41000224629591,1.1236493918746882,4.856315589836038,7.051750140612034,0.525000000000091,9.10301471973577,2.9750000000000423,rd_cluster_trimmed,8.283790702638882,9.761284885081718,18.29422807563302,27.77777777777778,pre4,mti,track,18,strongest,hann
2.4462077412727523,0.3898956624543009,18,trackman_4ms,6.2377901282838994,10.087133144382951,0.8709833432963792,7.73021607870231,7.793317370993344,-0.024999999999913314,8.82310341753007,1.625000000000023,rd_cluster_trimmed,8.899603753538166,11.71235494626744,21.429008671627606,16.666666666666668,pre4,mti,track,18,strongest,rect
3.9544155074030267,-0.26739473943152253,15,trackman_4ms,6.920771879491236,12.523950114196515,1.415438699323067,5.686153873212312,7.935765070691565,-0.6999999999999247,18.21729979351876,2.5000000000000355,rd_cluster_trimmed,7.3179044757730765,15.901031541547555,23.99416926426139,26.666666666666668,pre4,mti,trackman,18,fastest_credible,hann
6.392418343124463,0.08837794970778258,15,trackman_4ms,4.284113019050964,10.116792943600984,0.8636458715647801,6.825306712494093,9.882193082340102,-0.5999999999999233,14.457379199606198,1.6000000000000227,rd_cluster_trimmed,8.062817499224046,14.393595737022387,19.751722430317432,20.0,pre4,mti,trackman,18,fastest_credible,rect
6.183566985259159,-0.2417152632072792,15,trackman_4ms,8.183346607755952,14.696643897976916,1.3316061428802723,6.31701349042765,9.560729848629729,-0.49999999999992184,13.71957074725028,2.8500000000000405,rd_cluster_trimmed,9.274871529243716,20.598730274171146,24.61411302211933,20.0,pre4,mti,trackman,18,prior_weighted,hann
4.028445851499146,-0.096149233703934,15,trackman_4ms,7.685258487089985,10.563977730563177,1.1632049437167251,7.7225075613555685,10.577956214756345,-0.549999999999919,11.673268317885855,1.9500000000000277,rd_cluster_trimmed,9.383956214756346,11.338310376888302,20.375999891861127,13.333333333333334,pre4,mti,trackman,18,prior_weighted,rect
3.922053973718983,-0.2672394891210537,15,trackman_4ms,5.711634916861438,12.491588580512472,1.415438699323067,6.111126433832283,7.869462309866396,-1.0999999999999304,18.21729979351876,2.5500000000000362,rd_cluster_trimmed,7.3179044757730765,15.901031541547555,23.99416926426139,20.0,pre4,mti,trackman,18,strongest,hann
5.783462606275305,-0.0001859133741953038,15,trackman_4ms,5.306273969402533,10.191608190287125,0.9449603555593661,8.017400279045503,9.882193082340102,-1.0499999999999332,17.29800177950777,1.550000000000022,rd_cluster_trimmed,9.716935291033513,16.576938569140488,19.259355216089453,20.0,pre4,mti,trackman,18,strongest,rect
-4.426892324076797,-0.40836603736777555,18,trackman_4ms,4.987850938649483,12.817806621414174,1.3598758259755814,4.41894556830824,5.0019357425012005,1.3750000000001066,9.697807042537324,2.82500000000004,rd_cluster_trimmed,5.934410275428176,9.422271948190216,12.458679212947091,44.44444444444444,pre4_impact,mti,ops,18,fastest_credible,hann
-1.384569954196551,-0.24704324769683153,18,trackman_4ms,5.382939900365969,8.222814152353855,1.169361438137548,6.57087909588775,4.903068175727233,2.150000000000114,10.096115411963893,1.7500000000000249,rd_cluster_trimmed,4.1236343214304325,9.78050082062133,14.064952769488492,16.666666666666668,pre4_impact,mti,ops,18,fastest_credible,rect
-0.18933286400752442,0.08792374854661171,18,trackman_4ms,4.525314153416206,5.258126612890712,1.4397128269492274,6.909096232704092,3.3376327512256707,0.5750000000000917,7.357551277719031,3.250000000000046,rd_cluster_trimmed,3.845843689076947,7.490026809545625,8.500731035542449,27.77777777777778,pre4_impact,mti,ops,18,prior_weighted,hann
-1.7000692232355108,0.12037295202621089,18,trackman_4ms,6.34731290327091,8.288613707174148,1.264135677079124,5.638736749115785,2.3275738028111506,0.8000000000000966,9.303975441674478,2.0250000000000288,rd_cluster_trimmed,6.431466100288224,11.395933179705148,17.955193965332885,44.44444444444444,pre4_impact,mti,ops,18,prior_weighted,rect
-3.8154808925033894,-0.39588901498709694,18,trackman_4ms,3.8833195899845556,12.62357820324754,1.2233039943752155,4.536109457538299,5.55463725500211,1.3750000000001066,9.697807042537324,2.8500000000000405,rd_cluster_trimmed,4.876761010064191,8.655661336139419,12.25109441971935,27.77777777777778,pre4_impact,mti,ops,18,strongest,hann
-0.8667145905357606,-0.16152477754082809,18,trackman_4ms,6.274471820200386,9.361577434454048,1.1560761718350485,6.458671240907185,5.542032179344166,1.0000000000000995,10.142397144859968,1.7500000000000249,rd_cluster_trimmed,7.1652489272122954,11.177911086853543,14.799484134461789,11.11111111111111,pre4_impact,mti,ops,18,strongest,rect
3.6925714996168058,-0.10612033130588429,18,trackman_4ms,3.9068469735163047,6.390560284127776,1.199627910202563,3.597642274072288,7.868858438058462,0.8000000000000966,9.10301471973577,2.8500000000000405,rd_cluster_trimmed,6.215945137982747,8.996140970210538,10.357134167324478,44.44444444444444,pre4_impact,mti,track,18,fastest_credible,hann
1.7863332712249749,0.2747659695744995,18,trackman_4ms,5.761491883187144,6.2481552814774455,1.11535259627706,5.728645511545583,5.050525701465542,1.000000000000096,8.049028395836086,1.825000000000026,rd_cluster_trimmed,5.409220227914185,8.348964341283628,10.769617237677432,33.333333333333336,pre4_impact,mti,track,18,fastest_credible,rect
2.270018069927099,0.12283357114139012,18,trackman_4ms,4.513619557752483,5.237966196567009,1.3176188324694493,4.452324939653872,4.390973724551774,0.2750000000000892,7.45337209911683,3.175000000000045,rd_cluster_trimmed,5.4650282250981945,8.185083849360373,9.425826488805754,38.888888888888886,pre4_impact,mti,track,18,prior_weighted,hann
0.518433571466178,0.3858273153564022,18,trackman_4ms,8.040930904955268,7.964253545138217,1.2433059297651723,5.895031182301786,3.425332538447556,0.2500000000000906,8.483206941755567,2.0750000000000295,rd_cluster_trimmed,7.989100162968926,10.329466729675769,14.36659423364556,16.666666666666668,pre4_impact,mti,track,18,prior_weighted,rect
3.543842121220812,-0.0889848358555984,18,trackman_4ms,3.269069899495358,6.242167374513375,1.1236493918746882,4.5424171889470575,7.868858438058462,0.6000000000000938,9.10301471973577,2.900000000000041,rd_cluster_trimmed,6.215945137982747,8.996140970210538,9.745073100123806,27.77777777777778,pre4_impact,mti,track,18,strongest,hann
2.9255119222581545,0.49255746542556567,18,trackman_4ms,4.8909600037611956,9.485990891590355,1.1758792776166804,7.211756804203992,7.793317370993344,0.07500000000008455,8.891818489187237,1.825000000000026,rd_cluster_trimmed,8.214779337039129,10.500033118788593,21.429008671627606,16.666666666666668,pre4_impact,mti,track,18,strongest,rect
5.811513296164634,-0.07608405429053561,15,trackman_4ms,4.236877916665918,7.4222700877548125,1.4682861357334462,4.949679284715841,8.189445741959647,-0.6999999999999247,18.21729979351876,2.6500000000000377,rd_cluster_trimmed,6.399673667574128,11.011835185576473,14.170436711396619,33.333333333333336,pre4_impact,mti,trackman,18,fastest_credible,hann
5.445720835130772,0.1565949596876207,15,trackman_4ms,3.111987896194222,9.170095435607292,1.244301988281226,6.825306712494093,7.839036378496335,-0.5999999999999233,14.457379199606198,1.7000000000000242,rd_cluster_trimmed,8.062817499224046,9.942406557150576,19.751722430317432,20.0,pre4_impact,mti,trackman,18,fastest_credible,rect
7.949115826268153,-0.022542270763837954,15,trackman_4ms,4.193362380681671,9.200153810457921,1.5034416991437094,6.31701349042765,9.553871529243716,-0.49999999999992184,15.067686792631477,2.900000000000041,rd_cluster_trimmed,7.711729848629728,11.877431287528179,19.885345715979913,26.666666666666668,pre4_impact,mti,trackman,18,prior_weighted,hann
2.777171003384846,-0.0304569503337666,15,trackman_4ms,6.513936669007909,9.340846468568948,1.1743091540842945,7.7225075613555685,4.935088887173028,-0.549999999999919,11.642533387082754,2.1500000000000306,rd_cluster_trimmed,8.113104995262642,10.306093326703825,18.57872423359497,20.0,pre4_impact,mti,trackman,18,prior_weighted,rect
5.779151762480592,-0.07505874301408609,15,trackman_4ms,4.236877916665918,7.389908554070771,1.4682861357334462,5.616685275319641,8.189445741959647,-1.0499999999999332,18.21729979351876,2.7000000000000384,rd_cluster_trimmed,6.399673667574128,10.8622104426767,13.779960616334451,20.0,pre4_impact,mti,trackman,18,strongest,hann
5.8688010483419095,0.1290142596836061,15,trackman_4ms,4.5934208899606155,8.981355260215928,1.1324432206878658,7.6721839613930936,5.648461742494423,-1.0499999999999332,17.028046728356582,1.550000000000022,rd_cluster_trimmed,5.899440874216609,13.734102856653951,19.259355216089453,20.0,pre4_impact,mti,trackman,18,strongest,rect
4.086341922884227,-0.2652571913337233,18,trackman_4ms,5.005143679370163,7.347398432159149,1.2019735485300558,6.731001873994051,5.495792736133222,1.3750000000001066,9.697807042537324,2.7000000000000384,rd_peak,5.730491131659575,8.963205862877693,13.0274348482648,11.11111111111111,pre4,mti,ops,18,fastest_credible,hann
-4.534523971457736,-0.4047333050147955,18,trackman_4ms,5.018387430667175,12.677319857172234,1.0287493714890752,7.88223075774403,3.04192029241712,1.9000000000001123,9.306481383982733,1.7250000000000245,rd_peak,5.152807723084296,10.214829102509158,14.227423682176907,11.11111111111111,pre4,mti,ops,18,fastest_credible,rect
2.239400602418862,-0.1671779563190697,18,trackman_4ms,5.195745721121338,6.971788797053434,1.0775674278492569,6.370448930014204,3.7983381252612087,0.700000000000097,6.629852386601362,3.3250000000000464,rd_peak,5.0695978228077365,8.608249371199898,12.088327098396666,27.77777777777778,pre4,mti,ops,18,prior_weighted,hann
0.044751461748848205,-0.10681983241478324,18,trackman_4ms,5.42380146813278,7.185603316886408,1.0405428332302313,9.08810823715991,3.0293741073953804,0.5250000000000927,8.383756921618417,1.9500000000000277,rd_peak,6.214774792459099,10.723295810671015,12.118655556121581,11.11111111111111,pre4,mti,ops,18,prior_weighted,rect
2.6341778375524423,-0.1922606777301091,18,trackman_4ms,3.877211743268184,8.732725450759704,1.0121114044768935,7.444558956820654,6.568192695701773,1.3750000000001066,9.697807042537324,2.900000000000041,rd_peak,5.730491131659575,9.087495216963497,18.113950173778207,11.11111111111111,pre4,mti,ops,18,strongest,hann
-3.6664981082002868,-0.3912321132969925,18,trackman_4ms,5.868570377632189,14.37736450581465,0.9813498560740711,10.28794353035941,5.445907378790697,0.600000000000092,10.105800000105864,1.7250000000000245,rd_peak,5.978792769718391,12.732524132968571,16.742782210956157,22.22222222222222,pre4,mti,ops,18,strongest,rect
3.2389134029694353,-0.27835886442623536,18,trackman_4ms,5.10180237771502,9.717087863018124,1.1149577570175553,6.945108930047877,6.485178529925275,0.525000000000091,9.10301471973577,2.9250000000000416,rd_peak,6.107066152395581,13.050999634295582,18.678450668182137,11.11111111111111,pre4,mti,track,18,fastest_credible,hann
1.815994316968855,-0.1482295364484225,18,trackman_4ms,5.371918899458812,6.603118558478153,1.053808490448167,7.875078114501546,5.459660510483559,0.8250000000000952,8.049028395836086,1.6500000000000234,rd_peak,5.795747378631111,10.670586970497233,13.87990595861152,11.11111111111111,pre4,mti,track,18,fastest_credible,rect
2.3206095146130394,0.24126818516550166,18,trackman_4ms,5.341429163395368,6.826800500082487,1.0363072470493941,6.131514755668508,3.9520890785788647,0.22500000000008846,7.964350320910201,3.250000000000046,rd_peak,6.058907937643569,8.451208065874123,14.621890336150505,27.77777777777778,pre4,mti,track,18,prior_weighted,hann
0.7927114910695526,0.2506711463451166,18,trackman_4ms,8.000878641923608,8.399259270653895,1.0810033094123126,9.482033415226402,4.250216091369425,0.20000000000008988,8.258999949375864,2.0250000000000288,rd_peak,7.951345099134701,10.630375444752744,14.899195450644717,5.555555555555555,pre4,mti,track,18,prior_weighted,rect
2.9529070991293067,-0.2644123417823595,18,trackman_4ms,4.168294076413357,9.430638154623768,1.0153503459445088,7.709753152408567,6.485178529925275,0.525000000000091,9.10301471973577,2.9750000000000423,rd_peak,6.106381953021003,11.356150189743875,18.393448051281855,11.11111111111111,pre4,mti,track,18,strongest,hann
3.9234093550703455,0.24347686701302587,18,trackman_4ms,8.140133773076268,9.141413174820336,1.0469897078101773,10.373572777995125,4.493763522489756,-0.024999999999913314,8.82310341753007,1.625000000000023,rd_peak,8.921031942811572,13.85529893903941,16.585430281672725,16.666666666666668,pre4,mti,track,18,strongest,rect
6.3205033297183615,-0.18961743685800841,15,trackman_4ms,8.013403236765837,12.527902697140325,1.3594064471099672,6.039655735825541,8.877801399216255,-0.6999999999999247,18.21729979351876,2.5000000000000355,rd_peak,12.678889575518792,15.305250032680217,29.02640555018626,13.333333333333334,pre4,mti,trackman,18,fastest_credible,hann
6.814683981062162,0.23380381436733466,15,trackman_4ms,1.3321378020291315,7.852667779990044,0.8704916338456592,8.611623170396582,7.5373776173806375,-0.5999999999999233,14.457379199606198,1.6000000000000227,rd_peak,5.630515419409769,9.150372209495638,16.808912820302908,13.333333333333334,pre4,mti,trackman,18,fastest_credible,rect
6.3129890658326095,-0.3575952764397541,15,trackman_4ms,8.876055067377381,12.924948556671671,1.2483036501041338,6.455958297914897,9.781208871115732,-0.49999999999992184,13.71957074725028,2.8500000000000405,rd_peak,9.502208871115732,18.61435813325994,26.23226476870556,26.666666666666668,pre4,mti,trackman,18,prior_weighted,hann
3.050707900429399,0.02245216179448048,15,trackman_4ms,4.375409108883493,10.038150741220296,0.9791725129562378,11.477045686687282,8.484072868091864,-0.549999999999919,11.673268317885855,1.9500000000000277,rd_peak,8.25296052399948,13.62840035422151,22.136790396997164,13.333333333333334,pre4,mti,trackman,18,prior_weighted,rect
5.700309531126494,-0.25803681966952946,15,trackman_4ms,5.996408830395331,11.907708898548458,1.127591395577069,6.039655735825541,8.877801399216255,-1.0999999999999304,18.21729979351876,2.5500000000000362,rd_peak,6.775842472146231,14.07856189110106,29.02640555018626,13.333333333333334,pre4,mti,trackman,18,strongest,hann
6.449478884146125,-0.012888375629412445,15,trackman_4ms,4.52211354710516,8.632553908368461,0.8884732669289097,9.396664590491888,7.119008825912485,-1.0499999999999332,17.29800177950777,1.550000000000022,rd_peak,6.004411654255217,13.220955104946384,18.187969774240138,13.333333333333334,pre4,mti,trackman,18,strongest,rect
3.2163237264728353,-0.02261897062215819,18,trackman_4ms,4.140696154184805,6.2037251161635645,1.2019735485300558,5.346660101609691,5.495792736133222,1.3750000000001066,9.697807042537324,2.82500000000004,rd_peak,5.865922172454573,9.257316924981856,10.529696570330366,16.666666666666668,pre4_impact,mti,ops,18,fastest_credible,hann
-5.885137116026078,-0.3911452149609076,18,trackman_4ms,2.502114679247274,11.456903344320079,1.1281154423811601,7.361099048534513,2.4758849350455834,2.150000000000114,10.096115411963893,1.7500000000000249,rd_peak,2.302310227254802,9.285091185741127,12.131040737723486,22.22222222222222,pre4_impact,mti,ops,18,fastest_credible,rect
0.5299897671901377,-0.023409950091558107,18,trackman_4ms,3.9752928036737307,5.035754206045422,1.1548688423719211,7.013931872503609,3.7983381252612087,0.5750000000000917,7.357551277719031,3.250000000000046,rd_peak,4.126528923280025,7.330425104568734,8.819980669360586,33.333333333333336,pre4_impact,mti,ops,18,prior_weighted,hann
-2.4053066352609687,-0.05376261258154323,18,trackman_4ms,6.4178359142610315,8.411925650848778,1.200260583434746,8.110566091637235,2.4267794008898003,0.8000000000000966,9.303975441674478,2.0250000000000288,rd_peak,6.8774547067289795,10.89515721527481,16.716342148312624,22.22222222222222,pre4_impact,mti,ops,18,prior_weighted,rect
3.8335433063437767,0.0800254832537131,18,trackman_4ms,3.64508323315375,5.6895625264307865,1.1618658054984823,4.979674731073813,6.601916496222534,1.3750000000001066,9.697807042537324,2.8500000000000405,rd_peak,4.9229209553539555,8.716475631569052,9.388094582848296,22.22222222222222,pre4_impact,mti,ops,18,strongest,hann
-4.36592538061282,-0.36069332909247165,18,trackman_4ms,6.97429276971839,13.938957744874301,1.1281154423811601,9.336946397465148,3.5884453065304167,1.0000000000000995,10.142397144859968,1.7500000000000249,rd_peak,5.978792769718391,12.277417603921048,16.742782210956157,33.333333333333336,pre4_impact,mti,ops,18,strongest,rect
4.25516798021374,-0.14612771744184466,18,trackman_4ms,3.660034039065122,6.483918428504028,1.2266349398775067,5.133657925710901,7.613476048013839,0.8000000000000966,9.10301471973577,2.8500000000000405,rd_peak,6.107066152395581,8.681084919246196,12.120820557812149,16.666666666666668,pre4_impact,mti,track,18,fastest_credible,hann
1.79538298668505,-0.03508170550512084,18,trackman_4ms,4.99878031033149,5.817968116149095,1.0660823795287029,6.762135189995558,5.459660510483559,1.000000000000096,8.049028395836086,1.825000000000026,rd_peak,4.511081538279403,7.352994196095289,12.915210147830814,16.666666666666668,pre4_impact,mti,track,18,fastest_credible,rect
2.3519144864913293,0.20692513820729666,18,trackman_4ms,4.946588572030232,5.310497804310155,1.0992806045953385,5.258867697345162,3.9520890785788647,0.2750000000000892,7.45337209911683,3.175000000000045,rd_peak,5.8068678972806875,7.904394854578332,9.947006195161006,38.888888888888886,pre4_impact,mti,track,18,prior_weighted,hann
1.1268177575201805,0.25378513595929314,18,trackman_4ms,7.889517073567463,8.052975536686368,1.333167581349021,8.983636398654339,6.560652479479447,0.2500000000000906,8.483206941755567,2.0750000000000295,rd_peak,7.162788960457852,10.46308273585396,13.845798603027012,11.11111111111111,pre4_impact,mti,track,18,prior_weighted,rect
3.9691616763736115,-0.1147365059738003,18,trackman_4ms,3.4227100550352527,6.19746872010967,1.1429472239948248,5.153775305283393,7.613476048013839,0.6000000000000938,9.10301471973577,2.900000000000041,rd_peak,6.106381953021003,8.681084919246196,10.844988935322787,22.22222222222222,pre4_impact,mti,track,18,strongest,hann
4.779504211144733,0.40702483368515063,18,trackman_4ms,6.717734775767734,8.363968753356083,1.2233664600415817,9.43140889250453,6.2323773483644045,0.07500000000008455,8.891818489187237,1.825000000000026,rd_peak,6.507239252128791,11.458909482736244,16.585430281672725,33.333333333333336,pre4_impact,mti,track,18,strongest,rect
6.985673512030178,0.07560771278463507,15,trackman_4ms,5.866261908555392,8.207791315537529,1.3594064471099672,6.039655735825541,8.203785165803527,-0.6999999999999247,18.21729979351876,2.6500000000000377,rd_peak,5.059642102978566,13.4881901553439,15.312840953340592,13.333333333333334,pre4_impact,mti,trackman,18,fastest_credible,hann
5.7476612750120655,0.31903945335601225,15,trackman_4ms,3.966108503435508,6.78564507393995,1.1525052614692675,8.611623170396582,7.53299177761826,-0.5999999999999233,14.457379199606198,1.7000000000000242,rd_peak,4.951377617380638,6.894645073107174,15.971231464749103,26.666666666666668,pre4_impact,mti,trackman,18,fastest_credible,rect
6.703093149711142,-0.23740502812990735,15,trackman_4ms,5.50640659603488,8.67818014431413,1.2483036501041338,5.384739430314786,8.65270480283426,-0.49999999999992184,15.067686792631477,2.900000000000041,rd_peak,7.419704802834259,11.573003787348279,17.523929158741435,33.333333333333336,pre4_impact,mti,trackman,18,prior_weighted,hann
2.5776792071443775,0.1350588550991606,15,trackman_4ms,3.740797827545402,8.46472731140201,1.1860242007651136,10.736844892837627,6.46302352513212,-0.549999999999919,11.642533387082754,2.1500000000000306,rd_peak,6.851494781488125,10.59953196776884,22.136790396997164,20.0,pre4_impact,mti,trackman,18,prior_weighted,rect
6.365479713438308,-0.06263668976702311,15,trackman_4ms,4.835652282015289,7.587597516945662,1.2036857258948879,4.948379608153719,8.203785165803527,-1.0499999999999332,18.21729979351876,2.7000000000000384,rd_peak,5.059642102978566,12.743013703383935,14.331490440077266,20.0,pre4_impact,mti,trackman,18,strongest,hann
6.545839478794308,0.17148605175022386,15,trackman_4ms,3.686516375447892,7.374596457234656,1.1525052614692675,9.177272614433369,6.283411654255217,-1.0499999999999332,17.028046728356582,1.550000000000022,rd_peak,4.312880866443628,10.214096097653266,18.187969774240138,20.0,pre4_impact,mti,trackman,18,strongest,rect
-32.16927191516275,-0.007873662425927143,18,trackman_4ms,13.479349401775302,46.96672430584427,3.614658198272449,8.194670765400527,-38.89905643728179,3.000000000000128,21.87387111974769,2.3500000000000334,rd_cluster,44.71152750610882,60.83300005772995,69.1973791803517,11.11111111111111,pre4,raw,ops,18,fastest_credible,hann
-39.718690750215494,-0.12982530031795392,18,trackman_4ms,19.172805401319128,41.94165363508923,2.7734959625959545,6.551338728858802,-41.76008116588602,2.9250000000001286,28.023797192091045,1.475000000000021,rd_cluster,44.72458116588602,62.753478689398264,67.4283259223887,11.11111111111111,pre4,raw,ops,18,fastest_credible,rect
-33.54140954934843,0.14583874256450716,18,trackman_4ms,12.209932642670466,60.23352464040132,4.512237315146715,15.021601867615646,-52.28980150826814,2.5500000000001215,19.896685015295283,2.5000000000000355,rd_cluster,58.8416477007699,67.45676548215589,86.67679580433395,11.11111111111111,pre4,raw,ops,18,prior_weighted,hann
-41.41202077167143,-0.10902572182832747,18,trackman_4ms,14.424597892172555,43.88141011382516,2.338529264161,7.613224429777837,-43.65310531483408,2.7500000000001243,27.077297095050174,1.5250000000000252,rd_cluster,46.72460531483408,60.99285169954391,69.24374127953655,22.22222222222222,pre4,raw,ops,18,prior_weighted,rect
-34.305828317866386,0.09212052134538351,18,trackman_4ms,16.427895233350267,49.10328070854789,4.10460266016903,8.181952446119322,-41.0937209151224,3.000000000000128,22.473180942259063,2.3500000000000334,rd_cluster,45.1787209151224,63.22691662188579,74.96973505328181,16.666666666666668,pre4,raw,ops,18,strongest,hann
-42.377971290613864,-0.13520658306201808,18,trackman_4ms,16.203243169426216,44.600934175487595,2.6731345872677643,5.6250125260393276,-41.76008116588602,2.9250000000001286,28.023797192091045,1.475000000000021,rd_cluster,44.72458116588602,62.753478689398264,67.4283259223887,16.666666666666668,pre4,raw,ops,18,strongest,rect
-31.503963320168054,0.07766013927483126,18,trackman_4ms,15.144396907928954,45.88344106124981,4.023977646426812,9.28524555373003,-34.647874264575265,1.0000000000000995,15.770572807990144,2.3500000000000334,rd_cluster,40.545420816805404,60.906517962070396,69.28593764646715,16.666666666666668,pre4,raw,track,18,fastest_credible,hann
-40.054024092403914,-0.03145334458527942,18,trackman_4ms,10.840744412292526,40.33126913766069,2.6921465609241757,6.802299820905883,-37.400218545389016,1.1812635987927962,22.419450758574044,1.5000000000000213,rd_cluster,39.84750796611557,51.602280611632196,67.52748478922666,11.11111111111111,pre4,raw,track,18,fastest_credible,rect
-36.78329606000196,0.2956189507210833,18,trackman_4ms,18.164902452996422,42.09091824404017,3.768940152053154,9.647453177427472,-40.117169317106004,0.900000000000098,15.45053269343212,2.475000000000035,rd_cluster,41.72445566494149,59.20895289222417,69.49568358363724,11.11111111111111,pre4,raw,track,18,prior_weighted,hann
-47.591785372695895,-0.3728829286147392,18,trackman_4ms,19.253988052954575,48.11071268791217,2.540681842816237,6.490986494117788,-42.17350327423139,0.9500000000000988,22.382269783785475,1.5250000000000217,rd_cluster,45.138003274231394,66.28212322991608,75.44412934989354,22.22222222222222,pre4,raw,track,18,prior_weighted,rect
-30.828033315800432,0.2892301960417198,18,trackman_4ms,18.08790445119739,50.74016069074194,4.55016631098639,8.422405544693554,-39.411366741381656,1.0000000000000995,15.770572807990144,2.3500000000000334,rd_cluster,47.45925625420083,63.30008136068843,75.00954901045432,16.666666666666668,pre4,raw,track,18,strongest,hann
-47.4297592264618,-0.3567887506477509,18,trackman_4ms,17.3388869385579,47.70700427171859,3.228858213366727,6.264941124745464,-41.48269738913241,0.9750000000000973,22.419450758574044,1.475000000000021,rd_cluster,44.44719738913241,65.71591080554674,76.01876036665995,16.666666666666668,pre4,raw,track,18,strongest,rect
-34.303598829440936,-0.08597235429612031,15,trackman_4ms,14.108400308386244,48.687334249144904,4.470859733311802,8.66196134557314,-41.638769206480696,-2.2999999999999474,15.889035679677132,2.400000000000034,rd_cluster,44.98302009875741,62.75262515965801,71.56719767421447,13.333333333333334,pre4,raw,trackman,18,fastest_credible,hann
-41.49456028181933,-0.22384006426174616,15,trackman_4ms,18.721769323222816,41.49456028181933,3.0125439026758154,6.787539284800033,-40.89759392271647,-2.2999999999999474,23.647603842456398,1.5000000000000213,rd_cluster,44.22659392271647,58.3401763119914,69.47422576653865,20.0,pre4,raw,trackman,18,fastest_credible,rect
-27.8718568822594,-0.22485194965420213,15,trackman_4ms,16.67992213212446,56.14604917277716,4.462350152527491,5.768337500592196,-41.862414205304155,-1.949999999999939,15.681530641766237,2.450000000000035,rd_cluster,51.88335534674553,65.98755707407449,91.4176245499749,33.333333333333336,pre4,raw,trackman,18,prior_weighted,hann
-43.51065550849723,-0.26857054033220995,15,trackman_4ms,12.28944340568107,43.51065550849723,3.373875572047025,11.213887434338197,-38.970942564804275,-2.2499999999999503,22.702661470114563,1.5000000000000213,rd_cluster,42.299942564804276,55.64101682544781,71.18635698930984,20.0,pre4,raw,trackman,18,prior_weighted,rect
-37.0295259712201,0.03188914280291663,15,trackman_4ms,17.187334069783702,51.41326139092408,4.582004574356519,8.66196134557314,-41.65402009875741,-2.2999999999999474,15.889035679677132,2.400000000000034,rd_cluster,51.8211920290678,65.22372298662093,74.81914774817228,13.333333333333334,pre4,raw,trackman,18,strongest,hann
-44.72353911426489,-0.2893092215434832,15,trackman_4ms,9.540395455327051,44.72353911426489,3.0125439026758154,6.499363797811583,-40.89759392271647,-2.3499999999999446,23.647603842456398,1.5000000000000213,rd_cluster,44.22659392271647,58.3401763119914,69.47422576653865,26.666666666666668,pre4,raw,trackman,18,strongest,rect
-32.29962930503791,-0.07017168187297435,18,trackman_4ms,18.415812730545817,44.92913105009593,4.468629597724464,7.069200174526735,-35.81552653597002,3.000000000000128,21.87387111974769,2.350000000000035,rd_cluster,42.69086302826821,61.39507258520933,69.1973791803517,22.22222222222222,pre4_impact,raw,ops,18,fastest_credible,hann
-39.56895131932582,-0.07476417224103109,18,trackman_4ms,19.784598451483472,41.76808340009933,3.1682937762815024,4.8770210023281635,-43.42830291664612,2.9250000000001286,25.45727516819064,1.5000000000000213,rd_cluster,46.460699687305535,62.753478689398264,67.4283259223887,22.22222222222222,pre4_impact,raw,ops,18,fastest_credible,rect
-35.44668036294644,0.09527238796519469,18,trackman_4ms,14.625223148657675,62.20328117697942,4.89323614247424,10.826729204788695,-54.05942754996528,2.5500000000001215,19.896685015295283,2.500000000000039,rd_cluster,59.93821006316349,71.79088967322946,101.75028426937978,11.11111111111111,pre4_impact,raw,ops,18,prior_weighted,hann
-39.689588635034625,-0.06295692918291249,18,trackman_4ms,17.041810071128857,42.27739871562437,2.802279555540271,6.846312198431349,-46.63805246058538,2.7500000000001243,24.6767675741381,1.5250000000000252,rd_cluster,49.39005246058538,60.99285169954391,69.24374127953655,27.77777777777778,pre4_impact,raw,ops,18,prior_weighted,rect
-34.436185707741544,0.036720209261216975,18,trackman_4ms,20.530554978262305,47.06568745279956,4.685447723611146,7.6980286368308555,-38.89905643728179,3.000000000000128,22.473180942259063,2.350000000000035,rd_cluster,44.71152750610882,63.22691662188579,74.96973505328181,27.77777777777778,pre4_impact,raw,ops,18,strongest,hann
-40.88382517060406,-0.07502399541390277,18,trackman_4ms,17.813012311989155,43.082957251377564,3.1682937762815024,4.248443565621079,-43.42830291664612,2.9250000000001286,25.45727516819064,1.5000000000000213,rd_cluster,46.460699687305535,62.753478689398264,67.4283259223887,27.77777777777778,pre4_impact,raw,ops,18,strongest,rect
-30.545972144838426,0.017545690634340957,18,trackman_4ms,17.83139687144516,43.14154106625387,4.641643050915185,7.726175463034796,-34.049179581840036,1.025000000000098,15.758776470817011,2.400000000000034,rd_cluster,36.08637426457527,61.49117382894633,69.28593764646715,22.22222222222222,pre4_impact,raw,track,18,fastest_credible,hann
-38.35765699521785,0.006318460512645349,18,trackman_4ms,21.185971540110245,39.59247002841655,3.414538724869008,6.663547284243684,-38.51111695317472,1.2062635987927948,21.619754072615027,1.5000000000000213,rd_cluster,40.11725880525792,52.57327449551264,67.52748478922666,16.666666666666668,pre4_impact,raw,track,18,fastest_credible,rect
-44.512519979366836,0.07909031559562495,18,trackman_4ms,20.91229269666766,45.96211334435523,4.546490445764947,10.76236642851072,-40.97816959052627,0.9250000000001002,15.15721212657925,2.475000000000035,rd_cluster,44.094669590526266,66.64558945700489,74.02590610803264,16.666666666666668,pre4_impact,raw,track,18,prior_weighted,hann
-45.85260220848127,-0.2521207856514376,18,trackman_4ms,16.556745982475327,48.785766786972445,3.7737116096525325,3.38671445261728,-47.91338949514013,0.9500000000000988,21.375991881100923,1.5250000000000217,rd_cluster,50.66538949514013,66.28212322991608,75.44412934989354,38.888888888888886,pre4_impact,raw,track,18,prior_weighted,rect
-29.87004214047081,0.2420312275900571,18,trackman_4ms,21.451415043200385,47.99826069574599,4.656494884788655,7.231431024077437,-36.023951549522224,1.025000000000098,15.758776470817011,2.400000000000034,rd_cluster,44.83400090616439,63.30008136068843,75.00954901045432,22.22222222222222,pre4_impact,raw,track,18,strongest,hann
-44.73432445674053,-0.23880944449793506,18,trackman_4ms,18.65017723961351,47.33020848446395,3.5433276177752404,4.100498492370203,-43.44925023592414,1.000000000000096,21.619754072615027,1.5000000000000213,rd_cluster,46.40389780456751,65.71591080554674,76.01876036665995,27.77777777777778,pre4_impact,raw,track,18,strongest,rect
-31.611988799428683,-0.06713871532338381,15,trackman_4ms,20.180711863101156,46.790164667833544,4.612735498564599,7.324497194539724,-34.32573040259419,-2.2999999999999474,15.889035679677132,2.400000000000034,rd_cluster,44.5427692064807,62.75262515965801,71.56719767421447,26.666666666666668,pre4_impact,raw,trackman,18,fastest_credible,hann
-40.572080477955325,-0.09756276310309951,15,trackman_4ms,22.320763925070946,42.039799495670785,3.514361648486488,3.6099053184332828,-41.04594325878033,-2.2999999999999474,23.647603842456398,1.5000000000000213,rd_cluster,44.22659392271647,58.59417205496427,69.47422576653865,33.333333333333336,pre4_impact,raw,trackman,18,fastest_credible,rect
-23.08714290719307,-0.20841149813035195,15,trackman_4ms,26.242201564686084,52.3873182755102,4.462350152527491,8.115664015049678,-32.30013477274253,-1.949999999999939,15.681530641766237,2.5000000000000355,rd_cluster,45.758660158577484,65.98755707407449,91.4176245499749,26.666666666666668,pre4_impact,raw,trackman,18,prior_weighted,hann
-41.16320906363401,-0.12463293141815304,15,trackman_4ms,15.55186378209175,42.20001373872716,4.055972291461798,7.0422607155111265,-41.51562496204062,-2.199999999999946,22.702661470114563,1.5000000000000213,rd_cluster,42.748624962040616,56.13323625265994,71.18635698930984,26.666666666666668,pre4_impact,raw,trackman,18,prior_weighted,rect
-34.33791594120786,0.048834894068345104,15,trackman_4ms,18.402126944294224,49.51609180961272,4.659216952278068,7.324497194539724,-41.638769206480696,-2.2999999999999474,15.889035679677132,2.400000000000034,rd_cluster,44.98302009875741,65.22372298662093,74.81914774817228,26.666666666666668,pre4_impact,raw,trackman,18,strongest,hann
-42.18777128345674,-0.11362108021348159,15,trackman_4ms,17.208159829197818,43.6554903011722,3.273803310690795,3.6099053184332828,-41.04594325878033,-2.2999999999999474,23.647603842456398,1.5000000000000213,rd_cluster,44.22659392271647,58.59417205496427,69.47422576653865,40.0,pre4_impact,raw,trackman,18,strongest,rect
-50.152147690959644,-0.21010720647342965,18,trackman_4ms,12.971850578325078,61.14037466367732,4.773147603543869,14.375645328502483,-56.57026787733959,3.000000000000128,21.87387111974769,2.3500000000000334,rd_cluster_median,62.06791496257672,72.20785635344745,97.27377767454384,11.11111111111111,pre4,raw,ops,18,fastest_credible,hann
-37.52494517245335,-0.28760925920859814,18,trackman_4ms,28.31996200721041,39.96680663525224,2.848768570660999,7.555228063847232,-37.295838346329894,2.9250000000001286,28.023797192091045,1.475000000000021,rd_cluster_median,39.06333834632989,56.19521564199915,79.97139444357084,22.22222222222222,pre4,raw,ops,18,fastest_credible,rect
-51.29217992331592,-0.1902460614931582,18,trackman_4ms,12.818312733664204,63.05227779927941,5.440484147405408,8.943626553146654,-56.735926421114364,2.5500000000001215,19.896685015295283,2.5000000000000355,rd_cluster_median,62.15566356405404,73.16462715756072,92.31685938218314,16.666666666666668,pre4,raw,ops,18,prior_weighted,hann
-43.09969762025547,-0.512469170323664,18,trackman_4ms,21.508759019329627,43.252422540543925,2.7938013735548086,14.524772187307386,-30.539604677057987,2.7500000000001243,27.077297095050174,1.5250000000000252,rd_cluster_median,32.83460467705798,59.13652755919757,85.34663236987087,16.666666666666668,pre4,raw,ops,18,prior_weighted,rect
-49.129311120303726,-0.19893257086429525,18,trackman_4ms,11.663298127708494,60.117538093021395,4.773147603543869,15.516713358775323,-56.57026787733959,3.000000000000128,22.473180942259063,2.3500000000000334,rd_cluster_median,58.946436759345886,69.55417221185942,97.27377767454384,22.22222222222222,pre4,raw,ops,18,strongest,hann
-41.70339854306002,-0.24782123372464007,18,trackman_4ms,27.206681259152376,43.87277990184204,2.8038090478324094,6.6905860563040225,-37.295838346329894,2.9250000000001286,28.023797192091045,1.475000000000021,rd_cluster_median,39.06333834632989,67.44136356712592,79.97139444357084,27.77777777777778,pre4,raw,ops,18,strongest,rect
-45.488676230563925,-0.23657617665818734,18,trackman_4ms,10.917613984064097,56.415596930978865,3.5423647527979867,7.533918000133244,-46.100411878984744,1.0000000000000995,15.770572807990144,2.3500000000000334,rd_cluster_median,51.91420409880394,64.41831706968051,97.18460118324595,27.77777777777778,pre4,raw,track,18,fastest_credible,hann
-33.50564293319832,-0.04557665777324457,18,trackman_4ms,21.11890367169899,35.4116801065179,2.3144191482732586,8.504831939461583,-29.032267486407726,1.1812635987927962,22.419450758574044,1.5000000000000213,rd_cluster_median,30.91726748640773,51.595431772579246,62.38393009717068,27.77777777777778,pre4,raw,track,18,fastest_credible,rect
-52.17982815181566,-0.03007848879042747,18,trackman_4ms,14.065177370634917,54.80662388933305,4.887349078403227,12.33858549713653,-53.2013987861537,0.900000000000098,15.45053269343212,2.475000000000035,rd_cluster_median,55.63309681416246,69.856337796242,79.44421685876956,22.22222222222222,pre4,raw,track,18,prior_weighted,hann
-42.58807588296398,-0.4519988864984909,18,trackman_4ms,20.40999619065624,42.71399235961061,2.5234545544961575,9.207862345807111,-30.184949757400204,0.9500000000000988,22.382269783785475,1.5250000000000217,rd_cluster_median,32.3974497574002,54.788190804529584,94.61271214115757,16.666666666666668,pre4,raw,track,18,prior_weighted,rect
-45.231132484782776,-0.06860833915874098,18,trackman_4ms,9.586862755985408,56.49369553481452,4.027845399365185,12.908804533314662,-51.84589655865669,1.0000000000000995,15.770572807990144,2.3500000000000334,rd_cluster_median,57.13349448938231,64.41831706968051,97.18460118324595,22.22222222222222,pre4,raw,track,18,strongest,hann
-35.16923362998446,0.10693794190626538,18,trackman_4ms,24.51236434269764,42.79408888634394,2.489170955274822,7.55869935603171,-34.737975211788324,0.9750000000000973,22.419450758574044,1.475000000000021,rd_cluster_median,42.68647037689638,56.08143503671059,79.98593331981733,27.77777777777778,pre4,raw,track,18,strongest,rect
-41.16062115198568,-0.10906113559652163,15,trackman_4ms,12.01063407629622,54.38322343955015,4.1614963545248855,13.97397075316752,-47.300609156968314,-2.2999999999999474,15.889035679677132,2.400000000000034,rd_cluster_median,52.074609156968314,65.49336285019156,82.98726812827869,6.666666666666667,pre4,raw,trackman,18,fastest_credible,hann
-33.80889330521563,-0.2942232476058077,15,trackman_4ms,20.22126533143497,34.86668833138822,2.3253717561636025,10.503489546518132,-34.285862507046296,-2.2999999999999474,23.647603842456398,1.5000000000000213,rd_cluster_median,35.4798625070463,52.174130201768506,67.97143216632044,33.333333333333336,pre4,raw,trackman,18,fastest_credible,rect
-34.116621775382804,-0.24520718914793863,15,trackman_4ms,15.425149808171078,62.21095583564839,3.704207625388327,8.319821488822072,-49.14009876456712,-1.949999999999939,15.681530641766237,2.450000000000035,rd_cluster_median,55.152233493153325,70.4108276849152,98.3737849430374,6.666666666666667,pre4,raw,trackman,18,prior_weighted,hann
-38.55308769317643,-0.34330572368666123,15,trackman_4ms,16.46765616248591,39.329630022647386,2.4689091252975635,16.85237831708507,-35.94382119472035,-2.2499999999999503,22.702661470114563,1.5000000000000213,rd_cluster_median,37.49182119472035,54.97552341075255,71.14480352332225,13.333333333333334,pre4,raw,trackman,18,prior_weighted,rect
-42.72760948136576,-0.040488267308143165,15,trackman_4ms,10.258504248643249,55.950211768930224,4.718925461849413,13.795060913184791,-48.53629577272998,-2.2999999999999474,15.889035679677132,2.400000000000034,rd_cluster_median,56.956009149374815,65.49336285019156,82.98726812827869,13.333333333333334,pre4,raw,trackman,18,strongest,hann
-38.90464441450319,-0.2885668228354064,15,trackman_4ms,19.847565515986794,39.63546331585552,1.917875515327577,10.503489546518132,-34.285862507046296,-2.3499999999999446,23.647603842456398,1.5000000000000213,rd_cluster_median,35.4798625070463,57.32440626961203,73.69796964326169,26.666666666666668,pre4,raw,trackman,18,strongest,rect
-51.43312210234367,-0.2780601527291603,18,trackman_4ms,17.842356569710432,62.42134907506134,4.8938148902336,9.363345193569327,-49.75189317410598,3.000000000000128,21.87387111974769,2.350000000000035,rd_cluster_median,58.12688110239963,74.65989114768968,102.0724335990217,16.666666666666668,pre4_impact,raw,ops,18,fastest_credible,hann
-40.63754726869884,-0.22920046586077533,18,trackman_4ms,20.319204299711743,45.127986234406684,3.0154207526876218,7.555228063847232,-40.48964438613904,2.9250000000001286,25.45727516819064,1.5000000000000213,rd_cluster_median,42.10664438613904,56.19521564199915,79.97139444357084,22.22222222222222,pre4_impact,raw,ops,18,fastest_credible,rect
-44.55776291222522,-0.17982647933437357,18,trackman_4ms,21.20983333692599,61.12766240231974,5.471782748713484,7.257536518827839,-54.50511312390606,2.5500000000001215,19.896685015295283,2.500000000000039,rd_cluster_median,62.15566356405404,73.16462715756072,95.88666735417986,16.666666666666668,pre4_impact,raw,ops,18,prior_weighted,hann
-43.06539981855129,-0.3941455863999182,18,trackman_4ms,17.8330880217798,47.525387454592206,3.3350387681016116,10.03751934068902,-38.887529645909424,2.7500000000001243,24.6767675741381,1.5250000000000252,rd_cluster_median,41.030529645909425,59.13652755919757,85.34663236987087,16.666666666666668,pre4_impact,raw,ops,18,prior_weighted,rect
-50.41028553168775,-0.2676036160831987,18,trackman_4ms,17.70512851097221,61.39851250440542,4.8938148902336,11.159852973120408,-49.75189317410598,3.000000000000128,22.473180942259063,2.350000000000035,rd_cluster_median,56.708745656617864,74.08456810508594,102.0724335990217,22.22222222222222,pre4_impact,raw,ops,18,strongest,hann
-43.58370185862914,-0.18482404701260818,18,trackman_4ms,18.11744952086527,48.07414082433698,2.9104752989304847,6.6905860563040225,-42.0520452379718,2.9250000000001286,25.45727516819064,1.5000000000000213,rd_cluster_median,43.17170859929465,67.44136356712592,79.97139444357084,22.22222222222222,pre4_impact,raw,ops,18,strongest,rect
-41.568255179666124,-0.27507809034622993,18,trackman_4ms,11.301025075446342,52.495175880081064,4.072931400338352,5.487223382964213,-40.41437677068492,1.025000000000098,15.758776470817011,2.400000000000034,rd_cluster_median,46.017948328059916,60.09788978071285,97.18460118324595,33.333333333333336,pre4_impact,raw,track,18,fastest_credible,hann
-36.190155836534956,-0.05734954426254068,18,trackman_4ms,13.413553223388764,39.66690373243746,3.0713766649057748,8.504831939461583,-33.64681650632023,1.2062635987927948,21.619754072615027,1.5000000000000213,rd_cluster_median,35.543816506320226,51.595431772579246,62.38393009717068,33.333333333333336,pre4_impact,raw,track,18,fastest_credible,rect
-47.79434146379859,-0.067997586183417,18,trackman_4ms,20.57354256519686,50.560024708586276,5.181880826647496,11.797353547859768,-49.909446258439054,0.9250000000001002,15.15721212657925,2.475000000000035,rd_cluster_median,53.58444625843906,69.35359199181543,79.44421685876956,22.22222222222222,pre4_impact,raw,track,18,prior_weighted,hann
-41.27145173787607,-0.3004850523482798,18,trackman_4ms,16.460512668439147,47.4095217523803,3.20926687430492,7.7904045259480235,-34.1344332796173,0.9500000000000988,21.375991881100923,1.5250000000000217,rd_cluster_median,38.41228540737706,54.788190804529584,94.61271214115757,16.666666666666668,pre4_impact,raw,track,18,prior_weighted,rect
-41.31071143388498,-0.11051311031217761,18,trackman_4ms,13.459516168998547,52.57327448391673,4.559705256499871,6.400810197488202,-44.333448328059916,1.025000000000098,15.758776470817011,2.400000000000034,rd_cluster_median,49.32891187898474,60.63512544246403,97.18460118324595,27.77777777777778,pre4_impact,raw,track,18,strongest,hann
-35.37118214618381,0.15776955463655037,18,trackman_4ms,18.112159661521396,46.30622542914848,3.0713766649057748,7.55869935603171,-35.95533784267106,1.000000000000096,21.619754072615027,1.5000000000000213,rd_cluster_median,42.68647037689638,56.08143503671059,79.98593331981733,33.333333333333336,pre4_impact,raw,track,18,strongest,rect
-37.39630638695083,-0.11755551886732932,15,trackman_4ms,12.01063407629622,50.618908674515296,4.718925461849413,12.340082994715218,-35.28997508067209,-2.2999999999999474,15.889035679677132,2.400000000000034,rd_cluster_median,45.3418885563402,65.49336285019156,82.98726812827869,13.333333333333334,pre4_impact,raw,trackman,18,fastest_credible,hann
-36.51631862227389,-0.21351352765469434,15,trackman_4ms,13.532520175359963,40.892593823155025,3.000674265962774,10.062881026454932,-38.879864340831006,-2.2999999999999474,23.647603842456398,1.5000000000000213,rd_cluster_median,40.728864340831,52.174130201768506,67.97143216632044,33.333333333333336,pre4_impact,raw,trackman,18,fastest_credible,rect
-32.44431469083942,-0.2943247170068669,15,trackman_4ms,17.246540037987078,60.53864875110499,4.027710397779364,10.046954643215926,-46.08215006869284,-1.949999999999939,15.681530641766237,2.5000000000000355,rd_cluster_median,52.46909876456712,80.75389825057636,105.94054979271155,6.666666666666667,pre4_impact,raw,trackman,18,prior_weighted,hann
-41.35445646680294,-0.2469904429525905,15,trackman_4ms,13.571596581750974,45.15452918367815,4.168666723017008,14.710729735038463,-42.50239619006104,-2.199999999999946,22.702661470114563,1.5000000000000213,rd_cluster_median,42.781396190061045,54.97552341075255,71.14480352332225,13.333333333333334,pre4_impact,raw,trackman,18,prior_weighted,rect
-38.9632947163309,-0.04698411328950047,15,trackman_4ms,13.478551377444006,52.18589700389537,5.064107062629856,10.012470683755396,-43.6558885563402,-2.2999999999999474,15.889035679677132,2.400000000000034,rd_cluster_median,47.1184715396115,65.49336285019156,82.98726812827869,20.0,pre4_impact,raw,trackman,18,strongest,hann
-40.1333111947498,-0.18751581739825599,15,trackman_4ms,13.532520175359963,44.509586395630926,3.000674265962774,10.062881026454932,-38.879864340831006,-2.2999999999999474,23.647603842456398,1.5000000000000213,rd_cluster_median,40.728864340831,57.32440626961203,73.69796964326169,26.666666666666668,pre4_impact,raw,trackman,18,strongest,rect
-34.373287299108696,0.00048375598107630493,18,trackman_4ms,9.941079701935674,49.21072033806397,3.674330219457679,9.633785630712985,-43.32317726620914,3.000000000000128,21.87387111974769,2.3500000000000334,rd_cluster_trimmed,48.626521485628615,59.524370242549004,67.47293851842494,11.11111111111111,pre4,raw,ops,18,fastest_credible,hann
-38.83862404191164,-0.21729637408488536,18,trackman_4ms,19.73741418046163,41.56092391036209,2.681219484864971,6.127790868387448,-38.65263071546073,2.9250000000001286,28.023797192091045,1.475000000000021,rd_cluster_trimmed,41.61713071546073,59.612985518071866,67.4871237170729,22.22222222222222,pre4,raw,ops,18,fastest_credible,rect
-33.034743596430836,0.1352748467842028,18,trackman_4ms,9.71665518129359,59.72985067411158,4.372311153738481,13.420823951255109,-52.21027823707287,2.5500000000001215,19.896685015295283,2.5000000000000355,rd_cluster_trimmed,59.20919837526161,67.0672909454393,85.77635285814901,16.666666666666668,pre4,raw,ops,18,prior_weighted,hann
-40.12234676159811,-0.17462259085979767,18,trackman_4ms,14.945197950379598,43.01000985922087,2.2427233608600945,6.9390412281874205,-43.48158057019676,2.7500000000001243,27.077297095050174,1.5250000000000252,rd_cluster_trimmed,46.553080570196755,57.82274571107967,66.4309132642209,27.77777777777778,pre4,raw,ops,18,prior_weighted,rect
-35.20497121171103,0.07022902770763194,18,trackman_4ms,12.116591682959346,50.04240425066631,3.674330219457679,8.244784819836234,-44.40383423938283,3.000000000000128,22.473180942259063,2.3500000000000334,rd_cluster_trimmed,49.0787447520742,61.425234693420066,74.99851392215118,16.666666666666668,pre4,raw,ops,18,strongest,hann
-42.08788654612486,-0.20908032200050336,18,trackman_4ms,15.896284219467848,44.810186414575305,2.5017379731970153,6.127790868387448,-40.0954915997301,2.9250000000001286,28.023797192091045,1.475000000000021,rd_cluster_trimmed,42.5339915997301,59.612985518071866,67.4871237170729,22.22222222222222,pre4,raw,ops,18,strongest,rect
-32.07614773484758,0.06806534847079412,18,trackman_4ms,16.190267079282513,46.58774228506761,3.5400903639788366,7.771885080653263,-35.7360128289659,1.0000000000000995,15.770572807990144,2.3500000000000334,rd_cluster_trimmed,42.424184083609056,59.42456743843718,67.76293426693177,22.22222222222222,pre4,raw,track,18,fastest_credible,hann
-38.00381113111989,-0.08001214270556598,18,trackman_4ms,15.878812057170165,40.13793379059618,2.585314603691862,7.097575321686634,-33.74336496948861,1.1812635987927962,22.419450758574044,1.5000000000000213,rd_cluster_trimmed,36.70329612506518,52.80462730886386,65.36261204059758,16.666666666666668,pre4,raw,track,18,fastest_credible,rect
-37.79205648230314,0.3181539484048252,18,trackman_4ms,13.975200837024907,42.81396901712493,4.120137267116543,10.461972420090593,-42.062124530977655,0.900000000000098,15.45053269343212,2.475000000000035,rd_cluster_trimmed,44.50062453097765,56.33583032552794,64.06567535286514,16.666666666666668,pre4,raw,track,18,prior_weighted,hann
-46.17504380247426,-0.39785173827958115,18,trackman_4ms,17.957581197980904,47.951036921925954,2.549384850092265,6.052488230642682,-44.675083965007204,0.9500000000000988,22.382269783785475,1.5250000000000217,rd_cluster_trimmed,47.11358396500721,63.08304879276811,75.94790065153106,38.888888888888886,pre4,raw,track,18,prior_weighted,rect
-31.570379264022467,0.27475558728846383,18,trackman_4ms,14.434287291543765,51.60849241406912,4.02827053219322,8.220115303249813,-43.53071792034562,1.0000000000000995,15.770572807990144,2.3500000000000334,rd_cluster_trimmed,49.37910825599711,61.444085538283936,75.18732893995343,16.666666666666668,pre4,raw,track,18,strongest,hann
-46.242394944628025,-0.36974698102856307,18,trackman_4ms,17.67856739285444,48.37651760410431,3.0494759193818135,6.3788334584148085,-44.034970905509326,0.9750000000000973,22.419450758574044,1.475000000000021,rd_cluster_trimmed,46.47347090550932,63.45122089211155,78.67355523110952,22.22222222222222,pre4,raw,track,18,strongest,rect
-34.61199095704111,-0.0869770529312037,15,trackman_4ms,13.442275121076008,48.89712274525092,3.8138776474245097,9.155607885456327,-42.50262164556832,-2.2999999999999474,15.889035679677132,2.400000000000034,rd_cluster_trimmed,49.03066815469526,60.75293958894129,70.08607402469819,26.666666666666668,pre4,raw,trackman,18,fastest_credible,hann
-39.80096391974554,-0.3140272089794182,15,trackman_4ms,20.862151697579804,40.15240968676702,2.924942856202469,6.2149302061560086,-33.67464132498526,-2.2999999999999474,23.647603842456398,1.5000000000000213,rd_cluster_trimmed,35.93450870087112,55.805682242549395,65.6948967574404,20.0,pre4,raw,trackman,18,fastest_credible,rect
-29.018653281463077,-0.2405330580896046,15,trackman_4ms,12.863621422124943,57.194237897344074,4.423159062775352,10.110085871713594,-43.56538166751581,-1.949999999999939,15.681530641766237,2.450000000000035,rd_cluster_trimmed,53.781396188538,63.94795939267141,93.76413931824327,33.333333333333336,pre4,raw,trackman,18,prior_weighted,hann
-32.97458756256026,0.1754938205063616,15,trackman_4ms,18.613321783991708,37.19674181847959,3.144776128670859,11.84245024889201,-32.11410150411994,-2.2499999999999503,22.702661470114563,1.5000000000000213,rd_cluster_trimmed,34.94530096595606,53.91166054302869,58.48430854892289,20.0,pre4,raw,trackman,18,prior_weighted,rect
-37.22482834355947,0.026666127644434566,15,trackman_4ms,12.818763218537612,51.50996013176928,4.540555219386577,9.155607885456327,-45.791668154695266,-2.2999999999999474,15.889035679677132,2.400000000000034,rd_cluster_trimmed,53.02375270958328,62.29685987641809,74.44861354139822,20.0,pre4,raw,trackman,18,strongest,hann
-43.69106398222439,-0.3595762825089725,15,trackman_4ms,13.154202884072888,44.04250974924587,2.924942856202469,5.857548437277174,-43.564610170851665,-2.3499999999999446,23.647603842456398,1.5000000000000213,rd_cluster_trimmed,45.11261017085167,55.805682242549395,65.6948967574404,33.333333333333336,pre4,raw,trackman,18,strongest,rect
-34.29664705044498,-0.06825704286518151,18,trackman_4ms,13.070593427144193,47.293301564880665,4.363509593766025,8.102330535285603,-41.99633930929643,3.000000000000128,21.87387111974769,2.350000000000035,rd_cluster_trimmed,46.95595399976356,59.568244997034,67.47293851842494,16.666666666666668,pre4_impact,raw,ops,18,fastest_credible,hann
-39.62235624881341,-0.16593560139142363,18,trackman_4ms,19.39926771757992,41.94918009343769,3.0515948407844995,4.033697231337776,-44.69020366359778,2.9250000000001286,25.45727516819064,1.5000000000000213,rd_cluster_trimmed,47.65470366359778,59.612985518071866,67.4871237170729,38.888888888888886,pre4_impact,raw,ops,18,fastest_credible,rect
-34.610445743992884,0.08138770747535533,18,trackman_4ms,12.119520552072881,61.32021343735073,4.529038045794627,9.15641234622591,-54.28505295645313,2.5500000000001215,19.896685015295283,2.500000000000039,rd_cluster_trimmed,60.23759921880489,69.69211126723172,101.69243273213283,22.22222222222222,pre4_impact,raw,ops,18,prior_weighted,hann
-39.29181003571923,-0.1322942829954127,18,trackman_4ms,13.953323767416006,41.88327782952322,2.889832389788365,4.998615855460439,-46.31171312947623,2.7500000000001243,24.6767675741381,1.5250000000000252,rd_cluster_trimmed,49.06371312947623,57.82274571107967,66.4309132642209,33.333333333333336,pre4_impact,raw,ops,18,prior_weighted,rect
-35.12833096304732,0.006750629362248928,18,trackman_4ms,14.018923237401403,48.124985477483,4.363509593766025,8.244784819836234,-43.32317726620914,3.000000000000128,22.473180942259063,2.350000000000035,rd_cluster_trimmed,48.66283423938283,61.43985961158173,74.99851392215118,22.22222222222222,pre4_impact,raw,ops,18,strongest,hann
-41.485407582205205,-0.1506700156318827,18,trackman_4ms,14.550616797640119,43.81223142682948,3.048357078183945,4.203762025996404,-44.69020366359778,2.9250000000001286,25.45727516819064,1.5000000000000213,rd_cluster_trimmed,47.65470366359778,59.612985518071866,67.4871237170729,38.888888888888886,pre4_impact,raw,ops,18,strongest,rect
-30.881511196474207,0.0004978807763044263,18,trackman_4ms,17.628621862965602,43.85119566710154,4.02827053219322,7.637697503595943,-34.185992202156136,1.025000000000098,15.758776470817011,2.400000000000034,rd_cluster_trimmed,37.1745128289659,59.55715470359786,67.76293426693177,27.77777777777778,pre4_impact,raw,track,18,fastest_credible,hann
-37.33348144817053,-0.05147561682830523,18,trackman_4ms,20.47925723035457,39.034724412166355,3.320823818648332,5.761845179267144,-37.150391526568605,1.2062635987927948,21.619754072615027,1.5000000000000213,rd_cluster_trimmed,38.5408915265686,52.80462730886386,65.36261204059758,27.77777777777778,pre4_impact,raw,track,18,fastest_credible,rect
-41.900222110766386,0.07710703528428971,18,trackman_4ms,19.014505380754827,42.95940630941838,4.563138319808511,10.461972420090593,-42.63532895859944,0.9250000000001002,15.15721212657925,2.475000000000035,rd_cluster_trimmed,46.13832895859944,60.84848397746998,71.45775255231,16.666666666666668,pre4_impact,raw,track,18,prior_weighted,hann
-46.269912071829054,-0.3177421067326185,18,trackman_4ms,15.439613234558909,48.63596617685439,4.101766245523842,2.9273712411464423,-47.48494027925352,0.9500000000000988,21.375991881100923,1.5250000000000217,rd_cluster_trimmed,50.131730910624576,63.08304879276811,75.94790065153106,55.55555555555556,pre4_impact,raw,track,18,prior_weighted,rect
-30.37574272564909,0.2206709837455276,18,trackman_4ms,17.45171263838745,48.87194579610305,4.5938359142479275,7.637697503595943,-39.918184083609056,1.025000000000098,15.758776470817011,2.400000000000034,rd_cluster_trimmed,48.89772727706327,61.488281293337494,75.18732893995343,22.22222222222222,pre4_impact,raw,track,18,strongest,hann
-45.46135016456023,-0.30492113195064513,18,trackman_4ms,18.207835982309938,47.66796411742303,3.6936653691904757,4.712855993033866,-45.6576413982237,1.000000000000096,21.619754072615027,1.5000000000000213,rd_cluster_trimmed,48.03145494365997,63.45122089211155,78.67355523110952,38.888888888888886,pre4_impact,raw,track,18,strongest,rect
-31.53350927604116,-0.07053719003382261,15,trackman_4ms,19.274583767286515,47.144345277109004,4.170350573457924,7.06077194729692,-36.67031299935781,-2.2999999999999474,15.889035679677132,2.400000000000034,rd_cluster_trimmed,45.83162164556832,60.85088194321958,70.08607402469819,33.333333333333336,pre4_impact,raw,trackman,18,fastest_credible,hann
-39.84824692358859,-0.19138777135457877,15,trackman_4ms,16.45042211097332,41.57711318714491,3.549695313933612,4.325373326928975,-43.57072681878672,-2.2999999999999474,23.647603842456398,1.5000000000000213,rd_cluster_trimmed,46.89972681878672,55.805682242549395,65.6948967574404,33.333333333333336,pre4_impact,raw,trackman,18,fastest_credible,rect
-23.315004455299956,-0.22415271225246128,15,trackman_4ms,21.191834476458013,52.92408638194796,4.423159062775352,10.110085871713594,-34.6507631433158,-1.949999999999939,15.681530641766237,2.5000000000000355,rd_cluster_trimmed,53.781396188538,63.87477855334605,93.76413931824327,33.333333333333336,pre4_impact,raw,trackman,18,prior_weighted,hann
-31.94755501244875,0.2600020150646311,15,trackman_4ms,16.394772179658865,37.13925527996983,3.30230199095802,4.0811419714357555,-37.797650666433,-2.199999999999946,22.702661470114563,1.5000000000000213,rd_cluster_trimmed,39.030650666433,53.91166054302869,58.48430854892289,33.333333333333336,pre4_impact,raw,trackman,18,prior_weighted,rect
-34.14634666255952,0.040737455853370984,15,trackman_4ms,14.785373754425606,49.757182663627376,4.540555219386577,7.06077194729692,-42.50262164556832,-2.2999999999999474,15.889035679677132,2.400000000000034,rd_cluster_trimmed,53.02375270958328,62.29685987641809,74.44861354139822,33.333333333333336,pre4_impact,raw,trackman,18,strongest,hann
-42.07489358108174,-0.19178635586424078,15,trackman_4ms,13.148086236137836,43.80375984463806,3.1414586896916137,2.7353962178249844,-43.57072681878672,-2.2999999999999474,23.647603842456398,1.5000000000000213,rd_cluster_trimmed,46.89972681878672,55.805682242549395,65.6948967574404,53.333333333333336,pre4_impact,raw,trackman,18,strongest,rect
-33.37798215429572,0.027233002413947854,18,trackman_4ms,13.035431498282296,48.91654241094264,3.5133577246900076,9.942745808432816,-41.37077368092004,3.000000000000128,21.87387111974769,2.3500000000000334,rd_peak,46.38128774056787,60.04441756464318,68.67914652211287,27.77777777777778,pre4,raw,ops,18,fastest_credible,hann
-41.785883778628474,0.051924187542675894,18,trackman_4ms,18.45602426407467,42.571572351062656,2.964672103785408,6.017615745662873,-37.375660145994544,2.9250000000001286,28.023797192091045,1.475000000000021,rd_peak,40.41266014599455,61.11565895391099,72.3134491591225,27.77777777777778,pre4,raw,ops,18,fastest_credible,rect
-39.69213412812617,0.11064482481019088,18,trackman_4ms,13.434860822123817,53.91983896813354,5.4486066632267445,12.648415520022173,-51.875898700672465,2.5500000000001215,19.896685015295283,2.5000000000000355,rd_peak,58.08239416822363,67.26556706672766,75.30280429820971,5.555555555555555,pre4,raw,ops,18,prior_weighted,hann
-50.95810000985924,-0.08461156674184876,18,trackman_4ms,9.779702135826192,50.95810000985924,2.7992575992824267,11.258621606480315,-44.37114372256201,2.7500000000001243,27.077297095050174,1.5250000000000252,rd_peak,48.09164372256201,61.5229529894327,76.01681726204042,33.333333333333336,pre4,raw,ops,18,prior_weighted,rect
-34.36325362041063,0.0873142709694488,18,trackman_4ms,15.062299840862249,49.90181387705755,3.8566557563370916,7.813732828237539,-41.37077368092004,3.000000000000128,22.473180942259063,2.3500000000000334,rd_peak,50.01777814978561,64.00316869442112,74.31068129299416,27.77777777777778,pre4,raw,ops,18,strongest,hann
-44.43185414900642,0.06889190367267285,18,trackman_4ms,14.028643730056363,44.43185414900642,2.7653477900495886,4.845756773408244,-37.375660145994544,2.9250000000001286,28.023797192091045,1.475000000000021,rd_peak,40.41266014599455,61.11565895391099,72.3134491591225,33.333333333333336,pre4,raw,ops,18,strongest,rect
-31.698060917512894,0.10818082276044796,18,trackman_4ms,17.1617268845521,45.69645895705885,3.464877875743864,9.961545724731515,-35.90162048091325,1.0000000000000995,15.770572807990144,2.3500000000000334,rd_peak,45.20336277094128,60.08044711792953,68.64674637033973,22.22222222222222,pre4,raw,track,18,fastest_credible,hann
-42.64408592401833,0.09540702746285512,18,trackman_4ms,18.60641625451503,42.64408592401833,2.8462510916744628,6.49350154189446,-38.392856793766946,1.1812635987927962,22.419450758574044,1.5000000000000213,rd_peak,40.04904862497705,59.59891776572242,72.38401084669283,27.77777777777778,pre4,raw,track,18,fastest_credible,rect
-33.40477156730808,0.2123706938296482,18,trackman_4ms,17.695265233950394,48.75611777369782,3.85027718121212,9.614818288262757,-40.238155479224254,0.900000000000098,15.45053269343212,2.475000000000035,rd_peak,45.88116103672456,64.0166145189013,75.0820303883219,16.666666666666668,pre4,raw,track,18,prior_weighted,hann
-52.38665132486301,-0.3398178949955726,18,trackman_4ms,15.442065697075101,52.38665132486301,3.0875393713461348,3.876947576062795,-41.19423945768918,0.9500000000000988,22.382269783785475,1.5250000000000217,rd_peak,43.268239457689184,62.52967241757037,76.58402728320155,33.333333333333336,pre4,raw,track,18,prior_weighted,rect
-30.666242333104055,0.2808629856459217,18,trackman_4ms,16.604405870221456,49.7533886588849,3.8393907139044314,7.729412131189973,-40.70224465380028,1.0000000000000995,15.770572807990144,2.3500000000000334,rd_peak,49.8928867843612,64.03774921691577,74.35210210620689,27.77777777777778,pre4,raw,track,18,strongest,hann
-50.83666815083484,-0.29458129193898847,18,trackman_4ms,17.009409584207937,50.83666815083484,3.026107797159553,5.369512066504464,-41.19423945768918,0.9750000000000973,22.419450758574044,1.475000000000021,rd_peak,43.268239457689184,62.1104635525451,75.60428180847235,38.888888888888886,pre4,raw,track,18,strongest,rect
-34.76586830301162,-0.047372731582517265,15,trackman_4ms,16.34447057239428,50.33974514276629,4.138058619688911,10.501409474673181,-46.39102321976204,-2.2999999999999474,15.889035679677132,2.400000000000034,rd_peak,53.71888863243913,63.1464129331043,70.83267797537059,20.0,pre4,raw,trackman,18,fastest_credible,hann
-43.056796047410984,0.009293438993006815,15,trackman_4ms,17.100344638279275,43.999622334332,3.01986690033118,4.250374251028987,-40.10951304540754,-2.2999999999999474,23.647603842456398,1.5000000000000213,rd_peak,41.65751304540754,61.51888577795657,73.75957269058249,40.0,pre4,raw,trackman,18,fastest_credible,rect
-25.002125445491984,-0.1950463565979552,15,trackman_4ms,17.446373190581497,53.31897401357197,4.05420477725414,6.500182523954621,-41.31129235444005,-1.949999999999939,15.681530641766237,2.450000000000035,rd_peak,54.730320418575346,65.29486726744454,91.43434422736951,13.333333333333334,pre4,raw,trackman,18,prior_weighted,hann
-46.33418981976907,-0.07557967836294499,15,trackman_4ms,18.485332008598682,46.33418981976907,3.217242610255865,6.7458486130361734,-38.48589399979289,-2.2499999999999503,22.702661470114563,1.5000000000000213,rd_peak,40.033893999792895,65.97644421289053,72.08977817677348,46.666666666666664,pre4,raw,trackman,18,prior_weighted,rect
-36.76968871085079,0.037528758394579365,15,trackman_4ms,21.43091213174096,52.343565550605454,4.365286142723986,9.266303035541277,-50.38988863243913,-2.2999999999999474,15.889035679677132,2.400000000000034,rd_peak,54.978920745517904,65.82060859516037,75.43911790808171,20.0,pre4,raw,trackman,18,strongest,hann
-46.267559993208046,-0.022471898952057173,15,trackman_4ms,15.386810978704325,46.267559993208046,2.8518853678050284,4.230605387506046,-39.43928703689115,-2.3499999999999446,23.647603842456398,1.5000000000000213,rd_peak,40.98728703689115,61.51888577795657,73.75957269058249,46.666666666666664,pre4,raw,trackman,18,strongest,rect
-38.660917729968105,-0.0701260110447127,18,trackman_4ms,14.418146862790778,50.129042675142856,4.511995311634635,9.942745808432816,-41.37077368092004,3.000000000000128,21.87387111974769,2.350000000000035,rd_peak,46.38128774056787,64.00316869442112,80.26746788049398,33.333333333333336,pre4_impact,raw,ops,18,fastest_credible,hann
-43.80814892591504,-0.014969898711455243,18,trackman_4ms,15.496524436532976,46.40804781445829,4.083290585744441,7.013933407032711,-42.79724601326684,2.9250000000001286,25.45727516819064,1.5000000000000213,rd_peak,46.669746013266845,61.804143313373565,72.3134491591225,27.77777777777778,pre4_impact,raw,ops,18,fastest_credible,rect
-47.17086867021875,-0.041427697382643645,18,trackman_4ms,13.22824714258806,58.880322287031476,5.753940162739934,9.317767165564373,-53.65047227556453,2.5500000000001215,19.896685015295283,2.500000000000039,rd_peak,60.5404677431157,68.6967636308934,84.56422012644641,16.666666666666668,pre4_impact,raw,ops,18,prior_weighted,hann
-51.67108735737086,-0.10188806654092669,18,trackman_4ms,15.873706405207091,54.64141690982457,3.618318636218876,8.325777907809861,-51.35606345506116,2.7500000000001243,24.6767675741381,1.5250000000000252,rd_peak,53.58206345506116,71.22143777891671,76.93911540100407,33.333333333333336,pre4_impact,raw,ops,18,prior_weighted,rect
-39.646189196083014,-0.0061955715407071635,18,trackman_4ms,16.840524243587414,51.114314141257765,5.081057846825429,6.098551980572136,-41.37077368092004,3.000000000000128,22.473180942259063,2.350000000000035,rd_peak,50.01777814978561,66.22959008180442,82.60300178551208,33.333333333333336,pre4_impact,raw,ops,18,strongest,hann
-45.57118359760662,-0.01345125347338325,18,trackman_4ms,14.555095438030094,48.17108248614987,3.4092906040973077,5.596042538767513,-42.79724601326684,2.9250000000001286,25.45727516819064,1.5000000000000213,rd_peak,46.669746013266845,61.804143313373565,72.3134491591225,27.77777777777778,pre4_impact,raw,ops,18,strongest,rect
-36.72794871893071,0.00981619437151462,18,trackman_4ms,16.834228962205174,48.18503304681108,4.8050924002288,7.811152854728867,-35.90162048091325,1.025000000000098,15.758776470817011,2.400000000000034,rd_peak,45.20336277094128,64.03774921691577,80.30481343116998,27.77777777777778,pre4_impact,raw,track,18,fastest_credible,hann
-40.88666940902715,0.06236281675832319,18,trackman_4ms,15.394142433174714,43.56461429718589,3.7461035941548033,6.69188303068172,-42.9708998723332,1.2062635987927948,21.619754072615027,1.5000000000000213,rd_peak,45.7028998723332,60.05816406656015,72.38401084669283,16.666666666666668,pre4_impact,raw,track,18,fastest_credible,rect
-37.173790517367536,0.12020810029179198,18,trackman_4ms,19.40254236713433,49.535884841432065,5.399151477325725,11.840443033925844,-40.238155479224254,0.9250000000001002,15.15721212657925,2.475000000000035,rd_peak,48.46009098143094,66.80299541647531,82.90692288594992,16.666666666666668,pre4_impact,raw,track,18,prior_weighted,hann
-51.80169356119783,-0.2690806752020884,18,trackman_4ms,18.646398016206415,54.48031260034874,4.106794539931521,4.384293166095144,-52.50631663433366,0.9500000000000988,21.375991881100923,1.5250000000000217,rd_peak,55.55184667387873,62.52967241757037,76.58402728320155,33.333333333333336,pre4_impact,raw,track,18,prior_weighted,rect
-35.69613013452187,0.19221368082525897,18,trackman_4ms,16.604405870221456,52.24196274863713,4.971366536104781,5.667360287319852,-40.70224465380028,1.025000000000098,15.758776470817011,2.400000000000034,rd_peak,49.8928867843612,66.18385788324052,82.60615705446715,33.333333333333336,pre4_impact,raw,track,18,strongest,hann
-50.883373093902506,-0.2820921743079499,18,trackman_4ms,16.20326565813903,53.56131798206124,3.8781279108710285,6.153077668846128,-48.80611933476541,1.000000000000096,21.619754072615027,1.5000000000000213,rd_peak,52.21611933476541,62.1104635525451,75.60428180847235,33.333333333333336,pre4_impact,raw,track,18,strongest,rect
-39.31954283138621,-0.14664695166085884,15,trackman_4ms,16.73892861182131,53.111880336173925,4.775310309857441,10.501409474673181,-46.39102321976204,-2.2999999999999474,15.889035679677132,2.400000000000034,rd_peak,53.71888863243913,65.82060859516037,87.30213041328471,20.0,pre4_impact,raw,trackman,18,fastest_credible,hann
-41.67527558224792,0.09465582418260754,15,trackman_4ms,18.974710896165597,44.90350115524815,3.889489104857358,6.628821230093365,-40.10951304540754,-2.2999999999999474,23.647603842456398,1.5000000000000213,rd_peak,41.65751304540754,61.51888577795657,73.75957269058249,33.333333333333336,pre4_impact,raw,trackman,18,fastest_credible,rect
-21.99686670052238,-0.17483902445889263,15,trackman_4ms,26.231646207663015,51.92162124556533,4.524122839039774,6.490173000207378,-29.201033589033745,-1.949999999999939,15.681530641766237,2.5000000000000355,rd_peak,46.74924307321133,65.29486726744454,91.43434422736951,20.0,pre4_impact,raw,trackman,18,prior_weighted,hann
-44.21869926838589,0.04484337449307475,15,trackman_4ms,19.205053869741622,47.20691097170991,3.384478539339732,6.7458486130361734,-38.48589399979289,-2.199999999999946,22.702661470114563,1.5000000000000213,rd_peak,40.033893999792895,65.97644421289053,72.08977817677348,40.0,pre4_impact,raw,trackman,18,prior_weighted,rect
-41.32336323922537,-0.061022699716360186,15,trackman_4ms,21.43091213174096,55.11570074401309,5.399146337228616,9.266303035541277,-50.38988863243913,-2.2999999999999474,15.889035679677132,2.400000000000034,rd_peak,57.31465303058019,70.1641472781682,88.59034184255246,20.0,pre4_impact,raw,trackman,18,strongest,hann
-43.82651668962134,0.0840836899843524,15,trackman_4ms,15.386810978704325,47.054742262621566,3.2794475605188067,4.648939948178217,-39.43928703689115,-2.2999999999999474,23.647603842456398,1.5000000000000213,rd_peak,40.98728703689115,61.51888577795657,73.75957269058249,40.0,pre4_impact,raw,trackman,18,strongest,rect
,,16,home_2ms,24.958055541132964,,1.7353115263549184,32.44150347329128,0.3501202678843023,-1.5999999999999375,5.501914124044331,3.0750000000000437,rd_cluster,,,,0.0,pre4,mti,ops,16,fastest_credible,hann
,,16,home_2ms,21.254847061759136,,1.7234133714304376,21.562697212800664,-1.2925444343234291,-1.249999999999929,7.500172510189614,2.0000000000000284,rd_cluster,,,,12.5,pre4,mti,ops,16,fastest_credible,rect
,,16,home_2ms,16.069303204310298,,1.2329659253088803,26.89550730712199,1.1906175612820502,-0.9249999999999297,4.493113585839082,3.4750000000000485,rd_cluster,,,,6.25,pre4,mti,ops,16,prior_weighted,hann
,,16,home_2ms,13.13820599417619,,2.4649733559183904,16.014493610406863,6.566173672082003,-1.0499999999999297,6.301120214794138,2.5750000000000366,rd_cluster,,,,6.25,pre4,mti,ops,16,prior_weighted,rect
,,16,home_2ms,22.565396651901583,,1.715404946783687,31.232556047192368,1.8199243787099744,-1.5999999999999375,5.518427309847061,3.0750000000000437,rd_cluster,,,,12.5,pre4,mti,ops,16,strongest,hann
,,16,home_2ms,19.480137192848524,,2.6512147820153436,22.2203007863941,3.4548902623722695,-1.5749999999999353,7.941106090415707,1.8750000000000266,rd_cluster,,,,12.5,pre4,mti,ops,16,strongest,rect
,,16,home_2ms,12.204123899381273,,1.6849589921342663,32.5858727440276,6.632386007733622,-2.8999999999999524,6.708175704236094,3.0000000000000426,rd_cluster,,,,12.5,pre4,mti,ops_plus3,16,fastest_credible,hann
,,16,home_2ms,18.36937912358347,,1.8095189344946714,5.921484026498924,3.7756168675136523,-2.699999999999953,6.93029966194908,2.0750000000000295,rd_cluster,,,,25.0,pre4,mti,ops_plus3,16,fastest_credible,rect
,,16,home_2ms,17.24076964789986,,1.484480864788873,14.229593619580514,4.961369097756421,-1.6749999999999403,4.881092583404371,3.450000000000049,rd_cluster,,,,12.5,pre4,mti,ops_plus3,16,prior_weighted,hann
,,16,home_2ms,18.933158053831605,,0.9900184464714943,37.31194691115955,0.0651035489366405,-1.5749999999999353,6.64276651943006,2.4250000000000345,rd_cluster,,,,6.25,pre4,mti,ops_plus3,16,prior_weighted,rect
,,16,home_2ms,16.029672124249707,,1.6568626899017307,31.502224683922186,-0.7632530246124355,-2.8999999999999524,6.708175704236094,3.0000000000000426,rd_cluster,,,,12.5,pre4,mti,ops_plus3,16,strongest,hann
,,16,home_2ms,25.59116132591967,,2.3568167256566466,18.77784307596546,-8.110071175540694,-2.9499999999999567,6.939235852857518,2.1500000000000306,rd_cluster,,,,12.5,pre4,mti,ops_plus3,16,strongest,rect
,,16,home_2ms,19.610722779878685,,1.4729243663824199,34.688629191111275,0.8175516849766455,1.8250000000001094,4.120244902185382,3.2000000000000455,rd_cluster,,,,12.5,pre4,mti,track,16,fastest_credible,hann
,,16,home_2ms,18.5667741290628,,1.773327165472518,16.30661317997274,3.1631250565835796,1.8250000000001094,5.607430993620432,2.0750000000000295,rd_cluster,,,,31.25,pre4,mti,track,16,fastest_credible,rect
,,16,home_2ms,12.0523979274147,,1.524207037302233,11.271701577228217,10.391260109719646,0.6500000000000963,3.644785834032282,3.6250000000000515,rd_cluster,,,,12.5,pre4,mti,track,16,prior_weighted,hann
,,16,home_2ms,15.794970225054762,,1.5344457186886127,25.909011823855884,2.922309771923219,1.084225356616134,5.50696183210908,1.900000000000027,rd_cluster,,,,6.25,pre4,mti,track,16,prior_weighted,rect
,,16,home_2ms,17.13502542928525,,1.7309460373786298,30.00390670881464,3.2932490355700805,1.5250000000001052,4.120244902185382,3.300000000000048,rd_cluster,,,,12.5,pre4,mti,track,16,strongest,hann
,,16,home_2ms,19.311843769261124,,2.578179842366521,22.589175648579506,4.527194200188251,1.7750000000001087,5.829399081355342,1.975000000000028,rd_cluster,,,,12.5,pre4,mti,track,16,strongest,rect
,,16,home_2ms,10.25973317079206,,1.8074476792081982,18.708768734111864,2.8846737047934567,-1.0999999999999304,6.364419884306678,2.900000000000041,rd_cluster,,,,18.75,pre4_impact,mti,ops,16,fastest_credible,hann
,,16,home_2ms,21.254847061759136,,1.7348112887180198,16.171379512756623,0.16356561485318988,-0.9499999999999282,7.997740903761251,1.9250000000000274,rd_cluster,,,,18.75,pre4_impact,mti,ops,16,fastest_credible,rect
,,16,home_2ms,13.292233066636657,,1.5336287091147756,15.977942448223942,2.3899679651185437,-0.7499999999999254,4.484208404638989,3.3250000000000455,rd_cluster,,,,6.25,pre4_impact,mti,ops,16,prior_weighted,hann
,,16,home_2ms,17.53605941835814,,2.4645926983410615,17.907677782956835,-0.26044107779526193,-0.999999999999929,6.301120214794138,2.400000000000034,rd_cluster,,,,6.25,pre4_impact,mti,ops,16,prior_weighted,rect
,,16,home_2ms,10.5619726281603,,1.7306013229847763,13.628590357836899,1.6035600898050408,-1.0999999999999304,6.364419884306678,2.900000000000041,rd_cluster,,,,31.25,pre4_impact,mti,ops,16,strongest,hann
,,16,home_2ms,30.295043219480675,,3.1320421501318867,19.905756152188168,-4.367027327832421,-1.2999999999999332,8.596348271520322,1.825000000000026,rd_cluster,,,,18.75,pre4_impact,mti,ops,16,strongest,rect
,,16,home_2ms,8.519059662229068,,1.9371971132794314,12.784609194847,3.718081576901523,-2.4499999999999496,6.4601660906962985,2.80000000000004,rd_cluster,,,,25.0,pre4_impact,mti,ops_plus3,16,fastest_credible,hann
,,16,home_2ms,19.93869683792778,,2.138408028664255,10.991666020286718,3.031204554516399,-2.549999999999951,7.417140058408723,1.900000000000027,rd_cluster,,,,12.5,pre4_impact,mti,ops_plus3,16,fastest_credible,rect
,,16,home_2ms,14.600918528885268,,1.8877342028966533,10.538624924368746,0.8202435869733706,-1.4499999999999353,5.133823364815668,3.100000000000044,rd_cluster,,,,6.25,pre4_impact,mti,ops_plus3,16,prior_weighted,hann
,,16,home_2ms,17.326303420089218,,2.586811983266407,33.34592116959996,0.19999930312098657,-1.5749999999999353,6.888021936019739,2.325000000000032,rd_cluster,,,,0.0,pre4_impact,mti,ops_plus3,16,prior_weighted,rect
,,16,home_2ms,9.237012620669098,,1.8223409165478803,18.19912914762038,-0.7632530246124355,-2.4499999999999496,6.4601660906962985,2.80000000000004,rd_cluster,,,,31.25,pre4_impact,mti,ops_plus3,16,strongest,hann
,,16,home_2ms,26.602354372634863,,2.5257444050048816,10.99612426224963,-3.9395724181861143,-2.699999999999953,7.417140058408723,2.10000000000003,rd_cluster,,,,31.25,pre4_impact,mti,ops_plus3,16,strongest,rect
,,16,home_2ms,10.362768241498088,,1.4557549866150894,21.54440107952261,2.3456558245089596,1.8500000000001116,4.1529671170795455,3.1000000000000467,rd_cluster,,,,25.0,pre4_impact,mti,track,16,fastest_credible,hann
,,16,home_2ms,20.11962215372928,,1.9752647362062992,18.463814100670955,2.820649088655776,2.0500000000001144,5.717480583255307,1.9000000000000252,rd_cluster,,,,18.75,pre4_impact,mti,track,16,fastest_credible,rect
,,16,home_2ms,10.938324516435529,,2.1867016994681494,12.606206466410672,3.678408940405329,0.6500000000000963,3.536597971921612,3.4250000000000496,rd_cluster,,,,6.25,pre4_impact,mti,track,16,prior_weighted,hann
,,16,home_2ms,21.66535208274297,,2.0194802476353013,23.075130081445153,-3.824909516123439,1.2565492867680348,5.50696183210908,1.9250000000000274,rd_cluster,,,,12.5,pre4_impact,mti,track,16,prior_weighted,rect
,,16,home_2ms,9.69266539696467,,1.8348424987238445,14.67973529810099,4.263932985855108,1.5250000000001052,4.1529671170795455,3.125000000000047,rd_cluster,,,,31.25,pre4_impact,mti,track,16,strongest,hann
,,16,home_2ms,27.05410394450339,,2.783611194629889,20.24124615550927,0.579655887161739,1.8250000000001094,5.728792904762687,1.9750000000000263,rd_cluster,,,,25.0,pre4_impact,mti,track,16,strongest,rect
,,16,home_2ms,24.148821305876954,,1.7075863423456,34.76616919596631,-4.272575098349456,-1.5999999999999375,5.501914124044331,3.0750000000000437,rd_cluster_median,,,,0.0,pre4,mti,ops,16,fastest_credible,hann
,,16,home_2ms,19.173264863078273,,2.0315205385241297,27.255288145239803,-3.310270284147663,-1.249999999999929,7.500172510189614,2.0000000000000284,rd_cluster_median,,,,12.5,pre4,mti,ops,16,fastest_credible,rect
,,16,home_2ms,12.147599255854892,,1.285045434590874,21.708357062145886,6.502422396869158,-0.9249999999999297,4.493113585839082,3.4750000000000485,rd_cluster_median,,,,12.5,pre4,mti,ops,16,prior_weighted,hann
,,16,home_2ms,15.093989583916592,,2.412091203681682,27.671379382087096,5.92537335027267,-1.0499999999999297,6.301120214794138,2.5750000000000366,rd_cluster_median,,,,6.25,pre4,mti,ops,16,prior_weighted,rect
,,16,home_2ms,22.407782501608885,,1.7843813947602194,31.71820602296508,3.070246088916369,-1.5999999999999375,5.518427309847061,3.0750000000000437,rd_cluster_median,,,,6.25,pre4,mti,ops,16,strongest,hann
,,16,home_2ms,30.640725782331188,,3.0559792742574174,37.338408470526026,-1.4011145284238014,-1.5749999999999353,7.941106090415707,1.8750000000000266,rd_cluster_median,,,,6.25,pre4,mti,ops,16,strongest,rect
,,16,home_2ms,15.938790258584882,,1.5197604121053963,32.349091359951274,-5.206034679887338,-2.8999999999999524,6.708175704236094,3.0000000000000426,rd_cluster_median,,,,0.0,pre4,mti,ops_plus3,16,fastest_credible,hann
,,16,home_2ms,21.555451416698077,,1.9093076184193323,21.92358990504917,3.767752568193267,-2.699999999999953,6.93029966194908,2.0750000000000295,rd_cluster_median,,,,6.25,pre4,mti,ops_plus3,16,fastest_credible,rect
,,16,home_2ms,20.19099557304318,,1.9975719664711336,15.040592153330804,5.587537686993427,-1.6749999999999403,4.881092583404371,3.450000000000049,rd_cluster_median,,,,12.5,pre4,mti,ops_plus3,16,prior_weighted,hann
,,16,home_2ms,17.260061114121427,,1.2651082940275193,31.600936401563125,-1.4882057590354307,-1.5749999999999353,6.64276651943006,2.4250000000000345,rd_cluster_median,,,,0.0,pre4,mti,ops_plus3,16,prior_weighted,rect
,,16,home_2ms,16.68401836795481,,1.5197604121053963,22.426218972451707,-0.6179896568813326,-2.8999999999999524,6.708175704236094,3.0000000000000426,rd_cluster_median,,,,18.75,pre4,mti,ops_plus3,16,strongest,hann
,,16,home_2ms,29.532129249093195,,3.2974204116060495,28.020908981911063,-20.94800858322328,-2.9499999999999567,6.939235852857518,2.1500000000000306,rd_cluster_median,,,,6.25,pre4,mti,ops_plus3,16,strongest,rect
,,16,home_2ms,23.206114413006553,,1.6693320047980045,33.277043105583694,-0.6802725705202604,1.8250000000001094,4.120244902185382,3.2000000000000455,rd_cluster_median,,,,0.0,pre4,mti,track,16,fastest_credible,hann
,,16,home_2ms,18.885703466163143,,1.6990919351072202,21.74090983880811,-5.24193529556835,1.8250000000001094,5.607430993620432,2.0750000000000295,rd_cluster_median,,,,12.5,pre4,mti,track,16,fastest_credible,rect
,,16,home_2ms,22.842847483508116,,2.1126630105021236,18.368566141191003,11.382114010678738,0.6500000000000963,3.644785834032282,3.6250000000000515,rd_cluster_median,,,,6.25,pre4,mti,track,16,prior_weighted,hann
,,16,home_2ms,24.40987334771285,,2.2801972771012533,28.634295353942807,3.1622958009573088,1.084225356616134,5.50696183210908,1.900000000000027,rd_cluster_median,,,,0.0,pre4,mti,track,16,prior_weighted,rect
,,16,home_2ms,18.521630780628698,,1.7391276432783918,28.30633615405017,5.543668172762054,1.5250000000001052,4.120244902185382,3.300000000000048,rd_cluster_median,,,,6.25,pre4,mti,track,16,strongest,hann
,,16,home_2ms,33.005306177889075,,3.2090779784458254,30.313534901997734,-9.494260187216248,1.7750000000001087,5.829399081355342,1.975000000000028,rd_cluster_median,,,,6.25,pre4,mti,track,16,strongest,rect
,,16,home_2ms,15.867389663603317,,1.6175961278284823,33.24721782380058,0.1141309260453729,-1.0999999999999304,6.364419884306678,2.900000000000041,rd_cluster_median,,,,6.25,pre4_impact,mti,ops,16,fastest_credible,hann
,,16,home_2ms,20.33506304708277,,2.608612258180286,18.883684753419736,-1.5740024286583187,-0.9499999999999282,7.997740903761251,1.9250000000000274,rd_cluster_median,,,,6.25,pre4_impact,mti,ops,16,fastest_credible,rect
,,16,home_2ms,9.662975067202147,,1.4727778771819517,21.141613826607777,6.581235835897507,-0.7499999999999254,4.484208404638989,3.3250000000000455,rd_cluster_median,,,,25.0,pre4_impact,mti,ops,16,prior_weighted,hann
,,16,home_2ms,16.34712709198669,,3.127752332374341,27.671379382087096,2.590086892818198,-0.999999999999929,6.301120214794138,2.400000000000034,rd_cluster_median,,,,6.25,pre4_impact,mti,ops,16,prior_weighted,rect
,,16,home_2ms,22.15961700818003,,1.7755527338423271,30.32866028383892,6.014742610821927,-1.0999999999999304,6.364419884306678,2.900000000000041,rd_cluster_median,,,,6.25,pre4_impact,mti,ops,16,strongest,hann
,,16,home_2ms,35.565667981471464,,3.615810372393807,41.418168767780436,-6.073147066316707,-1.2999999999999332,8.596348271520322,1.825000000000026,rd_cluster_median,,,,6.25,pre4_impact,mti,ops,16,strongest,rect
,,16,home_2ms,11.469788496786848,,1.9251728001547141,25.907977376449228,-4.353615347965777,-2.4499999999999496,6.4601660906962985,2.80000000000004,rd_cluster_median,,,,6.25,pre4_impact,mti,ops_plus3,16,fastest_credible,hann
,,16,home_2ms,15.104563122198082,,2.5004656926222637,21.957257486602156,3.767752568193267,-2.549999999999951,7.417140058408723,1.900000000000027,rd_cluster_median,,,,12.5,pre4_impact,mti,ops_plus3,16,fastest_credible,rect
,,16,home_2ms,12.757209967134603,,2.308541530575285,27.221598991716306,0.40261246136535356,-1.4499999999999353,5.133823364815668,3.100000000000044,rd_cluster_median,,,,25.0,pre4_impact,mti,ops_plus3,16,prior_weighted,hann
,,16,home_2ms,21.92537986506626,,3.226747262800859,35.43141957901692,-4.4072125178322015,-1.5749999999999353,6.888021936019739,2.325000000000032,rd_cluster_median,,,,6.25,pre4_impact,mti,ops_plus3,16,prior_weighted,rect
,,16,home_2ms,14.3978541860609,,1.747835986355537,21.298969758220853,-0.44503168740677657,-2.4499999999999496,6.4601660906962985,2.80000000000004,rd_cluster_median,,,,12.5,pre4_impact,mti,ops_plus3,16,strongest,hann
,,16,home_2ms,36.461302447672196,,3.1669687104405586,18.379433627662095,-5.076328967352092,-2.699999999999953,7.417140058408723,2.10000000000003,rd_cluster_median,,,,25.0,pre4_impact,mti,ops_plus3,16,strongest,rect
,,16,home_2ms,15.21678793812047,,1.8173841934220574,25.663984876604555,4.038705610988748,1.8500000000001116,4.1529671170795455,3.1000000000000467,rd_cluster_median,,,,6.25,pre4_impact,mti,track,16,fastest_credible,hann
,,16,home_2ms,21.136905611498516,,2.2158091727168214,18.204682080430544,-1.8462374434411473,2.0500000000001144,5.717480583255307,1.9000000000000252,rd_cluster_median,,,,12.5,pre4_impact,mti,track,16,fastest_credible,rect
,,16,home_2ms,23.895185136551305,,2.4301920607539946,25.41371699020029,-0.08965721717681219,0.6500000000000963,3.536597971921612,3.4250000000000496,rd_cluster_median,,,,0.0,pre4_impact,mti,track,16,prior_weighted,hann
,,16,home_2ms,21.146822165209485,,2.84130958227243,28.204520989331364,-2.356240093444661,1.2565492867680348,5.50696183210908,1.9250000000000274,rd_cluster_median,,,,0.0,pre4_impact,mti,track,16,prior_weighted,rect
,,16,home_2ms,15.677757186562523,,1.9844154267337353,24.57213829238768,8.656580787654073,1.5250000000001052,4.1529671170795455,3.125000000000047,rd_cluster_median,,,,6.25,pre4_impact,mti,track,16,strongest,hann
,,16,home_2ms,41.46816324320851,,3.2054224416367463,30.313534901997734,-7.342833922674268,1.8250000000001094,5.728792904762687,1.9750000000000263,rd_cluster_median,,,,6.25,pre4_impact,mti,track,16,strongest,rect
,,16,home_2ms,21.33472822482797,,1.415672425855361,27.607084815254414,6.174367563160612,-1.5999999999999375,5.501914124044331,3.0750000000000437,rd_cluster_trimmed,,,,0.0,pre4,mti,ops,16,fastest_credible,hann
,,16,home_2ms,20.83114815902527,,1.6474580817563245,20.353033854007368,-1.2742899853691219,-1.249999999999929,7.500172510189614,2.0000000000000284,rd_cluster_trimmed,,,,6.25,pre4,mti,ops,16,fastest_credible,rect
,,16,home_2ms,18.081869724242836,,1.3170484271191414,28.07731998947729,-1.8466883775237262,-0.9249999999999297,4.493113585839082,3.4750000000000485,rd_cluster_trimmed,,,,6.25,pre4,mti,ops,16,prior_weighted,hann
,,16,home_2ms,13.003782012038961,,2.801204125856466,19.819301134579366,4.950634328700615,-1.0499999999999297,6.301120214794138,2.5750000000000366,rd_cluster_trimmed,,,,6.25,pre4,mti,ops,16,prior_weighted,rect
,,16,home_2ms,18.113526015712235,,1.3554491247789828,26.83763383004958,9.577813752217079,-1.5999999999999375,5.518427309847061,3.0750000000000437,rd_cluster_trimmed,,,,12.5,pre4,mti,ops,16,strongest,hann
,,16,home_2ms,17.695635338462317,,2.6810005161171317,21.33846848859116,3.920383886479186,-1.5749999999999353,7.941106090415707,1.8750000000000266,rd_cluster_trimmed,,,,6.25,pre4,mti,ops,16,strongest,rect
,,16,home_2ms,16.10181800535353,,1.5448658569830853,26.519534326974036,12.686930750713007,-2.8999999999999524,6.708175704236094,3.0000000000000426,rd_cluster_trimmed,,,,18.75,pre4,mti,ops_plus3,16,fastest_credible,hann
,,16,home_2ms,17.994964395667132,,1.8369425969519244,6.039206011508587,3.023062028411001,-2.699999999999953,6.93029966194908,2.0750000000000295,rd_cluster_trimmed,,,,31.25,pre4,mti,ops_plus3,16,fastest_credible,rect
,,16,home_2ms,16.962214938670193,,1.340151534690904,18.326217683146307,7.709051018950042,-1.6749999999999403,4.881092583404371,3.450000000000049,rd_cluster_trimmed,,,,0.0,pre4,mti,ops_plus3,16,prior_weighted,hann
,,16,home_2ms,17.063323060080272,,0.9930624717846721,36.203530705591575,1.198054995747383,-1.5749999999999353,6.64276651943006,2.4250000000000345,rd_cluster_trimmed,,,,6.25,pre4,mti,ops_plus3,16,prior_weighted,rect
,,16,home_2ms,17.072348478139453,,1.548153322137669,27.338985020329943,6.249249916574422,-2.8999999999999524,6.708175704236094,3.0000000000000426,rd_cluster_trimmed,,,,12.5,pre4,mti,ops_plus3,16,strongest,hann
,,16,home_2ms,26.14380072249935,,2.3685925405129007,25.555564594963123,-8.652986740950654,-2.9499999999999567,6.939235852857518,2.1500000000000306,rd_cluster_trimmed,,,,6.25,pre4,mti,ops_plus3,16,strongest,rect
,,16,home_2ms,20.077027011819478,,1.280413570240841,26.86568202683134,0.17248182469871545,1.8250000000001094,4.120244902185382,3.2000000000000455,rd_cluster_trimmed,,,,12.5,pre4,mti,track,16,fastest_credible,hann
,,16,home_2ms,19.225210783620106,,1.800964817190562,14.75145266555868,2.5065830985332136,1.8250000000001094,5.607430993620432,2.0750000000000295,rd_cluster_trimmed,,,,25.0,pre4,mti,track,16,fastest_credible,rect
,,16,home_2ms,16.41074442578377,,1.660331920216819,20.570147447963283,6.247152610496906,0.6500000000000963,3.644785834032282,3.6250000000000515,rd_cluster_trimmed,,,,18.75,pre4,mti,track,16,prior_weighted,hann
,,16,home_2ms,16.422039180836112,,1.5056066480602048,26.21242503984633,2.060891585908693,1.084225356616134,5.50696183210908,1.900000000000027,rd_cluster_trimmed,,,,0.0,pre4,mti,track,16,prior_weighted,rect
,,16,home_2ms,23.31284923760014,,1.6154367065211583,30.96009968652666,2.8634170341046388,1.5250000000001052,4.120244902185382,3.300000000000048,rd_cluster_trimmed,,,,12.5,pre4,mti,track,16,strongest,hann
,,16,home_2ms,19.291473678107216,,2.598996352416624,21.56147936785037,4.171644578040186,1.7750000000001087,5.829399081355342,1.975000000000028,rd_cluster_trimmed,,,,0.0,pre4,mti,track,16,strongest,rect
,,16,home_2ms,10.94973213969558,,1.4581483478262398,19.720194967618024,6.166566852956274,-1.0999999999999304,6.364419884306678,2.900000000000041,rd_cluster_trimmed,,,,18.75,pre4_impact,mti,ops,16,fastest_credible,hann
,,16,home_2ms,20.987479238564216,,1.7965639660404267,16.884629334152688,0.8127798277466054,-0.9499999999999282,7.997740903761251,1.9250000000000274,rd_cluster_trimmed,,,,6.25,pre4_impact,mti,ops,16,fastest_credible,rect
,,16,home_2ms,11.476043196943767,,1.6017683297358518,14.016403517900084,3.212371233807338,-0.7499999999999254,4.484208404638989,3.3250000000000455,rd_cluster_trimmed,,,,0.0,pre4_impact,mti,ops,16,prior_weighted,hann
,,16,home_2ms,21.506224186247092,,2.989870798419255,20.308889062359178,-1.0996178695088517,-0.999999999999929,6.301120214794138,2.400000000000034,rd_cluster_trimmed,,,,6.25,pre4_impact,mti,ops,16,prior_weighted,rect
,,16,home_2ms,10.993483208856787,,1.3979250467498612,18.27377199813548,8.291893315818417,-1.0999999999999304,6.364419884306678,2.900000000000041,rd_cluster_trimmed,,,,31.25,pre4_impact,mti,ops,16,strongest,hann
,,16,home_2ms,29.07870379376702,,3.3327614623595228,15.120906197543636,-2.34471609874655,-1.2999999999999332,8.596348271520322,1.825000000000026,rd_cluster_trimmed,,,,18.75,pre4_impact,mti,ops,16,strongest,rect
,,16,home_2ms,11.339135079170385,,1.7730435191647786,16.140824298665677,6.779119592469302,-2.4499999999999496,6.4601660906962985,2.80000000000004,rd_cluster_trimmed,,,,25.0,pre4_impact,mti,ops_plus3,16,fastest_credible,hann
,,16,home_2ms,20.759016949195445,,2.1658941325717187,9.801330145148958,3.422091025707873,-2.549999999999951,7.417140058408723,1.900000000000027,rd_cluster_trimmed,,,,12.5,pre4_impact,mti,ops_plus3,16,fastest_credible,rect
,,16,home_2ms,11.9560244074212,,1.598469347652911,13.045611284513058,5.6453412485520325,-1.4499999999999353,5.133823364815668,3.100000000000044,rd_cluster_trimmed,,,,6.25,pre4_impact,mti,ops_plus3,16,prior_weighted,hann
,,16,home_2ms,15.854783346251482,,2.706675957201787,32.23503292202733,1.8303336871057954,-1.5749999999999353,6.888021936019739,2.325000000000032,rd_cluster_trimmed,,,,0.0,pre4_impact,mti,ops_plus3,16,prior_weighted,rect
,,16,home_2ms,13.376846155317237,,1.7730435191647786,17.6529923899278,2.748072827268115,-2.4499999999999496,6.4601660906962985,2.80000000000004,rd_cluster_trimmed,,,,25.0,pre4_impact,mti,ops_plus3,16,strongest,hann
,,16,home_2ms,25.1059412855586,,2.565345302591271,9.306537556925068,-2.0651043884924634,-2.699999999999953,7.417140058408723,2.10000000000003,rd_cluster_trimmed,,,,18.75,pre4_impact,mti,ops_plus3,16,strongest,rect
,,16,home_2ms,12.53905980696334,,1.280413570240841,21.728140387586514,1.9106871054624768,1.8500000000001116,4.1529671170795455,3.1000000000000467,rd_cluster_trimmed,,,,25.0,pre4_impact,mti,track,16,fastest_credible,hann
,,16,home_2ms,19.078239845316194,,2.003739915184868,18.956734272971417,3.689653373123023,2.0500000000001144,5.717480583255307,1.9000000000000252,rd_cluster_trimmed,,,,12.5,pre4_impact,mti,track,16,fastest_credible,rect
,,16,home_2ms,16.2812535872308,,2.287083832726307,14.960511548552551,2.973483750073905,0.6500000000000963,3.536597971921612,3.4250000000000496,rd_cluster_trimmed,,,,18.75,pre4_impact,mti,track,16,prior_weighted,hann
,,16,home_2ms,22.0922321867574,,2.024842427945491,23.406876207776058,-3.1440860897396163,1.2565492867680348,5.50696183210908,1.9250000000000274,rd_cluster_trimmed,,,,6.25,pre4_impact,mti,track,16,prior_weighted,rect
,,16,home_2ms,13.45896853111187,,1.781300935442177,18.51107318427362,4.248591981814846,1.5250000000001052,4.1529671170795455,3.125000000000047,rd_cluster_trimmed,,,,25.0,pre4_impact,mti,track,16,strongest,hann
,,16,home_2ms,29.70034618319602,,2.9705741483743235,15.016450327853278,0.3756431314020892,1.8250000000001094,5.728792904762687,1.9750000000000263,rd_cluster_trimmed,,,,18.75,pre4_impact,mti,track,16,strongest,rect
,,16,home_2ms,19.664366293651867,,1.6378283292042504,34.22058486817211,11.099313827276918,-1.5999999999999375,5.501914124044331,3.0750000000000437,rd_peak,,,,6.25,pre4,mti,ops,16,fastest_credible,hann
,,16,home_2ms,19.318195361585442,,1.5645606333957123,21.93486671482397,1.4156212330142806,-1.249999999999929,7.500172510189614,2.0000000000000284,rd_peak,,,,6.25,pre4,mti,ops,16,fastest_credible,rect
,,16,home_2ms,11.521399392976557,,1.4520692084543239,21.37415750481466,16.433328684239072,-0.9249999999999297,4.493113585839082,3.4750000000000485,rd_peak,,,,6.25,pre4,mti,ops,16,prior_weighted,hann
,,16,home_2ms,14.868165895160615,,1.7166405185542333,17.367626632541032,9.952360868724366,-1.0499999999999297,6.301120214794138,2.5750000000000366,rd_peak,,,,6.25,pre4,mti,ops,16,prior_weighted,rect
,,16,home_2ms,21.726770772640755,,1.8450794378264335,31.855364263076755,5.343150533494735,-1.5999999999999375,5.518427309847061,3.0750000000000437,rd_peak,,,,6.25,pre4,mti,ops,16,strongest,hann
,,16,home_2ms,25.85410053209,,3.108266345867379,17.41140469627912,-1.0753152526150798,-1.5749999999999353,7.941106090415707,1.8750000000000266,rd_peak,,,,0.0,pre4,mti,ops,16,strongest,rect
,,16,home_2ms,16.854391699691092,,1.973444010079945,37.82249013964658,13.849525343719058,-2.8999999999999524,6.708175704236094,3.0000000000000426,rd_peak,,,,0.0,pre4,mti,ops_plus3,16,fastest_credible,hann
,,16,home_2ms,24.549369402975692,,1.6762765331182812,12.340896493922305,4.9060549284817085,-2.699999999999953,6.93029966194908,2.0750000000000295,rd_peak,,,,0.0,pre4,mti,ops_plus3,16,fastest_credible,rect
,,16,home_2ms,16.270104042576627,,2.1411751334763194,25.034054763737878,13.144064043159291,-1.6749999999999403,4.881092583404371,3.450000000000049,rd_peak,,,,0.0,pre4,mti,ops_plus3,16,prior_weighted,hann
,,16,home_2ms,14.104364841335261,,1.1698083641383397,37.96614795171778,5.217105769328325,-1.5749999999999353,6.64276651943006,2.4250000000000345,rd_peak,,,,0.0,pre4,mti,ops_plus3,16,prior_weighted,rect
,,16,home_2ms,16.049359900220708,,2.214815601371309,33.56147531839232,1.417871906163533,-2.8999999999999524,6.708175704236094,3.0000000000000426,rd_peak,,,,6.25,pre4,mti,ops_plus3,16,strongest,hann
,,16,home_2ms,35.02279415662424,,3.215264184345968,14.119112731226025,-11.67110636035105,-2.9499999999999567,6.939235852857518,2.1500000000000306,rd_peak,,,,0.0,pre4,mti,ops_plus3,16,strongest,rect
,,16,home_2ms,18.687524717105582,,1.5974870491885507,39.7026567156094,10.372592996538131,1.8250000000001094,4.120244902185382,3.2000000000000455,rd_peak,,,,6.25,pre4,mti,track,16,fastest_credible,hann
,,16,home_2ms,24.08500548051743,,1.707090603311376,16.67745599440195,-2.3763033326946923,1.8250000000001094,5.607430993620432,2.0750000000000295,rd_peak,,,,0.0,pre4,mti,track,16,fastest_credible,rect
,,16,home_2ms,17.917521469543033,,1.9493806484417617,20.025826120252887,11.801543065745035,0.6500000000000963,3.644785834032282,3.6250000000000515,rd_peak,,,,0.0,pre4,mti,track,16,prior_weighted,hann
,,16,home_2ms,22.800679228494587,,1.6516194140693954,41.163634673614865,0.12009109032890895,1.084225356616134,5.50696183210908,1.900000000000027,rd_peak,,,,6.25,pre4,mti,track,16,prior_weighted,rect
,,16,home_2ms,22.220503364790574,,2.2047374175258234,32.21017298119121,-2.71803271738131,1.5250000000001052,4.120244902185382,3.300000000000048,rd_peak,,,,6.25,pre4,mti,track,16,strongest,hann
,,16,home_2ms,31.31709832100111,,3.084438608238262,17.503386166691246,-6.184360476254716,1.7750000000001087,5.829399081355342,1.975000000000028,rd_peak,,,,0.0,pre4,mti,track,16,strongest,rect
,,16,home_2ms,16.13417503191375,,1.6378283292042504,23.882966774625736,9.330070012301194,-1.0999999999999304,6.364419884306678,2.900000000000041,rd_peak,,,,12.5,pre4_impact,mti,ops,16,fastest_credible,hann
,,16,home_2ms,21.9086450622344,,1.9282716128886745,13.239219434738569,-3.0279653387223577,-0.9499999999999282,7.997740903761251,1.9250000000000274,rd_peak,,,,12.5,pre4_impact,mti,ops,16,fastest_credible,rect
,,16,home_2ms,15.66675184543664,,1.6108308379405232,23.316071709429963,7.435827767720835,-0.7499999999999254,4.484208404638989,3.3250000000000455,rd_peak,,,,0.0,pre4_impact,mti,ops,16,prior_weighted,hann
,,16,home_2ms,11.377187744886156,,2.756832575497713,16.253233754990255,4.572529593952155,-0.999999999999929,6.301120214794138,2.400000000000034,rd_peak,,,,12.5,pre4_impact,mti,ops,16,prior_weighted,rect
,,16,home_2ms,13.223995799145394,,1.8686465209323901,14.200117483094086,0.7247418898711004,-1.0999999999999304,6.364419884306678,2.900000000000041,rd_peak,,,,25.0,pre4_impact,mti,ops,16,strongest,hann
,,16,home_2ms,36.840783978712246,,3.4643258266934156,31.67542783625601,-9.581916389263213,-1.2999999999999332,8.596348271520322,1.825000000000026,rd_peak,,,,12.5,pre4_impact,mti,ops,16,strongest,rect
,,16,home_2ms,13.98185617037581,,1.99678007159723,18.19713029416544,9.053895204584515,-2.4499999999999496,6.4601660906962985,2.80000000000004,rd_peak,,,,0.0,pre4_impact,mti,ops_plus3,16,fastest_credible,hann
,,16,home_2ms,25.48881307025274,,2.3748851113959777,13.740593115899818,1.2561846793948472,-2.549999999999951,7.417140058408723,1.900000000000027,rd_peak,,,,0.0,pre4_impact,mti,ops_plus3,16,fastest_credible,rect
,,16,home_2ms,12.72228886338455,,2.505059427398747,26.868199365102114,4.864256287030525,-1.4499999999999353,5.133823364815668,3.100000000000044,rd_peak,,,,0.0,pre4_impact,mti,ops_plus3,16,prior_weighted,hann
,,16,home_2ms,15.19209179548095,,2.506862222298159,31.68334375794903,3.668228640913847,-1.5749999999999353,6.888021936019739,2.325000000000032,rd_peak,,,,18.75,pre4_impact,mti,ops_plus3,16,prior_weighted,rect
,,16,home_2ms,13.759677472572786,,2.1394310141241046,13.43229801441689,1.2363764022674677,-2.4499999999999496,6.4601660906962985,2.80000000000004,rd_peak,,,,25.0,pre4_impact,mti,ops_plus3,16,strongest,hann
,,16,home_2ms,36.613360400543186,,3.061585207781434,12.125118682495323,-8.17866058259288,-2.699999999999953,7.417140058408723,2.10000000000003,rd_peak,,,,18.75,pre4_impact,mti,ops_plus3,16,strongest,rect
,,16,home_2ms,13.941276925862246,,1.5974870491885507,18.677069927497087,9.401946532840135,1.8500000000001116,4.1529671170795455,3.1000000000000467,rd_peak,,,,6.25,pre4_impact,mti,track,16,fastest_credible,hann
,,16,home_2ms,23.377239916945246,,2.475385853338797,14.805766926035172,-0.8744463236723368,2.0500000000001144,5.717480583255307,1.9000000000000252,rd_peak,,,,12.5,pre4_impact,mti,track,16,fastest_credible,rect
,,16,home_2ms,11.822064450589234,,2.244793518345113,21.536003354765974,3.476850262714169,0.6500000000000963,3.536597971921612,3.4250000000000496,rd_peak,,,,0.0,pre4_impact,mti,track,16,prior_weighted,hann
,,16,home_2ms,26.3294885644491,,2.4839640261768388,35.84311180992431,-2.072228177140847,1.2565492867680348,5.50696183210908,1.9250000000000274,rd_peak,,,,12.5,pre4_impact,mti,track,16,prior_weighted,rect
,,16,home_2ms,14.841491077491492,,2.2280893846068106,13.716156727834903,-2.71803271738131,1.5250000000001052,4.1529671170795455,3.125000000000047,rd_peak,,,,25.0,pre4_impact,mti,track,16,strongest,hann
,,16,home_2ms,37.91914135606862,,3.081731064875398,31.981842465821458,-7.203116008890541,1.8250000000001094,5.728792904762687,1.9750000000000263,rd_peak,,,,12.5,pre4_impact,mti,track,16,strongest,rect
,,16,home_2ms,33.25837065979616,,5.7905722822932075,20.590909249199125,24.61807484906702,1.3750000000001066,9.380392579592286,2.200000000000035,rd_cluster,,,,31.25,pre4,raw,ops,16,fastest_credible,hann
,,16,home_2ms,53.33348997031236,,5.26630449907605,10.469014372237154,-10.379741188731865,1.3750000000001066,16.287060465455816,1.3500000000000192,rd_cluster,,,,18.75,pre4,raw,ops,16,fastest_credible,rect
,,16,home_2ms,48.77345741408153,,6.249223689678967,18.066429676279892,-6.361846663427732,1.2000000000001023,8.874805035865135,2.2750000000000323,rd_cluster,,,,31.25,pre4,raw,ops,16,prior_weighted,hann
,,16,home_2ms,42.107082457918494,,5.874032367738402,11.550848497488662,-43.18863875833425,1.3000000000001037,16.235890621618072,1.3500000000000192,rd_cluster,,,,18.75,pre4,raw,ops,16,prior_weighted,rect
,,16,home_2ms,34.378727260306974,,5.700131294462646,15.199513135224212,22.953611095838667,1.3500000000001044,9.60672736955011,2.225000000000035,rd_cluster,,,,37.5,pre4,raw,ops,16,strongest,hann
,,16,home_2ms,55.11541104721986,,5.26630449907605,11.879507593105139,-10.379741188731865,1.3750000000001066,16.287060465455816,1.3500000000000192,rd_cluster,,,,18.75,pre4,raw,ops,16,strongest,rect
,,16,home_2ms,34.918574467367776,,5.83552802391709,21.944501467882873,25.377578300383625,0.050000000000085976,10.723798221240532,2.2000000000000313,rd_cluster,,,,31.25,pre4,raw,ops_plus3,16,fastest_credible,hann
,,16,home_2ms,50.50692229379511,,4.996974326505097,9.015565088120981,-5.146705422290881,0.025000000000083844,17.590208613697836,1.3250000000000188,rd_cluster,,,,31.25,pre4,raw,ops_plus3,16,fastest_credible,rect
,,16,home_2ms,38.60985234499767,,6.673161931033321,17.970692038384772,22.046068437659507,0.025000000000083844,10.613479824842788,2.3000000000000327,rd_cluster,,,,18.75,pre4,raw,ops_plus3,16,prior_weighted,hann
,,16,home_2ms,59.83936270532644,,4.939054546243828,13.766231724766353,-24.515872636835923,0.025000000000083844,16.716086009431905,1.3500000000000192,rd_cluster,,,,12.5,pre4,raw,ops_plus3,16,prior_weighted,rect
,,16,home_2ms,30.44317247818912,,5.83552802391709,21.944501467882873,25.377578300383625,0.050000000000085976,10.723798221240532,2.2000000000000313,rd_cluster,,,,31.25,pre4,raw,ops_plus3,16,strongest,hann
,,16,home_2ms,60.970023771814496,,4.996974326505097,10.643279535749688,-22.955925922387422,0.025000000000083844,17.590208613697836,1.3250000000000188,rd_cluster,,,,25.0,pre4,raw,ops_plus3,16,strongest,rect
,,16,home_2ms,28.325397077713195,,5.764098723094835,25.278576496023728,27.79551971489423,3.5500000000001357,11.48526284487134,2.2000000000000313,rd_cluster,,,,31.25,pre4,raw,track,16,fastest_credible,hann
,,16,home_2ms,69.92224181596484,,5.615114936930208,7.407645036506892,-20.95871007254666,3.373024500916218,16.05676987544435,1.3000000000000185,rd_cluster,,,,25.0,pre4,raw,track,16,fastest_credible,rect
,,16,home_2ms,41.50916083395612,,4.27959651257015,20.549810187388154,4.072391896612513,2.1750000000001144,8.987026407787539,2.82500000000004,rd_cluster,,,,12.5,pre4,raw,track,16,prior_weighted,hann
,,16,home_2ms,44.47399795979146,,4.391021268179873,11.3721892141896,-15.19167847917057,2.600000000000122,13.758218929599957,1.4500000000000206,rd_cluster,,,,25.0,pre4,raw,track,16,prior_weighted,rect
,,16,home_2ms,28.325397077713195,,5.764098723094835,27.097578361592433,27.79551971489423,3.5500000000001357,11.48526284487134,2.2000000000000313,rd_cluster,,,,25.0,pre4,raw,track,16,strongest,hann
,,16,home_2ms,67.36018456684732,,5.615114936930208,13.034911400827266,-20.95871007254666,3.2230245009162157,16.05676987544435,1.3000000000000185,rd_cluster,,,,25.0,pre4,raw,track,16,strongest,rect
,,16,home_2ms,39.47474373869013,,6.045084912090004,14.869891622121752,10.89618615605462,1.3750000000001066,10.174883032456089,2.2250000000000316,rd_cluster,,,,25.0,pre4_impact,raw,ops,16,fastest_credible,hann
,,16,home_2ms,60.6653829401963,,5.548759656374322,10.429124191704126,-18.160775943538003,1.3750000000001066,19.35530543858389,1.3500000000000192,rd_cluster,,,,18.75,pre4_impact,raw,ops,16,fastest_credible,rect
,,16,home_2ms,53.958769271306394,,6.211833699223526,14.714382101836922,-2.977569114802572,1.2000000000001023,10.1303089105451,2.3000000000000327,rd_cluster,,,,31.25,pre4_impact,raw,ops,16,prior_weighted,hann
,,16,home_2ms,42.16019913704869,,5.897333850267792,9.199056103938503,-43.232636230958384,1.3000000000001037,19.343804765963462,1.40000000000002,rd_cluster,,,,12.5,pre4_impact,raw,ops,16,prior_weighted,rect
,,16,home_2ms,55.78818672429358,,6.312513200530196,21.65154287047674,3.874989484607126,1.3500000000001044,10.174883032456089,2.250000000000032,rd_cluster,,,,25.0,pre4_impact,raw,ops,16,strongest,hann
,,16,home_2ms,61.505529098516796,,5.548759656374322,9.81354171244043,-18.160775943538003,1.3750000000001066,19.35530543858389,1.3500000000000192,rd_cluster,,,,18.75,pre4_impact,raw,ops,16,strongest,rect
,,16,home_2ms,39.99977166034897,,6.177538001255181,16.963337302423867,13.218546066500664,0.050000000000085976,13.61468622023903,2.2000000000000313,rd_cluster,,,,18.75,pre4_impact,raw,ops_plus3,16,fastest_credible,hann
,,16,home_2ms,60.72484849104796,,5.700406984672313,8.726106820527587,-18.666397109343734,0.050000000000085976,20.576039587412247,1.3000000000000185,rd_cluster,,,,25.0,pre4_impact,raw,ops_plus3,16,fastest_credible,rect
,,16,home_2ms,44.555760606821984,,6.467471849267782,13.69746875512024,-5.043896373275226,0.025000000000083844,12.294814964120402,2.3000000000000327,rd_cluster,,,,25.0,pre4_impact,raw,ops_plus3,16,prior_weighted,hann
,,16,home_2ms,66.12537159258754,,5.6833345762041345,10.541122441963346,-38.175015269788474,0.050000000000085976,19.81993667108818,1.3500000000000192,rd_cluster,,,,25.0,pre4_impact,raw,ops_plus3,16,prior_weighted,rect
,,16,home_2ms,35.36112346854945,,6.2871342017099945,17.174301164334096,13.218546066500664,0.050000000000085976,13.61468622023903,2.2000000000000313,rd_cluster,,,,18.75,pre4_impact,raw,ops_plus3,16,strongest,hann
,,16,home_2ms,53.19618578210073,,5.700406984672313,8.848362243740873,-26.32931706518908,0.050000000000085976,20.576039587412247,1.3000000000000185,rd_cluster,,,,25.0,pre4_impact,raw,ops_plus3,16,strongest,rect
,,16,home_2ms,33.977428921278715,,6.603762407922034,17.912707466045692,13.1929820130651,3.5500000000001357,14.943515607689324,2.2000000000000313,rd_cluster,,,,18.75,pre4_impact,raw,track,16,fastest_credible,hann
,,16,home_2ms,48.22497315631865,,6.957065088682531,7.880147667489371,-39.221376802410376,3.5730245009162207,21.79804271102055,1.3000000000000185,rd_cluster,,,,25.0,pre4_impact,raw,track,16,fastest_credible,rect
,,16,home_2ms,39.019232356938105,,6.128596740920786,41.83943412635121,-0.20003141446402184,2.45000000000012,11.1405250305469,2.600000000000037,rd_cluster,,,,25.0,pre4_impact,raw,track,16,prior_weighted,hann
,,16,home_2ms,42.854003904667906,,5.202775951177024,7.635974118829687,-22.669282857225696,2.600000000000122,15.10432664877607,1.5000000000000213,rd_cluster,,,,18.75,pre4_impact,raw,track,16,prior_weighted,rect
,,16,home_2ms,33.977428921278715,,6.603762407922034,27.54272187232271,13.1929820130651,3.5500000000001357,14.943515607689324,2.2000000000000313,rd_cluster,,,,25.0,pre4_impact,raw,track,16,strongest,hann
,,16,home_2ms,57.677279851840225,,6.957065088682531,9.704168577810453,-39.221376802410376,3.173024500916215,21.79804271102055,1.3000000000000185,rd_cluster,,,,25.0,pre4_impact,raw,track,16,strongest,rect
,,16,home_2ms,60.24174372782902,,8.6690520206853,41.42845460291953,-26.79653205297639,1.3750000000001066,9.380392579592286,2.200000000000035,rd_cluster_median,,,,12.5,pre4,raw,ops,16,fastest_credible,hann
,,16,home_2ms,56.28420566235999,,7.122975459496604,21.173030750545173,-18.573208667853976,1.3750000000001066,16.287060465455816,1.3500000000000192,rd_cluster_median,,,,12.5,pre4,raw,ops,16,fastest_credible,rect
,,16,home_2ms,57.75169566058936,,8.513905300679276,36.252714881582726,-22.316982465584715,1.2000000000001023,8.874805035865135,2.2750000000000323,rd_cluster_median,,,,25.0,pre4,raw,ops,16,prior_weighted,hann
,,16,home_2ms,48.72309567993878,,6.352549413062875,18.817153591065416,-24.842375014449686,1.3000000000001037,16.235890621618072,1.3500000000000192,rd_cluster_median,,,,12.5,pre4,raw,ops,16,prior_weighted,rect
,,16,home_2ms,61.01024476437626,,8.472962329461415,20.73286135268954,-26.79653205297639,1.3500000000001044,9.60672736955011,2.225000000000035,rd_cluster_median,,,,12.5,pre4,raw,ops,16,strongest,hann
,,16,home_2ms,61.104220148154006,,6.789018069937814,31.471437442930075,-6.757520877273492,1.3750000000001066,16.287060465455816,1.3500000000000192,rd_cluster_median,,,,12.5,pre4,raw,ops,16,strongest,rect
,,16,home_2ms,58.297226528064925,,8.66677742272556,55.71864620123732,-29.3720885092672,0.050000000000085976,10.723798221240532,2.2000000000000313,rd_cluster_median,,,,0.0,pre4,raw,ops_plus3,16,fastest_credible,hann
,,16,home_2ms,53.56507720486272,,7.111673452530614,28.757713184172278,-11.150418799985859,0.025000000000083844,17.590208613697836,1.3250000000000188,rd_cluster_median,,,,25.0,pre4,raw,ops_plus3,16,fastest_credible,rect
,,16,home_2ms,44.917206984585405,,7.626231710452264,14.74787415417638,-46.87142777873632,0.025000000000083844,10.613479824842788,2.3000000000000327,rd_cluster_median,,,,12.5,pre4,raw,ops_plus3,16,prior_weighted,hann
,,16,home_2ms,73.34396873053707,,6.499618840672676,16.576401699195703,-1.3404102545887104,0.025000000000083844,16.716086009431905,1.3500000000000192,rd_cluster_median,,,,18.75,pre4,raw,ops_plus3,16,prior_weighted,rect
,,16,home_2ms,58.297226528064925,,8.66677742272556,30.382585277090897,-29.3720885092672,0.050000000000085976,10.723798221240532,2.2000000000000313,rd_cluster_median,,,,0.0,pre4,raw,ops_plus3,16,strongest,hann
,,16,home_2ms,53.3962506975369,,7.111673452530614,23.8406857065984,-30.602535462612288,0.025000000000083844,17.590208613697836,1.3250000000000188,rd_cluster_median,,,,12.5,pre4,raw,ops_plus3,16,strongest,rect
,,16,home_2ms,57.90150503579257,,8.2252028152139,67.12544793625904,-29.308964654159766,3.5500000000001357,11.48526284487134,2.2000000000000313,rd_cluster_median,,,,18.75,pre4,raw,track,16,fastest_credible,hann
,,16,home_2ms,48.16463195714478,,6.754859287556853,25.936759159644623,-43.06626976213757,3.373024500916218,16.05676987544435,1.3000000000000185,rd_cluster_median,,,,12.5,pre4,raw,track,16,fastest_credible,rect
,,16,home_2ms,48.19345212899512,,6.644801320731014,18.051135879317627,-41.49074305974671,2.1750000000001144,8.987026407787539,2.82500000000004,rd_cluster_median,,,,18.75,pre4,raw,track,16,prior_weighted,hann
,,16,home_2ms,45.778386346383584,,5.649434147853658,36.476180163785926,4.7203527979104445,2.600000000000122,13.758218929599957,1.4500000000000206,rd_cluster_median,,,,12.5,pre4,raw,track,16,prior_weighted,rect
,,16,home_2ms,57.90150503579257,,8.2252028152139,39.85768351184112,-29.308964654159766,3.5500000000001357,11.48526284487134,2.2000000000000313,rd_cluster_median,,,,18.75,pre4,raw,track,16,strongest,hann
,,16,home_2ms,47.65488086453677,,6.754859287556853,26.20546634219182,-43.06626976213757,3.2230245009162157,16.05676987544435,1.3000000000000185,rd_cluster_median,,,,6.25,pre4,raw,track,16,strongest,rect
,,16,home_2ms,40.777791316834,,8.716120114996272,57.83563931271172,-51.297267336429215,1.3750000000001066,10.174883032456089,2.2250000000000316,rd_cluster_median,,,,6.25,pre4_impact,raw,ops,16,fastest_credible,hann
,,16,home_2ms,44.71441521516084,,8.030615679549696,23.05371220374065,-40.811455709974126,1.3750000000001066,19.35530543858389,1.3500000000000192,rd_cluster_median,,,,6.25,pre4_impact,raw,ops,16,fastest_credible,rect
,,16,home_2ms,54.84301726747958,,8.534670209676856,37.19857729388016,-17.224059775448985,1.2000000000001023,10.1303089105451,2.3000000000000327,rd_cluster_median,,,,6.25,pre4_impact,raw,ops,16,prior_weighted,hann
,,16,home_2ms,44.94451390207877,,6.763259096758361,42.4095756539719,-29.873722912150242,1.3000000000001037,19.343804765963462,1.40000000000002,rd_cluster_median,,,,6.25,pre4_impact,raw,ops,16,prior_weighted,rect
,,16,home_2ms,44.316782794358794,,8.520030423772386,63.64028348406791,-51.297267336429215,1.3500000000001044,10.174883032456089,2.250000000000032,rd_cluster_median,,,,6.25,pre4_impact,raw,ops,16,strongest,hann
,,16,home_2ms,50.83059753526196,,7.768466216320651,37.88584807084906,-20.887699025462993,1.3750000000001066,19.35530543858389,1.3500000000000192,rd_cluster_median,,,,6.25,pre4_impact,raw,ops,16,strongest,rect
,,16,home_2ms,54.24818582888951,,8.967380339099806,47.626304453494114,-35.4522241680513,0.050000000000085976,13.61468622023903,2.2000000000000313,rd_cluster_median,,,,0.0,pre4_impact,raw,ops_plus3,16,fastest_credible,hann
,,16,home_2ms,36.798190454530456,,7.886652669937451,34.3406750081009,-54.08492713902871,0.050000000000085976,20.576039587412247,1.3000000000000185,rd_cluster_median,,,,12.5,pre4_impact,raw,ops_plus3,16,fastest_credible,rect
,,16,home_2ms,44.7186873792002,,7.794487395063399,21.40239700840609,-53.336478822441094,0.025000000000083844,12.294814964120402,2.3000000000000327,rd_cluster_median,,,,12.5,pre4_impact,raw,ops_plus3,16,prior_weighted,hann
,,16,home_2ms,48.31756145179668,,7.329658565565525,17.392527551421942,-38.79034699554981,0.050000000000085976,19.81993667108818,1.3500000000000192,rd_cluster_median,,,,12.5,pre4_impact,raw,ops_plus3,16,prior_weighted,rect
,,16,home_2ms,54.2225100825971,,8.967380339099806,31.57086496985307,-35.4522241680513,0.050000000000085976,13.61468622023903,2.2000000000000313,rd_cluster_median,,,,0.0,pre4_impact,raw,ops_plus3,16,strongest,hann
,,16,home_2ms,27.253975694066984,,7.886652669937451,27.891833232359748,-54.08492713902871,0.050000000000085976,20.576039587412247,1.3000000000000185,rd_cluster_median,,,,6.25,pre4_impact,raw,ops_plus3,16,strongest,rect
,,16,home_2ms,49.58646949652278,,8.325971047193741,57.79752918728162,-49.3589135418128,3.5500000000001357,14.943515607689324,2.2000000000000313,rd_cluster_median,,,,18.75,pre4_impact,raw,track,16,fastest_credible,hann
,,16,home_2ms,28.53064852381563,,8.07720609473853,16.85407995089043,-53.22124055230323,3.5730245009162207,21.79804271102055,1.3000000000000185,rd_cluster_median,,,,6.25,pre4_impact,raw,track,16,fastest_credible,rect
,,16,home_2ms,45.31690645737935,,7.1084131712462435,23.088765623461153,-50.05211015114561,2.45000000000012,11.1405250305469,2.600000000000037,rd_cluster_median,,,,25.0,pre4_impact,raw,track,16,prior_weighted,hann
,,16,home_2ms,39.0331146601838,,6.750450842930114,36.476180163785926,-25.25148366615646,2.600000000000122,15.10432664877607,1.5000000000000213,rd_cluster_median,,,,12.5,pre4_impact,raw,track,16,prior_weighted,rect
,,16,home_2ms,49.58646949652278,,8.46308280661794,39.979934120781984,-49.3589135418128,3.5500000000001357,14.943515607689324,2.2000000000000313,rd_cluster_median,,,,12.5,pre4_impact,raw,track,16,strongest,hann
,,16,home_2ms,30.690419558930934,,7.547707457889755,23.82818330319229,-43.526187922082066,3.173024500916215,21.79804271102055,1.3000000000000185,rd_cluster_median,,,,0.0,pre4_impact,raw,track,16,strongest,rect
,,16,home_2ms,38.94147961584979,,5.908178416257564,27.487536305671348,17.8248142911365,1.3750000000001066,9.380392579592286,2.200000000000035,rd_cluster_trimmed,,,,18.75,pre4,raw,ops,16,fastest_credible,hann
,,16,home_2ms,51.46080025435297,,6.771699755490616,27.089173585374613,-26.078605890020953,1.3750000000001066,16.287060465455816,1.3500000000000192,rd_cluster_trimmed,,,,18.75,pre4,raw,ops,16,fastest_credible,rect
,,16,home_2ms,58.64450863969725,,6.313934160927332,31.815996785967837,-9.47566100227033,1.2000000000001023,8.874805035865135,2.2750000000000323,rd_cluster_trimmed,,,,12.5,pre4,raw,ops,16,prior_weighted,hann
,,16,home_2ms,35.405871043613274,,6.28573413280616,14.002578351249205,-43.56624287129574,1.3000000000001037,16.235890621618072,1.3500000000000192,rd_cluster_trimmed,,,,18.75,pre4,raw,ops,16,prior_weighted,rect
,,16,home_2ms,58.374301599034325,,6.400770829854677,16.96509486299005,-6.36326384703408,1.3500000000001044,9.60672736955011,2.225000000000035,rd_cluster_trimmed,,,,25.0,pre4,raw,ops,16,strongest,hann
,,16,home_2ms,55.808530192892604,,5.848473261529406,31.138915926311803,-7.40670381957179,1.3750000000001066,16.287060465455816,1.3500000000000192,rd_cluster_trimmed,,,,18.75,pre4,raw,ops,16,strongest,rect
,,16,home_2ms,39.61804511640332,,6.502641117448241,26.10891638691791,18.83865328968169,0.050000000000085976,10.723798221240532,2.2000000000000313,rd_cluster_trimmed,,,,18.75,pre4,raw,ops_plus3,16,fastest_credible,hann
,,16,home_2ms,50.940554114476114,,5.975485636992094,15.785690599259429,-10.500484944873605,0.025000000000083844,17.590208613697836,1.3250000000000188,rd_cluster_trimmed,,,,12.5,pre4,raw,ops_plus3,16,fastest_credible,rect
,,16,home_2ms,41.05121434239793,,6.62256306416163,18.43523011091866,18.279647400344807,0.025000000000083844,10.613479824842788,2.3000000000000327,rd_cluster_trimmed,,,,6.25,pre4,raw,ops_plus3,16,prior_weighted,hann
,,16,home_2ms,56.978077151645216,,5.97021329259932,12.009279513154873,-40.5355625878805,0.025000000000083844,16.716086009431905,1.3500000000000192,rd_cluster_trimmed,,,,12.5,pre4,raw,ops_plus3,16,prior_weighted,rect
,,16,home_2ms,36.68405136656451,,6.463998318280017,20.680018024577485,18.83865328968169,0.050000000000085976,10.723798221240532,2.2000000000000313,rd_cluster_trimmed,,,,18.75,pre4,raw,ops_plus3,16,strongest,hann
,,16,home_2ms,49.27956651939925,,5.975485636992094,22.263955105269115,-29.71139810049214,0.025000000000083844,17.590208613697836,1.3250000000000188,rd_cluster_trimmed,,,,12.5,pre4,raw,ops_plus3,16,strongest,rect
,,16,home_2ms,39.56735301846666,,6.613996084445953,37.047361957077385,21.75810087467552,3.5500000000001357,11.48526284487134,2.2000000000000313,rd_cluster_trimmed,,,,18.75,pre4,raw,track,16,fastest_credible,hann
,,16,home_2ms,59.74228160187451,,6.969774297167911,13.73956359463682,-25.11378252805633,3.373024500916218,16.05676987544435,1.3000000000000185,rd_cluster_trimmed,,,,12.5,pre4,raw,track,16,fastest_credible,rect
,,16,home_2ms,55.49661045912872,,4.441955245000687,22.152385482293482,-22.922517062736418,2.1750000000001144,8.987026407787539,2.82500000000004,rd_cluster_trimmed,,,,6.25,pre4,raw,track,16,prior_weighted,hann
,,16,home_2ms,38.353708621971066,,4.126964278026332,13.472368342161671,-2.098172182028865,2.600000000000122,13.758218929599957,1.4500000000000206,rd_cluster_trimmed,,,,12.5,pre4,raw,track,16,prior_weighted,rect
,,16,home_2ms,39.56735301846666,,6.613996084445953,38.71711097716732,21.75810087467552,3.5500000000001357,11.48526284487134,2.2000000000000313,rd_cluster_trimmed,,,,18.75,pre4,raw,track,16,strongest,hann
,,16,home_2ms,58.74301817004813,,6.969774297167911,28.182641336383774,-25.11378252805633,3.2230245009162157,16.05676987544435,1.3000000000000185,rd_cluster_trimmed,,,,12.5,pre4,raw,track,16,strongest,rect
,,16,home_2ms,50.18401990819693,,6.139899063754269,40.91997825653456,5.826187771314672,1.3750000000001066,10.174883032456089,2.2250000000000316,rd_cluster_trimmed,,,,6.25,pre4_impact,raw,ops,16,fastest_credible,hann
,,16,home_2ms,45.41162464195096,,6.771699755490616,12.442972547603599,-44.8030415674469,1.3750000000001066,19.35530543858389,1.3500000000000192,rd_cluster_trimmed,,,,25.0,pre4_impact,raw,ops,16,fastest_credible,rect
,,16,home_2ms,61.18500490209814,,6.651700505706969,31.94127189307882,-14.691360883833575,1.2000000000001023,10.1303089105451,2.3000000000000327,rd_cluster_trimmed,,,,12.5,pre4_impact,raw,ops,16,prior_weighted,hann
,,16,home_2ms,30.26456355057738,,6.50191541369459,10.310127399247556,-50.28780785830091,1.3000000000001037,19.343804765963462,1.40000000000002,rd_cluster_trimmed,,,,18.75,pre4_impact,raw,ops,16,prior_weighted,rect
,,16,home_2ms,63.240166711978226,,6.634569007027192,38.51701385609812,-11.367293139838008,1.3500000000001044,10.174883032456089,2.250000000000032,rd_cluster_trimmed,,,,12.5,pre4_impact,raw,ops,16,strongest,hann
,,16,home_2ms,54.805943714824714,,6.40378891772448,19.06308993140204,-22.052058082275366,1.3750000000001066,19.35530543858389,1.3500000000000192,rd_cluster_trimmed,,,,31.25,pre4_impact,raw,ops,16,strongest,rect
,,16,home_2ms,52.63148115697553,,6.672867336628124,33.684274004302154,8.728776925648948,0.050000000000085976,13.61468622023903,2.2000000000000313,rd_cluster_trimmed,,,,12.5,pre4_impact,raw,ops_plus3,16,fastest_credible,hann
,,16,home_2ms,42.86069759778405,,6.622765230154281,11.996796033248316,-40.822314727971445,0.050000000000085976,20.576039587412247,1.3000000000000185,rd_cluster_trimmed,,,,18.75,pre4_impact,raw,ops_plus3,16,fastest_credible,rect
,,16,home_2ms,55.27723573642949,,6.810647908519396,16.035575275217706,-5.066514357542476,0.025000000000083844,12.294814964120402,2.3000000000000327,rd_cluster_trimmed,,,,12.5,pre4_impact,raw,ops_plus3,16,prior_weighted,hann
,,16,home_2ms,43.33718657478286,,6.704132160398009,7.948845859546655,-46.35644745870393,0.050000000000085976,19.81993667108818,1.3500000000000192,rd_cluster_trimmed,,,,25.0,pre4_impact,raw,ops_plus3,16,prior_weighted,rect
,,16,home_2ms,48.696260774705905,,6.690246088053536,26.10891638691791,8.728776925648948,0.050000000000085976,13.61468622023903,2.2000000000000313,rd_cluster_trimmed,,,,12.5,pre4_impact,raw,ops_plus3,16,strongest,hann
,,16,home_2ms,42.86069759778405,,6.622765230154281,17.92969029066669,-40.822314727971445,0.050000000000085976,20.576039587412247,1.3000000000000185,rd_cluster_trimmed,,,,18.75,pre4_impact,raw,ops_plus3,16,strongest,rect
,,16,home_2ms,43.673250440575956,,7.165238984371292,39.90045897818807,8.316240805328457,3.5500000000001357,14.943515607689324,2.2000000000000313,rd_cluster_trimmed,,,,12.5,pre4_impact,raw,track,16,fastest_credible,hann
,,16,home_2ms,41.98104104990774,,8.314579273985588,9.511855382866582,-45.06927036077357,3.5730245009162207,21.79804271102055,1.3000000000000185,rd_cluster_trimmed,,,,25.0,pre4_impact,raw,track,16,fastest_credible,rect
,,16,home_2ms,49.69328249079864,,7.021313997825699,43.842887171222735,-19.928057422816643,2.45000000000012,11.1405250305469,2.600000000000037,rd_cluster_trimmed,,,,12.5,pre4_impact,raw,track,16,prior_weighted,hann
,,16,home_2ms,40.60489536747095,,6.0633354845216845,12.333170290635177,-24.200303977767774,2.600000000000122,15.10432664877607,1.5000000000000213,rd_cluster_trimmed,,,,18.75,pre4_impact,raw,track,16,prior_weighted,rect
,,16,home_2ms,45.24968996168259,,7.165238984371292,47.6757763200124,6.739801284221821,3.5500000000001357,14.943515607689324,2.2000000000000313,rd_cluster_trimmed,,,,12.5,pre4_impact,raw,track,16,strongest,hann
,,16,home_2ms,45.23919983443178,,8.314579273985588,10.737200752273747,-45.06927036077357,3.173024500916215,21.79804271102055,1.3000000000000185,rd_cluster_trimmed,,,,25.0,pre4_impact,raw,track,16,strongest,rect
,,16,home_2ms,58.407620730474264,,6.169476413660059,52.4977156218992,-13.317445605084174,1.3750000000001066,9.380392579592286,2.200000000000035,rd_peak,,,,0.0,pre4,raw,ops,16,fastest_credible,hann
,,16,home_2ms,55.79693908499469,,5.1657123011090595,8.104349034582178,-11.090607019922142,1.3750000000001066,16.287060465455816,1.3500000000000192,rd_peak,,,,18.75,pre4,raw,ops,16,fastest_credible,rect
,,16,home_2ms,55.592231006377155,,4.9024135380230245,70.9143788919402,-16.602354756909413,1.2000000000001023,8.874805035865135,2.2750000000000323,rd_peak,,,,6.25,pre4,raw,ops,16,prior_weighted,hann
,,16,home_2ms,39.09185264852313,,5.945790265764892,11.644101514516748,-38.25024966395745,1.3000000000001037,16.235890621618072,1.3500000000000192,rd_peak,,,,12.5,pre4,raw,ops,16,prior_weighted,rect
,,16,home_2ms,61.90477593655115,,6.438048824633597,45.44198139297926,-13.317445605084174,1.3500000000001044,9.60672736955011,2.225000000000035,rd_peak,,,,0.0,pre4,raw,ops,16,strongest,hann
,,16,home_2ms,55.79693908499469,,5.1657123011090595,19.82474148508754,-11.090607019922142,1.3750000000001066,16.287060465455816,1.3500000000000192,rd_peak,,,,12.5,pre4,raw,ops,16,strongest,rect
,,16,home_2ms,68.9900972173294,,6.3351682580175535,43.68743251978967,-36.17462920654876,0.050000000000085976,10.723798221240532,2.2000000000000313,rd_peak,,,,0.0,pre4,raw,ops_plus3,16,fastest_credible,hann
,,16,home_2ms,49.038787000217894,,6.078141391749204,9.711830434452395,-3.9026111230417544,0.025000000000083844,17.590208613697836,1.3250000000000188,rd_peak,,,,18.75,pre4,raw,ops_plus3,16,fastest_credible,rect
,,16,home_2ms,60.25756113011374,,5.647803157616979,13.417131462008221,-11.432236931923176,0.025000000000083844,10.613479824842788,2.3000000000000327,rd_peak,,,,12.5,pre4,raw,ops_plus3,16,prior_weighted,hann
,,16,home_2ms,55.034919409691625,,5.178585878900959,12.673810043593921,-12.920649832095222,0.025000000000083844,16.716086009431905,1.3500000000000192,rd_peak,,,,12.5,pre4,raw,ops_plus3,16,prior_weighted,rect
,,16,home_2ms,68.9900972173294,,6.3351682580175535,55.88490217224911,-36.17462920654876,0.050000000000085976,10.723798221240532,2.2000000000000313,rd_peak,,,,0.0,pre4,raw,ops_plus3,16,strongest,hann
,,16,home_2ms,54.298423559665295,,6.078141391749204,11.578061675634643,-16.512659620580614,0.025000000000083844,17.590208613697836,1.3250000000000188,rd_peak,,,,18.75,pre4,raw,ops_plus3,16,strongest,rect
,,16,home_2ms,48.81405721343776,,6.099359667674092,52.68750807763305,6.341453960697304,3.5500000000001357,11.48526284487134,2.2000000000000313,rd_peak,,,,0.0,pre4,raw,track,16,fastest_credible,hann
,,16,home_2ms,50.79275740045903,,7.371176634721564,9.547641874035348,-13.879894388899942,3.373024500916218,16.05676987544435,1.3000000000000185,rd_peak,,,,12.5,pre4,raw,track,16,fastest_credible,rect
,,16,home_2ms,51.69235910225784,,7.727471260937982,27.330020520279668,-32.4698530252087,2.1750000000001144,8.987026407787539,2.82500000000004,rd_peak,,,,6.25,pre4,raw,track,16,prior_weighted,hann
,,16,home_2ms,42.519197973089945,,5.805756874275223,13.110488695799365,-5.913672981801574,2.600000000000122,13.758218929599957,1.4500000000000206,rd_peak,,,,12.5,pre4,raw,track,16,prior_weighted,rect
,,16,home_2ms,48.81405721343776,,6.099359667674092,64.99153545248572,6.341453960697304,3.5500000000001357,11.48526284487134,2.2000000000000313,rd_peak,,,,0.0,pre4,raw,track,16,strongest,hann
,,16,home_2ms,50.398958635541746,,7.371176634721564,12.541812967076389,-13.879894388899942,3.2230245009162157,16.05676987544435,1.3000000000000185,rd_peak,,,,12.5,pre4,raw,track,16,strongest,rect
,,16,home_2ms,51.368436702876416,,6.830755154242,50.25808433363313,-19.8622579808525,1.3750000000001066,10.174883032456089,2.2250000000000316,rd_peak,,,,6.25,pre4_impact,raw,ops,16,fastest_credible,hann
,,16,home_2ms,46.765992877654625,,5.610869105231032,12.661070666801837,-12.649739611445922,1.3750000000001066,19.35530543858389,1.3500000000000192,rd_peak,,,,6.25,pre4_impact,raw,ops,16,fastest_credible,rect
,,16,home_2ms,60.82680313134868,,6.527086141168885,65.84594706226852,-27.997508138646467,1.2000000000001023,10.1303089105451,2.3000000000000327,rd_peak,,,,6.25,pre4_impact,raw,ops,16,prior_weighted,hann
,,16,home_2ms,37.62966195740525,,5.945790265764892,10.129302641947884,-39.89818241255824,1.3000000000001037,19.343804765963462,1.40000000000002,rd_peak,,,,12.5,pre4_impact,raw,ops,16,prior_weighted,rect
,,16,home_2ms,61.232995516625174,,7.652725820190968,55.8943531952536,-19.8622579808525,1.3500000000001044,10.174883032456089,2.250000000000032,rd_peak,,,,6.25,pre4_impact,raw,ops,16,strongest,hann
,,16,home_2ms,46.765992877654625,,5.610869105231032,18.403439669779527,-12.649739611445922,1.3750000000001066,19.35530543858389,1.3500000000000192,rd_peak,,,,6.25,pre4_impact,raw,ops,16,strongest,rect
,,16,home_2ms,63.253779982120676,,7.854228011876582,43.68743251978967,-20.504468522160252,0.050000000000085976,13.61468622023903,2.2000000000000313,rd_peak,,,,6.25,pre4_impact,raw,ops_plus3,16,fastest_credible,hann
,,16,home_2ms,45.3042418968714,,6.271075761238737,10.451181199404347,-12.177344542808685,0.050000000000085976,20.576039587412247,1.3000000000000185,rd_peak,,,,18.75,pre4_impact,raw,ops_plus3,16,fastest_credible,rect
,,16,home_2ms,52.60798397381763,,5.914339153856631,35.4959470627704,-35.39194379893188,0.025000000000083844,12.294814964120402,2.3000000000000327,rd_peak,,,,6.25,pre4_impact,raw,ops_plus3,16,prior_weighted,hann
,,16,home_2ms,51.296930516926295,,5.652151430648206,17.189641868661617,-30.862698679066163,0.050000000000085976,19.81993667108818,1.3500000000000192,rd_peak,,,,12.5,pre4_impact,raw,ops_plus3,16,prior_weighted,rect
,,16,home_2ms,55.17696196514109,,7.854228011876582,55.88490217224911,-33.85460045991255,0.050000000000085976,13.61468622023903,2.2000000000000313,rd_peak,,,,6.25,pre4_impact,raw,ops_plus3,16,strongest,hann
,,16,home_2ms,51.296930516926295,,6.271075761238737,17.237222887396996,-27.297430602357764,0.050000000000085976,20.576039587412247,1.3000000000000185,rd_peak,,,,12.5,pre4_impact,raw,ops_plus3,16,strongest,rect
,,16,home_2ms,50.0763907719939,,8.173789566907907,55.92558771280511,4.158346595427172,3.5500000000001357,14.943515607689324,2.2000000000000313,rd_peak,,,,6.25,pre4_impact,raw,track,16,fastest_credible,hann
,,16,home_2ms,44.207700828085414,,7.842361455435484,11.18270167623612,-33.01631095113024,3.5730245009162207,21.79804271102055,1.3000000000000185,rd_peak,,,,6.25,pre4_impact,raw,track,16,fastest_credible,rect
,,16,home_2ms,44.1694851271366,,8.211261950775897,44.704196000202515,-29.016764280653923,2.45000000000012,11.1405250305469,2.600000000000037,rd_peak,,,,6.25,pre4_impact,raw,track,16,prior_weighted,hann
,,16,home_2ms,45.97710046533346,,5.979298658544668,11.825888460734724,-40.20297042176847,2.600000000000122,15.10432664877607,1.5000000000000213,rd_peak,,,,6.25,pre4_impact,raw,track,16,prior_weighted,rect
,,16,home_2ms,50.0763907719939,,8.173789566907907,59.2429235679855,4.158346595427172,3.5500000000001357,14.943515607689324,2.2000000000000313,rd_peak,,,,6.25,pre4_impact,raw,track,16,strongest,hann
,,16,home_2ms,51.28268585687125,,7.842361455435484,17.68607292344789,-24.079007580727463,3.173024500916215,21.79804271102055,1.3000000000000185,rd_peak,,,,12.5,pre4_impact,raw,track,16,strongest,rect
