[0;32m[OpenFlight][0m Grafana Alloy already running (log shipping active)
[0;32m[OpenFlight][0m Starting OpenFlight server on port 8080...
[0;32m[OpenFlight][0m Trigger: sound
[0;32m[OpenFlight][0m Debug mode enabled (verbose output)
[0;32m[OpenFlight][0m Camera disabled
[0;32m[OpenFlight][0m Ballistic carry model enabled (simulator + drag/Magnus)
[0;32m[OpenFlight][0m Waiting for server to start...
[1:18:31.394984448] [8289]  INFO Camera camera_manager.cpp:340 libcamera v0.7.0+rpt20260205
[1:18:31.403630409] [8306]  INFO RPI pisp.cpp:720 libpisp version v1.4.0 23-03-2026 (13:29:05)
[1:18:31.411907514] [8306]  INFO IPAProxy ipa_proxy.cpp:180 Using tuning file /usr/share/libcamera/ipa/rpi/pisp/ov9281_mono.json
[1:18:31.412941712] [8306]  INFO Camera camera_manager.cpp:223 Adding camera '/base/axi/pcie@1000120000/rp1/i2c@88000/ov9281@60' for pipeline handler rpi/pisp
[1:18:31.412959842] [8306]  INFO RPI pisp.cpp:1181 Registered camera /base/axi/pcie@1000120000/rp1/i2c@88000/ov9281@60 to CFE device /dev/media1 and ISP device /dev/media0 using PiSP variant BCM2712_D0
2026-08-09 11:34:25,706 - picamera2.picamera2 - INFO - Initialization successful.
2026-08-09 11:34:25,706 - picamera2.picamera2 - INFO - Camera now open.
2026-08-09 11:34:25,708 - picamera2.picamera2 - INFO - Camera configuration has been adjusted!
[1:18:31.415759248] [8289]  INFO Camera camera.cpp:1215 configuring streams: (0) 640x400-YUV420/SMPTE170M (1) 640x400-R16/RAW
[1:18:31.415835675] [8306]  INFO RPI pisp.cpp:1485 Sensor: /base/axi/pcie@1000120000/rp1/i2c@88000/ov9281@60 - Selected sensor format: 640x400-Y8_1X8/RAW - Selected CFE format: 640x400-Y16 /RAW/Linear/Rec601/Limited
2026-08-09 11:34:25,708 - picamera2.picamera2 - INFO - Configuration successful!
2026-08-09 11:34:25,744 - picamera2.picamera2 - INFO - Camera started
2026-08-09 11:34:25,946 - openflight.camera.capture_runtime - INFO - [CAMERA] Capture armed at 640x400 300.0fps (raw, 45 pre/15 post)
2026-08-09 11:34:25,953 - openflight.server - INFO - [SERVER] Camera capture initialized: {'enabled': True, 'output_dir': '/home/pacinoj/openflight_sessions/trackman/camera', 'gpio_pin_bcm': 17, 'trigger_source': 'iwr6843_fanout', 'width': 640, 'height': 400, 'fps': 300.0, 'pre_ms': 150.0, 'post_ms': 50.0, 'pre_frames': 45, 'post_frames': 15, 'exposure_us': 600, 'gain': 15.0, 'stream': 'raw', 'rotate_180': True, 'scaler_crop': None, 'mount_height_m': 0.20955}
2026-08-09 11:34:30,787 - openflight.gpio_factory - INFO - [GPIO] Pin factory: lgpio on /dev/gpiochip4
2026-08-09 11:34:30,790 - openflight.iwr6843.monitor - INFO - [IWR6843] Configured on BCM17 using /dev/ttyUSB0 (iwr6843_l3dump_wide_24f3ms_53bin_iq16.cfg, waiting for OPS)
2026-08-09 11:34:30,790 - openflight.server - INFO - [SERVER] IWR6843 initialized (port=/dev/ttyUSB0, BCM17, estimator=LCMF-v1, firmware boundary freeze)
2026-08-09 11:34:31,553 - ops243 - INFO - [OPS] Transport=usb port=/dev/serial/by-id/usb-Infineon_IFX_CDC-if00 baud=57600 (nominal)
2026-08-09 11:34:31,554 - ops243 - INFO - [OPS] USB serial latency_timer unavailable: port=/dev/serial/by-id/usb-Infineon_IFX_CDC-if00 resolved=/dev/ttyACM0 (latency_timer not exposed)
2026-08-09 11:34:32,164 - ops243 - INFO - [OPS] Units: MPH
2026-08-09 11:34:32,342 - ops243 - INFO - [OPS] Transmit power: level 3 (reduced to avoid clipping)
2026-08-09 11:34:32,449 - ops243 - INFO - [OPS] Sample rate: 30ksps
2026-08-09 11:34:32,649 - ops243 - INFO - [OPS] Re-arm drain: 0 bytes in 0.2s
2026-08-09 11:34:33,000 - ops243 - INFO - [OPS] Rolling buffer re-armed (S#16)
2026-08-09 11:34:33,001 - ops243 - INFO - [OPS] Persisted rolling buffer prepared (S#16, 30ksps)
2026-08-09 11:34:33,001 - openflight.rolling_buffer.monitor - INFO - [MONITOR] Rolling buffer mode configured with S#16, S=30
2026-08-09 11:34:33,001 - openflight.server - INFO - [SERVER] Starting monitor: mode=rolling-buffer, trigger=sound, sample_rate=30ksps
2026-08-09 11:34:33,462 - ops243 - INFO - [OPS] Clock sync: method=integer_rollover offset=1786284952.457s best_read_latency=0.2ms spread=989.2ms rollover_uncertainty=10.8ms (30/30 valid)
2026-08-09 11:34:33,463 - openflight.rolling_buffer.trigger - INFO - [TRIGGER] Waiting for sound trigger (timeout=30s)...
2026-08-09 11:34:33,463 - openflight.rolling_buffer.monitor - INFO - [MONITOR] Rolling buffer monitor started (trigger: sound)
2026-08-09 11:34:33,464 - openflight.iwr6843.monitor - INFO - [IWR6843] Armed on BCM17
2026-08-09 11:34:33,465 - werkzeug - WARNING - Werkzeug appears to be used in a production deployment. Consider switching to a production web server instead.
==================================================
  OpenFlight UI Server
==================================================

Session logging enabled (location: trackman)
Ballistic carry model: ENABLED (simulator + drag/Magnus)
Camera capture enabled: /home/pacinoj/openflight_sessions/trackman/camera
Camera disabled by --no-camera flag
IWR6843 enabled (LCMF-v1 launch angle, BCM17, normal TX order)
IWR6843 raw dumps enabled: /home/pacinoj/openflight_sessions/iwr6843
Inclinometer enabled (raw pitch +0.47deg, calibrated +0.20deg)
IWR6843 tilt: configured 12.00deg, effective 12.20deg
[MODE] Rolling buffer mode (trigger: sound, sample_rate: 30ksps)
[SESSION] Started logging: /home/pacinoj/openflight_sessions/session_20260809_113433_trackman.jsonl
[SESSION] Mode: rolling-buffer (trigger: sound)
[SESSION] Raw radar log: /home/pacinoj/openflight_sessions/radar_raw_20260809_113433.log
Server starting at http://0.0.0.0:8080

 * Serving Flask app 'openflight.server'
 * Debug mode: off
2026-08-09 11:34:33,474 - werkzeug - INFO - [31m[1mWARNING: This is a development server. Do not use it in a production deployment. Use a production WSGI server instead.[0m
 * Running on all addresses (0.0.0.0)
 * Running on http://127.0.0.1:8080
 * Running on http://192.168.87.197:8080
2026-08-09 11:34:33,475 - werkzeug - INFO - [33mPress CTRL+C to quit[0m
2026-08-09 11:34:33,640 - werkzeug - INFO - 127.0.0.1 - - [09/Aug/2026 11:34:33] "GET / HTTP/1.1" 200 -
2026-08-09 11:34:33,655 - werkzeug - INFO - 127.0.0.1 - - [09/Aug/2026 11:34:33] "GET / HTTP/1.1" 200 -
[0;32m[OpenFlight][0m Server is running!
[0;32m[OpenFlight][0m Launching kiosk browser...
[0;32m[OpenFlight][0m OpenFlight is running! Press Ctrl+C to stop.
[8420:8420:0809/113434.141679:ERROR:base/memory/shared_memory_switch.cc:289] Failed global descriptor lookup: 7
Error: unrecognized flag --no-decommit-pooled-pages
Try --help for options
Error: unrecognized flag --no-decommit-pooled-pages
Try --help for options
2026-08-09 11:34:34,352 - werkzeug - INFO - 127.0.0.1 - - [09/Aug/2026 11:34:34] "[36mGET / HTTP/1.1[0m" 304 -
2026-08-09 11:34:34,377 - werkzeug - INFO - 127.0.0.1 - - [09/Aug/2026 11:34:34] "[36mGET /assets/index-e59ysfWM.js HTTP/1.1[0m" 304 -
2026-08-09 11:34:34,382 - werkzeug - INFO - 127.0.0.1 - - [09/Aug/2026 11:34:34] "[36mGET /assets/index-l8iLdKab.css HTTP/1.1[0m" 304 -
[8489:8489:0809/113436.934238:ERROR:base/memory/shared_memory_switch.cc:289] Failed global descriptor lookup: 7
[8354:8391:0809/113437.435621:ERROR:google_apis/gcm/engine/registration_request.cc:291] Registration response error message: DEPRECATED_ENDPOINT
2026-08-09 11:34:47,244 - ops243 - DEBUG - [OPS] Hardware trigger: first byte after 13.8s
2026-08-09 11:34:49,572 - openflight.iwr6843.monitor - INFO - [IWR6843] Trigger #1: dumping firmware-frozen L3 ring
2026-08-09 11:34:50,596 - openflight.camera.capture_runtime - INFO - [CAMERA] Capture #1 saved: 60 frames, 287.9fps, gaps=0 -> /home/pacinoj/openflight_sessions/trackman/camera/camera_20260809_113449_571_001
2026-08-09 11:34:51,423 - ops243 - INFO - [OPS] Hardware trigger: 41037 bytes in 18.0s
2026-08-09 11:34:51,424 - openflight.rolling_buffer.trigger - INFO - [TRIGGER] Sound trigger fired, 41037 bytes received
2026-08-09 11:34:51,816 - ops243 - INFO - [OPS] Clock sync: method=integer_rollover offset=1786284952.456s best_read_latency=0.2ms spread=989.2ms rollover_uncertainty=10.8ms (36/36 valid)
2026-08-09 11:34:51,817 - openflight.rolling_buffer.trigger - INFO - [TRIGGER] OPS clock sync selected: fresh offset=1786284952.456104s age=0.0ms (fresh=valid_integer_rollover, previous=valid_integer_rollover, delta=-0.5ms)
2026-08-09 11:34:52,018 - ops243 - INFO - [OPS] Re-arm drain: 0 bytes in 0.2s
2026-08-09 11:34:52,370 - ops243 - INFO - [OPS] Rolling buffer re-armed (S#16)
2026-08-09 11:34:52,371 - openflight.rolling_buffer.trigger - INFO - [TRIGGER] Sound trigger wall time 1786289689.567 (source=ops_clock_sync, first byte 1786289687.244, post-trigger 68.5ms)
2026-08-09 11:34:52,371 - openflight.rolling_buffer.trigger - INFO - [TRIGGER] Sound trigger accepted — peak 102.8 mph, 44 outbound readings
2026-08-09 11:34:52,383 - openflight.rolling_buffer.processor - INFO - [PROCESSOR] Ball speed: 102.8 mph (mode-based, 44 outbound readings)
2026-08-09 11:34:52,426 - openflight.rolling_buffer.processor - INFO - [PROCESSOR] Club speed: 83.2 mph at 19.2ms before ball
2026-08-09 11:34:52,426 - openflight.rolling_buffer.processor - INFO - [PROCESSOR] Impact estimate: OPS transition 63.5ms (club 83.3 mph @ 58.7ms -> ball 99.9 mph @ 68.3ms, delta=16.6 mph)
2026-08-09 11:34:52,494 - openflight.rolling_buffer.processor - INFO - [PROCESSOR] Ungated multitaper spin: 3625 RPM, evidence=7.86, fade=25.00 Hz, window=62.3ms
2026-08-09 11:34:52,494 - openflight.rolling_buffer.processor - INFO - [PROCESSOR] Spin result: 3625 RPM, SNR=7.86, quality=experimental
2026-08-09 11:34:52,494 - openflight.rolling_buffer.monitor - INFO - [MONITOR] process_capture: 122.9ms
2026-08-09 11:34:52,494 - openflight.rolling_buffer.monitor - INFO - [MONITOR] Shot detected: ball=102.8 mph, club=83.2, spin=3625
2026-08-09 11:34:52,496 - openflight.server - INFO - [SERVER] Shot callback: 102.8 mph
2026-08-09 11:34:52,497 - openflight.server - INFO - [SERVER] Inclinometer pitch: raw +0.23deg, calibrated -0.03deg, IWR tilt 11.97deg (age 38ms)
2026-08-09 11:34:56,669 - openflight.iwr6843.monitor - INFO - [IWR6843] Capture #1 complete: 732812 bytes in 7.10s
2026-08-09 11:34:57,413 - openflight.iwr6843.club - INFO - [CLUB] track=ops_speed_prior OPS=83.2 mph radial=38.6 m/s ratio=1.04 impact_error=0.011 m inliers=34 rms=0.37 bins
2026-08-09 11:34:57,483 - openflight.server - INFO - [SERVER] IWR6843 TX2 horizontal proxy: -3.59° (coherence 93%, status=hlcmf_v0_accepted)
2026-08-09 11:34:57,483 - openflight.server - INFO - [SERVER] IWR6843 LCMF-v1 launch: 19.14° (44 snapshots/12 frames, component std 1.23°)
2026-08-09 11:34:57,484 - openflight.server - INFO - [SERVER] Camera capture #1 matched -> /home/pacinoj/openflight_sessions/trackman/camera/camera_20260809_113449_571_001
2026-08-09 11:34:57,746 - openflight.server - INFO - [SERVER] Camera-assisted horizontal: selected=-3.5864774284223655 camera=None IWR=-3.5864774284223655 delta=None status=camera_withheld_fallback_iwr support=0/27
2026-08-09 11:34:58,044 - openflight.server - INFO - [SERVER] Camera/IWR chained club delivery: AoA None path None (status=rejected_no_ball, features=0, speed_ratio=None, velocity_mad=None mph, impact_frame=None)
2026-08-09 11:34:58,044 - openflight.server - INFO - [SERVER] Ball speed cosine correction: 102.8 -> 105.6 mph (LA 19.1)
2026-08-09 11:34:58,044 - openflight.server - INFO - [SERVER] Calculated spin: 4709 rpm (v=105.6 mph, LA=19.1 deg, measured was 3625 rpm)
2026-08-09 11:34:58,070 - openflight.server - INFO - [SERVER] Ballistic carry: 154 yds (spin: 4709 rpm, source: measured)
2026-08-09 11:34:58,071 - openflight.server - INFO - [SERVER] Shot: ball=105.6 mph, carry=139 yds, Launch: 19.1°
2026-08-09 11:34:58,071 - openflight.rolling_buffer.monitor - INFO - [SHOT] #1: ball=105.6 mph, club=83.2, carry=139 yds | trigger=18908ms, process=123ms, callback=5575ms, total=24608ms
2026-08-09 11:34:58,071 - openflight.rolling_buffer.trigger - INFO - [TRIGGER] Waiting for sound trigger (timeout=30s)...
2026-08-09 11:34:58,071 - ops243 - DEBUG - [OPS] Hardware trigger: first byte after 0.0s
2026-08-09 11:34:59,676 - ops243 - INFO - [OPS] Hardware trigger: 36986 bytes in 1.6s
2026-08-09 11:34:59,676 - openflight.rolling_buffer.trigger - INFO - [TRIGGER] Sound trigger fired, 36986 bytes received
2026-08-09 11:34:59,677 - openflight.rolling_buffer.processor - WARNING - [PROCESSOR] Incomplete capture (missing: sample_time, trigger_time, I). Response (36986 bytes): '2257,2272,2273,2269,2269,2257,2259,2271,2267,2272,2275,2269,2243,2233,2241,2279,2275,2244,2243,2265,2265,2240,2260,2247,2258,2234,2256,2234,2227,2223,2241,2231,2211,2204,2213,2237,2233,2231,2219,2225,2211,2197,2195,2191,2200,2193,2179,2169,2195,2162,2193,2185,2197,2180,2200,2169,2152,2137,2160,2149,2175,2164,2155,2142,2152,2152,2139,2120,2111,2133,2122,2128,2136,2129,2142,2125,2113,2109,2113,2097,2117,2096,2105,2096,2093,2107,2083,2067,2067,2088,2086,2089,2073,2081,2083,2083,2081,2058,2051,2061,'...
2026-08-09 11:34:59,877 - ops243 - INFO - [OPS] Re-arm drain: 0 bytes in 0.2s
2026-08-09 11:35:00,228 - ops243 - INFO - [OPS] Rolling buffer re-armed (S#16)
2026-08-09 11:35:00,229 - openflight.rolling_buffer.trigger - WARNING - [TRIGGER] Sound trigger parse failed (36986 bytes received)
2026-08-09 11:35:00,230 - openflight.rolling_buffer.trigger - INFO - [TRIGGER] Waiting for sound trigger (timeout=30s)...
2026-08-09 11:35:02,251 - ops243 - DEBUG - [OPS] Hardware trigger: first byte after 2.0s
[8354:8391:0809/113504.774647:ERROR:google_apis/gcm/engine/registration_request.cc:291] Registration response error message: DEPRECATED_ENDPOINT
2026-08-09 11:35:16,751 - openflight.iwr6843.monitor - INFO - [IWR6843] Trigger #2: dumping firmware-frozen L3 ring
2026-08-09 11:35:17,744 - openflight.camera.capture_runtime - INFO - [CAMERA] Capture #2 saved: 60 frames, 287.9fps, gaps=0 -> /home/pacinoj/openflight_sessions/trackman/camera/camera_20260809_113516_751_002
2026-08-09 11:35:18,600 - ops243 - INFO - [OPS] Hardware trigger: 41037 bytes in 18.4s
2026-08-09 11:35:18,600 - openflight.rolling_buffer.trigger - INFO - [TRIGGER] Sound trigger fired, 41037 bytes received
2026-08-09 11:35:19,465 - ops243 - INFO - [OPS] Clock sync: method=integer_rollover offset=1786284952.459s best_read_latency=0.1ms spread=989.0ms rollover_uncertainty=11.0ms (80/80 valid)
2026-08-09 11:35:19,465 - openflight.rolling_buffer.trigger - INFO - [TRIGGER] OPS clock sync selected: fresh offset=1786284952.459345s age=0.0ms (fresh=valid_integer_rollover, previous=valid_integer_rollover, delta=3.2ms)
2026-08-09 11:35:19,665 - ops243 - INFO - [OPS] Re-arm drain: 0 bytes in 0.2s
2026-08-09 11:35:20,017 - ops243 - INFO - [OPS] Rolling buffer re-armed (S#16)
2026-08-09 11:35:20,017 - openflight.rolling_buffer.trigger - INFO - [TRIGGER] Sound trigger wall time 1786289716.753 (source=ops_clock_sync, first byte 1786289702.251, post-trigger 68.5ms)
2026-08-09 11:35:20,017 - openflight.rolling_buffer.trigger - INFO - [TRIGGER] Sound trigger accepted — peak 103.7 mph, 46 outbound readings
2026-08-09 11:35:20,031 - openflight.rolling_buffer.processor - INFO - [PROCESSOR] Ball speed: 103.7 mph (mode-based, 46 outbound readings)
2026-08-09 11:35:20,069 - openflight.rolling_buffer.processor - INFO - [PROCESSOR] Club speed: 82.0 mph at 19.2ms before ball
2026-08-09 11:35:20,070 - openflight.rolling_buffer.processor - INFO - [PROCESSOR] Impact estimate: OPS transition 66.7ms (club 83.8 mph @ 60.8ms -> ball 101.0 mph @ 72.5ms, delta=17.2 mph)
2026-08-09 11:35:20,117 - openflight.rolling_buffer.processor - INFO - [PROCESSOR] Ungated multitaper spin: 4834 RPM, evidence=3.15, fade=25.00 Hz, window=60.1ms
2026-08-09 11:35:20,117 - openflight.rolling_buffer.processor - INFO - [PROCESSOR] Spin result: 4834 RPM, SNR=3.15, quality=experimental
2026-08-09 11:35:20,117 - openflight.rolling_buffer.monitor - INFO - [MONITOR] process_capture: 100.0ms
2026-08-09 11:35:20,117 - openflight.rolling_buffer.monitor - INFO - [MONITOR] Shot detected: ball=103.7 mph, club=82.0, spin=4834
2026-08-09 11:35:20,120 - openflight.server - INFO - [SERVER] Shot callback: 103.7 mph
2026-08-09 11:35:20,120 - openflight.server - INFO - [SERVER] Inclinometer pitch: raw +0.47deg, calibrated +0.20deg, IWR tilt 12.20deg (age 73ms)
2026-08-09 11:35:23,847 - openflight.iwr6843.monitor - INFO - [IWR6843] Capture #2 complete: 732812 bytes in 7.10s
2026-08-09 11:35:24,505 - openflight.iwr6843.club - INFO - [CLUB] track=ops_speed_prior OPS=82.0 mph radial=30.9 m/s ratio=0.84 impact_error=0.053 m inliers=41 rms=0.29 bins
2026-08-09 11:35:24,563 - openflight.server - INFO - [SERVER] IWR6843 TX2 horizontal proxy: 0.40° (coherence 90%, status=hlcmf_v0_accepted)
2026-08-09 11:35:24,563 - openflight.server - INFO - [SERVER] IWR6843 LCMF-v1 launch: 22.14° (43 snapshots/12 frames, component std 0.02°)
2026-08-09 11:35:24,563 - openflight.server - INFO - [SERVER] Camera capture #2 matched -> /home/pacinoj/openflight_sessions/trackman/camera/camera_20260809_113516_751_002
2026-08-09 11:35:24,807 - openflight.server - INFO - [SERVER] Camera-assisted horizontal: selected=0.4017732903068499 camera=None IWR=0.4017732903068499 delta=None status=camera_withheld_fallback_iwr support=0/27
2026-08-09 11:35:25,103 - openflight.server - INFO - [SERVER] Camera/IWR chained club delivery: AoA None path None (status=rejected_no_ball, features=0, speed_ratio=None, velocity_mad=None mph, impact_frame=None)
2026-08-09 11:35:25,103 - openflight.server - INFO - [SERVER] Ball speed cosine correction: 103.7 -> 106.7 mph (LA 22.1)
2026-08-09 11:35:25,104 - openflight.server - INFO - [SERVER] Calculated spin: 5626 rpm (v=106.7 mph, LA=22.1 deg, measured was 4834 rpm)
2026-08-09 11:35:25,131 - openflight.server - INFO - [SERVER] Ballistic carry: 160 yds (spin: 5626 rpm, source: measured)
2026-08-09 11:35:25,132 - openflight.server - INFO - [SERVER] Shot: ball=106.7 mph, carry=148 yds, Launch: 22.1°
2026-08-09 11:35:25,132 - openflight.rolling_buffer.monitor - INFO - [SHOT] #2: ball=106.7 mph, club=82.0, carry=148 yds | trigger=19787ms, process=100ms, callback=5013ms, total=24903ms
2026-08-09 11:35:25,132 - openflight.rolling_buffer.trigger - INFO - [TRIGGER] Waiting for sound trigger (timeout=30s)...
2026-08-09 11:35:32,246 - ops243 - DEBUG - [OPS] Hardware trigger: first byte after 7.1s
2026-08-09 11:35:46,514 - openflight.iwr6843.monitor - INFO - [IWR6843] Trigger #3: dumping firmware-frozen L3 ring
2026-08-09 11:35:47,457 - openflight.camera.capture_runtime - INFO - [CAMERA] Capture #3 saved: 60 frames, 287.9fps, gaps=0 -> /home/pacinoj/openflight_sessions/trackman/camera/camera_20260809_113546_514_003
2026-08-09 11:35:48,367 - ops243 - INFO - [OPS] Hardware trigger: 41039 bytes in 23.2s
2026-08-09 11:35:48,368 - openflight.rolling_buffer.trigger - INFO - [TRIGGER] Sound trigger fired, 41039 bytes received
2026-08-09 11:35:48,756 - ops243 - INFO - [OPS] Clock sync: method=integer_rollover offset=1786284952.450s best_read_latency=0.1ms spread=989.5ms rollover_uncertainty=10.5ms (36/36 valid)
2026-08-09 11:35:48,756 - openflight.rolling_buffer.trigger - INFO - [TRIGGER] OPS clock sync selected: fresh offset=1786284952.449924s age=0.0ms (fresh=valid_integer_rollover, previous=valid_integer_rollover, delta=-9.4ms)
2026-08-09 11:35:48,957 - ops243 - INFO - [OPS] Re-arm drain: 0 bytes in 0.2s
2026-08-09 11:35:49,307 - ops243 - INFO - [OPS] Rolling buffer re-armed (S#16)
2026-08-09 11:35:49,307 - openflight.rolling_buffer.trigger - INFO - [TRIGGER] Sound trigger wall time 1786289746.508 (source=ops_clock_sync, first byte 1786289732.246, post-trigger 68.5ms)
2026-08-09 11:35:49,307 - openflight.rolling_buffer.trigger - INFO - [TRIGGER] Sound trigger accepted — peak 107.1 mph, 40 outbound readings
2026-08-09 11:35:49,323 - openflight.rolling_buffer.processor - INFO - [PROCESSOR] Ball speed: 107.1 mph (mode-based, 40 outbound readings)
2026-08-09 11:35:49,359 - openflight.rolling_buffer.processor - INFO - [PROCESSOR] Club speed: 84.8 mph at 19.2ms before ball
2026-08-09 11:35:49,360 - openflight.rolling_buffer.processor - INFO - [PROCESSOR] Impact estimate: OPS transition 63.5ms (club 87.2 mph @ 57.6ms -> ball 104.5 mph @ 69.3ms, delta=17.3 mph)
2026-08-09 11:35:49,405 - openflight.rolling_buffer.processor - INFO - [PROCESSOR] Ungated multitaper spin: 3845 RPM, evidence=5.71, fade=25.00 Hz, window=63.3ms
2026-08-09 11:35:49,405 - openflight.rolling_buffer.processor - INFO - [PROCESSOR] Spin result: 3845 RPM, SNR=5.71, quality=experimental
2026-08-09 11:35:49,405 - openflight.rolling_buffer.monitor - INFO - [MONITOR] process_capture: 97.5ms
2026-08-09 11:35:49,406 - openflight.rolling_buffer.monitor - INFO - [MONITOR] Shot detected: ball=107.1 mph, club=84.8, spin=3845
2026-08-09 11:35:49,407 - openflight.server - INFO - [SERVER] Shot callback: 107.1 mph
2026-08-09 11:35:49,407 - openflight.server - INFO - [SERVER] Inclinometer pitch: raw +0.35deg, calibrated +0.08deg, IWR tilt 12.08deg (age 66ms)
2026-08-09 11:35:53,612 - openflight.iwr6843.monitor - INFO - [IWR6843] Capture #3 complete: 732812 bytes in 7.10s
2026-08-09 11:35:54,333 - openflight.iwr6843.club - INFO - [CLUB] track=ops_speed_prior OPS=84.8 mph radial=38.5 m/s ratio=1.01 impact_error=0.003 m inliers=43 rms=0.39 bins
2026-08-09 11:35:54,398 - openflight.server - INFO - [SERVER] IWR6843 TX2 horizontal proxy: -0.83° (coherence 91%, status=hlcmf_v0_accepted)
2026-08-09 11:35:54,398 - openflight.server - INFO - [SERVER] IWR6843 LCMF-v1 launch: 21.93° (41 snapshots/11 frames, component std 0.22°)
2026-08-09 11:35:54,399 - openflight.server - INFO - [SERVER] Camera capture #3 matched -> /home/pacinoj/openflight_sessions/trackman/camera/camera_20260809_113546_514_003
2026-08-09 11:35:54,639 - openflight.server - INFO - [SERVER] Camera-assisted horizontal: selected=-0.8300197850183801 camera=None IWR=-0.8300197850183801 delta=None status=camera_withheld_fallback_iwr support=0/27
2026-08-09 11:35:54,935 - openflight.server - INFO - [SERVER] Camera/IWR chained club delivery: AoA None path None (status=rejected_no_ball, features=0, speed_ratio=None, velocity_mad=None mph, impact_frame=None)
2026-08-09 11:35:54,935 - openflight.server - INFO - [SERVER] Ball speed cosine correction: 107.1 -> 110.1 mph (LA 21.9)
2026-08-09 11:35:54,935 - openflight.server - INFO - [SERVER] Calculated spin: 5744 rpm (v=110.1 mph, LA=21.9 deg, measured was 3845 rpm)
2026-08-09 11:35:54,964 - openflight.server - INFO - [SERVER] Ballistic carry: 167 yds (spin: 5744 rpm, source: measured)
2026-08-09 11:35:54,966 - openflight.server - INFO - [SERVER] Shot: ball=110.1 mph, carry=157 yds, Launch: 21.9°
2026-08-09 11:35:54,966 - openflight.rolling_buffer.monitor - INFO - [SHOT] #3: ball=110.1 mph, club=84.8, carry=157 yds | trigger=24175ms, process=98ms, callback=5558ms, total=29833ms
2026-08-09 11:35:54,966 - openflight.rolling_buffer.trigger - INFO - [TRIGGER] Waiting for sound trigger (timeout=30s)...
[8354:8391:0809/113559.906778:ERROR:google_apis/gcm/engine/registration_request.cc:291] Registration response error message: DEPRECATED_ENDPOINT
2026-08-09 11:36:02,255 - ops243 - DEBUG - [OPS] Hardware trigger: first byte after 7.3s
2026-08-09 11:36:09,738 - werkzeug - INFO - 127.0.0.1 - - [09/Aug/2026 11:36:09] "GET /api/camera/preview.jpg?t=1786289769727 HTTP/1.1" 200 -
2026-08-09 11:36:14,734 - werkzeug - INFO - 127.0.0.1 - - [09/Aug/2026 11:36:14] "GET /api/camera/preview.jpg?t=1786289774728 HTTP/1.1" 200 -
2026-08-09 11:36:19,736 - werkzeug - INFO - 127.0.0.1 - - [09/Aug/2026 11:36:19] "GET /api/camera/preview.jpg?t=1786289779728 HTTP/1.1" 200 -
2026-08-09 11:36:24,967 - ops243 - INFO - [OPS] Hardware trigger: 4 bytes in 30.0s
2026-08-09 11:36:24,971 - openflight.rolling_buffer.trigger - INFO - [TRIGGER] Sound trigger fired, 4 bytes received
2026-08-09 11:36:24,971 - openflight.rolling_buffer.processor - WARNING - [PROCESSOR] Incomplete capture (missing: sample_time, trigger_time, I, Q). Response (4 bytes): '\n\n\n\n'
2026-08-09 11:36:25,172 - ops243 - INFO - [OPS] Re-arm drain: 0 bytes in 0.2s
2026-08-09 11:36:25,522 - ops243 - INFO - [OPS] Rolling buffer re-armed (S#16)
2026-08-09 11:36:25,523 - openflight.rolling_buffer.trigger - WARNING - [TRIGGER] Sound trigger parse failed (4 bytes received)
2026-08-09 11:36:25,523 - openflight.rolling_buffer.trigger - INFO - [TRIGGER] Waiting for sound trigger (timeout=30s)...
2026-08-09 11:36:32,251 - ops243 - DEBUG - [OPS] Hardware trigger: first byte after 6.7s
2026-08-09 11:36:33,393 - openflight.iwr6843.monitor - INFO - [IWR6843] Trigger #4: dumping firmware-frozen L3 ring
2026-08-09 11:36:34,374 - openflight.camera.capture_runtime - INFO - [CAMERA] Capture #4 saved: 60 frames, 287.9fps, gaps=0 -> /home/pacinoj/openflight_sessions/trackman/camera/camera_20260809_113633_392_004
2026-08-09 11:36:35,245 - ops243 - INFO - [OPS] Hardware trigger: 41037 bytes in 9.7s
2026-08-09 11:36:35,245 - openflight.rolling_buffer.trigger - INFO - [TRIGGER] Sound trigger fired, 41037 bytes received
2026-08-09 11:36:35,639 - ops243 - INFO - [OPS] Clock sync: method=integer_rollover offset=1786284952.449s best_read_latency=0.2ms spread=989.2ms rollover_uncertainty=10.8ms (36/36 valid)
2026-08-09 11:36:35,639 - openflight.rolling_buffer.trigger - INFO - [TRIGGER] OPS clock sync selected: fresh offset=1786284952.448597s age=0.0ms (fresh=valid_integer_rollover, previous=valid_integer_rollover, delta=-1.3ms)
2026-08-09 11:36:35,839 - ops243 - INFO - [OPS] Re-arm drain: 0 bytes in 0.2s
2026-08-09 11:36:36,191 - ops243 - INFO - [OPS] Rolling buffer re-armed (S#16)
2026-08-09 11:36:36,191 - openflight.rolling_buffer.trigger - INFO - [TRIGGER] Sound trigger wall time 1786289793.389 (source=ops_clock_sync, first byte 1786289792.251, post-trigger 68.5ms)
2026-08-09 11:36:36,191 - openflight.rolling_buffer.trigger - INFO - [TRIGGER] Sound trigger accepted — peak 107.3 mph, 46 outbound readings
2026-08-09 11:36:36,206 - openflight.rolling_buffer.processor - INFO - [PROCESSOR] Ball speed: 107.3 mph (mode-based, 46 outbound readings)
2026-08-09 11:36:36,249 - openflight.rolling_buffer.processor - INFO - [PROCESSOR] Club speed: 85.2 mph at 19.2ms before ball
2026-08-09 11:36:36,249 - openflight.rolling_buffer.processor - INFO - [PROCESSOR] Impact estimate: OPS transition 65.6ms (club 87.5 mph @ 59.7ms -> ball 104.6 mph @ 71.5ms, delta=17.1 mph)
2026-08-09 11:36:36,316 - openflight.rolling_buffer.processor - INFO - [PROCESSOR] Ungated multitaper spin: 9119 RPM, evidence=3.03, fade=25.00 Hz, window=61.2ms
2026-08-09 11:36:36,316 - openflight.rolling_buffer.processor - INFO - [PROCESSOR] Spin result: 9119 RPM, SNR=3.03, quality=experimental
2026-08-09 11:36:36,316 - openflight.rolling_buffer.monitor - INFO - [MONITOR] process_capture: 123.6ms
2026-08-09 11:36:36,316 - openflight.rolling_buffer.monitor - INFO - [MONITOR] Shot detected: ball=107.3 mph, club=85.2, spin=9119
2026-08-09 11:36:36,318 - openflight.server - INFO - [SERVER] Shot callback: 107.3 mph
2026-08-09 11:36:36,318 - openflight.server - INFO - [SERVER] Inclinometer pitch: raw +0.32deg, calibrated +0.05deg, IWR tilt 12.05deg (age 83ms)
2026-08-09 11:36:40,488 - openflight.iwr6843.monitor - INFO - [IWR6843] Capture #4 complete: 732812 bytes in 7.10s
2026-08-09 11:36:41,166 - openflight.iwr6843.club - INFO - [CLUB] track=ops_speed_prior OPS=85.2 mph radial=34.8 m/s ratio=0.91 impact_error=0.035 m inliers=48 rms=0.31 bins
2026-08-09 11:36:41,265 - openflight.server - INFO - [SERVER] IWR6843 TX2 horizontal proxy: -1.97° (coherence 93%, status=hlcmf_v0_accepted)
2026-08-09 11:36:41,265 - openflight.server - INFO - [SERVER] IWR6843 LCMF-v1 launch: 19.80° (42 snapshots/12 frames, component std 0.24°)
2026-08-09 11:36:41,265 - openflight.server - INFO - [SERVER] Camera capture #4 matched -> /home/pacinoj/openflight_sessions/trackman/camera/camera_20260809_113633_392_004
2026-08-09 11:36:41,509 - openflight.server - INFO - [SERVER] Camera-assisted horizontal: selected=-1.9698879456082303 camera=None IWR=-1.9698879456082303 delta=None status=camera_withheld_fallback_iwr support=0/27
2026-08-09 11:36:41,806 - openflight.server - INFO - [SERVER] Camera/IWR chained club delivery: AoA None path None (status=rejected_no_ball, features=0, speed_ratio=None, velocity_mad=None mph, impact_frame=None)
2026-08-09 11:36:41,806 - openflight.server - INFO - [SERVER] Ball speed cosine correction: 107.3 -> 110.1 mph (LA 19.8)
2026-08-09 11:36:41,806 - openflight.server - INFO - [SERVER] Calculated spin: 5107 rpm (v=110.1 mph, LA=19.8 deg, measured was 9119 rpm)
2026-08-09 11:36:41,834 - openflight.server - INFO - [SERVER] Ballistic carry: 165 yds (spin: 5107 rpm, source: measured)
2026-08-09 11:36:41,835 - openflight.server - INFO - [SERVER] Shot: ball=110.1 mph, carry=153 yds, Launch: 19.8°
2026-08-09 11:36:41,835 - openflight.rolling_buffer.monitor - INFO - [SHOT] #4: ball=110.1 mph, club=85.2, carry=153 yds | trigger=10668ms, process=124ms, callback=5517ms, total=16312ms
2026-08-09 11:36:41,835 - openflight.rolling_buffer.trigger - INFO - [TRIGGER] Waiting for sound trigger (timeout=30s)...
2026-08-09 11:36:47,255 - ops243 - DEBUG - [OPS] Hardware trigger: first byte after 5.4s
2026-08-09 11:36:57,539 - openflight.iwr6843.monitor - INFO - [IWR6843] Trigger #5: dumping firmware-frozen L3 ring
2026-08-09 11:36:58,495 - openflight.camera.capture_runtime - INFO - [CAMERA] Capture #5 saved: 60 frames, 287.9fps, gaps=0 -> /home/pacinoj/openflight_sessions/trackman/camera/camera_20260809_113657_539_005
2026-08-09 11:36:59,392 - ops243 - INFO - [OPS] Hardware trigger: 41037 bytes in 17.6s
2026-08-09 11:36:59,392 - openflight.rolling_buffer.trigger - INFO - [TRIGGER] Sound trigger fired, 41037 bytes received
2026-08-09 11:36:59,785 - ops243 - INFO - [OPS] Clock sync: method=integer_rollover offset=1786284952.456s best_read_latency=0.2ms spread=988.9ms rollover_uncertainty=11.1ms (36/36 valid)
2026-08-09 11:36:59,785 - openflight.rolling_buffer.trigger - INFO - [TRIGGER] OPS clock sync selected: fresh offset=1786284952.455861s age=0.0ms (fresh=valid_integer_rollover, previous=valid_integer_rollover, delta=7.3ms)
2026-08-09 11:36:59,985 - ops243 - INFO - [OPS] Re-arm drain: 0 bytes in 0.2s
2026-08-09 11:37:00,336 - ops243 - INFO - [OPS] Rolling buffer re-armed (S#16)
2026-08-09 11:37:00,337 - openflight.rolling_buffer.trigger - INFO - [TRIGGER] Sound trigger wall time 1786289817.545 (source=ops_clock_sync, first byte 1786289807.256, post-trigger 68.5ms)
2026-08-09 11:37:00,337 - openflight.rolling_buffer.trigger - INFO - [TRIGGER] Sound trigger accepted — peak 106.9 mph, 43 outbound readings
2026-08-09 11:37:00,351 - openflight.rolling_buffer.processor - INFO - [PROCESSOR] Ball speed: 106.9 mph (mode-based, 43 outbound readings)
2026-08-09 11:37:00,388 - openflight.rolling_buffer.processor - INFO - [PROCESSOR] Club speed: 84.5 mph at 18.1ms before ball
2026-08-09 11:37:00,389 - openflight.rolling_buffer.processor - INFO - [PROCESSOR] Impact estimate: OPS transition 63.5ms (club 85.1 mph @ 58.7ms -> ball 104.0 mph @ 68.3ms, delta=18.8 mph)
2026-08-09 11:37:00,390 - openflight.rolling_buffer.processor - INFO - [PROCESSOR] Multitaper repaired 0.05% clipped I/Q samples
2026-08-09 11:37:00,437 - openflight.rolling_buffer.processor - INFO - [PROCESSOR] Ungated multitaper spin: 10876 RPM, evidence=1.09, fade=25.00 Hz, window=63.3ms
2026-08-09 11:37:00,437 - openflight.rolling_buffer.processor - INFO - [PROCESSOR] Spin result: 10876 RPM, SNR=1.09, quality=experimental
2026-08-09 11:37:00,438 - openflight.rolling_buffer.monitor - INFO - [MONITOR] process_capture: 100.7ms
2026-08-09 11:37:00,438 - openflight.rolling_buffer.monitor - INFO - [MONITOR] Shot detected: ball=106.9 mph, club=84.5, spin=10876
2026-08-09 11:37:00,440 - openflight.server - INFO - [SERVER] Shot callback: 106.9 mph
2026-08-09 11:37:00,440 - openflight.server - INFO - [SERVER] Inclinometer pitch: raw +0.26deg, calibrated -0.00deg, IWR tilt 12.00deg (age 73ms)
2026-08-09 11:37:04,636 - openflight.iwr6843.monitor - INFO - [IWR6843] Capture #5 complete: 732812 bytes in 7.10s
2026-08-09 11:37:05,328 - openflight.iwr6843.club - INFO - [CLUB] track=ops_speed_prior OPS=84.5 mph radial=35.1 m/s ratio=0.93 impact_error=0.032 m inliers=45 rms=0.26 bins
2026-08-09 11:37:05,394 - openflight.server - INFO - [SERVER] IWR6843 TX2 horizontal proxy: 0.74° (coherence 92%, status=hlcmf_v0_accepted)
2026-08-09 11:37:05,394 - openflight.server - INFO - [SERVER] IWR6843 LCMF-v1 launch: 19.55° (40 snapshots/10 frames, component std 0.86°)
2026-08-09 11:37:05,395 - openflight.server - INFO - [SERVER] Camera capture #5 matched -> /home/pacinoj/openflight_sessions/trackman/camera/camera_20260809_113657_539_005
2026-08-09 11:37:05,640 - openflight.server - INFO - [SERVER] Camera-assisted horizontal: selected=0.7428716381714554 camera=None IWR=0.7428716381714554 delta=None status=camera_withheld_fallback_iwr support=0/27
2026-08-09 11:37:05,935 - openflight.server - INFO - [SERVER] Camera/IWR chained club delivery: AoA None path None (status=rejected_no_ball, features=0, speed_ratio=None, velocity_mad=None mph, impact_frame=None)
2026-08-09 11:37:05,936 - openflight.server - INFO - [SERVER] Ball speed cosine correction: 106.9 -> 109.7 mph (LA 19.5)
2026-08-09 11:37:05,936 - openflight.server - INFO - [SERVER] Calculated spin: 5013 rpm (v=109.7 mph, LA=19.5 deg, measured was 10876 rpm)
2026-08-09 11:37:05,962 - openflight.server - INFO - [SERVER] Ballistic carry: 164 yds (spin: 5013 rpm, source: measured)
2026-08-09 11:37:05,964 - openflight.server - INFO - [SERVER] Shot: ball=109.7 mph, carry=151 yds, Launch: 19.5°
2026-08-09 11:37:05,964 - openflight.rolling_buffer.monitor - INFO - [SHOT] #5: ball=109.7 mph, club=84.5, carry=151 yds | trigger=18501ms, process=101ms, callback=5524ms, total=24129ms
2026-08-09 11:37:05,964 - openflight.rolling_buffer.trigger - INFO - [TRIGGER] Waiting for sound trigger (timeout=30s)...
2026-08-09 11:37:17,247 - ops243 - DEBUG - [OPS] Hardware trigger: first byte after 11.3s
[8354:8391:0809/113721.213780:ERROR:google_apis/gcm/engine/registration_request.cc:291] Registration response error message: DEPRECATED_ENDPOINT
2026-08-09 11:37:28,852 - openflight.iwr6843.monitor - INFO - [IWR6843] Trigger #6: dumping firmware-frozen L3 ring
2026-08-09 11:37:29,863 - openflight.camera.capture_runtime - INFO - [CAMERA] Capture #6 saved: 60 frames, 287.9fps, gaps=0 -> /home/pacinoj/openflight_sessions/trackman/camera/camera_20260809_113728_852_006
2026-08-09 11:37:30,703 - ops243 - INFO - [OPS] Hardware trigger: 41037 bytes in 24.7s
2026-08-09 11:37:30,704 - openflight.rolling_buffer.trigger - INFO - [TRIGGER] Sound trigger fired, 41037 bytes received
2026-08-09 11:37:31,448 - ops243 - INFO - [OPS] Clock sync: method=integer_rollover offset=1786284952.443s best_read_latency=0.2ms spread=989.2ms rollover_uncertainty=10.8ms (69/69 valid)
2026-08-09 11:37:31,449 - openflight.rolling_buffer.trigger - INFO - [TRIGGER] OPS clock sync selected: fresh offset=1786284952.442938s age=0.0ms (fresh=valid_integer_rollover, previous=valid_integer_rollover, delta=-12.9ms)
2026-08-09 11:37:31,649 - ops243 - INFO - [OPS] Re-arm drain: 0 bytes in 0.2s
2026-08-09 11:37:32,001 - ops243 - INFO - [OPS] Rolling buffer re-armed (S#16)
2026-08-09 11:37:32,001 - openflight.rolling_buffer.trigger - INFO - [TRIGGER] Sound trigger wall time 1786289848.845 (source=ops_clock_sync, first byte 1786289837.247, post-trigger 68.5ms)
2026-08-09 11:37:32,002 - openflight.rolling_buffer.trigger - INFO - [TRIGGER] Sound trigger accepted — peak 101.4 mph, 51 outbound readings
2026-08-09 11:37:32,017 - openflight.rolling_buffer.processor - INFO - [PROCESSOR] Ball speed: 101.4 mph (mode-based, 51 outbound readings)
2026-08-09 11:37:32,059 - openflight.rolling_buffer.processor - INFO - [PROCESSOR] Club speed: 84.0 mph at 12.8ms before ball
2026-08-09 11:37:32,059 - openflight.rolling_buffer.processor - INFO - [PROCESSOR] Impact estimate: sound_trigger 68.0ms (speed_delta_below_threshold)
2026-08-09 11:37:32,141 - openflight.rolling_buffer.processor - INFO - [PROCESSOR] Ungated multitaper spin: 5823 RPM, evidence=19.84, fade=57.26 Hz, window=65.5ms
2026-08-09 11:37:32,141 - openflight.rolling_buffer.processor - INFO - [PROCESSOR] Spin result: 5823 RPM, SNR=19.84, quality=experimental
2026-08-09 11:37:32,141 - openflight.rolling_buffer.monitor - INFO - [MONITOR] process_capture: 139.1ms
2026-08-09 11:37:32,141 - openflight.rolling_buffer.monitor - INFO - [MONITOR] Shot detected: ball=101.4 mph, club=84.0, spin=5823
2026-08-09 11:37:32,143 - openflight.server - INFO - [SERVER] Shot callback: 101.4 mph
2026-08-09 11:37:32,144 - openflight.server - INFO - [SERVER] Inclinometer pitch: raw +0.32deg, calibrated +0.05deg, IWR tilt 12.05deg (age 26ms)
2026-08-09 11:37:35,948 - openflight.iwr6843.monitor - INFO - [IWR6843] Capture #6 complete: 732812 bytes in 7.10s
2026-08-09 11:37:36,665 - openflight.iwr6843.club - INFO - [CLUB] track=ops_speed_prior OPS=84.0 mph radial=32.0 m/s ratio=0.85 impact_error=0.055 m inliers=52 rms=0.40 bins
2026-08-09 11:37:36,780 - openflight.server - INFO - [SERVER] IWR6843 TX2 horizontal proxy: -8.92° (coherence 91%, status=hlcmf_v0_accepted)
2026-08-09 11:37:36,781 - openflight.server - INFO - [SERVER] IWR6843 LCMF-v1 launch: 14.58° (38 snapshots/10 frames, component std 0.56°)
2026-08-09 11:37:36,781 - openflight.server - INFO - [SERVER] Camera capture #6 matched -> /home/pacinoj/openflight_sessions/trackman/camera/camera_20260809_113728_852_006
2026-08-09 11:37:37,048 - openflight.server - INFO - [SERVER] Camera-assisted horizontal: selected=-8.915081971650693 camera=None IWR=-8.915081971650693 delta=None status=camera_withheld_fallback_iwr support=0/27
2026-08-09 11:37:37,347 - openflight.server - INFO - [SERVER] Camera/IWR chained club delivery: AoA None path None (status=rejected_no_ball, features=0, speed_ratio=None, velocity_mad=None mph, impact_frame=None)
2026-08-09 11:37:37,347 - openflight.server - INFO - [SERVER] Ball speed cosine correction: 101.4 -> 103.7 mph (LA 14.6)
2026-08-09 11:37:37,347 - openflight.server - INFO - [SERVER] Calculated spin: 3368 rpm (v=103.7 mph, LA=14.6 deg, measured was 5823 rpm)
2026-08-09 11:37:37,370 - openflight.server - INFO - [SERVER] Ballistic carry: 134 yds (spin: 3368 rpm, source: measured)
2026-08-09 11:37:37,371 - openflight.server - INFO - [SERVER] Shot: ball=103.7 mph, carry=132 yds, Launch: 14.6°
2026-08-09 11:37:37,371 - openflight.rolling_buffer.monitor - INFO - [SHOT] #6: ball=103.7 mph, club=84.0, carry=132 yds | trigger=26038ms, process=139ms, callback=5227ms, total=31407ms
2026-08-09 11:37:37,371 - openflight.rolling_buffer.trigger - INFO - [TRIGGER] Waiting for sound trigger (timeout=30s)...
2026-08-09 11:37:47,258 - ops243 - DEBUG - [OPS] Hardware trigger: first byte after 9.9s
2026-08-09 11:37:47,478 - openflight.iwr6843.monitor - INFO - [IWR6843] Trigger #7: dumping firmware-frozen L3 ring
2026-08-09 11:37:48,448 - openflight.camera.capture_runtime - INFO - [CAMERA] Capture #7 saved: 60 frames, 287.9fps, gaps=0 -> /home/pacinoj/openflight_sessions/trackman/camera/camera_20260809_113747_478_007
2026-08-09 11:37:49,328 - ops243 - INFO - [OPS] Hardware trigger: 41037 bytes in 12.0s
2026-08-09 11:37:49,329 - openflight.rolling_buffer.trigger - INFO - [TRIGGER] Sound trigger fired, 41037 bytes received
2026-08-09 11:37:49,715 - ops243 - INFO - [OPS] Clock sync: method=integer_rollover offset=1786284952.441s best_read_latency=0.2ms spread=989.4ms rollover_uncertainty=10.6ms (36/36 valid)
2026-08-09 11:37:49,715 - openflight.rolling_buffer.trigger - INFO - [TRIGGER] OPS clock sync selected: fresh offset=1786284952.441479s age=0.0ms (fresh=valid_integer_rollover, previous=valid_integer_rollover, delta=-1.5ms)
2026-08-09 11:37:49,915 - ops243 - INFO - [OPS] Re-arm drain: 0 bytes in 0.2s
2026-08-09 11:37:50,266 - ops243 - INFO - [OPS] Rolling buffer re-armed (S#16)
2026-08-09 11:37:50,266 - openflight.rolling_buffer.trigger - INFO - [TRIGGER] Sound trigger wall time 1786289867.472 (source=ops_clock_sync, first byte 1786289867.258, post-trigger 68.5ms)
2026-08-09 11:37:50,266 - openflight.rolling_buffer.trigger - INFO - [TRIGGER] Sound trigger accepted — peak 105.1 mph, 46 outbound readings
2026-08-09 11:37:50,280 - openflight.rolling_buffer.processor - INFO - [PROCESSOR] Ball speed: 105.1 mph (mode-based, 46 outbound readings)
2026-08-09 11:37:50,314 - openflight.rolling_buffer.processor - INFO - [PROCESSOR] Club speed: 83.7 mph at 20.3ms before ball
2026-08-09 11:37:50,314 - openflight.rolling_buffer.processor - INFO - [PROCESSOR] Impact estimate: OPS transition 67.2ms (club 85.9 mph @ 61.9ms -> ball 102.1 mph @ 72.5ms, delta=16.2 mph)
2026-08-09 11:37:50,316 - openflight.rolling_buffer.processor - INFO - [PROCESSOR] Multitaper repaired 0.12% clipped I/Q samples
2026-08-09 11:37:50,361 - openflight.rolling_buffer.processor - INFO - [PROCESSOR] Ungated multitaper spin: 6262 RPM, evidence=4.40, fade=25.00 Hz, window=58.0ms
2026-08-09 11:37:50,361 - openflight.rolling_buffer.processor - INFO - [PROCESSOR] Spin result: 6262 RPM, SNR=4.40, quality=experimental
2026-08-09 11:37:50,361 - openflight.rolling_buffer.monitor - INFO - [MONITOR] process_capture: 94.6ms
2026-08-09 11:37:50,361 - openflight.rolling_buffer.monitor - INFO - [MONITOR] Shot detected: ball=105.1 mph, club=83.7, spin=6262
2026-08-09 11:37:50,363 - openflight.server - INFO - [SERVER] Shot callback: 105.1 mph
2026-08-09 11:37:50,364 - openflight.server - INFO - [SERVER] Inclinometer pitch: raw +0.35deg, calibrated +0.08deg, IWR tilt 12.08deg (age 87ms)
2026-08-09 11:37:54,573 - openflight.iwr6843.monitor - INFO - [IWR6843] Capture #7 complete: 732812 bytes in 7.10s
2026-08-09 11:37:55,233 - openflight.iwr6843.club - INFO - [CLUB] track=ops_speed_prior OPS=83.7 mph radial=31.2 m/s ratio=0.83 impact_error=0.046 m inliers=51 rms=0.49 bins
2026-08-09 11:37:55,316 - openflight.server - INFO - [SERVER] IWR6843 TX2 horizontal proxy: 0.68° (coherence 90%, status=hlcmf_v0_accepted)
2026-08-09 11:37:55,316 - openflight.server - INFO - [SERVER] IWR6843 LCMF-v1 launch: 20.02° (42 snapshots/12 frames, component std 0.44°)
2026-08-09 11:37:55,316 - openflight.server - INFO - [SERVER] Camera capture #7 matched -> /home/pacinoj/openflight_sessions/trackman/camera/camera_20260809_113747_478_007
2026-08-09 11:37:55,567 - openflight.server - INFO - [SERVER] Camera-assisted horizontal: selected=0.6813303211320701 camera=None IWR=0.6813303211320701 delta=None status=camera_withheld_fallback_iwr support=0/27
2026-08-09 11:37:55,938 - openflight.server - INFO - [SERVER] Camera/IWR chained club delivery: AoA None path None (status=rejected_no_impact, features=0, speed_ratio=None, velocity_mad=None mph, impact_frame=None)
2026-08-09 11:37:55,938 - openflight.server - INFO - [SERVER] Ball speed cosine correction: 105.1 -> 107.9 mph (LA 20.0)
2026-08-09 11:37:55,938 - openflight.server - INFO - [SERVER] Calculated spin: 5071 rpm (v=107.9 mph, LA=20.0 deg, measured was 6262 rpm)
2026-08-09 11:37:55,965 - openflight.server - INFO - [SERVER] Ballistic carry: 161 yds (spin: 5071 rpm, source: measured)
2026-08-09 11:37:55,966 - openflight.server - INFO - [SERVER] Shot: ball=107.9 mph, carry=147 yds, Launch: 20.0°
2026-08-09 11:37:55,966 - openflight.rolling_buffer.monitor - INFO - [SHOT] #7: ball=107.9 mph, club=83.7, carry=147 yds | trigger=12895ms, process=95ms, callback=5603ms, total=18595ms
2026-08-09 11:37:55,966 - openflight.rolling_buffer.trigger - INFO - [TRIGGER] Waiting for sound trigger (timeout=30s)...
2026-08-09 11:38:02,249 - ops243 - DEBUG - [OPS] Hardware trigger: first byte after 6.3s
2026-08-09 11:38:03,363 - openflight.iwr6843.monitor - INFO - [IWR6843] Trigger #8: dumping firmware-frozen L3 ring
2026-08-09 11:38:04,490 - openflight.camera.capture_runtime - INFO - [CAMERA] Capture #8 saved: 60 frames, 287.9fps, gaps=0 -> /home/pacinoj/openflight_sessions/trackman/camera/camera_20260809_113803_363_008
2026-08-09 11:38:05,213 - ops243 - INFO - [OPS] Hardware trigger: 41037 bytes in 9.2s
2026-08-09 11:38:05,214 - openflight.rolling_buffer.trigger - INFO - [TRIGGER] Sound trigger fired, 41037 bytes received
2026-08-09 11:38:05,428 - ops243 - INFO - [OPS] Re-arm drain: 0 bytes in 0.2s
2026-08-09 11:38:05,779 - ops243 - INFO - [OPS] Rolling buffer re-armed (S#16)
2026-08-09 11:38:05,779 - openflight.rolling_buffer.trigger - INFO - [TRIGGER] Sound trigger rejected — no outbound speed >= 15 mph (peak=0.0 mph, 0 readings)
2026-08-09 11:38:05,779 - openflight.iwr6843.monitor - INFO - [IWR6843] Cancelling active capture: OPS rejected trigger: no_outbound_speed
2026-08-09 11:38:05,780 - openflight.rolling_buffer.trigger - INFO - [TRIGGER] Waiting for sound trigger (timeout=30s)...
2026-08-09 11:38:10,267 - openflight.iwr6843.monitor - INFO - [IWR6843] Capture #8 cancelled: OPS rejected trigger: no_outbound_speed
2026-08-09 11:38:10,267 - openflight.iwr6843.monitor - INFO - [IWR6843] Capture #8 complete: OPS rejected trigger: no_outbound_speed in 6.90s
2026-08-09 11:38:17,259 - ops243 - DEBUG - [OPS] Hardware trigger: first byte after 11.5s
2026-08-09 11:38:30,728 - openflight.iwr6843.monitor - INFO - [IWR6843] Trigger #9: dumping firmware-frozen L3 ring
2026-08-09 11:38:31,709 - openflight.camera.capture_runtime - INFO - [CAMERA] Capture #9 saved: 60 frames, 287.9fps, gaps=0 -> /home/pacinoj/openflight_sessions/trackman/camera/camera_20260809_113830_727_009
2026-08-09 11:38:32,580 - ops243 - INFO - [OPS] Hardware trigger: 41039 bytes in 26.8s
2026-08-09 11:38:32,580 - openflight.rolling_buffer.trigger - INFO - [TRIGGER] Sound trigger fired, 41039 bytes received
2026-08-09 11:38:33,444 - ops243 - INFO - [OPS] Clock sync: method=integer_rollover offset=1786284952.439s best_read_latency=0.2ms spread=989.4ms rollover_uncertainty=10.6ms (80/80 valid)
2026-08-09 11:38:33,445 - openflight.rolling_buffer.trigger - INFO - [TRIGGER] OPS clock sync selected: fresh offset=1786284952.438891s age=0.0ms (fresh=valid_integer_rollover, previous=valid_integer_rollover, delta=-2.6ms)
2026-08-09 11:38:33,645 - ops243 - INFO - [OPS] Re-arm drain: 0 bytes in 0.2s
2026-08-09 11:38:33,996 - ops243 - INFO - [OPS] Rolling buffer re-armed (S#16)
2026-08-09 11:38:33,996 - openflight.rolling_buffer.trigger - INFO - [TRIGGER] Sound trigger wall time 1786289910.721 (source=ops_clock_sync, first byte 1786289897.259, post-trigger 68.5ms)
2026-08-09 11:38:33,996 - openflight.rolling_buffer.trigger - INFO - [TRIGGER] Sound trigger accepted — peak 104.7 mph, 42 outbound readings
2026-08-09 11:38:34,005 - openflight.rolling_buffer.processor - INFO - [PROCESSOR] Ball speed: 104.7 mph (mode-based, 42 outbound readings)
2026-08-09 11:38:34,048 - openflight.rolling_buffer.processor - INFO - [PROCESSOR] Club speed: 84.4 mph at 18.1ms before ball
2026-08-09 11:38:34,048 - openflight.rolling_buffer.processor - INFO - [PROCESSOR] Impact estimate: OPS transition 64.5ms (club 85.3 mph @ 59.7ms -> ball 102.1 mph @ 69.3ms, delta=16.8 mph)
2026-08-09 11:38:34,049 - openflight.rolling_buffer.processor - INFO - [PROCESSOR] Multitaper repaired 0.05% clipped I/Q samples
2026-08-09 11:38:34,100 - openflight.rolling_buffer.processor - INFO - [PROCESSOR] Ungated multitaper spin: 3735 RPM, evidence=7.08, fade=25.00 Hz, window=62.3ms
2026-08-09 11:38:34,100 - openflight.rolling_buffer.processor - INFO - [PROCESSOR] Spin result: 3735 RPM, SNR=7.08, quality=experimental
2026-08-09 11:38:34,100 - openflight.rolling_buffer.monitor - INFO - [MONITOR] process_capture: 103.9ms
2026-08-09 11:38:34,100 - openflight.rolling_buffer.monitor - INFO - [MONITOR] Shot detected: ball=104.7 mph, club=84.4, spin=3735
2026-08-09 11:38:34,102 - openflight.server - INFO - [SERVER] Shot callback: 104.7 mph
2026-08-09 11:38:34,103 - openflight.server - INFO - [SERVER] Inclinometer pitch: raw +0.38deg, calibrated +0.11deg, IWR tilt 12.11deg (age 38ms)
2026-08-09 11:38:37,825 - openflight.iwr6843.monitor - INFO - [IWR6843] Capture #9 complete: 732812 bytes in 7.10s
2026-08-09 11:38:38,546 - openflight.iwr6843.club - INFO - [CLUB] track=ops_speed_prior OPS=84.4 mph radial=34.5 m/s ratio=0.92 impact_error=0.072 m inliers=54 rms=0.29 bins
2026-08-09 11:38:38,631 - openflight.server - INFO - [SERVER] IWR6843 TX2 horizontal proxy: 1.73° (coherence 90%, status=hlcmf_v0_accepted)
2026-08-09 11:38:38,631 - openflight.server - INFO - [SERVER] IWR6843 LCMF-v1 launch: 20.34° (39 snapshots/12 frames, component std 0.65°)
2026-08-09 11:38:38,632 - openflight.camera.capture_runtime - WARNING - [CAMERA] Discarding unmatched capture #8 (edge 1786289883.363, shot 1786289910.721)
2026-08-09 11:38:38,632 - openflight.server - INFO - [SERVER] Camera capture #9 matched -> /home/pacinoj/openflight_sessions/trackman/camera/camera_20260809_113830_727_009
2026-08-09 11:38:38,878 - openflight.server - INFO - [SERVER] Camera-assisted horizontal: selected=1.7336210691454932 camera=None IWR=1.7336210691454932 delta=None status=camera_withheld_fallback_iwr support=0/27
2026-08-09 11:38:39,164 - openflight.server - INFO - [SERVER] Camera/IWR chained club delivery: AoA None path None (status=rejected_no_ball, features=0, speed_ratio=None, velocity_mad=None mph, impact_frame=None)
2026-08-09 11:38:39,165 - openflight.server - INFO - [SERVER] Ball speed cosine correction: 104.7 -> 107.6 mph (LA 20.3)
2026-08-09 11:38:39,165 - openflight.server - INFO - [SERVER] Calculated spin: 5145 rpm (v=107.6 mph, LA=20.3 deg, measured was 3735 rpm)
2026-08-09 11:38:39,193 - openflight.server - INFO - [SERVER] Ballistic carry: 160 yds (spin: 5145 rpm, source: measured)
2026-08-09 11:38:39,193 - openflight.server - INFO - [SERVER] Shot: ball=107.6 mph, carry=147 yds, Launch: 20.3°
2026-08-09 11:38:39,194 - openflight.rolling_buffer.monitor - INFO - [SHOT] #8: ball=107.6 mph, club=84.4, carry=147 yds | trigger=28217ms, process=104ms, callback=5091ms, total=33414ms
2026-08-09 11:38:39,194 - openflight.rolling_buffer.trigger - INFO - [TRIGGER] Waiting for sound trigger (timeout=30s)...
2026-08-09 11:38:47,249 - ops243 - DEBUG - [OPS] Hardware trigger: first byte after 8.1s
2026-08-09 11:39:09,195 - ops243 - INFO - [OPS] Hardware trigger: 4 bytes in 30.0s
2026-08-09 11:39:09,195 - openflight.rolling_buffer.trigger - INFO - [TRIGGER] Sound trigger fired, 4 bytes received
2026-08-09 11:39:09,195 - openflight.rolling_buffer.processor - WARNING - [PROCESSOR] Incomplete capture (missing: sample_time, trigger_time, I, Q). Response (4 bytes): '\n\n\n\n'
2026-08-09 11:39:09,395 - ops243 - INFO - [OPS] Re-arm drain: 0 bytes in 0.2s
2026-08-09 11:39:09,746 - ops243 - INFO - [OPS] Rolling buffer re-armed (S#16)
2026-08-09 11:39:09,747 - openflight.rolling_buffer.trigger - WARNING - [TRIGGER] Sound trigger parse failed (4 bytes received)
2026-08-09 11:39:09,747 - openflight.rolling_buffer.trigger - INFO - [TRIGGER] Waiting for sound trigger (timeout=30s)...
2026-08-09 11:39:10,354 - openflight.iwr6843.monitor - INFO - [IWR6843] Trigger #10: dumping firmware-frozen L3 ring
2026-08-09 11:39:10,431 - ops243 - DEBUG - [OPS] Hardware trigger: first byte after 0.7s
2026-08-09 11:39:11,327 - openflight.camera.capture_runtime - INFO - [CAMERA] Capture #10 saved: 60 frames, 287.9fps, gaps=0 -> /home/pacinoj/openflight_sessions/trackman/camera/camera_20260809_113910_354_010
2026-08-09 11:39:12,207 - ops243 - INFO - [OPS] Hardware trigger: 41035 bytes in 2.5s
2026-08-09 11:39:12,207 - openflight.rolling_buffer.trigger - INFO - [TRIGGER] Sound trigger fired, 41035 bytes received
2026-08-09 11:39:12,601 - ops243 - INFO - [OPS] Clock sync: method=integer_rollover offset=1786284952.444s best_read_latency=0.1ms spread=989.3ms rollover_uncertainty=10.7ms (36/36 valid)
2026-08-09 11:39:12,601 - openflight.rolling_buffer.trigger - INFO - [TRIGGER] OPS clock sync selected: fresh offset=1786284952.444488s age=0.0ms (fresh=valid_integer_rollover, previous=valid_integer_rollover, delta=5.6ms)
2026-08-09 11:39:12,801 - ops243 - INFO - [OPS] Re-arm drain: 0 bytes in 0.2s
2026-08-09 11:39:13,152 - ops243 - INFO - [OPS] Rolling buffer re-armed (S#16)
2026-08-09 11:39:13,152 - openflight.rolling_buffer.trigger - INFO - [TRIGGER] Sound trigger wall time 1786289950.357 (source=ops_clock_sync, first byte 1786289950.431, post-trigger 68.5ms)
2026-08-09 11:39:13,152 - openflight.rolling_buffer.trigger - INFO - [TRIGGER] Sound trigger accepted — peak 106.3 mph, 45 outbound readings
2026-08-09 11:39:13,166 - openflight.rolling_buffer.processor - INFO - [PROCESSOR] Ball speed: 106.3 mph (mode-based, 45 outbound readings)
2026-08-09 11:39:13,203 - openflight.rolling_buffer.processor - INFO - [PROCESSOR] Club speed: 86.2 mph at 19.2ms before ball
2026-08-09 11:39:13,204 - openflight.rolling_buffer.processor - INFO - [PROCESSOR] Impact estimate: OPS transition 62.9ms (club 86.6 mph @ 58.7ms -> ball 103.4 mph @ 67.2ms, delta=16.8 mph)
2026-08-09 11:39:13,250 - openflight.rolling_buffer.processor - INFO - [PROCESSOR] Ungated multitaper spin: 3845 RPM, evidence=10.01, fade=25.00 Hz, window=61.2ms
2026-08-09 11:39:13,251 - openflight.rolling_buffer.processor - INFO - [PROCESSOR] Spin result: 3845 RPM, SNR=10.01, quality=experimental
2026-08-09 11:39:13,251 - openflight.rolling_buffer.monitor - INFO - [MONITOR] process_capture: 98.0ms
2026-08-09 11:39:13,251 - openflight.rolling_buffer.monitor - INFO - [MONITOR] Shot detected: ball=106.3 mph, club=86.2, spin=3845
2026-08-09 11:39:13,253 - openflight.server - INFO - [SERVER] Shot callback: 106.3 mph
2026-08-09 11:39:13,253 - openflight.server - INFO - [SERVER] Inclinometer pitch: raw +0.49deg, calibrated +0.23deg, IWR tilt 12.23deg (age 76ms)
2026-08-09 11:39:17,450 - openflight.iwr6843.monitor - INFO - [IWR6843] Capture #10 complete: 732812 bytes in 7.10s
2026-08-09 11:39:18,125 - openflight.iwr6843.club - INFO - [CLUB] track=ops_speed_prior OPS=86.2 mph radial=32.2 m/s ratio=0.84 impact_error=0.042 m inliers=46 rms=0.36 bins
2026-08-09 11:39:18,194 - openflight.server - INFO - [SERVER] IWR6843 TX2 horizontal proxy: 0.40° (coherence 90%, status=hlcmf_v0_accepted)
2026-08-09 11:39:18,194 - openflight.server - INFO - [SERVER] IWR6843 LCMF-v1 launch: 18.97° (39 snapshots/11 frames, component std 0.48°)
2026-08-09 11:39:18,194 - openflight.server - INFO - [SERVER] Camera capture #10 matched -> /home/pacinoj/openflight_sessions/trackman/camera/camera_20260809_113910_354_010
2026-08-09 11:39:18,439 - openflight.server - INFO - [SERVER] Camera-assisted horizontal: selected=0.4023559811557112 camera=None IWR=0.4023559811557112 delta=None status=camera_withheld_fallback_iwr support=0/27
2026-08-09 11:39:18,737 - openflight.server - INFO - [SERVER] Camera/IWR chained club delivery: AoA None path None (status=rejected_no_ball, features=0, speed_ratio=None, velocity_mad=None mph, impact_frame=None)
2026-08-09 11:39:18,738 - openflight.server - INFO - [SERVER] Ball speed cosine correction: 106.3 -> 109.0 mph (LA 19.0)
2026-08-09 11:39:18,738 - openflight.server - INFO - [SERVER] Calculated spin: 4814 rpm (v=109.0 mph, LA=19.0 deg, measured was 3845 rpm)
2026-08-09 11:39:18,764 - openflight.server - INFO - [SERVER] Ballistic carry: 162 yds (spin: 4814 rpm, source: measured)
2026-08-09 11:39:18,765 - openflight.server - INFO - [SERVER] Shot: ball=109.0 mph, carry=148 yds, Launch: 19.0°
2026-08-09 11:39:18,765 - openflight.rolling_buffer.monitor - INFO - [SHOT] #9: ball=109.0 mph, club=86.2, carry=148 yds | trigger=3406ms, process=98ms, callback=5512ms, total=9018ms
2026-08-09 11:39:18,765 - openflight.rolling_buffer.trigger - INFO - [TRIGGER] Waiting for sound trigger (timeout=30s)...
2026-08-09 11:39:30,523 - openflight.iwr6843.monitor - INFO - [IWR6843] Trigger #11: dumping firmware-frozen L3 ring
2026-08-09 11:39:30,605 - ops243 - DEBUG - [OPS] Hardware trigger: first byte after 11.8s
2026-08-09 11:39:31,493 - openflight.camera.capture_runtime - INFO - [CAMERA] Capture #11 saved: 60 frames, 287.9fps, gaps=0 -> /home/pacinoj/openflight_sessions/trackman/camera/camera_20260809_113930_522_011
2026-08-09 11:39:32,374 - ops243 - INFO - [OPS] Hardware trigger: 41037 bytes in 13.6s
2026-08-09 11:39:32,374 - openflight.rolling_buffer.trigger - INFO - [TRIGGER] Sound trigger fired, 41037 bytes received
2026-08-09 11:39:32,767 - ops243 - INFO - [OPS] Clock sync: method=integer_rollover offset=1786284952.438s best_read_latency=0.2ms spread=989.0ms rollover_uncertainty=11.0ms (36/36 valid)
2026-08-09 11:39:32,767 - openflight.rolling_buffer.trigger - INFO - [TRIGGER] OPS clock sync selected: fresh offset=1786284952.437842s age=0.0ms (fresh=valid_integer_rollover, previous=valid_integer_rollover, delta=-6.6ms)
2026-08-09 11:39:32,968 - ops243 - INFO - [OPS] Re-arm drain: 0 bytes in 0.2s
2026-08-09 11:39:33,319 - ops243 - INFO - [OPS] Rolling buffer re-armed (S#16)
2026-08-09 11:39:33,319 - openflight.rolling_buffer.trigger - INFO - [TRIGGER] Sound trigger wall time 1786289970.521 (source=ops_clock_sync, first byte 1786289970.605, post-trigger 68.5ms)
2026-08-09 11:39:33,319 - openflight.rolling_buffer.trigger - INFO - [TRIGGER] Sound trigger accepted — peak 105.0 mph, 47 outbound readings
2026-08-09 11:39:33,333 - openflight.rolling_buffer.processor - INFO - [PROCESSOR] Ball speed: 105.0 mph (mode-based, 47 outbound readings)
2026-08-09 11:39:33,373 - openflight.rolling_buffer.processor - INFO - [PROCESSOR] Club speed: 82.8 mph at 10.7ms before ball
2026-08-09 11:39:33,374 - openflight.rolling_buffer.processor - INFO - [PROCESSOR] Impact estimate: OPS transition 64.0ms (club 86.0 mph @ 61.9ms -> ball 102.1 mph @ 66.1ms, delta=16.1 mph)
2026-08-09 11:39:33,460 - openflight.rolling_buffer.processor - INFO - [PROCESSOR] Ungated multitaper spin: 2142 RPM, evidence=11.42, fade=50.52 Hz, window=69.7ms
2026-08-09 11:39:33,460 - openflight.rolling_buffer.processor - INFO - [PROCESSOR] Spin result: 2142 RPM, SNR=11.42, quality=experimental
2026-08-09 11:39:33,461 - openflight.rolling_buffer.monitor - INFO - [MONITOR] process_capture: 141.0ms
2026-08-09 11:39:33,461 - openflight.rolling_buffer.monitor - INFO - [MONITOR] Shot detected: ball=105.0 mph, club=82.8, spin=2142
2026-08-09 11:39:33,463 - openflight.server - INFO - [SERVER] Shot callback: 105.0 mph
2026-08-09 11:39:33,463 - openflight.server - INFO - [SERVER] Inclinometer pitch: raw +0.35deg, calibrated +0.09deg, IWR tilt 12.09deg (age 80ms)
2026-08-09 11:39:37,620 - openflight.iwr6843.monitor - INFO - [IWR6843] Capture #11 complete: 732812 bytes in 7.10s
2026-08-09 11:39:38,309 - openflight.iwr6843.club - INFO - [CLUB] track=ops_speed_prior OPS=82.8 mph radial=31.3 m/s ratio=0.84 impact_error=0.053 m inliers=53 rms=0.44 bins
2026-08-09 11:39:38,454 - openflight.server - INFO - [SERVER] IWR6843 TX2 horizontal proxy: -1.87° (coherence 90%, status=hlcmf_v0_accepted)
2026-08-09 11:39:38,454 - openflight.server - INFO - [SERVER] IWR6843 LCMF-v1 launch: 18.51° (35 snapshots/11 frames, component std 0.33°)
2026-08-09 11:39:38,454 - openflight.server - INFO - [SERVER] Camera capture #11 matched -> /home/pacinoj/openflight_sessions/trackman/camera/camera_20260809_113930_522_011
2026-08-09 11:39:38,735 - openflight.server - INFO - [SERVER] Camera-assisted horizontal: selected=-1.8658222694037347 camera=None IWR=-1.8658222694037347 delta=None status=camera_withheld_fallback_iwr support=0/27
2026-08-09 11:39:39,098 - openflight.server - INFO - [SERVER] Camera/IWR chained club delivery: AoA None path None (status=rejected_no_impact, features=0, speed_ratio=None, velocity_mad=None mph, impact_frame=None)
2026-08-09 11:39:39,098 - openflight.server - INFO - [SERVER] Ball speed cosine correction: 105.0 -> 107.7 mph (LA 18.5)
2026-08-09 11:39:39,098 - openflight.server - INFO - [SERVER] Calculated spin: 4621 rpm (v=107.7 mph, LA=18.5 deg, measured was 2142 rpm)
2026-08-09 11:39:39,124 - openflight.server - INFO - [SERVER] Ballistic carry: 158 yds (spin: 4621 rpm, source: measured)
2026-08-09 11:39:39,125 - openflight.server - INFO - [SERVER] Shot: ball=107.7 mph, carry=144 yds, Launch: 18.5°
2026-08-09 11:39:39,125 - openflight.rolling_buffer.monitor - INFO - [SHOT] #10: ball=107.7 mph, club=82.8, carry=144 yds | trigger=14554ms, process=141ms, callback=5662ms, total=20360ms
2026-08-09 11:39:39,125 - openflight.rolling_buffer.trigger - INFO - [TRIGGER] Waiting for sound trigger (timeout=30s)...
2026-08-09 11:39:47,245 - ops243 - DEBUG - [OPS] Hardware trigger: first byte after 8.1s
2026-08-09 11:39:48,990 - openflight.iwr6843.monitor - INFO - [IWR6843] Trigger #12: dumping firmware-frozen L3 ring
2026-08-09 11:39:49,962 - openflight.camera.capture_runtime - INFO - [CAMERA] Capture #12 saved: 60 frames, 287.9fps, gaps=0 -> /home/pacinoj/openflight_sessions/trackman/camera/camera_20260809_113948_990_012
2026-08-09 11:39:50,843 - ops243 - INFO - [OPS] Hardware trigger: 41037 bytes in 11.7s
2026-08-09 11:39:50,843 - openflight.rolling_buffer.trigger - INFO - [TRIGGER] Sound trigger fired, 41037 bytes received
2026-08-09 11:39:51,446 - ops243 - INFO - [OPS] Clock sync: method=integer_rollover offset=1786284952.441s best_read_latency=0.1ms spread=989.3ms rollover_uncertainty=10.7ms (56/56 valid)
2026-08-09 11:39:51,446 - openflight.rolling_buffer.trigger - INFO - [TRIGGER] OPS clock sync selected: fresh offset=1786284952.441130s age=0.0ms (fresh=valid_integer_rollover, previous=valid_integer_rollover, delta=3.3ms)
2026-08-09 11:39:51,646 - ops243 - INFO - [OPS] Re-arm drain: 0 bytes in 0.2s
2026-08-09 11:39:51,998 - ops243 - INFO - [OPS] Rolling buffer re-armed (S#16)
2026-08-09 11:39:51,998 - openflight.rolling_buffer.trigger - INFO - [TRIGGER] Sound trigger wall time 1786289988.993 (source=ops_clock_sync, first byte 1786289987.245, post-trigger 68.5ms)
2026-08-09 11:39:51,998 - openflight.rolling_buffer.trigger - INFO - [TRIGGER] Sound trigger accepted — peak 110.4 mph, 46 outbound readings
2026-08-09 11:39:52,008 - openflight.rolling_buffer.processor - INFO - [PROCESSOR] Ball speed: 110.4 mph (mode-based, 46 outbound readings)
2026-08-09 11:39:52,049 - openflight.rolling_buffer.processor - INFO - [PROCESSOR] Club speed: 84.5 mph at 18.1ms before ball
2026-08-09 11:39:52,049 - openflight.rolling_buffer.processor - INFO - [PROCESSOR] Impact estimate: OPS transition 63.5ms (club 85.4 mph @ 58.7ms -> ball 107.6 mph @ 68.3ms, delta=22.2 mph)
2026-08-09 11:39:52,051 - openflight.rolling_buffer.processor - INFO - [PROCESSOR] Multitaper repaired 0.02% clipped I/Q samples
2026-08-09 11:39:52,094 - openflight.rolling_buffer.processor - INFO - [PROCESSOR] Ungated multitaper spin: 3955 RPM, evidence=2.36, fade=25.00 Hz, window=63.3ms
2026-08-09 11:39:52,094 - openflight.rolling_buffer.processor - INFO - [PROCESSOR] Spin result: 3955 RPM, SNR=2.36, quality=experimental
2026-08-09 11:39:52,095 - openflight.rolling_buffer.monitor - INFO - [MONITOR] process_capture: 96.2ms
2026-08-09 11:39:52,095 - openflight.rolling_buffer.monitor - INFO - [MONITOR] Shot detected: ball=110.4 mph, club=84.5, spin=3955
2026-08-09 11:39:52,098 - openflight.server - INFO - [SERVER] Shot callback: 110.4 mph
2026-08-09 11:39:52,098 - openflight.server - INFO - [SERVER] Inclinometer pitch: raw +0.38deg, calibrated +0.11deg, IWR tilt 12.11deg (age 68ms)
2026-08-09 11:39:56,088 - openflight.iwr6843.monitor - INFO - [IWR6843] Capture #12 complete: 732812 bytes in 7.10s
2026-08-09 11:39:56,735 - openflight.iwr6843.club - INFO - [CLUB] track=ops_speed_prior OPS=84.5 mph radial=34.5 m/s ratio=0.91 impact_error=0.037 m inliers=45 rms=0.24 bins
2026-08-09 11:39:56,802 - openflight.server - INFO - [SERVER] IWR6843 TX2 horizontal proxy: -1.85° (coherence 88%, status=hlcmf_v0_accepted)
2026-08-09 11:39:56,802 - openflight.server - INFO - [SERVER] IWR6843 LCMF-v1 launch: 17.26° (36 snapshots/10 frames, component std 1.09°)
2026-08-09 11:39:56,802 - openflight.server - INFO - [SERVER] Camera capture #12 matched -> /home/pacinoj/openflight_sessions/trackman/camera/camera_20260809_113948_990_012
2026-08-09 11:39:57,054 - openflight.server - INFO - [SERVER] Camera-assisted horizontal: selected=-1.854475853259767 camera=None IWR=-1.854475853259767 delta=None status=camera_withheld_fallback_iwr support=0/27
2026-08-09 11:39:57,366 - openflight.server - INFO - [SERVER] Camera/IWR chained club delivery: AoA None path None (status=rejected_no_ball, features=0, speed_ratio=None, velocity_mad=None mph, impact_frame=None)
2026-08-09 11:39:57,366 - openflight.server - INFO - [SERVER] Ball speed cosine correction: 110.4 -> 112.9 mph (LA 17.3)
2026-08-09 11:39:57,366 - openflight.server - INFO - [SERVER] Calculated spin: 4468 rpm (v=112.9 mph, LA=17.3 deg, measured was 3955 rpm)
2026-08-09 11:39:57,391 - openflight.server - INFO - [SERVER] Ballistic carry: 168 yds (spin: 4468 rpm, source: measured)
2026-08-09 11:39:57,392 - openflight.server - INFO - [SERVER] Shot: ball=112.9 mph, carry=156 yds, Launch: 17.3°
2026-08-09 11:39:57,393 - openflight.rolling_buffer.monitor - INFO - [SHOT] #11: ball=112.9 mph, club=84.5, carry=156 yds | trigger=12873ms, process=96ms, callback=5295ms, total=18268ms
2026-08-09 11:39:57,393 - openflight.rolling_buffer.trigger - INFO - [TRIGGER] Waiting for sound trigger (timeout=30s)...
2026-08-09 11:40:02,249 - ops243 - DEBUG - [OPS] Hardware trigger: first byte after 4.9s
2026-08-09 11:40:09,852 - openflight.iwr6843.monitor - INFO - [IWR6843] Trigger #13: dumping firmware-frozen L3 ring
2026-08-09 11:40:10,835 - openflight.camera.capture_runtime - INFO - [CAMERA] Capture #13 saved: 60 frames, 287.9fps, gaps=0 -> /home/pacinoj/openflight_sessions/trackman/camera/camera_20260809_114009_851_013
2026-08-09 11:40:11,701 - ops243 - INFO - [OPS] Hardware trigger: 41037 bytes in 14.3s
2026-08-09 11:40:11,702 - openflight.rolling_buffer.trigger - INFO - [TRIGGER] Sound trigger fired, 41037 bytes received
2026-08-09 11:40:12,437 - ops243 - INFO - [OPS] Clock sync: method=integer_rollover offset=1786284952.432s best_read_latency=0.2ms spread=989.3ms rollover_uncertainty=10.7ms (68/68 valid)
2026-08-09 11:40:12,437 - openflight.rolling_buffer.trigger - INFO - [TRIGGER] OPS clock sync selected: fresh offset=1786284952.431959s age=0.0ms (fresh=valid_integer_rollover, previous=valid_integer_rollover, delta=-9.2ms)
2026-08-09 11:40:12,638 - ops243 - INFO - [OPS] Re-arm drain: 0 bytes in 0.2s
2026-08-09 11:40:12,988 - ops243 - INFO - [OPS] Rolling buffer re-armed (S#16)
2026-08-09 11:40:12,989 - openflight.rolling_buffer.trigger - INFO - [TRIGGER] Sound trigger wall time 1786290009.847 (source=ops_clock_sync, first byte 1786290002.250, post-trigger 68.5ms)
2026-08-09 11:40:12,989 - openflight.rolling_buffer.trigger - INFO - [TRIGGER] Sound trigger accepted — peak 105.7 mph, 45 outbound readings
2026-08-09 11:40:13,004 - openflight.rolling_buffer.processor - INFO - [PROCESSOR] Ball speed: 105.7 mph (mode-based, 45 outbound readings)
2026-08-09 11:40:13,042 - openflight.rolling_buffer.processor - INFO - [PROCESSOR] Club speed: 84.1 mph at 18.1ms before ball
2026-08-09 11:40:13,042 - openflight.rolling_buffer.processor - INFO - [PROCESSOR] Impact estimate: OPS transition 68.8ms (club 86.7 mph @ 62.9ms -> ball 102.7 mph @ 74.7ms, delta=16.1 mph)
2026-08-09 11:40:13,117 - openflight.rolling_buffer.processor - INFO - [PROCESSOR] Ungated multitaper spin: 3296 RPM, evidence=2.94, fade=36.50 Hz, window=60.1ms
2026-08-09 11:40:13,117 - openflight.rolling_buffer.processor - INFO - [PROCESSOR] Spin result: 3296 RPM, SNR=2.94, quality=experimental
2026-08-09 11:40:13,117 - openflight.rolling_buffer.monitor - INFO - [MONITOR] process_capture: 127.9ms
2026-08-09 11:40:13,117 - openflight.rolling_buffer.monitor - INFO - [MONITOR] Shot detected: ball=105.7 mph, club=84.1, spin=3296
2026-08-09 11:40:13,119 - openflight.server - INFO - [SERVER] Shot callback: 105.7 mph
2026-08-09 11:40:13,120 - openflight.server - INFO - [SERVER] Inclinometer pitch: raw +0.44deg, calibrated +0.17deg, IWR tilt 12.17deg (age 87ms)
2026-08-09 11:40:16,948 - openflight.iwr6843.monitor - INFO - [IWR6843] Capture #13 complete: 732812 bytes in 7.10s
2026-08-09 11:40:17,572 - openflight.iwr6843.club - INFO - [CLUB] track=ops_speed_prior OPS=84.1 mph radial=32.7 m/s ratio=0.87 impact_error=0.052 m inliers=45 rms=0.37 bins
2026-08-09 11:40:17,649 - openflight.server - INFO - [SERVER] IWR6843 TX2 horizontal proxy: 4.94° (coherence 82%, status=hlcmf_v0_accepted)
2026-08-09 11:40:17,650 - openflight.server - INFO - [SERVER] IWR6843 LCMF-v1 launch: 24.22° (31 snapshots/9 frames, component std 1.83°)
2026-08-09 11:40:17,650 - openflight.server - INFO - [SERVER] Camera capture #13 matched -> /home/pacinoj/openflight_sessions/trackman/camera/camera_20260809_114009_851_013
2026-08-09 11:40:17,899 - openflight.server - INFO - [SERVER] Camera-assisted horizontal: selected=4.942507689968762 camera=None IWR=4.942507689968762 delta=None status=camera_withheld_fallback_iwr support=0/27
2026-08-09 11:40:18,269 - openflight.server - INFO - [SERVER] Camera/IWR chained club delivery: AoA None path None (status=rejected_no_impact, features=0, speed_ratio=None, velocity_mad=None mph, impact_frame=None)
2026-08-09 11:40:18,270 - openflight.server - INFO - [SERVER] Ball speed cosine correction: 105.7 -> 108.9 mph (LA 24.2)
2026-08-09 11:40:18,270 - openflight.server - INFO - [SERVER] Calculated spin: 6357 rpm (v=108.9 mph, LA=24.2 deg, measured was 3296 rpm)
2026-08-09 11:40:18,300 - openflight.server - INFO - [SERVER] Ballistic carry: 163 yds (spin: 6357 rpm, source: measured)
2026-08-09 11:40:18,302 - openflight.server - INFO - [SERVER] Shot: ball=108.9 mph, carry=158 yds, Launch: 24.2°
2026-08-09 11:40:18,302 - openflight.rolling_buffer.monitor - INFO - [SHOT] #12: ball=108.9 mph, club=84.1, carry=158 yds | trigger=15596ms, process=128ms, callback=5183ms, total=20909ms
2026-08-09 11:40:18,302 - openflight.rolling_buffer.trigger - INFO - [TRIGGER] Waiting for sound trigger (timeout=30s)...
[8354:8391:0809/114023.536859:ERROR:google_apis/gcm/engine/registration_request.cc:291] Registration response error message: DEPRECATED_ENDPOINT
2026-08-09 11:40:29,936 - openflight.iwr6843.monitor - INFO - [IWR6843] Trigger #14: dumping firmware-frozen L3 ring
2026-08-09 11:40:30,013 - ops243 - DEBUG - [OPS] Hardware trigger: first byte after 11.7s
2026-08-09 11:40:30,927 - openflight.camera.capture_runtime - INFO - [CAMERA] Capture #14 saved: 60 frames, 287.9fps, gaps=0 -> /home/pacinoj/openflight_sessions/trackman/camera/camera_20260809_114029_936_014
2026-08-09 11:40:31,788 - ops243 - INFO - [OPS] Hardware trigger: 41035 bytes in 13.5s
2026-08-09 11:40:31,789 - openflight.rolling_buffer.trigger - INFO - [TRIGGER] Sound trigger fired, 41035 bytes received
2026-08-09 11:40:32,442 - ops243 - INFO - [OPS] Clock sync: method=integer_rollover offset=1786284952.437s best_read_latency=0.2ms spread=989.0ms rollover_uncertainty=11.0ms (60/60 valid)
2026-08-09 11:40:32,443 - openflight.rolling_buffer.trigger - INFO - [TRIGGER] OPS clock sync selected: fresh offset=1786284952.436850s age=0.0ms (fresh=valid_integer_rollover, previous=valid_integer_rollover, delta=4.9ms)
2026-08-09 11:40:32,643 - ops243 - INFO - [OPS] Re-arm drain: 0 bytes in 0.2s
2026-08-09 11:40:32,994 - ops243 - INFO - [OPS] Rolling buffer re-armed (S#16)
2026-08-09 11:40:32,994 - openflight.rolling_buffer.trigger - INFO - [TRIGGER] Sound trigger wall time 1786290029.937 (source=ops_clock_sync, first byte 1786290030.013, post-trigger 68.5ms)
2026-08-09 11:40:32,994 - openflight.rolling_buffer.trigger - INFO - [TRIGGER] Sound trigger accepted — peak 100.5 mph, 48 outbound readings
2026-08-09 11:40:33,005 - openflight.rolling_buffer.processor - INFO - [PROCESSOR] Ball speed: 100.5 mph (mode-based, 48 outbound readings)
2026-08-09 11:40:33,044 - openflight.rolling_buffer.processor - INFO - [PROCESSOR] Club speed: 86.9 mph at 17.1ms before ball
2026-08-09 11:40:33,045 - openflight.rolling_buffer.processor - INFO - [PROCESSOR] Impact estimate: sound_trigger 68.0ms (speed_delta_below_threshold)
2026-08-09 11:40:33,119 - openflight.rolling_buffer.processor - INFO - [PROCESSOR] Ungated multitaper spin: 7361 RPM, evidence=3.97, fade=34.25 Hz, window=58.0ms
2026-08-09 11:40:33,119 - openflight.rolling_buffer.processor - INFO - [PROCESSOR] Spin result: 7361 RPM, SNR=3.97, quality=experimental
2026-08-09 11:40:33,120 - openflight.rolling_buffer.monitor - INFO - [MONITOR] process_capture: 125.3ms
2026-08-09 11:40:33,120 - openflight.rolling_buffer.monitor - INFO - [MONITOR] Shot detected: ball=100.5 mph, club=86.9, spin=7361
2026-08-09 11:40:33,122 - openflight.server - INFO - [SERVER] Shot callback: 100.5 mph
2026-08-09 11:40:33,122 - openflight.server - INFO - [SERVER] Inclinometer pitch: raw +0.41deg, calibrated +0.14deg, IWR tilt 12.14deg (age 42ms)
2026-08-09 11:40:37,034 - openflight.iwr6843.monitor - INFO - [IWR6843] Capture #14 complete: 732812 bytes in 7.10s
2026-08-09 11:40:37,771 - openflight.iwr6843.club - INFO - [CLUB] track=ops_speed_prior OPS=86.9 mph radial=32.2 m/s ratio=0.83 impact_error=0.057 m inliers=53 rms=0.31 bins
2026-08-09 11:40:37,853 - openflight.server - INFO - [SERVER] IWR6843 TX2 horizontal proxy: -7.30° (coherence 88%, status=hlcmf_v0_accepted)
2026-08-09 11:40:37,854 - openflight.server - INFO - [SERVER] IWR6843 LCMF-v1 launch: 17.29° (51 snapshots/13 frames, component std 0.09°)
2026-08-09 11:40:37,854 - openflight.server - INFO - [SERVER] Camera capture #14 matched -> /home/pacinoj/openflight_sessions/trackman/camera/camera_20260809_114029_936_014
2026-08-09 11:40:38,095 - openflight.server - INFO - [SERVER] Camera-assisted horizontal: selected=-7.296132028370099 camera=None IWR=-7.296132028370099 delta=None status=camera_withheld_fallback_iwr support=0/27
2026-08-09 11:40:38,383 - openflight.server - INFO - [SERVER] Camera/IWR chained club delivery: AoA None path None (status=rejected_no_ball, features=0, speed_ratio=None, velocity_mad=None mph, impact_frame=None)
2026-08-09 11:40:38,384 - openflight.server - INFO - [SERVER] Ball speed cosine correction: 100.5 -> 103.1 mph (LA 17.3)
2026-08-09 11:40:38,384 - openflight.server - INFO - [SERVER] Calculated spin: 4086 rpm (v=103.1 mph, LA=17.3 deg, measured was 7361 rpm)
2026-08-09 11:40:38,407 - openflight.server - INFO - [SERVER] Ballistic carry: 143 yds (spin: 4086 rpm, source: measured)
2026-08-09 11:40:38,408 - openflight.server - INFO - [SERVER] Shot: ball=103.1 mph, carry=130 yds, Launch: 17.3°
2026-08-09 11:40:38,409 - openflight.rolling_buffer.monitor - INFO - [SHOT] #13: ball=103.1 mph, club=86.9, carry=130 yds | trigger=14692ms, process=125ms, callback=5287ms, total=20107ms
2026-08-09 11:40:38,409 - openflight.rolling_buffer.trigger - INFO - [TRIGGER] Waiting for sound trigger (timeout=30s)...
2026-08-09 11:40:47,250 - ops243 - DEBUG - [OPS] Hardware trigger: first byte after 8.8s
2026-08-09 11:40:48,395 - openflight.iwr6843.monitor - INFO - [IWR6843] Trigger #15: dumping firmware-frozen L3 ring
2026-08-09 11:40:49,337 - openflight.camera.capture_runtime - INFO - [CAMERA] Capture #15 saved: 60 frames, 287.9fps, gaps=0 -> /home/pacinoj/openflight_sessions/trackman/camera/camera_20260809_114048_395_015
2026-08-09 11:40:50,245 - ops243 - INFO - [OPS] Hardware trigger: 41037 bytes in 11.8s
2026-08-09 11:40:50,245 - openflight.rolling_buffer.trigger - INFO - [TRIGGER] Sound trigger fired, 41037 bytes received
2026-08-09 11:40:50,639 - ops243 - INFO - [OPS] Clock sync: method=integer_rollover offset=1786284952.429s best_read_latency=0.2ms spread=988.7ms rollover_uncertainty=11.3ms (36/36 valid)
2026-08-09 11:40:50,640 - openflight.rolling_buffer.trigger - INFO - [TRIGGER] OPS clock sync selected: fresh offset=1786284952.429081s age=0.0ms (fresh=valid_integer_rollover, previous=valid_integer_rollover, delta=-7.8ms)
2026-08-09 11:40:50,840 - ops243 - INFO - [OPS] Re-arm drain: 0 bytes in 0.2s
2026-08-09 11:40:51,191 - ops243 - INFO - [OPS] Rolling buffer re-armed (S#16)
2026-08-09 11:40:51,191 - openflight.rolling_buffer.trigger - INFO - [TRIGGER] Sound trigger wall time 1786290048.390 (source=ops_clock_sync, first byte 1786290047.250, post-trigger 68.5ms)
2026-08-09 11:40:51,191 - openflight.rolling_buffer.trigger - INFO - [TRIGGER] Sound trigger accepted — peak 108.3 mph, 45 outbound readings
2026-08-09 11:40:51,206 - openflight.rolling_buffer.processor - INFO - [PROCESSOR] Ball speed: 108.3 mph (mode-based, 45 outbound readings)
2026-08-09 11:40:51,242 - openflight.rolling_buffer.processor - INFO - [PROCESSOR] Club speed: 82.8 mph at 10.7ms before ball
2026-08-09 11:40:51,242 - openflight.rolling_buffer.processor - INFO - [PROCESSOR] Impact estimate: OPS transition 65.1ms (club 86.7 mph @ 62.9ms -> ball 105.4 mph @ 67.2ms, delta=18.7 mph)
2026-08-09 11:40:51,328 - openflight.rolling_buffer.processor - INFO - [PROCESSOR] Ungated multitaper spin: 3516 RPM, evidence=14.33, fade=47.27 Hz, window=67.6ms
2026-08-09 11:40:51,328 - openflight.rolling_buffer.processor - INFO - [PROCESSOR] Spin result: 3516 RPM, SNR=14.33, quality=experimental
2026-08-09 11:40:51,328 - openflight.rolling_buffer.monitor - INFO - [MONITOR] process_capture: 136.9ms
2026-08-09 11:40:51,329 - openflight.rolling_buffer.monitor - INFO - [MONITOR] Shot detected: ball=108.3 mph, club=82.8, spin=3516
2026-08-09 11:40:51,331 - openflight.server - INFO - [SERVER] Shot callback: 108.3 mph
2026-08-09 11:40:51,331 - openflight.server - INFO - [SERVER] Inclinometer pitch: raw +0.32deg, calibrated +0.05deg, IWR tilt 12.05deg (age 2ms)
2026-08-09 11:40:55,493 - openflight.iwr6843.monitor - INFO - [IWR6843] Capture #15 complete: 732812 bytes in 7.10s
2026-08-09 11:40:56,145 - openflight.iwr6843.club - INFO - [CLUB] track=ops_speed_prior OPS=82.8 mph radial=31.1 m/s ratio=0.84 impact_error=0.057 m inliers=50 rms=0.46 bins
2026-08-09 11:40:56,223 - openflight.server - INFO - [SERVER] IWR6843 TX2 horizontal proxy: -2.33° (coherence 89%, status=hlcmf_v0_accepted)
2026-08-09 11:40:56,224 - openflight.server - INFO - [SERVER] IWR6843 LCMF-v1 launch: 17.35° (33 snapshots/9 frames, component std 0.85°)
2026-08-09 11:40:56,224 - openflight.server - INFO - [SERVER] Camera capture #15 matched -> /home/pacinoj/openflight_sessions/trackman/camera/camera_20260809_114048_395_015
2026-08-09 11:40:56,487 - openflight.server - INFO - [SERVER] Camera-assisted horizontal: selected=-2.3296111177188874 camera=None IWR=-2.3296111177188874 delta=None status=camera_withheld_fallback_iwr support=0/27
2026-08-09 11:40:56,792 - openflight.server - INFO - [SERVER] Camera/IWR chained club delivery: AoA None path None (status=rejected_no_ball, features=0, speed_ratio=None, velocity_mad=None mph, impact_frame=None)
2026-08-09 11:40:56,792 - openflight.server - INFO - [SERVER] Ball speed cosine correction: 108.3 -> 110.9 mph (LA 17.4)
2026-08-09 11:40:56,792 - openflight.server - INFO - [SERVER] Calculated spin: 4414 rpm (v=110.9 mph, LA=17.4 deg, measured was 3516 rpm)
2026-08-09 11:40:56,818 - openflight.server - INFO - [SERVER] Ballistic carry: 163 yds (spin: 4414 rpm, source: measured)
2026-08-09 11:40:56,819 - openflight.server - INFO - [SERVER] Shot: ball=110.9 mph, carry=150 yds, Launch: 17.4°
2026-08-09 11:40:56,819 - openflight.rolling_buffer.monitor - INFO - [SHOT] #14: ball=110.9 mph, club=82.8, carry=150 yds | trigger=12782ms, process=137ms, callback=5488ms, total=18410ms
2026-08-09 11:40:56,819 - openflight.rolling_buffer.trigger - INFO - [TRIGGER] Waiting for sound trigger (timeout=30s)...
2026-08-09 11:41:02,255 - ops243 - DEBUG - [OPS] Hardware trigger: first byte after 5.4s
2026-08-09 11:41:06,681 - openflight.iwr6843.monitor - INFO - [IWR6843] Trigger #16: dumping firmware-frozen L3 ring
2026-08-09 11:41:07,649 - openflight.camera.capture_runtime - INFO - [CAMERA] Capture #16 saved: 60 frames, 287.9fps, gaps=0 -> /home/pacinoj/openflight_sessions/trackman/camera/camera_20260809_114106_681_016
2026-08-09 11:41:08,531 - ops243 - INFO - [OPS] Hardware trigger: 41037 bytes in 11.7s
2026-08-09 11:41:08,531 - openflight.rolling_buffer.trigger - INFO - [TRIGGER] Sound trigger fired, 41037 bytes received
2026-08-09 11:41:09,437 - ops243 - INFO - [OPS] Clock sync: method=integer_rollover offset=1786284952.431s best_read_latency=0.2ms spread=989.3ms rollover_uncertainty=10.7ms (84/84 valid)
2026-08-09 11:41:09,437 - openflight.rolling_buffer.trigger - INFO - [TRIGGER] OPS clock sync selected: fresh offset=1786284952.431267s age=0.0ms (fresh=valid_integer_rollover, previous=valid_integer_rollover, delta=2.2ms)
2026-08-09 11:41:09,637 - ops243 - INFO - [OPS] Re-arm drain: 0 bytes in 0.2s
2026-08-09 11:41:09,988 - ops243 - INFO - [OPS] Rolling buffer re-armed (S#16)
2026-08-09 11:41:09,988 - openflight.rolling_buffer.trigger - INFO - [TRIGGER] Sound trigger wall time 1786290066.680 (source=ops_clock_sync, first byte 1786290062.256, post-trigger 68.5ms)
2026-08-09 11:41:09,988 - openflight.rolling_buffer.trigger - INFO - [TRIGGER] Sound trigger accepted — peak 105.1 mph, 46 outbound readings
2026-08-09 11:41:10,002 - openflight.rolling_buffer.processor - INFO - [PROCESSOR] Ball speed: 105.1 mph (mode-based, 46 outbound readings)
2026-08-09 11:41:10,037 - openflight.rolling_buffer.processor - INFO - [PROCESSOR] Club speed: 81.7 mph at 10.7ms before ball
2026-08-09 11:41:10,037 - openflight.rolling_buffer.processor - INFO - [PROCESSOR] Impact estimate: OPS transition 64.0ms (club 86.3 mph @ 61.9ms -> ball 102.2 mph @ 66.1ms, delta=15.9 mph)
2026-08-09 11:41:10,108 - openflight.rolling_buffer.processor - INFO - [PROCESSOR] Ungated multitaper spin: 3131 RPM, evidence=18.35, fade=34.00 Hz, window=68.7ms
2026-08-09 11:41:10,108 - openflight.rolling_buffer.processor - INFO - [PROCESSOR] Spin result: 3131 RPM, SNR=18.35, quality=experimental
2026-08-09 11:41:10,109 - openflight.rolling_buffer.monitor - INFO - [MONITOR] process_capture: 120.6ms
2026-08-09 11:41:10,109 - openflight.rolling_buffer.monitor - INFO - [MONITOR] Shot detected: ball=105.1 mph, club=81.7, spin=3131
2026-08-09 11:41:10,112 - openflight.server - INFO - [SERVER] Shot callback: 105.1 mph
2026-08-09 11:41:10,113 - openflight.server - INFO - [SERVER] Inclinometer pitch: raw +0.32deg, calibrated +0.06deg, IWR tilt 12.06deg (age 19ms)
2026-08-09 11:41:13,779 - openflight.iwr6843.monitor - INFO - [IWR6843] Capture #16 complete: 732812 bytes in 7.10s
2026-08-09 11:41:14,415 - openflight.iwr6843.club - INFO - [CLUB] track=ops_speed_prior OPS=81.7 mph radial=31.8 m/s ratio=0.87 impact_error=0.053 m inliers=38 rms=0.35 bins
2026-08-09 11:41:14,486 - openflight.server - INFO - [SERVER] IWR6843 TX2 horizontal proxy: -2.46° (coherence 87%, status=hlcmf_v0_accepted)
2026-08-09 11:41:14,486 - openflight.server - INFO - [SERVER] IWR6843 LCMF-v1 launch: 16.75° (33 snapshots/10 frames, component std 0.77°)
2026-08-09 11:41:14,486 - openflight.server - INFO - [SERVER] Camera capture #16 matched -> /home/pacinoj/openflight_sessions/trackman/camera/camera_20260809_114106_681_016
2026-08-09 11:41:14,746 - openflight.server - INFO - [SERVER] Camera-assisted horizontal: selected=-2.4619137275153418 camera=None IWR=-2.4619137275153418 delta=None status=camera_withheld_fallback_iwr support=0/27
2026-08-09 11:41:15,118 - openflight.server - INFO - [SERVER] Camera/IWR chained club delivery: AoA None path None (status=rejected_no_impact, features=0, speed_ratio=None, velocity_mad=None mph, impact_frame=None)
2026-08-09 11:41:15,118 - openflight.server - INFO - [SERVER] Ball speed cosine correction: 105.1 -> 107.6 mph (LA 16.7)
2026-08-09 11:41:15,118 - openflight.server - INFO - [SERVER] Calculated spin: 4109 rpm (v=107.6 mph, LA=16.7 deg, measured was 3131 rpm)
2026-08-09 11:41:15,142 - openflight.server - INFO - [SERVER] Ballistic carry: 153 yds (spin: 4109 rpm, source: measured)
2026-08-09 11:41:15,143 - openflight.server - INFO - [SERVER] Shot: ball=107.6 mph, carry=141 yds, Launch: 16.7°
2026-08-09 11:41:15,143 - openflight.rolling_buffer.monitor - INFO - [SHOT] #15: ball=107.6 mph, club=81.7, carry=141 yds | trigger=13169ms, process=121ms, callback=5031ms, total=18324ms
2026-08-09 11:41:15,143 - openflight.rolling_buffer.trigger - INFO - [TRIGGER] Waiting for sound trigger (timeout=30s)...
2026-08-09 11:41:17,261 - ops243 - DEBUG - [OPS] Hardware trigger: first byte after 2.1s
2026-08-09 11:41:25,814 - openflight.iwr6843.monitor - INFO - [IWR6843] Trigger #17: dumping firmware-frozen L3 ring
2026-08-09 11:41:26,786 - openflight.camera.capture_runtime - INFO - [CAMERA] Capture #17 saved: 60 frames, 287.9fps, gaps=0 -> /home/pacinoj/openflight_sessions/trackman/camera/camera_20260809_114125_814_017
2026-08-09 11:41:27,666 - ops243 - INFO - [OPS] Hardware trigger: 41037 bytes in 12.5s
2026-08-09 11:41:27,666 - openflight.rolling_buffer.trigger - INFO - [TRIGGER] Sound trigger fired, 41037 bytes received
2026-08-09 11:41:28,433 - ops243 - INFO - [OPS] Clock sync: method=integer_rollover offset=1786284952.428s best_read_latency=0.2ms spread=989.5ms rollover_uncertainty=10.5ms (71/71 valid)
2026-08-09 11:41:28,433 - openflight.rolling_buffer.trigger - INFO - [TRIGGER] OPS clock sync selected: fresh offset=1786284952.428064s age=0.0ms (fresh=valid_integer_rollover, previous=valid_integer_rollover, delta=-3.2ms)
2026-08-09 11:41:28,634 - ops243 - INFO - [OPS] Re-arm drain: 0 bytes in 0.2s
2026-08-09 11:41:28,986 - ops243 - INFO - [OPS] Rolling buffer re-armed (S#16)
2026-08-09 11:41:28,987 - openflight.rolling_buffer.trigger - INFO - [TRIGGER] Sound trigger wall time 1786290085.811 (source=ops_clock_sync, first byte 1786290077.261, post-trigger 68.5ms)
2026-08-09 11:41:28,987 - openflight.rolling_buffer.trigger - INFO - [TRIGGER] Sound trigger accepted — peak 111.3 mph, 46 outbound readings
2026-08-09 11:41:29,000 - openflight.rolling_buffer.processor - INFO - [PROCESSOR] Ball speed: 111.3 mph (mode-based, 46 outbound readings)
2026-08-09 11:41:29,039 - openflight.rolling_buffer.processor - INFO - [PROCESSOR] Club speed: 81.7 mph at 10.7ms before ball
2026-08-09 11:41:29,039 - openflight.rolling_buffer.processor - INFO - [PROCESSOR] Impact estimate: OPS transition 61.3ms (club 84.8 mph @ 59.7ms -> ball 108.4 mph @ 62.9ms, delta=23.6 mph)
2026-08-09 11:41:29,041 - openflight.rolling_buffer.processor - INFO - [PROCESSOR] Multitaper repaired 0.02% clipped I/Q samples
2026-08-09 11:41:29,114 - openflight.rolling_buffer.processor - INFO - [PROCESSOR] Ungated multitaper spin: 2911 RPM, evidence=25.96, fade=31.75 Hz, window=71.9ms
2026-08-09 11:41:29,114 - openflight.rolling_buffer.processor - INFO - [PROCESSOR] Spin result: 2911 RPM, SNR=25.96, quality=experimental
2026-08-09 11:41:29,114 - openflight.rolling_buffer.monitor - INFO - [MONITOR] process_capture: 126.0ms
2026-08-09 11:41:29,114 - openflight.rolling_buffer.monitor - INFO - [MONITOR] Shot detected: ball=111.3 mph, club=81.7, spin=2911
2026-08-09 11:41:29,117 - openflight.server - INFO - [SERVER] Shot callback: 111.3 mph
2026-08-09 11:41:29,118 - openflight.server - INFO - [SERVER] Inclinometer pitch: raw +0.44deg, calibrated +0.17deg, IWR tilt 12.17deg (age 86ms)
2026-08-09 11:41:32,910 - openflight.iwr6843.monitor - INFO - [IWR6843] Capture #17 complete: 732812 bytes in 7.10s
2026-08-09 11:41:33,589 - openflight.iwr6843.club - INFO - [CLUB] track=ops_speed_prior OPS=81.7 mph radial=32.5 m/s ratio=0.89 impact_error=0.041 m inliers=46 rms=0.33 bins
2026-08-09 11:41:33,661 - openflight.server - INFO - [SERVER] IWR6843 TX2 horizontal proxy: -1.47° (coherence 82%, status=hlcmf_v0_accepted)
2026-08-09 11:41:33,661 - openflight.server - INFO - [SERVER] IWR6843 LCMF-v1 launch: 16.84° (35 snapshots/10 frames, component std 0.44°)
2026-08-09 11:41:33,662 - openflight.server - INFO - [SERVER] Camera capture #17 matched -> /home/pacinoj/openflight_sessions/trackman/camera/camera_20260809_114125_814_017
2026-08-09 11:41:33,916 - openflight.server - INFO - [SERVER] Camera-assisted horizontal: selected=-1.473473647885495 camera=None IWR=-1.473473647885495 delta=None status=camera_withheld_fallback_iwr support=0/27
2026-08-09 11:41:34,222 - openflight.server - INFO - [SERVER] Camera/IWR chained club delivery: AoA None path None (status=rejected_no_ball, features=0, speed_ratio=None, velocity_mad=None mph, impact_frame=None)
2026-08-09 11:41:34,222 - openflight.server - INFO - [SERVER] Ball speed cosine correction: 111.3 -> 113.8 mph (LA 16.8)
2026-08-09 11:41:34,222 - openflight.server - INFO - [SERVER] Calculated spin: 4373 rpm (v=113.8 mph, LA=16.8 deg, measured was 2911 rpm)
2026-08-09 11:41:34,249 - openflight.server - INFO - [SERVER] Ballistic carry: 169 yds (spin: 4373 rpm, source: measured)
2026-08-09 11:41:34,250 - openflight.server - INFO - [SERVER] Shot: ball=113.8 mph, carry=157 yds, Launch: 16.8°
2026-08-09 11:41:34,251 - openflight.rolling_buffer.monitor - INFO - [SHOT] #16: ball=113.8 mph, club=81.7, carry=157 yds | trigger=13844ms, process=126ms, callback=5133ms, total=19107ms
2026-08-09 11:41:34,251 - openflight.rolling_buffer.trigger - INFO - [TRIGGER] Waiting for sound trigger (timeout=30s)...
2026-08-09 11:41:42,993 - openflight.iwr6843.monitor - INFO - [IWR6843] Trigger #18: dumping firmware-frozen L3 ring
2026-08-09 11:41:43,078 - ops243 - DEBUG - [OPS] Hardware trigger: first byte after 8.8s
2026-08-09 11:41:43,965 - openflight.camera.capture_runtime - INFO - [CAMERA] Capture #18 saved: 60 frames, 287.9fps, gaps=0 -> /home/pacinoj/openflight_sessions/trackman/camera/camera_20260809_114142_992_018
2026-08-09 11:41:44,843 - ops243 - INFO - [OPS] Hardware trigger: 41035 bytes in 10.6s
2026-08-09 11:41:44,843 - openflight.rolling_buffer.trigger - INFO - [TRIGGER] Sound trigger fired, 41035 bytes received
2026-08-09 11:41:45,436 - ops243 - INFO - [OPS] Clock sync: method=integer_rollover offset=1786284952.431s best_read_latency=0.2ms spread=989.3ms rollover_uncertainty=10.7ms (55/55 valid)
2026-08-09 11:41:45,436 - openflight.rolling_buffer.trigger - INFO - [TRIGGER] OPS clock sync selected: fresh offset=1786284952.430965s age=0.0ms (fresh=valid_integer_rollover, previous=valid_integer_rollover, delta=2.9ms)
2026-08-09 11:41:45,637 - ops243 - INFO - [OPS] Re-arm drain: 0 bytes in 0.2s
2026-08-09 11:41:45,987 - ops243 - INFO - [OPS] Rolling buffer re-armed (S#16)
2026-08-09 11:41:45,988 - openflight.rolling_buffer.trigger - INFO - [TRIGGER] Sound trigger wall time 1786290102.995 (source=ops_clock_sync, first byte 1786290103.079, post-trigger 68.5ms)
2026-08-09 11:41:45,988 - openflight.rolling_buffer.trigger - INFO - [TRIGGER] Sound trigger accepted — peak 109.7 mph, 44 outbound readings
2026-08-09 11:41:46,000 - openflight.rolling_buffer.processor - INFO - [PROCESSOR] Ball speed: 109.7 mph (mode-based, 44 outbound readings)
2026-08-09 11:41:46,040 - openflight.rolling_buffer.processor - INFO - [PROCESSOR] Club speed: 81.4 mph at 11.7ms before ball
2026-08-09 11:41:46,040 - openflight.rolling_buffer.processor - INFO - [PROCESSOR] Impact estimate: OPS transition 65.1ms (club 84.8 mph @ 64.0ms -> ball 106.7 mph @ 66.1ms, delta=21.9 mph)
2026-08-09 11:41:46,107 - openflight.rolling_buffer.processor - INFO - [PROCESSOR] Ungated multitaper spin: 2747 RPM, evidence=17.33, fade=30.50 Hz, window=67.6ms
2026-08-09 11:41:46,108 - openflight.rolling_buffer.processor - INFO - [PROCESSOR] Spin result: 2747 RPM, SNR=17.33, quality=experimental
2026-08-09 11:41:46,108 - openflight.rolling_buffer.monitor - INFO - [MONITOR] process_capture: 119.8ms
2026-08-09 11:41:46,108 - openflight.rolling_buffer.monitor - INFO - [MONITOR] Shot detected: ball=109.7 mph, club=81.4, spin=2747
2026-08-09 11:41:46,111 - openflight.server - INFO - [SERVER] Shot callback: 109.7 mph
2026-08-09 11:41:46,111 - openflight.server - INFO - [SERVER] Inclinometer pitch: raw +0.41deg, calibrated +0.14deg, IWR tilt 12.14deg (age 96ms)
2026-08-09 11:41:50,088 - openflight.iwr6843.monitor - INFO - [IWR6843] Capture #18 complete: 732812 bytes in 7.10s
2026-08-09 11:41:50,766 - openflight.iwr6843.club - INFO - [CLUB] track=ops_speed_prior OPS=81.4 mph radial=31.0 m/s ratio=0.85 impact_error=0.051 m inliers=55 rms=0.39 bins
2026-08-09 11:41:50,848 - openflight.server - INFO - [SERVER] IWR6843 TX2 horizontal proxy: -3.85° (coherence 89%, status=hlcmf_v0_accepted)
2026-08-09 11:41:50,849 - openflight.server - INFO - [SERVER] IWR6843 LCMF-v1 launch: 17.12° (36 snapshots/10 frames, component std 0.36°)
2026-08-09 11:41:50,849 - openflight.server - INFO - [SERVER] Camera capture #18 matched -> /home/pacinoj/openflight_sessions/trackman/camera/camera_20260809_114142_992_018
2026-08-09 11:41:51,103 - openflight.server - INFO - [SERVER] Camera-assisted horizontal: selected=-3.8525889151566566 camera=None IWR=-3.8525889151566566 delta=None status=camera_withheld_fallback_iwr support=0/27
2026-08-09 11:41:51,408 - openflight.server - INFO - [SERVER] Camera/IWR chained club delivery: AoA None path None (status=rejected_no_ball, features=0, speed_ratio=None, velocity_mad=None mph, impact_frame=None)
2026-08-09 11:41:51,408 - openflight.server - INFO - [SERVER] Ball speed cosine correction: 109.7 -> 112.2 mph (LA 17.1)
2026-08-09 11:41:51,409 - openflight.server - INFO - [SERVER] Calculated spin: 4397 rpm (v=112.2 mph, LA=17.1 deg, measured was 2747 rpm)
2026-08-09 11:41:51,434 - openflight.server - INFO - [SERVER] Ballistic carry: 165 yds (spin: 4397 rpm, source: measured)
2026-08-09 11:41:51,435 - openflight.server - INFO - [SERVER] Shot: ball=112.2 mph, carry=153 yds, Launch: 17.1°
2026-08-09 11:41:51,435 - openflight.rolling_buffer.monitor - INFO - [SHOT] #17: ball=112.2 mph, club=81.4, carry=153 yds | trigger=11737ms, process=120ms, callback=5325ms, total=17185ms
2026-08-09 11:41:51,435 - openflight.rolling_buffer.trigger - INFO - [TRIGGER] Waiting for sound trigger (timeout=30s)...
2026-08-09 11:42:02,245 - ops243 - DEBUG - [OPS] Hardware trigger: first byte after 10.8s
2026-08-09 11:42:03,200 - openflight.iwr6843.monitor - INFO - [IWR6843] Trigger #19: dumping firmware-frozen L3 ring
2026-08-09 11:42:04,157 - openflight.camera.capture_runtime - INFO - [CAMERA] Capture #19 saved: 60 frames, 287.9fps, gaps=0 -> /home/pacinoj/openflight_sessions/trackman/camera/camera_20260809_114203_200_019
2026-08-09 11:42:05,051 - ops243 - INFO - [OPS] Hardware trigger: 41037 bytes in 13.6s
2026-08-09 11:42:05,051 - openflight.rolling_buffer.trigger - INFO - [TRIGGER] Sound trigger fired, 41037 bytes received
2026-08-09 11:42:05,440 - ops243 - INFO - [OPS] Clock sync: method=integer_rollover offset=1786284952.424s best_read_latency=0.1ms spread=989.1ms rollover_uncertainty=10.9ms (36/36 valid)
2026-08-09 11:42:05,440 - openflight.rolling_buffer.trigger - INFO - [TRIGGER] OPS clock sync selected: fresh offset=1786284952.423842s age=0.0ms (fresh=valid_integer_rollover, previous=valid_integer_rollover, delta=-7.1ms)
2026-08-09 11:42:05,640 - ops243 - INFO - [OPS] Re-arm drain: 0 bytes in 0.2s
2026-08-09 11:42:05,991 - ops243 - INFO - [OPS] Rolling buffer re-armed (S#16)
2026-08-09 11:42:05,992 - openflight.rolling_buffer.trigger - INFO - [TRIGGER] Sound trigger wall time 1786290123.196 (source=ops_clock_sync, first byte 1786290122.245, post-trigger 68.5ms)
2026-08-09 11:42:05,992 - openflight.rolling_buffer.trigger - INFO - [TRIGGER] Sound trigger accepted — peak 104.4 mph, 44 outbound readings
2026-08-09 11:42:06,004 - openflight.rolling_buffer.processor - INFO - [PROCESSOR] Ball speed: 104.4 mph (mode-based, 44 outbound readings)
2026-08-09 11:42:06,042 - openflight.rolling_buffer.processor - INFO - [PROCESSOR] Club speed: 83.2 mph at 21.3ms before ball
2026-08-09 11:42:06,043 - openflight.rolling_buffer.processor - INFO - [PROCESSOR] Impact estimate: OPS transition 66.7ms (club 85.8 mph @ 59.7ms -> ball 101.8 mph @ 73.6ms, delta=16.0 mph)
2026-08-09 11:42:06,091 - openflight.rolling_buffer.processor - INFO - [PROCESSOR] Ungated multitaper spin: 3735 RPM, evidence=2.85, fade=25.00 Hz, window=59.1ms
2026-08-09 11:42:06,091 - openflight.rolling_buffer.processor - INFO - [PROCESSOR] Spin result: 3735 RPM, SNR=2.85, quality=experimental
2026-08-09 11:42:06,092 - openflight.rolling_buffer.monitor - INFO - [MONITOR] process_capture: 99.9ms
2026-08-09 11:42:06,092 - openflight.rolling_buffer.monitor - INFO - [MONITOR] Shot detected: ball=104.4 mph, club=83.2, spin=3735
2026-08-09 11:42:06,094 - openflight.server - INFO - [SERVER] Shot callback: 104.4 mph
2026-08-09 11:42:06,095 - openflight.server - INFO - [SERVER] Inclinometer pitch: raw +0.44deg, calibrated +0.17deg, IWR tilt 12.17deg (age 61ms)
2026-08-09 11:42:10,297 - openflight.iwr6843.monitor - INFO - [IWR6843] Capture #19 complete: 732812 bytes in 7.10s
2026-08-09 11:42:10,946 - openflight.iwr6843.club - INFO - [CLUB] track=ops_speed_prior OPS=83.2 mph radial=35.5 m/s ratio=0.96 impact_error=0.017 m inliers=48 rms=0.42 bins
2026-08-09 11:42:11,051 - openflight.server - INFO - [SERVER] IWR6843 TX2 horizontal proxy: 0.37° (coherence 92%, status=hlcmf_v0_accepted)
2026-08-09 11:42:11,051 - openflight.server - INFO - [SERVER] IWR6843 LCMF-v1 launch: 20.97° (38 snapshots/10 frames, component std 1.33°)
2026-08-09 11:42:11,051 - openflight.server - INFO - [SERVER] Camera capture #19 matched -> /home/pacinoj/openflight_sessions/trackman/camera/camera_20260809_114203_200_019
2026-08-09 11:42:11,302 - openflight.server - INFO - [SERVER] Camera-assisted horizontal: selected=0.369224701009615 camera=None IWR=0.369224701009615 delta=None status=camera_withheld_fallback_iwr support=0/27
2026-08-09 11:42:11,595 - openflight.server - INFO - [SERVER] Camera/IWR chained club delivery: AoA None path None (status=rejected_no_ball, features=0, speed_ratio=None, velocity_mad=None mph, impact_frame=None)
2026-08-09 11:42:11,595 - openflight.server - INFO - [SERVER] Ball speed cosine correction: 104.4 -> 107.3 mph (LA 21.0)
2026-08-09 11:42:11,595 - openflight.server - INFO - [SERVER] Calculated spin: 5315 rpm (v=107.3 mph, LA=21.0 deg, measured was 3735 rpm)
2026-08-09 11:42:11,622 - openflight.server - INFO - [SERVER] Ballistic carry: 160 yds (spin: 5315 rpm, source: measured)
2026-08-09 11:42:11,623 - openflight.server - INFO - [SERVER] Shot: ball=107.3 mph, carry=148 yds, Launch: 21.0°
2026-08-09 11:42:11,624 - openflight.rolling_buffer.monitor - INFO - [SHOT] #18: ball=107.3 mph, club=83.2, carry=148 yds | trigger=14556ms, process=100ms, callback=5529ms, total=20188ms
2026-08-09 11:42:11,624 - openflight.rolling_buffer.trigger - INFO - [TRIGGER] Waiting for sound trigger (timeout=30s)...
2026-08-09 11:42:17,246 - ops243 - DEBUG - [OPS] Hardware trigger: first byte after 5.6s
2026-08-09 11:42:20,562 - openflight.iwr6843.monitor - INFO - [IWR6843] Trigger #20: dumping firmware-frozen L3 ring
2026-08-09 11:42:21,525 - openflight.camera.capture_runtime - INFO - [CAMERA] Capture #20 saved: 60 frames, 287.9fps, gaps=0 -> /home/pacinoj/openflight_sessions/trackman/camera/camera_20260809_114220_561_020
2026-08-09 11:42:22,412 - ops243 - INFO - [OPS] Hardware trigger: 41037 bytes in 10.8s
2026-08-09 11:42:22,413 - openflight.rolling_buffer.trigger - INFO - [TRIGGER] Sound trigger fired, 41037 bytes received
2026-08-09 11:42:22,800 - ops243 - INFO - [OPS] Clock sync: method=integer_rollover offset=1786284952.429s best_read_latency=0.2ms spread=989.3ms rollover_uncertainty=10.7ms (36/36 valid)
2026-08-09 11:42:22,800 - openflight.rolling_buffer.trigger - INFO - [TRIGGER] OPS clock sync selected: fresh offset=1786284952.428864s age=0.0ms (fresh=valid_integer_rollover, previous=valid_integer_rollover, delta=5.0ms)
2026-08-09 11:42:23,000 - ops243 - INFO - [OPS] Re-arm drain: 0 bytes in 0.2s
2026-08-09 11:42:23,351 - ops243 - INFO - [OPS] Rolling buffer re-armed (S#16)
2026-08-09 11:42:23,351 - openflight.rolling_buffer.trigger - INFO - [TRIGGER] Sound trigger wall time 1786290140.565 (source=ops_clock_sync, first byte 1786290137.246, post-trigger 68.5ms)
2026-08-09 11:42:23,351 - openflight.rolling_buffer.trigger - INFO - [TRIGGER] Sound trigger accepted — peak 97.9 mph, 51 outbound readings
2026-08-09 11:42:23,365 - openflight.rolling_buffer.processor - INFO - [PROCESSOR] Ball speed: 97.9 mph (mode-based, 51 outbound readings)
2026-08-09 11:42:23,411 - openflight.rolling_buffer.processor - INFO - [PROCESSOR] Club speed: 85.0 mph at 23.5ms before ball
2026-08-09 11:42:23,412 - openflight.rolling_buffer.processor - INFO - [PROCESSOR] Impact estimate: sound_trigger 68.0ms (speed_delta_below_threshold)
2026-08-09 11:42:23,415 - openflight.rolling_buffer.processor - INFO - [PROCESSOR] Multitaper repaired 0.02% clipped I/Q samples
2026-08-09 11:42:23,478 - openflight.rolling_buffer.processor - INFO - [PROCESSOR] Ungated multitaper spin: 7251 RPM, evidence=7.02, fade=47.36 Hz, window=52.7ms
2026-08-09 11:42:23,478 - openflight.rolling_buffer.processor - INFO - [PROCESSOR] Spin result: 7251 RPM, SNR=7.02, quality=experimental
2026-08-09 11:42:23,479 - openflight.rolling_buffer.monitor - INFO - [MONITOR] process_capture: 127.1ms
2026-08-09 11:42:23,479 - openflight.rolling_buffer.monitor - INFO - [MONITOR] Shot detected: ball=97.9 mph, club=85.0, spin=7251
2026-08-09 11:42:23,482 - openflight.server - INFO - [SERVER] Shot callback: 97.9 mph
2026-08-09 11:42:23,482 - openflight.server - INFO - [SERVER] Inclinometer pitch: raw +0.47deg, calibrated +0.20deg, IWR tilt 12.20deg (age 3ms)
2026-08-09 11:42:27,659 - openflight.iwr6843.monitor - INFO - [IWR6843] Capture #20 complete: 732812 bytes in 7.10s
2026-08-09 11:42:28,369 - openflight.iwr6843.club - INFO - [CLUB] track=ops_speed_prior OPS=85.0 mph radial=31.7 m/s ratio=0.83 impact_error=0.057 m inliers=56 rms=0.36 bins
2026-08-09 11:42:28,447 - openflight.server - INFO - [SERVER] IWR6843 TX2 horizontal proxy: -4.49° (coherence 79%, status=hlcmf_v0_accepted)
2026-08-09 11:42:28,447 - openflight.server - INFO - [SERVER] IWR6843 LCMF-v1 launch: 17.16° (44 snapshots/12 frames, component std 0.44°)
2026-08-09 11:42:28,447 - openflight.server - INFO - [SERVER] Camera capture #20 matched -> /home/pacinoj/openflight_sessions/trackman/camera/camera_20260809_114220_561_020
2026-08-09 11:42:28,698 - openflight.server - INFO - [SERVER] Camera-assisted horizontal: selected=-4.4926641206716615 camera=None IWR=-4.4926641206716615 delta=None status=camera_withheld_fallback_iwr support=0/27
2026-08-09 11:42:28,995 - openflight.server - INFO - [SERVER] Camera/IWR chained club delivery: AoA None path None (status=rejected_no_ball, features=0, speed_ratio=None, velocity_mad=None mph, impact_frame=None)
2026-08-09 11:42:28,996 - openflight.server - INFO - [SERVER] Ball speed cosine correction: 97.9 -> 100.4 mph (LA 17.2)
2026-08-09 11:42:28,996 - openflight.server - INFO - [SERVER] Calculated spin: 3947 rpm (v=100.4 mph, LA=17.2 deg, measured was 7251 rpm)
2026-08-09 11:42:29,017 - openflight.server - INFO - [SERVER] Ballistic carry: 137 yds (spin: 3947 rpm, source: measured)
2026-08-09 11:42:29,019 - openflight.server - INFO - [SERVER] Shot: ball=100.4 mph, carry=123 yds, Launch: 17.2°
2026-08-09 11:42:29,019 - openflight.rolling_buffer.monitor - INFO - [SHOT] #19: ball=100.4 mph, club=85.0, carry=123 yds | trigger=11728ms, process=127ms, callback=5537ms, total=17395ms
2026-08-09 11:42:29,019 - openflight.rolling_buffer.trigger - INFO - [TRIGGER] Waiting for sound trigger (timeout=30s)...
2026-08-09 11:42:32,247 - ops243 - DEBUG - [OPS] Hardware trigger: first byte after 3.2s
2026-08-09 11:42:37,390 - openflight.iwr6843.monitor - INFO - [IWR6843] Trigger #21: dumping firmware-frozen L3 ring
2026-08-09 11:42:38,327 - openflight.camera.capture_runtime - INFO - [CAMERA] Capture #21 saved: 60 frames, 287.9fps, gaps=0 -> /home/pacinoj/openflight_sessions/trackman/camera/camera_20260809_114237_390_021
2026-08-09 11:42:39,242 - ops243 - INFO - [OPS] Hardware trigger: 41037 bytes in 10.2s
2026-08-09 11:42:39,242 - openflight.rolling_buffer.trigger - INFO - [TRIGGER] Sound trigger fired, 41037 bytes received
2026-08-09 11:42:39,630 - ops243 - INFO - [OPS] Clock sync: method=integer_rollover offset=1786284952.420s best_read_latency=0.2ms spread=989.0ms rollover_uncertainty=11.0ms (36/36 valid)
2026-08-09 11:42:39,631 - openflight.rolling_buffer.trigger - INFO - [TRIGGER] OPS clock sync selected: fresh offset=1786284952.420271s age=0.0ms (fresh=valid_integer_rollover, previous=valid_integer_rollover, delta=-8.6ms)
2026-08-09 11:42:39,831 - ops243 - INFO - [OPS] Re-arm drain: 0 bytes in 0.2s
2026-08-09 11:42:40,181 - ops243 - INFO - [OPS] Rolling buffer re-armed (S#16)
2026-08-09 11:42:40,182 - openflight.rolling_buffer.trigger - INFO - [TRIGGER] Sound trigger wall time 1786290157.384 (source=ops_clock_sync, first byte 1786290152.248, post-trigger 68.5ms)
2026-08-09 11:42:40,182 - openflight.rolling_buffer.trigger - INFO - [TRIGGER] Sound trigger accepted — peak 100.0 mph, 50 outbound readings
2026-08-09 11:42:40,197 - openflight.rolling_buffer.processor - INFO - [PROCESSOR] Ball speed: 100.0 mph (mode-based, 50 outbound readings)
2026-08-09 11:42:40,233 - openflight.rolling_buffer.processor - INFO - [PROCESSOR] Club speed: 82.9 mph at 10.7ms before ball
2026-08-09 11:42:40,233 - openflight.rolling_buffer.processor - INFO - [PROCESSOR] Impact estimate: OPS transition 64.5ms (club 82.1 mph @ 62.9ms -> ball 97.1 mph @ 66.1ms, delta=15.1 mph)
2026-08-09 11:42:40,311 - openflight.rolling_buffer.processor - INFO - [PROCESSOR] Ungated multitaper spin: 3186 RPM, evidence=5.24, fade=35.03 Hz, window=68.7ms
2026-08-09 11:42:40,311 - openflight.rolling_buffer.processor - INFO - [PROCESSOR] Spin result: 3186 RPM, SNR=5.24, quality=experimental
2026-08-09 11:42:40,312 - openflight.rolling_buffer.monitor - INFO - [MONITOR] process_capture: 129.9ms
2026-08-09 11:42:40,312 - openflight.rolling_buffer.monitor - INFO - [MONITOR] Shot detected: ball=100.0 mph, club=82.9, spin=3186
2026-08-09 11:42:40,314 - openflight.server - INFO - [SERVER] Shot callback: 100.0 mph
2026-08-09 11:42:40,314 - openflight.server - INFO - [SERVER] Inclinometer pitch: raw +0.29deg, calibrated +0.03deg, IWR tilt 12.03deg (age 95ms)
2026-08-09 11:42:44,487 - openflight.iwr6843.monitor - INFO - [IWR6843] Capture #21 complete: 732812 bytes in 7.10s
2026-08-09 11:42:45,194 - openflight.iwr6843.club - INFO - [CLUB] track=ops_speed_prior OPS=82.9 mph radial=31.9 m/s ratio=0.86 impact_error=0.045 m inliers=47 rms=0.51 bins
2026-08-09 11:42:45,279 - openflight.server - INFO - [SERVER] IWR6843 TX2 horizontal proxy: -4.05° (coherence 92%, status=hlcmf_v0_accepted)
2026-08-09 11:42:45,279 - openflight.server - INFO - [SERVER] IWR6843 LCMF-v1 launch: 17.53° (47 snapshots/13 frames, component std 0.66°)
2026-08-09 11:42:45,279 - openflight.server - INFO - [SERVER] Camera capture #21 matched -> /home/pacinoj/openflight_sessions/trackman/camera/camera_20260809_114237_390_021
2026-08-09 11:42:45,542 - openflight.server - INFO - [SERVER] Camera-assisted horizontal: selected=-4.049102142209891 camera=None IWR=-4.049102142209891 delta=None status=camera_withheld_fallback_iwr support=0/27
2026-08-09 11:42:45,854 - openflight.server - INFO - [SERVER] Camera/IWR chained club delivery: AoA None path None (status=rejected_no_ball, features=0, speed_ratio=None, velocity_mad=None mph, impact_frame=None)
2026-08-09 11:42:45,854 - openflight.server - INFO - [SERVER] Ball speed cosine correction: 100.0 -> 102.6 mph (LA 17.5)
2026-08-09 11:42:45,854 - openflight.server - INFO - [SERVER] Calculated spin: 4133 rpm (v=102.6 mph, LA=17.5 deg, measured was 3186 rpm)
2026-08-09 11:42:45,877 - openflight.server - INFO - [SERVER] Ballistic carry: 143 yds (spin: 4133 rpm, source: measured)
2026-08-09 11:42:45,878 - openflight.server - INFO - [SERVER] Shot: ball=102.6 mph, carry=129 yds, Launch: 17.5°
2026-08-09 11:42:45,879 - openflight.rolling_buffer.monitor - INFO - [SHOT] #20: ball=102.6 mph, club=82.9, carry=129 yds | trigger=11163ms, process=130ms, callback=5565ms, total=16860ms
2026-08-09 11:42:45,879 - openflight.rolling_buffer.trigger - INFO - [TRIGGER] Waiting for sound trigger (timeout=30s)...
2026-08-09 11:42:47,250 - ops243 - DEBUG - [OPS] Hardware trigger: first byte after 1.4s
2026-08-09 11:42:52,873 - openflight.iwr6843.monitor - INFO - [IWR6843] Trigger #22: dumping firmware-frozen L3 ring
2026-08-09 11:42:53,821 - openflight.camera.capture_runtime - INFO - [CAMERA] Capture #22 saved: 60 frames, 287.9fps, gaps=0 -> /home/pacinoj/openflight_sessions/trackman/camera/camera_20260809_114252_872_022
2026-08-09 11:42:54,725 - ops243 - INFO - [OPS] Hardware trigger: 41037 bytes in 8.8s
2026-08-09 11:42:54,725 - openflight.rolling_buffer.trigger - INFO - [TRIGGER] Sound trigger fired, 41037 bytes received
2026-08-09 11:42:55,429 - ops243 - INFO - [OPS] Clock sync: method=integer_rollover offset=1786284952.424s best_read_latency=0.2ms spread=989.2ms rollover_uncertainty=10.8ms (65/65 valid)
2026-08-09 11:42:55,430 - openflight.rolling_buffer.trigger - INFO - [TRIGGER] OPS clock sync selected: fresh offset=1786284952.423901s age=0.0ms (fresh=valid_integer_rollover, previous=valid_integer_rollover, delta=3.6ms)
2026-08-09 11:42:55,630 - ops243 - INFO - [OPS] Re-arm drain: 0 bytes in 0.2s
2026-08-09 11:42:55,982 - ops243 - INFO - [OPS] Rolling buffer re-armed (S#16)
2026-08-09 11:42:55,982 - openflight.rolling_buffer.trigger - INFO - [TRIGGER] Sound trigger wall time 1786290172.872 (source=ops_clock_sync, first byte 1786290167.250, post-trigger 68.5ms)
2026-08-09 11:42:55,982 - openflight.rolling_buffer.trigger - INFO - [TRIGGER] Sound trigger accepted — peak 105.3 mph, 45 outbound readings
2026-08-09 11:42:55,995 - openflight.rolling_buffer.processor - INFO - [PROCESSOR] Ball speed: 105.3 mph (mode-based, 45 outbound readings)
2026-08-09 11:42:56,037 - openflight.rolling_buffer.processor - INFO - [PROCESSOR] Club speed: 82.2 mph at 10.7ms before ball
2026-08-09 11:42:56,037 - openflight.rolling_buffer.processor - INFO - [PROCESSOR] Impact estimate: OPS transition 61.3ms (club 85.1 mph @ 59.7ms -> ball 102.4 mph @ 62.9ms, delta=17.3 mph)
2026-08-09 11:42:56,039 - openflight.rolling_buffer.processor - INFO - [PROCESSOR] Multitaper repaired 0.07% clipped I/Q samples
2026-08-09 11:42:56,137 - openflight.rolling_buffer.processor - INFO - [PROCESSOR] Ungated multitaper spin: 5273 RPM, evidence=23.81, fade=47.44 Hz, window=71.9ms
2026-08-09 11:42:56,138 - openflight.rolling_buffer.processor - INFO - [PROCESSOR] Spin result: 5273 RPM, SNR=23.81, quality=experimental
2026-08-09 11:42:56,138 - openflight.rolling_buffer.monitor - INFO - [MONITOR] process_capture: 155.2ms
2026-08-09 11:42:56,138 - openflight.rolling_buffer.monitor - INFO - [MONITOR] Shot detected: ball=105.3 mph, club=82.2, spin=5273
2026-08-09 11:42:56,140 - openflight.server - INFO - [SERVER] Shot callback: 105.3 mph
2026-08-09 11:42:56,140 - openflight.server - INFO - [SERVER] Inclinometer pitch: raw +0.38deg, calibrated +0.11deg, IWR tilt 12.11deg (age 58ms)
2026-08-09 11:42:59,970 - openflight.iwr6843.monitor - INFO - [IWR6843] Capture #22 complete: 732812 bytes in 7.10s
2026-08-09 11:43:00,659 - openflight.iwr6843.club - INFO - [CLUB] track=ops_speed_prior OPS=82.2 mph radial=33.9 m/s ratio=0.92 impact_error=0.033 m inliers=40 rms=0.24 bins
2026-08-09 11:43:00,725 - openflight.server - INFO - [SERVER] IWR6843 TX2 horizontal proxy: -3.15° (coherence 80%, status=hlcmf_v0_accepted)
2026-08-09 11:43:00,725 - openflight.server - INFO - [SERVER] IWR6843 LCMF-v1 launch: 18.27° (41 snapshots/13 frames, component std 0.01°)
2026-08-09 11:43:00,725 - openflight.server - INFO - [SERVER] Camera capture #22 matched -> /home/pacinoj/openflight_sessions/trackman/camera/camera_20260809_114252_872_022
2026-08-09 11:43:00,969 - openflight.server - INFO - [SERVER] Camera-assisted horizontal: selected=-3.14986166961102 camera=None IWR=-3.14986166961102 delta=None status=camera_withheld_fallback_iwr support=0/27
2026-08-09 11:43:01,256 - openflight.server - INFO - [SERVER] Camera/IWR chained club delivery: AoA None path None (status=rejected_no_ball, features=0, speed_ratio=None, velocity_mad=None mph, impact_frame=None)
2026-08-09 11:43:01,256 - openflight.server - INFO - [SERVER] Ball speed cosine correction: 105.3 -> 108.0 mph (LA 18.3)
2026-08-09 11:43:01,256 - openflight.server - INFO - [SERVER] Calculated spin: 4561 rpm (v=108.0 mph, LA=18.3 deg, measured was 5273 rpm)
2026-08-09 11:43:01,282 - openflight.server - INFO - [SERVER] Ballistic carry: 158 yds (spin: 4561 rpm, source: measured)
2026-08-09 11:43:01,283 - openflight.server - INFO - [SERVER] Shot: ball=108.0 mph, carry=144 yds, Launch: 18.3°
2026-08-09 11:43:01,283 - openflight.rolling_buffer.monitor - INFO - [SHOT] #21: ball=108.0 mph, club=82.2, carry=144 yds | trigger=10103ms, process=155ms, callback=5143ms, total=15404ms
2026-08-09 11:43:01,283 - openflight.rolling_buffer.trigger - INFO - [TRIGGER] Waiting for sound trigger (timeout=30s)...
2026-08-09 11:43:02,251 - ops243 - DEBUG - [OPS] Hardware trigger: first byte after 1.0s
2026-08-09 11:43:07,552 - openflight.iwr6843.monitor - INFO - [IWR6843] Trigger #23: dumping firmware-frozen L3 ring
2026-08-09 11:43:08,536 - openflight.camera.capture_runtime - INFO - [CAMERA] Capture #23 saved: 60 frames, 287.9fps, gaps=0 -> /home/pacinoj/openflight_sessions/trackman/camera/camera_20260809_114307_552_023
2026-08-09 11:43:09,402 - ops243 - INFO - [OPS] Hardware trigger: 41037 bytes in 8.1s
2026-08-09 11:43:09,402 - openflight.rolling_buffer.trigger - INFO - [TRIGGER] Sound trigger fired, 41037 bytes received
2026-08-09 11:43:09,793 - ops243 - INFO - [OPS] Clock sync: method=integer_rollover offset=1786284952.423s best_read_latency=0.1ms spread=989.3ms rollover_uncertainty=10.7ms (36/36 valid)
2026-08-09 11:43:09,794 - openflight.rolling_buffer.trigger - INFO - [TRIGGER] OPS clock sync selected: fresh offset=1786284952.422563s age=0.0ms (fresh=valid_integer_rollover, previous=valid_integer_rollover, delta=-1.3ms)
2026-08-09 11:43:09,994 - ops243 - INFO - [OPS] Re-arm drain: 0 bytes in 0.2s
2026-08-09 11:43:10,345 - ops243 - INFO - [OPS] Rolling buffer re-armed (S#16)
2026-08-09 11:43:10,345 - openflight.rolling_buffer.trigger - INFO - [TRIGGER] Sound trigger wall time 1786290187.552 (source=ops_clock_sync, first byte 1786290182.251, post-trigger 68.5ms)
2026-08-09 11:43:10,345 - openflight.rolling_buffer.trigger - INFO - [TRIGGER] Sound trigger accepted — peak 104.9 mph, 45 outbound readings
2026-08-09 11:43:10,356 - openflight.rolling_buffer.processor - INFO - [PROCESSOR] Ball speed: 104.9 mph (mode-based, 45 outbound readings)
2026-08-09 11:43:10,399 - openflight.rolling_buffer.processor - INFO - [PROCESSOR] Club speed: 83.9 mph at 20.3ms before ball
2026-08-09 11:43:10,399 - openflight.rolling_buffer.processor - INFO - [PROCESSOR] Impact estimate: OPS transition 68.3ms (club 86.0 mph @ 62.9ms -> ball 101.9 mph @ 73.6ms, delta=15.9 mph)
2026-08-09 11:43:10,469 - openflight.rolling_buffer.processor - INFO - [PROCESSOR] Ungated multitaper spin: 3735 RPM, evidence=1.71, fade=25.25 Hz, window=56.9ms
2026-08-09 11:43:10,469 - openflight.rolling_buffer.processor - INFO - [PROCESSOR] Spin result: 3735 RPM, SNR=1.71, quality=experimental
2026-08-09 11:43:10,470 - openflight.rolling_buffer.monitor - INFO - [MONITOR] process_capture: 124.1ms
2026-08-09 11:43:10,470 - openflight.rolling_buffer.monitor - INFO - [MONITOR] Shot detected: ball=104.9 mph, club=83.9, spin=3735
2026-08-09 11:43:10,472 - openflight.server - INFO - [SERVER] Shot callback: 104.9 mph
2026-08-09 11:43:10,473 - openflight.server - INFO - [SERVER] Inclinometer pitch: raw +0.35deg, calibrated +0.08deg, IWR tilt 12.08deg (age 68ms)
2026-08-09 11:43:14,649 - openflight.iwr6843.monitor - INFO - [IWR6843] Capture #23 complete: 732812 bytes in 7.10s
2026-08-09 11:43:15,308 - openflight.iwr6843.club - INFO - [CLUB] track=ops_speed_prior OPS=83.9 mph radial=34.0 m/s ratio=0.91 impact_error=0.035 m inliers=56 rms=0.41 bins
2026-08-09 11:43:15,391 - openflight.server - INFO - [SERVER] IWR6843 TX2 horizontal proxy: 0.40° (coherence 92%, status=hlcmf_v0_accepted)
2026-08-09 11:43:15,391 - openflight.server - INFO - [SERVER] IWR6843 LCMF-v1 launch: 20.05° (40 snapshots/11 frames, component std 0.36°)
2026-08-09 11:43:15,391 - openflight.server - INFO - [SERVER] Camera capture #23 matched -> /home/pacinoj/openflight_sessions/trackman/camera/camera_20260809_114307_552_023
2026-08-09 11:43:15,642 - openflight.server - INFO - [SERVER] Camera-assisted horizontal: selected=0.39938149672779877 camera=None IWR=0.39938149672779877 delta=None status=camera_withheld_fallback_iwr support=0/27
2026-08-09 11:43:15,949 - openflight.server - INFO - [SERVER] Camera/IWR chained club delivery: AoA None path None (status=rejected_no_ball, features=0, speed_ratio=None, velocity_mad=None mph, impact_frame=None)
2026-08-09 11:43:15,949 - openflight.server - INFO - [SERVER] Ball speed cosine correction: 104.9 -> 107.7 mph (LA 20.1)
2026-08-09 11:43:15,949 - openflight.server - INFO - [SERVER] Calculated spin: 5070 rpm (v=107.7 mph, LA=20.1 deg, measured was 3735 rpm)
2026-08-09 11:43:15,977 - openflight.server - INFO - [SERVER] Ballistic carry: 161 yds (spin: 5070 rpm, source: measured)
2026-08-09 11:43:15,978 - openflight.server - INFO - [SERVER] Shot: ball=107.7 mph, carry=147 yds, Launch: 20.1°
2026-08-09 11:43:15,978 - openflight.rolling_buffer.monitor - INFO - [SHOT] #22: ball=107.7 mph, club=83.9, carry=147 yds | trigger=9062ms, process=124ms, callback=5506ms, total=14695ms
2026-08-09 11:43:15,978 - openflight.rolling_buffer.trigger - INFO - [TRIGGER] Waiting for sound trigger (timeout=30s)...
2026-08-09 11:43:17,248 - ops243 - DEBUG - [OPS] Hardware trigger: first byte after 1.3s
2026-08-09 11:43:32,680 - openflight.iwr6843.monitor - INFO - [IWR6843] Trigger #24: dumping firmware-frozen L3 ring
2026-08-09 11:43:33,653 - openflight.camera.capture_runtime - INFO - [CAMERA] Capture #24 saved: 60 frames, 287.9fps, gaps=0 -> /home/pacinoj/openflight_sessions/trackman/camera/camera_20260809_114332_680_024
2026-08-09 11:43:34,532 - ops243 - INFO - [OPS] Hardware trigger: 41039 bytes in 18.6s
2026-08-09 11:43:34,533 - openflight.rolling_buffer.trigger - INFO - [TRIGGER] Sound trigger fired, 41039 bytes received
2026-08-09 11:43:35,426 - ops243 - INFO - [OPS] Clock sync: method=integer_rollover offset=1786284952.421s best_read_latency=0.2ms spread=989.1ms rollover_uncertainty=10.9ms (82/82 valid)
2026-08-09 11:43:35,427 - openflight.rolling_buffer.trigger - INFO - [TRIGGER] OPS clock sync selected: fresh offset=1786284952.420651s age=0.0ms (fresh=valid_integer_rollover, previous=valid_integer_rollover, delta=-1.9ms)
2026-08-09 11:43:35,627 - ops243 - INFO - [OPS] Re-arm drain: 0 bytes in 0.2s
2026-08-09 11:43:35,977 - ops243 - INFO - [OPS] Rolling buffer re-armed (S#16)
2026-08-09 11:43:35,978 - openflight.rolling_buffer.trigger - INFO - [TRIGGER] Sound trigger wall time 1786290212.680 (source=ops_clock_sync, first byte 1786290197.249, post-trigger 68.5ms)
2026-08-09 11:43:35,978 - openflight.rolling_buffer.trigger - INFO - [TRIGGER] Sound trigger accepted — peak 112.0 mph, 44 outbound readings
2026-08-09 11:43:35,991 - openflight.rolling_buffer.processor - INFO - [PROCESSOR] Ball speed: 112.0 mph (mode-based, 44 outbound readings)
2026-08-09 11:43:36,034 - openflight.rolling_buffer.processor - INFO - [PROCESSOR] Club speed: 82.0 mph at 10.7ms before ball
2026-08-09 11:43:36,034 - openflight.rolling_buffer.processor - INFO - [PROCESSOR] Impact estimate: OPS transition 61.3ms (club 85.0 mph @ 59.7ms -> ball 109.1 mph @ 62.9ms, delta=24.0 mph)
2026-08-09 11:43:36,036 - openflight.rolling_buffer.processor - INFO - [PROCESSOR] Multitaper repaired 0.07% clipped I/Q samples
2026-08-09 11:43:36,123 - openflight.rolling_buffer.processor - INFO - [PROCESSOR] Ungated multitaper spin: 3790 RPM, evidence=23.43, fade=37.37 Hz, window=72.9ms
2026-08-09 11:43:36,123 - openflight.rolling_buffer.processor - INFO - [PROCESSOR] Spin result: 3790 RPM, SNR=23.43, quality=experimental
2026-08-09 11:43:36,123 - openflight.rolling_buffer.monitor - INFO - [MONITOR] process_capture: 145.4ms
2026-08-09 11:43:36,123 - openflight.rolling_buffer.monitor - INFO - [MONITOR] Shot detected: ball=112.0 mph, club=82.0, spin=3790
2026-08-09 11:43:36,126 - openflight.server - INFO - [SERVER] Shot callback: 112.0 mph
2026-08-09 11:43:36,126 - openflight.server - INFO - [SERVER] Inclinometer pitch: raw +0.32deg, calibrated +0.06deg, IWR tilt 12.06deg (age 48ms)
2026-08-09 11:43:39,775 - openflight.iwr6843.monitor - INFO - [IWR6843] Capture #24 complete: 732812 bytes in 7.10s
2026-08-09 11:43:40,409 - openflight.iwr6843.club - INFO - [CLUB] track=ops_speed_prior OPS=82.0 mph radial=33.5 m/s ratio=0.92 impact_error=0.028 m inliers=45 rms=0.38 bins
2026-08-09 11:43:40,498 - openflight.server - INFO - [SERVER] IWR6843 TX2 horizontal proxy: -1.79° (coherence 93%, status=hlcmf_v0_accepted)
2026-08-09 11:43:40,499 - openflight.server - INFO - [SERVER] IWR6843 LCMF-v1 launch: 19.66° (33 snapshots/10 frames, component std 0.94°)
2026-08-09 11:43:40,499 - openflight.server - INFO - [SERVER] Camera capture #24 matched -> /home/pacinoj/openflight_sessions/trackman/camera/camera_20260809_114332_680_024
2026-08-09 11:43:40,749 - openflight.server - INFO - [SERVER] Camera-assisted horizontal: selected=-1.7948742418268664 camera=None IWR=-1.7948742418268664 delta=None status=camera_withheld_fallback_iwr support=0/27
2026-08-09 11:43:41,052 - openflight.server - INFO - [SERVER] Camera/IWR chained club delivery: AoA None path None (status=rejected_no_ball, features=0, speed_ratio=None, velocity_mad=None mph, impact_frame=None)
2026-08-09 11:43:41,052 - openflight.server - INFO - [SERVER] Ball speed cosine correction: 112.0 -> 114.8 mph (LA 19.7)
2026-08-09 11:43:41,053 - openflight.server - INFO - [SERVER] Calculated spin: 5280 rpm (v=114.8 mph, LA=19.7 deg, measured was 3790 rpm)
2026-08-09 11:43:41,081 - openflight.server - INFO - [SERVER] Ballistic carry: 175 yds (spin: 5280 rpm, source: measured)
2026-08-09 11:43:41,082 - openflight.server - INFO - [SERVER] Shot: ball=114.8 mph, carry=165 yds, Launch: 19.7°
2026-08-09 11:43:41,083 - openflight.rolling_buffer.monitor - INFO - [SHOT] #23: ball=114.8 mph, club=82.0, carry=165 yds | trigger=19999ms, process=145ms, callback=4957ms, total=25104ms
2026-08-09 11:43:41,083 - openflight.rolling_buffer.trigger - INFO - [TRIGGER] Waiting for sound trigger (timeout=30s)...
2026-08-09 11:43:47,244 - ops243 - DEBUG - [OPS] Hardware trigger: first byte after 6.2s
2026-08-09 11:44:07,119 - openflight.iwr6843.monitor - INFO - [IWR6843] Trigger #25: dumping firmware-frozen L3 ring
2026-08-09 11:44:08,097 - openflight.camera.capture_runtime - INFO - [CAMERA] Capture #25 saved: 60 frames, 287.9fps, gaps=0 -> /home/pacinoj/openflight_sessions/trackman/camera/camera_20260809_114407_119_025
2026-08-09 11:44:08,970 - ops243 - INFO - [OPS] Hardware trigger: 41039 bytes in 27.9s
2026-08-09 11:44:08,970 - openflight.rolling_buffer.trigger - INFO - [TRIGGER] Sound trigger fired, 41039 bytes received
2026-08-09 11:44:09,419 - ops243 - INFO - [OPS] Clock sync: method=integer_rollover offset=1786284952.414s best_read_latency=0.2ms spread=989.0ms rollover_uncertainty=11.0ms (42/42 valid)
2026-08-09 11:44:09,419 - openflight.rolling_buffer.trigger - INFO - [TRIGGER] OPS clock sync selected: fresh offset=1786284952.413516s age=0.0ms (fresh=valid_integer_rollover, previous=valid_integer_rollover, delta=-7.1ms)
2026-08-09 11:44:09,619 - ops243 - INFO - [OPS] Re-arm drain: 0 bytes in 0.2s
2026-08-09 11:44:09,970 - ops243 - INFO - [OPS] Rolling buffer re-armed (S#16)
2026-08-09 11:44:09,970 - openflight.rolling_buffer.trigger - INFO - [TRIGGER] Sound trigger wall time 1786290247.114 (source=ops_clock_sync, first byte 1786290227.245, post-trigger 68.5ms)
2026-08-09 11:44:09,970 - openflight.rolling_buffer.trigger - INFO - [TRIGGER] Sound trigger accepted — peak 116.1 mph, 42 outbound readings
2026-08-09 11:44:09,982 - openflight.rolling_buffer.processor - INFO - [PROCESSOR] Ball speed: 116.1 mph (mode-based, 42 outbound readings)
2026-08-09 11:44:10,023 - openflight.rolling_buffer.processor - INFO - [PROCESSOR] Club speed: 83.8 mph at 11.7ms before ball
2026-08-09 11:44:10,023 - openflight.rolling_buffer.processor - INFO - [PROCESSOR] Impact estimate: OPS transition 62.9ms (club 88.3 mph @ 61.9ms -> ball 113.2 mph @ 64.0ms, delta=24.9 mph)
2026-08-09 11:44:10,084 - openflight.rolling_buffer.processor - INFO - [PROCESSOR] Ungated multitaper spin: 2911 RPM, evidence=36.50, fade=31.50 Hz, window=68.7ms
2026-08-09 11:44:10,084 - openflight.rolling_buffer.processor - INFO - [PROCESSOR] Spin result: 2911 RPM, SNR=36.50, quality=experimental
2026-08-09 11:44:10,084 - openflight.rolling_buffer.monitor - INFO - [MONITOR] process_capture: 113.6ms
2026-08-09 11:44:10,085 - openflight.rolling_buffer.monitor - INFO - [MONITOR] Shot detected: ball=116.1 mph, club=83.8, spin=2911
2026-08-09 11:44:10,087 - openflight.server - INFO - [SERVER] Shot callback: 116.1 mph
2026-08-09 11:44:10,088 - openflight.server - INFO - [SERVER] Inclinometer pitch: raw +0.47deg, calibrated +0.20deg, IWR tilt 12.20deg (age 71ms)
2026-08-09 11:44:14,217 - openflight.iwr6843.monitor - INFO - [IWR6843] Capture #25 complete: 732812 bytes in 7.10s
2026-08-09 11:44:14,836 - openflight.iwr6843.club - INFO - [CLUB] track=ops_speed_prior OPS=83.8 mph radial=33.4 m/s ratio=0.89 impact_error=0.056 m inliers=50 rms=0.38 bins
2026-08-09 11:44:14,921 - openflight.server - INFO - [SERVER] IWR6843 TX2 horizontal proxy: 1.89° (coherence 73%, status=hlcmf_v0_accepted)
2026-08-09 11:44:14,921 - openflight.server - INFO - [SERVER] IWR6843 LCMF-v1 launch: 18.11° (26 snapshots/7 frames, component std 2.21°)
2026-08-09 11:44:14,921 - openflight.server - INFO - [SERVER] Camera capture #25 matched -> /home/pacinoj/openflight_sessions/trackman/camera/camera_20260809_114407_119_025
2026-08-09 11:44:15,161 - openflight.server - INFO - [SERVER] Camera-assisted horizontal: selected=1.8930876425329257 camera=None IWR=1.8930876425329257 delta=None status=camera_withheld_fallback_iwr support=0/27
2026-08-09 11:44:15,450 - openflight.server - INFO - [SERVER] Camera/IWR chained club delivery: AoA None path None (status=rejected_no_ball, features=0, speed_ratio=None, velocity_mad=None mph, impact_frame=None)
2026-08-09 11:44:15,450 - openflight.server - INFO - [SERVER] Ball speed cosine correction: 116.1 -> 118.7 mph (LA 18.1)
2026-08-09 11:44:15,450 - openflight.server - INFO - [SERVER] Calculated spin: 4963 rpm (v=118.7 mph, LA=18.1 deg, measured was 2911 rpm)
2026-08-09 11:44:15,479 - openflight.server - INFO - [SERVER] Ballistic carry: 182 yds (spin: 4963 rpm, source: measured)
2026-08-09 11:44:15,480 - openflight.server - INFO - [SERVER] Shot: ball=118.7 mph, carry=182 yds, Launch: 18.1°
2026-08-09 11:44:15,480 - openflight.rolling_buffer.monitor - INFO - [SHOT] #24: ball=118.7 mph, club=83.8, carry=182 yds | trigger=28888ms, process=114ms, callback=5393ms, total=34398ms
2026-08-09 11:44:15,480 - openflight.rolling_buffer.trigger - INFO - [TRIGGER] Waiting for sound trigger (timeout=30s)...
2026-08-09 11:44:17,254 - ops243 - DEBUG - [OPS] Hardware trigger: first byte after 1.8s
2026-08-09 11:44:25,456 - openflight.iwr6843.monitor - INFO - [IWR6843] Trigger #26: dumping firmware-frozen L3 ring
2026-08-09 11:44:26,544 - openflight.camera.capture_runtime - INFO - [CAMERA] Capture #26 saved: 60 frames, 287.9fps, gaps=0 -> /home/pacinoj/openflight_sessions/trackman/camera/camera_20260809_114425_456_026
2026-08-09 11:44:27,307 - ops243 - INFO - [OPS] Hardware trigger: 41037 bytes in 11.8s
2026-08-09 11:44:27,308 - openflight.rolling_buffer.trigger - INFO - [TRIGGER] Sound trigger fired, 41037 bytes received
2026-08-09 11:44:27,699 - ops243 - INFO - [OPS] Clock sync: method=integer_rollover offset=1786284952.413s best_read_latency=0.2ms spread=989.2ms rollover_uncertainty=10.8ms (36/36 valid)
2026-08-09 11:44:27,699 - openflight.rolling_buffer.trigger - INFO - [TRIGGER] OPS clock sync selected: fresh offset=1786284952.412876s age=0.0ms (fresh=valid_integer_rollover, previous=valid_integer_rollover, delta=-0.6ms)
2026-08-09 11:44:27,899 - ops243 - INFO - [OPS] Re-arm drain: 0 bytes in 0.2s
2026-08-09 11:44:28,250 - ops243 - INFO - [OPS] Rolling buffer re-armed (S#16)
2026-08-09 11:44:28,251 - openflight.rolling_buffer.trigger - INFO - [TRIGGER] Sound trigger wall time 1786290265.452 (source=ops_clock_sync, first byte 1786290257.255, post-trigger 68.5ms)
2026-08-09 11:44:28,251 - openflight.rolling_buffer.trigger - INFO - [TRIGGER] Sound trigger accepted — peak 114.6 mph, 41 outbound readings
2026-08-09 11:44:28,266 - openflight.rolling_buffer.processor - INFO - [PROCESSOR] Ball speed: 114.6 mph (mode-based, 41 outbound readings)
2026-08-09 11:44:28,305 - openflight.rolling_buffer.processor - INFO - [PROCESSOR] Club speed: 83.1 mph at 11.7ms before ball
2026-08-09 11:44:28,305 - openflight.rolling_buffer.processor - INFO - [PROCESSOR] Impact estimate: OPS transition 60.8ms (club 87.8 mph @ 58.7ms -> ball 111.8 mph @ 62.9ms, delta=24.0 mph)
2026-08-09 11:44:28,309 - openflight.rolling_buffer.processor - INFO - [PROCESSOR] Multitaper repaired 0.02% clipped I/Q samples
2026-08-09 11:44:28,380 - openflight.rolling_buffer.processor - INFO - [PROCESSOR] Ungated multitaper spin: 2802 RPM, evidence=28.04, fade=30.50 Hz, window=70.8ms
2026-08-09 11:44:28,380 - openflight.rolling_buffer.processor - INFO - [PROCESSOR] Spin result: 2802 RPM, SNR=28.04, quality=experimental
2026-08-09 11:44:28,381 - openflight.rolling_buffer.monitor - INFO - [MONITOR] process_capture: 129.6ms
2026-08-09 11:44:28,381 - openflight.rolling_buffer.monitor - INFO - [MONITOR] Shot detected: ball=114.6 mph, club=83.1, spin=2802
2026-08-09 11:44:28,383 - openflight.server - INFO - [SERVER] Shot callback: 114.6 mph
2026-08-09 11:44:28,383 - openflight.server - INFO - [SERVER] Inclinometer pitch: raw +0.38deg, calibrated +0.11deg, IWR tilt 12.11deg (age 1ms)
2026-08-09 11:44:32,553 - openflight.iwr6843.monitor - INFO - [IWR6843] Capture #26 complete: 732812 bytes in 7.10s
2026-08-09 11:44:33,168 - openflight.iwr6843.club - INFO - [CLUB] track=ops_speed_prior OPS=83.1 mph radial=34.9 m/s ratio=0.94 impact_error=0.043 m inliers=39 rms=0.26 bins
2026-08-09 11:44:33,229 - openflight.server - INFO - [SERVER] IWR6843 TX2 horizontal proxy: 5.99° (coherence 76%, status=hlcmf_v0_accepted)
2026-08-09 11:44:33,229 - openflight.server - INFO - [SERVER] IWR6843 LCMF-v1 launch: 17.39° (29 snapshots/9 frames, component std 0.26°)
2026-08-09 11:44:33,230 - openflight.server - INFO - [SERVER] Camera capture #26 matched -> /home/pacinoj/openflight_sessions/trackman/camera/camera_20260809_114425_456_026
2026-08-09 11:44:33,475 - openflight.server - INFO - [SERVER] Camera-assisted horizontal: selected=5.990175494073776 camera=None IWR=5.990175494073776 delta=None status=camera_withheld_fallback_iwr support=0/27
2026-08-09 11:44:33,773 - openflight.server - INFO - [SERVER] Camera/IWR chained club delivery: AoA None path None (status=rejected_no_ball, features=0, speed_ratio=None, velocity_mad=None mph, impact_frame=None)
2026-08-09 11:44:33,773 - openflight.server - INFO - [SERVER] Ball speed cosine correction: 114.6 -> 117.1 mph (LA 17.4)
2026-08-09 11:44:33,773 - openflight.server - INFO - [SERVER] Calculated spin: 4672 rpm (v=117.1 mph, LA=17.4 deg, measured was 2802 rpm)
2026-08-09 11:44:33,801 - openflight.server - INFO - [SERVER] Ballistic carry: 176 yds (spin: 4672 rpm, source: measured)
2026-08-09 11:44:33,803 - openflight.server - INFO - [SERVER] Shot: ball=117.1 mph, carry=176 yds, Launch: 17.4°
2026-08-09 11:44:33,803 - openflight.rolling_buffer.monitor - INFO - [SHOT] #25: ball=117.1 mph, club=83.1, carry=176 yds | trigger=12771ms, process=130ms, callback=5420ms, total=18323ms
2026-08-09 11:44:33,803 - openflight.rolling_buffer.trigger - INFO - [TRIGGER] Waiting for sound trigger (timeout=30s)...
2026-08-09 11:44:44,515 - openflight.iwr6843.monitor - INFO - [IWR6843] Trigger #27: dumping firmware-frozen L3 ring
2026-08-09 11:44:44,589 - ops243 - DEBUG - [OPS] Hardware trigger: first byte after 10.8s
2026-08-09 11:44:45,541 - openflight.camera.capture_runtime - INFO - [CAMERA] Capture #27 saved: 60 frames, 287.9fps, gaps=0 -> /home/pacinoj/openflight_sessions/trackman/camera/camera_20260809_114444_514_027
2026-08-09 11:44:46,363 - ops243 - INFO - [OPS] Hardware trigger: 41035 bytes in 12.6s
2026-08-09 11:44:46,364 - openflight.rolling_buffer.trigger - INFO - [TRIGGER] Sound trigger fired, 41035 bytes received
2026-08-09 11:44:46,757 - ops243 - INFO - [OPS] Clock sync: method=integer_rollover offset=1786284952.415s best_read_latency=0.2ms spread=989.2ms rollover_uncertainty=10.8ms (36/36 valid)
2026-08-09 11:44:46,758 - openflight.rolling_buffer.trigger - INFO - [TRIGGER] OPS clock sync selected: fresh offset=1786284952.415221s age=0.0ms (fresh=valid_integer_rollover, previous=valid_integer_rollover, delta=2.3ms)
2026-08-09 11:44:46,958 - ops243 - INFO - [OPS] Re-arm drain: 0 bytes in 0.2s
2026-08-09 11:44:47,309 - ops243 - INFO - [OPS] Rolling buffer re-armed (S#16)
2026-08-09 11:44:47,309 - openflight.rolling_buffer.trigger - INFO - [TRIGGER] Sound trigger wall time 1786290284.512 (source=ops_clock_sync, first byte 1786290284.590, post-trigger 68.5ms)
2026-08-09 11:44:47,309 - openflight.rolling_buffer.trigger - INFO - [TRIGGER] Sound trigger accepted — peak 110.5 mph, 37 outbound readings
2026-08-09 11:44:47,324 - openflight.rolling_buffer.processor - INFO - [PROCESSOR] Ball speed: 110.5 mph (mode-based, 37 outbound readings)
2026-08-09 11:44:47,361 - openflight.rolling_buffer.processor - INFO - [PROCESSOR] Club speed: 84.6 mph at 12.8ms before ball
2026-08-09 11:44:47,361 - openflight.rolling_buffer.processor - INFO - [PROCESSOR] Impact estimate: OPS transition 66.1ms (club 85.1 mph @ 65.1ms -> ball 108.1 mph @ 67.2ms, delta=23.0 mph)
2026-08-09 11:44:47,439 - openflight.rolling_buffer.processor - INFO - [PROCESSOR] Ungated multitaper spin: 1648 RPM, evidence=10.55, fade=44.45 Hz, window=65.5ms
2026-08-09 11:44:47,439 - openflight.rolling_buffer.processor - INFO - [PROCESSOR] Spin result: 1648 RPM, SNR=10.55, quality=experimental
2026-08-09 11:44:47,439 - openflight.rolling_buffer.monitor - INFO - [MONITOR] process_capture: 130.3ms
2026-08-09 11:44:47,440 - openflight.rolling_buffer.monitor - INFO - [MONITOR] Shot detected: ball=110.5 mph, club=84.6, spin=1648
2026-08-09 11:44:47,441 - openflight.server - INFO - [SERVER] Shot callback: 110.5 mph
2026-08-09 11:44:47,442 - openflight.server - INFO - [SERVER] Inclinometer pitch: raw +0.35deg, calibrated +0.08deg, IWR tilt 12.08deg (age 29ms)
2026-08-09 11:44:51,610 - openflight.iwr6843.monitor - INFO - [IWR6843] Capture #27 complete: 732812 bytes in 7.10s
2026-08-09 11:44:52,260 - openflight.iwr6843.club - INFO - [CLUB] track=ops_speed_prior OPS=84.6 mph radial=32.2 m/s ratio=0.85 impact_error=0.084 m inliers=53 rms=0.38 bins
2026-08-09 11:44:52,335 - openflight.server - INFO - [SERVER] IWR6843 TX2 horizontal proxy: -3.29° (coherence 81%, status=hlcmf_v0_accepted)
2026-08-09 11:44:52,335 - openflight.server - INFO - [SERVER] IWR6843 LCMF-v1 launch: 13.00° (40 snapshots/10 frames, component std 0.61°)
2026-08-09 11:44:52,335 - openflight.server - INFO - [SERVER] Camera capture #27 matched -> /home/pacinoj/openflight_sessions/trackman/camera/camera_20260809_114444_514_027
2026-08-09 11:44:52,590 - openflight.server - INFO - [SERVER] Camera-assisted horizontal: selected=-3.2936685822125975 camera=None IWR=-3.2936685822125975 delta=None status=camera_withheld_fallback_iwr support=0/27
2026-08-09 11:44:52,886 - openflight.server - INFO - [SERVER] Camera/IWR chained club delivery: AoA None path None (status=rejected_no_ball, features=0, speed_ratio=None, velocity_mad=None mph, impact_frame=None)
2026-08-09 11:44:52,886 - openflight.server - INFO - [SERVER] Ball speed cosine correction: 110.5 -> 112.6 mph (LA 13.0)
2026-08-09 11:44:52,886 - openflight.server - INFO - [SERVER] Calculated spin: 3193 rpm (v=112.6 mph, LA=13.0 deg, measured was 1648 rpm)
2026-08-09 11:44:52,906 - openflight.server - INFO - [SERVER] Ballistic carry: 149 yds (spin: 3193 rpm, source: measured)
2026-08-09 11:44:52,907 - openflight.server - INFO - [SERVER] Shot: ball=112.6 mph, carry=156 yds, Launch: 13.0°
2026-08-09 11:44:52,908 - openflight.rolling_buffer.monitor - INFO - [SHOT] #26: ball=112.6 mph, club=84.6, carry=156 yds | trigger=13506ms, process=130ms, callback=5466ms, total=19105ms
2026-08-09 11:44:52,908 - openflight.rolling_buffer.trigger - INFO - [TRIGGER] Waiting for sound trigger (timeout=30s)...
2026-08-09 11:45:00,164 - openflight.iwr6843.monitor - INFO - [IWR6843] Trigger #28: dumping firmware-frozen L3 ring
2026-08-09 11:45:00,241 - ops243 - DEBUG - [OPS] Hardware trigger: first byte after 7.3s
2026-08-09 11:45:01,239 - openflight.camera.capture_runtime - INFO - [CAMERA] Capture #28 saved: 60 frames, 287.9fps, gaps=0 -> /home/pacinoj/openflight_sessions/trackman/camera/camera_20260809_114500_163_028
2026-08-09 11:45:02,013 - ops243 - INFO - [OPS] Hardware trigger: 41035 bytes in 9.1s
2026-08-09 11:45:02,013 - openflight.rolling_buffer.trigger - INFO - [TRIGGER] Sound trigger fired, 41035 bytes received
2026-08-09 11:45:02,416 - ops243 - INFO - [OPS] Clock sync: method=integer_rollover offset=1786284952.411s best_read_latency=0.2ms spread=989.2ms rollover_uncertainty=10.8ms (37/37 valid)
2026-08-09 11:45:02,416 - openflight.rolling_buffer.trigger - INFO - [TRIGGER] OPS clock sync selected: fresh offset=1786284952.410684s age=0.0ms (fresh=valid_integer_rollover, previous=valid_integer_rollover, delta=-4.5ms)
2026-08-09 11:45:02,616 - ops243 - INFO - [OPS] Re-arm drain: 0 bytes in 0.2s
2026-08-09 11:45:02,967 - ops243 - INFO - [OPS] Rolling buffer re-armed (S#16)
2026-08-09 11:45:02,967 - openflight.rolling_buffer.trigger - INFO - [TRIGGER] Sound trigger wall time 1786290300.159 (source=ops_clock_sync, first byte 1786290300.241, post-trigger 68.5ms)
2026-08-09 11:45:02,967 - openflight.rolling_buffer.trigger - INFO - [TRIGGER] Sound trigger accepted — peak 104.7 mph, 41 outbound readings
2026-08-09 11:45:02,981 - openflight.rolling_buffer.processor - INFO - [PROCESSOR] Ball speed: 104.7 mph (mode-based, 41 outbound readings)
2026-08-09 11:45:03,019 - openflight.rolling_buffer.processor - INFO - [PROCESSOR] Club speed: 83.0 mph at 11.7ms before ball
2026-08-09 11:45:03,020 - openflight.rolling_buffer.processor - INFO - [PROCESSOR] Impact estimate: OPS transition 66.7ms (club 84.3 mph @ 66.1ms -> ball 102.2 mph @ 67.2ms, delta=17.9 mph)
2026-08-09 11:45:03,022 - openflight.rolling_buffer.processor - INFO - [PROCESSOR] Multitaper repaired 0.02% clipped I/Q samples
2026-08-09 11:45:03,101 - openflight.rolling_buffer.processor - INFO - [PROCESSOR] Ungated multitaper spin: 1868 RPM, evidence=35.04, fade=47.53 Hz, window=65.5ms
2026-08-09 11:45:03,101 - openflight.rolling_buffer.processor - INFO - [PROCESSOR] Spin result: 1868 RPM, SNR=35.04, quality=experimental
2026-08-09 11:45:03,101 - openflight.rolling_buffer.monitor - INFO - [MONITOR] process_capture: 134.1ms
2026-08-09 11:45:03,102 - openflight.rolling_buffer.monitor - INFO - [MONITOR] Shot detected: ball=104.7 mph, club=83.0, spin=1868
2026-08-09 11:45:03,104 - openflight.server - INFO - [SERVER] Shot callback: 104.7 mph
2026-08-09 11:45:03,104 - openflight.server - INFO - [SERVER] Inclinometer pitch: raw +0.47deg, calibrated +0.21deg, IWR tilt 12.21deg (age 35ms)
2026-08-09 11:45:07,259 - openflight.iwr6843.monitor - INFO - [IWR6843] Capture #28 complete: 732812 bytes in 7.10s
2026-08-09 11:45:07,937 - openflight.iwr6843.club - INFO - [CLUB] track=ops_speed_prior OPS=83.0 mph radial=30.7 m/s ratio=0.83 impact_error=0.085 m inliers=68 rms=0.41 bins
2026-08-09 11:45:08,012 - openflight.server - INFO - [SERVER] IWR6843 TX2 horizontal proxy: -3.01° (coherence 89%, status=hlcmf_v0_accepted)
2026-08-09 11:45:08,012 - openflight.server - INFO - [SERVER] IWR6843 LCMF-v1 launch: 14.34° (36 snapshots/10 frames, component std 0.77°)
2026-08-09 11:45:08,012 - openflight.server - INFO - [SERVER] Camera capture #28 matched -> /home/pacinoj/openflight_sessions/trackman/camera/camera_20260809_114500_163_028
2026-08-09 11:45:08,258 - openflight.server - INFO - [SERVER] Camera-assisted horizontal: selected=-3.0129446504787936 camera=None IWR=-3.0129446504787936 delta=None status=camera_withheld_fallback_iwr support=0/27
2026-08-09 11:45:08,556 - openflight.server - INFO - [SERVER] Camera/IWR chained club delivery: AoA None path None (status=rejected_no_ball, features=0, speed_ratio=None, velocity_mad=None mph, impact_frame=None)
2026-08-09 11:45:08,556 - openflight.server - INFO - [SERVER] Ball speed cosine correction: 104.7 -> 106.9 mph (LA 14.3)
2026-08-09 11:45:08,556 - openflight.server - INFO - [SERVER] Calculated spin: 3405 rpm (v=106.9 mph, LA=14.3 deg, measured was 1868 rpm)
2026-08-09 11:45:08,579 - openflight.server - INFO - [SERVER] Ballistic carry: 142 yds (spin: 3405 rpm, source: measured)
2026-08-09 11:45:08,580 - openflight.server - INFO - [SERVER] Shot: ball=106.9 mph, carry=143 yds, Launch: 14.3°
2026-08-09 11:45:08,580 - openflight.rolling_buffer.monitor - INFO - [SHOT] #27: ball=106.9 mph, club=83.0, carry=143 yds | trigger=10060ms, process=134ms, callback=5477ms, total=15673ms
2026-08-09 11:45:08,580 - openflight.rolling_buffer.trigger - INFO - [TRIGGER] Waiting for sound trigger (timeout=30s)...
2026-08-09 11:45:17,262 - ops243 - DEBUG - [OPS] Hardware trigger: first byte after 8.7s
2026-08-09 11:45:19,526 - openflight.iwr6843.monitor - INFO - [IWR6843] Trigger #29: dumping firmware-frozen L3 ring
2026-08-09 11:45:20,509 - openflight.camera.capture_runtime - INFO - [CAMERA] Capture #29 saved: 60 frames, 287.9fps, gaps=0 -> /home/pacinoj/openflight_sessions/trackman/camera/camera_20260809_114519_526_029
2026-08-09 11:45:21,379 - ops243 - INFO - [OPS] Hardware trigger: 41037 bytes in 12.8s
2026-08-09 11:45:21,379 - openflight.rolling_buffer.trigger - INFO - [TRIGGER] Sound trigger fired, 41037 bytes received
2026-08-09 11:45:21,770 - ops243 - INFO - [OPS] Clock sync: method=integer_rollover offset=1786284952.410s best_read_latency=0.1ms spread=989.2ms rollover_uncertainty=10.8ms (36/36 valid)
2026-08-09 11:45:21,771 - openflight.rolling_buffer.trigger - INFO - [TRIGGER] OPS clock sync selected: fresh offset=1786284952.410174s age=0.0ms (fresh=valid_integer_rollover, previous=valid_integer_rollover, delta=-0.5ms)
2026-08-09 11:45:21,971 - ops243 - INFO - [OPS] Re-arm drain: 0 bytes in 0.2s
2026-08-09 11:45:22,323 - ops243 - INFO - [OPS] Rolling buffer re-armed (S#16)
2026-08-09 11:45:22,323 - openflight.rolling_buffer.trigger - INFO - [TRIGGER] Sound trigger wall time 1786290319.524 (source=ops_clock_sync, first byte 1786290317.262, post-trigger 68.5ms)
2026-08-09 11:45:22,323 - openflight.rolling_buffer.trigger - INFO - [TRIGGER] Sound trigger accepted — peak 116.3 mph, 43 outbound readings
2026-08-09 11:45:22,333 - openflight.rolling_buffer.processor - INFO - [PROCESSOR] Ball speed: 116.3 mph (mode-based, 43 outbound readings)
2026-08-09 11:45:22,374 - openflight.rolling_buffer.processor - INFO - [PROCESSOR] Club speed: 84.9 mph at 11.7ms before ball
2026-08-09 11:45:22,374 - openflight.rolling_buffer.processor - INFO - [PROCESSOR] Impact estimate: OPS transition 61.3ms (club 88.5 mph @ 60.8ms -> ball 114.4 mph @ 61.9ms, delta=25.9 mph)
2026-08-09 11:45:22,380 - openflight.rolling_buffer.processor - INFO - [PROCESSOR] Ball signal lost at 131.0ms (window trimmed from 136.5ms)
2026-08-09 11:45:22,451 - openflight.rolling_buffer.processor - INFO - [PROCESSOR] Ungated multitaper spin: 1978 RPM, evidence=38.91, fade=49.20 Hz, window=65.3ms
2026-08-09 11:45:22,451 - openflight.rolling_buffer.processor - INFO - [PROCESSOR] Spin result: 1978 RPM, SNR=38.91, quality=experimental
2026-08-09 11:45:22,452 - openflight.rolling_buffer.monitor - INFO - [MONITOR] process_capture: 128.4ms
2026-08-09 11:45:22,452 - openflight.rolling_buffer.monitor - INFO - [MONITOR] Shot detected: ball=116.3 mph, club=84.9, spin=1978
2026-08-09 11:45:22,454 - openflight.server - INFO - [SERVER] Shot callback: 116.3 mph
2026-08-09 11:45:22,454 - openflight.server - INFO - [SERVER] Inclinometer pitch: raw +0.44deg, calibrated +0.17deg, IWR tilt 12.17deg (age 63ms)
2026-08-09 11:45:26,622 - openflight.iwr6843.monitor - INFO - [IWR6843] Capture #29 complete: 732812 bytes in 7.10s
2026-08-09 11:45:27,249 - openflight.iwr6843.club - INFO - [CLUB] track=ops_speed_prior OPS=84.9 mph radial=31.4 m/s ratio=0.83 impact_error=0.059 m inliers=50 rms=0.36 bins
2026-08-09 11:45:27,324 - openflight.server - INFO - [SERVER] IWR6843 TX2 horizontal proxy: -5.40° (coherence 80%, status=hlcmf_v0_accepted)
2026-08-09 11:45:27,325 - openflight.server - INFO - [SERVER] IWR6843 LCMF-v1 launch: 11.76° (22 snapshots/6 frames, component std 4.37°)
2026-08-09 11:45:27,325 - openflight.server - INFO - [SERVER] Camera capture #29 matched -> /home/pacinoj/openflight_sessions/trackman/camera/camera_20260809_114519_526_029
2026-08-09 11:45:27,570 - openflight.server - INFO - [SERVER] Camera-assisted horizontal: selected=-5.40294516371273 camera=None IWR=-5.40294516371273 delta=None status=camera_withheld_fallback_iwr support=0/27
2026-08-09 11:45:27,870 - openflight.server - INFO - [SERVER] Camera/IWR chained club delivery: AoA None path None (status=rejected_no_ball, features=0, speed_ratio=None, velocity_mad=None mph, impact_frame=None)
2026-08-09 11:45:27,870 - openflight.server - INFO - [SERVER] Ball speed cosine correction: 116.3 -> 118.2 mph (LA 11.8)
2026-08-09 11:45:27,871 - openflight.server - INFO - [SERVER] Calculated spin: 2979 rpm (v=118.2 mph, LA=11.8 deg, measured was 1978 rpm)
2026-08-09 11:45:27,891 - openflight.server - INFO - [SERVER] Ballistic carry: 154 yds (spin: 2979 rpm, source: measured)
2026-08-09 11:45:27,892 - openflight.server - INFO - [SERVER] Shot: ball=118.2 mph, carry=173 yds, Launch: 11.8°
2026-08-09 11:45:27,892 - openflight.rolling_buffer.monitor - INFO - [SHOT] #28: ball=118.2 mph, club=84.9, carry=173 yds | trigger=13743ms, process=128ms, callback=5438ms, total=19312ms
2026-08-09 11:45:27,892 - openflight.rolling_buffer.trigger - INFO - [TRIGGER] Waiting for sound trigger (timeout=30s)...
2026-08-09 11:45:32,248 - ops243 - DEBUG - [OPS] Hardware trigger: first byte after 4.4s
2026-08-09 11:45:39,230 - openflight.iwr6843.monitor - INFO - [IWR6843] Trigger #30: dumping firmware-frozen L3 ring
2026-08-09 11:45:40,206 - openflight.camera.capture_runtime - INFO - [CAMERA] Capture #30 saved: 60 frames, 287.9fps, gaps=0 -> /home/pacinoj/openflight_sessions/trackman/camera/camera_20260809_114539_230_030
2026-08-09 11:45:41,079 - ops243 - INFO - [OPS] Hardware trigger: 41037 bytes in 13.2s
2026-08-09 11:45:41,080 - openflight.rolling_buffer.trigger - INFO - [TRIGGER] Sound trigger fired, 41037 bytes received
2026-08-09 11:45:41,469 - ops243 - INFO - [OPS] Clock sync: method=integer_rollover offset=1786284952.409s best_read_latency=0.2ms spread=989.2ms rollover_uncertainty=10.8ms (36/36 valid)
2026-08-09 11:45:41,469 - openflight.rolling_buffer.trigger - INFO - [TRIGGER] OPS clock sync selected: fresh offset=1786284952.409429s age=0.0ms (fresh=valid_integer_rollover, previous=valid_integer_rollover, delta=-0.7ms)
2026-08-09 11:45:41,669 - ops243 - INFO - [OPS] Re-arm drain: 0 bytes in 0.2s
2026-08-09 11:45:42,020 - ops243 - INFO - [OPS] Rolling buffer re-armed (S#16)
2026-08-09 11:45:42,020 - openflight.rolling_buffer.trigger - INFO - [TRIGGER] Sound trigger wall time 1786290339.226 (source=ops_clock_sync, first byte 1786290332.248, post-trigger 68.5ms)
2026-08-09 11:45:42,020 - openflight.rolling_buffer.trigger - INFO - [TRIGGER] Sound trigger accepted — peak 107.3 mph, 43 outbound readings
2026-08-09 11:45:42,037 - openflight.rolling_buffer.processor - INFO - [PROCESSOR] Ball speed: 107.3 mph (mode-based, 43 outbound readings)
2026-08-09 11:45:42,074 - openflight.rolling_buffer.processor - INFO - [PROCESSOR] Club speed: 83.7 mph at 11.7ms before ball
2026-08-09 11:45:42,074 - openflight.rolling_buffer.processor - INFO - [PROCESSOR] Impact estimate: OPS transition 64.0ms (club 88.3 mph @ 62.9ms -> ball 105.0 mph @ 65.1ms, delta=16.7 mph)
2026-08-09 11:45:42,155 - openflight.rolling_buffer.processor - INFO - [PROCESSOR] Ungated multitaper spin: 3186 RPM, evidence=44.84, fade=34.25 Hz, window=67.6ms
2026-08-09 11:45:42,155 - openflight.rolling_buffer.processor - INFO - [PROCESSOR] Spin result: 3186 RPM, SNR=44.84, quality=experimental
2026-08-09 11:45:42,156 - openflight.rolling_buffer.monitor - INFO - [MONITOR] process_capture: 135.0ms
2026-08-09 11:45:42,156 - openflight.rolling_buffer.monitor - INFO - [MONITOR] Shot detected: ball=107.3 mph, club=83.7, spin=3186
2026-08-09 11:45:42,158 - openflight.server - INFO - [SERVER] Shot callback: 107.3 mph
2026-08-09 11:45:42,158 - openflight.server - INFO - [SERVER] Inclinometer pitch: raw +0.38deg, calibrated +0.11deg, IWR tilt 12.11deg (age 57ms)
2026-08-09 11:45:46,326 - openflight.iwr6843.monitor - INFO - [IWR6843] Capture #30 complete: 732812 bytes in 7.10s
2026-08-09 11:45:46,974 - openflight.iwr6843.club - INFO - [CLUB] track=ops_speed_prior OPS=83.7 mph radial=30.7 m/s ratio=0.82 impact_error=0.084 m inliers=50 rms=0.30 bins
2026-08-09 11:45:47,101 - openflight.server - INFO - [SERVER] IWR6843 TX2 horizontal proxy: 2.07° (coherence 88%, status=hlcmf_v0_accepted)
2026-08-09 11:45:47,102 - openflight.server - INFO - [SERVER] IWR6843 LCMF-v1 launch: 15.47° (31 snapshots/10 frames, component std 0.60°)
2026-08-09 11:45:47,102 - openflight.server - INFO - [SERVER] Camera capture #30 matched -> /home/pacinoj/openflight_sessions/trackman/camera/camera_20260809_114539_230_030
2026-08-09 11:45:47,358 - openflight.server - INFO - [SERVER] Camera-assisted horizontal: selected=2.067100264884195 camera=None IWR=2.067100264884195 delta=None status=camera_withheld_fallback_iwr support=0/27
2026-08-09 11:45:47,649 - openflight.server - INFO - [SERVER] Camera/IWR chained club delivery: AoA None path None (status=rejected_no_ball, features=0, speed_ratio=None, velocity_mad=None mph, impact_frame=None)
2026-08-09 11:45:47,649 - openflight.server - INFO - [SERVER] Ball speed cosine correction: 107.3 -> 109.7 mph (LA 15.5)
2026-08-09 11:45:47,649 - openflight.server - INFO - [SERVER] Calculated spin: 3818 rpm (v=109.7 mph, LA=15.5 deg, measured was 3186 rpm)
2026-08-09 11:45:47,672 - openflight.server - INFO - [SERVER] Ballistic carry: 154 yds (spin: 3818 rpm, source: measured)
2026-08-09 11:45:47,674 - openflight.server - INFO - [SERVER] Shot: ball=109.7 mph, carry=153 yds, Launch: 15.5°
2026-08-09 11:45:47,675 - openflight.rolling_buffer.monitor - INFO - [SHOT] #29: ball=109.7 mph, club=83.7, carry=153 yds | trigger=14128ms, process=135ms, callback=5517ms, total=19783ms
2026-08-09 11:45:47,676 - openflight.rolling_buffer.trigger - INFO - [TRIGGER] Waiting for sound trigger (timeout=30s)...
2026-08-09 11:45:55,064 - openflight.iwr6843.monitor - INFO - [IWR6843] Trigger #31: dumping firmware-frozen L3 ring
2026-08-09 11:45:55,151 - ops243 - DEBUG - [OPS] Hardware trigger: first byte after 7.5s
2026-08-09 11:45:56,064 - openflight.camera.capture_runtime - INFO - [CAMERA] Capture #31 saved: 60 frames, 287.9fps, gaps=0 -> /home/pacinoj/openflight_sessions/trackman/camera/camera_20260809_114555_064_031
2026-08-09 11:45:56,916 - ops243 - INFO - [OPS] Hardware trigger: 41035 bytes in 9.2s
2026-08-09 11:45:56,916 - openflight.rolling_buffer.trigger - INFO - [TRIGGER] Sound trigger fired, 41035 bytes received
2026-08-09 11:45:57,413 - ops243 - INFO - [OPS] Clock sync: method=integer_rollover offset=1786284952.407s best_read_latency=0.2ms spread=989.2ms rollover_uncertainty=10.8ms (46/46 valid)
2026-08-09 11:45:57,413 - openflight.rolling_buffer.trigger - INFO - [TRIGGER] OPS clock sync selected: fresh offset=1786284952.407222s age=0.0ms (fresh=valid_integer_rollover, previous=valid_integer_rollover, delta=-2.2ms)
2026-08-09 11:45:57,613 - ops243 - INFO - [OPS] Re-arm drain: 0 bytes in 0.2s
2026-08-09 11:45:57,964 - ops243 - INFO - [OPS] Rolling buffer re-armed (S#16)
2026-08-09 11:45:57,964 - openflight.rolling_buffer.trigger - INFO - [TRIGGER] Sound trigger wall time 1786290355.060 (source=ops_clock_sync, first byte 1786290355.152, post-trigger 68.5ms)
2026-08-09 11:45:57,964 - openflight.rolling_buffer.trigger - INFO - [TRIGGER] Sound trigger accepted — peak 116.9 mph, 40 outbound readings
2026-08-09 11:45:57,978 - openflight.rolling_buffer.processor - INFO - [PROCESSOR] Ball speed: 116.9 mph (mode-based, 40 outbound readings)
2026-08-09 11:45:58,016 - openflight.rolling_buffer.processor - INFO - [PROCESSOR] Club speed: 84.8 mph at 10.7ms before ball
2026-08-09 11:45:58,017 - openflight.rolling_buffer.processor - INFO - [PROCESSOR] Impact estimate: OPS transition 61.9ms (club 89.1 mph @ 60.8ms -> ball 114.7 mph @ 62.9ms, delta=25.6 mph)
2026-08-09 11:45:58,077 - openflight.rolling_buffer.processor - INFO - [PROCESSOR] Ungated multitaper spin: 2911 RPM, evidence=32.35, fade=31.75 Hz, window=70.8ms
2026-08-09 11:45:58,078 - openflight.rolling_buffer.processor - INFO - [PROCESSOR] Spin result: 2911 RPM, SNR=32.35, quality=experimental
2026-08-09 11:45:58,078 - openflight.rolling_buffer.monitor - INFO - [MONITOR] process_capture: 113.9ms
2026-08-09 11:45:58,078 - openflight.rolling_buffer.monitor - INFO - [MONITOR] Shot detected: ball=116.9 mph, club=84.8, spin=2911
2026-08-09 11:45:58,080 - openflight.server - INFO - [SERVER] Shot callback: 116.9 mph
2026-08-09 11:45:58,081 - openflight.server - INFO - [SERVER] Inclinometer pitch: raw +0.49deg, calibrated +0.23deg, IWR tilt 12.23deg (age 76ms)
2026-08-09 11:46:02,161 - openflight.iwr6843.monitor - INFO - [IWR6843] Capture #31 complete: 732812 bytes in 7.10s
2026-08-09 11:46:02,796 - openflight.iwr6843.club - INFO - [CLUB] track=ops_speed_prior OPS=84.8 mph radial=32.6 m/s ratio=0.86 impact_error=0.071 m inliers=59 rms=0.37 bins
2026-08-09 11:46:02,875 - openflight.server - INFO - [SERVER] IWR6843 TX2 horizontal proxy: -1.01° (coherence 85%, status=hlcmf_v0_accepted)
2026-08-09 11:46:02,875 - openflight.server - INFO - [SERVER] IWR6843 LCMF-v1 launch: 14.82° (24 snapshots/8 frames, component std 2.03°)
2026-08-09 11:46:02,875 - openflight.server - INFO - [SERVER] Camera capture #31 matched -> /home/pacinoj/openflight_sessions/trackman/camera/camera_20260809_114555_064_031
2026-08-09 11:46:03,119 - openflight.server - INFO - [SERVER] Camera-assisted horizontal: selected=-1.0068020287900652 camera=None IWR=-1.0068020287900652 delta=None status=camera_withheld_fallback_iwr support=0/27
2026-08-09 11:46:03,413 - openflight.server - INFO - [SERVER] Camera/IWR chained club delivery: AoA None path None (status=rejected_no_ball, features=0, speed_ratio=None, velocity_mad=None mph, impact_frame=None)
2026-08-09 11:46:03,413 - openflight.server - INFO - [SERVER] Ball speed cosine correction: 116.9 -> 119.2 mph (LA 14.8)
2026-08-09 11:46:03,413 - openflight.server - INFO - [SERVER] Calculated spin: 3946 rpm (v=119.2 mph, LA=14.8 deg, measured was 2911 rpm)
2026-08-09 11:46:03,438 - openflight.server - INFO - [SERVER] Ballistic carry: 175 yds (spin: 3946 rpm, source: measured)
2026-08-09 11:46:03,439 - openflight.server - INFO - [SERVER] Shot: ball=119.2 mph, carry=177 yds, Launch: 14.8°
2026-08-09 11:46:03,440 - openflight.rolling_buffer.monitor - INFO - [SHOT] #30: ball=119.2 mph, club=84.8, carry=177 yds | trigger=10288ms, process=114ms, callback=5359ms, total=15764ms
2026-08-09 11:46:03,440 - openflight.rolling_buffer.trigger - INFO - [TRIGGER] Waiting for sound trigger (timeout=30s)...
2026-08-09 11:46:17,257 - ops243 - DEBUG - [OPS] Hardware trigger: first byte after 13.8s
2026-08-09 11:46:26,948 - openflight.iwr6843.monitor - INFO - [IWR6843] Trigger #32: dumping firmware-frozen L3 ring
2026-08-09 11:46:27,918 - openflight.camera.capture_runtime - INFO - [CAMERA] Capture #32 saved: 60 frames, 287.9fps, gaps=0 -> /home/pacinoj/openflight_sessions/trackman/camera/camera_20260809_114626_947_032
2026-08-09 11:46:28,797 - ops243 - INFO - [OPS] Hardware trigger: 41037 bytes in 25.4s
2026-08-09 11:46:28,797 - openflight.rolling_buffer.trigger - INFO - [TRIGGER] Sound trigger fired, 41037 bytes received
2026-08-09 11:46:29,415 - ops243 - INFO - [OPS] Clock sync: method=integer_rollover offset=1786284952.410s best_read_latency=0.2ms spread=989.2ms rollover_uncertainty=10.8ms (57/57 valid)
2026-08-09 11:46:29,415 - openflight.rolling_buffer.trigger - INFO - [TRIGGER] OPS clock sync selected: fresh offset=1786284952.409723s age=0.0ms (fresh=valid_integer_rollover, previous=valid_integer_rollover, delta=2.5ms)
2026-08-09 11:46:29,615 - ops243 - INFO - [OPS] Re-arm drain: 0 bytes in 0.2s
2026-08-09 11:46:29,966 - ops243 - INFO - [OPS] Rolling buffer re-armed (S#16)
2026-08-09 11:46:29,967 - openflight.rolling_buffer.trigger - INFO - [TRIGGER] Sound trigger wall time 1786290386.950 (source=ops_clock_sync, first byte 1786290377.257, post-trigger 68.5ms)
2026-08-09 11:46:29,967 - openflight.rolling_buffer.trigger - INFO - [TRIGGER] Sound trigger accepted — peak 117.7 mph, 42 outbound readings
2026-08-09 11:46:29,985 - openflight.rolling_buffer.processor - INFO - [PROCESSOR] Ball speed: 117.7 mph (mode-based, 42 outbound readings)
2026-08-09 11:46:30,026 - openflight.rolling_buffer.processor - INFO - [PROCESSOR] Club speed: 85.1 mph at 10.7ms before ball
2026-08-09 11:46:30,027 - openflight.rolling_buffer.processor - INFO - [PROCESSOR] Impact estimate: OPS transition 65.1ms (club 88.7 mph @ 64.0ms -> ball 115.4 mph @ 66.1ms, delta=26.7 mph)
2026-08-09 11:46:30,029 - openflight.rolling_buffer.processor - INFO - [PROCESSOR] Multitaper repaired 0.05% clipped I/Q samples
2026-08-09 11:46:30,095 - openflight.rolling_buffer.processor - INFO - [PROCESSOR] Ungated multitaper spin: 2966 RPM, evidence=31.24, fade=32.50 Hz, window=67.6ms
2026-08-09 11:46:30,095 - openflight.rolling_buffer.processor - INFO - [PROCESSOR] Spin result: 2966 RPM, SNR=31.24, quality=experimental
2026-08-09 11:46:30,096 - openflight.rolling_buffer.monitor - INFO - [MONITOR] process_capture: 128.8ms
2026-08-09 11:46:30,096 - openflight.rolling_buffer.monitor - INFO - [MONITOR] Shot detected: ball=117.7 mph, club=85.1, spin=2966
2026-08-09 11:46:30,099 - openflight.server - INFO - [SERVER] Shot callback: 117.7 mph
2026-08-09 11:46:30,099 - openflight.server - INFO - [SERVER] Inclinometer pitch: raw +0.44deg, calibrated +0.17deg, IWR tilt 12.17deg (age 78ms)
2026-08-09 11:46:34,043 - openflight.iwr6843.monitor - INFO - [IWR6843] Capture #32 complete: 732812 bytes in 7.10s
2026-08-09 11:46:34,690 - openflight.iwr6843.club - INFO - [CLUB] track=ops_speed_prior OPS=85.1 mph radial=32.3 m/s ratio=0.85 impact_error=0.055 m inliers=51 rms=0.39 bins
2026-08-09 11:46:34,767 - openflight.server - INFO - [SERVER] IWR6843 TX2 horizontal proxy: -6.79° (coherence 83%, status=hlcmf_v0_accepted)
2026-08-09 11:46:34,767 - openflight.server - INFO - [SERVER] IWR6843 LCMF-v1 launch: 15.11° (24 snapshots/7 frames, component std 0.79°)
2026-08-09 11:46:34,768 - openflight.server - INFO - [SERVER] Camera capture #32 matched -> /home/pacinoj/openflight_sessions/trackman/camera/camera_20260809_114626_947_032
2026-08-09 11:46:35,034 - openflight.server - INFO - [SERVER] Camera-assisted horizontal: selected=-6.786398189027784 camera=None IWR=-6.786398189027784 delta=None status=camera_withheld_fallback_iwr support=0/27
2026-08-09 11:46:35,336 - openflight.server - INFO - [SERVER] Camera/IWR chained club delivery: AoA None path None (status=rejected_no_ball, features=0, speed_ratio=None, velocity_mad=None mph, impact_frame=None)
2026-08-09 11:46:35,336 - openflight.server - INFO - [SERVER] Ball speed cosine correction: 117.7 -> 120.0 mph (LA 15.1)
2026-08-09 11:46:35,336 - openflight.server - INFO - [SERVER] Calculated spin: 4064 rpm (v=120.0 mph, LA=15.1 deg, measured was 2966 rpm)
2026-08-09 11:46:35,361 - openflight.server - INFO - [SERVER] Ballistic carry: 177 yds (spin: 4064 rpm, source: measured)
2026-08-09 11:46:35,363 - openflight.server - INFO - [SERVER] Shot: ball=120.0 mph, carry=180 yds, Launch: 15.1°
2026-08-09 11:46:35,363 - openflight.rolling_buffer.monitor - INFO - [SHOT] #31: ball=120.0 mph, club=85.1, carry=180 yds | trigger=26527ms, process=129ms, callback=5264ms, total=31923ms
2026-08-09 11:46:35,363 - openflight.rolling_buffer.trigger - INFO - [TRIGGER] Waiting for sound trigger (timeout=30s)...
2026-08-09 11:46:42,614 - openflight.iwr6843.monitor - INFO - [IWR6843] Trigger #33: dumping firmware-frozen L3 ring
2026-08-09 11:46:42,698 - ops243 - DEBUG - [OPS] Hardware trigger: first byte after 7.3s
2026-08-09 11:46:43,699 - openflight.camera.capture_runtime - INFO - [CAMERA] Capture #33 saved: 60 frames, 287.9fps, gaps=0 -> /home/pacinoj/openflight_sessions/trackman/camera/camera_20260809_114642_614_033
2026-08-09 11:46:44,467 - ops243 - INFO - [OPS] Hardware trigger: 41035 bytes in 9.1s
2026-08-09 11:46:44,467 - openflight.rolling_buffer.trigger - INFO - [TRIGGER] Sound trigger fired, 41035 bytes received
2026-08-09 11:46:45,407 - ops243 - INFO - [OPS] Clock sync: method=integer_rollover offset=1786284952.401s best_read_latency=0.2ms spread=989.2ms rollover_uncertainty=10.8ms (87/87 valid)
2026-08-09 11:46:45,407 - openflight.rolling_buffer.trigger - INFO - [TRIGGER] OPS clock sync selected: fresh offset=1786284952.401108s age=0.0ms (fresh=valid_integer_rollover, previous=valid_integer_rollover, delta=-8.6ms)
2026-08-09 11:46:45,607 - ops243 - INFO - [OPS] Re-arm drain: 0 bytes in 0.2s
2026-08-09 11:46:45,958 - ops243 - INFO - [OPS] Rolling buffer re-armed (S#16)
2026-08-09 11:46:45,958 - openflight.rolling_buffer.trigger - INFO - [TRIGGER] Sound trigger wall time 1786290402.608 (source=ops_clock_sync, first byte 1786290402.698, post-trigger 68.5ms)
2026-08-09 11:46:45,958 - openflight.rolling_buffer.trigger - INFO - [TRIGGER] Sound trigger accepted — peak 102.6 mph, 45 outbound readings
2026-08-09 11:46:45,974 - openflight.rolling_buffer.processor - INFO - [PROCESSOR] Ball speed: 102.6 mph (mode-based, 45 outbound readings)
2026-08-09 11:46:46,010 - openflight.rolling_buffer.processor - INFO - [PROCESSOR] Club speed: 84.0 mph at 13.9ms before ball
2026-08-09 11:46:46,010 - openflight.rolling_buffer.processor - INFO - [PROCESSOR] Impact estimate: sound_trigger 68.0ms (speed_delta_below_threshold)
2026-08-09 11:46:46,096 - openflight.rolling_buffer.processor - INFO - [PROCESSOR] Ungated multitaper spin: 3076 RPM, evidence=22.00, fade=37.00 Hz, window=66.5ms
2026-08-09 11:46:46,096 - openflight.rolling_buffer.processor - INFO - [PROCESSOR] Spin result: 3076 RPM, SNR=22.00, quality=experimental
2026-08-09 11:46:46,097 - openflight.rolling_buffer.monitor - INFO - [MONITOR] process_capture: 138.2ms
2026-08-09 11:46:46,097 - openflight.rolling_buffer.monitor - INFO - [MONITOR] Shot detected: ball=102.6 mph, club=84.0, spin=3076
2026-08-09 11:46:46,099 - openflight.server - INFO - [SERVER] Shot callback: 102.6 mph
2026-08-09 11:46:46,100 - openflight.server - INFO - [SERVER] Inclinometer pitch: raw +0.41deg, calibrated +0.14deg, IWR tilt 12.14deg (age 87ms)
[8354:8391:0809/114646.945727:ERROR:google_apis/gcm/engine/registration_request.cc:291] Registration response error message: DEPRECATED_ENDPOINT
2026-08-09 11:46:49,709 - openflight.iwr6843.monitor - INFO - [IWR6843] Capture #33 complete: 732812 bytes in 7.10s
2026-08-09 11:46:50,358 - openflight.iwr6843.club - INFO - [CLUB] track=ops_speed_prior OPS=84.0 mph radial=31.0 m/s ratio=0.82 impact_error=0.070 m inliers=60 rms=0.43 bins
2026-08-09 11:46:50,438 - openflight.server - INFO - [SERVER] IWR6843 TX2 horizontal proxy: -2.23° (coherence 87%, status=hlcmf_v0_accepted)
2026-08-09 11:46:50,438 - openflight.server - INFO - [SERVER] IWR6843 LCMF-v1 launch: 14.19° (34 snapshots/10 frames, component std 1.58°)
2026-08-09 11:46:50,438 - openflight.server - INFO - [SERVER] Camera capture #33 matched -> /home/pacinoj/openflight_sessions/trackman/camera/camera_20260809_114642_614_033
2026-08-09 11:46:50,679 - openflight.server - INFO - [SERVER] Camera-assisted horizontal: selected=-2.226381950971504 camera=None IWR=-2.226381950971504 delta=None status=camera_withheld_fallback_iwr support=0/27
2026-08-09 11:46:50,974 - openflight.server - INFO - [SERVER] Camera/IWR chained club delivery: AoA None path None (status=rejected_no_ball, features=0, speed_ratio=None, velocity_mad=None mph, impact_frame=None)
2026-08-09 11:46:50,974 - openflight.server - INFO - [SERVER] Ball speed cosine correction: 102.6 -> 104.9 mph (LA 14.2)
2026-08-09 11:46:50,974 - openflight.server - INFO - [SERVER] Calculated spin: 3300 rpm (v=104.9 mph, LA=14.2 deg, measured was 3076 rpm)
2026-08-09 11:46:50,994 - openflight.server - INFO - [SERVER] Ballistic carry: 136 yds (spin: 3300 rpm, source: measured)
2026-08-09 11:46:50,995 - openflight.server - INFO - [SERVER] Shot: ball=104.9 mph, carry=137 yds, Launch: 14.2°
2026-08-09 11:46:50,995 - openflight.rolling_buffer.monitor - INFO - [SHOT] #32: ball=104.9 mph, club=84.0, carry=137 yds | trigger=10596ms, process=138ms, callback=4896ms, total=15633ms
2026-08-09 11:46:50,996 - openflight.rolling_buffer.trigger - INFO - [TRIGGER] Waiting for sound trigger (timeout=30s)...
2026-08-09 11:46:59,747 - openflight.iwr6843.monitor - INFO - [IWR6843] Trigger #34: dumping firmware-frozen L3 ring
2026-08-09 11:46:59,831 - ops243 - DEBUG - [OPS] Hardware trigger: first byte after 8.8s
2026-08-09 11:47:00,686 - openflight.camera.capture_runtime - INFO - [CAMERA] Capture #34 saved: 60 frames, 287.9fps, gaps=0 -> /home/pacinoj/openflight_sessions/trackman/camera/camera_20260809_114659_747_034
2026-08-09 11:47:01,597 - ops243 - INFO - [OPS] Hardware trigger: 41035 bytes in 10.6s
2026-08-09 11:47:01,598 - openflight.rolling_buffer.trigger - INFO - [TRIGGER] Sound trigger fired, 41035 bytes received
2026-08-09 11:47:02,408 - ops243 - INFO - [OPS] Clock sync: method=integer_rollover offset=1786284952.402s best_read_latency=0.2ms spread=989.4ms rollover_uncertainty=10.6ms (74/74 valid)
2026-08-09 11:47:02,408 - openflight.rolling_buffer.trigger - INFO - [TRIGGER] OPS clock sync selected: fresh offset=1786284952.402478s age=0.0ms (fresh=valid_integer_rollover, previous=valid_integer_rollover, delta=1.4ms)
2026-08-09 11:47:02,609 - ops243 - INFO - [OPS] Re-arm drain: 0 bytes in 0.2s
2026-08-09 11:47:02,961 - ops243 - INFO - [OPS] Rolling buffer re-armed (S#16)
2026-08-09 11:47:02,961 - openflight.rolling_buffer.trigger - INFO - [TRIGGER] Sound trigger wall time 1786290419.742 (source=ops_clock_sync, first byte 1786290419.831, post-trigger 68.5ms)
2026-08-09 11:47:02,961 - openflight.rolling_buffer.trigger - INFO - [TRIGGER] Sound trigger accepted — peak 105.2 mph, 41 outbound readings
2026-08-09 11:47:02,974 - openflight.rolling_buffer.processor - INFO - [PROCESSOR] Ball speed: 105.2 mph (mode-based, 41 outbound readings)
2026-08-09 11:47:03,015 - openflight.rolling_buffer.processor - INFO - [PROCESSOR] Club speed: 84.3 mph at 11.7ms before ball
2026-08-09 11:47:03,016 - openflight.rolling_buffer.processor - INFO - [PROCESSOR] Impact estimate: sound_trigger 68.0ms (speed_delta_below_threshold)
2026-08-09 11:47:03,017 - openflight.rolling_buffer.processor - INFO - [PROCESSOR] Multitaper repaired 0.05% clipped I/Q samples
2026-08-09 11:47:03,075 - openflight.rolling_buffer.processor - INFO - [PROCESSOR] Ungated multitaper spin: 3735 RPM, evidence=36.89, fade=25.00 Hz, window=65.5ms
2026-08-09 11:47:03,076 - openflight.rolling_buffer.processor - INFO - [PROCESSOR] Spin result: 3735 RPM, SNR=36.89, quality=experimental
2026-08-09 11:47:03,076 - openflight.rolling_buffer.monitor - INFO - [MONITOR] process_capture: 114.8ms
2026-08-09 11:47:03,078 - openflight.rolling_buffer.monitor - INFO - [MONITOR] Shot detected: ball=105.2 mph, club=84.3, spin=3735
2026-08-09 11:47:03,082 - openflight.server - INFO - [SERVER] Shot callback: 105.2 mph
2026-08-09 11:47:03,082 - openflight.server - INFO - [SERVER] Inclinometer pitch: raw +0.32deg, calibrated +0.06deg, IWR tilt 12.06deg (age 69ms)
2026-08-09 11:47:06,843 - openflight.iwr6843.monitor - INFO - [IWR6843] Capture #34 complete: 732812 bytes in 7.10s
2026-08-09 11:47:07,474 - openflight.iwr6843.club - INFO - [CLUB] track=ops_speed_prior OPS=84.3 mph radial=31.4 m/s ratio=0.83 impact_error=0.071 m inliers=59 rms=0.46 bins
2026-08-09 11:47:07,563 - openflight.server - INFO - [SERVER] IWR6843 TX2 horizontal proxy: -2.22° (coherence 88%, status=hlcmf_v0_accepted)
2026-08-09 11:47:07,563 - openflight.server - INFO - [SERVER] IWR6843 LCMF-v1 launch: 14.59° (31 snapshots/9 frames, component std 0.13°)
2026-08-09 11:47:07,563 - openflight.server - INFO - [SERVER] Camera capture #34 matched -> /home/pacinoj/openflight_sessions/trackman/camera/camera_20260809_114659_747_034
2026-08-09 11:47:07,811 - openflight.server - INFO - [SERVER] Camera-assisted horizontal: selected=-2.2202447353486963 camera=None IWR=-2.2202447353486963 delta=None status=camera_withheld_fallback_iwr support=0/27
2026-08-09 11:47:08,098 - openflight.server - INFO - [SERVER] Camera/IWR chained club delivery: AoA None path None (status=rejected_no_ball, features=0, speed_ratio=None, velocity_mad=None mph, impact_frame=None)
2026-08-09 11:47:08,098 - openflight.server - INFO - [SERVER] Ball speed cosine correction: 105.2 -> 107.5 mph (LA 14.6)
2026-08-09 11:47:08,098 - openflight.server - INFO - [SERVER] Calculated spin: 3493 rpm (v=107.5 mph, LA=14.6 deg, measured was 3735 rpm)
2026-08-09 11:47:08,119 - openflight.server - INFO - [SERVER] Ballistic carry: 145 yds (spin: 3493 rpm, source: measured)
2026-08-09 11:47:08,120 - openflight.server - INFO - [SERVER] Shot: ball=107.5 mph, carry=145 yds, Launch: 14.6°
2026-08-09 11:47:08,120 - openflight.rolling_buffer.monitor - INFO - [SHOT] #33: ball=107.5 mph, club=84.3, carry=145 yds | trigger=11965ms, process=115ms, callback=5039ms, total=17125ms
2026-08-09 11:47:08,120 - openflight.rolling_buffer.trigger - INFO - [TRIGGER] Waiting for sound trigger (timeout=30s)...
2026-08-09 11:47:17,264 - ops243 - DEBUG - [OPS] Hardware trigger: first byte after 9.1s
2026-08-09 11:47:18,204 - openflight.iwr6843.monitor - INFO - [IWR6843] Trigger #35: dumping firmware-frozen L3 ring
2026-08-09 11:47:19,146 - openflight.camera.capture_runtime - INFO - [CAMERA] Capture #35 saved: 60 frames, 287.9fps, gaps=0 -> /home/pacinoj/openflight_sessions/trackman/camera/camera_20260809_114718_204_035
2026-08-09 11:47:20,053 - ops243 - INFO - [OPS] Hardware trigger: 41037 bytes in 11.9s
2026-08-09 11:47:20,054 - openflight.rolling_buffer.trigger - INFO - [TRIGGER] Sound trigger fired, 41037 bytes received
2026-08-09 11:47:20,443 - ops243 - INFO - [OPS] Clock sync: method=integer_rollover offset=1786284952.406s best_read_latency=0.1ms spread=989.4ms rollover_uncertainty=10.6ms (36/36 valid)
2026-08-09 11:47:20,443 - openflight.rolling_buffer.trigger - INFO - [TRIGGER] OPS clock sync selected: fresh offset=1786284952.405930s age=0.0ms (fresh=valid_integer_rollover, previous=valid_integer_rollover, delta=3.5ms)
2026-08-09 11:47:20,643 - ops243 - INFO - [OPS] Re-arm drain: 0 bytes in 0.2s
2026-08-09 11:47:20,994 - ops243 - INFO - [OPS] Rolling buffer re-armed (S#16)
2026-08-09 11:47:20,994 - openflight.rolling_buffer.trigger - INFO - [TRIGGER] Sound trigger wall time 1786290438.205 (source=ops_clock_sync, first byte 1786290437.264, post-trigger 68.5ms)
2026-08-09 11:47:20,994 - openflight.rolling_buffer.trigger - INFO - [TRIGGER] Sound trigger accepted — peak 104.4 mph, 43 outbound readings
2026-08-09 11:47:21,007 - openflight.rolling_buffer.processor - INFO - [PROCESSOR] Ball speed: 104.4 mph (mode-based, 43 outbound readings)
2026-08-09 11:47:21,044 - openflight.rolling_buffer.processor - INFO - [PROCESSOR] Club speed: 84.6 mph at 9.6ms before ball
2026-08-09 11:47:21,045 - openflight.rolling_buffer.processor - INFO - [PROCESSOR] Impact estimate: sound_trigger 68.0ms (speed_delta_below_threshold)
2026-08-09 11:47:21,115 - openflight.rolling_buffer.processor - INFO - [PROCESSOR] Ungated multitaper spin: 3296 RPM, evidence=39.77, fade=35.75 Hz, window=65.5ms
2026-08-09 11:47:21,115 - openflight.rolling_buffer.processor - INFO - [PROCESSOR] Spin result: 3296 RPM, SNR=39.77, quality=experimental
2026-08-09 11:47:21,115 - openflight.rolling_buffer.monitor - INFO - [MONITOR] process_capture: 120.7ms
2026-08-09 11:47:21,115 - openflight.rolling_buffer.monitor - INFO - [MONITOR] Shot detected: ball=104.4 mph, club=84.6, spin=3296
2026-08-09 11:47:21,118 - openflight.server - INFO - [SERVER] Shot callback: 104.4 mph
2026-08-09 11:47:21,119 - openflight.server - INFO - [SERVER] Inclinometer pitch: raw +0.53deg, calibrated +0.26deg, IWR tilt 12.26deg (age 2ms)
2026-08-09 11:47:25,300 - openflight.iwr6843.monitor - INFO - [IWR6843] Capture #35 complete: 732812 bytes in 7.10s
2026-08-09 11:47:25,904 - openflight.iwr6843.club - INFO - [CLUB] track=ops_speed_prior OPS=84.6 mph radial=31.6 m/s ratio=0.84 impact_error=0.079 m inliers=70 rms=0.40 bins
2026-08-09 11:47:26,018 - openflight.server - INFO - [SERVER] IWR6843 TX2 horizontal proxy: -3.18° (coherence 89%, status=hlcmf_v0_accepted)
2026-08-09 11:47:26,018 - openflight.server - INFO - [SERVER] IWR6843 LCMF-v1 launch: 15.93° (32 snapshots/9 frames, component std 1.00°)
2026-08-09 11:47:26,018 - openflight.server - INFO - [SERVER] Camera capture #35 matched -> /home/pacinoj/openflight_sessions/trackman/camera/camera_20260809_114718_204_035
2026-08-09 11:47:26,274 - openflight.server - INFO - [SERVER] Camera-assisted horizontal: selected=-3.1762639376609427 camera=None IWR=-3.1762639376609427 delta=None status=camera_withheld_fallback_iwr support=0/27
2026-08-09 11:47:26,561 - openflight.server - INFO - [SERVER] Camera/IWR chained club delivery: AoA None path None (status=rejected_no_ball, features=0, speed_ratio=None, velocity_mad=None mph, impact_frame=None)
2026-08-09 11:47:26,561 - openflight.server - INFO - [SERVER] Ball speed cosine correction: 104.4 -> 106.8 mph (LA 15.9)
2026-08-09 11:47:26,561 - openflight.server - INFO - [SERVER] Calculated spin: 3848 rpm (v=106.8 mph, LA=15.9 deg, measured was 3296 rpm)
2026-08-09 11:47:26,583 - openflight.server - INFO - [SERVER] Ballistic carry: 149 yds (spin: 3848 rpm, source: measured)
2026-08-09 11:47:26,584 - openflight.server - INFO - [SERVER] Shot: ball=106.8 mph, carry=146 yds, Launch: 15.9°
2026-08-09 11:47:26,585 - openflight.rolling_buffer.monitor - INFO - [SHOT] #34: ball=106.8 mph, club=84.6, carry=146 yds | trigger=12874ms, process=121ms, callback=5467ms, total=18464ms
2026-08-09 11:47:26,585 - openflight.rolling_buffer.trigger - INFO - [TRIGGER] Waiting for sound trigger (timeout=30s)...
2026-08-09 11:47:32,251 - ops243 - DEBUG - [OPS] Hardware trigger: first byte after 5.7s
2026-08-09 11:47:33,718 - openflight.iwr6843.monitor - INFO - [IWR6843] Trigger #36: dumping firmware-frozen L3 ring
2026-08-09 11:47:34,679 - openflight.camera.capture_runtime - INFO - [CAMERA] Capture #36 saved: 60 frames, 287.9fps, gaps=0 -> /home/pacinoj/openflight_sessions/trackman/camera/camera_20260809_114733_718_036
2026-08-09 11:47:35,567 - ops243 - INFO - [OPS] Hardware trigger: 41037 bytes in 9.0s
2026-08-09 11:47:35,568 - openflight.rolling_buffer.trigger - INFO - [TRIGGER] Sound trigger fired, 41037 bytes received
2026-08-09 11:47:36,414 - ops243 - INFO - [OPS] Clock sync: method=integer_rollover offset=1786284952.408s best_read_latency=0.2ms spread=988.6ms rollover_uncertainty=11.4ms (78/78 valid)
2026-08-09 11:47:36,415 - openflight.rolling_buffer.trigger - INFO - [TRIGGER] OPS clock sync selected: fresh offset=1786284952.408276s age=0.0ms (fresh=valid_integer_rollover, previous=valid_integer_rollover, delta=2.3ms)
2026-08-09 11:47:36,615 - ops243 - INFO - [OPS] Re-arm drain: 0 bytes in 0.2s
2026-08-09 11:47:36,966 - ops243 - INFO - [OPS] Rolling buffer re-armed (S#16)
2026-08-09 11:47:36,966 - openflight.rolling_buffer.trigger - INFO - [TRIGGER] Sound trigger wall time 1786290453.722 (source=ops_clock_sync, first byte 1786290452.251, post-trigger 68.5ms)
2026-08-09 11:47:36,966 - openflight.rolling_buffer.trigger - INFO - [TRIGGER] Sound trigger accepted — peak 104.6 mph, 44 outbound readings
2026-08-09 11:47:36,976 - openflight.rolling_buffer.processor - INFO - [PROCESSOR] Ball speed: 104.6 mph (mode-based, 44 outbound readings)
2026-08-09 11:47:37,017 - openflight.rolling_buffer.processor - INFO - [PROCESSOR] Club speed: 84.5 mph at 11.7ms before ball
2026-08-09 11:47:37,017 - openflight.rolling_buffer.processor - INFO - [PROCESSOR] Impact estimate: OPS transition 65.1ms (club 85.2 mph @ 64.0ms -> ball 102.4 mph @ 66.1ms, delta=17.2 mph)
2026-08-09 11:47:37,019 - openflight.rolling_buffer.processor - INFO - [PROCESSOR] Multitaper repaired 0.02% clipped I/Q samples
2026-08-09 11:47:37,085 - openflight.rolling_buffer.processor - INFO - [PROCESSOR] Ungated multitaper spin: 2966 RPM, evidence=28.52, fade=32.50 Hz, window=66.5ms
2026-08-09 11:47:37,085 - openflight.rolling_buffer.processor - INFO - [PROCESSOR] Spin result: 2966 RPM, SNR=28.52, quality=experimental
2026-08-09 11:47:37,086 - openflight.rolling_buffer.monitor - INFO - [MONITOR] process_capture: 119.4ms
2026-08-09 11:47:37,086 - openflight.rolling_buffer.monitor - INFO - [MONITOR] Shot detected: ball=104.6 mph, club=84.5, spin=2966
2026-08-09 11:47:37,088 - openflight.server - INFO - [SERVER] Shot callback: 104.6 mph
2026-08-09 11:47:37,088 - openflight.server - INFO - [SERVER] Inclinometer pitch: raw +0.35deg, calibrated +0.09deg, IWR tilt 12.09deg (age 94ms)
2026-08-09 11:47:40,813 - openflight.iwr6843.monitor - INFO - [IWR6843] Capture #36 complete: 732812 bytes in 7.10s
2026-08-09 11:47:41,506 - openflight.iwr6843.club - INFO - [CLUB] track=ops_speed_prior OPS=84.5 mph radial=31.6 m/s ratio=0.84 impact_error=0.066 m inliers=48 rms=0.34 bins
2026-08-09 11:47:41,580 - openflight.server - INFO - [SERVER] IWR6843 TX2 horizontal proxy: -1.93° (coherence 78%, status=hlcmf_v0_accepted)
2026-08-09 11:47:41,580 - openflight.server - INFO - [SERVER] IWR6843 LCMF-v1 launch: 14.73° (37 snapshots/11 frames, component std 0.97°)
2026-08-09 11:47:41,580 - openflight.server - INFO - [SERVER] Camera capture #36 matched -> /home/pacinoj/openflight_sessions/trackman/camera/camera_20260809_114733_718_036
2026-08-09 11:47:41,817 - openflight.server - INFO - [SERVER] Camera-assisted horizontal: selected=-1.9340060303897946 camera=None IWR=-1.9340060303897946 delta=None status=camera_withheld_fallback_iwr support=0/27
2026-08-09 11:47:42,102 - openflight.server - INFO - [SERVER] Camera/IWR chained club delivery: AoA None path None (status=rejected_no_ball, features=0, speed_ratio=None, velocity_mad=None mph, impact_frame=None)
2026-08-09 11:47:42,102 - openflight.server - INFO - [SERVER] Ball speed cosine correction: 104.6 -> 106.9 mph (LA 14.7)
2026-08-09 11:47:42,102 - openflight.server - INFO - [SERVER] Calculated spin: 3511 rpm (v=106.9 mph, LA=14.7 deg, measured was 2966 rpm)
2026-08-09 11:47:42,123 - openflight.server - INFO - [SERVER] Ballistic carry: 144 yds (spin: 3511 rpm, source: measured)
2026-08-09 11:47:42,124 - openflight.server - INFO - [SERVER] Shot: ball=106.9 mph, carry=144 yds, Launch: 14.7°
2026-08-09 11:47:42,124 - openflight.rolling_buffer.monitor - INFO - [SHOT] #35: ball=106.9 mph, club=84.5, carry=144 yds | trigger=10382ms, process=119ms, callback=5036ms, total=15540ms
2026-08-09 11:47:42,124 - openflight.rolling_buffer.trigger - INFO - [TRIGGER] Waiting for sound trigger (timeout=30s)...
2026-08-09 11:47:47,247 - ops243 - DEBUG - [OPS] Hardware trigger: first byte after 5.1s
2026-08-09 11:47:51,777 - openflight.iwr6843.monitor - INFO - [IWR6843] Trigger #37: dumping firmware-frozen L3 ring
2026-08-09 11:47:52,761 - openflight.camera.capture_runtime - INFO - [CAMERA] Capture #37 saved: 60 frames, 287.9fps, gaps=0 -> /home/pacinoj/openflight_sessions/trackman/camera/camera_20260809_114751_777_037
2026-08-09 11:47:53,629 - ops243 - INFO - [OPS] Hardware trigger: 41037 bytes in 11.5s
2026-08-09 11:47:53,629 - openflight.rolling_buffer.trigger - INFO - [TRIGGER] Sound trigger fired, 41037 bytes received
2026-08-09 11:47:54,410 - ops243 - INFO - [OPS] Clock sync: method=integer_rollover offset=1786284952.405s best_read_latency=0.2ms spread=989.2ms rollover_uncertainty=10.8ms (72/72 valid)
2026-08-09 11:47:54,410 - openflight.rolling_buffer.trigger - INFO - [TRIGGER] OPS clock sync selected: fresh offset=1786284952.404849s age=0.0ms (fresh=valid_integer_rollover, previous=valid_integer_rollover, delta=-3.4ms)
2026-08-09 11:47:54,611 - ops243 - INFO - [OPS] Re-arm drain: 0 bytes in 0.2s
2026-08-09 11:47:54,961 - ops243 - INFO - [OPS] Rolling buffer re-armed (S#16)
2026-08-09 11:47:54,962 - openflight.rolling_buffer.trigger - INFO - [TRIGGER] Sound trigger wall time 1786290471.779 (source=ops_clock_sync, first byte 1786290467.248, post-trigger 68.5ms)
2026-08-09 11:47:54,962 - openflight.rolling_buffer.trigger - INFO - [TRIGGER] Sound trigger accepted — peak 112.8 mph, 44 outbound readings
2026-08-09 11:47:54,975 - openflight.rolling_buffer.processor - INFO - [PROCESSOR] Ball speed: 112.8 mph (mode-based, 44 outbound readings)
2026-08-09 11:47:55,014 - openflight.rolling_buffer.processor - INFO - [PROCESSOR] Club speed: 83.7 mph at 13.9ms before ball
2026-08-09 11:47:55,015 - openflight.rolling_buffer.processor - INFO - [PROCESSOR] Impact estimate: OPS transition 62.4ms (club 87.0 mph @ 61.9ms -> ball 110.5 mph @ 62.9ms, delta=23.5 mph)
2026-08-09 11:47:55,016 - openflight.rolling_buffer.processor - INFO - [PROCESSOR] Multitaper repaired 0.10% clipped I/Q samples
2026-08-09 11:47:55,109 - openflight.rolling_buffer.processor - INFO - [PROCESSOR] Ungated multitaper spin: 2087 RPM, evidence=13.11, fade=25.00 Hz, window=67.6ms
2026-08-09 11:47:55,109 - openflight.rolling_buffer.processor - INFO - [PROCESSOR] Spin result: 2087 RPM, SNR=13.11, quality=experimental
2026-08-09 11:47:55,110 - openflight.rolling_buffer.monitor - INFO - [MONITOR] process_capture: 147.5ms
2026-08-09 11:47:55,110 - openflight.rolling_buffer.monitor - INFO - [MONITOR] Shot detected: ball=112.8 mph, club=83.7, spin=2087
2026-08-09 11:47:55,112 - openflight.server - INFO - [SERVER] Shot callback: 112.8 mph
2026-08-09 11:47:55,113 - openflight.server - INFO - [SERVER] Inclinometer pitch: raw +0.50deg, calibrated +0.23deg, IWR tilt 12.23deg (age 85ms)
2026-08-09 11:47:58,874 - openflight.iwr6843.monitor - INFO - [IWR6843] Capture #37 complete: 732812 bytes in 7.10s
2026-08-09 11:47:59,567 - openflight.iwr6843.club - INFO - [CLUB] track=ops_speed_prior OPS=83.7 mph radial=33.1 m/s ratio=0.88 impact_error=0.076 m inliers=53 rms=0.34 bins
2026-08-09 11:47:59,667 - openflight.server - INFO - [SERVER] IWR6843 TX2 horizontal proxy: 0.41° (coherence 78%, status=hlcmf_v0_accepted)
2026-08-09 11:47:59,667 - openflight.server - INFO - [SERVER] IWR6843 LCMF-v1 launch: 14.00° (38 snapshots/11 frames, component std 1.53°)
2026-08-09 11:47:59,667 - openflight.server - INFO - [SERVER] Camera capture #37 matched -> /home/pacinoj/openflight_sessions/trackman/camera/camera_20260809_114751_777_037
2026-08-09 11:47:59,919 - openflight.server - INFO - [SERVER] Camera-assisted horizontal: selected=0.40572388473834275 camera=None IWR=0.40572388473834275 delta=None status=camera_withheld_fallback_iwr support=0/27
2026-08-09 11:48:00,214 - openflight.server - INFO - [SERVER] Camera/IWR chained club delivery: AoA None path None (status=rejected_no_ball, features=0, speed_ratio=None, velocity_mad=None mph, impact_frame=None)
2026-08-09 11:48:00,214 - openflight.server - INFO - [SERVER] Ball speed cosine correction: 112.8 -> 115.0 mph (LA 14.0)
2026-08-09 11:48:00,214 - openflight.server - INFO - [SERVER] Calculated spin: 3560 rpm (v=115.0 mph, LA=14.0 deg, measured was 2087 rpm)
2026-08-09 11:48:00,238 - openflight.server - INFO - [SERVER] Ballistic carry: 161 yds (spin: 3560 rpm, source: measured)
2026-08-09 11:48:00,239 - openflight.server - INFO - [SERVER] Shot: ball=115.0 mph, carry=164 yds, Launch: 14.0°
2026-08-09 11:48:00,240 - openflight.rolling_buffer.monitor - INFO - [SHOT] #36: ball=115.0 mph, club=83.7, carry=164 yds | trigger=12838ms, process=148ms, callback=5127ms, total=18115ms
2026-08-09 11:48:00,240 - openflight.rolling_buffer.trigger - INFO - [TRIGGER] Waiting for sound trigger (timeout=30s)...
2026-08-09 11:48:02,254 - ops243 - DEBUG - [OPS] Hardware trigger: first byte after 2.0s
2026-08-09 11:48:10,032 - openflight.iwr6843.monitor - INFO - [IWR6843] Trigger #38: dumping firmware-frozen L3 ring
2026-08-09 11:48:10,987 - openflight.camera.capture_runtime - INFO - [CAMERA] Capture #38 saved: 60 frames, 287.9fps, gaps=0 -> /home/pacinoj/openflight_sessions/trackman/camera/camera_20260809_114810_031_038
2026-08-09 11:48:11,881 - ops243 - INFO - [OPS] Hardware trigger: 41037 bytes in 11.6s
2026-08-09 11:48:11,881 - openflight.rolling_buffer.trigger - INFO - [TRIGGER] Sound trigger fired, 41037 bytes received
2026-08-09 11:48:12,407 - ops243 - INFO - [OPS] Clock sync: method=integer_rollover offset=1786284952.402s best_read_latency=0.2ms spread=989.2ms rollover_uncertainty=10.8ms (48/48 valid)
2026-08-09 11:48:12,407 - openflight.rolling_buffer.trigger - INFO - [TRIGGER] OPS clock sync selected: fresh offset=1786284952.401716s age=0.0ms (fresh=valid_integer_rollover, previous=valid_integer_rollover, delta=-3.1ms)
2026-08-09 11:48:12,608 - ops243 - INFO - [OPS] Re-arm drain: 0 bytes in 0.2s
2026-08-09 11:48:12,959 - ops243 - INFO - [OPS] Rolling buffer re-armed (S#16)
2026-08-09 11:48:12,959 - openflight.rolling_buffer.trigger - INFO - [TRIGGER] Sound trigger wall time 1786290490.032 (source=ops_clock_sync, first byte 1786290482.254, post-trigger 68.5ms)
2026-08-09 11:48:12,959 - openflight.rolling_buffer.trigger - INFO - [TRIGGER] Sound trigger accepted — peak 110.5 mph, 42 outbound readings
2026-08-09 11:48:12,973 - openflight.rolling_buffer.processor - INFO - [PROCESSOR] Ball speed: 110.5 mph (mode-based, 42 outbound readings)
2026-08-09 11:48:13,009 - openflight.rolling_buffer.processor - INFO - [PROCESSOR] Club speed: 83.3 mph at 10.7ms before ball
2026-08-09 11:48:13,009 - openflight.rolling_buffer.processor - INFO - [PROCESSOR] Impact estimate: OPS transition 65.1ms (club 86.4 mph @ 64.0ms -> ball 108.0 mph @ 66.1ms, delta=21.6 mph)
2026-08-09 11:48:13,072 - openflight.rolling_buffer.processor - INFO - [PROCESSOR] Ungated multitaper spin: 3296 RPM, evidence=42.29, fade=35.50 Hz, window=66.5ms
2026-08-09 11:48:13,073 - openflight.rolling_buffer.processor - INFO - [PROCESSOR] Spin result: 3296 RPM, SNR=42.29, quality=experimental
2026-08-09 11:48:13,073 - openflight.rolling_buffer.monitor - INFO - [MONITOR] process_capture: 113.7ms
2026-08-09 11:48:13,073 - openflight.rolling_buffer.monitor - INFO - [MONITOR] Shot detected: ball=110.5 mph, club=83.3, spin=3296
2026-08-09 11:48:13,076 - openflight.server - INFO - [SERVER] Shot callback: 110.5 mph
2026-08-09 11:48:13,076 - openflight.server - INFO - [SERVER] Inclinometer pitch: raw +0.50deg, calibrated +0.23deg, IWR tilt 12.23deg (age 8ms)
2026-08-09 11:48:17,129 - openflight.iwr6843.monitor - INFO - [IWR6843] Capture #38 complete: 732812 bytes in 7.10s
2026-08-09 11:48:17,753 - openflight.iwr6843.club - INFO - [CLUB] track=ops_speed_prior OPS=83.3 mph radial=34.7 m/s ratio=0.93 impact_error=0.040 m inliers=44 rms=0.30 bins
2026-08-09 11:48:17,836 - openflight.server - INFO - [SERVER] IWR6843 TX2 horizontal proxy: -3.88° (coherence 89%, status=hlcmf_v0_accepted)
2026-08-09 11:48:17,837 - openflight.server - INFO - [SERVER] IWR6843 LCMF-v1 launch: 15.56° (31 snapshots/9 frames, component std 0.59°)
2026-08-09 11:48:17,837 - openflight.server - INFO - [SERVER] Camera capture #38 matched -> /home/pacinoj/openflight_sessions/trackman/camera/camera_20260809_114810_031_038
2026-08-09 11:48:18,094 - openflight.server - INFO - [SERVER] Camera-assisted horizontal: selected=-3.8825849589745762 camera=None IWR=-3.8825849589745762 delta=None status=camera_withheld_fallback_iwr support=0/27
2026-08-09 11:48:18,389 - openflight.server - INFO - [SERVER] Camera/IWR chained club delivery: AoA None path None (status=rejected_no_ball, features=0, speed_ratio=None, velocity_mad=None mph, impact_frame=None)
2026-08-09 11:48:18,389 - openflight.server - INFO - [SERVER] Ball speed cosine correction: 110.5 -> 112.8 mph (LA 15.6)
2026-08-09 11:48:18,389 - openflight.server - INFO - [SERVER] Calculated spin: 3956 rpm (v=112.8 mph, LA=15.6 deg, measured was 3296 rpm)
2026-08-09 11:48:18,413 - openflight.server - INFO - [SERVER] Ballistic carry: 162 yds (spin: 3956 rpm, source: measured)
2026-08-09 11:48:18,414 - openflight.server - INFO - [SERVER] Shot: ball=112.8 mph, carry=162 yds, Launch: 15.6°
2026-08-09 11:48:18,415 - openflight.rolling_buffer.monitor - INFO - [SHOT] #37: ball=112.8 mph, club=83.3, carry=162 yds | trigger=12719ms, process=114ms, callback=5339ms, total=18175ms
2026-08-09 11:48:18,415 - openflight.rolling_buffer.trigger - INFO - [TRIGGER] Waiting for sound trigger (timeout=30s)...
2026-08-09 11:48:25,615 - openflight.iwr6843.monitor - INFO - [IWR6843] Trigger #39: dumping firmware-frozen L3 ring
2026-08-09 11:48:25,690 - ops243 - DEBUG - [OPS] Hardware trigger: first byte after 7.3s
2026-08-09 11:48:26,566 - openflight.camera.capture_runtime - INFO - [CAMERA] Capture #39 saved: 60 frames, 287.9fps, gaps=0 -> /home/pacinoj/openflight_sessions/trackman/camera/camera_20260809_114825_615_039
2026-08-09 11:48:27,467 - ops243 - INFO - [OPS] Hardware trigger: 41035 bytes in 9.1s
2026-08-09 11:48:27,467 - openflight.rolling_buffer.trigger - INFO - [TRIGGER] Sound trigger fired, 41035 bytes received
2026-08-09 11:48:28,403 - ops243 - INFO - [OPS] Clock sync: method=integer_rollover offset=1786284952.397s best_read_latency=0.2ms spread=989.4ms rollover_uncertainty=10.6ms (86/86 valid)
2026-08-09 11:48:28,403 - openflight.rolling_buffer.trigger - INFO - [TRIGGER] OPS clock sync selected: fresh offset=1786284952.397446s age=0.0ms (fresh=valid_integer_rollover, previous=valid_integer_rollover, delta=-4.3ms)
2026-08-09 11:48:28,603 - ops243 - INFO - [OPS] Re-arm drain: 0 bytes in 0.2s
2026-08-09 11:48:28,954 - ops243 - INFO - [OPS] Rolling buffer re-armed (S#16)
2026-08-09 11:48:28,954 - openflight.rolling_buffer.trigger - INFO - [TRIGGER] Sound trigger wall time 1786290505.613 (source=ops_clock_sync, first byte 1786290505.691, post-trigger 68.5ms)
2026-08-09 11:48:28,955 - openflight.rolling_buffer.trigger - INFO - [TRIGGER] Sound trigger accepted — peak 108.9 mph, 44 outbound readings
2026-08-09 11:48:28,970 - openflight.rolling_buffer.processor - INFO - [PROCESSOR] Ball speed: 108.9 mph (mode-based, 44 outbound readings)
2026-08-09 11:48:29,017 - openflight.rolling_buffer.processor - INFO - [PROCESSOR] Club speed: 85.8 mph at 11.7ms before ball
2026-08-09 11:48:29,017 - openflight.rolling_buffer.processor - INFO - [PROCESSOR] Impact estimate: OPS transition 60.3ms (club 85.4 mph @ 59.7ms -> ball 105.9 mph @ 60.8ms, delta=20.5 mph)
2026-08-09 11:48:29,097 - openflight.rolling_buffer.processor - INFO - [PROCESSOR] Ungated multitaper spin: 4944 RPM, evidence=11.16, fade=32.00 Hz, window=71.9ms
2026-08-09 11:48:29,097 - openflight.rolling_buffer.processor - INFO - [PROCESSOR] Spin result: 4944 RPM, SNR=11.16, quality=experimental
2026-08-09 11:48:29,098 - openflight.rolling_buffer.monitor - INFO - [MONITOR] process_capture: 142.1ms
2026-08-09 11:48:29,098 - openflight.rolling_buffer.monitor - INFO - [MONITOR] Shot detected: ball=108.9 mph, club=85.8, spin=4944
2026-08-09 11:48:29,100 - openflight.server - INFO - [SERVER] Shot callback: 108.9 mph
2026-08-09 11:48:29,102 - openflight.server - INFO - [SERVER] Inclinometer pitch: raw +0.44deg, calibrated +0.17deg, IWR tilt 12.17deg (age 46ms)
2026-08-09 11:48:32,711 - openflight.iwr6843.monitor - INFO - [IWR6843] Capture #39 complete: 732812 bytes in 7.10s
2026-08-09 11:48:33,268 - openflight.iwr6843.club - INFO - [CLUB] track=ops_speed_prior OPS=85.8 mph radial=35.7 m/s ratio=0.93 impact_error=0.042 m inliers=46 rms=0.28 bins
2026-08-09 11:48:33,334 - openflight.server - INFO - [SERVER] IWR6843 TX2 horizontal proxy: -6.55° (coherence 77%, status=hlcmf_v0_accepted)
2026-08-09 11:48:33,334 - openflight.server - INFO - [SERVER] IWR6843 LCMF-v1 launch: 16.95° (24 snapshots/8 frames, component std 2.10°)
2026-08-09 11:48:33,334 - openflight.server - INFO - [SERVER] Camera capture #39 matched -> /home/pacinoj/openflight_sessions/trackman/camera/camera_20260809_114825_615_039
2026-08-09 11:48:33,594 - openflight.server - INFO - [SERVER] Camera-assisted horizontal: selected=-6.55131861510366 camera=None IWR=-6.55131861510366 delta=None status=camera_withheld_fallback_iwr support=0/27
2026-08-09 11:48:33,886 - openflight.server - INFO - [SERVER] Camera/IWR chained club delivery: AoA None path None (status=rejected_no_ball, features=0, speed_ratio=None, velocity_mad=None mph, impact_frame=None)
2026-08-09 11:48:33,886 - openflight.server - INFO - [SERVER] Ball speed cosine correction: 108.9 -> 111.4 mph (LA 17.0)
2026-08-09 11:48:33,886 - openflight.server - INFO - [SERVER] Calculated spin: 4315 rpm (v=111.4 mph, LA=17.0 deg, measured was 4944 rpm)
2026-08-09 11:48:33,911 - openflight.server - INFO - [SERVER] Ballistic carry: 162 yds (spin: 4315 rpm, source: measured)
2026-08-09 11:48:33,912 - openflight.server - INFO - [SERVER] Shot: ball=111.4 mph, carry=160 yds, Launch: 17.0°
2026-08-09 11:48:33,913 - openflight.rolling_buffer.monitor - INFO - [SHOT] #38: ball=111.4 mph, club=85.8, carry=160 yds | trigger=10540ms, process=142ms, callback=4812ms, total=15498ms
2026-08-09 11:48:33,913 - openflight.rolling_buffer.trigger - INFO - [TRIGGER] Waiting for sound trigger (timeout=30s)...
2026-08-09 11:48:40,826 - openflight.iwr6843.monitor - INFO - [IWR6843] Trigger #40: dumping firmware-frozen L3 ring
2026-08-09 11:48:40,912 - ops243 - DEBUG - [OPS] Hardware trigger: first byte after 7.0s
2026-08-09 11:48:41,796 - openflight.camera.capture_runtime - INFO - [CAMERA] Capture #40 saved: 60 frames, 287.9fps, gaps=0 -> /home/pacinoj/openflight_sessions/trackman/camera/camera_20260809_114840_825_040
2026-08-09 11:48:42,678 - ops243 - INFO - [OPS] Hardware trigger: 41035 bytes in 8.8s
2026-08-09 11:48:42,678 - openflight.rolling_buffer.trigger - INFO - [TRIGGER] Sound trigger fired, 41035 bytes received
2026-08-09 11:48:43,407 - ops243 - INFO - [OPS] Clock sync: method=integer_rollover offset=1786284952.401s best_read_latency=0.2ms spread=989.2ms rollover_uncertainty=10.8ms (67/67 valid)
2026-08-09 11:48:43,407 - openflight.rolling_buffer.trigger - INFO - [TRIGGER] OPS clock sync selected: fresh offset=1786284952.401486s age=0.0ms (fresh=valid_integer_rollover, previous=valid_integer_rollover, delta=4.0ms)
2026-08-09 11:48:43,607 - ops243 - INFO - [OPS] Re-arm drain: 0 bytes in 0.2s
2026-08-09 11:48:43,958 - ops243 - INFO - [OPS] Rolling buffer re-armed (S#16)
2026-08-09 11:48:43,958 - openflight.rolling_buffer.trigger - INFO - [TRIGGER] Sound trigger wall time 1786290520.829 (source=ops_clock_sync, first byte 1786290520.912, post-trigger 68.5ms)
2026-08-09 11:48:43,958 - openflight.rolling_buffer.trigger - INFO - [TRIGGER] Sound trigger accepted — peak 101.8 mph, 50 outbound readings
2026-08-09 11:48:43,972 - openflight.rolling_buffer.processor - INFO - [PROCESSOR] Ball speed: 101.8 mph (mode-based, 50 outbound readings)
2026-08-09 11:48:44,012 - openflight.rolling_buffer.processor - INFO - [PROCESSOR] Club speed: 85.3 mph at 11.7ms before ball
2026-08-09 11:48:44,012 - openflight.rolling_buffer.processor - INFO - [PROCESSOR] Impact estimate: sound_trigger 68.0ms (speed_delta_below_threshold)
2026-08-09 11:48:44,108 - openflight.rolling_buffer.processor - INFO - [PROCESSOR] Ungated multitaper spin: 3186 RPM, evidence=47.37, fade=35.00 Hz, window=66.5ms
2026-08-09 11:48:44,108 - openflight.rolling_buffer.processor - INFO - [PROCESSOR] Spin result: 3186 RPM, SNR=47.37, quality=experimental
2026-08-09 11:48:44,108 - openflight.rolling_buffer.monitor - INFO - [MONITOR] process_capture: 150.1ms
2026-08-09 11:48:44,109 - openflight.rolling_buffer.monitor - INFO - [MONITOR] Shot detected: ball=101.8 mph, club=85.3, spin=3186
2026-08-09 11:48:44,111 - openflight.server - INFO - [SERVER] Shot callback: 101.8 mph
2026-08-09 11:48:44,112 - openflight.server - INFO - [SERVER] Inclinometer pitch: raw +0.47deg, calibrated +0.20deg, IWR tilt 12.20deg (age 90ms)
2026-08-09 11:48:47,925 - openflight.iwr6843.monitor - INFO - [IWR6843] Capture #40 complete: 732812 bytes in 7.10s
2026-08-09 11:48:48,569 - openflight.iwr6843.club - INFO - [CLUB] track=ops_speed_prior OPS=85.3 mph radial=33.6 m/s ratio=0.88 impact_error=0.059 m inliers=54 rms=0.43 bins
2026-08-09 11:48:48,656 - openflight.server - INFO - [SERVER] IWR6843 TX2 horizontal proxy: -0.09° (coherence 63%, status=hlcmf_v0_accepted)
2026-08-09 11:48:48,656 - openflight.server - INFO - [SERVER] IWR6843 LCMF-v1 launch: 15.20° (34 snapshots/11 frames, component std 0.33°)
2026-08-09 11:48:48,656 - openflight.server - INFO - [SERVER] Camera capture #40 matched -> /home/pacinoj/openflight_sessions/trackman/camera/camera_20260809_114840_825_040
2026-08-09 11:48:48,910 - openflight.server - INFO - [SERVER] Camera-assisted horizontal: selected=-0.09302607901354333 camera=None IWR=-0.09302607901354333 delta=None status=camera_withheld_fallback_iwr support=0/27
2026-08-09 11:48:49,226 - openflight.server - INFO - [SERVER] Camera/IWR chained club delivery: AoA None path None (status=rejected_no_ball, features=0, speed_ratio=None, velocity_mad=None mph, impact_frame=None)
2026-08-09 11:48:49,226 - openflight.server - INFO - [SERVER] Ball speed cosine correction: 101.8 -> 104.2 mph (LA 15.2)
2026-08-09 11:48:49,226 - openflight.server - INFO - [SERVER] Calculated spin: 3553 rpm (v=104.2 mph, LA=15.2 deg, measured was 3186 rpm)
2026-08-09 11:48:49,248 - openflight.server - INFO - [SERVER] Ballistic carry: 139 yds (spin: 3553 rpm, source: measured)
2026-08-09 11:48:49,250 - openflight.server - INFO - [SERVER] Shot: ball=104.2 mph, carry=137 yds, Launch: 15.2°
2026-08-09 11:48:49,250 - openflight.rolling_buffer.monitor - INFO - [SHOT] #39: ball=104.2 mph, club=85.3, carry=137 yds | trigger=10045ms, process=150ms, callback=5139ms, total=15337ms
2026-08-09 11:48:49,250 - openflight.rolling_buffer.trigger - INFO - [TRIGGER] Waiting for sound trigger (timeout=30s)...
2026-08-09 11:48:53,678 - openflight.iwr6843.monitor - INFO - [IWR6843] Trigger #41: dumping firmware-frozen L3 ring
2026-08-09 11:48:53,748 - ops243 - DEBUG - [OPS] Hardware trigger: first byte after 4.5s
2026-08-09 11:48:54,646 - openflight.camera.capture_runtime - INFO - [CAMERA] Capture #41 saved: 60 frames, 287.9fps, gaps=0 -> /home/pacinoj/openflight_sessions/trackman/camera/camera_20260809_114853_678_041
2026-08-09 11:48:55,528 - ops243 - INFO - [OPS] Hardware trigger: 41035 bytes in 6.3s
2026-08-09 11:48:55,528 - openflight.rolling_buffer.trigger - INFO - [TRIGGER] Sound trigger fired, 41035 bytes received
2026-08-09 11:48:56,401 - ops243 - INFO - [OPS] Clock sync: method=integer_rollover offset=1786284952.396s best_read_latency=0.2ms spread=989.2ms rollover_uncertainty=10.8ms (80/80 valid)
2026-08-09 11:48:56,401 - openflight.rolling_buffer.trigger - INFO - [TRIGGER] OPS clock sync selected: fresh offset=1786284952.395741s age=0.0ms (fresh=valid_integer_rollover, previous=valid_integer_rollover, delta=-5.7ms)
2026-08-09 11:48:56,604 - ops243 - INFO - [OPS] Re-arm drain: 0 bytes in 0.2s
2026-08-09 11:48:56,956 - ops243 - INFO - [OPS] Rolling buffer re-armed (S#16)
2026-08-09 11:48:56,956 - openflight.rolling_buffer.trigger - INFO - [TRIGGER] Sound trigger wall time 1786290533.677 (source=ops_clock_sync, first byte 1786290533.749, post-trigger 68.5ms)
2026-08-09 11:48:56,956 - openflight.rolling_buffer.trigger - INFO - [TRIGGER] Sound trigger accepted — peak 105.4 mph, 45 outbound readings
2026-08-09 11:48:56,971 - openflight.rolling_buffer.processor - INFO - [PROCESSOR] Ball speed: 105.4 mph (mode-based, 45 outbound readings)
2026-08-09 11:48:57,016 - openflight.rolling_buffer.processor - INFO - [PROCESSOR] Club speed: 86.6 mph at 18.1ms before ball
2026-08-09 11:48:57,016 - openflight.rolling_buffer.processor - INFO - [PROCESSOR] Impact estimate: OPS transition 64.0ms (club 87.3 mph @ 60.8ms -> ball 102.4 mph @ 67.2ms, delta=15.2 mph)
2026-08-09 11:48:57,090 - openflight.rolling_buffer.processor - INFO - [PROCESSOR] Ungated multitaper spin: 6042 RPM, evidence=3.48, fade=25.00 Hz, window=59.1ms
2026-08-09 11:48:57,090 - openflight.rolling_buffer.processor - INFO - [PROCESSOR] Spin result: 6042 RPM, SNR=3.48, quality=experimental
2026-08-09 11:48:57,091 - openflight.rolling_buffer.monitor - INFO - [MONITOR] process_capture: 134.1ms
2026-08-09 11:48:57,091 - openflight.rolling_buffer.monitor - INFO - [MONITOR] Shot detected: ball=105.4 mph, club=86.6, spin=6042
2026-08-09 11:48:57,093 - openflight.server - INFO - [SERVER] Shot callback: 105.4 mph
2026-08-09 11:48:57,094 - openflight.server - INFO - [SERVER] Inclinometer pitch: raw +0.47deg, calibrated +0.20deg, IWR tilt 12.20deg (age 20ms)
2026-08-09 11:49:00,774 - openflight.iwr6843.monitor - INFO - [IWR6843] Capture #41 complete: 732812 bytes in 7.10s
2026-08-09 11:49:01,479 - openflight.iwr6843.club - INFO - [CLUB] track=ops_speed_prior OPS=86.6 mph radial=34.9 m/s ratio=0.90 impact_error=0.032 m inliers=42 rms=0.28 bins
2026-08-09 11:49:01,548 - openflight.server - INFO - [SERVER] IWR6843 TX2 horizontal proxy: 5.23° (coherence 75%, status=hlcmf_v0_accepted)
2026-08-09 11:49:01,548 - openflight.server - INFO - [SERVER] IWR6843 LCMF-v1 launch: 18.52° (33 snapshots/10 frames, component std 0.12°)
2026-08-09 11:49:01,548 - openflight.server - INFO - [SERVER] Camera capture #41 matched -> /home/pacinoj/openflight_sessions/trackman/camera/camera_20260809_114853_678_041
2026-08-09 11:49:01,793 - openflight.server - INFO - [SERVER] Camera-assisted horizontal: selected=5.22533635413464 camera=None IWR=5.22533635413464 delta=None status=camera_withheld_fallback_iwr support=0/27
2026-08-09 11:49:02,093 - openflight.server - INFO - [SERVER] Camera/IWR chained club delivery: AoA None path None (status=rejected_no_ball, features=0, speed_ratio=None, velocity_mad=None mph, impact_frame=None)
2026-08-09 11:49:02,093 - openflight.server - INFO - [SERVER] Ball speed cosine correction: 105.4 -> 108.1 mph (LA 18.5)
2026-08-09 11:49:02,093 - openflight.server - INFO - [SERVER] Calculated spin: 4639 rpm (v=108.1 mph, LA=18.5 deg, measured was 6042 rpm)
2026-08-09 11:49:02,119 - openflight.server - INFO - [SERVER] Ballistic carry: 158 yds (spin: 4639 rpm, source: measured)
2026-08-09 11:49:02,120 - openflight.server - INFO - [SERVER] Shot: ball=108.1 mph, carry=154 yds, Launch: 18.5°
2026-08-09 11:49:02,120 - openflight.rolling_buffer.monitor - INFO - [SHOT] #40: ball=108.1 mph, club=86.6, carry=154 yds | trigger=7706ms, process=134ms, callback=5027ms, total=12870ms
2026-08-09 11:49:02,121 - openflight.rolling_buffer.trigger - INFO - [TRIGGER] Waiting for sound trigger (timeout=30s)...
2026-08-09 11:49:02,262 - ops243 - DEBUG - [OPS] Hardware trigger: first byte after 0.1s
2026-08-09 11:49:07,277 - openflight.iwr6843.monitor - INFO - [IWR6843] Trigger #42: dumping firmware-frozen L3 ring
2026-08-09 11:49:08,264 - openflight.camera.capture_runtime - INFO - [CAMERA] Capture #42 saved: 60 frames, 287.9fps, gaps=0 -> /home/pacinoj/openflight_sessions/trackman/camera/camera_20260809_114907_277_042
2026-08-09 11:49:09,127 - ops243 - INFO - [OPS] Hardware trigger: 41037 bytes in 7.0s
2026-08-09 11:49:09,127 - openflight.rolling_buffer.trigger - INFO - [TRIGGER] Sound trigger fired, 41037 bytes received
2026-08-09 11:49:09,514 - ops243 - INFO - [OPS] Clock sync: method=integer_rollover offset=1786284952.390s best_read_latency=0.2ms spread=989.3ms rollover_uncertainty=10.7ms (36/36 valid)
2026-08-09 11:49:09,514 - openflight.rolling_buffer.trigger - INFO - [TRIGGER] OPS clock sync selected: fresh offset=1786284952.390454s age=0.0ms (fresh=valid_integer_rollover, previous=valid_integer_rollover, delta=-5.3ms)
2026-08-09 11:49:09,715 - ops243 - INFO - [OPS] Re-arm drain: 0 bytes in 0.2s
2026-08-09 11:49:10,065 - ops243 - INFO - [OPS] Rolling buffer re-armed (S#16)
2026-08-09 11:49:10,065 - openflight.rolling_buffer.trigger - INFO - [TRIGGER] Sound trigger wall time 1786290547.270 (source=ops_clock_sync, first byte 1786290542.262, post-trigger 68.5ms)
2026-08-09 11:49:10,065 - openflight.rolling_buffer.trigger - INFO - [TRIGGER] Sound trigger accepted — peak 106.4 mph, 44 outbound readings
2026-08-09 11:49:10,080 - openflight.rolling_buffer.processor - INFO - [PROCESSOR] Ball speed: 106.4 mph (mode-based, 44 outbound readings)
2026-08-09 11:49:10,124 - openflight.rolling_buffer.processor - INFO - [PROCESSOR] Club speed: 84.0 mph at 12.8ms before ball
2026-08-09 11:49:10,124 - openflight.rolling_buffer.processor - INFO - [PROCESSOR] Impact estimate: OPS transition 62.4ms (club 81.7 mph @ 61.9ms -> ball 103.7 mph @ 62.9ms, delta=22.0 mph)
2026-08-09 11:49:10,212 - openflight.rolling_buffer.processor - INFO - [PROCESSOR] Ungated multitaper spin: 1813 RPM, evidence=13.86, fade=56.26 Hz, window=68.7ms
2026-08-09 11:49:10,212 - openflight.rolling_buffer.processor - INFO - [PROCESSOR] Spin result: 1813 RPM, SNR=13.86, quality=experimental
2026-08-09 11:49:10,213 - openflight.rolling_buffer.monitor - INFO - [MONITOR] process_capture: 147.0ms
2026-08-09 11:49:10,213 - openflight.rolling_buffer.monitor - INFO - [MONITOR] Shot detected: ball=106.4 mph, club=84.0, spin=1813
2026-08-09 11:49:10,215 - openflight.server - INFO - [SERVER] Shot callback: 106.4 mph
2026-08-09 11:49:10,216 - openflight.server - INFO - [SERVER] Inclinometer pitch: raw +0.38deg, calibrated +0.11deg, IWR tilt 12.11deg (age 60ms)
2026-08-09 11:49:14,374 - openflight.iwr6843.monitor - INFO - [IWR6843] Capture #42 complete: 732812 bytes in 7.10s
2026-08-09 11:49:15,034 - openflight.iwr6843.club - INFO - [CLUB] track=ops_speed_prior OPS=84.0 mph radial=33.6 m/s ratio=0.89 impact_error=0.051 m inliers=43 rms=0.28 bins
2026-08-09 11:49:15,102 - openflight.server - INFO - [SERVER] IWR6843 TX2 horizontal proxy: -9.27° (coherence 85%, status=hlcmf_v0_accepted)
2026-08-09 11:49:15,102 - openflight.server - INFO - [SERVER] IWR6843 LCMF-v1 launch: 14.72° (32 snapshots/9 frames, component std 0.52°)
2026-08-09 11:49:15,102 - openflight.server - INFO - [SERVER] Camera capture #42 matched -> /home/pacinoj/openflight_sessions/trackman/camera/camera_20260809_114907_277_042
2026-08-09 11:49:15,342 - openflight.server - INFO - [SERVER] Camera-assisted horizontal: selected=-9.271440564069298 camera=None IWR=-9.271440564069298 delta=None status=camera_withheld_fallback_iwr support=0/27
2026-08-09 11:49:15,628 - openflight.server - INFO - [SERVER] Camera/IWR chained club delivery: AoA None path None (status=rejected_no_ball, features=0, speed_ratio=None, velocity_mad=None mph, impact_frame=None)
2026-08-09 11:49:15,628 - openflight.server - INFO - [SERVER] Ball speed cosine correction: 106.4 -> 108.7 mph (LA 14.7)
2026-08-09 11:49:15,628 - openflight.server - INFO - [SERVER] Calculated spin: 3570 rpm (v=108.7 mph, LA=14.7 deg, measured was 1813 rpm)
2026-08-09 11:49:15,650 - openflight.server - INFO - [SERVER] Ballistic carry: 147 yds (spin: 3570 rpm, source: measured)
2026-08-09 11:49:15,651 - openflight.server - INFO - [SERVER] Shot: ball=108.7 mph, carry=149 yds, Launch: 14.7°
2026-08-09 11:49:15,652 - openflight.rolling_buffer.monitor - INFO - [SHOT] #41: ball=108.7 mph, club=84.0, carry=149 yds | trigger=7945ms, process=147ms, callback=5436ms, total=13531ms
2026-08-09 11:49:15,652 - openflight.rolling_buffer.trigger - INFO - [TRIGGER] Waiting for sound trigger (timeout=30s)...
2026-08-09 11:49:17,263 - ops243 - DEBUG - [OPS] Hardware trigger: first byte after 1.6s
2026-08-09 11:49:30,973 - openflight.server - INFO - [SERVER] Shutdown requested via REST API
2026-08-09 11:49:30,974 - werkzeug - INFO - 127.0.0.1 - - [09/Aug/2026 11:49:30] "POST /api/shutdown HTTP/1.1" 200 -
2026-08-09 11:49:31,576 - openflight.iwr6843.monitor - INFO - [IWR6843] Capture monitor stopped
2026-08-09 11:49:31,581 - picamera2.picamera2 - INFO - Camera stopped
2026-08-09 11:49:31,783 - picamera2.picamera2 - INFO - Camera closed successfully.
2026-08-09 11:49:36,786 - openflight.rolling_buffer.monitor - INFO - [MONITOR] Rolling buffer monitor stopped
2026-08-09 11:49:36,786 - openflight.rolling_buffer.monitor - INFO - [MONITOR] Rolling buffer monitor stopped
2026-08-09 11:49:36,786 - openflight.rolling_buffer.monitor - ERROR - [MONITOR] Capture loop error: [Errno 9] Bad file descriptor
Traceback (most recent call last):
  File "/home/pacinoj/openflight/src/openflight/rolling_buffer/monitor.py", line 421, in _capture_loop
    capture = self.trigger.wait_for_trigger(
        radar=self.radar,
        processor=self.processor,
        timeout=30.0,
    )
  File "/home/pacinoj/openflight/src/openflight/rolling_buffer/trigger.py", line 1035, in wait_for_trigger
    response = radar.wait_for_hardware_trigger(timeout=timeout)
  File "/home/pacinoj/openflight/src/openflight/ops243.py", line 1506, in wait_for_hardware_trigger
    if self.serial.in_waiting:
       ^^^^^^^^^^^^^^^^^^^^^^
  File "/home/pacinoj/openflight/.venv/lib/python3.13/site-packages/serial/serialposix.py", line 549, in in_waiting
    s = fcntl.ioctl(self.fd, TIOCINQ, TIOCM_zero_str)
OSError: [Errno 9] Bad file descriptor
2026-08-09 11:49:36,787 - openflight.server - INFO - [SERVER] Goodbye
[0;32m[OpenFlight][0m Shutting down...
