[0;32m[OpenFlight][0m Grafana Alloy already running (log shipping active)
[0;32m[OpenFlight][0m Starting OpenFlight server on port 8080...
[0;32m[OpenFlight][0m Trigger: sound
[0;32m[OpenFlight][0m Debug mode enabled (verbose output)
[0;32m[OpenFlight][0m Camera disabled
[0;32m[OpenFlight][0m Ballistic carry model enabled (simulator + drag/Magnus)
[0;32m[OpenFlight][0m Waiting for server to start...
[1:03:00.783678657] [7246]  INFO Camera camera_manager.cpp:340 libcamera v0.7.0+rpt20260205
[1:03:00.792245853] [7263]  INFO RPI pisp.cpp:720 libpisp version v1.4.0 23-03-2026 (13:29:05)
[1:03:00.800703331] [7263]  INFO IPAProxy ipa_proxy.cpp:180 Using tuning file /usr/share/libcamera/ipa/rpi/pisp/ov9281_mono.json
[1:03:00.801719617] [7263]  INFO Camera camera_manager.cpp:223 Adding camera '/base/axi/pcie@1000120000/rp1/i2c@88000/ov9281@60' for pipeline handler rpi/pisp
[1:03:00.801737006] [7263]  INFO RPI pisp.cpp:1181 Registered camera /base/axi/pcie@1000120000/rp1/i2c@88000/ov9281@60 to CFE device /dev/media1 and ISP device /dev/media0 using PiSP variant BCM2712_D0
2026-08-09 11:18:55,095 - picamera2.picamera2 - INFO - Initialization successful.
2026-08-09 11:18:55,095 - picamera2.picamera2 - INFO - Camera now open.
2026-08-09 11:18:55,097 - picamera2.picamera2 - INFO - Camera configuration has been adjusted!
[1:03:00.804580670] [7246]  INFO Camera camera.cpp:1215 configuring streams: (0) 640x400-YUV420/SMPTE170M (1) 640x400-R16/RAW
[1:03:00.804653593] [7263]  INFO RPI pisp.cpp:1485 Sensor: /base/axi/pcie@1000120000/rp1/i2c@88000/ov9281@60 - Selected sensor format: 640x400-Y8_1X8/RAW - Selected CFE format: 640x400-Y16 /RAW/Linear/Rec601/Limited
2026-08-09 11:18:55,097 - picamera2.picamera2 - INFO - Configuration successful!
2026-08-09 11:18:55,128 - picamera2.picamera2 - INFO - Camera started
2026-08-09 11:18:55,339 - openflight.camera.capture_runtime - INFO - [CAMERA] Capture armed at 640x400 300.0fps (raw, 45 pre/15 post)
2026-08-09 11:18:55,347 - openflight.server - INFO - [SERVER] Camera capture initialized: {'enabled': True, 'output_dir': '/home/pacinoj/openflight_sessions/trackman/camera', 'gpio_pin_bcm': 17, 'trigger_source': 'iwr6843_fanout', 'width': 640, 'height': 400, 'fps': 300.0, 'pre_ms': 150.0, 'post_ms': 50.0, 'pre_frames': 45, 'post_frames': 15, 'exposure_us': 600, 'gain': 15.0, 'stream': 'raw', 'rotate_180': True, 'scaler_crop': None, 'mount_height_m': 0.20955}
2026-08-09 11:19:00,183 - openflight.gpio_factory - INFO - [GPIO] Pin factory: lgpio on /dev/gpiochip4
2026-08-09 11:19:00,186 - openflight.iwr6843.monitor - INFO - [IWR6843] Configured on BCM17 using /dev/ttyUSB0 (iwr6843_l3dump_wide_24f3ms_53bin_iq16.cfg, waiting for OPS)
2026-08-09 11:19:00,186 - openflight.server - INFO - [SERVER] IWR6843 initialized (port=/dev/ttyUSB0, BCM17, estimator=LCMF-v1, firmware boundary freeze)
2026-08-09 11:19:00,948 - ops243 - INFO - [OPS] Transport=usb port=/dev/serial/by-id/usb-Infineon_IFX_CDC-if00 baud=57600 (nominal)
2026-08-09 11:19:00,949 - ops243 - INFO - [OPS] USB serial latency_timer unavailable: port=/dev/serial/by-id/usb-Infineon_IFX_CDC-if00 resolved=/dev/ttyACM0 (latency_timer not exposed)
2026-08-09 11:19:01,556 - ops243 - INFO - [OPS] Units: MPH
2026-08-09 11:19:01,663 - ops243 - INFO - [OPS] Transmit power: level 3 (reduced to avoid clipping)
2026-08-09 11:19:01,770 - ops243 - INFO - [OPS] Sample rate: 30ksps
2026-08-09 11:19:01,970 - ops243 - INFO - [OPS] Re-arm drain: 0 bytes in 0.2s
2026-08-09 11:19:02,321 - ops243 - INFO - [OPS] Rolling buffer re-armed (S#16)
2026-08-09 11:19:02,321 - ops243 - INFO - [OPS] Persisted rolling buffer prepared (S#16, 30ksps)
2026-08-09 11:19:02,321 - openflight.rolling_buffer.monitor - INFO - [MONITOR] Rolling buffer mode configured with S#16, S=30
2026-08-09 11:19:02,321 - openflight.server - INFO - [SERVER] Starting monitor: mode=rolling-buffer, trigger=sound, sample_rate=30ksps
2026-08-09 11:19:02,532 - ops243 - INFO - [OPS] Clock sync: method=integer_rollover offset=1786284952.493s best_read_latency=0.6ms spread=989.3ms rollover_uncertainty=10.7ms (7/7 valid)
2026-08-09 11:19:02,533 - openflight.rolling_buffer.trigger - INFO - [TRIGGER] Waiting for sound trigger (timeout=30s)...
2026-08-09 11:19:02,533 - openflight.rolling_buffer.monitor - INFO - [MONITOR] Rolling buffer monitor started (trigger: sound)
2026-08-09 11:19:02,533 - openflight.iwr6843.monitor - INFO - [IWR6843] Armed on BCM17
2026-08-09 11:19:02,534 - werkzeug - WARNING - Werkzeug appears to be used in a production deployment. Consider switching to a production web server instead.
==================================================
  OpenFlight UI Server
==================================================

Session logging enabled (location: trackman)
Ballistic carry model: ENABLED (simulator + drag/Magnus)
Camera capture enabled: /home/pacinoj/openflight_sessions/trackman/camera
Camera disabled by --no-camera flag
IWR6843 enabled (LCMF-v1 launch angle, BCM17, normal TX order)
IWR6843 raw dumps enabled: /home/pacinoj/openflight_sessions/iwr6843
Inclinometer enabled (raw pitch +0.52deg, calibrated +0.26deg)
IWR6843 tilt: configured 12.00deg, effective 12.26deg
[MODE] Rolling buffer mode (trigger: sound, sample_rate: 30ksps)
[SESSION] Started logging: /home/pacinoj/openflight_sessions/session_20260809_111902_trackman.jsonl
[SESSION] Mode: rolling-buffer (trigger: sound)
[SESSION] Raw radar log: /home/pacinoj/openflight_sessions/radar_raw_20260809_111902.log
Server starting at http://0.0.0.0:8080

 * Serving Flask app 'openflight.server'
 * Debug mode: off
2026-08-09 11:19:02,543 - werkzeug - INFO - [31m[1mWARNING: This is a development server. Do not use it in a production deployment. Use a production WSGI server instead.[0m
 * Running on all addresses (0.0.0.0)
 * Running on http://127.0.0.1:8080
 * Running on http://192.168.87.197:8080
2026-08-09 11:19:02,543 - werkzeug - INFO - [33mPress CTRL+C to quit[0m
2026-08-09 11:19:03,028 - werkzeug - INFO - 127.0.0.1 - - [09/Aug/2026 11:19:03] "GET / HTTP/1.1" 200 -
2026-08-09 11:19:03,042 - werkzeug - INFO - 127.0.0.1 - - [09/Aug/2026 11:19:03] "GET / HTTP/1.1" 200 -
[0;32m[OpenFlight][0m Server is running!
[0;32m[OpenFlight][0m Launching kiosk browser...
[0;32m[OpenFlight][0m OpenFlight is running! Press Ctrl+C to stop.
[7377:7377:0809/111903.545616:ERROR:base/memory/shared_memory_switch.cc:289] Failed global descriptor lookup: 7
Error: unrecognized flag --no-decommit-pooled-pages
Try --help for options
Error: unrecognized flag --no-decommit-pooled-pages
Try --help for options
2026-08-09 11:19:03,770 - werkzeug - INFO - 127.0.0.1 - - [09/Aug/2026 11:19:03] "[36mGET / HTTP/1.1[0m" 304 -
2026-08-09 11:19:03,798 - werkzeug - INFO - 127.0.0.1 - - [09/Aug/2026 11:19:03] "[36mGET /assets/index-l8iLdKab.css HTTP/1.1[0m" 304 -
2026-08-09 11:19:03,804 - werkzeug - INFO - 127.0.0.1 - - [09/Aug/2026 11:19:03] "[36mGET /assets/index-e59ysfWM.js HTTP/1.1[0m" 304 -
[7448:7448:0809/111906.072506:ERROR:base/memory/shared_memory_switch.cc:289] Failed global descriptor lookup: 7
[7311:7348:0809/111906.881702:ERROR:google_apis/gcm/engine/registration_request.cc:291] Registration response error message: DEPRECATED_ENDPOINT
2026-08-09 11:19:17,206 - ops243 - DEBUG - [OPS] Hardware trigger: first byte after 14.7s
2026-08-09 11:19:26,148 - openflight.iwr6843.monitor - INFO - [IWR6843] Trigger #1: dumping firmware-frozen L3 ring
2026-08-09 11:19:27,137 - openflight.camera.capture_runtime - INFO - [CAMERA] Capture #1 saved: 60 frames, 287.9fps, gaps=0 -> /home/pacinoj/openflight_sessions/trackman/camera/camera_20260809_111926_148_001
[7311:7348:0809/111927.736999:ERROR:google_apis/gcm/engine/registration_request.cc:291] Registration response error message: DEPRECATED_ENDPOINT
2026-08-09 11:19:27,998 - ops243 - INFO - [OPS] Hardware trigger: 41037 bytes in 25.5s
2026-08-09 11:19:27,999 - openflight.rolling_buffer.trigger - INFO - [TRIGGER] Sound trigger fired, 41037 bytes received
2026-08-09 11:19:28,499 - ops243 - INFO - [OPS] Clock sync: method=integer_rollover offset=1786284952.494s best_read_latency=0.2ms spread=989.2ms rollover_uncertainty=10.8ms (46/46 valid)
2026-08-09 11:19:28,500 - openflight.rolling_buffer.trigger - INFO - [TRIGGER] OPS clock sync selected: fresh offset=1786284952.493983s age=0.0ms (fresh=valid_integer_rollover, previous=valid_integer_rollover, delta=1.2ms)
2026-08-09 11:19:28,700 - ops243 - INFO - [OPS] Re-arm drain: 0 bytes in 0.2s
2026-08-09 11:19:29,051 - ops243 - INFO - [OPS] Rolling buffer re-armed (S#16)
2026-08-09 11:19:29,051 - openflight.rolling_buffer.trigger - INFO - [TRIGGER] Sound trigger wall time 1786288766.150 (source=ops_clock_sync, first byte 1786288757.207, post-trigger 68.5ms)
2026-08-09 11:19:29,051 - openflight.rolling_buffer.trigger - INFO - [TRIGGER] Sound trigger accepted — peak 107.4 mph, 41 outbound readings
2026-08-09 11:19:29,071 - openflight.rolling_buffer.processor - INFO - [PROCESSOR] Ball speed: 107.4 mph (mode-based, 41 outbound readings)
2026-08-09 11:19:29,119 - openflight.rolling_buffer.processor - INFO - [PROCESSOR] Club speed: 81.5 mph at 18.1ms before ball
2026-08-09 11:19:29,119 - openflight.rolling_buffer.processor - INFO - [PROCESSOR] Impact estimate: OPS transition 65.6ms (club 83.6 mph @ 60.8ms -> ball 104.5 mph @ 70.4ms, delta=20.9 mph)
2026-08-09 11:19:29,180 - openflight.rolling_buffer.processor - INFO - [PROCESSOR] Ungated multitaper spin: 9448 RPM, evidence=2.37, fade=25.00 Hz, window=62.3ms
2026-08-09 11:19:29,180 - openflight.rolling_buffer.processor - INFO - [PROCESSOR] Spin result: 9448 RPM, SNR=2.37, quality=experimental
2026-08-09 11:19:29,181 - openflight.rolling_buffer.monitor - INFO - [MONITOR] process_capture: 129.5ms
2026-08-09 11:19:29,181 - openflight.rolling_buffer.monitor - INFO - [MONITOR] Shot detected: ball=107.4 mph, club=81.5, spin=9448
2026-08-09 11:19:29,182 - openflight.server - INFO - [SERVER] Shot callback: 107.4 mph
2026-08-09 11:19:29,183 - openflight.server - INFO - [SERVER] Inclinometer pitch: raw +0.35deg, calibrated +0.08deg, IWR tilt 12.08deg (age 16ms)
2026-08-09 11:19:33,245 - openflight.iwr6843.monitor - INFO - [IWR6843] Capture #1 complete: 732812 bytes in 7.10s
2026-08-09 11:19:34,012 - openflight.iwr6843.club - INFO - [CLUB] track=ops_speed_prior OPS=81.5 mph radial=35.5 m/s ratio=0.98 impact_error=0.033 m inliers=47 rms=0.36 bins
2026-08-09 11:19:34,094 - openflight.server - INFO - [SERVER] IWR6843 TX2 horizontal proxy: -3.48° (coherence 85%, status=hlcmf_v0_accepted)
2026-08-09 11:19:34,094 - openflight.server - INFO - [SERVER] IWR6843 LCMF-v1 launch: 20.46° (43 snapshots/11 frames, component std 0.38°)
2026-08-09 11:19:34,095 - openflight.server - INFO - [SERVER] Camera capture #1 matched -> /home/pacinoj/openflight_sessions/trackman/camera/camera_20260809_111926_148_001
2026-08-09 11:19:34,362 - openflight.server - INFO - [SERVER] Camera-assisted horizontal: selected=-3.4822113699480473 camera=None IWR=-3.4822113699480473 delta=None status=camera_withheld_fallback_iwr support=0/27
2026-08-09 11:19:34,669 - openflight.server - INFO - [SERVER] Camera/IWR chained club delivery: AoA None path None (status=rejected_no_ball, features=0, speed_ratio=None, velocity_mad=None mph, impact_frame=None)
2026-08-09 11:19:34,669 - openflight.server - INFO - [SERVER] Ball speed cosine correction: 107.4 -> 110.3 mph (LA 20.5)
2026-08-09 11:19:34,669 - openflight.server - INFO - [SERVER] Calculated spin: 5312 rpm (v=110.3 mph, LA=20.5 deg, measured was 9448 rpm)
2026-08-09 11:19:34,699 - openflight.server - INFO - [SERVER] Ballistic carry: 166 yds (spin: 5312 rpm, source: measured)
2026-08-09 11:19:34,700 - openflight.server - INFO - [SERVER] Shot: ball=110.3 mph, carry=155 yds, Launch: 20.5°
2026-08-09 11:19:34,700 - openflight.rolling_buffer.monitor - INFO - [SHOT] #1: ball=110.3 mph, club=81.5, carry=155 yds | trigger=26518ms, process=130ms, callback=5517ms, total=32167ms
2026-08-09 11:19:34,700 - openflight.rolling_buffer.trigger - INFO - [TRIGGER] Waiting for sound trigger (timeout=30s)...
2026-08-09 11:19:47,205 - ops243 - DEBUG - [OPS] Hardware trigger: first byte after 12.5s
2026-08-09 11:19:48,007 - openflight.iwr6843.monitor - INFO - [IWR6843] Trigger #2: dumping firmware-frozen L3 ring
2026-08-09 11:19:48,984 - openflight.camera.capture_runtime - INFO - [CAMERA] Capture #2 saved: 60 frames, 287.9fps, gaps=0 -> /home/pacinoj/openflight_sessions/trackman/camera/camera_20260809_111948_007_002
2026-08-09 11:19:49,859 - ops243 - INFO - [OPS] Hardware trigger: 41037 bytes in 15.2s
2026-08-09 11:19:49,859 - openflight.rolling_buffer.trigger - INFO - [TRIGGER] Sound trigger fired, 41037 bytes received
2026-08-09 11:19:50,488 - ops243 - INFO - [OPS] Clock sync: method=integer_rollover offset=1786284952.483s best_read_latency=0.2ms spread=989.0ms rollover_uncertainty=11.0ms (58/58 valid)
2026-08-09 11:19:50,489 - openflight.rolling_buffer.trigger - INFO - [TRIGGER] OPS clock sync selected: fresh offset=1786284952.482749s age=0.0ms (fresh=valid_integer_rollover, previous=valid_integer_rollover, delta=-11.2ms)
2026-08-09 11:19:50,689 - ops243 - INFO - [OPS] Re-arm drain: 0 bytes in 0.2s
2026-08-09 11:19:51,039 - ops243 - INFO - [OPS] Rolling buffer re-armed (S#16)
2026-08-09 11:19:51,040 - openflight.rolling_buffer.trigger - INFO - [TRIGGER] Sound trigger wall time 1786288788.000 (source=ops_clock_sync, first byte 1786288787.205, post-trigger 68.5ms)
2026-08-09 11:19:51,040 - openflight.rolling_buffer.trigger - INFO - [TRIGGER] Sound trigger accepted — peak 105.1 mph, 42 outbound readings
2026-08-09 11:19:51,056 - openflight.rolling_buffer.processor - INFO - [PROCESSOR] Ball speed: 105.1 mph (mode-based, 42 outbound readings)
2026-08-09 11:19:51,094 - openflight.rolling_buffer.processor - INFO - [PROCESSOR] Club speed: 82.5 mph at 18.1ms before ball
2026-08-09 11:19:51,095 - openflight.rolling_buffer.processor - INFO - [PROCESSOR] Impact estimate: OPS transition 65.6ms (club 83.0 mph @ 60.8ms -> ball 102.3 mph @ 70.4ms, delta=19.3 mph)
2026-08-09 11:19:51,151 - openflight.rolling_buffer.processor - INFO - [PROCESSOR] Ungated multitaper spin: 6042 RPM, evidence=5.51, fade=25.00 Hz, window=61.2ms
2026-08-09 11:19:51,151 - openflight.rolling_buffer.processor - INFO - [PROCESSOR] Spin result: 6042 RPM, SNR=5.51, quality=experimental
2026-08-09 11:19:51,151 - openflight.rolling_buffer.monitor - INFO - [MONITOR] process_capture: 111.1ms
2026-08-09 11:19:51,151 - openflight.rolling_buffer.monitor - INFO - [MONITOR] Shot detected: ball=105.1 mph, club=82.5, spin=6042
2026-08-09 11:19:51,153 - openflight.server - INFO - [SERVER] Shot callback: 105.1 mph
2026-08-09 11:19:51,153 - openflight.server - INFO - [SERVER] Inclinometer pitch: raw +0.38deg, calibrated +0.11deg, IWR tilt 12.11deg (age 22ms)
2026-08-09 11:19:55,103 - openflight.iwr6843.monitor - INFO - [IWR6843] Capture #2 complete: 732812 bytes in 7.10s
2026-08-09 11:19:55,773 - openflight.iwr6843.club - INFO - [CLUB] track=ops_speed_prior OPS=82.5 mph radial=31.7 m/s ratio=0.86 impact_error=0.055 m inliers=53 rms=0.42 bins
2026-08-09 11:19:55,844 - openflight.server - INFO - [SERVER] IWR6843 TX2 horizontal proxy: -1.61° (coherence 92%, status=hlcmf_v0_accepted)
2026-08-09 11:19:55,845 - openflight.server - INFO - [SERVER] IWR6843 LCMF-v1 launch: 19.65° (44 snapshots/12 frames, component std 1.32°)
2026-08-09 11:19:55,845 - openflight.server - INFO - [SERVER] Camera capture #2 matched -> /home/pacinoj/openflight_sessions/trackman/camera/camera_20260809_111948_007_002
2026-08-09 11:19:56,106 - openflight.server - INFO - [SERVER] Camera-assisted horizontal: selected=-1.609375949036879 camera=None IWR=-1.609375949036879 delta=None status=camera_withheld_fallback_iwr support=0/27
2026-08-09 11:19:56,415 - openflight.server - INFO - [SERVER] Camera/IWR chained club delivery: AoA None path None (status=rejected_no_ball, features=0, speed_ratio=None, velocity_mad=None mph, impact_frame=None)
2026-08-09 11:19:56,415 - openflight.server - INFO - [SERVER] Ball speed cosine correction: 105.1 -> 107.9 mph (LA 19.6)
2026-08-09 11:19:56,415 - openflight.server - INFO - [SERVER] Calculated spin: 4958 rpm (v=107.9 mph, LA=19.6 deg, measured was 6042 rpm)
2026-08-09 11:19:56,442 - openflight.server - INFO - [SERVER] Ballistic carry: 160 yds (spin: 4958 rpm, source: measured)
2026-08-09 11:19:56,444 - openflight.server - INFO - [SERVER] Shot: ball=107.9 mph, carry=147 yds, Launch: 19.6°
2026-08-09 11:19:56,444 - openflight.rolling_buffer.monitor - INFO - [SHOT] #2: ball=107.9 mph, club=82.5, carry=147 yds | trigger=16340ms, process=111ms, callback=5291ms, total=21744ms
2026-08-09 11:19:56,444 - openflight.rolling_buffer.trigger - INFO - [TRIGGER] Waiting for sound trigger (timeout=30s)...
2026-08-09 11:20:02,214 - ops243 - DEBUG - [OPS] Hardware trigger: first byte after 5.8s
[7311:7348:0809/112021.597365:ERROR:google_apis/gcm/engine/registration_request.cc:291] Registration response error message: DEPRECATED_ENDPOINT
2026-08-09 11:20:26,446 - ops243 - INFO - [OPS] Hardware trigger: 4 bytes in 30.0s
2026-08-09 11:20:26,446 - openflight.rolling_buffer.trigger - INFO - [TRIGGER] Sound trigger fired, 4 bytes received
2026-08-09 11:20:26,446 - openflight.rolling_buffer.processor - WARNING - [PROCESSOR] Incomplete capture (missing: sample_time, trigger_time, I, Q). Response (4 bytes): '\n\n\n\n'
2026-08-09 11:20:26,646 - ops243 - INFO - [OPS] Re-arm drain: 0 bytes in 0.2s
2026-08-09 11:20:26,790 - openflight.iwr6843.monitor - INFO - [IWR6843] Trigger #3: dumping firmware-frozen L3 ring
2026-08-09 11:20:27,005 - ops243 - INFO - [OPS] Rolling buffer re-armed (S#16)
2026-08-09 11:20:27,005 - openflight.rolling_buffer.trigger - WARNING - [TRIGGER] Sound trigger parse failed (4 bytes received)
2026-08-09 11:20:27,005 - openflight.rolling_buffer.trigger - INFO - [TRIGGER] Waiting for sound trigger (timeout=30s)...
2026-08-09 11:20:27,764 - openflight.camera.capture_runtime - INFO - [CAMERA] Capture #3 saved: 60 frames, 287.9fps, gaps=0 -> /home/pacinoj/openflight_sessions/trackman/camera/camera_20260809_112026_790_003
2026-08-09 11:20:32,217 - ops243 - DEBUG - [OPS] Hardware trigger: first byte after 5.2s
2026-08-09 11:20:33,887 - openflight.iwr6843.monitor - INFO - [IWR6843] Capture #3 complete: 732812 bytes in 7.10s
2026-08-09 11:20:57,006 - ops243 - INFO - [OPS] Hardware trigger: 4 bytes in 30.0s
2026-08-09 11:20:57,006 - openflight.rolling_buffer.trigger - INFO - [TRIGGER] Sound trigger fired, 4 bytes received
2026-08-09 11:20:57,006 - openflight.rolling_buffer.processor - WARNING - [PROCESSOR] Incomplete capture (missing: sample_time, trigger_time, I, Q). Response (4 bytes): '\n\n\n\n'
2026-08-09 11:20:57,206 - ops243 - INFO - [OPS] Re-arm drain: 0 bytes in 0.2s
2026-08-09 11:20:57,557 - ops243 - INFO - [OPS] Rolling buffer re-armed (S#16)
2026-08-09 11:20:57,557 - openflight.rolling_buffer.trigger - WARNING - [TRIGGER] Sound trigger parse failed (4 bytes received)
2026-08-09 11:20:57,558 - openflight.rolling_buffer.trigger - INFO - [TRIGGER] Waiting for sound trigger (timeout=30s)...
2026-08-09 11:21:02,210 - ops243 - DEBUG - [OPS] Hardware trigger: first byte after 4.7s
2026-08-09 11:21:07,663 - openflight.iwr6843.monitor - INFO - [IWR6843] Trigger #4: dumping firmware-frozen L3 ring
2026-08-09 11:21:08,645 - openflight.camera.capture_runtime - INFO - [CAMERA] Capture #4 saved: 60 frames, 287.9fps, gaps=0 -> /home/pacinoj/openflight_sessions/trackman/camera/camera_20260809_112107_663_004
2026-08-09 11:21:09,512 - ops243 - INFO - [OPS] Hardware trigger: 41037 bytes in 12.0s
2026-08-09 11:21:09,513 - openflight.rolling_buffer.trigger - INFO - [TRIGGER] Sound trigger fired, 41037 bytes received
2026-08-09 11:21:10,484 - ops243 - INFO - [OPS] Clock sync: method=integer_rollover offset=1786284952.479s best_read_latency=0.2ms spread=989.2ms rollover_uncertainty=10.8ms (90/90 valid)
2026-08-09 11:21:10,485 - openflight.rolling_buffer.trigger - INFO - [TRIGGER] OPS clock sync selected: fresh offset=1786284952.479017s age=0.0ms (fresh=valid_integer_rollover, previous=valid_integer_rollover, delta=-3.7ms)
2026-08-09 11:21:10,685 - ops243 - INFO - [OPS] Re-arm drain: 0 bytes in 0.2s
2026-08-09 11:21:11,036 - ops243 - INFO - [OPS] Rolling buffer re-armed (S#16)
2026-08-09 11:21:11,036 - openflight.rolling_buffer.trigger - INFO - [TRIGGER] Sound trigger wall time 1786288867.660 (source=ops_clock_sync, first byte 1786288862.211, post-trigger 68.5ms)
2026-08-09 11:21:11,036 - openflight.rolling_buffer.trigger - INFO - [TRIGGER] Sound trigger accepted — peak 112.1 mph, 43 outbound readings
2026-08-09 11:21:11,051 - openflight.rolling_buffer.processor - INFO - [PROCESSOR] Ball speed: 112.1 mph (mode-based, 43 outbound readings)
2026-08-09 11:21:11,092 - openflight.rolling_buffer.processor - INFO - [PROCESSOR] Club speed: 84.8 mph at 13.9ms before ball
2026-08-09 11:21:11,093 - openflight.rolling_buffer.processor - INFO - [PROCESSOR] Impact estimate: OPS transition 65.1ms (club 84.8 mph @ 60.8ms -> ball 109.3 mph @ 69.3ms, delta=24.4 mph)
2026-08-09 11:21:11,154 - openflight.rolling_buffer.processor - INFO - [PROCESSOR] Ungated multitaper spin: 3735 RPM, evidence=5.64, fade=25.00 Hz, window=61.2ms
2026-08-09 11:21:11,154 - openflight.rolling_buffer.processor - INFO - [PROCESSOR] Spin result: 3735 RPM, SNR=5.64, quality=experimental
2026-08-09 11:21:11,154 - openflight.rolling_buffer.monitor - INFO - [MONITOR] process_capture: 118.1ms
2026-08-09 11:21:11,154 - openflight.rolling_buffer.monitor - INFO - [MONITOR] Shot detected: ball=112.1 mph, club=84.8, spin=3735
2026-08-09 11:21:11,157 - openflight.server - INFO - [SERVER] Shot callback: 112.1 mph
2026-08-09 11:21:11,157 - openflight.server - INFO - [SERVER] Inclinometer pitch: raw +0.29deg, calibrated +0.03deg, IWR tilt 12.03deg (age 35ms)
2026-08-09 11:21:11,158 - openflight.iwr6843.monitor - WARNING - [IWR6843] Discarding unmatched capture #3 (edge 1786288826.791, shot 1786288867.660)
2026-08-09 11:21:14,759 - openflight.iwr6843.monitor - INFO - [IWR6843] Capture #4 complete: 732812 bytes in 7.10s
2026-08-09 11:21:15,434 - openflight.iwr6843.club - INFO - [CLUB] track=ops_speed_prior OPS=84.8 mph radial=33.6 m/s ratio=0.89 impact_error=0.041 m inliers=44 rms=0.26 bins
2026-08-09 11:21:15,504 - openflight.server - INFO - [SERVER] IWR6843 TX2 horizontal proxy: -1.88° (coherence 88%, status=hlcmf_v0_accepted)
2026-08-09 11:21:15,504 - openflight.server - INFO - [SERVER] IWR6843 LCMF-v1 launch: 19.33° (40 snapshots/10 frames, component std 0.06°)
2026-08-09 11:21:15,504 - openflight.camera.capture_runtime - WARNING - [CAMERA] Discarding unmatched capture #3 (edge 1786288826.791, shot 1786288867.660)
2026-08-09 11:21:15,505 - openflight.server - INFO - [SERVER] Camera capture #4 matched -> /home/pacinoj/openflight_sessions/trackman/camera/camera_20260809_112107_663_004
2026-08-09 11:21:15,766 - openflight.server - INFO - [SERVER] Camera-assisted horizontal: selected=-1.8774580778556424 camera=None IWR=-1.8774580778556424 delta=None status=camera_withheld_fallback_iwr support=0/27
2026-08-09 11:21:16,070 - openflight.server - INFO - [SERVER] Camera/IWR chained club delivery: AoA None path None (status=rejected_no_ball, features=0, speed_ratio=None, velocity_mad=None mph, impact_frame=None)
2026-08-09 11:21:16,070 - openflight.server - INFO - [SERVER] Ball speed cosine correction: 112.1 -> 114.9 mph (LA 19.3)
2026-08-09 11:21:16,070 - openflight.server - INFO - [SERVER] Calculated spin: 5181 rpm (v=114.9 mph, LA=19.3 deg, measured was 3735 rpm)
2026-08-09 11:21:16,099 - openflight.server - INFO - [SERVER] Ballistic carry: 175 yds (spin: 5181 rpm, source: measured)
2026-08-09 11:21:16,100 - openflight.server - INFO - [SERVER] Shot: ball=114.9 mph, carry=165 yds, Launch: 19.3°
2026-08-09 11:21:16,100 - openflight.rolling_buffer.monitor - INFO - [SHOT] #3: ball=114.9 mph, club=84.8, carry=165 yds | trigger=13478ms, process=118ms, callback=4944ms, total=18543ms
2026-08-09 11:21:16,101 - openflight.rolling_buffer.trigger - INFO - [TRIGGER] Waiting for sound trigger (timeout=30s)...
2026-08-09 11:21:17,210 - ops243 - DEBUG - [OPS] Hardware trigger: first byte after 1.1s
2026-08-09 11:21:46,102 - ops243 - INFO - [OPS] Hardware trigger: 4 bytes in 30.0s
2026-08-09 11:21:46,102 - openflight.rolling_buffer.trigger - INFO - [TRIGGER] Sound trigger fired, 4 bytes received
2026-08-09 11:21:46,102 - openflight.rolling_buffer.processor - WARNING - [PROCESSOR] Incomplete capture (missing: sample_time, trigger_time, I, Q). Response (4 bytes): '\n\n\n\n'
2026-08-09 11:21:46,303 - ops243 - INFO - [OPS] Re-arm drain: 0 bytes in 0.2s
2026-08-09 11:21:46,654 - ops243 - INFO - [OPS] Rolling buffer re-armed (S#16)
2026-08-09 11:21:46,654 - openflight.rolling_buffer.trigger - WARNING - [TRIGGER] Sound trigger parse failed (4 bytes received)
2026-08-09 11:21:46,654 - openflight.rolling_buffer.trigger - INFO - [TRIGGER] Waiting for sound trigger (timeout=30s)...
2026-08-09 11:21:47,198 - ops243 - DEBUG - [OPS] Hardware trigger: first byte after 0.5s
[7311:7348:0809/112148.596294:ERROR:google_apis/gcm/engine/registration_request.cc:291] Registration response error message: DEPRECATED_ENDPOINT
2026-08-09 11:22:16,655 - ops243 - INFO - [OPS] Hardware trigger: 4 bytes in 30.0s
2026-08-09 11:22:16,655 - openflight.rolling_buffer.trigger - INFO - [TRIGGER] Sound trigger fired, 4 bytes received
2026-08-09 11:22:16,655 - openflight.rolling_buffer.processor - WARNING - [PROCESSOR] Incomplete capture (missing: sample_time, trigger_time, I, Q). Response (4 bytes): '\n\n\n\n'
2026-08-09 11:22:16,855 - ops243 - INFO - [OPS] Re-arm drain: 0 bytes in 0.2s
2026-08-09 11:22:17,206 - ops243 - INFO - [OPS] Rolling buffer re-armed (S#16)
2026-08-09 11:22:17,206 - openflight.rolling_buffer.trigger - WARNING - [TRIGGER] Sound trigger parse failed (4 bytes received)
2026-08-09 11:22:17,206 - openflight.rolling_buffer.trigger - INFO - [TRIGGER] Waiting for sound trigger (timeout=30s)...
2026-08-09 11:22:22,669 - openflight.iwr6843.monitor - INFO - [IWR6843] Trigger #5: dumping firmware-frozen L3 ring
2026-08-09 11:22:22,752 - ops243 - DEBUG - [OPS] Hardware trigger: first byte after 5.5s
2026-08-09 11:22:23,651 - openflight.camera.capture_runtime - INFO - [CAMERA] Capture #5 saved: 60 frames, 287.9fps, gaps=0 -> /home/pacinoj/openflight_sessions/trackman/camera/camera_20260809_112222_669_005
2026-08-09 11:22:24,521 - ops243 - INFO - [OPS] Hardware trigger: 41035 bytes in 7.3s
2026-08-09 11:22:24,521 - openflight.rolling_buffer.trigger - INFO - [TRIGGER] Sound trigger fired, 41035 bytes received
2026-08-09 11:22:25,475 - ops243 - INFO - [OPS] Clock sync: method=integer_rollover offset=1786284952.469s best_read_latency=0.2ms spread=988.9ms rollover_uncertainty=11.1ms (88/88 valid)
2026-08-09 11:22:25,476 - openflight.rolling_buffer.trigger - INFO - [TRIGGER] OPS clock sync selected: fresh offset=1786284952.469137s age=0.0ms (fresh=valid_integer_rollover, previous=valid_integer_rollover, delta=-9.9ms)
2026-08-09 11:22:25,677 - ops243 - INFO - [OPS] Re-arm drain: 0 bytes in 0.2s
2026-08-09 11:22:26,029 - ops243 - INFO - [OPS] Rolling buffer re-armed (S#16)
2026-08-09 11:22:26,029 - openflight.rolling_buffer.trigger - INFO - [TRIGGER] Sound trigger wall time 1786288942.666 (source=ops_clock_sync, first byte 1786288942.753, post-trigger 68.5ms)
2026-08-09 11:22:26,029 - openflight.rolling_buffer.trigger - INFO - [TRIGGER] Sound trigger accepted — peak 104.9 mph, 42 outbound readings
2026-08-09 11:22:26,041 - openflight.rolling_buffer.processor - INFO - [PROCESSOR] Ball speed: 104.9 mph (mode-based, 42 outbound readings)
2026-08-09 11:22:26,083 - openflight.rolling_buffer.processor - INFO - [PROCESSOR] Club speed: 80.5 mph at 18.1ms before ball
2026-08-09 11:22:26,083 - openflight.rolling_buffer.processor - INFO - [PROCESSOR] Impact estimate: OPS transition 65.6ms (club 82.3 mph @ 60.8ms -> ball 102.1 mph @ 70.4ms, delta=19.9 mph)
2026-08-09 11:22:26,146 - openflight.rolling_buffer.processor - INFO - [PROCESSOR] Ungated multitaper spin: 3845 RPM, evidence=3.24, fade=25.00 Hz, window=61.2ms
2026-08-09 11:22:26,146 - openflight.rolling_buffer.processor - INFO - [PROCESSOR] Spin result: 3845 RPM, SNR=3.24, quality=experimental
2026-08-09 11:22:26,146 - openflight.rolling_buffer.monitor - INFO - [MONITOR] process_capture: 117.2ms
2026-08-09 11:22:26,147 - openflight.rolling_buffer.monitor - INFO - [MONITOR] Shot detected: ball=104.9 mph, club=80.5, spin=3845
2026-08-09 11:22:26,149 - openflight.server - INFO - [SERVER] Shot callback: 104.9 mph
2026-08-09 11:22:26,149 - openflight.server - INFO - [SERVER] Inclinometer pitch: raw +0.29deg, calibrated +0.03deg, IWR tilt 12.03deg (age 34ms)
2026-08-09 11:22:29,764 - openflight.iwr6843.monitor - INFO - [IWR6843] Capture #5 complete: 732812 bytes in 7.09s
2026-08-09 11:22:30,534 - openflight.iwr6843.club - INFO - [CLUB] track=ops_speed_prior OPS=80.5 mph radial=31.7 m/s ratio=0.88 impact_error=0.041 m inliers=51 rms=0.30 bins
2026-08-09 11:22:30,610 - openflight.server - INFO - [SERVER] IWR6843 TX2 horizontal proxy: 1.85° (coherence 91%, status=hlcmf_v0_accepted)
2026-08-09 11:22:30,610 - openflight.server - INFO - [SERVER] IWR6843 LCMF-v1 launch: 19.75° (41 snapshots/11 frames, component std 0.40°)
2026-08-09 11:22:30,610 - openflight.server - INFO - [SERVER] Camera capture #5 matched -> /home/pacinoj/openflight_sessions/trackman/camera/camera_20260809_112222_669_005
2026-08-09 11:22:30,878 - openflight.server - INFO - [SERVER] Camera-assisted horizontal: selected=1.8527808304964164 camera=None IWR=1.8527808304964164 delta=None status=camera_withheld_fallback_iwr support=0/27
2026-08-09 11:22:31,188 - openflight.server - INFO - [SERVER] Camera/IWR chained club delivery: AoA None path None (status=rejected_no_ball, features=0, speed_ratio=None, velocity_mad=None mph, impact_frame=None)
2026-08-09 11:22:31,188 - openflight.server - INFO - [SERVER] Ball speed cosine correction: 104.9 -> 107.7 mph (LA 19.8)
2026-08-09 11:22:31,188 - openflight.server - INFO - [SERVER] Calculated spin: 4981 rpm (v=107.7 mph, LA=19.8 deg, measured was 3845 rpm)
2026-08-09 11:22:31,215 - openflight.server - INFO - [SERVER] Ballistic carry: 160 yds (spin: 4981 rpm, source: measured)
2026-08-09 11:22:31,215 - openflight.server - INFO - [SERVER] Shot: ball=107.7 mph, carry=146 yds, Launch: 19.8°
2026-08-09 11:22:31,216 - openflight.rolling_buffer.monitor - INFO - [SHOT] #4: ball=107.7 mph, club=80.5, carry=146 yds | trigger=8823ms, process=117ms, callback=5067ms, total=14009ms
2026-08-09 11:22:31,216 - openflight.rolling_buffer.trigger - INFO - [TRIGGER] Waiting for sound trigger (timeout=30s)...
2026-08-09 11:22:32,203 - ops243 - DEBUG - [OPS] Hardware trigger: first byte after 1.0s
2026-08-09 11:23:01,217 - ops243 - INFO - [OPS] Hardware trigger: 4 bytes in 30.0s
2026-08-09 11:23:01,217 - openflight.rolling_buffer.trigger - INFO - [TRIGGER] Sound trigger fired, 4 bytes received
2026-08-09 11:23:01,217 - openflight.rolling_buffer.processor - WARNING - [PROCESSOR] Incomplete capture (missing: sample_time, trigger_time, I, Q). Response (4 bytes): '\n\n\n\n'
2026-08-09 11:23:01,417 - ops243 - INFO - [OPS] Re-arm drain: 0 bytes in 0.2s
2026-08-09 11:23:01,768 - ops243 - INFO - [OPS] Rolling buffer re-armed (S#16)
2026-08-09 11:23:01,768 - openflight.rolling_buffer.trigger - WARNING - [TRIGGER] Sound trigger parse failed (4 bytes received)
2026-08-09 11:23:01,769 - openflight.rolling_buffer.trigger - INFO - [TRIGGER] Waiting for sound trigger (timeout=30s)...
2026-08-09 11:23:02,211 - ops243 - DEBUG - [OPS] Hardware trigger: first byte after 0.4s
2026-08-09 11:23:02,270 - openflight.iwr6843.monitor - INFO - [IWR6843] Trigger #6: dumping firmware-frozen L3 ring
2026-08-09 11:23:03,225 - openflight.camera.capture_runtime - INFO - [CAMERA] Capture #6 saved: 60 frames, 287.9fps, gaps=0 -> /home/pacinoj/openflight_sessions/trackman/camera/camera_20260809_112302_270_006
2026-08-09 11:23:04,122 - ops243 - INFO - [OPS] Hardware trigger: 41037 bytes in 2.4s
2026-08-09 11:23:04,122 - openflight.rolling_buffer.trigger - INFO - [TRIGGER] Sound trigger fired, 41037 bytes received
2026-08-09 11:23:04,514 - ops243 - INFO - [OPS] Clock sync: method=integer_rollover offset=1786284952.466s best_read_latency=0.2ms spread=989.2ms rollover_uncertainty=10.8ms (36/36 valid)
2026-08-09 11:23:04,515 - openflight.rolling_buffer.trigger - INFO - [TRIGGER] OPS clock sync selected: fresh offset=1786284952.466227s age=0.0ms (fresh=valid_integer_rollover, previous=valid_integer_rollover, delta=-2.9ms)
2026-08-09 11:23:04,715 - ops243 - INFO - [OPS] Re-arm drain: 0 bytes in 0.2s
2026-08-09 11:23:05,066 - ops243 - INFO - [OPS] Rolling buffer re-armed (S#16)
2026-08-09 11:23:05,066 - openflight.rolling_buffer.trigger - INFO - [TRIGGER] Sound trigger wall time 1786288982.269 (source=ops_clock_sync, first byte 1786288982.212, post-trigger 68.5ms)
2026-08-09 11:23:05,066 - openflight.rolling_buffer.trigger - INFO - [TRIGGER] Sound trigger accepted — peak 96.8 mph, 50 outbound readings
2026-08-09 11:23:05,080 - openflight.rolling_buffer.processor - INFO - [PROCESSOR] Ball speed: 96.8 mph (mode-based, 50 outbound readings)
2026-08-09 11:23:05,129 - openflight.rolling_buffer.processor - INFO - [PROCESSOR] Club speed: 81.7 mph at 11.7ms before ball
2026-08-09 11:23:05,130 - openflight.rolling_buffer.processor - INFO - [PROCESSOR] Impact estimate: sound_trigger 68.0ms (speed_delta_below_threshold)
2026-08-09 11:23:05,225 - openflight.rolling_buffer.processor - INFO - [PROCESSOR] Ungated multitaper spin: 3186 RPM, evidence=7.66, fade=34.62 Hz, window=66.5ms
2026-08-09 11:23:05,226 - openflight.rolling_buffer.processor - INFO - [PROCESSOR] Spin result: 3186 RPM, SNR=7.66, quality=experimental
2026-08-09 11:23:05,226 - openflight.rolling_buffer.monitor - INFO - [MONITOR] process_capture: 159.0ms
2026-08-09 11:23:05,226 - openflight.rolling_buffer.monitor - INFO - [MONITOR] Shot detected: ball=96.8 mph, club=81.7, spin=3186
2026-08-09 11:23:05,228 - openflight.server - INFO - [SERVER] Shot callback: 96.8 mph
2026-08-09 11:23:05,229 - openflight.server - INFO - [SERVER] Inclinometer pitch: raw +0.41deg, calibrated +0.14deg, IWR tilt 12.14deg (age 73ms)
2026-08-09 11:23:09,367 - openflight.iwr6843.monitor - INFO - [IWR6843] Capture #6 complete: 732812 bytes in 7.10s
2026-08-09 11:23:10,091 - openflight.iwr6843.club - INFO - [CLUB] track=ops_speed_prior OPS=81.7 mph radial=31.4 m/s ratio=0.86 impact_error=0.042 m inliers=58 rms=0.45 bins
2026-08-09 11:23:10,182 - openflight.server - INFO - [SERVER] IWR6843 TX2 horizontal proxy: -5.41° (coherence 90%, status=hlcmf_v0_accepted)
2026-08-09 11:23:10,183 - openflight.server - INFO - [SERVER] IWR6843 LCMF-v1 launch: 18.29° (48 snapshots/13 frames, component std 0.16°)
2026-08-09 11:23:10,183 - openflight.server - INFO - [SERVER] Camera capture #6 matched -> /home/pacinoj/openflight_sessions/trackman/camera/camera_20260809_112302_270_006
2026-08-09 11:23:10,454 - openflight.server - INFO - [SERVER] Camera-assisted horizontal: selected=-5.412594212908656 camera=None IWR=-5.412594212908656 delta=None status=camera_withheld_fallback_iwr support=0/27
2026-08-09 11:23:10,766 - openflight.server - INFO - [SERVER] Camera/IWR chained club delivery: AoA None path None (status=rejected_no_ball, features=0, speed_ratio=None, velocity_mad=None mph, impact_frame=None)
2026-08-09 11:23:10,766 - openflight.server - INFO - [SERVER] Ball speed cosine correction: 96.8 -> 99.5 mph (LA 18.3)
2026-08-09 11:23:10,766 - openflight.server - INFO - [SERVER] Calculated spin: 4211 rpm (v=99.5 mph, LA=18.3 deg, measured was 3186 rpm)
2026-08-09 11:23:10,788 - openflight.server - INFO - [SERVER] Ballistic carry: 138 yds (spin: 4211 rpm, source: measured)
2026-08-09 11:23:10,789 - openflight.server - INFO - [SERVER] Shot: ball=99.5 mph, carry=122 yds, Launch: 18.3°
2026-08-09 11:23:10,790 - openflight.rolling_buffer.monitor - INFO - [SHOT] #5: ball=99.5 mph, club=81.7, carry=122 yds | trigger=3298ms, process=159ms, callback=5561ms, total=9021ms
2026-08-09 11:23:10,790 - openflight.rolling_buffer.trigger - INFO - [TRIGGER] Waiting for sound trigger (timeout=30s)...
2026-08-09 11:23:17,194 - ops243 - DEBUG - [OPS] Hardware trigger: first byte after 6.4s
2026-08-09 11:23:20,901 - openflight.iwr6843.monitor - INFO - [IWR6843] Trigger #7: dumping firmware-frozen L3 ring
2026-08-09 11:23:21,873 - openflight.camera.capture_runtime - INFO - [CAMERA] Capture #7 saved: 60 frames, 287.9fps, gaps=0 -> /home/pacinoj/openflight_sessions/trackman/camera/camera_20260809_112320_901_007
2026-08-09 11:23:22,752 - ops243 - INFO - [OPS] Hardware trigger: 41037 bytes in 12.0s
2026-08-09 11:23:22,752 - openflight.rolling_buffer.trigger - INFO - [TRIGGER] Sound trigger fired, 41037 bytes received
2026-08-09 11:23:23,474 - ops243 - INFO - [OPS] Clock sync: method=integer_rollover offset=1786284952.469s best_read_latency=0.1ms spread=989.2ms rollover_uncertainty=10.8ms (67/67 valid)
2026-08-09 11:23:23,475 - openflight.rolling_buffer.trigger - INFO - [TRIGGER] OPS clock sync selected: fresh offset=1786284952.468884s age=0.0ms (fresh=valid_integer_rollover, previous=valid_integer_rollover, delta=2.7ms)
2026-08-09 11:23:23,675 - ops243 - INFO - [OPS] Re-arm drain: 0 bytes in 0.2s
2026-08-09 11:23:24,026 - ops243 - INFO - [OPS] Rolling buffer re-armed (S#16)
2026-08-09 11:23:24,026 - openflight.rolling_buffer.trigger - INFO - [TRIGGER] Sound trigger wall time 1786289000.905 (source=ops_clock_sync, first byte 1786288997.195, post-trigger 68.5ms)
2026-08-09 11:23:24,026 - openflight.rolling_buffer.trigger - INFO - [TRIGGER] Sound trigger accepted — peak 107.0 mph, 43 outbound readings
2026-08-09 11:23:24,042 - openflight.rolling_buffer.processor - INFO - [PROCESSOR] Ball speed: 107.0 mph (mode-based, 43 outbound readings)
2026-08-09 11:23:24,079 - openflight.rolling_buffer.processor - INFO - [PROCESSOR] Club speed: 83.8 mph at 11.7ms before ball
2026-08-09 11:23:24,080 - openflight.rolling_buffer.processor - INFO - [PROCESSOR] Impact estimate: OPS transition 62.4ms (club 83.7 mph @ 61.9ms -> ball 104.2 mph @ 62.9ms, delta=20.5 mph)
2026-08-09 11:23:24,172 - openflight.rolling_buffer.processor - INFO - [PROCESSOR] Ungated multitaper spin: 3900 RPM, evidence=26.07, fade=37.79 Hz, window=70.8ms
2026-08-09 11:23:24,172 - openflight.rolling_buffer.processor - INFO - [PROCESSOR] Spin result: 3900 RPM, SNR=26.07, quality=experimental
2026-08-09 11:23:24,172 - openflight.rolling_buffer.monitor - INFO - [MONITOR] process_capture: 145.6ms
2026-08-09 11:23:24,172 - openflight.rolling_buffer.monitor - INFO - [MONITOR] Shot detected: ball=107.0 mph, club=83.8, spin=3900
2026-08-09 11:23:24,174 - openflight.server - INFO - [SERVER] Shot callback: 107.0 mph
2026-08-09 11:23:24,175 - openflight.server - INFO - [SERVER] Inclinometer pitch: raw +0.26deg, calibrated -0.00deg, IWR tilt 12.00deg (age 77ms)
2026-08-09 11:23:27,998 - openflight.iwr6843.monitor - INFO - [IWR6843] Capture #7 complete: 732812 bytes in 7.10s
2026-08-09 11:23:28,651 - openflight.iwr6843.club - INFO - [CLUB] track=ops_speed_prior OPS=83.8 mph radial=33.5 m/s ratio=0.89 impact_error=0.070 m inliers=48 rms=0.22 bins
2026-08-09 11:23:28,736 - openflight.server - INFO - [SERVER] IWR6843 TX2 horizontal proxy: -1.91° (coherence 86%, status=hlcmf_v0_accepted)
2026-08-09 11:23:28,736 - openflight.server - INFO - [SERVER] IWR6843 LCMF-v1 launch: 17.20° (38 snapshots/11 frames, component std 0.60°)
2026-08-09 11:23:28,737 - openflight.server - INFO - [SERVER] Camera capture #7 matched -> /home/pacinoj/openflight_sessions/trackman/camera/camera_20260809_112320_901_007
2026-08-09 11:23:28,994 - openflight.server - INFO - [SERVER] Camera-assisted horizontal: selected=-1.9082426537255486 camera=None IWR=-1.9082426537255486 delta=None status=camera_withheld_fallback_iwr support=0/27
2026-08-09 11:23:29,368 - openflight.server - INFO - [SERVER] Camera/IWR chained club delivery: AoA None path None (status=rejected_no_impact, features=0, speed_ratio=None, velocity_mad=None mph, impact_frame=None)
2026-08-09 11:23:29,369 - openflight.server - INFO - [SERVER] Ball speed cosine correction: 107.0 -> 109.6 mph (LA 17.2)
2026-08-09 11:23:29,369 - openflight.server - INFO - [SERVER] Calculated spin: 4316 rpm (v=109.6 mph, LA=17.2 deg, measured was 3900 rpm)
2026-08-09 11:23:29,394 - openflight.server - INFO - [SERVER] Ballistic carry: 159 yds (spin: 4316 rpm, source: measured)
2026-08-09 11:23:29,395 - openflight.server - INFO - [SERVER] Shot: ball=109.6 mph, carry=147 yds, Launch: 17.2°
2026-08-09 11:23:29,395 - openflight.rolling_buffer.monitor - INFO - [SHOT] #6: ball=109.6 mph, club=83.8, carry=147 yds | trigger=13236ms, process=146ms, callback=5221ms, total=18605ms
2026-08-09 11:23:29,395 - openflight.rolling_buffer.trigger - INFO - [TRIGGER] Waiting for sound trigger (timeout=30s)...
2026-08-09 11:23:32,198 - ops243 - DEBUG - [OPS] Hardware trigger: first byte after 2.8s
2026-08-09 11:23:45,386 - openflight.iwr6843.monitor - INFO - [IWR6843] Trigger #8: dumping firmware-frozen L3 ring
2026-08-09 11:23:46,375 - openflight.camera.capture_runtime - INFO - [CAMERA] Capture #8 saved: 60 frames, 287.9fps, gaps=0 -> /home/pacinoj/openflight_sessions/trackman/camera/camera_20260809_112345_386_008
2026-08-09 11:23:47,239 - ops243 - INFO - [OPS] Hardware trigger: 41039 bytes in 17.8s
2026-08-09 11:23:47,240 - openflight.rolling_buffer.trigger - INFO - [TRIGGER] Sound trigger fired, 41039 bytes received
2026-08-09 11:23:47,627 - ops243 - INFO - [OPS] Clock sync: method=integer_rollover offset=1786284952.460s best_read_latency=0.1ms spread=989.2ms rollover_uncertainty=10.8ms (36/36 valid)
2026-08-09 11:23:47,627 - openflight.rolling_buffer.trigger - INFO - [TRIGGER] OPS clock sync selected: fresh offset=1786284952.460211s age=0.0ms (fresh=valid_integer_rollover, previous=valid_integer_rollover, delta=-8.7ms)
2026-08-09 11:23:47,828 - ops243 - INFO - [OPS] Re-arm drain: 0 bytes in 0.2s
2026-08-09 11:23:48,178 - ops243 - INFO - [OPS] Rolling buffer re-armed (S#16)
2026-08-09 11:23:48,178 - openflight.rolling_buffer.trigger - INFO - [TRIGGER] Sound trigger wall time 1786289025.383 (source=ops_clock_sync, first byte 1786289012.198, post-trigger 68.5ms)
2026-08-09 11:23:48,179 - openflight.rolling_buffer.trigger - INFO - [TRIGGER] Sound trigger accepted — peak 107.5 mph, 46 outbound readings
2026-08-09 11:23:48,192 - openflight.rolling_buffer.processor - INFO - [PROCESSOR] Ball speed: 107.5 mph (mode-based, 46 outbound readings)
2026-08-09 11:23:48,228 - openflight.rolling_buffer.processor - INFO - [PROCESSOR] Club speed: 82.6 mph at 18.1ms before ball
2026-08-09 11:23:48,228 - openflight.rolling_buffer.processor - INFO - [PROCESSOR] Impact estimate: OPS transition 65.6ms (club 84.5 mph @ 59.7ms -> ball 105.3 mph @ 71.5ms, delta=20.8 mph)
2026-08-09 11:23:48,297 - openflight.rolling_buffer.processor - INFO - [PROCESSOR] Ungated multitaper spin: 3735 RPM, evidence=2.53, fade=25.00 Hz, window=62.3ms
2026-08-09 11:23:48,297 - openflight.rolling_buffer.processor - INFO - [PROCESSOR] Spin result: 3735 RPM, SNR=2.53, quality=experimental
2026-08-09 11:23:48,298 - openflight.rolling_buffer.monitor - INFO - [MONITOR] process_capture: 118.7ms
2026-08-09 11:23:48,298 - openflight.rolling_buffer.monitor - INFO - [MONITOR] Shot detected: ball=107.5 mph, club=82.6, spin=3735
2026-08-09 11:23:48,300 - openflight.server - INFO - [SERVER] Shot callback: 107.5 mph
2026-08-09 11:23:48,300 - openflight.server - INFO - [SERVER] Inclinometer pitch: raw +0.32deg, calibrated +0.06deg, IWR tilt 12.06deg (age 4ms)
2026-08-09 11:23:52,483 - openflight.iwr6843.monitor - INFO - [IWR6843] Capture #8 complete: 732812 bytes in 7.10s
2026-08-09 11:23:53,181 - openflight.iwr6843.club - INFO - [CLUB] track=ops_speed_prior OPS=82.6 mph radial=33.0 m/s ratio=0.90 impact_error=0.030 m inliers=51 rms=0.34 bins
2026-08-09 11:23:53,259 - openflight.server - INFO - [SERVER] IWR6843 TX2 horizontal proxy: -3.45° (coherence 90%, status=hlcmf_v0_accepted)
2026-08-09 11:23:53,259 - openflight.server - INFO - [SERVER] IWR6843 LCMF-v1 launch: 19.73° (40 snapshots/11 frames, component std 1.17°)
2026-08-09 11:23:53,259 - openflight.server - INFO - [SERVER] Camera capture #8 matched -> /home/pacinoj/openflight_sessions/trackman/camera/camera_20260809_112345_386_008
2026-08-09 11:23:53,519 - openflight.server - INFO - [SERVER] Camera-assisted horizontal: selected=-3.450167265722687 camera=None IWR=-3.450167265722687 delta=None status=camera_withheld_fallback_iwr support=0/27
2026-08-09 11:23:53,829 - openflight.server - INFO - [SERVER] Camera/IWR chained club delivery: AoA None path None (status=rejected_no_ball, features=0, speed_ratio=None, velocity_mad=None mph, impact_frame=None)
2026-08-09 11:23:53,829 - openflight.server - INFO - [SERVER] Ball speed cosine correction: 107.5 -> 110.3 mph (LA 19.7)
2026-08-09 11:23:53,829 - openflight.server - INFO - [SERVER] Calculated spin: 5095 rpm (v=110.3 mph, LA=19.7 deg, measured was 3735 rpm)
2026-08-09 11:23:53,856 - openflight.server - INFO - [SERVER] Ballistic carry: 166 yds (spin: 5095 rpm, source: measured)
2026-08-09 11:23:53,857 - openflight.server - INFO - [SERVER] Shot: ball=110.3 mph, carry=153 yds, Launch: 19.7°
2026-08-09 11:23:53,857 - openflight.rolling_buffer.monitor - INFO - [SHOT] #7: ball=110.3 mph, club=82.6, carry=153 yds | trigger=18784ms, process=119ms, callback=5558ms, total=24462ms
2026-08-09 11:23:53,858 - openflight.rolling_buffer.trigger - INFO - [TRIGGER] Waiting for sound trigger (timeout=30s)...
2026-08-09 11:24:02,196 - ops243 - DEBUG - [OPS] Hardware trigger: first byte after 8.3s
2026-08-09 11:24:10,573 - openflight.iwr6843.monitor - INFO - [IWR6843] Trigger #9: dumping firmware-frozen L3 ring
2026-08-09 11:24:11,559 - openflight.camera.capture_runtime - INFO - [CAMERA] Capture #9 saved: 60 frames, 287.9fps, gaps=0 -> /home/pacinoj/openflight_sessions/trackman/camera/camera_20260809_112410_572_009
2026-08-09 11:24:12,425 - ops243 - INFO - [OPS] Hardware trigger: 41037 bytes in 18.6s
2026-08-09 11:24:12,425 - openflight.rolling_buffer.trigger - INFO - [TRIGGER] Sound trigger fired, 41037 bytes received
2026-08-09 11:24:12,814 - ops243 - INFO - [OPS] Clock sync: method=integer_rollover offset=1786284952.453s best_read_latency=0.2ms spread=989.5ms rollover_uncertainty=10.5ms (36/36 valid)
2026-08-09 11:24:12,814 - openflight.rolling_buffer.trigger - INFO - [TRIGGER] OPS clock sync selected: fresh offset=1786284952.453115s age=0.0ms (fresh=valid_integer_rollover, previous=valid_integer_rollover, delta=-7.1ms)
2026-08-09 11:24:13,015 - ops243 - INFO - [OPS] Re-arm drain: 0 bytes in 0.2s
2026-08-09 11:24:13,365 - ops243 - INFO - [OPS] Rolling buffer re-armed (S#16)
2026-08-09 11:24:13,365 - openflight.rolling_buffer.trigger - INFO - [TRIGGER] Sound trigger wall time 1786289050.567 (source=ops_clock_sync, first byte 1786289042.197, post-trigger 68.5ms)
2026-08-09 11:24:13,365 - openflight.rolling_buffer.trigger - INFO - [TRIGGER] Sound trigger accepted — peak 105.6 mph, 47 outbound readings
2026-08-09 11:24:13,376 - openflight.rolling_buffer.processor - INFO - [PROCESSOR] Ball speed: 105.6 mph (mode-based, 47 outbound readings)
2026-08-09 11:24:13,411 - openflight.rolling_buffer.processor - INFO - [PROCESSOR] Club speed: 78.9 mph at 11.7ms before ball
2026-08-09 11:24:13,412 - openflight.rolling_buffer.processor - INFO - [PROCESSOR] Impact estimate: OPS transition 62.9ms (club 81.8 mph @ 61.9ms -> ball 102.9 mph @ 64.0ms, delta=21.2 mph)
2026-08-09 11:24:13,492 - openflight.rolling_buffer.processor - INFO - [PROCESSOR] Ungated multitaper spin: 3021 RPM, evidence=23.42, fade=32.75 Hz, window=69.7ms
2026-08-09 11:24:13,492 - openflight.rolling_buffer.processor - INFO - [PROCESSOR] Spin result: 3021 RPM, SNR=23.42, quality=experimental
2026-08-09 11:24:13,494 - openflight.rolling_buffer.monitor - INFO - [MONITOR] process_capture: 127.8ms
2026-08-09 11:24:13,494 - openflight.rolling_buffer.monitor - INFO - [MONITOR] Shot detected: ball=105.6 mph, club=78.9, spin=3021
2026-08-09 11:24:13,497 - openflight.server - INFO - [SERVER] Shot callback: 105.6 mph
2026-08-09 11:24:13,497 - openflight.server - INFO - [SERVER] Inclinometer pitch: raw +0.49deg, calibrated +0.23deg, IWR tilt 12.23deg (age 47ms)
2026-08-09 11:24:17,668 - openflight.iwr6843.monitor - INFO - [IWR6843] Capture #9 complete: 732812 bytes in 7.10s
2026-08-09 11:24:18,281 - openflight.iwr6843.club - INFO - [CLUB] track=ops_speed_prior OPS=78.9 mph radial=30.6 m/s ratio=0.87 impact_error=0.058 m inliers=59 rms=0.45 bins
2026-08-09 11:24:18,380 - openflight.server - INFO - [SERVER] IWR6843 TX2 horizontal proxy: -2.20° (coherence 82%, status=hlcmf_v0_accepted)
2026-08-09 11:24:18,380 - openflight.server - INFO - [SERVER] IWR6843 LCMF-v1 launch: 17.39° (29 snapshots/8 frames, component std 0.51°)
2026-08-09 11:24:18,380 - openflight.server - INFO - [SERVER] Camera capture #9 matched -> /home/pacinoj/openflight_sessions/trackman/camera/camera_20260809_112410_572_009
2026-08-09 11:24:18,646 - openflight.server - INFO - [SERVER] Camera-assisted horizontal: selected=-2.1972992217823477 camera=None IWR=-2.1972992217823477 delta=None status=camera_withheld_fallback_iwr support=0/27
2026-08-09 11:24:19,027 - openflight.server - INFO - [SERVER] Camera/IWR chained club delivery: AoA None path None (status=rejected_no_impact, features=0, speed_ratio=None, velocity_mad=None mph, impact_frame=None)
2026-08-09 11:24:19,027 - openflight.server - INFO - [SERVER] Ball speed cosine correction: 105.6 -> 108.2 mph (LA 17.4)
2026-08-09 11:24:19,027 - openflight.server - INFO - [SERVER] Calculated spin: 4317 rpm (v=108.2 mph, LA=17.4 deg, measured was 3021 rpm)
2026-08-09 11:24:19,051 - openflight.server - INFO - [SERVER] Ballistic carry: 157 yds (spin: 4317 rpm, source: measured)
2026-08-09 11:24:19,052 - openflight.server - INFO - [SERVER] Shot: ball=108.2 mph, carry=143 yds, Launch: 17.4°
2026-08-09 11:24:19,052 - openflight.rolling_buffer.monitor - INFO - [SHOT] #8: ball=108.2 mph, club=78.9, carry=143 yds | trigger=19508ms, process=128ms, callback=5556ms, total=25195ms
2026-08-09 11:24:19,052 - openflight.rolling_buffer.trigger - INFO - [TRIGGER] Waiting for sound trigger (timeout=30s)...
2026-08-09 11:24:32,207 - ops243 - DEBUG - [OPS] Hardware trigger: first byte after 13.2s
2026-08-09 11:24:36,236 - openflight.iwr6843.monitor - INFO - [IWR6843] Trigger #10: dumping firmware-frozen L3 ring
2026-08-09 11:24:37,206 - openflight.camera.capture_runtime - INFO - [CAMERA] Capture #10 saved: 60 frames, 287.9fps, gaps=0 -> /home/pacinoj/openflight_sessions/trackman/camera/camera_20260809_112436_236_010
2026-08-09 11:24:38,085 - ops243 - INFO - [OPS] Hardware trigger: 41037 bytes in 19.0s
2026-08-09 11:24:38,085 - openflight.rolling_buffer.trigger - INFO - [TRIGGER] Sound trigger fired, 41037 bytes received
2026-08-09 11:24:38,471 - ops243 - INFO - [OPS] Clock sync: method=integer_rollover offset=1786284952.455s best_read_latency=0.2ms spread=989.3ms rollover_uncertainty=10.7ms (36/36 valid)
2026-08-09 11:24:38,472 - openflight.rolling_buffer.trigger - INFO - [TRIGGER] OPS clock sync selected: fresh offset=1786284952.455432s age=0.0ms (fresh=valid_integer_rollover, previous=valid_integer_rollover, delta=2.3ms)
2026-08-09 11:24:38,672 - ops243 - INFO - [OPS] Re-arm drain: 0 bytes in 0.2s
2026-08-09 11:24:39,022 - ops243 - INFO - [OPS] Rolling buffer re-armed (S#16)
2026-08-09 11:24:39,023 - openflight.rolling_buffer.trigger - INFO - [TRIGGER] Sound trigger wall time 1786289076.235 (source=ops_clock_sync, first byte 1786289072.207, post-trigger 68.5ms)
2026-08-09 11:24:39,023 - openflight.rolling_buffer.trigger - INFO - [TRIGGER] Sound trigger accepted — peak 106.8 mph, 45 outbound readings
2026-08-09 11:24:39,037 - openflight.rolling_buffer.processor - INFO - [PROCESSOR] Ball speed: 106.8 mph (mode-based, 45 outbound readings)
2026-08-09 11:24:39,070 - openflight.rolling_buffer.processor - INFO - [PROCESSOR] Club speed: 84.1 mph at 18.1ms before ball
2026-08-09 11:24:39,071 - openflight.rolling_buffer.processor - INFO - [PROCESSOR] Impact estimate: OPS transition 68.8ms (club 84.5 mph @ 64.0ms -> ball 104.2 mph @ 73.6ms, delta=19.7 mph)
2026-08-09 11:24:39,072 - openflight.rolling_buffer.processor - INFO - [PROCESSOR] Multitaper repaired 0.02% clipped I/Q samples
2026-08-09 11:24:39,134 - openflight.rolling_buffer.processor - INFO - [PROCESSOR] Ungated multitaper spin: 3845 RPM, evidence=3.32, fade=25.00 Hz, window=58.0ms
2026-08-09 11:24:39,134 - openflight.rolling_buffer.processor - INFO - [PROCESSOR] Spin result: 3845 RPM, SNR=3.32, quality=experimental
2026-08-09 11:24:39,135 - openflight.rolling_buffer.monitor - INFO - [MONITOR] process_capture: 111.4ms
2026-08-09 11:24:39,135 - openflight.rolling_buffer.monitor - INFO - [MONITOR] Shot detected: ball=106.8 mph, club=84.1, spin=3845
2026-08-09 11:24:39,137 - openflight.server - INFO - [SERVER] Shot callback: 106.8 mph
2026-08-09 11:24:39,138 - openflight.server - INFO - [SERVER] Inclinometer pitch: raw +0.44deg, calibrated +0.17deg, IWR tilt 12.17deg (age 28ms)
2026-08-09 11:24:43,333 - openflight.iwr6843.monitor - INFO - [IWR6843] Capture #10 complete: 732812 bytes in 7.10s
2026-08-09 11:24:43,976 - openflight.iwr6843.club - INFO - [CLUB] track=ops_speed_prior OPS=84.1 mph radial=32.1 m/s ratio=0.85 impact_error=0.046 m inliers=54 rms=0.44 bins
2026-08-09 11:24:44,069 - openflight.server - INFO - [SERVER] IWR6843 TX2 horizontal proxy: -2.07° (coherence 92%, status=hlcmf_v0_accepted)
2026-08-09 11:24:44,070 - openflight.server - INFO - [SERVER] IWR6843 LCMF-v1 launch: 20.38° (38 snapshots/10 frames, component std 0.15°)
2026-08-09 11:24:44,070 - openflight.server - INFO - [SERVER] Camera capture #10 matched -> /home/pacinoj/openflight_sessions/trackman/camera/camera_20260809_112436_236_010
2026-08-09 11:24:44,341 - openflight.server - INFO - [SERVER] Camera-assisted horizontal: selected=-2.0736022009736605 camera=None IWR=-2.0736022009736605 delta=None status=camera_withheld_fallback_iwr support=0/27
2026-08-09 11:24:44,729 - openflight.server - INFO - [SERVER] Camera/IWR chained club delivery: AoA None path None (status=rejected_no_impact, features=0, speed_ratio=None, velocity_mad=None mph, impact_frame=None)
2026-08-09 11:24:44,729 - openflight.server - INFO - [SERVER] Ball speed cosine correction: 106.8 -> 109.7 mph (LA 20.4)
2026-08-09 11:24:44,730 - openflight.server - INFO - [SERVER] Calculated spin: 5258 rpm (v=109.7 mph, LA=20.4 deg, measured was 3845 rpm)
2026-08-09 11:24:44,757 - openflight.server - INFO - [SERVER] Ballistic carry: 165 yds (spin: 5258 rpm, source: measured)
2026-08-09 11:24:44,758 - openflight.server - INFO - [SERVER] Shot: ball=109.7 mph, carry=153 yds, Launch: 20.4°
2026-08-09 11:24:44,758 - openflight.rolling_buffer.monitor - INFO - [SHOT] #9: ball=109.7 mph, club=84.1, carry=153 yds | trigger=19970ms, process=111ms, callback=5621ms, total=25706ms
2026-08-09 11:24:44,758 - openflight.rolling_buffer.trigger - INFO - [TRIGGER] Waiting for sound trigger (timeout=30s)...
2026-08-09 11:24:47,196 - ops243 - DEBUG - [OPS] Hardware trigger: first byte after 2.4s
[7311:7348:0809/112447.862680:ERROR:google_apis/gcm/engine/registration_request.cc:291] Registration response error message: DEPRECATED_ENDPOINT
2026-08-09 11:25:06,986 - openflight.iwr6843.monitor - INFO - [IWR6843] Trigger #11: dumping firmware-frozen L3 ring
2026-08-09 11:25:07,957 - openflight.camera.capture_runtime - INFO - [CAMERA] Capture #11 saved: 60 frames, 287.9fps, gaps=0 -> /home/pacinoj/openflight_sessions/trackman/camera/camera_20260809_112506_986_011
2026-08-09 11:25:08,839 - ops243 - INFO - [OPS] Hardware trigger: 41039 bytes in 24.1s
2026-08-09 11:25:08,839 - openflight.rolling_buffer.trigger - INFO - [TRIGGER] Sound trigger fired, 41039 bytes received
2026-08-09 11:25:09,458 - ops243 - INFO - [OPS] Clock sync: method=integer_rollover offset=1786284952.453s best_read_latency=0.2ms spread=989.2ms rollover_uncertainty=10.8ms (57/57 valid)
2026-08-09 11:25:09,458 - openflight.rolling_buffer.trigger - INFO - [TRIGGER] OPS clock sync selected: fresh offset=1786284952.452559s age=0.0ms (fresh=valid_integer_rollover, previous=valid_integer_rollover, delta=-2.9ms)
2026-08-09 11:25:09,658 - ops243 - INFO - [OPS] Re-arm drain: 0 bytes in 0.2s
2026-08-09 11:25:10,009 - ops243 - INFO - [OPS] Rolling buffer re-armed (S#16)
2026-08-09 11:25:10,010 - openflight.rolling_buffer.trigger - INFO - [TRIGGER] Sound trigger wall time 1786289106.985 (source=ops_clock_sync, first byte 1786289087.197, post-trigger 68.5ms)
2026-08-09 11:25:10,010 - openflight.rolling_buffer.trigger - INFO - [TRIGGER] Sound trigger accepted — peak 107.4 mph, 43 outbound readings
2026-08-09 11:25:10,024 - openflight.rolling_buffer.processor - INFO - [PROCESSOR] Ball speed: 107.4 mph (mode-based, 43 outbound readings)
2026-08-09 11:25:10,061 - openflight.rolling_buffer.processor - INFO - [PROCESSOR] Club speed: 82.5 mph at 18.1ms before ball
2026-08-09 11:25:10,062 - openflight.rolling_buffer.processor - INFO - [PROCESSOR] Impact estimate: OPS transition 64.5ms (club 83.6 mph @ 59.7ms -> ball 104.6 mph @ 69.3ms, delta=21.0 mph)
2026-08-09 11:25:10,111 - openflight.rolling_buffer.processor - INFO - [PROCESSOR] Ungated multitaper spin: 5933 RPM, evidence=4.56, fade=25.00 Hz, window=62.3ms
2026-08-09 11:25:10,112 - openflight.rolling_buffer.processor - INFO - [PROCESSOR] Spin result: 5933 RPM, SNR=4.56, quality=experimental
2026-08-09 11:25:10,112 - openflight.rolling_buffer.monitor - INFO - [MONITOR] process_capture: 101.9ms
2026-08-09 11:25:10,112 - openflight.rolling_buffer.monitor - INFO - [MONITOR] Shot detected: ball=107.4 mph, club=82.5, spin=5933
2026-08-09 11:25:10,114 - openflight.server - INFO - [SERVER] Shot callback: 107.4 mph
2026-08-09 11:25:10,115 - openflight.server - INFO - [SERVER] Inclinometer pitch: raw +0.35deg, calibrated +0.09deg, IWR tilt 12.09deg (age 34ms)
2026-08-09 11:25:14,083 - openflight.iwr6843.monitor - INFO - [IWR6843] Capture #11 complete: 732812 bytes in 7.10s
2026-08-09 11:25:14,713 - openflight.iwr6843.club - INFO - [CLUB] track=ops_speed_prior OPS=82.5 mph radial=33.0 m/s ratio=0.90 impact_error=0.029 m inliers=50 rms=0.43 bins
2026-08-09 11:25:14,784 - openflight.server - INFO - [SERVER] IWR6843 TX2 horizontal proxy: -0.27° (coherence 92%, status=hlcmf_v0_accepted)
2026-08-09 11:25:14,785 - openflight.server - INFO - [SERVER] IWR6843 LCMF-v1 launch: 19.35° (35 snapshots/10 frames, component std 0.53°)
2026-08-09 11:25:14,785 - openflight.server - INFO - [SERVER] Camera capture #11 matched -> /home/pacinoj/openflight_sessions/trackman/camera/camera_20260809_112506_986_011
2026-08-09 11:25:15,037 - openflight.server - INFO - [SERVER] Camera-assisted horizontal: selected=-0.2721566281012762 camera=None IWR=-0.2721566281012762 delta=None status=camera_withheld_fallback_iwr support=0/27
2026-08-09 11:25:15,341 - openflight.server - INFO - [SERVER] Camera/IWR chained club delivery: AoA None path None (status=rejected_no_ball, features=0, speed_ratio=None, velocity_mad=None mph, impact_frame=None)
2026-08-09 11:25:15,341 - openflight.server - INFO - [SERVER] Ball speed cosine correction: 107.4 -> 110.2 mph (LA 19.3)
2026-08-09 11:25:15,341 - openflight.server - INFO - [SERVER] Calculated spin: 4975 rpm (v=110.2 mph, LA=19.3 deg, measured was 5933 rpm)
2026-08-09 11:25:15,368 - openflight.server - INFO - [SERVER] Ballistic carry: 165 yds (spin: 4975 rpm, source: measured)
2026-08-09 11:25:15,369 - openflight.server - INFO - [SERVER] Shot: ball=110.2 mph, carry=152 yds, Launch: 19.3°
2026-08-09 11:25:15,369 - openflight.rolling_buffer.monitor - INFO - [SHOT] #10: ball=110.2 mph, club=82.5, carry=152 yds | trigger=25251ms, process=102ms, callback=5255ms, total=30611ms
2026-08-09 11:25:15,370 - openflight.rolling_buffer.trigger - INFO - [TRIGGER] Waiting for sound trigger (timeout=30s)...
2026-08-09 11:25:17,206 - ops243 - DEBUG - [OPS] Hardware trigger: first byte after 1.8s
2026-08-09 11:25:32,957 - openflight.iwr6843.monitor - INFO - [IWR6843] Trigger #12: dumping firmware-frozen L3 ring
2026-08-09 11:25:33,936 - openflight.camera.capture_runtime - INFO - [CAMERA] Capture #12 saved: 60 frames, 287.8fps, gaps=0 -> /home/pacinoj/openflight_sessions/trackman/camera/camera_20260809_112532_956_012
2026-08-09 11:25:34,808 - ops243 - INFO - [OPS] Hardware trigger: 41039 bytes in 19.4s
2026-08-09 11:25:34,808 - openflight.rolling_buffer.trigger - INFO - [TRIGGER] Sound trigger fired, 41039 bytes received
2026-08-09 11:25:35,459 - ops243 - INFO - [OPS] Clock sync: method=integer_rollover offset=1786284952.454s best_read_latency=0.1ms spread=989.2ms rollover_uncertainty=10.8ms (60/60 valid)
2026-08-09 11:25:35,459 - openflight.rolling_buffer.trigger - INFO - [TRIGGER] OPS clock sync selected: fresh offset=1786284952.453812s age=0.0ms (fresh=valid_integer_rollover, previous=valid_integer_rollover, delta=1.3ms)
2026-08-09 11:25:35,659 - ops243 - INFO - [OPS] Re-arm drain: 0 bytes in 0.2s
2026-08-09 11:25:36,010 - ops243 - INFO - [OPS] Rolling buffer re-armed (S#16)
2026-08-09 11:25:36,011 - openflight.rolling_buffer.trigger - INFO - [TRIGGER] Sound trigger wall time 1786289132.955 (source=ops_clock_sync, first byte 1786289117.207, post-trigger 68.5ms)
2026-08-09 11:25:36,011 - openflight.rolling_buffer.trigger - INFO - [TRIGGER] Sound trigger accepted — peak 102.3 mph, 41 outbound readings
2026-08-09 11:25:36,021 - openflight.rolling_buffer.processor - INFO - [PROCESSOR] Ball speed: 102.3 mph (mode-based, 41 outbound readings)
2026-08-09 11:25:36,060 - openflight.rolling_buffer.processor - INFO - [PROCESSOR] Club speed: 82.9 mph at 18.1ms before ball
2026-08-09 11:25:36,060 - openflight.rolling_buffer.processor - INFO - [PROCESSOR] Impact estimate: OPS transition 66.1ms (club 83.3 mph @ 61.9ms -> ball 99.4 mph @ 70.4ms, delta=16.1 mph)
2026-08-09 11:25:36,063 - openflight.rolling_buffer.processor - INFO - [PROCESSOR] Multitaper repaired 0.02% clipped I/Q samples
2026-08-09 11:25:36,119 - openflight.rolling_buffer.processor - INFO - [PROCESSOR] Ungated multitaper spin: 4065 RPM, evidence=1.63, fade=25.00 Hz, window=60.1ms
2026-08-09 11:25:36,120 - openflight.rolling_buffer.processor - INFO - [PROCESSOR] Spin result: 4065 RPM, SNR=1.63, quality=experimental
2026-08-09 11:25:36,120 - openflight.rolling_buffer.monitor - INFO - [MONITOR] process_capture: 108.6ms
2026-08-09 11:25:36,120 - openflight.rolling_buffer.monitor - INFO - [MONITOR] Shot detected: ball=102.3 mph, club=82.9, spin=4065
2026-08-09 11:25:36,122 - openflight.server - INFO - [SERVER] Shot callback: 102.3 mph
2026-08-09 11:25:36,122 - openflight.server - INFO - [SERVER] Inclinometer pitch: raw +0.35deg, calibrated +0.09deg, IWR tilt 12.09deg (age 25ms)
2026-08-09 11:25:40,054 - openflight.iwr6843.monitor - INFO - [IWR6843] Capture #12 complete: 732812 bytes in 7.10s
2026-08-09 11:25:40,663 - openflight.iwr6843.club - INFO - [CLUB] track=ops_speed_prior OPS=82.9 mph radial=34.8 m/s ratio=0.94 impact_error=0.049 m inliers=45 rms=0.38 bins
2026-08-09 11:25:40,769 - openflight.server - INFO - [SERVER] IWR6843 TX2 horizontal proxy: 1.92° (coherence 91%, status=hlcmf_v0_accepted)
2026-08-09 11:25:40,770 - openflight.server - INFO - [SERVER] IWR6843 LCMF-v1 launch: 19.65° (33 snapshots/9 frames, component std 0.34°)
2026-08-09 11:25:40,770 - openflight.server - INFO - [SERVER] Camera capture #12 matched -> /home/pacinoj/openflight_sessions/trackman/camera/camera_20260809_112532_956_012
2026-08-09 11:25:41,043 - openflight.server - INFO - [SERVER] Camera-assisted horizontal: selected=1.9160949955697548 camera=None IWR=1.9160949955697548 delta=None status=camera_withheld_fallback_iwr support=0/27
2026-08-09 11:25:41,349 - openflight.server - INFO - [SERVER] Camera/IWR chained club delivery: AoA None path None (status=rejected_no_ball, features=0, speed_ratio=None, velocity_mad=None mph, impact_frame=None)
2026-08-09 11:25:41,349 - openflight.server - INFO - [SERVER] Ball speed cosine correction: 102.3 -> 105.2 mph (LA 19.7)
2026-08-09 11:25:41,349 - openflight.server - INFO - [SERVER] Calculated spin: 4835 rpm (v=105.2 mph, LA=19.7 deg, measured was 4065 rpm)
2026-08-09 11:25:41,375 - openflight.server - INFO - [SERVER] Ballistic carry: 154 yds (spin: 4835 rpm, source: measured)
2026-08-09 11:25:41,376 - openflight.server - INFO - [SERVER] Shot: ball=105.2 mph, carry=139 yds, Launch: 19.7°
2026-08-09 11:25:41,376 - openflight.rolling_buffer.monitor - INFO - [SHOT] #11: ball=105.2 mph, club=82.9, carry=139 yds | trigger=20641ms, process=109ms, callback=5254ms, total=26007ms
2026-08-09 11:25:41,376 - openflight.rolling_buffer.trigger - INFO - [TRIGGER] Waiting for sound trigger (timeout=30s)...
2026-08-09 11:25:47,202 - ops243 - DEBUG - [OPS] Hardware trigger: first byte after 5.8s
2026-08-09 11:26:11,377 - ops243 - INFO - [OPS] Hardware trigger: 4 bytes in 30.0s
2026-08-09 11:26:11,377 - openflight.rolling_buffer.trigger - INFO - [TRIGGER] Sound trigger fired, 4 bytes received
2026-08-09 11:26:11,377 - openflight.rolling_buffer.processor - WARNING - [PROCESSOR] Incomplete capture (missing: sample_time, trigger_time, I, Q). Response (4 bytes): '\n\n\n\n'
2026-08-09 11:26:11,577 - ops243 - INFO - [OPS] Re-arm drain: 0 bytes in 0.2s
2026-08-09 11:26:11,928 - ops243 - INFO - [OPS] Rolling buffer re-armed (S#16)
2026-08-09 11:26:11,928 - openflight.rolling_buffer.trigger - WARNING - [TRIGGER] Sound trigger parse failed (4 bytes received)
2026-08-09 11:26:11,929 - openflight.rolling_buffer.trigger - INFO - [TRIGGER] Waiting for sound trigger (timeout=30s)...
2026-08-09 11:26:17,204 - ops243 - DEBUG - [OPS] Hardware trigger: first byte after 5.3s
2026-08-09 11:26:17,860 - openflight.iwr6843.monitor - INFO - [IWR6843] Trigger #13: dumping firmware-frozen L3 ring
2026-08-09 11:26:18,812 - openflight.camera.capture_runtime - INFO - [CAMERA] Capture #13 saved: 60 frames, 287.8fps, gaps=0 -> /home/pacinoj/openflight_sessions/trackman/camera/camera_20260809_112617_860_013
2026-08-09 11:26:19,714 - ops243 - INFO - [OPS] Hardware trigger: 41037 bytes in 7.8s
2026-08-09 11:26:19,714 - openflight.rolling_buffer.trigger - INFO - [TRIGGER] Sound trigger fired, 41037 bytes received
2026-08-09 11:26:20,465 - ops243 - INFO - [OPS] Clock sync: method=integer_rollover offset=1786284952.459s best_read_latency=0.1ms spread=989.1ms rollover_uncertainty=10.9ms (69/69 valid)
2026-08-09 11:26:20,465 - openflight.rolling_buffer.trigger - INFO - [TRIGGER] OPS clock sync selected: fresh offset=1786284952.459183s age=0.0ms (fresh=valid_integer_rollover, previous=valid_integer_rollover, delta=5.4ms)
2026-08-09 11:26:20,666 - ops243 - INFO - [OPS] Re-arm drain: 0 bytes in 0.2s
2026-08-09 11:26:21,017 - ops243 - INFO - [OPS] Rolling buffer re-armed (S#16)
2026-08-09 11:26:21,018 - openflight.rolling_buffer.trigger - INFO - [TRIGGER] Sound trigger wall time 1786289177.858 (source=ops_clock_sync, first byte 1786289177.205, post-trigger 68.5ms)
2026-08-09 11:26:21,018 - openflight.rolling_buffer.trigger - INFO - [TRIGGER] Sound trigger accepted — peak 98.3 mph, 41 outbound readings
2026-08-09 11:26:21,035 - openflight.rolling_buffer.processor - INFO - [PROCESSOR] Ball speed: 98.3 mph (mode-based, 41 outbound readings)
2026-08-09 11:26:21,071 - openflight.rolling_buffer.processor - INFO - [PROCESSOR] Club speed: 82.2 mph at 10.7ms before ball
2026-08-09 11:26:21,071 - openflight.rolling_buffer.processor - INFO - [PROCESSOR] Impact estimate: sound_trigger 68.0ms (speed_delta_below_threshold)
2026-08-09 11:26:21,140 - openflight.rolling_buffer.processor - INFO - [PROCESSOR] Ungated multitaper spin: 3021 RPM, evidence=46.93, fade=32.50 Hz, window=72.9ms
2026-08-09 11:26:21,141 - openflight.rolling_buffer.processor - INFO - [PROCESSOR] Spin result: 3021 RPM, SNR=46.93, quality=experimental
2026-08-09 11:26:21,141 - openflight.rolling_buffer.monitor - INFO - [MONITOR] process_capture: 122.9ms
2026-08-09 11:26:21,141 - openflight.rolling_buffer.monitor - INFO - [MONITOR] Shot detected: ball=98.3 mph, club=82.2, spin=3021
2026-08-09 11:26:21,143 - openflight.server - INFO - [SERVER] Shot callback: 98.3 mph
2026-08-09 11:26:21,143 - openflight.server - INFO - [SERVER] Inclinometer pitch: raw +0.29deg, calibrated +0.03deg, IWR tilt 12.03deg (age 44ms)
2026-08-09 11:26:24,957 - openflight.iwr6843.monitor - INFO - [IWR6843] Capture #13 complete: 732812 bytes in 7.10s
2026-08-09 11:26:25,620 - openflight.iwr6843.club - INFO - [CLUB] track=ops_speed_prior OPS=82.2 mph radial=32.3 m/s ratio=0.88 impact_error=0.062 m inliers=45 rms=0.42 bins
2026-08-09 11:26:25,698 - openflight.server - INFO - [SERVER] IWR6843 TX2 horizontal proxy: -2.46° (coherence 91%, status=hlcmf_v0_accepted)
2026-08-09 11:26:25,698 - openflight.server - INFO - [SERVER] IWR6843 LCMF-v1 launch: 16.79° (40 snapshots/11 frames, component std 0.39°)
2026-08-09 11:26:25,699 - openflight.server - INFO - [SERVER] Camera capture #13 matched -> /home/pacinoj/openflight_sessions/trackman/camera/camera_20260809_112617_860_013
2026-08-09 11:26:25,945 - openflight.server - INFO - [SERVER] Camera-assisted horizontal: selected=-2.46125573682839 camera=None IWR=-2.46125573682839 delta=None status=camera_withheld_fallback_iwr support=0/27
2026-08-09 11:26:26,242 - openflight.server - INFO - [SERVER] Camera/IWR chained club delivery: AoA None path None (status=rejected_no_ball, features=0, speed_ratio=None, velocity_mad=None mph, impact_frame=None)
2026-08-09 11:26:26,242 - openflight.server - INFO - [SERVER] Ball speed cosine correction: 98.3 -> 100.8 mph (LA 16.8)
2026-08-09 11:26:26,242 - openflight.server - INFO - [SERVER] Calculated spin: 3862 rpm (v=100.8 mph, LA=16.8 deg, measured was 3021 rpm)
2026-08-09 11:26:26,264 - openflight.server - INFO - [SERVER] Ballistic carry: 137 yds (spin: 3862 rpm, source: measured)
2026-08-09 11:26:26,265 - openflight.server - INFO - [SERVER] Shot: ball=100.8 mph, carry=124 yds, Launch: 16.8°
2026-08-09 11:26:26,265 - openflight.rolling_buffer.monitor - INFO - [SHOT] #12: ball=100.8 mph, club=82.2, carry=124 yds | trigger=9089ms, process=123ms, callback=5122ms, total=14336ms
2026-08-09 11:26:26,265 - openflight.rolling_buffer.trigger - INFO - [TRIGGER] Waiting for sound trigger (timeout=30s)...
2026-08-09 11:26:32,213 - ops243 - DEBUG - [OPS] Hardware trigger: first byte after 5.9s
2026-08-09 11:26:42,160 - openflight.iwr6843.monitor - INFO - [IWR6843] Trigger #14: dumping firmware-frozen L3 ring
2026-08-09 11:26:43,169 - openflight.camera.capture_runtime - INFO - [CAMERA] Capture #14 saved: 60 frames, 287.8fps, gaps=0 -> /home/pacinoj/openflight_sessions/trackman/camera/camera_20260809_112642_160_014
2026-08-09 11:26:44,009 - ops243 - INFO - [OPS] Hardware trigger: 41037 bytes in 17.7s
2026-08-09 11:26:44,009 - openflight.rolling_buffer.trigger - INFO - [TRIGGER] Sound trigger fired, 41037 bytes received
2026-08-09 11:26:44,470 - ops243 - INFO - [OPS] Clock sync: method=integer_rollover offset=1786284952.465s best_read_latency=0.2ms spread=989.5ms rollover_uncertainty=10.5ms (42/42 valid)
2026-08-09 11:26:44,471 - openflight.rolling_buffer.trigger - INFO - [TRIGGER] OPS clock sync selected: fresh offset=1786284952.465096s age=0.0ms (fresh=valid_integer_rollover, previous=valid_integer_rollover, delta=5.9ms)
2026-08-09 11:26:44,671 - ops243 - INFO - [OPS] Re-arm drain: 0 bytes in 0.2s
2026-08-09 11:26:45,021 - ops243 - INFO - [OPS] Rolling buffer re-armed (S#16)
2026-08-09 11:26:45,024 - openflight.rolling_buffer.trigger - INFO - [TRIGGER] Sound trigger wall time 1786289202.161 (source=ops_clock_sync, first byte 1786289192.213, post-trigger 68.5ms)
2026-08-09 11:26:45,024 - openflight.rolling_buffer.trigger - INFO - [TRIGGER] Sound trigger accepted — peak 108.0 mph, 41 outbound readings
2026-08-09 11:26:45,038 - openflight.rolling_buffer.processor - INFO - [PROCESSOR] Ball speed: 108.0 mph (mode-based, 41 outbound readings)
2026-08-09 11:26:45,076 - openflight.rolling_buffer.processor - INFO - [PROCESSOR] Club speed: 82.4 mph at 10.7ms before ball
2026-08-09 11:26:45,076 - openflight.rolling_buffer.processor - INFO - [PROCESSOR] Impact estimate: OPS transition 64.0ms (club 82.5 mph @ 62.9ms -> ball 105.1 mph @ 65.1ms, delta=22.6 mph)
2026-08-09 11:26:45,078 - openflight.rolling_buffer.processor - INFO - [PROCESSOR] Multitaper repaired 0.02% clipped I/Q samples
2026-08-09 11:26:45,154 - openflight.rolling_buffer.processor - INFO - [PROCESSOR] Ungated multitaper spin: 5109 RPM, evidence=27.43, fade=45.69 Hz, window=69.7ms
2026-08-09 11:26:45,155 - openflight.rolling_buffer.processor - INFO - [PROCESSOR] Spin result: 5109 RPM, SNR=27.43, quality=experimental
2026-08-09 11:26:45,155 - openflight.rolling_buffer.monitor - INFO - [MONITOR] process_capture: 130.5ms
2026-08-09 11:26:45,155 - openflight.rolling_buffer.monitor - INFO - [MONITOR] Shot detected: ball=108.0 mph, club=82.4, spin=5109
2026-08-09 11:26:45,157 - openflight.server - INFO - [SERVER] Shot callback: 108.0 mph
2026-08-09 11:26:45,157 - openflight.server - INFO - [SERVER] Inclinometer pitch: raw +0.35deg, calibrated +0.08deg, IWR tilt 12.08deg (age 80ms)
2026-08-09 11:26:49,259 - openflight.iwr6843.monitor - INFO - [IWR6843] Capture #14 complete: 732812 bytes in 7.10s
2026-08-09 11:26:49,905 - openflight.iwr6843.club - INFO - [CLUB] track=ops_speed_prior OPS=82.4 mph radial=35.4 m/s ratio=0.96 impact_error=0.030 m inliers=43 rms=0.35 bins
2026-08-09 11:26:49,970 - openflight.server - INFO - [SERVER] IWR6843 TX2 horizontal proxy: -5.75° (coherence 86%, status=hlcmf_v0_accepted)
2026-08-09 11:26:49,970 - openflight.server - INFO - [SERVER] IWR6843 LCMF-v1 launch: 17.58° (39 snapshots/11 frames, component std 1.53°)
2026-08-09 11:26:49,970 - openflight.server - INFO - [SERVER] Camera capture #14 matched -> /home/pacinoj/openflight_sessions/trackman/camera/camera_20260809_112642_160_014
2026-08-09 11:26:50,257 - openflight.server - INFO - [SERVER] Camera-assisted horizontal: selected=-5.74823635088024 camera=None IWR=-5.74823635088024 delta=None status=camera_withheld_fallback_iwr support=0/27
2026-08-09 11:26:50,590 - openflight.server - INFO - [SERVER] Camera/IWR chained club delivery: AoA None path None (status=rejected_no_ball, features=0, speed_ratio=None, velocity_mad=None mph, impact_frame=None)
2026-08-09 11:26:50,590 - openflight.server - INFO - [SERVER] Ball speed cosine correction: 108.0 -> 110.6 mph (LA 17.6)
2026-08-09 11:26:50,590 - openflight.server - INFO - [SERVER] Calculated spin: 4471 rpm (v=110.6 mph, LA=17.6 deg, measured was 5109 rpm)
2026-08-09 11:26:50,616 - openflight.server - INFO - [SERVER] Ballistic carry: 162 yds (spin: 4471 rpm, source: measured)
2026-08-09 11:26:50,617 - openflight.server - INFO - [SERVER] Shot: ball=110.6 mph, carry=150 yds, Launch: 17.6°
2026-08-09 11:26:50,617 - openflight.rolling_buffer.monitor - INFO - [SHOT] #13: ball=110.6 mph, club=82.4, carry=150 yds | trigger=18759ms, process=130ms, callback=5460ms, total=24352ms
2026-08-09 11:26:50,617 - openflight.rolling_buffer.trigger - INFO - [TRIGGER] Waiting for sound trigger (timeout=30s)...
2026-08-09 11:27:02,227 - ops243 - DEBUG - [OPS] Hardware trigger: first byte after 11.6s
2026-08-09 11:27:06,058 - openflight.iwr6843.monitor - INFO - [IWR6843] Trigger #15: dumping firmware-frozen L3 ring
2026-08-09 11:27:07,035 - openflight.camera.capture_runtime - INFO - [CAMERA] Capture #15 saved: 60 frames, 287.8fps, gaps=0 -> /home/pacinoj/openflight_sessions/trackman/camera/camera_20260809_112706_058_015
2026-08-09 11:27:07,907 - ops243 - INFO - [OPS] Hardware trigger: 41037 bytes in 17.3s
2026-08-09 11:27:07,907 - openflight.rolling_buffer.trigger - INFO - [TRIGGER] Sound trigger fired, 41037 bytes received
2026-08-09 11:27:08,468 - ops243 - INFO - [OPS] Clock sync: method=integer_rollover offset=1786284952.463s best_read_latency=0.2ms spread=989.3ms rollover_uncertainty=10.7ms (52/52 valid)
2026-08-09 11:27:08,469 - openflight.rolling_buffer.trigger - INFO - [TRIGGER] OPS clock sync selected: fresh offset=1786284952.462933s age=0.0ms (fresh=valid_integer_rollover, previous=valid_integer_rollover, delta=-2.2ms)
2026-08-09 11:27:08,669 - ops243 - INFO - [OPS] Re-arm drain: 0 bytes in 0.2s
2026-08-09 11:27:09,021 - ops243 - INFO - [OPS] Rolling buffer re-armed (S#16)
2026-08-09 11:27:09,022 - openflight.rolling_buffer.trigger - INFO - [TRIGGER] Sound trigger wall time 1786289226.057 (source=ops_clock_sync, first byte 1786289222.227, post-trigger 68.5ms)
2026-08-09 11:27:09,022 - openflight.rolling_buffer.trigger - INFO - [TRIGGER] Sound trigger accepted — peak 110.5 mph, 42 outbound readings
2026-08-09 11:27:09,034 - openflight.rolling_buffer.processor - INFO - [PROCESSOR] Ball speed: 110.5 mph (mode-based, 42 outbound readings)
2026-08-09 11:27:09,078 - openflight.rolling_buffer.processor - INFO - [PROCESSOR] Club speed: 79.1 mph at 11.7ms before ball
2026-08-09 11:27:09,079 - openflight.rolling_buffer.processor - INFO - [PROCESSOR] Impact estimate: OPS transition 64.5ms (club 83.9 mph @ 62.9ms -> ball 107.6 mph @ 66.1ms, delta=23.7 mph)
2026-08-09 11:27:09,140 - openflight.rolling_buffer.processor - INFO - [PROCESSOR] Ungated multitaper spin: 3735 RPM, evidence=28.55, fade=26.25 Hz, window=68.7ms
2026-08-09 11:27:09,140 - openflight.rolling_buffer.processor - INFO - [PROCESSOR] Spin result: 3735 RPM, SNR=28.55, quality=experimental
2026-08-09 11:27:09,141 - openflight.rolling_buffer.monitor - INFO - [MONITOR] process_capture: 118.6ms
2026-08-09 11:27:09,142 - openflight.rolling_buffer.monitor - INFO - [MONITOR] Shot detected: ball=110.5 mph, club=79.1, spin=3735
2026-08-09 11:27:09,144 - openflight.server - INFO - [SERVER] Shot callback: 110.5 mph
2026-08-09 11:27:09,145 - openflight.server - INFO - [SERVER] Inclinometer pitch: raw +0.35deg, calibrated +0.08deg, IWR tilt 12.08deg (age 23ms)
2026-08-09 11:27:13,155 - openflight.iwr6843.monitor - INFO - [IWR6843] Capture #15 complete: 732812 bytes in 7.10s
2026-08-09 11:27:13,811 - openflight.iwr6843.club - INFO - [CLUB] track=ops_speed_prior OPS=79.1 mph radial=31.7 m/s ratio=0.90 impact_error=0.046 m inliers=47 rms=0.32 bins
2026-08-09 11:27:13,892 - openflight.server - INFO - [SERVER] IWR6843 TX2 horizontal proxy: -1.33° (coherence 90%, status=hlcmf_v0_accepted)
2026-08-09 11:27:13,892 - openflight.server - INFO - [SERVER] IWR6843 LCMF-v1 launch: 17.81° (41 snapshots/12 frames, component std 0.53°)
2026-08-09 11:27:13,893 - openflight.server - INFO - [SERVER] Camera capture #15 matched -> /home/pacinoj/openflight_sessions/trackman/camera/camera_20260809_112706_058_015
2026-08-09 11:27:14,155 - openflight.server - INFO - [SERVER] Camera-assisted horizontal: selected=-1.3318554020162356 camera=None IWR=-1.3318554020162356 delta=None status=camera_withheld_fallback_iwr support=0/27
2026-08-09 11:27:14,543 - openflight.server - INFO - [SERVER] Camera/IWR chained club delivery: AoA None path None (status=rejected_no_impact, features=0, speed_ratio=None, velocity_mad=None mph, impact_frame=None)
2026-08-09 11:27:14,544 - openflight.server - INFO - [SERVER] Ball speed cosine correction: 110.5 -> 113.1 mph (LA 17.8)
2026-08-09 11:27:14,544 - openflight.server - INFO - [SERVER] Calculated spin: 4638 rpm (v=113.1 mph, LA=17.8 deg, measured was 3735 rpm)
2026-08-09 11:27:14,570 - openflight.server - INFO - [SERVER] Ballistic carry: 169 yds (spin: 4638 rpm, source: measured)
2026-08-09 11:27:14,571 - openflight.server - INFO - [SERVER] Shot: ball=113.1 mph, carry=157 yds, Launch: 17.8°
2026-08-09 11:27:14,572 - openflight.rolling_buffer.monitor - INFO - [SHOT] #14: ball=113.1 mph, club=79.1, carry=157 yds | trigger=18405ms, process=119ms, callback=5428ms, total=23954ms
2026-08-09 11:27:14,572 - openflight.rolling_buffer.trigger - INFO - [TRIGGER] Waiting for sound trigger (timeout=30s)...
2026-08-09 11:27:17,213 - ops243 - DEBUG - [OPS] Hardware trigger: first byte after 2.6s
2026-08-09 11:27:44,572 - ops243 - INFO - [OPS] Hardware trigger: 4 bytes in 30.0s
2026-08-09 11:27:44,573 - openflight.rolling_buffer.trigger - INFO - [TRIGGER] Sound trigger fired, 4 bytes received
2026-08-09 11:27:44,573 - openflight.rolling_buffer.processor - WARNING - [PROCESSOR] Incomplete capture (missing: sample_time, trigger_time, I, Q). Response (4 bytes): '\n\n\n\n'
2026-08-09 11:27:44,773 - ops243 - INFO - [OPS] Re-arm drain: 0 bytes in 0.2s
2026-08-09 11:27:45,124 - ops243 - INFO - [OPS] Rolling buffer re-armed (S#16)
2026-08-09 11:27:45,124 - openflight.rolling_buffer.trigger - WARNING - [TRIGGER] Sound trigger parse failed (4 bytes received)
2026-08-09 11:27:45,124 - openflight.rolling_buffer.trigger - INFO - [TRIGGER] Waiting for sound trigger (timeout=30s)...
2026-08-09 11:27:47,218 - ops243 - DEBUG - [OPS] Hardware trigger: first byte after 2.1s
2026-08-09 11:28:15,125 - ops243 - INFO - [OPS] Hardware trigger: 4 bytes in 30.0s
2026-08-09 11:28:15,125 - openflight.rolling_buffer.trigger - INFO - [TRIGGER] Sound trigger fired, 4 bytes received
2026-08-09 11:28:15,125 - openflight.rolling_buffer.processor - WARNING - [PROCESSOR] Incomplete capture (missing: sample_time, trigger_time, I, Q). Response (4 bytes): '\n\n\n\n'
2026-08-09 11:28:15,326 - ops243 - INFO - [OPS] Re-arm drain: 0 bytes in 0.2s
2026-08-09 11:28:15,677 - ops243 - INFO - [OPS] Rolling buffer re-armed (S#16)
2026-08-09 11:28:15,677 - openflight.rolling_buffer.trigger - WARNING - [TRIGGER] Sound trigger parse failed (4 bytes received)
2026-08-09 11:28:15,677 - openflight.rolling_buffer.trigger - INFO - [TRIGGER] Waiting for sound trigger (timeout=30s)...
2026-08-09 11:28:17,226 - ops243 - DEBUG - [OPS] Hardware trigger: first byte after 1.5s
2026-08-09 11:28:45,678 - ops243 - INFO - [OPS] Hardware trigger: 4 bytes in 30.0s
2026-08-09 11:28:45,678 - openflight.rolling_buffer.trigger - INFO - [TRIGGER] Sound trigger fired, 4 bytes received
2026-08-09 11:28:45,678 - openflight.rolling_buffer.processor - WARNING - [PROCESSOR] Incomplete capture (missing: sample_time, trigger_time, I, Q). Response (4 bytes): '\n\n\n\n'
2026-08-09 11:28:45,879 - ops243 - INFO - [OPS] Re-arm drain: 0 bytes in 0.2s
2026-08-09 11:28:46,230 - ops243 - INFO - [OPS] Rolling buffer re-armed (S#16)
2026-08-09 11:28:46,231 - openflight.rolling_buffer.trigger - WARNING - [TRIGGER] Sound trigger parse failed (4 bytes received)
2026-08-09 11:28:46,231 - openflight.rolling_buffer.trigger - INFO - [TRIGGER] Waiting for sound trigger (timeout=30s)...
2026-08-09 11:28:47,239 - ops243 - DEBUG - [OPS] Hardware trigger: first byte after 1.0s
2026-08-09 11:29:16,233 - ops243 - INFO - [OPS] Hardware trigger: 4 bytes in 30.0s
2026-08-09 11:29:16,233 - openflight.rolling_buffer.trigger - INFO - [TRIGGER] Sound trigger fired, 4 bytes received
2026-08-09 11:29:16,233 - openflight.rolling_buffer.processor - WARNING - [PROCESSOR] Incomplete capture (missing: sample_time, trigger_time, I, Q). Response (4 bytes): '\n\n\n\n'
2026-08-09 11:29:16,433 - ops243 - INFO - [OPS] Re-arm drain: 0 bytes in 0.2s
2026-08-09 11:29:16,784 - ops243 - INFO - [OPS] Rolling buffer re-armed (S#16)
2026-08-09 11:29:16,784 - openflight.rolling_buffer.trigger - WARNING - [TRIGGER] Sound trigger parse failed (4 bytes received)
2026-08-09 11:29:16,785 - openflight.rolling_buffer.trigger - INFO - [TRIGGER] Waiting for sound trigger (timeout=30s)...
2026-08-09 11:29:17,227 - ops243 - DEBUG - [OPS] Hardware trigger: first byte after 0.4s
2026-08-09 11:29:20,053 - openflight.iwr6843.monitor - INFO - [IWR6843] Trigger #16: dumping firmware-frozen L3 ring
2026-08-09 11:29:21,014 - openflight.camera.capture_runtime - INFO - [CAMERA] Capture #16 saved: 60 frames, 287.9fps, gaps=0 -> /home/pacinoj/openflight_sessions/trackman/camera/camera_20260809_112920_053_016
2026-08-09 11:29:21,903 - ops243 - INFO - [OPS] Hardware trigger: 41037 bytes in 5.1s
2026-08-09 11:29:21,903 - openflight.rolling_buffer.trigger - INFO - [TRIGGER] Sound trigger fired, 41037 bytes received
2026-08-09 11:29:22,480 - ops243 - INFO - [OPS] Clock sync: method=integer_rollover offset=1786284952.474s best_read_latency=0.2ms spread=988.9ms rollover_uncertainty=11.1ms (53/53 valid)
2026-08-09 11:29:22,480 - openflight.rolling_buffer.trigger - INFO - [TRIGGER] OPS clock sync selected: fresh offset=1786284952.474050s age=0.0ms (fresh=valid_integer_rollover, previous=valid_integer_rollover, delta=11.1ms)
2026-08-09 11:29:22,680 - ops243 - INFO - [OPS] Re-arm drain: 0 bytes in 0.2s
2026-08-09 11:29:23,031 - ops243 - INFO - [OPS] Rolling buffer re-armed (S#16)
2026-08-09 11:29:23,031 - openflight.rolling_buffer.trigger - INFO - [TRIGGER] Sound trigger wall time 1786289360.057 (source=ops_clock_sync, first byte 1786289357.228, post-trigger 68.5ms)
2026-08-09 11:29:23,031 - openflight.rolling_buffer.trigger - INFO - [TRIGGER] Sound trigger accepted — peak 98.4 mph, 44 outbound readings
2026-08-09 11:29:23,045 - openflight.rolling_buffer.processor - INFO - [PROCESSOR] Ball speed: 98.4 mph (mode-based, 44 outbound readings)
2026-08-09 11:29:23,088 - openflight.rolling_buffer.processor - INFO - [PROCESSOR] Club speed: 82.7 mph at 10.7ms before ball
2026-08-09 11:29:23,088 - openflight.rolling_buffer.processor - INFO - [PROCESSOR] Impact estimate: sound_trigger 68.0ms (speed_delta_below_threshold)
2026-08-09 11:29:23,169 - openflight.rolling_buffer.processor - INFO - [PROCESSOR] Ungated multitaper spin: 3241 RPM, evidence=28.27, fade=43.46 Hz, window=69.7ms
2026-08-09 11:29:23,169 - openflight.rolling_buffer.processor - INFO - [PROCESSOR] Spin result: 3241 RPM, SNR=28.27, quality=experimental
2026-08-09 11:29:23,169 - openflight.rolling_buffer.monitor - INFO - [MONITOR] process_capture: 137.3ms
2026-08-09 11:29:23,169 - openflight.rolling_buffer.monitor - INFO - [MONITOR] Shot detected: ball=98.4 mph, club=82.7, spin=3241
2026-08-09 11:29:23,171 - openflight.server - INFO - [SERVER] Shot callback: 98.4 mph
2026-08-09 11:29:23,172 - openflight.server - INFO - [SERVER] Inclinometer pitch: raw +0.29deg, calibrated +0.03deg, IWR tilt 12.03deg (age 89ms)
2026-08-09 11:29:27,148 - openflight.iwr6843.monitor - INFO - [IWR6843] Capture #16 complete: 732812 bytes in 7.10s
2026-08-09 11:29:27,757 - openflight.iwr6843.club - INFO - [CLUB] track=ops_speed_prior OPS=82.7 mph radial=31.9 m/s ratio=0.86 impact_error=0.065 m inliers=45 rms=0.38 bins
2026-08-09 11:29:27,818 - openflight.server - INFO - [SERVER] IWR6843 TX2 horizontal proxy: -1.28° (coherence 84%, status=hlcmf_v0_accepted)
2026-08-09 11:29:27,819 - openflight.server - INFO - [SERVER] IWR6843 LCMF-v1 launch: 16.73° (35 snapshots/9 frames, component std 3.10°)
2026-08-09 11:29:27,819 - openflight.server - INFO - [SERVER] Camera capture #16 matched -> /home/pacinoj/openflight_sessions/trackman/camera/camera_20260809_112920_053_016
2026-08-09 11:29:28,070 - openflight.server - INFO - [SERVER] Camera-assisted horizontal: selected=-1.2828358629717869 camera=None IWR=-1.2828358629717869 delta=None status=camera_withheld_fallback_iwr support=0/27
2026-08-09 11:29:28,373 - openflight.server - INFO - [SERVER] Camera/IWR chained club delivery: AoA None path None (status=rejected_no_ball, features=0, speed_ratio=None, velocity_mad=None mph, impact_frame=None)
2026-08-09 11:29:28,373 - openflight.server - INFO - [SERVER] Ball speed cosine correction: 98.4 -> 100.9 mph (LA 16.7)
2026-08-09 11:29:28,373 - openflight.server - INFO - [SERVER] Calculated spin: 3848 rpm (v=100.9 mph, LA=16.7 deg, measured was 3241 rpm)
2026-08-09 11:29:28,396 - openflight.server - INFO - [SERVER] Ballistic carry: 137 yds (spin: 3848 rpm, source: measured)
2026-08-09 11:29:28,397 - openflight.server - INFO - [SERVER] Shot: ball=100.9 mph, carry=125 yds, Launch: 16.7°
2026-08-09 11:29:28,397 - openflight.rolling_buffer.monitor - INFO - [SHOT] #15: ball=100.9 mph, club=82.7, carry=125 yds | trigger=6247ms, process=137ms, callback=5226ms, total=11612ms
2026-08-09 11:29:28,398 - openflight.rolling_buffer.trigger - INFO - [TRIGGER] Waiting for sound trigger (timeout=30s)...
2026-08-09 11:29:32,246 - ops243 - DEBUG - [OPS] Hardware trigger: first byte after 3.8s
2026-08-09 11:29:58,398 - ops243 - INFO - [OPS] Hardware trigger: 4 bytes in 30.0s
2026-08-09 11:29:58,399 - openflight.rolling_buffer.trigger - INFO - [TRIGGER] Sound trigger fired, 4 bytes received
2026-08-09 11:29:58,399 - openflight.rolling_buffer.processor - WARNING - [PROCESSOR] Incomplete capture (missing: sample_time, trigger_time, I, Q). Response (4 bytes): '\n\n\n\n'
2026-08-09 11:29:58,599 - ops243 - INFO - [OPS] Re-arm drain: 0 bytes in 0.2s
2026-08-09 11:29:58,951 - ops243 - INFO - [OPS] Rolling buffer re-armed (S#16)
2026-08-09 11:29:58,951 - openflight.rolling_buffer.trigger - WARNING - [TRIGGER] Sound trigger parse failed (4 bytes received)
2026-08-09 11:29:58,951 - openflight.rolling_buffer.trigger - INFO - [TRIGGER] Waiting for sound trigger (timeout=30s)...
2026-08-09 11:30:02,234 - ops243 - DEBUG - [OPS] Hardware trigger: first byte after 3.3s
2026-08-09 11:30:27,523 - openflight.iwr6843.monitor - INFO - [IWR6843] Trigger #17: dumping firmware-frozen L3 ring
2026-08-09 11:30:28,468 - openflight.camera.capture_runtime - INFO - [CAMERA] Capture #17 saved: 60 frames, 287.9fps, gaps=0 -> /home/pacinoj/openflight_sessions/trackman/camera/camera_20260809_113027_523_017
2026-08-09 11:30:28,952 - ops243 - INFO - [OPS] Hardware trigger: 31279 bytes in 30.0s
2026-08-09 11:30:28,952 - openflight.rolling_buffer.trigger - INFO - [TRIGGER] Sound trigger fired, 31279 bytes received
2026-08-09 11:30:28,953 - openflight.rolling_buffer.processor - WARNING - [PROCESSOR] Incomplete capture (missing: Q). Response (31279 bytes): '\n\n\n\n{"sample_time":4474.986}\r\n{"trigger_time":4475.054}\r\n{"I":[2165,2161,2188,2217,2225,2219,2238,2235,2229,2223,2248,2275,2261,2281,2247,2281,2269,2272,2286,2295,2305,2300,2323,2301,2321,2339,2335,2347,2351,2348,2346,2343,2365,2407,2357,2373,2353,2409,2402,2407,2389,2383,2342,2379,2365,2379,2374,2377,2337,2361,2330,2320,2343,2355,2358,2353,2335,2361,2331,2328,2327,2329,2310,2313,2294,2299,2270,2305,2313,2309,2306,2309,2277,2302,2294,2301,2296,2313,2312,2293,2293,2313,2304,2317,2333,2315,2307,23'...
2026-08-09 11:30:29,754 - ops243 - INFO - [OPS] Re-arm drain: 9760 bytes in 0.8s
2026-08-09 11:30:30,106 - ops243 - INFO - [OPS] Rolling buffer re-armed (S#16)
2026-08-09 11:30:30,106 - openflight.rolling_buffer.trigger - WARNING - [TRIGGER] Sound trigger parse failed (31279 bytes received)
2026-08-09 11:30:30,106 - openflight.rolling_buffer.trigger - INFO - [TRIGGER] Waiting for sound trigger (timeout=30s)...
2026-08-09 11:30:32,241 - ops243 - DEBUG - [OPS] Hardware trigger: first byte after 2.1s
2026-08-09 11:30:34,621 - openflight.iwr6843.monitor - INFO - [IWR6843] Capture #17 complete: 732812 bytes in 7.10s
2026-08-09 11:30:46,536 - openflight.iwr6843.monitor - INFO - [IWR6843] Trigger #18: dumping firmware-frozen L3 ring
2026-08-09 11:30:47,509 - openflight.camera.capture_runtime - INFO - [CAMERA] Capture #18 saved: 60 frames, 287.9fps, gaps=0 -> /home/pacinoj/openflight_sessions/trackman/camera/camera_20260809_113046_536_018
2026-08-09 11:30:48,386 - ops243 - INFO - [OPS] Hardware trigger: 41039 bytes in 18.3s
2026-08-09 11:30:48,386 - openflight.rolling_buffer.trigger - INFO - [TRIGGER] Sound trigger fired, 41039 bytes received
2026-08-09 11:30:48,775 - ops243 - INFO - [OPS] Clock sync: method=integer_rollover offset=1786284952.466s best_read_latency=0.2ms spread=989.1ms rollover_uncertainty=10.9ms (36/36 valid)
2026-08-09 11:30:48,776 - openflight.rolling_buffer.trigger - INFO - [TRIGGER] OPS clock sync selected: fresh offset=1786284952.466045s age=0.0ms (fresh=valid_integer_rollover, previous=valid_integer_rollover, delta=-8.0ms)
2026-08-09 11:30:48,976 - ops243 - INFO - [OPS] Re-arm drain: 0 bytes in 0.2s
2026-08-09 11:30:49,327 - ops243 - INFO - [OPS] Rolling buffer re-armed (S#16)
2026-08-09 11:30:49,327 - openflight.rolling_buffer.trigger - INFO - [TRIGGER] Sound trigger wall time 1786289446.532 (source=ops_clock_sync, first byte 1786289432.241, post-trigger 68.5ms)
2026-08-09 11:30:49,327 - openflight.rolling_buffer.trigger - INFO - [TRIGGER] Sound trigger accepted — peak 102.5 mph, 44 outbound readings
2026-08-09 11:30:49,342 - openflight.rolling_buffer.processor - INFO - [PROCESSOR] Ball speed: 102.5 mph (mode-based, 44 outbound readings)
2026-08-09 11:30:49,384 - openflight.rolling_buffer.processor - INFO - [PROCESSOR] Club speed: 84.2 mph at 18.1ms before ball
2026-08-09 11:30:49,384 - openflight.rolling_buffer.processor - INFO - [PROCESSOR] Impact estimate: sound_trigger 68.0ms (speed_delta_below_threshold)
2026-08-09 11:30:49,437 - openflight.rolling_buffer.processor - INFO - [PROCESSOR] Ungated multitaper spin: 8569 RPM, evidence=3.44, fade=25.00 Hz, window=59.1ms
2026-08-09 11:30:49,438 - openflight.rolling_buffer.processor - INFO - [PROCESSOR] Spin result: 8569 RPM, SNR=3.44, quality=experimental
2026-08-09 11:30:49,438 - openflight.rolling_buffer.monitor - INFO - [MONITOR] process_capture: 110.8ms
2026-08-09 11:30:49,438 - openflight.rolling_buffer.monitor - INFO - [MONITOR] Shot detected: ball=102.5 mph, club=84.2, spin=8569
2026-08-09 11:30:49,440 - openflight.server - INFO - [SERVER] Shot callback: 102.5 mph
2026-08-09 11:30:49,441 - openflight.server - INFO - [SERVER] Inclinometer pitch: raw +0.32deg, calibrated +0.06deg, IWR tilt 12.06deg (age 63ms)
2026-08-09 11:30:49,441 - openflight.iwr6843.monitor - WARNING - [IWR6843] Discarding unmatched capture #17 (edge 1786289427.524, shot 1786289446.532)
2026-08-09 11:30:53,633 - openflight.iwr6843.monitor - INFO - [IWR6843] Capture #18 complete: 732812 bytes in 7.10s
2026-08-09 11:30:54,278 - openflight.iwr6843.club - INFO - [CLUB] track=ops_speed_prior OPS=84.2 mph radial=32.9 m/s ratio=0.87 impact_error=0.063 m inliers=50 rms=0.41 bins
2026-08-09 11:30:54,354 - openflight.server - INFO - [SERVER] IWR6843 TX2 horizontal proxy: 1.22° (coherence 90%, status=hlcmf_v0_accepted)
2026-08-09 11:30:54,354 - openflight.server - INFO - [SERVER] IWR6843 LCMF-v1 launch: 20.58° (41 snapshots/11 frames, component std 0.15°)
2026-08-09 11:30:54,354 - openflight.camera.capture_runtime - WARNING - [CAMERA] Discarding unmatched capture #17 (edge 1786289427.524, shot 1786289446.532)
2026-08-09 11:30:54,355 - openflight.server - INFO - [SERVER] Camera capture #18 matched -> /home/pacinoj/openflight_sessions/trackman/camera/camera_20260809_113046_536_018
2026-08-09 11:30:54,615 - openflight.server - INFO - [SERVER] Camera-assisted horizontal: selected=1.2195096579416296 camera=None IWR=1.2195096579416296 delta=None status=camera_withheld_fallback_iwr support=0/27
2026-08-09 11:30:54,931 - openflight.server - INFO - [SERVER] Camera/IWR chained club delivery: AoA None path None (status=rejected_no_ball, features=0, speed_ratio=None, velocity_mad=None mph, impact_frame=None)
2026-08-09 11:30:54,931 - openflight.server - INFO - [SERVER] Ball speed cosine correction: 102.5 -> 105.5 mph (LA 20.6)
2026-08-09 11:30:54,931 - openflight.server - INFO - [SERVER] Calculated spin: 5113 rpm (v=105.5 mph, LA=20.6 deg, measured was 8569 rpm)
2026-08-09 11:30:54,957 - openflight.server - INFO - [SERVER] Ballistic carry: 156 yds (spin: 5113 rpm, source: measured)
2026-08-09 11:30:54,958 - openflight.server - INFO - [SERVER] Shot: ball=105.5 mph, carry=142 yds, Launch: 20.6°
2026-08-09 11:30:54,959 - openflight.rolling_buffer.monitor - INFO - [SHOT] #16: ball=105.5 mph, club=84.2, carry=142 yds | trigger=19221ms, process=111ms, callback=5518ms, total=24852ms
2026-08-09 11:30:54,959 - openflight.rolling_buffer.trigger - INFO - [TRIGGER] Waiting for sound trigger (timeout=30s)...
2026-08-09 11:31:02,247 - ops243 - DEBUG - [OPS] Hardware trigger: first byte after 7.3s
2026-08-09 11:31:24,742 - openflight.iwr6843.monitor - INFO - [IWR6843] Trigger #19: dumping firmware-frozen L3 ring
2026-08-09 11:31:24,959 - ops243 - INFO - [OPS] Hardware trigger: 3338 bytes in 30.0s
2026-08-09 11:31:24,960 - openflight.rolling_buffer.trigger - INFO - [TRIGGER] Sound trigger fired, 3338 bytes received
2026-08-09 11:31:24,960 - openflight.rolling_buffer.processor - WARNING - [PROCESSOR] Incomplete capture (missing: I, Q). Response (3338 bytes): '\n\n\n\n{"sample_time":4532.205}\r\n{"trigger_time":4532.273}\r\n{"I":[2043,2051,2041,2040,2039,2041,2053,2036,2054,2050,2051,2035,2059,2061,2037,2066,2064,2051,2035,2022,2037,2048,2059,2041,2057,2069,2074,2062,2042,2047,2045,2040,2045,2059,2072,2063,2051,2059,2061,2058,2067,2061,2076,2097,2081,2075,2046,2070,2056,2064,2079,2059,2057,2056,2055,2070,2037,2035,2052,2036,2045,2035,2067,2056,2077,2071,2098,2056,2054,2046,2040,2043,2028,2046,2041,2035,2029,2006,1984,1968,1960,1961,1977,1958,1983,1984,1989,19'...
2026-08-09 11:31:25,946 - openflight.camera.capture_runtime - INFO - [CAMERA] Capture #19 saved: 60 frames, 287.9fps, gaps=0 -> /home/pacinoj/openflight_sessions/trackman/camera/camera_20260809_113124_742_019
2026-08-09 11:31:27,163 - ops243 - INFO - [OPS] Re-arm drain: 37701 bytes in 2.2s
2026-08-09 11:31:27,515 - ops243 - INFO - [OPS] Rolling buffer re-armed (S#16)
2026-08-09 11:31:27,515 - openflight.rolling_buffer.trigger - WARNING - [TRIGGER] Sound trigger parse failed (3338 bytes received)
2026-08-09 11:31:27,515 - openflight.rolling_buffer.trigger - INFO - [TRIGGER] Waiting for sound trigger (timeout=30s)...
2026-08-09 11:31:31,839 - openflight.iwr6843.monitor - INFO - [IWR6843] Capture #19 complete: 732812 bytes in 7.10s
2026-08-09 11:31:32,241 - ops243 - DEBUG - [OPS] Hardware trigger: first byte after 4.7s
2026-08-09 11:31:46,981 - openflight.iwr6843.monitor - INFO - [IWR6843] Trigger #20: dumping firmware-frozen L3 ring
2026-08-09 11:31:48,262 - openflight.camera.capture_runtime - INFO - [CAMERA] Capture #20 saved: 60 frames, 287.9fps, gaps=0 -> /home/pacinoj/openflight_sessions/trackman/camera/camera_20260809_113146_980_020
2026-08-09 11:31:48,830 - ops243 - INFO - [OPS] Hardware trigger: 41039 bytes in 21.3s
2026-08-09 11:31:48,831 - openflight.rolling_buffer.trigger - INFO - [TRIGGER] Sound trigger fired, 41039 bytes received
2026-08-09 11:31:49,474 - ops243 - INFO - [OPS] Clock sync: method=integer_rollover offset=1786284952.469s best_read_latency=0.2ms spread=988.4ms rollover_uncertainty=11.6ms (58/58 valid)
2026-08-09 11:31:49,475 - openflight.rolling_buffer.trigger - INFO - [TRIGGER] OPS clock sync selected: fresh offset=1786284952.468555s age=0.0ms (fresh=valid_integer_rollover, previous=valid_integer_rollover, delta=2.5ms)
2026-08-09 11:31:49,675 - ops243 - INFO - [OPS] Re-arm drain: 0 bytes in 0.2s
2026-08-09 11:31:50,026 - ops243 - INFO - [OPS] Rolling buffer re-armed (S#16)
2026-08-09 11:31:50,027 - openflight.rolling_buffer.trigger - INFO - [TRIGGER] Sound trigger wall time 1786289506.979 (source=ops_clock_sync, first byte 1786289492.241, post-trigger 68.5ms)
2026-08-09 11:31:50,027 - openflight.rolling_buffer.trigger - INFO - [TRIGGER] Sound trigger accepted — peak 109.1 mph, 40 outbound readings
2026-08-09 11:31:50,047 - openflight.rolling_buffer.processor - INFO - [PROCESSOR] Ball speed: 109.1 mph (mode-based, 40 outbound readings)
2026-08-09 11:31:50,103 - openflight.rolling_buffer.processor - INFO - [PROCESSOR] Club speed: 78.6 mph at 11.7ms before ball
2026-08-09 11:31:50,103 - openflight.rolling_buffer.processor - INFO - [PROCESSOR] Impact estimate: OPS transition 64.0ms (club 80.8 mph @ 62.9ms -> ball 106.4 mph @ 65.1ms, delta=25.6 mph)
2026-08-09 11:31:50,105 - openflight.rolling_buffer.processor - INFO - [PROCESSOR] Multitaper repaired 0.02% clipped I/Q samples
2026-08-09 11:31:50,189 - openflight.rolling_buffer.processor - INFO - [PROCESSOR] Ungated multitaper spin: 2747 RPM, evidence=36.00, fade=30.50 Hz, window=68.7ms
2026-08-09 11:31:50,189 - openflight.rolling_buffer.processor - INFO - [PROCESSOR] Spin result: 2747 RPM, SNR=36.00, quality=experimental
2026-08-09 11:31:50,189 - openflight.rolling_buffer.monitor - INFO - [MONITOR] process_capture: 162.6ms
2026-08-09 11:31:50,190 - openflight.rolling_buffer.monitor - INFO - [MONITOR] Shot detected: ball=109.1 mph, club=78.6, spin=2747
2026-08-09 11:31:50,192 - openflight.server - INFO - [SERVER] Shot callback: 109.1 mph
2026-08-09 11:31:50,192 - openflight.server - INFO - [SERVER] Inclinometer pitch: raw +0.35deg, calibrated +0.08deg, IWR tilt 12.08deg (age 10ms)
2026-08-09 11:31:50,192 - openflight.iwr6843.monitor - WARNING - [IWR6843] Discarding unmatched capture #19 (edge 1786289484.742, shot 1786289506.979)
2026-08-09 11:31:54,080 - openflight.iwr6843.monitor - INFO - [IWR6843] Capture #20 complete: 732812 bytes in 7.10s
2026-08-09 11:31:54,883 - openflight.iwr6843.club - INFO - [CLUB] track=ops_speed_prior OPS=78.6 mph radial=35.5 m/s ratio=1.01 impact_error=0.016 m inliers=35 rms=0.28 bins
2026-08-09 11:31:54,961 - openflight.server - INFO - [SERVER] IWR6843 TX2 horizontal proxy: -5.25° (coherence 88%, status=hlcmf_v0_accepted)
2026-08-09 11:31:54,961 - openflight.server - INFO - [SERVER] IWR6843 LCMF-v1 launch: 16.64° (34 snapshots/11 frames, component std 1.13°)
2026-08-09 11:31:54,961 - openflight.camera.capture_runtime - WARNING - [CAMERA] Discarding unmatched capture #19 (edge 1786289484.742, shot 1786289506.979)
2026-08-09 11:31:54,961 - openflight.server - INFO - [SERVER] Camera capture #20 matched -> /home/pacinoj/openflight_sessions/trackman/camera/camera_20260809_113146_980_020
2026-08-09 11:31:55,237 - openflight.server - INFO - [SERVER] Camera-assisted horizontal: selected=-5.251898220534997 camera=None IWR=-5.251898220534997 delta=None status=camera_withheld_fallback_iwr support=0/27
2026-08-09 11:31:55,637 - openflight.server - INFO - [SERVER] Camera/IWR chained club delivery: AoA None path None (status=rejected_no_impact, features=0, speed_ratio=None, velocity_mad=None mph, impact_frame=None)
2026-08-09 11:31:55,637 - openflight.server - INFO - [SERVER] Ball speed cosine correction: 109.1 -> 111.5 mph (LA 16.6)
2026-08-09 11:31:55,637 - openflight.server - INFO - [SERVER] Calculated spin: 4229 rpm (v=111.5 mph, LA=16.6 deg, measured was 2747 rpm)
2026-08-09 11:31:55,663 - openflight.server - INFO - [SERVER] Ballistic carry: 162 yds (spin: 4229 rpm, source: measured)
2026-08-09 11:31:55,664 - openflight.server - INFO - [SERVER] Shot: ball=111.5 mph, carry=151 yds, Launch: 16.6°
2026-08-09 11:31:55,664 - openflight.rolling_buffer.monitor - INFO - [SHOT] #17: ball=111.5 mph, club=78.6, carry=151 yds | trigger=22511ms, process=163ms, callback=5472ms, total=28149ms
2026-08-09 11:31:55,664 - openflight.rolling_buffer.trigger - INFO - [TRIGGER] Waiting for sound trigger (timeout=30s)...
2026-08-09 11:32:02,241 - ops243 - DEBUG - [OPS] Hardware trigger: first byte after 6.6s
2026-08-09 11:32:08,657 - openflight.iwr6843.monitor - INFO - [IWR6843] Trigger #21: dumping firmware-frozen L3 ring
2026-08-09 11:32:09,713 - openflight.camera.capture_runtime - INFO - [CAMERA] Capture #21 saved: 60 frames, 287.9fps, gaps=0 -> /home/pacinoj/openflight_sessions/trackman/camera/camera_20260809_113208_656_021
2026-08-09 11:32:10,508 - ops243 - INFO - [OPS] Hardware trigger: 41037 bytes in 14.8s
2026-08-09 11:32:10,509 - openflight.rolling_buffer.trigger - INFO - [TRIGGER] Sound trigger fired, 41037 bytes received
2026-08-09 11:32:11,467 - ops243 - INFO - [OPS] Clock sync: method=integer_rollover offset=1786284952.461s best_read_latency=0.2ms spread=986.8ms rollover_uncertainty=13.2ms (86/86 valid)
2026-08-09 11:32:11,469 - openflight.rolling_buffer.trigger - INFO - [TRIGGER] OPS clock sync selected: fresh offset=1786284952.460710s age=0.0ms (fresh=valid_integer_rollover, previous=valid_integer_rollover, delta=-7.8ms)
2026-08-09 11:32:11,669 - ops243 - INFO - [OPS] Re-arm drain: 0 bytes in 0.2s
2026-08-09 11:32:12,022 - ops243 - INFO - [OPS] Rolling buffer re-armed (S#16)
2026-08-09 11:32:12,022 - openflight.rolling_buffer.trigger - INFO - [TRIGGER] Sound trigger wall time 1786289528.648 (source=ops_clock_sync, first byte 1786289522.241, post-trigger 68.5ms)
2026-08-09 11:32:12,022 - openflight.rolling_buffer.trigger - INFO - [TRIGGER] Sound trigger accepted — peak 106.9 mph, 43 outbound readings
2026-08-09 11:32:12,043 - openflight.rolling_buffer.processor - INFO - [PROCESSOR] Ball speed: 106.9 mph (mode-based, 43 outbound readings)
2026-08-09 11:32:12,098 - openflight.rolling_buffer.processor - INFO - [PROCESSOR] Club speed: 83.6 mph at 18.1ms before ball
2026-08-09 11:32:12,099 - openflight.rolling_buffer.processor - INFO - [PROCESSOR] Impact estimate: OPS transition 63.5ms (club 85.7 mph @ 57.6ms -> ball 104.1 mph @ 69.3ms, delta=18.3 mph)
2026-08-09 11:32:12,166 - openflight.rolling_buffer.processor - INFO - [PROCESSOR] Ungated multitaper spin: 3845 RPM, evidence=5.33, fade=25.00 Hz, window=64.4ms
2026-08-09 11:32:12,166 - openflight.rolling_buffer.processor - INFO - [PROCESSOR] Spin result: 3845 RPM, SNR=5.33, quality=experimental
2026-08-09 11:32:12,167 - openflight.rolling_buffer.monitor - INFO - [MONITOR] process_capture: 143.7ms
2026-08-09 11:32:12,167 - openflight.rolling_buffer.monitor - INFO - [MONITOR] Shot detected: ball=106.9 mph, club=83.6, spin=3845
2026-08-09 11:32:12,169 - openflight.server - INFO - [SERVER] Shot callback: 106.9 mph
2026-08-09 11:32:12,169 - openflight.server - INFO - [SERVER] Inclinometer pitch: raw +0.29deg, calibrated +0.03deg, IWR tilt 12.03deg (age 38ms)
2026-08-09 11:32:15,756 - openflight.iwr6843.monitor - INFO - [IWR6843] Capture #21 complete: 732812 bytes in 7.10s
2026-08-09 11:32:16,679 - openflight.iwr6843.club - INFO - [CLUB] track=ops_speed_prior OPS=83.6 mph radial=36.8 m/s ratio=0.98 impact_error=0.022 m inliers=27 rms=0.36 bins
2026-08-09 11:32:16,785 - openflight.server - INFO - [SERVER] IWR6843 TX2 horizontal proxy: 0.93° (coherence 88%, status=hlcmf_v0_accepted)
2026-08-09 11:32:16,785 - openflight.server - INFO - [SERVER] IWR6843 LCMF-v1 launch: 21.09° (40 snapshots/11 frames, component std 1.08°)
2026-08-09 11:32:16,785 - openflight.server - INFO - [SERVER] Camera capture #21 matched -> /home/pacinoj/openflight_sessions/trackman/camera/camera_20260809_113208_656_021
2026-08-09 11:32:17,083 - openflight.server - INFO - [SERVER] Camera-assisted horizontal: selected=0.9294367727245325 camera=None IWR=0.9294367727245325 delta=None status=camera_withheld_fallback_iwr support=0/27
2026-08-09 11:32:17,425 - openflight.server - INFO - [SERVER] Camera/IWR chained club delivery: AoA None path None (status=rejected_no_ball, features=0, speed_ratio=None, velocity_mad=None mph, impact_frame=None)
2026-08-09 11:32:17,425 - openflight.server - INFO - [SERVER] Ball speed cosine correction: 106.9 -> 109.9 mph (LA 21.1)
2026-08-09 11:32:17,425 - openflight.server - INFO - [SERVER] Calculated spin: 5477 rpm (v=109.9 mph, LA=21.1 deg, measured was 3845 rpm)
2026-08-09 11:32:17,456 - openflight.server - INFO - [SERVER] Ballistic carry: 166 yds (spin: 5477 rpm, source: measured)
2026-08-09 11:32:17,457 - openflight.server - INFO - [SERVER] Shot: ball=109.9 mph, carry=155 yds, Launch: 21.1°
2026-08-09 11:32:17,457 - openflight.rolling_buffer.monitor - INFO - [SHOT] #18: ball=109.9 mph, club=83.6, carry=155 yds | trigger=16358ms, process=144ms, callback=5288ms, total=21793ms
2026-08-09 11:32:17,457 - openflight.rolling_buffer.trigger - INFO - [TRIGGER] Waiting for sound trigger (timeout=30s)...
2026-08-09 11:32:32,252 - ops243 - DEBUG - [OPS] Hardware trigger: first byte after 14.8s
[7311:7348:0809/113234.532844:ERROR:google_apis/gcm/engine/registration_request.cc:291] Registration response error message: DEPRECATED_ENDPOINT
