day,subset,club,tm_launch_angle_deg,ops_ball_speed_mph,dump_path,radar_height_m,radar_height_in,tilt_deg,tee_m,net_m,tx_order,status,selected_angle_deg,consensus_angle_deg,selected_model,confidence,track_speed_mph,n_frames,n_snapshots,direct_only_deg,two8_deg,reciprocal3_no_tdm_deg,four4_path_tdm_deg
0714,block_a_old_enclosure,9Iron,16.77799999999999,96.9,/Users/john.pacino/openflight_sessions/tm_0714/shot_vB_062.l3dump,0.1524,6.000000000000001,12.0,1.575,5.2,normal,accepted,18.185824447558403,17.56231408467635,direct_only,high,96.37940407058689,7,25,18.185824447558403,17.3459694762112,17.778658693141498,16.893495821454994
0714,block_a_old_enclosure,9Iron,16.77799999999999,96.9,/Users/john.pacino/openflight_sessions/tm_0714/shot_vB_062.l3dump,0.1651,6.5,12.0,1.575,5.2,normal,accepted,18.59316884813298,17.94384324826581,direct_only,high,96.37940407058689,7,25,18.59316884813298,17.734793937129925,18.152892559401696,17.27766936067742
0714,block_a_old_enclosure,9Iron,11.487999999999987,87.6,/Users/john.pacino/openflight_sessions/tm_0714/shot_vB_063.l3dump,0.1524,6.000000000000001,12.0,1.575,5.2,normal,accepted,7.871033691793485,13.233818745540956,two8,medium,88.80717635407886,4,16,10.787491648569967,7.871033691793485,16.243946944985186,15.680145842511946
0714,block_a_old_enclosure,9Iron,11.487999999999987,87.6,/Users/john.pacino/openflight_sessions/tm_0714/shot_vB_063.l3dump,0.1651,6.5,12.0,1.575,5.2,normal,accepted,8.433841593590802,13.194500382924236,two8,medium,88.80717635407886,4,16,11.302216261796328,8.433841593590802,16.622784309002398,15.086784504052146
0714,block_a_old_enclosure,9Iron,20.468999999999983,106.7,/Users/john.pacino/openflight_sessions/tm_0714/shot_vB_064.l3dump,0.1524,6.000000000000001,12.0,1.575,5.2,normal,accepted,19.738567570269037,20.529847315792686,direct_only,high,105.72698063441021,7,22,19.738567570269037,20.14776329983328,20.911931331752097,21.088616765244705
0714,block_a_old_enclosure,9Iron,20.468999999999983,106.7,/Users/john.pacino/openflight_sessions/tm_0714/shot_vB_064.l3dump,0.1651,6.5,12.0,1.575,5.2,normal,accepted,21.237699964073908,20.859802836926193,reciprocal3_no_tdm,high,105.72698063441021,7,22,20.191394083566472,20.488098407983284,21.237699964073908,21.231507265869105
0714,block_a_old_enclosure,9Iron,17.449000000000005,108.0,/Users/john.pacino/openflight_sessions/tm_0714/shot_vB_065.l3dump,0.1524,6.000000000000001,12.0,1.575,5.2,normal,accepted,18.019205117556346,17.71379305501381,direct_only,high,106.1831876849244,7,25,18.019205117556346,18.006410626517454,17.42117548351017,16.30981055857838
0714,block_a_old_enclosure,9Iron,17.449000000000005,108.0,/Users/john.pacino/openflight_sessions/tm_0714/shot_vB_065.l3dump,0.1651,6.5,12.0,1.575,5.2,normal,accepted,18.42039671177978,18.10522933322141,direct_only,high,106.1831876849244,7,25,18.42039671177978,18.417109330812682,17.793349335630133,16.93108378813647
0714,block_a_old_enclosure,9Iron,21.533999999999995,108.5,/Users/john.pacino/openflight_sessions/tm_0714/shot_vB_066.l3dump,0.1524,6.000000000000001,12.0,1.575,5.2,normal,accepted,20.51507283183659,19.949941771709838,four4_path_tdm,medium,107.62977746788948,5,20,19.090344175559526,20.334216161907097,19.565667381512576,20.51507283183659
0714,block_a_old_enclosure,9Iron,21.533999999999995,108.5,/Users/john.pacino/openflight_sessions/tm_0714/shot_vB_066.l3dump,0.1651,6.5,12.0,1.575,5.2,normal,accepted,20.833775132256413,20.44076687662858,four4_path_tdm,medium,107.62977746788948,5,20,19.54138989995501,20.90830060508118,20.04775862100075,20.833775132256413
0714,block_a_old_enclosure,9Iron,21.057999999999993,104.5,/Users/john.pacino/openflight_sessions/tm_0714/shot_vB_067.l3dump,0.1524,6.000000000000001,12.0,1.575,5.2,normal,accepted,20.69065574491856,20.944276232462705,direct_only,high,102.60713702345099,6,22,20.69065574491856,21.197896720006856,20.5637646977236,21.34967327554076
0714,block_a_old_enclosure,9Iron,21.057999999999993,104.5,/Users/john.pacino/openflight_sessions/tm_0714/shot_vB_067.l3dump,0.1651,6.5,12.0,1.575,5.2,normal,accepted,21.153820707512356,21.392569800406914,direct_only,high,102.60713702345099,6,22,21.153820707512356,21.631318893301472,21.033291214719192,21.764716074776032
0714,block_a_old_enclosure,9Iron,5.689999999999997,106.6,/Users/john.pacino/openflight_sessions/tm_0714/shot_vB_068.l3dump,0.1524,6.000000000000001,12.0,1.575,5.2,normal,accepted,-0.9555330176893232,0.4634995974667961,two8,high,106.40613896323171,5,20,1.8825322126229154,-0.9555330176893232,-1.5311770196327115,7.944626065279506
0714,block_a_old_enclosure,9Iron,5.689999999999997,106.6,/Users/john.pacino/openflight_sessions/tm_0714/shot_vB_068.l3dump,0.1651,6.5,12.0,1.575,5.2,normal,accepted,-1.6352701047405227,0.46798065524830856,two8,high,106.40613896323171,5,20,2.4751966926632774,-1.6352701047405227,-1.5392353821666602,7.744248036138473
0714,block_a_old_enclosure,9Iron,21.013999999999996,113.2,/Users/john.pacino/openflight_sessions/tm_0714/shot_vB_069.l3dump,0.1524,6.000000000000001,12.0,1.575,5.2,normal,accepted,21.870292613060922,21.401238352793307,direct_only,low,112.41052938843261,7,19,21.870292613060922,22.047887936539848,20.826947127564914,20.93218409252569
0714,block_a_old_enclosure,9Iron,21.013999999999996,113.2,/Users/john.pacino/openflight_sessions/tm_0714/shot_vB_069.l3dump,0.1651,6.5,12.0,1.575,5.2,normal,accepted,22.24500283041136,21.765719374777582,direct_only,low,112.41052938843261,7,19,22.24500283041136,22.354995832499075,21.13857513927829,21.286435919143806
0714,block_a_old_enclosure,9Iron,22.12999999999998,105.3,/Users/john.pacino/openflight_sessions/tm_0714/shot_vB_070.l3dump,0.1524,6.000000000000001,12.0,1.575,5.2,normal,accepted,22.636297302805694,21.920015987907163,direct_only,high,104.71249169158841,7,22,22.636297302805694,22.485103095378822,21.35492888043551,20.187975767526815
0714,block_a_old_enclosure,9Iron,22.12999999999998,105.3,/Users/john.pacino/openflight_sessions/tm_0714/shot_vB_070.l3dump,0.1651,6.5,12.0,1.575,5.2,normal,accepted,23.008730006363443,22.244510468920872,direct_only,high,104.71249169158841,7,22,23.008730006363443,22.869276114966656,21.619744822875084,20.48079507561781
0714,block_a_old_enclosure,9Iron,21.279999999999987,107.1,/Users/john.pacino/openflight_sessions/tm_0714/shot_vB_071.l3dump,0.1524,6.000000000000001,12.0,1.575,5.2,normal,accepted,20.18291081939456,19.89329825888411,direct_only,high,106.99061756541879,6,18,20.18291081939456,20.5914718014512,19.603685698373656,19.42446734702616
0714,block_a_old_enclosure,9Iron,21.279999999999987,107.1,/Users/john.pacino/openflight_sessions/tm_0714/shot_vB_071.l3dump,0.1651,6.5,12.0,1.575,5.2,normal,accepted,20.553813200620205,20.241731592311403,direct_only,high,106.99061756541879,6,18,20.553813200620205,20.912633075096725,19.9296499840026,19.813099465154313
0714,block_a_old_enclosure,7Iron,1.6789999999999963,77.1,/Users/john.pacino/openflight_sessions/tm_0714/shot_vB_072.l3dump,0.1524,6.000000000000001,12.0,1.575,5.2,normal,accepted,4.407685824596457,9.220084433678931,two8,high,76.08501588408703,8,29,9.126413642087671,4.407685824596457,9.31375522527019,10.238321594506735
0714,block_a_old_enclosure,7Iron,1.6789999999999963,77.1,/Users/john.pacino/openflight_sessions/tm_0714/shot_vB_072.l3dump,0.1651,6.5,12.0,1.575,5.2,normal,accepted,4.9898558081393265,9.764896233352564,two8,high,76.08501588408703,8,29,9.51116111445645,4.9898558081393265,10.01863135224868,10.2620197604837
0714,block_a_old_enclosure,7Iron,18.677999999999987,109.8,/Users/john.pacino/openflight_sessions/tm_0714/shot_vB_073.l3dump,0.1524,6.000000000000001,12.0,1.575,5.2,normal,accepted,19.350041206680974,19.303277228053076,direct_only,high,109.49639866541753,6,20,19.350041206680974,19.264292825064707,19.342261631041442,19.055387402089725
0714,block_a_old_enclosure,7Iron,18.677999999999987,109.8,/Users/john.pacino/openflight_sessions/tm_0714/shot_vB_073.l3dump,0.1651,6.5,12.0,1.575,5.2,normal,accepted,19.65182026704197,19.427894995832858,direct_only,high,109.49639866541753,6,20,19.65182026704197,19.164673728873485,19.77806231903857,19.203969724623747
0714,block_a_old_enclosure,7Iron,16.30699999999998,117.2,/Users/john.pacino/openflight_sessions/tm_0714/shot_vB_074.l3dump,0.1524,6.000000000000001,12.0,1.575,5.2,normal,accepted,17.12881500832109,16.075847711328173,direct_only,high,116.23352113313534,6,18,17.12881500832109,17.128435893328202,15.023259529328143,13.790153726925034
0714,block_a_old_enclosure,7Iron,16.30699999999998,117.2,/Users/john.pacino/openflight_sessions/tm_0714/shot_vB_074.l3dump,0.1651,6.5,12.0,1.575,5.2,normal,accepted,17.50857942182965,16.47297831194766,direct_only,high,116.23352113313534,6,18,17.50857942182965,17.53538042019432,15.437377202065667,14.2917663192564
0714,block_a_old_enclosure,7Iron,17.240999999999993,114.4,/Users/john.pacino/openflight_sessions/tm_0714/shot_vB_075.l3dump,0.1524,6.000000000000001,12.0,1.575,5.2,normal,accepted,18.551816509763494,17.983383848457294,direct_only,high,114.19845882152494,7,22,18.551816509763494,18.783896874246334,17.292608992523558,17.41495118715109
0714,block_a_old_enclosure,7Iron,17.240999999999993,114.4,/Users/john.pacino/openflight_sessions/tm_0714/shot_vB_075.l3dump,0.1651,6.5,12.0,1.575,5.2,normal,accepted,18.862136917894723,18.232143426093693,direct_only,high,114.19845882152494,7,22,18.862136917894723,19.18152948870655,17.57084624391787,17.602149934292665
0714,block_a_old_enclosure,7Iron,12.092000000000013,101.8,/Users/john.pacino/openflight_sessions/tm_0714/shot_vB_076.l3dump,0.1524,6.000000000000001,12.0,1.575,5.2,normal,accepted,11.532893640962788,13.02217878137698,direct_only,high,101.4782903707488,6,21,11.532893640962788,11.546702167234644,15.731805027747207,14.497655395519315
0714,block_a_old_enclosure,7Iron,12.092000000000013,101.8,/Users/john.pacino/openflight_sessions/tm_0714/shot_vB_076.l3dump,0.1651,6.5,12.0,1.575,5.2,normal,accepted,12.026548340659206,13.317155133998476,direct_only,high,101.4782903707488,6,21,12.026548340659206,11.99799822592231,15.54904964994761,14.607761927337748
0714,block_a_old_enclosure,7Iron,13.927999999999987,101.4,/Users/john.pacino/openflight_sessions/tm_0714/shot_vB_077.l3dump,0.1524,6.000000000000001,12.0,1.575,5.2,normal,accepted,19.720263159095726,16.71260955790966,four4_path_tdm,medium,101.36078955487612,6,19,14.586928139135932,12.360995122690909,18.83829097668339,19.720263159095726
0714,block_a_old_enclosure,7Iron,13.927999999999987,101.4,/Users/john.pacino/openflight_sessions/tm_0714/shot_vB_077.l3dump,0.1651,6.5,12.0,1.575,5.2,normal,accepted,20.071206330947632,16.972354570379245,four4_path_tdm,medium,101.36078955487612,6,19,15.042111298165198,12.871482357627523,18.902597842593295,20.071206330947632
0714,block_a_old_enclosure,7Iron,6.121999999999985,71.0,/Users/john.pacino/openflight_sessions/tm_0714/shot_vB_078.l3dump,0.1524,6.000000000000001,12.0,1.575,5.2,normal,accepted,-0.3646132278545139,-1.0972248925843175,direct_only,high,68.53131249109151,5,20,-0.3646132278545139,-2.5496573037252497,-1.8298365573141213,9.891684893166245
0714,block_a_old_enclosure,7Iron,6.121999999999985,71.0,/Users/john.pacino/openflight_sessions/tm_0714/shot_vB_078.l3dump,0.1651,6.5,12.0,1.575,5.2,normal,accepted,0.30488284113873876,-0.764640700776642,direct_only,high,68.53131249109151,5,20,0.30488284113873876,-2.6132132128013645,-1.8341642426920228,10.026841242078545
0714,block_a_old_enclosure,7Iron,15.657999999999998,108.2,/Users/john.pacino/openflight_sessions/tm_0714/shot_vB_079.l3dump,0.1524,6.000000000000001,12.0,1.575,5.2,normal,accepted,12.969802910458348,13.963192180523166,four4_path_tdm,medium,105.81490460027084,7,23,14.441561817892882,13.484822543153447,15.083093012523591,12.969802910458348
0714,block_a_old_enclosure,7Iron,15.657999999999998,108.2,/Users/john.pacino/openflight_sessions/tm_0714/shot_vB_079.l3dump,0.1651,6.5,12.0,1.575,5.2,normal,accepted,13.50985530171636,14.35987618972803,four4_path_tdm,medium,105.81490460027084,7,23,14.803374232727913,13.916378146728148,15.386720623836462,13.50985530171636
0714,block_a_old_enclosure,7Iron,14.687999999999988,103.4,/Users/john.pacino/openflight_sessions/tm_0714/shot_vB_080.l3dump,0.1524,6.000000000000001,12.0,1.575,5.2,normal,rejected_track_quality,,,,withheld,101.14832764207878,0,0,,,,
0714,block_a_old_enclosure,7Iron,14.687999999999988,103.4,/Users/john.pacino/openflight_sessions/tm_0714/shot_vB_080.l3dump,0.1651,6.5,12.0,1.575,5.2,normal,rejected_track_quality,,,,withheld,101.14832764207878,0,0,,,,
0714,block_a_old_enclosure,7Iron,9.146999999999982,106.5,/Users/john.pacino/openflight_sessions/tm_0714/shot_vB_081.l3dump,0.1524,6.000000000000001,12.0,1.575,5.2,normal,accepted,8.097427966033502,8.71428534427266,direct_only,high,105.38835233264828,6,22,8.097427966033502,8.54223892214066,12.439460033003469,8.886331766404659
0714,block_a_old_enclosure,7Iron,9.146999999999982,106.5,/Users/john.pacino/openflight_sessions/tm_0714/shot_vB_081.l3dump,0.1651,6.5,12.0,1.575,5.2,normal,accepted,8.502027262416602,9.0518192409201,direct_only,high,105.38835233264828,6,22,8.502027262416602,8.871349156052858,12.685809688413464,9.23228932578734
0714,block_a_old_enclosure,7Iron,17.27599999999998,105.6,/Users/john.pacino/openflight_sessions/tm_0714/shot_vB_082.l3dump,0.1524,6.000000000000001,12.0,1.575,5.2,normal,accepted,16.657464022975283,17.537327382927884,direct_only,high,104.31702890954612,6,23,16.657464022975283,16.13416488233267,18.417190742880482,19.421430719238067
0714,block_a_old_enclosure,7Iron,17.27599999999998,105.6,/Users/john.pacino/openflight_sessions/tm_0714/shot_vB_082.l3dump,0.1651,6.5,12.0,1.575,5.2,normal,accepted,17.121207147621835,17.851157765369546,direct_only,high,104.31702890954612,6,23,17.121207147621835,16.805353322341393,18.581108383117257,19.516818682630245
0714,block_a_old_enclosure,7Iron,18.87599999999999,108.5,/Users/john.pacino/openflight_sessions/tm_0714/shot_vB_083.l3dump,0.1524,6.000000000000001,12.0,1.575,5.2,normal,accepted,18.776857375829504,18.076353145514204,four4_path_tdm,medium,107.61742893471872,5,20,17.629667320441012,17.16079849891801,18.5230389705874,18.776857375829504
0714,block_a_old_enclosure,7Iron,18.87599999999999,108.5,/Users/john.pacino/openflight_sessions/tm_0714/shot_vB_083.l3dump,0.1651,6.5,12.0,1.575,5.2,normal,accepted,19.597469599421267,18.57650528844281,four4_path_tdm,medium,107.61742893471872,5,20,18.142127039614152,17.789381962656435,19.010883537271468,19.597469599421267
0714,block_a_old_enclosure,7Iron,16.949999999999992,118.6,/Users/john.pacino/openflight_sessions/tm_0714/shot_vB_084.l3dump,0.1524,6.000000000000001,12.0,1.575,5.2,normal,accepted,17.328070048389932,15.366419123804532,direct_only,medium,118.32267526657873,4,16,17.328070048389932,15.468884944746984,15.26395330286208,14.423887953454692
0714,block_a_old_enclosure,7Iron,16.949999999999992,118.6,/Users/john.pacino/openflight_sessions/tm_0714/shot_vB_084.l3dump,0.1651,6.5,12.0,1.575,5.2,normal,accepted,17.8079250753151,16.416097215494258,direct_only,medium,118.32267526657873,4,16,17.8079250753151,15.97134559203421,15.749160550240878,16.860848838954304
0714,block_a_old_enclosure,5Iron,14.677,109.3,/Users/john.pacino/openflight_sessions/tm_0714/shot_vB_086.l3dump,0.1524,6.000000000000001,12.0,1.575,5.2,normal,rejected_track_quality,,,,withheld,106.32515524075211,0,0,,,,
0714,block_a_old_enclosure,5Iron,14.677,109.3,/Users/john.pacino/openflight_sessions/tm_0714/shot_vB_086.l3dump,0.1651,6.5,12.0,1.575,5.2,normal,rejected_track_quality,,,,withheld,106.32515524075211,0,0,,,,
0714,block_a_old_enclosure,5Iron,15.406999999999991,115.2,/Users/john.pacino/openflight_sessions/tm_0714/shot_vB_087.l3dump,0.1524,6.000000000000001,12.0,1.575,5.2,normal,accepted,16.760240460042283,16.620030631963875,direct_only,high,114.36159135414191,6,20,16.760240460042283,16.52248140668094,16.71757985724681,13.421976687052368
0714,block_a_old_enclosure,5Iron,15.406999999999991,115.2,/Users/john.pacino/openflight_sessions/tm_0714/shot_vB_087.l3dump,0.1651,6.5,12.0,1.575,5.2,normal,accepted,17.128902972227525,17.01908109585688,direct_only,high,114.36159135414191,6,20,17.128902972227525,16.941358870480883,17.096803321232876,13.88527703344464
0714,block_a_old_enclosure,5Iron,0.5110000000000001,87.4,/Users/john.pacino/openflight_sessions/tm_0714/shot_vB_088.l3dump,0.1524,6.000000000000001,12.0,1.575,5.2,normal,accepted,0.13059038473720475,0.5661622130305634,two8,medium,96.20403859275085,6,24,-5.0,0.13059038473720475,1.001734041323922,12.302922032748945
0714,block_a_old_enclosure,5Iron,0.5110000000000001,87.4,/Users/john.pacino/openflight_sessions/tm_0714/shot_vB_088.l3dump,0.1651,6.5,12.0,1.575,5.2,normal,accepted,-0.5348745480302155,-0.11206047166441241,two8,high,96.20403859275085,6,24,-5.0,-0.5348745480302155,0.3107536047013907,12.332035324114726
0714,block_a_old_enclosure,5Iron,15.646999999999995,120.2,/Users/john.pacino/openflight_sessions/tm_0714/shot_vB_089.l3dump,0.1524,6.000000000000001,12.0,1.575,5.2,normal,rejected_track_quality,,,,withheld,96.01072339639958,0,0,,,,
0714,block_a_old_enclosure,5Iron,15.646999999999995,120.2,/Users/john.pacino/openflight_sessions/tm_0714/shot_vB_089.l3dump,0.1651,6.5,12.0,1.575,5.2,normal,rejected_track_quality,,,,withheld,96.01072339639958,0,0,,,,
0714,block_a_old_enclosure,5Iron,12.959999999999992,118.3,/Users/john.pacino/openflight_sessions/tm_0714/shot_vB_090.l3dump,0.1524,6.000000000000001,12.0,1.575,5.2,normal,rejected_track_quality,,,,withheld,113.10588395483916,0,0,,,,
0714,block_a_old_enclosure,5Iron,12.959999999999992,118.3,/Users/john.pacino/openflight_sessions/tm_0714/shot_vB_090.l3dump,0.1651,6.5,12.0,1.575,5.2,normal,rejected_track_quality,,,,withheld,113.10588395483916,0,0,,,,
0714,block_a_old_enclosure,5Iron,9.892999999999994,103.0,/Users/john.pacino/openflight_sessions/tm_0714/shot_vB_091.l3dump,0.1524,6.000000000000001,12.0,1.575,5.2,normal,accepted,10.21053347741969,11.998965549418777,two8,medium,103.34011169784594,6,22,10.569227487527424,10.21053347741969,14.697790847125642,13.428703611310132
0714,block_a_old_enclosure,5Iron,9.892999999999994,103.0,/Users/john.pacino/openflight_sessions/tm_0714/shot_vB_091.l3dump,0.1651,6.5,12.0,1.575,5.2,normal,accepted,10.625540106759093,12.319105755666488,two8,medium,103.34011169784594,6,22,10.885374453636313,10.625540106759093,14.920774935922385,13.752837057696663
0714,block_a_old_enclosure,5Iron,10.917999999999983,105.2,/Users/john.pacino/openflight_sessions/tm_0714/shot_vB_092.l3dump,0.1524,6.000000000000001,12.0,1.575,5.2,normal,accepted,8.642286880754288,8.707067656902321,direct_only,high,103.20424075080244,5,19,8.642286880754288,8.771848433050355,10.055859446387117,5.53693188815048
0714,block_a_old_enclosure,5Iron,10.917999999999983,105.2,/Users/john.pacino/openflight_sessions/tm_0714/shot_vB_092.l3dump,0.1651,6.5,12.0,1.575,5.2,normal,accepted,9.23354243297915,9.301332250397959,direct_only,high,103.20424075080244,5,19,9.23354243297915,9.369122067816768,10.321912321931203,6.110163683229047
0714,block_a_old_enclosure,5Iron,1.5239999999999743,89.2,/Users/john.pacino/openflight_sessions/tm_0714/shot_vB_093.l3dump,0.1524,6.000000000000001,12.0,1.575,5.2,normal,accepted,-2.6021908826310476,-1.0299853478405863,two8,high,85.59811345959726,5,20,0.5422201869498752,-2.6021908826310476,-5.0,5.964812115304585
0714,block_a_old_enclosure,5Iron,1.5239999999999743,89.2,/Users/john.pacino/openflight_sessions/tm_0714/shot_vB_093.l3dump,0.1651,6.5,12.0,1.575,5.2,normal,accepted,1.1959299499258118,-0.785558045154189,direct_only,high,85.59811345959726,5,20,1.1959299499258118,-2.76704604023419,-5.0,5.936493848462408
0714,block_a_old_enclosure,5Iron,13.115999999999982,126.6,/Users/john.pacino/openflight_sessions/tm_0714/shot_vB_094.l3dump,0.1524,6.000000000000001,12.0,1.575,5.2,normal,accepted,15.191833101510502,14.597516942967959,four4_path_tdm,medium,126.1180234075728,5,20,14.003200784425415,10.848214164667032,18.7156863773735,15.191833101510502
0714,block_a_old_enclosure,5Iron,13.115999999999982,126.6,/Users/john.pacino/openflight_sessions/tm_0714/shot_vB_094.l3dump,0.1651,6.5,12.0,1.575,5.2,normal,accepted,15.40770217037411,14.944140871816959,four4_path_tdm,medium,126.1180234075728,5,20,14.480579573259808,11.435250236378542,18.8046011254313,15.40770217037411
0714,block_a_old_enclosure,5Iron,14.271999999999982,111.7,/Users/john.pacino/openflight_sessions/tm_0714/shot_vB_095.l3dump,0.1524,6.000000000000001,12.0,1.575,5.2,normal,accepted,16.364111007163558,15.056798655622849,direct_only,high,109.08463465744676,6,24,16.364111007163558,15.008518771267912,15.105078539977786,14.971900159799398
0714,block_a_old_enclosure,5Iron,14.271999999999982,111.7,/Users/john.pacino/openflight_sessions/tm_0714/shot_vB_095.l3dump,0.1651,6.5,12.0,1.575,5.2,normal,accepted,16.84970578099189,15.443870129197393,direct_only,high,109.08463465744676,6,24,16.84970578099189,15.617736402459919,15.12254122366891,15.270003855934865
0714,block_a_old_enclosure,5Iron,14.196999999999997,126.4,/Users/john.pacino/openflight_sessions/tm_0714/shot_vB_096.l3dump,0.1524,6.000000000000001,12.0,1.575,5.2,normal,accepted,14.739440125547638,14.042176015678521,direct_only,medium,125.66980085088007,4,16,14.739440125547638,13.344911905809402,17.725518976274028,11.997263992725994
0714,block_a_old_enclosure,5Iron,14.196999999999997,126.4,/Users/john.pacino/openflight_sessions/tm_0714/shot_vB_096.l3dump,0.1651,6.5,12.0,1.575,5.2,normal,accepted,15.174495485885014,14.538353502551889,direct_only,medium,125.66980085088007,4,16,15.174495485885014,13.902211519218762,17.89627449678081,12.240057408707713
0714,block_a_old_enclosure,5Iron,14.368000000000002,124.3,/Users/john.pacino/openflight_sessions/tm_0714/shot_vB_097.l3dump,0.1524,6.000000000000001,12.0,1.575,5.2,normal,accepted,13.149180697178407,14.004843839037624,direct_only,medium,123.57864081187128,4,16,13.149180697178407,10.550702625233656,18.29291533361579,14.860506980896842
0714,block_a_old_enclosure,5Iron,14.368000000000002,124.3,/Users/john.pacino/openflight_sessions/tm_0714/shot_vB_097.l3dump,0.1651,6.5,12.0,1.575,5.2,normal,accepted,13.610808736057496,14.3812989614757,direct_only,medium,123.57864081187128,4,16,13.610808736057496,11.352192884515414,18.5305350479447,15.151789186893906
0714,block_a_old_enclosure,5Iron,14.74200000000001,128.7,/Users/john.pacino/openflight_sessions/tm_0714/shot_vB_098.l3dump,0.1524,6.000000000000001,12.0,1.575,5.2,normal,accepted,16.110822813895226,15.510960194603651,direct_only,high,127.90247894591084,5,17,16.110822813895226,16.08268995532236,13.798508282541272,14.939230433884944
0714,block_a_old_enclosure,5Iron,14.74200000000001,128.7,/Users/john.pacino/openflight_sessions/tm_0714/shot_vB_098.l3dump,0.1651,6.5,12.0,1.575,5.2,normal,accepted,16.510836546978116,15.88609765685706,direct_only,high,127.90247894591084,5,17,16.510836546978116,16.49856966262469,14.23869483956002,15.273625651089434
0714,block_a_old_enclosure,5Iron,14.71499999999999,127.5,/Users/john.pacino/openflight_sessions/tm_0714/shot_vB_099.l3dump,0.1524,6.000000000000001,12.0,1.575,5.2,normal,accepted,13.084656474373288,14.854282383569775,direct_only,medium,126.69737101417944,5,19,13.084656474373288,12.810601489189617,16.623908292766263,18.02744919434996
0714,block_a_old_enclosure,5Iron,14.71499999999999,127.5,/Users/john.pacino/openflight_sessions/tm_0714/shot_vB_099.l3dump,0.1651,6.5,12.0,1.575,5.2,normal,accepted,13.501993068144962,15.204769435509064,direct_only,high,126.69737101417944,5,19,13.501993068144962,13.2402382493163,16.907545802873166,18.20280464394859
0714,block_a_old_enclosure,5Iron,16.019999999999992,121.0,/Users/john.pacino/openflight_sessions/tm_0714/shot_vB_100.l3dump,0.1524,6.000000000000001,12.0,1.575,5.2,normal,accepted,14.063150786851201,15.840807600999607,direct_only,medium,121.08770335550237,4,15,14.063150786851201,13.31248586634177,17.61846441514801,18.569024795429325
0714,block_a_old_enclosure,5Iron,16.019999999999992,121.0,/Users/john.pacino/openflight_sessions/tm_0714/shot_vB_100.l3dump,0.1651,6.5,12.0,1.575,5.2,normal,accepted,14.523352911154262,16.249753231342414,direct_only,medium,121.08770335550237,4,15,14.523352911154262,13.78398585960288,17.976153551530565,18.901872550682523
0714,block_a_old_enclosure,5Iron,14.392000000000003,124.5,/Users/john.pacino/openflight_sessions/tm_0714/shot_vB_101.l3dump,0.1524,6.000000000000001,12.0,1.575,5.2,normal,accepted,16.297104416088317,16.604424374051888,direct_only,medium,124.70652741594922,4,16,16.297104416088317,15.605022552907958,17.199125242683298,16.911744332015456
0714,block_a_old_enclosure,5Iron,14.392000000000003,124.5,/Users/john.pacino/openflight_sessions/tm_0714/shot_vB_101.l3dump,0.1651,6.5,12.0,1.575,5.2,normal,accepted,16.754013785168617,16.98174245869575,direct_only,medium,124.70652741594922,4,16,16.754013785168617,16.16607303447561,17.608522013456188,17.209471132222884
0714,block_a_old_enclosure,5Iron,15.962999999999989,119.0,/Users/john.pacino/openflight_sessions/tm_0714/shot_vB_102.l3dump,0.1524,6.000000000000001,12.0,1.575,5.2,normal,accepted,12.70132880666863,13.993939016962276,direct_only,medium,118.59405239233638,4,16,12.70132880666863,11.208905408064673,15.286549227255922,17.583561404292585
0714,block_a_old_enclosure,5Iron,15.962999999999989,119.0,/Users/john.pacino/openflight_sessions/tm_0714/shot_vB_102.l3dump,0.1651,6.5,12.0,1.575,5.2,normal,accepted,13.222908923271106,14.437394759328312,direct_only,medium,118.59405239233638,4,16,13.222908923271106,11.81821042420715,15.651880595385517,17.938973264281856
0714,block_a_old_enclosure,Driver,10.004000000000007,145.2,/Users/john.pacino/openflight_sessions/tm_0714/shot_vB_103.l3dump,0.1524,6.000000000000001,12.0,1.575,5.2,normal,accepted,11.814788636098772,13.364942768797604,direct_only,low,145.4956079146131,3,12,11.814788636098772,11.04366021091408,14.915096901496435,15.838443293868902
0714,block_a_old_enclosure,Driver,10.004000000000007,145.2,/Users/john.pacino/openflight_sessions/tm_0714/shot_vB_103.l3dump,0.1651,6.5,12.0,1.575,5.2,normal,accepted,12.370491019497726,13.678317491700938,direct_only,low,145.4956079146131,3,12,12.370491019497726,11.711178591789476,14.98614396390415,16.020423112141838
0714,block_a_old_enclosure,Driver,17.990000000000002,134.2,/Users/john.pacino/openflight_sessions/tm_0714/shot_vB_104.l3dump,0.1524,6.000000000000001,12.0,1.575,5.2,normal,rejected_track_quality,,,,withheld,131.35814586249927,0,0,,,,
0714,block_a_old_enclosure,Driver,17.990000000000002,134.2,/Users/john.pacino/openflight_sessions/tm_0714/shot_vB_104.l3dump,0.1651,6.5,12.0,1.575,5.2,normal,rejected_track_quality,,,,withheld,131.35814586249927,0,0,,,,
0714,block_a_old_enclosure,Driver,5.857999999999973,139.9,/Users/john.pacino/openflight_sessions/tm_0714/shot_vB_105.l3dump,0.1524,6.000000000000001,12.0,1.575,5.2,normal,accepted,7.010794783998974,5.649425902996027,direct_only,high,139.77223722814475,5,20,7.010794783998974,6.003699735488068,-1.4357428971737738,5.295152070503986
0714,block_a_old_enclosure,Driver,5.857999999999973,139.9,/Users/john.pacino/openflight_sessions/tm_0714/shot_vB_105.l3dump,0.1651,6.5,12.0,1.575,5.2,normal,accepted,7.449203251358683,6.2034118616455896,direct_only,high,139.77223722814475,5,20,7.449203251358683,6.540568618387044,-1.4752760862316354,5.866255104904135
0714,block_a_old_enclosure,Driver,12.557000000000004,151.0,/Users/john.pacino/openflight_sessions/tm_0714/shot_vB_106.l3dump,0.1524,6.000000000000001,12.0,1.575,5.2,normal,rejected_track_quality,,,,withheld,148.25649795020337,0,0,,,,
0714,block_a_old_enclosure,Driver,12.557000000000004,151.0,/Users/john.pacino/openflight_sessions/tm_0714/shot_vB_106.l3dump,0.1651,6.5,12.0,1.575,5.2,normal,rejected_track_quality,,,,withheld,148.25649795020337,0,0,,,,
0714,block_a_old_enclosure,Driver,17.058999999999973,140.6,/Users/john.pacino/openflight_sessions/tm_0714/shot_vB_109.l3dump,0.1524,6.000000000000001,12.0,1.575,5.2,normal,rejected_track_quality,,,,withheld,134.01113153425428,0,0,,,,
0714,block_a_old_enclosure,Driver,17.058999999999973,140.6,/Users/john.pacino/openflight_sessions/tm_0714/shot_vB_109.l3dump,0.1651,6.5,12.0,1.575,5.2,normal,rejected_track_quality,,,,withheld,134.01113153425428,0,0,,,,
0714,block_a_old_enclosure,Driver,14.276000000000021,149.3,/Users/john.pacino/openflight_sessions/tm_0714/shot_vB_110.l3dump,0.1524,6.000000000000001,12.0,1.575,5.2,normal,rejected_track_quality,,,,withheld,141.96530680486603,0,0,,,,
0714,block_a_old_enclosure,Driver,14.276000000000021,149.3,/Users/john.pacino/openflight_sessions/tm_0714/shot_vB_110.l3dump,0.1651,6.5,12.0,1.575,5.2,normal,rejected_track_quality,,,,withheld,141.96530680486603,0,0,,,,
0714,block_a_old_enclosure,Driver,10.58699999999998,144.1,/Users/john.pacino/openflight_sessions/tm_0714/shot_vB_111.l3dump,0.1524,6.000000000000001,12.0,1.575,5.2,normal,insufficient_candidate_snapshots,,,,withheld,142.41100919455877,0,0,,,,
0714,block_a_old_enclosure,Driver,10.58699999999998,144.1,/Users/john.pacino/openflight_sessions/tm_0714/shot_vB_111.l3dump,0.1651,6.5,12.0,1.575,5.2,normal,insufficient_candidate_snapshots,,,,withheld,142.41100919455877,0,0,,,,
0714,block_a_old_enclosure,Driver,10.008999999999974,150.6,/Users/john.pacino/openflight_sessions/tm_0714/shot_vB_112.l3dump,0.1524,6.000000000000001,12.0,1.575,5.2,normal,accepted,14.891292969812403,17.692516443959082,direct_only,low,149.23497347435992,3,12,14.891292969812403,12.691726643600806,23.05804095998498,20.493739918105764
0714,block_a_old_enclosure,Driver,10.008999999999974,150.6,/Users/john.pacino/openflight_sessions/tm_0714/shot_vB_112.l3dump,0.1651,6.5,12.0,1.575,5.2,normal,accepted,15.844467473894328,18.313017149485983,direct_only,low,149.23497347435992,3,12,15.844467473894328,13.648680938924752,22.694170845042024,20.781566825077636
0714,block_a_old_enclosure,Driver,13.960999999999997,143.4,/Users/john.pacino/openflight_sessions/tm_0714/shot_vB_113.l3dump,0.1524,6.000000000000001,12.0,1.575,5.2,normal,accepted,14.782180563981317,14.81414558989886,direct_only,high,142.1067194917694,5,16,14.782180563981317,14.846110615816404,15.499773538120161,13.632567395677015
0714,block_a_old_enclosure,Driver,13.960999999999997,143.4,/Users/john.pacino/openflight_sessions/tm_0714/shot_vB_113.l3dump,0.1651,6.5,12.0,1.575,5.2,normal,accepted,15.196769856154567,15.233007764485583,direct_only,high,142.1067194917694,5,16,15.196769856154567,15.269245672816599,15.9576529377656,14.136183112618454
0714,block_a_old_enclosure,Driver,14.620999999999993,150.2,/Users/john.pacino/openflight_sessions/tm_0714/shot_vB_114.l3dump,0.1524,6.000000000000001,12.0,1.575,5.2,normal,accepted,17.587147105738875,16.976805712849533,direct_only,high,148.57638073214247,5,18,17.587147105738875,17.472518114609507,15.937102103880063,16.48109331108956
0714,block_a_old_enclosure,Driver,14.620999999999993,150.2,/Users/john.pacino/openflight_sessions/tm_0714/shot_vB_114.l3dump,0.1651,6.5,12.0,1.575,5.2,normal,accepted,17.97227761976109,17.34659871408958,direct_only,high,148.57638073214247,5,18,17.97227761976109,17.831051194374517,16.418552365802714,16.862146233804644
0714,block_a_old_enclosure,SandWedge,31.661999999999985,66.4,/Users/john.pacino/openflight_sessions/tm_0714/shot_vB_115.l3dump,0.1524,6.000000000000001,12.0,1.575,5.2,normal,accepted,31.79698672058395,31.56442695495716,direct_only,high,64.50710318730692,7,28,31.79698672058395,32.01078624886566,31.33186718933037,31.044087727373864
0714,block_a_old_enclosure,SandWedge,31.661999999999985,66.4,/Users/john.pacino/openflight_sessions/tm_0714/shot_vB_115.l3dump,0.1651,6.5,12.0,1.575,5.2,normal,accepted,32.17168069203288,31.951749538830256,direct_only,high,64.50710318730692,7,28,32.17168069203288,32.4008276257451,31.731818385627637,31.549091526564926
0714,block_a_old_enclosure,SandWedge,29.217000000000002,69.4,/Users/john.pacino/openflight_sessions/tm_0714/shot_vB_116.l3dump,0.1524,6.000000000000001,12.0,1.575,5.2,normal,rejected_track_quality,,,,withheld,68.3475808944065,0,0,,,,
0714,block_a_old_enclosure,SandWedge,29.217000000000002,69.4,/Users/john.pacino/openflight_sessions/tm_0714/shot_vB_116.l3dump,0.1651,6.5,12.0,1.575,5.2,normal,rejected_track_quality,,,,withheld,68.3475808944065,0,0,,,,
0714,block_a_old_enclosure,SandWedge,30.729999999999986,73.9,/Users/john.pacino/openflight_sessions/tm_0714/shot_vB_117.l3dump,0.1524,6.000000000000001,12.0,1.575,5.2,normal,accepted,30.363026244054684,29.835142890870404,direct_only,high,69.80423799211137,5,20,30.363026244054684,30.59247403573765,29.307259537686125,28.165132314929703
0714,block_a_old_enclosure,SandWedge,30.729999999999986,73.9,/Users/john.pacino/openflight_sessions/tm_0714/shot_vB_117.l3dump,0.1651,6.5,12.0,1.575,5.2,normal,accepted,30.842452877321936,30.272125978573726,direct_only,high,69.80423799211137,5,20,30.842452877321936,30.988996998846048,29.701799079825513,28.69135317945501
0714,block_a_old_enclosure,SandWedge,33.168000000000006,70.2,/Users/john.pacino/openflight_sessions/tm_0714/shot_vB_118.l3dump,0.1524,6.000000000000001,12.0,1.575,5.2,normal,accepted,33.07891685022471,33.15296271012153,direct_only,high,62.09925299506705,7,25,33.07891685022471,33.94755971362667,32.84845434674241,33.22700857001835
0714,block_a_old_enclosure,SandWedge,33.168000000000006,70.2,/Users/john.pacino/openflight_sessions/tm_0714/shot_vB_118.l3dump,0.1651,6.5,12.0,1.575,5.2,normal,accepted,33.52958204076651,33.522081646360434,direct_only,high,62.09925299506705,7,25,33.52958204076651,34.276826798371275,33.22819619482019,33.514581251954354
0714,block_a_old_enclosure,SandWedge,26.353999999999992,71.9,/Users/john.pacino/openflight_sessions/tm_0714/shot_vB_119.l3dump,0.1524,6.000000000000001,12.0,1.575,5.2,normal,accepted,28.595902019499814,26.990626046158805,direct_only,high,70.37153857531413,6,24,28.595902019499814,28.865269546790508,25.385350072817797,25.08802165755787
0714,block_a_old_enclosure,SandWedge,26.353999999999992,71.9,/Users/john.pacino/openflight_sessions/tm_0714/shot_vB_119.l3dump,0.1651,6.5,12.0,1.575,5.2,normal,accepted,29.02366616892661,27.384117743755358,direct_only,high,70.37153857531413,6,24,29.02366616892661,29.233525354310128,25.744569318584105,25.602780953039495
0714,block_a_old_enclosure,SandWedge,27.744999999999997,67.4,/Users/john.pacino/openflight_sessions/tm_0714/shot_vB_120.l3dump,0.1524,6.000000000000001,12.0,1.575,5.2,normal,accepted,27.8352397819025,27.782140263094085,direct_only,high,65.01421660181312,7,28,27.8352397819025,28.278712407945516,27.729040744285665,25.01968014440647
0714,block_a_old_enclosure,SandWedge,27.744999999999997,67.4,/Users/john.pacino/openflight_sessions/tm_0714/shot_vB_120.l3dump,0.1651,6.5,12.0,1.575,5.2,normal,accepted,28.160722027532852,28.049254130017424,direct_only,high,65.01421660181312,7,28,28.160722027532852,28.677356909966957,27.937786232501995,25.496389314731275
0714,block_a_old_enclosure,SandWedge,24.805000000000007,66.2,/Users/john.pacino/openflight_sessions/tm_0714/shot_vB_121.l3dump,0.1524,6.000000000000001,12.0,1.575,5.2,normal,accepted,24.564678429610193,24.71233395372395,direct_only,high,65.80335141003339,6,24,24.564678429610193,24.859989477837704,25.506197435267698,24.242370263315014
0714,block_a_old_enclosure,SandWedge,24.805000000000007,66.2,/Users/john.pacino/openflight_sessions/tm_0714/shot_vB_121.l3dump,0.1651,6.5,12.0,1.575,5.2,normal,accepted,25.03105649512092,25.2009435720385,direct_only,high,65.80335141003339,6,24,25.03105649512092,25.37083064895608,25.954417666075514,24.679528217337435
0714,block_a_old_enclosure,SandWedge,31.036999999999985,65.9,/Users/john.pacino/openflight_sessions/tm_0714/shot_vB_122.l3dump,0.1524,6.000000000000001,12.0,1.575,5.2,normal,accepted,30.91967437714757,30.851280594350044,direct_only,high,59.31277831978292,6,24,30.91967437714757,31.0896448523191,30.782886811552522,30.36148457783242
0714,block_a_old_enclosure,SandWedge,31.036999999999985,65.9,/Users/john.pacino/openflight_sessions/tm_0714/shot_vB_122.l3dump,0.1651,6.5,12.0,1.575,5.2,normal,accepted,31.389522496780142,31.337649049367357,direct_only,high,59.31277831978292,6,24,31.389522496780142,31.555634488374857,31.28577560195457,30.81813915882037
0714,block_a_old_enclosure,SandWedge,29.30099999999999,77.9,/Users/john.pacino/openflight_sessions/tm_0714/shot_vB_123.l3dump,0.1524,6.000000000000001,12.0,1.575,5.2,normal,accepted,27.343878984758426,28.428308672615103,four4_path_tdm,medium,75.06425904880476,8,29,28.78345226716682,29.097975992936036,28.07316507806339,27.343878984758426
0714,block_a_old_enclosure,SandWedge,29.30099999999999,77.9,/Users/john.pacino/openflight_sessions/tm_0714/shot_vB_123.l3dump,0.1651,6.5,12.0,1.575,5.2,normal,accepted,29.161539181488614,28.833121753959,direct_only,high,75.06425904880476,8,29,29.161539181488614,29.550456262340724,28.50470432642938,27.68679790372849
0714,block_a_old_enclosure,SandWedge,28.975,80.3,/Users/john.pacino/openflight_sessions/tm_0714/shot_vB_124.l3dump,0.1524,6.000000000000001,12.0,1.575,5.2,normal,accepted,28.89070467872135,29.17377295294092,direct_only,high,75.310115006831,6,24,28.89070467872135,29.752762279958066,29.45684122716049,27.22018919828971
0714,block_a_old_enclosure,SandWedge,28.975,80.3,/Users/john.pacino/openflight_sessions/tm_0714/shot_vB_124.l3dump,0.1651,6.5,12.0,1.575,5.2,normal,accepted,29.304768050153275,29.606055174930805,direct_only,high,75.310115006831,6,24,29.304768050153275,30.207723768396253,29.907342299708336,27.596588179789812
0717,normal_tx,9Iron,19.072999999999993,113.1,/Users/john.pacino/Projects/openflight/artifacts/pi_sync_20260717/openflight_sessions/iwr6843/iwr6843_20260717_112928_947_001.l3dump,0.1524,6.000000000000001,10.40495,1.655,5.156,normal,accepted,20.836874707891656,20.752566882668322,direct_only,high,109.70275764130167,6,24,20.836874707891656,20.860898555731357,20.66825905744499,20.174211353860194
0717,normal_tx,9Iron,19.072999999999993,113.1,/Users/john.pacino/Projects/openflight/artifacts/pi_sync_20260717/openflight_sessions/iwr6843/iwr6843_20260717_112928_947_001.l3dump,0.1651,6.5,10.40495,1.655,5.156,normal,accepted,21.119357094323036,21.046121544481878,direct_only,high,109.70275764130167,6,24,21.119357094323036,21.170520388932076,20.972885994640723,20.318120578825663
0717,normal_tx,9Iron,19.63100000000001,108.9,/Users/john.pacino/Projects/openflight/artifacts/pi_sync_20260717/openflight_sessions/iwr6843/iwr6843_20260717_112946_449_002.l3dump,0.1524,6.000000000000001,10.40495,1.655,5.156,normal,rejected_track_quality,,,,withheld,101.82517026231329,0,0,,,,
0717,normal_tx,9Iron,19.63100000000001,108.9,/Users/john.pacino/Projects/openflight/artifacts/pi_sync_20260717/openflight_sessions/iwr6843/iwr6843_20260717_112946_449_002.l3dump,0.1651,6.5,10.40495,1.655,5.156,normal,rejected_track_quality,,,,withheld,101.82517026231329,0,0,,,,
0717,normal_tx,9Iron,19.155999999999995,113.6,/Users/john.pacino/Projects/openflight/artifacts/pi_sync_20260717/openflight_sessions/iwr6843/iwr6843_20260717_113006_286_003.l3dump,0.1524,6.000000000000001,10.40495,1.655,5.156,normal,accepted,22.018618476004498,21.797309794551722,direct_only,high,110.26427205523618,6,24,22.018618476004498,22.207727877864496,21.576001113098943,18.825122493363313
0717,normal_tx,9Iron,19.155999999999995,113.6,/Users/john.pacino/Projects/openflight/artifacts/pi_sync_20260717/openflight_sessions/iwr6843/iwr6843_20260717_113006_286_003.l3dump,0.1651,6.5,10.40495,1.655,5.156,normal,accepted,22.419446521495665,22.17307639124671,direct_only,high,110.26427205523618,6,24,22.419446521495665,22.54038377471109,21.92670626099775,19.236003737581946
0717,normal_tx,9Iron,20.607999999999993,109.1,/Users/john.pacino/Projects/openflight/artifacts/pi_sync_20260717/openflight_sessions/iwr6843/iwr6843_20260717_113029_308_004.l3dump,0.1524,6.000000000000001,10.40495,1.655,5.156,normal,accepted,20.792879503883672,20.451795875250433,two8,high,106.21132630351711,8,28,20.84202900586603,20.792879503883672,20.017536043867956,20.11071224661719
0717,normal_tx,9Iron,20.607999999999993,109.1,/Users/john.pacino/Projects/openflight/artifacts/pi_sync_20260717/openflight_sessions/iwr6843/iwr6843_20260717_113029_308_004.l3dump,0.1651,6.5,10.40495,1.655,5.156,normal,accepted,21.17501559374315,20.776627021075697,two8,high,106.21132630351711,8,28,21.185781130992417,21.17501559374315,20.378238448408243,20.375762231399246
0717,normal_tx,9Iron,20.957999999999984,102.4,/Users/john.pacino/Projects/openflight/artifacts/pi_sync_20260717/openflight_sessions/iwr6843/iwr6843_20260717_113103_793_005.l3dump,0.1524,6.000000000000001,10.40495,1.655,5.156,normal,accepted,24.259326573037914,23.825437465732602,direct_only,high,98.63171387283664,8,30,24.259326573037914,24.787449851104107,23.39154835842729,21.090916575708825
0717,normal_tx,9Iron,20.957999999999984,102.4,/Users/john.pacino/Projects/openflight/artifacts/pi_sync_20260717/openflight_sessions/iwr6843/iwr6843_20260717_113103_793_005.l3dump,0.1651,6.5,10.40495,1.655,5.156,normal,accepted,24.62491588270157,24.220664127192464,direct_only,high,98.63171387283664,8,30,24.62491588270157,25.109081957177974,23.816412371683363,21.5555256154648
0717,normal_tx,9Iron,20.714,113.9,/Users/john.pacino/Projects/openflight/artifacts/pi_sync_20260717/openflight_sessions/iwr6843/iwr6843_20260717_113123_298_006.l3dump,0.1524,6.000000000000001,10.40495,1.655,5.156,normal,accepted,22.89581352171798,23.08041807931493,direct_only,high,109.8868918711154,6,23,22.89581352171798,23.265022636911887,24.287161573501205,20.284244361256768
0717,normal_tx,9Iron,20.714,113.9,/Users/john.pacino/Projects/openflight/artifacts/pi_sync_20260717/openflight_sessions/iwr6843/iwr6843_20260717_113123_298_006.l3dump,0.1651,6.5,10.40495,1.655,5.156,normal,accepted,23.29982483393149,23.465783512283878,direct_only,high,109.8868918711154,6,23,23.29982483393149,23.63174219063627,24.552400731400063,20.681646113761666
0717,normal_tx,9Iron,19.871999999999993,108.1,/Users/john.pacino/Projects/openflight/artifacts/pi_sync_20260717/openflight_sessions/iwr6843/iwr6843_20260717_113140_333_007.l3dump,0.1524,6.000000000000001,10.40495,1.655,5.156,normal,accepted,22.41286431462576,22.087029089492447,direct_only,high,104.6236097113984,7,27,22.41286431462576,22.596692649402886,21.37488451271124,21.761193864359132
0717,normal_tx,9Iron,19.871999999999993,108.1,/Users/john.pacino/Projects/openflight/artifacts/pi_sync_20260717/openflight_sessions/iwr6843/iwr6843_20260717_113140_333_007.l3dump,0.1651,6.5,10.40495,1.655,5.156,normal,accepted,22.744256502987408,22.33350630039374,direct_only,high,104.6236097113984,7,27,22.744256502987408,22.961066392548545,21.762932209891673,21.92275609780007
0717,normal_tx,9Iron,19.922999999999977,109.1,/Users/john.pacino/Projects/openflight/artifacts/pi_sync_20260717/openflight_sessions/iwr6843/iwr6843_20260717_113203_465_008.l3dump,0.1524,6.000000000000001,10.40495,1.655,5.156,normal,accepted,21.82791365469114,21.456391501114254,direct_only,high,106.54938898556463,7,27,21.82791365469114,22.18059241273402,21.08486934753737,18.890201123487554
0717,normal_tx,9Iron,19.922999999999977,109.1,/Users/john.pacino/Projects/openflight/artifacts/pi_sync_20260717/openflight_sessions/iwr6843/iwr6843_20260717_113203_465_008.l3dump,0.1651,6.5,10.40495,1.655,5.156,normal,accepted,22.16946560372303,21.81733558186873,direct_only,high,106.54938898556463,7,27,22.16946560372303,22.456171999518602,21.46520556001443,19.19847496454856
0717,normal_tx,9Iron,18.06699999999999,108.9,/Users/john.pacino/Projects/openflight/artifacts/pi_sync_20260717/openflight_sessions/iwr6843/iwr6843_20260717_113222_651_009.l3dump,0.1524,6.000000000000001,10.40495,1.655,5.156,normal,accepted,21.253458322990873,20.53699997998836,reciprocal3_no_tdm,medium,107.78526901138629,7,26,20.024578783467604,20.31189385925945,21.253458322990873,20.76210610071727
0717,normal_tx,9Iron,18.06699999999999,108.9,/Users/john.pacino/Projects/openflight/artifacts/pi_sync_20260717/openflight_sessions/iwr6843/iwr6843_20260717_113222_651_009.l3dump,0.1651,6.5,10.40495,1.655,5.156,normal,accepted,21.583684328359173,20.867540897098372,reciprocal3_no_tdm,medium,107.78526901138629,7,26,20.419090312385617,20.72850915664062,21.583684328359173,21.006572637556125
0717,normal_tx,9Iron,18.641999999999992,98.4,/Users/john.pacino/Projects/openflight/artifacts/pi_sync_20260717/openflight_sessions/iwr6843/iwr6843_20260717_113243_742_010.l3dump,0.1524,6.000000000000001,10.40495,1.655,5.156,normal,accepted,19.64909536186878,18.54775816397087,direct_only,high,94.49016630575724,7,27,19.64909536186878,19.855004771469055,17.446420966072953,15.297163843582812
0717,normal_tx,9Iron,18.641999999999992,98.4,/Users/john.pacino/Projects/openflight/artifacts/pi_sync_20260717/openflight_sessions/iwr6843/iwr6843_20260717_113243_742_010.l3dump,0.1651,6.5,10.40495,1.655,5.156,normal,accepted,20.098741373318944,19.021970846553586,direct_only,high,94.49016630575724,7,27,20.098741373318944,20.208237937016712,17.945200319788224,15.745055857154275
0717,normal_tx,9Iron,18.680999999999994,117.3,/Users/john.pacino/Projects/openflight/artifacts/pi_sync_20260717/openflight_sessions/iwr6843/iwr6843_20260717_114807_350_001.l3dump,0.1524,6.000000000000001,10.40495,1.655,5.156,normal,accepted,19.918022266546927,19.593154889002705,direct_only,high,114.14644846411598,7,25,19.918022266546927,18.917532933797087,21.109490375554635,19.26828751145848
0717,normal_tx,9Iron,18.680999999999994,117.3,/Users/john.pacino/Projects/openflight/artifacts/pi_sync_20260717/openflight_sessions/iwr6843/iwr6843_20260717_114807_350_001.l3dump,0.1651,6.5,10.40495,1.655,5.156,normal,accepted,20.309092490927608,19.861434865828507,direct_only,high,114.14644846411598,7,25,20.309092490927608,19.413777240729406,21.300173238343366,18.891895181829476
0717,normal_tx,9Iron,20.624999999999986,115.2,/Users/john.pacino/Projects/openflight/artifacts/pi_sync_20260717/openflight_sessions/iwr6843/iwr6843_20260717_114824_439_002.l3dump,0.1524,6.000000000000001,10.40495,1.655,5.156,normal,accepted,19.89984566986004,20.883393599906704,four4_path_tdm,high,111.02841952987575,6,24,20.680342177067384,21.08644502274602,22.69306926504937,19.89984566986004
0717,normal_tx,9Iron,20.624999999999986,115.2,/Users/john.pacino/Projects/openflight/artifacts/pi_sync_20260717/openflight_sessions/iwr6843/iwr6843_20260717_114824_439_002.l3dump,0.1651,6.5,10.40495,1.655,5.156,normal,accepted,20.33674488793547,21.351553083824626,four4_path_tdm,high,111.02841952987575,6,24,21.14017546323466,21.56293070441459,23.229301785399695,20.33674488793547
0717,normal_tx,9Iron,20.003999999999994,116.5,/Users/john.pacino/Projects/openflight/artifacts/pi_sync_20260717/openflight_sessions/iwr6843/iwr6843_20260717_114845_092_003.l3dump,0.1524,6.000000000000001,10.40495,1.655,5.156,normal,accepted,20.661120763268105,19.95768247408467,direct_only,high,113.60357512217249,7,25,20.661120763268105,20.115364591224026,19.80000035694532,17.785250847232994
0717,normal_tx,9Iron,20.003999999999994,116.5,/Users/john.pacino/Projects/openflight/artifacts/pi_sync_20260717/openflight_sessions/iwr6843/iwr6843_20260717_114845_092_003.l3dump,0.1651,6.5,10.40495,1.655,5.156,normal,accepted,21.0189301270037,20.286951403072226,direct_only,high,113.60357512217249,7,25,21.0189301270037,20.48986085737253,20.084041948771922,18.113321396114245
0717,normal_tx,9Iron,18.554999999999993,117.0,/Users/john.pacino/Projects/openflight/artifacts/pi_sync_20260717/openflight_sessions/iwr6843/iwr6843_20260717_114906_734_004.l3dump,0.1524,6.000000000000001,10.40495,1.655,5.156,normal,accepted,21.107837014348977,20.898512419280927,direct_only,medium,113.57308289756627,8,27,21.107837014348977,22.0020926700507,20.68918782421288,19.495630041121053
0717,normal_tx,9Iron,18.554999999999993,117.0,/Users/john.pacino/Projects/openflight/artifacts/pi_sync_20260717/openflight_sessions/iwr6843/iwr6843_20260717_114906_734_004.l3dump,0.1651,6.5,10.40495,1.655,5.156,normal,accepted,20.977876445801886,21.204031498730046,reciprocal3_no_tdm,medium,113.57308289756627,8,27,21.430186551658206,22.31160042411605,20.977876445801886,19.853966603692143
0717,normal_tx,9Iron,18.57899999999998,116.5,/Users/john.pacino/Projects/openflight/artifacts/pi_sync_20260717/openflight_sessions/iwr6843/iwr6843_20260717_114929_221_005.l3dump,0.1524,6.000000000000001,10.40495,1.655,5.156,normal,rejected_track_quality,,,,withheld,111.2140024539796,0,0,,,,
0717,normal_tx,9Iron,18.57899999999998,116.5,/Users/john.pacino/Projects/openflight/artifacts/pi_sync_20260717/openflight_sessions/iwr6843/iwr6843_20260717_114929_221_005.l3dump,0.1651,6.5,10.40495,1.655,5.156,normal,rejected_track_quality,,,,withheld,111.2140024539796,0,0,,,,
0717,normal_tx,9Iron,2.860999999999996,92.9,/Users/john.pacino/Projects/openflight/artifacts/pi_sync_20260717/openflight_sessions/iwr6843/iwr6843_20260717_115027_091_007.l3dump,0.1524,6.000000000000001,10.40495,1.655,5.156,normal,accepted,1.5734570199123672,1.7579196530553762,direct_only,high,92.08929519207703,8,32,1.5734570199123672,1.9423822861983855,-1.520791737738046,9.263785810356918
0717,normal_tx,9Iron,2.860999999999996,92.9,/Users/john.pacino/Projects/openflight/artifacts/pi_sync_20260717/openflight_sessions/iwr6843/iwr6843_20260717_115027_091_007.l3dump,0.1651,6.5,10.40495,1.655,5.156,normal,accepted,2.1445783182540445,2.2996677240889443,direct_only,high,92.08929519207703,8,32,2.1445783182540445,2.454757129923844,-1.527757119775011,8.907619634761161
0717,normal_tx,9Iron,19.787000000000003,112.7,/Users/john.pacino/Projects/openflight/artifacts/pi_sync_20260717/openflight_sessions/iwr6843/iwr6843_20260717_115100_415_009.l3dump,0.1524,6.000000000000001,10.40495,1.655,5.156,normal,accepted,22.373676070881757,21.482692996113375,direct_only,high,108.2934289498602,8,28,22.373676070881757,22.13517131112312,20.83021468110363,19.523490894350925
0717,normal_tx,9Iron,19.787000000000003,112.7,/Users/john.pacino/Projects/openflight/artifacts/pi_sync_20260717/openflight_sessions/iwr6843/iwr6843_20260717_115100_415_009.l3dump,0.1651,6.5,10.40495,1.655,5.156,normal,accepted,22.75929319897914,21.850007111501355,direct_only,high,108.2934289498602,8,28,22.75929319897914,22.48368059181276,21.216333631189954,19.885219204119508
0717,normal_tx,9Iron,19.459999999999997,100.6,/Users/john.pacino/Projects/openflight/artifacts/pi_sync_20260717/openflight_sessions/iwr6843/iwr6843_20260717_115119_123_010.l3dump,0.1524,6.000000000000001,10.40495,1.655,5.156,normal,accepted,20.29271294628634,20.109463366488985,reciprocal3_no_tdm,medium,96.9887985261914,8,28,19.65271074231944,19.92621378669163,20.29271294628634,20.560332730646184
0717,normal_tx,9Iron,19.459999999999997,100.6,/Users/john.pacino/Projects/openflight/artifacts/pi_sync_20260717/openflight_sessions/iwr6843/iwr6843_20260717_115119_123_010.l3dump,0.1651,6.5,10.40495,1.655,5.156,normal,accepted,19.985902338590808,20.394795047857016,direct_only,high,96.9887985261914,8,28,19.985902338590808,20.20394121674384,20.58564887897019,20.687104895194203
0717,normal_tx,9Iron,18.555999999999994,109.8,/Users/john.pacino/Projects/openflight/artifacts/pi_sync_20260717/openflight_sessions/iwr6843/iwr6843_20260717_115206_270_013.l3dump,0.1524,6.000000000000001,10.40495,1.655,5.156,normal,accepted,18.32476446128767,18.32887280898693,direct_only,high,105.95845555315563,6,24,18.32476446128767,18.33298115668619,20.42099129495718,16.770584255236656
0717,normal_tx,9Iron,18.555999999999994,109.8,/Users/john.pacino/Projects/openflight/artifacts/pi_sync_20260717/openflight_sessions/iwr6843/iwr6843_20260717_115206_270_013.l3dump,0.1651,6.5,10.40495,1.655,5.156,normal,accepted,18.873384636327035,18.853898069170206,direct_only,high,105.95845555315563,6,24,18.873384636327035,18.834411502013378,20.686248893204024,17.123028227625635
0717,normal_tx,9Iron,21.69899999999999,107.1,/Users/john.pacino/Projects/openflight/artifacts/pi_sync_20260717/openflight_sessions/iwr6843/iwr6843_20260717_115226_374_014.l3dump,0.1524,6.000000000000001,10.40495,1.655,5.156,normal,accepted,23.867155826991343,23.668833108544078,direct_only,high,103.13538643414192,7,26,23.867155826991343,24.347957756591036,23.470510390096813,23.449377571451635
0717,normal_tx,9Iron,21.69899999999999,107.1,/Users/john.pacino/Projects/openflight/artifacts/pi_sync_20260717/openflight_sessions/iwr6843/iwr6843_20260717_115226_374_014.l3dump,0.1651,6.5,10.40495,1.655,5.156,normal,accepted,24.242527069610574,24.072302810447887,direct_only,high,103.13538643414192,7,26,24.242527069610574,24.790352080818824,23.902078551285204,23.77308696628202
0717,normal_tx,7Iron,14.590999999999983,110.2,/Users/john.pacino/Projects/openflight/artifacts/pi_sync_20260717/openflight_sessions/iwr6843/iwr6843_20260717_115403_200_001.l3dump,0.1524,6.000000000000001,10.40495,1.655,5.156,normal,accepted,15.917865181845093,15.991852171895424,direct_only,high,108.0287781900987,7,23,15.917865181845093,16.065839161945753,14.950714902775589,17.421024219345345
0717,normal_tx,7Iron,14.590999999999983,110.2,/Users/john.pacino/Projects/openflight/artifacts/pi_sync_20260717/openflight_sessions/iwr6843/iwr6843_20260717_115403_200_001.l3dump,0.1651,6.5,10.40495,1.655,5.156,normal,accepted,16.32362608980165,16.41734661484493,direct_only,high,108.0287781900987,7,23,16.32362608980165,16.511067139888215,15.521630612343634,17.768247211862477
0717,normal_tx,7Iron,9.333000000000002,107.0,/Users/john.pacino/Projects/openflight/artifacts/pi_sync_20260717/openflight_sessions/iwr6843/iwr6843_20260717_115422_850_002.l3dump,0.1524,6.000000000000001,10.40495,1.655,5.156,normal,accepted,7.4075079820526515,7.632641920218326,direct_only,low,104.93222670063012,5,19,7.4075079820526515,7.130628428353332,17.3796060078114,7.857775858384
0717,normal_tx,7Iron,9.333000000000002,107.0,/Users/john.pacino/Projects/openflight/artifacts/pi_sync_20260717/openflight_sessions/iwr6843/iwr6843_20260717_115422_850_002.l3dump,0.1651,6.5,10.40495,1.655,5.156,normal,accepted,8.086801836909322,8.14235617880442,direct_only,low,104.93222670063012,5,19,8.086801836909322,7.526621147827218,17.43422104546051,8.197910520699518
0717,normal_tx,7Iron,13.807999999999995,114.5,/Users/john.pacino/Projects/openflight/artifacts/pi_sync_20260717/openflight_sessions/iwr6843/iwr6843_20260717_115459_659_004.l3dump,0.1524,6.000000000000001,10.40495,1.655,5.156,normal,rejected_track_quality,,,,withheld,108.91206364364214,0,0,,,,
0717,normal_tx,7Iron,13.807999999999995,114.5,/Users/john.pacino/Projects/openflight/artifacts/pi_sync_20260717/openflight_sessions/iwr6843/iwr6843_20260717_115459_659_004.l3dump,0.1651,6.5,10.40495,1.655,5.156,normal,rejected_track_quality,,,,withheld,108.91206364364214,0,0,,,,
0717,normal_tx,7Iron,14.848999999999997,116.6,/Users/john.pacino/Projects/openflight/artifacts/pi_sync_20260717/openflight_sessions/iwr6843/iwr6843_20260717_115520_351_005.l3dump,0.1524,6.000000000000001,10.40495,1.655,5.156,normal,accepted,15.964016189465909,15.601519292571595,direct_only,high,114.08766130850351,6,22,15.964016189465909,16.036488904790378,14.73726379637293,15.239022395677281
0717,normal_tx,7Iron,14.848999999999997,116.6,/Users/john.pacino/Projects/openflight/artifacts/pi_sync_20260717/openflight_sessions/iwr6843/iwr6843_20260717_115520_351_005.l3dump,0.1651,6.5,10.40495,1.655,5.156,normal,accepted,16.356204400927243,15.984434278166496,direct_only,high,114.08766130850351,6,22,16.356204400927243,16.606028038281593,15.119818535071044,15.61266415540575
0717,normal_tx,7Iron,16.127999999999997,117.7,/Users/john.pacino/Projects/openflight/artifacts/pi_sync_20260717/openflight_sessions/iwr6843/iwr6843_20260717_115540_973_006.l3dump,0.1524,6.000000000000001,10.40495,1.655,5.156,normal,accepted,17.39742812505149,17.53968781884242,direct_only,high,114.63664921868603,6,21,17.39742812505149,17.68194751263335,17.7878114544288,16.09789925333312
0717,normal_tx,7Iron,16.127999999999997,117.7,/Users/john.pacino/Projects/openflight/artifacts/pi_sync_20260717/openflight_sessions/iwr6843/iwr6843_20260717_115540_973_006.l3dump,0.1651,6.5,10.40495,1.655,5.156,normal,accepted,17.729663348295986,17.92054374091132,direct_only,high,114.63664921868603,6,21,17.729663348295986,18.114089253667874,18.11142413352665,16.36838199589654
0717,normal_tx,7Iron,15.296999999999995,121.2,/Users/john.pacino/Projects/openflight/artifacts/pi_sync_20260717/openflight_sessions/iwr6843/iwr6843_20260717_115559_044_007.l3dump,0.1524,6.000000000000001,10.40495,1.655,5.156,normal,rejected_track_quality,,,,withheld,113.15468519670763,0,0,,,,
0717,normal_tx,7Iron,15.296999999999995,121.2,/Users/john.pacino/Projects/openflight/artifacts/pi_sync_20260717/openflight_sessions/iwr6843/iwr6843_20260717_115559_044_007.l3dump,0.1651,6.5,10.40495,1.655,5.156,normal,rejected_track_quality,,,,withheld,113.15468519670763,0,0,,,,
0717,normal_tx,7Iron,14.154999999999982,116.2,/Users/john.pacino/Projects/openflight/artifacts/pi_sync_20260717/openflight_sessions/iwr6843/iwr6843_20260717_115625_775_008.l3dump,0.1524,6.000000000000001,10.40495,1.655,5.156,normal,accepted,16.148758467344408,15.986392467630521,two8,medium,112.16535714059006,7,23,15.824026467916635,16.148758467344408,16.938652743989465,13.649238611177152
0717,normal_tx,7Iron,14.154999999999982,116.2,/Users/john.pacino/Projects/openflight/artifacts/pi_sync_20260717/openflight_sessions/iwr6843/iwr6843_20260717_115625_775_008.l3dump,0.1651,6.5,10.40495,1.655,5.156,normal,accepted,16.624993504544705,16.425057746057902,two8,medium,112.16535714059006,7,23,16.2251219875711,16.624993504544705,17.2239231059899,13.950443543376355
0717,normal_tx,7Iron,17.04999999999997,106.9,/Users/john.pacino/Projects/openflight/artifacts/pi_sync_20260717/openflight_sessions/iwr6843/iwr6843_20260717_115650_587_009.l3dump,0.1524,6.000000000000001,10.40495,1.655,5.156,normal,accepted,15.758352037583128,17.3666543022643,direct_only,high,104.31936506458818,6,24,15.758352037583128,15.75132993338476,19.256897591782952,18.974956566945473
0717,normal_tx,7Iron,17.04999999999997,106.9,/Users/john.pacino/Projects/openflight/artifacts/pi_sync_20260717/openflight_sessions/iwr6843/iwr6843_20260717_115650_587_009.l3dump,0.1651,6.5,10.40495,1.655,5.156,normal,accepted,16.276440022433317,17.803458894603423,direct_only,high,104.31936506458818,6,24,16.276440022433317,16.222401242638803,19.4563441580773,19.330477766773527
0717,normal_tx,7Iron,13.912999999999993,119.1,/Users/john.pacino/Projects/openflight/artifacts/pi_sync_20260717/openflight_sessions/iwr6843/iwr6843_20260717_115728_239_011.l3dump,0.1524,6.000000000000001,10.40495,1.655,5.156,normal,accepted,15.400042991725494,4.025784079282159,direct_only,high,117.25682400828374,5,20,15.400042991725494,13.051568158564319,-5.0,-5.0
0717,normal_tx,7Iron,13.912999999999993,119.1,/Users/john.pacino/Projects/openflight/artifacts/pi_sync_20260717/openflight_sessions/iwr6843/iwr6843_20260717_115728_239_011.l3dump,0.1651,6.5,10.40495,1.655,5.156,normal,accepted,15.927987985691889,5.268298000905285,direct_only,high,117.25682400828374,5,20,15.927987985691889,15.53659600181057,-5.0,-5.0
0717,normal_tx,7Iron,13.188999999999988,118.5,/Users/john.pacino/Projects/openflight/artifacts/pi_sync_20260717/openflight_sessions/iwr6843/iwr6843_20260717_115753_889_012.l3dump,0.1524,6.000000000000001,10.40495,1.655,5.156,normal,accepted,15.22194176602953,14.254524539090628,direct_only,medium,116.63394113375617,4,16,15.22194176602953,13.287107312151724,18.896762354942197,10.590368954452739
0717,normal_tx,7Iron,13.188999999999988,118.5,/Users/john.pacino/Projects/openflight/artifacts/pi_sync_20260717/openflight_sessions/iwr6843/iwr6843_20260717_115753_889_012.l3dump,0.1651,6.5,10.40495,1.655,5.156,normal,accepted,15.805160274230055,14.887380381870642,direct_only,medium,116.63394113375617,4,16,15.805160274230055,13.969600489511228,19.33566874716946,11.174844682153788
0717,normal_tx,7Iron,11.667999999999969,114.1,/Users/john.pacino/Projects/openflight/artifacts/pi_sync_20260717/openflight_sessions/iwr6843/iwr6843_20260717_120007_601_015.l3dump,0.1524,6.000000000000001,10.40495,1.655,5.156,normal,rejected_track_quality,,,,withheld,85.72320015838827,0,0,,,,
0717,normal_tx,7Iron,11.667999999999969,114.1,/Users/john.pacino/Projects/openflight/artifacts/pi_sync_20260717/openflight_sessions/iwr6843/iwr6843_20260717_120007_601_015.l3dump,0.1651,6.5,10.40495,1.655,5.156,normal,rejected_track_quality,,,,withheld,85.72320015838827,0,0,,,,
0717,normal_tx,7Iron,6.6529999999999925,107.6,/Users/john.pacino/Projects/openflight/artifacts/pi_sync_20260717/openflight_sessions/iwr6843/iwr6843_20260717_120027_859_016.l3dump,0.1524,6.000000000000001,10.40495,1.655,5.156,normal,rejected_track_quality,,,,withheld,103.77807965873329,0,0,,,,
0717,normal_tx,7Iron,6.6529999999999925,107.6,/Users/john.pacino/Projects/openflight/artifacts/pi_sync_20260717/openflight_sessions/iwr6843/iwr6843_20260717_120027_859_016.l3dump,0.1651,6.5,10.40495,1.655,5.156,normal,rejected_track_quality,,,,withheld,103.77807965873329,0,0,,,,
0717,normal_tx,7Iron,15.07300000000001,110.0,/Users/john.pacino/Projects/openflight/artifacts/pi_sync_20260717/openflight_sessions/iwr6843/iwr6843_20260717_120043_225_017.l3dump,0.1524,6.000000000000001,10.40495,1.655,5.156,normal,accepted,16.4645370829487,16.34584230813502,direct_only,high,107.88216391992812,6,24,16.4645370829487,16.48543703851279,15.572075074119848,16.22714753332134
0717,normal_tx,7Iron,15.07300000000001,110.0,/Users/john.pacino/Projects/openflight/artifacts/pi_sync_20260717/openflight_sessions/iwr6843/iwr6843_20260717_120043_225_017.l3dump,0.1651,6.5,10.40495,1.655,5.156,normal,accepted,16.93977799265059,16.707782171479977,direct_only,high,107.88216391992812,6,24,16.93977799265059,16.86616774756242,15.894168795360454,16.54939659539753
0717,normal_tx,7Iron,15.63299999999998,116.1,/Users/john.pacino/Projects/openflight/artifacts/pi_sync_20260717/openflight_sessions/iwr6843/iwr6843_20260717_120105_500_018.l3dump,0.1524,6.000000000000001,10.40495,1.655,5.156,normal,accepted,15.786452845380445,17.085283484269038,direct_only,high,112.39999312579813,7,28,15.786452845380445,15.494580754120953,19.32473038370726,18.38411412315763
0717,normal_tx,7Iron,15.63299999999998,116.1,/Users/john.pacino/Projects/openflight/artifacts/pi_sync_20260717/openflight_sessions/iwr6843/iwr6843_20260717_120105_500_018.l3dump,0.1651,6.5,10.40495,1.655,5.156,normal,accepted,16.25013758407036,17.455431984168126,direct_only,high,112.39999312579813,7,28,16.25013758407036,15.957265023984819,19.52925934737033,18.660726384265892
0717,normal_tx,5Iron,11.92599999999999,131.3,/Users/john.pacino/Projects/openflight/artifacts/pi_sync_20260717/openflight_sessions/iwr6843/iwr6843_20260717_120303_171_023.l3dump,0.1524,6.000000000000001,10.40495,1.655,5.156,normal,accepted,13.817977878367488,13.721314288174941,direct_only,high,128.5279408693187,6,21,13.817977878367488,13.624650697982396,15.320306695502815,10.598552374975132
0717,normal_tx,5Iron,11.92599999999999,131.3,/Users/john.pacino/Projects/openflight/artifacts/pi_sync_20260717/openflight_sessions/iwr6843/iwr6843_20260717_120303_171_023.l3dump,0.1651,6.5,10.40495,1.655,5.156,normal,accepted,14.217048507022149,14.125568081471233,direct_only,high,128.5279408693187,6,21,14.217048507022149,14.034087655920315,15.627120508591537,10.015982965034068
0717,normal_tx,5Iron,2.6459999999999955,116.6,/Users/john.pacino/Projects/openflight/artifacts/pi_sync_20260717/openflight_sessions/iwr6843/iwr6843_20260717_120325_842_024.l3dump,0.1524,6.000000000000001,10.40495,1.655,5.156,normal,accepted,3.1144229619464805,0.7091347741275426,direct_only,high,114.69724817738842,7,26,3.1144229619464805,-1.6961534136913954,-2.037617221425522,10.39332387533293
0717,normal_tx,5Iron,2.6459999999999955,116.6,/Users/john.pacino/Projects/openflight/artifacts/pi_sync_20260717/openflight_sessions/iwr6843/iwr6843_20260717_120325_842_024.l3dump,0.1651,6.5,10.40495,1.655,5.156,normal,accepted,3.6432490713771433,1.9504249335426596,direct_only,high,114.69724817738842,7,26,3.6432490713771433,0.2576007957081756,-2.138829022927157,10.47221753783587
0717,normal_tx,5Iron,4.683000000000001,103.1,/Users/john.pacino/Projects/openflight/artifacts/pi_sync_20260717/openflight_sessions/iwr6843/iwr6843_20260717_120343_217_025.l3dump,0.1524,6.000000000000001,10.40495,1.655,5.156,normal,accepted,1.1995363314488614,0.5975188794679134,direct_only,high,102.34348508391847,7,25,1.1995363314488614,-0.004498572513034602,-1.4509258975636856,3.3239220892868877
0717,normal_tx,5Iron,4.683000000000001,103.1,/Users/john.pacino/Projects/openflight/artifacts/pi_sync_20260717/openflight_sessions/iwr6843/iwr6843_20260717_120343_217_025.l3dump,0.1651,6.5,10.40495,1.655,5.156,normal,accepted,1.771864282922232,0.18178026495928268,direct_only,high,102.34348508391847,7,25,1.771864282922232,-1.4083037530036666,-1.4618401867515918,3.461202629595702
0717,normal_tx,5Iron,12.43999999999999,122.2,/Users/john.pacino/Projects/openflight/artifacts/pi_sync_20260717/openflight_sessions/iwr6843/iwr6843_20260717_120430_094_028.l3dump,0.1524,6.000000000000001,10.40495,1.655,5.156,normal,accepted,14.552171105717225,14.98326338161915,direct_only,medium,119.879226816477,4,13,14.552171105717225,12.425597181265635,18.567881314409824,15.414355657521073
0717,normal_tx,5Iron,12.43999999999999,122.2,/Users/john.pacino/Projects/openflight/artifacts/pi_sync_20260717/openflight_sessions/iwr6843/iwr6843_20260717_120430_094_028.l3dump,0.1651,6.5,10.40495,1.655,5.156,normal,accepted,15.130565602202083,15.425758876238534,direct_only,medium,119.879226816477,4,13,15.130565602202083,13.000016359728377,18.886234867082706,15.720952150274986
0717,normal_tx,5Iron,4.967000000000003,79.0,/Users/john.pacino/Projects/openflight/artifacts/pi_sync_20260717/openflight_sessions/iwr6843/iwr6843_20260717_120453_936_029.l3dump,0.1524,6.000000000000001,10.40495,1.655,5.156,normal,rejected_track_quality,,,,withheld,125.85000494016758,0,0,,,,
0717,normal_tx,5Iron,4.967000000000003,79.0,/Users/john.pacino/Projects/openflight/artifacts/pi_sync_20260717/openflight_sessions/iwr6843/iwr6843_20260717_120453_936_029.l3dump,0.1651,6.5,10.40495,1.655,5.156,normal,rejected_track_quality,,,,withheld,125.85000494016758,0,0,,,,
0717,normal_tx,5Iron,17.143999999999973,119.7,/Users/john.pacino/Projects/openflight/artifacts/pi_sync_20260717/openflight_sessions/iwr6843/iwr6843_20260717_120527_255_031.l3dump,0.1524,6.000000000000001,10.40495,1.655,5.156,normal,rejected_track_quality,,,,withheld,115.03409238646083,0,0,,,,
0717,normal_tx,5Iron,17.143999999999973,119.7,/Users/john.pacino/Projects/openflight/artifacts/pi_sync_20260717/openflight_sessions/iwr6843/iwr6843_20260717_120527_255_031.l3dump,0.1651,6.5,10.40495,1.655,5.156,normal,rejected_track_quality,,,,withheld,115.03409238646083,0,0,,,,
0717,normal_tx,5Iron,12.62799999999997,124.4,/Users/john.pacino/Projects/openflight/artifacts/pi_sync_20260717/openflight_sessions/iwr6843/iwr6843_20260717_120753_167_002.l3dump,0.1524,6.000000000000001,10.40495,1.655,5.156,normal,accepted,14.292291898695174,13.822236805067558,direct_only,high,122.12007257187565,6,16,14.292291898695174,13.352181711439941,14.32050904073844,5.714619296835583
0717,normal_tx,5Iron,12.62799999999997,124.4,/Users/john.pacino/Projects/openflight/artifacts/pi_sync_20260717/openflight_sessions/iwr6843/iwr6843_20260717_120753_167_002.l3dump,0.1651,6.5,10.40495,1.655,5.156,normal,accepted,14.701339258325017,14.237741403784266,direct_only,high,122.12007257187565,6,16,14.701339258325017,13.774143549243517,14.776069488632288,6.425482950438378
0717,normal_tx,5Iron,11.412000000000003,131.1,/Users/john.pacino/Projects/openflight/artifacts/pi_sync_20260717/openflight_sessions/iwr6843/iwr6843_20260717_120823_650_004.l3dump,0.1524,6.000000000000001,10.40495,1.655,5.156,normal,accepted,11.466375631580982,11.145021581197494,direct_only,high,128.7934538736806,5,20,11.466375631580982,11.293502438211089,8.249435663219913,10.996540724183898
0717,normal_tx,5Iron,11.412000000000003,131.1,/Users/john.pacino/Projects/openflight/artifacts/pi_sync_20260717/openflight_sessions/iwr6843/iwr6843_20260717_120823_650_004.l3dump,0.1651,6.5,10.40495,1.655,5.156,normal,accepted,11.88480836522007,11.659096821995965,direct_only,high,128.7934538736806,5,20,11.88480836522007,11.75420039043319,8.802912468892822,11.563993253558738
0717,normal_tx,5Iron,13.694999999999984,129.4,/Users/john.pacino/Projects/openflight/artifacts/pi_sync_20260717/openflight_sessions/iwr6843/iwr6843_20260717_120849_851_006.l3dump,0.1524,6.000000000000001,10.40495,1.655,5.156,normal,rejected_track_quality,,,,withheld,124.86551705046064,0,0,,,,
0717,normal_tx,5Iron,13.694999999999984,129.4,/Users/john.pacino/Projects/openflight/artifacts/pi_sync_20260717/openflight_sessions/iwr6843/iwr6843_20260717_120849_851_006.l3dump,0.1651,6.5,10.40495,1.655,5.156,normal,rejected_track_quality,,,,withheld,124.86551705046064,0,0,,,,
0717,normal_tx,5Iron,9.534000000000018,127.9,/Users/john.pacino/Projects/openflight/artifacts/pi_sync_20260717/openflight_sessions/iwr6843/iwr6843_20260717_120910_820_007.l3dump,0.1524,6.000000000000001,10.40495,1.655,5.156,normal,accepted,10.604432386991974,9.52467788179997,direct_only,high,125.13468268905856,6,19,10.604432386991974,8.840364166742843,8.953923757009767,10.095432006590176
0717,normal_tx,5Iron,9.534000000000018,127.9,/Users/john.pacino/Projects/openflight/artifacts/pi_sync_20260717/openflight_sessions/iwr6843/iwr6843_20260717_120910_820_007.l3dump,0.1651,6.5,10.40495,1.655,5.156,normal,accepted,11.02672273907292,9.822538164321742,direct_only,high,125.13468268905856,6,19,11.02672273907292,9.311692770513336,9.391893856162547,10.253182472480939
0717,normal_tx,5Iron,10.544999999999991,95.9,/Users/john.pacino/Projects/openflight/artifacts/pi_sync_20260717/openflight_sessions/iwr6843/iwr6843_20260717_120937_977_009.l3dump,0.1524,6.000000000000001,10.40495,1.655,5.156,normal,accepted,12.842138445235147,14.196901824933692,direct_only,high,91.65218216625678,6,18,12.842138445235147,11.701028009411537,15.949705722857997,15.551665204632236
0717,normal_tx,5Iron,10.544999999999991,95.9,/Users/john.pacino/Projects/openflight/artifacts/pi_sync_20260717/openflight_sessions/iwr6843/iwr6843_20260717_120937_977_009.l3dump,0.1651,6.5,10.40495,1.655,5.156,normal,accepted,13.345641854125411,14.560165695506662,direct_only,high,91.65218216625678,6,18,13.345641854125411,12.4048762860836,16.405777840344076,15.774689536887912
0717,normal_tx,5Iron,11.300999999999949,108.6,/Users/john.pacino/Projects/openflight/artifacts/pi_sync_20260717/openflight_sessions/iwr6843/iwr6843_20260717_121039_661_012.l3dump,0.1524,6.000000000000001,10.40495,1.655,5.156,normal,rejected_track_quality,,,,withheld,102.77487611290624,0,0,,,,
0717,normal_tx,5Iron,11.300999999999949,108.6,/Users/john.pacino/Projects/openflight/artifacts/pi_sync_20260717/openflight_sessions/iwr6843/iwr6843_20260717_121039_661_012.l3dump,0.1651,6.5,10.40495,1.655,5.156,normal,rejected_track_quality,,,,withheld,102.77487611290624,0,0,,,,
0717,normal_tx,5Iron,17.96899999999999,105.2,/Users/john.pacino/Projects/openflight/artifacts/pi_sync_20260717/openflight_sessions/iwr6843/iwr6843_20260717_121055_162_013.l3dump,0.1524,6.000000000000001,10.40495,1.655,5.156,normal,accepted,19.284373154361727,15.403433543522048,four4_path_tdm,medium,102.2310816349796,6,22,11.522493932682371,-0.4505047356745778,20.1329717358847,19.284373154361727
0717,normal_tx,5Iron,17.96899999999999,105.2,/Users/john.pacino/Projects/openflight/artifacts/pi_sync_20260717/openflight_sessions/iwr6843/iwr6843_20260717_121055_162_013.l3dump,0.1651,6.5,10.40495,1.655,5.156,normal,accepted,19.401113735574356,15.752000564784845,four4_path_tdm,medium,102.2310816349796,6,22,12.102887393995335,0.06584250552877659,20.284390925182304,19.401113735574356
0717,normal_tx,5Iron,8.87999999999998,131.9,/Users/john.pacino/Projects/openflight/artifacts/pi_sync_20260717/openflight_sessions/iwr6843/iwr6843_20260717_121117_373_015.l3dump,0.1524,6.000000000000001,10.40495,1.655,5.156,normal,accepted,9.847055296709241,8.835744901695506,direct_only,high,128.10212336817276,7,23,9.847055296709241,8.972880420079141,8.69860938331187,8.143382678109418
0717,normal_tx,5Iron,8.87999999999998,131.9,/Users/john.pacino/Projects/openflight/artifacts/pi_sync_20260717/openflight_sessions/iwr6843/iwr6843_20260717_121117_373_015.l3dump,0.1651,6.5,10.40495,1.655,5.156,normal,accepted,10.212363934458185,9.25188374384959,direct_only,high,128.10212336817276,7,23,10.212363934458185,9.384977735713028,9.11878975198615,8.366298239423962
0717,normal_tx,SandWedge,25.881999999999998,67.0,/Users/john.pacino/Projects/openflight/artifacts/pi_sync_20260717/openflight_sessions/iwr6843/iwr6843_20260717_121204_092_018.l3dump,0.1524,6.000000000000001,10.40495,1.655,5.156,normal,rejected_track_quality,,,,withheld,157.89662466769695,0,0,,,,
0717,normal_tx,SandWedge,25.881999999999998,67.0,/Users/john.pacino/Projects/openflight/artifacts/pi_sync_20260717/openflight_sessions/iwr6843/iwr6843_20260717_121204_092_018.l3dump,0.1651,6.5,10.40495,1.655,5.156,normal,rejected_track_quality,,,,withheld,157.89662466769695,0,0,,,,
0717,normal_tx,SandWedge,29.326999999999998,82.3,/Users/john.pacino/Projects/openflight/artifacts/pi_sync_20260717/openflight_sessions/iwr6843/iwr6843_20260717_121222_280_019.l3dump,0.1524,6.000000000000001,10.40495,1.655,5.156,normal,accepted,30.935923392760888,30.997507873004693,direct_only,high,75.18565728434442,6,24,30.935923392760888,31.49470680929944,31.059092353248495,27.648866069218816
0717,normal_tx,SandWedge,29.326999999999998,82.3,/Users/john.pacino/Projects/openflight/artifacts/pi_sync_20260717/openflight_sessions/iwr6843/iwr6843_20260717_121222_280_019.l3dump,0.1651,6.5,10.40495,1.655,5.156,normal,accepted,31.4192487647567,31.4062599071911,direct_only,high,75.18565728434442,6,24,31.4192487647567,31.90986355711398,31.393271049625504,28.039171601595687
0717,normal_tx,SandWedge,1.5149999999999944,79.0,/Users/john.pacino/Projects/openflight/artifacts/pi_sync_20260717/openflight_sessions/iwr6843/iwr6843_20260717_121257_460_022.l3dump,0.1524,6.000000000000001,10.40495,1.655,5.156,normal,accepted,0.17837445977075161,-0.9094211137203672,direct_only,high,78.02558053852245,8,32,0.17837445977075161,-2.498765863367935,-1.9972166872114858,7.107374341971443
0717,normal_tx,SandWedge,1.5149999999999944,79.0,/Users/john.pacino/Projects/openflight/artifacts/pi_sync_20260717/openflight_sessions/iwr6843/iwr6843_20260717_121257_460_022.l3dump,0.1651,6.5,10.40495,1.655,5.156,normal,accepted,0.7372881741065831,-0.6299827072253887,direct_only,high,78.02558053852245,8,32,0.7372881741065831,-2.716684560874144,-1.9972535885573606,7.119363437374904
0717,normal_tx,SandWedge,29.942000000000014,78.4,/Users/john.pacino/Projects/openflight/artifacts/pi_sync_20260717/openflight_sessions/iwr6843/iwr6843_20260717_121320_732_024.l3dump,0.1524,6.000000000000001,10.40495,1.655,5.156,normal,rejected_track_quality,,,,withheld,66.3190840837212,0,0,,,,
0717,normal_tx,SandWedge,29.942000000000014,78.4,/Users/john.pacino/Projects/openflight/artifacts/pi_sync_20260717/openflight_sessions/iwr6843/iwr6843_20260717_121320_732_024.l3dump,0.1651,6.5,10.40495,1.655,5.156,normal,rejected_track_quality,,,,withheld,66.3190840837212,0,0,,,,
0717,normal_tx,SandWedge,30.744999999999997,74.3,/Users/john.pacino/Projects/openflight/artifacts/pi_sync_20260717/openflight_sessions/iwr6843/iwr6843_20260717_121351_239_026.l3dump,0.1524,6.000000000000001,10.40495,1.655,5.156,normal,accepted,31.679067733159297,32.06152215138375,direct_only,high,66.70678229038002,7,28,31.679067733159297,32.71449853547941,32.443976569608196,29.548850854761024
0717,normal_tx,SandWedge,30.744999999999997,74.3,/Users/john.pacino/Projects/openflight/artifacts/pi_sync_20260717/openflight_sessions/iwr6843/iwr6843_20260717_121351_239_026.l3dump,0.1651,6.5,10.40495,1.655,5.156,normal,accepted,32.10176260572568,32.440412260585106,direct_only,high,66.70678229038002,7,28,32.10176260572568,33.07475615985143,32.77906191544454,29.839165164950554
0717,normal_tx,SandWedge,26.976,76.3,/Users/john.pacino/Projects/openflight/artifacts/pi_sync_20260717/openflight_sessions/iwr6843/iwr6843_20260717_121414_496_028.l3dump,0.1524,6.000000000000001,10.40495,1.655,5.156,normal,rejected_track_quality,,,,withheld,86.75008053271131,0,0,,,,
0717,normal_tx,SandWedge,26.976,76.3,/Users/john.pacino/Projects/openflight/artifacts/pi_sync_20260717/openflight_sessions/iwr6843/iwr6843_20260717_121414_496_028.l3dump,0.1651,6.5,10.40495,1.655,5.156,normal,rejected_track_quality,,,,withheld,86.75008053271131,0,0,,,,
0717,normal_tx,SandWedge,28.018999999999988,77.1,/Users/john.pacino/Projects/openflight/artifacts/pi_sync_20260717/openflight_sessions/iwr6843/iwr6843_20260717_121439_150_030.l3dump,0.1524,6.000000000000001,10.40495,1.655,5.156,normal,accepted,30.69513547583447,30.281170027172955,direct_only,high,67.27269480705134,7,26,30.69513547583447,30.86055274970089,29.867204578511444,26.78199476372928
0717,normal_tx,SandWedge,28.018999999999988,77.1,/Users/john.pacino/Projects/openflight/artifacts/pi_sync_20260717/openflight_sessions/iwr6843/iwr6843_20260717_121439_150_030.l3dump,0.1651,6.5,10.40495,1.655,5.156,normal,accepted,31.129652733203304,30.66626768408066,direct_only,high,67.27269480705134,7,26,31.129652733203304,31.241650069483633,30.202882634958012,27.122872152045417
0717,normal_tx,SandWedge,30.037999999999993,75.4,/Users/john.pacino/Projects/openflight/artifacts/pi_sync_20260717/openflight_sessions/iwr6843/iwr6843_20260717_121511_227_033.l3dump,0.1524,6.000000000000001,10.40495,1.655,5.156,normal,rejected_track_quality,,,,withheld,61.511152860515814,0,0,,,,
0717,normal_tx,SandWedge,30.037999999999993,75.4,/Users/john.pacino/Projects/openflight/artifacts/pi_sync_20260717/openflight_sessions/iwr6843/iwr6843_20260717_121511_227_033.l3dump,0.1651,6.5,10.40495,1.655,5.156,normal,rejected_track_quality,,,,withheld,61.511152860515814,0,0,,,,
0717,normal_tx,SandWedge,28.917000000000012,77.9,/Users/john.pacino/Projects/openflight/artifacts/pi_sync_20260717/openflight_sessions/iwr6843/iwr6843_20260717_121602_028_036.l3dump,0.1524,6.000000000000001,10.40495,1.655,5.156,normal,accepted,30.42312119639338,30.177022494992507,reciprocal3_no_tdm,medium,69.9799396870911,6,24,29.930923793591628,30.960012843512384,30.42312119639338,29.54782046754897
0717,normal_tx,SandWedge,28.917000000000012,77.9,/Users/john.pacino/Projects/openflight/artifacts/pi_sync_20260717/openflight_sessions/iwr6843/iwr6843_20260717_121602_028_036.l3dump,0.1651,6.5,10.40495,1.655,5.156,normal,accepted,30.93887309819972,30.669597382464804,reciprocal3_no_tdm,medium,69.9799396870911,6,24,30.400321666729887,31.379743487560745,30.93887309819972,29.994644963244433
0717,normal_tx,SandWedge,29.544,79.2,/Users/john.pacino/Projects/openflight/artifacts/pi_sync_20260717/openflight_sessions/iwr6843/iwr6843_20260717_121616_891_037.l3dump,0.1524,6.000000000000001,10.40495,1.655,5.156,normal,accepted,32.658321350247284,32.42536699695239,direct_only,high,69.60573272916159,6,24,32.658321350247284,33.227320085439295,32.19241264365749,29.96980888176745
0717,normal_tx,SandWedge,29.544,79.2,/Users/john.pacino/Projects/openflight/artifacts/pi_sync_20260717/openflight_sessions/iwr6843/iwr6843_20260717_121616_891_037.l3dump,0.1651,6.5,10.40495,1.655,5.156,normal,accepted,33.07934757185654,32.82246932969449,direct_only,high,69.60573272916159,6,24,33.07934757185654,33.65807016783915,32.56559108753245,30.32884511166911
0717,normal_tx,Driver,19.501999999999974,139.6,/Users/john.pacino/Projects/openflight/artifacts/pi_sync_20260717/openflight_sessions/iwr6843/iwr6843_20260717_121817_738_002.l3dump,0.1524,6.000000000000001,10.40495,1.655,5.156,normal,accepted,22.62307238871582,23.13304392971648,direct_only,high,135.6382121955929,5,20,22.62307238871582,23.85399072049828,23.643015470717135,21.38282271328885
0717,normal_tx,Driver,19.501999999999974,139.6,/Users/john.pacino/Projects/openflight/artifacts/pi_sync_20260717/openflight_sessions/iwr6843/iwr6843_20260717_121817_738_002.l3dump,0.1651,6.5,10.40495,1.655,5.156,normal,accepted,23.01141547161217,23.390828686894636,direct_only,high,135.6382121955929,5,20,23.01141547161217,24.083587112327557,23.770241902177105,21.39336145821664
0717,normal_tx,Driver,13.600000000000001,151.8,/Users/john.pacino/Projects/openflight/artifacts/pi_sync_20260717/openflight_sessions/iwr6843/iwr6843_20260717_121853_553_005.l3dump,0.1524,6.000000000000001,10.40495,1.655,5.156,normal,accepted,29.03102113737422,22.24288899217857,four4_path_tdm,medium,55.3238371514053,7,28,22.1148100136387,21.34837629967581,22.37096797071844,29.03102113737422
0717,normal_tx,Driver,13.600000000000001,151.8,/Users/john.pacino/Projects/openflight/artifacts/pi_sync_20260717/openflight_sessions/iwr6843/iwr6843_20260717_121853_553_005.l3dump,0.1651,6.5,10.40495,1.655,5.156,normal,accepted,29.532990753998806,22.65925984703187,four4_path_tdm,medium,55.3238371514053,7,28,22.537411524753935,21.739729214439738,22.781108169309807,29.532990753998806
0717,normal_tx,Driver,11.264999999999931,159.9,/Users/john.pacino/Projects/openflight/artifacts/pi_sync_20260717/openflight_sessions/iwr6843/iwr6843_20260717_121928_251_007.l3dump,0.1524,6.000000000000001,10.40495,1.655,5.156,normal,accepted,13.329041459448055,10.782655405531852,direct_only,medium,157.02204078990283,4,16,13.329041459448055,12.535208469691323,8.838367746143701,9.030102341372382
0717,normal_tx,Driver,11.264999999999931,159.9,/Users/john.pacino/Projects/openflight/artifacts/pi_sync_20260717/openflight_sessions/iwr6843/iwr6843_20260717_121928_251_007.l3dump,0.1651,6.5,10.40495,1.655,5.156,normal,accepted,13.922061876601791,11.567106982553398,direct_only,medium,157.02204078990283,4,16,13.922061876601791,13.353671379255827,9.621086282942688,9.78054258585097
0717,normal_tx,Driver,10.865999999999948,161.2,/Users/john.pacino/Projects/openflight/artifacts/pi_sync_20260717/openflight_sessions/iwr6843/iwr6843_20260717_122018_436_011.l3dump,0.1524,6.000000000000001,10.40495,1.655,5.156,normal,accepted,14.379721207523758,14.41092563128024,direct_only,low,157.4279632527772,3,12,14.379721207523758,14.44213005503672,20.838798183789216,7.752706736193013
0717,normal_tx,Driver,10.865999999999948,161.2,/Users/john.pacino/Projects/openflight/artifacts/pi_sync_20260717/openflight_sessions/iwr6843/iwr6843_20260717_122018_436_011.l3dump,0.1651,6.5,10.40495,1.655,5.156,normal,accepted,14.965665401927621,15.030585817891833,direct_only,low,157.4279632527772,3,12,14.965665401927621,15.095506233856044,20.990735969924714,8.213408137420908
0717,normal_tx,Driver,6.214999999999975,156.1,/Users/john.pacino/Projects/openflight/artifacts/pi_sync_20260717/openflight_sessions/iwr6843/iwr6843_20260717_122053_344_014.l3dump,0.1524,6.000000000000001,10.40495,1.655,5.156,normal,accepted,8.773710522745397,9.285410988589074,direct_only,medium,153.41771087047542,4,16,8.773710522745397,9.474168660844855,15.224652858500715,9.096653316333295
0717,normal_tx,Driver,6.214999999999975,156.1,/Users/john.pacino/Projects/openflight/artifacts/pi_sync_20260717/openflight_sessions/iwr6843/iwr6843_20260717_122053_344_014.l3dump,0.1651,6.5,10.40495,1.655,5.156,normal,accepted,9.255259718142987,9.6476315652905,direct_only,medium,153.41771087047542,4,16,9.255259718142987,9.803223499516383,15.45599891763328,9.492039631064614
0717,normal_tx,Driver,9.191999999999986,154.1,/Users/john.pacino/Projects/openflight/artifacts/pi_sync_20260717/openflight_sessions/iwr6843/iwr6843_20260717_122143_307_017.l3dump,0.1524,6.000000000000001,10.40495,1.655,5.156,normal,accepted,21.00502511093963,21.080815266849562,direct_only,medium,56.110526481382315,7,26,21.00502511093963,16.796920875854795,21.156605422759498,25.92783713336102
0717,normal_tx,Driver,9.191999999999986,154.1,/Users/john.pacino/Projects/openflight/artifacts/pi_sync_20260717/openflight_sessions/iwr6843/iwr6843_20260717_122143_307_017.l3dump,0.1651,6.5,10.40495,1.655,5.156,normal,accepted,21.56675131676606,21.65689773868504,direct_only,medium,56.110526481382315,7,26,21.56675131676606,17.091936995918093,21.747044160604023,26.321919564506793
0717,normal_tx,Driver,15.532999999999989,150.8,/Users/john.pacino/Projects/openflight/artifacts/pi_sync_20260717/openflight_sessions/iwr6843/iwr6843_20260717_122219_263_019.l3dump,0.1524,6.000000000000001,10.40495,1.655,5.156,normal,accepted,16.36644813186688,16.42321253458657,direct_only,high,147.0856626016452,6,21,16.36644813186688,16.47997693730626,18.043329167919886,16.0949131293083
0717,normal_tx,Driver,15.532999999999989,150.8,/Users/john.pacino/Projects/openflight/artifacts/pi_sync_20260717/openflight_sessions/iwr6843/iwr6843_20260717_122219_263_019.l3dump,0.1651,6.5,10.40495,1.655,5.156,normal,accepted,16.7183402248013,16.807760340913205,direct_only,high,147.0856626016452,6,21,16.7183402248013,16.897180457025108,18.290394011952856,16.616324370392544
0717,normal_tx,Driver,13.584999999999974,158.2,/Users/john.pacino/Projects/openflight/artifacts/pi_sync_20260717/openflight_sessions/iwr6843/iwr6843_20260717_122256_361_021.l3dump,0.1524,6.000000000000001,10.40495,1.655,5.156,normal,accepted,26.6876264845666,22.729362389042848,four4_path_tdm,medium,57.33218077968685,6,24,22.258718007287314,21.634465418814422,23.200006770798385,26.6876264845666
0717,normal_tx,Driver,13.584999999999974,158.2,/Users/john.pacino/Projects/openflight/artifacts/pi_sync_20260717/openflight_sessions/iwr6843/iwr6843_20260717_122256_361_021.l3dump,0.1651,6.5,10.40495,1.655,5.156,normal,accepted,27.204531436306148,23.146550265461475,four4_path_tdm,medium,57.33218077968685,6,24,22.778674536603155,22.227519169779942,23.514425994319794,27.204531436306148
0717,normal_tx,Driver,14.128999999999941,152.7,/Users/john.pacino/Projects/openflight/artifacts/pi_sync_20260717/openflight_sessions/iwr6843/iwr6843_20260717_122330_650_023.l3dump,0.1524,6.000000000000001,10.40495,1.655,5.156,normal,accepted,16.693991369930437,16.3137626881445,direct_only,medium,150.18504207359618,4,13,16.693991369930437,15.933534006358567,18.43296850320178,12.559653082332977
0717,normal_tx,Driver,14.128999999999941,152.7,/Users/john.pacino/Projects/openflight/artifacts/pi_sync_20260717/openflight_sessions/iwr6843/iwr6843_20260717_122330_650_023.l3dump,0.1651,6.5,10.40495,1.655,5.156,normal,accepted,17.124667529974488,16.787195104662707,direct_only,medium,150.18504207359618,4,13,17.124667529974488,16.44972267935093,18.76675168710648,12.871394441352965
0717,normal_tx,Driver,11.635999999999974,158.0,/Users/john.pacino/Projects/openflight/artifacts/pi_sync_20260717/openflight_sessions/iwr6843/iwr6843_20260717_122414_762_025.l3dump,0.1524,6.000000000000001,10.40495,1.655,5.156,normal,accepted,14.468431169656407,14.141943606355948,direct_only,medium,156.15467842665916,4,16,14.468431169656407,14.03046117567628,10.646698944230993,14.253426037035618
0717,normal_tx,Driver,11.635999999999974,158.0,/Users/john.pacino/Projects/openflight/artifacts/pi_sync_20260717/openflight_sessions/iwr6843/iwr6843_20260717_122414_762_025.l3dump,0.1651,6.5,10.40495,1.655,5.156,normal,accepted,15.014929622080567,14.614171378822679,direct_only,medium,156.15467842665916,4,16,15.014929622080567,14.518119389186454,11.126260024410804,14.710223368458902
0717,normal_tx,Driver,13.045999999999998,156.2,/Users/john.pacino/Projects/openflight/artifacts/pi_sync_20260717/openflight_sessions/iwr6843/iwr6843_20260717_122445_215_026.l3dump,0.1524,6.000000000000001,10.40495,1.655,5.156,normal,accepted,16.15219137691564,13.703567483141406,direct_only,high,152.04699755741163,6,21,16.15219137691564,15.768211635801121,10.591934873206215,11.638923330481688
0717,normal_tx,Driver,13.045999999999998,156.2,/Users/john.pacino/Projects/openflight/artifacts/pi_sync_20260717/openflight_sessions/iwr6843/iwr6843_20260717_122445_215_026.l3dump,0.1651,6.5,10.40495,1.655,5.156,normal,accepted,16.614558261618825,14.03789533094361,direct_only,high,152.04699755741163,6,21,16.614558261618825,16.268152446100512,11.41371994254809,11.807638215786708
0717,normal_tx,Driver,12.361,160.1,/Users/john.pacino/Projects/openflight/artifacts/pi_sync_20260717/openflight_sessions/iwr6843/iwr6843_20260717_122534_138_029.l3dump,0.1524,6.000000000000001,10.40495,1.655,5.156,normal,accepted,14.743841735887903,13.82387014156389,direct_only,high,157.03312255671327,5,17,14.743841735887903,14.341679280581216,13.306061002546564,11.329098721664662
0717,normal_tx,Driver,12.361,160.1,/Users/john.pacino/Projects/openflight/artifacts/pi_sync_20260717/openflight_sessions/iwr6843/iwr6843_20260717_122534_138_029.l3dump,0.1651,6.5,10.40495,1.655,5.156,normal,accepted,15.311231831665586,14.21654750995087,direct_only,high,157.03312255671327,5,17,15.311231831665586,14.853606255902859,13.57948876399888,11.867029539830067
0717,normal_tx,Driver,14.429999999999952,158.9,/Users/john.pacino/Projects/openflight/artifacts/pi_sync_20260717/openflight_sessions/iwr6843/iwr6843_20260717_122603_943_030.l3dump,0.1524,6.000000000000001,10.40495,1.655,5.156,normal,accepted,13.09257637313662,14.430218880911774,four4_path_tdm,medium,156.1966710838998,4,16,15.767861388686926,11.50010716007846,19.683910257976166,13.09257637313662
0717,normal_tx,Driver,14.429999999999952,158.9,/Users/john.pacino/Projects/openflight/artifacts/pi_sync_20260717/openflight_sessions/iwr6843/iwr6843_20260717_122603_943_030.l3dump,0.1651,6.5,10.40495,1.655,5.156,normal,accepted,13.209793723037711,14.798987628202674,four4_path_tdm,medium,156.1966710838998,4,16,16.38818153336764,11.985588701483515,19.84355486026934,13.209793723037711
0717,normal_tx,Driver,10.788999999999971,163.0,/Users/john.pacino/Projects/openflight/artifacts/pi_sync_20260717/openflight_sessions/iwr6843/iwr6843_20260717_122633_215_032.l3dump,0.1524,6.000000000000001,10.40495,1.655,5.156,normal,accepted,12.99495037655635,11.170009403650168,direct_only,medium,158.53196713664963,4,13,12.99495037655635,10.716026954905972,11.623991852394363,10.681184968135247
0717,normal_tx,Driver,10.788999999999971,163.0,/Users/john.pacino/Projects/openflight/artifacts/pi_sync_20260717/openflight_sessions/iwr6843/iwr6843_20260717_122633_215_032.l3dump,0.1651,6.5,10.40495,1.655,5.156,normal,accepted,13.479848180005321,11.75419357352197,direct_only,medium,158.53196713664963,4,13,13.479848180005321,11.43481837975057,12.07356876729337,11.108060663363352
0717,normal_tx,Driver,6.653999999999975,158.2,/Users/john.pacino/Projects/openflight/artifacts/pi_sync_20260717/openflight_sessions/iwr6843/iwr6843_20260717_122659_214_034.l3dump,0.1524,6.000000000000001,10.40495,1.655,5.156,normal,accepted,29.15143946976029,23.581163058850784,four4_path_tdm,medium,57.42086745350837,6,23,22.41528501668992,21.636771521458822,24.747041101011643,29.15143946976029
0717,normal_tx,Driver,6.653999999999975,158.2,/Users/john.pacino/Projects/openflight/artifacts/pi_sync_20260717/openflight_sessions/iwr6843/iwr6843_20260717_122659_214_034.l3dump,0.1651,6.5,10.40495,1.655,5.156,normal,accepted,29.566152726064782,24.071542810433073,four4_path_tdm,medium,57.42086745350837,6,23,22.941837171111988,22.160543600156217,25.201248449754154,29.566152726064782
0717,reversed_tx_experimental,9Iron,21.446999999999985,104.0,/Users/john.pacino/Projects/openflight/artifacts/pi_sync_20260717/openflight_sessions/iwr6843/iwr6843_20260717_113843_003_001.l3dump,0.1524,6.000000000000001,10.40495,1.655,5.156,reversed,accepted,22.562319174175258,27.666486099888346,four4_path_tdm,medium,100.01053181524117,7,27,29.16111583559379,28.56215765134643,26.77081454843026,22.562319174175258
0717,reversed_tx_experimental,9Iron,21.446999999999985,104.0,/Users/john.pacino/Projects/openflight/artifacts/pi_sync_20260717/openflight_sessions/iwr6843/iwr6843_20260717_113843_003_001.l3dump,0.1651,6.5,10.40495,1.655,5.156,reversed,accepted,22.946318908967765,28.006965853351307,four4_path_tdm,medium,100.01053181524117,7,27,29.478457297525736,28.833550587462362,27.180381119240252,22.946318908967765
0717,reversed_tx_experimental,9Iron,20.456,113.5,/Users/john.pacino/Projects/openflight/artifacts/pi_sync_20260717/openflight_sessions/iwr6843/iwr6843_20260717_113904_950_002.l3dump,0.1524,6.000000000000001,10.40495,1.655,5.156,reversed,insufficient_candidate_snapshots,,,,withheld,103.25938965811672,0,0,,,,
0717,reversed_tx_experimental,9Iron,20.456,113.5,/Users/john.pacino/Projects/openflight/artifacts/pi_sync_20260717/openflight_sessions/iwr6843/iwr6843_20260717_113904_950_002.l3dump,0.1651,6.5,10.40495,1.655,5.156,reversed,insufficient_candidate_snapshots,,,,withheld,103.25938965811672,0,0,,,,
0717,reversed_tx_experimental,9Iron,21.337000000000007,111.7,/Users/john.pacino/Projects/openflight/artifacts/pi_sync_20260717/openflight_sessions/iwr6843/iwr6843_20260717_113923_910_003.l3dump,0.1524,6.000000000000001,10.40495,1.655,5.156,reversed,accepted,20.490382883665788,21.37617865603029,direct_only,high,107.1924444656104,7,27,20.490382883665788,20.957086861619743,21.795270450440842,23.201445574812016
0717,reversed_tx_experimental,9Iron,21.337000000000007,111.7,/Users/john.pacino/Projects/openflight/artifacts/pi_sync_20260717/openflight_sessions/iwr6843/iwr6843_20260717_113923_910_003.l3dump,0.1651,6.5,10.40495,1.655,5.156,reversed,accepted,20.826453511129476,21.723453062921834,direct_only,high,107.1924444656104,7,27,20.826453511129476,21.33232943313437,22.114576692709296,23.52092887361827
0717,reversed_tx_experimental,9Iron,19.476999999999993,115.4,/Users/john.pacino/Projects/openflight/artifacts/pi_sync_20260717/openflight_sessions/iwr6843/iwr6843_20260717_114107_880_002.l3dump,0.1524,6.000000000000001,10.40495,1.655,5.156,reversed,accepted,19.746065965906055,17.36221762204801,four4_path_tdm,medium,112.18272294352032,5,20,16.132041613123832,15.12167003502761,18.59239363097219,19.746065965906055
0717,reversed_tx_experimental,9Iron,19.476999999999993,115.4,/Users/john.pacino/Projects/openflight/artifacts/pi_sync_20260717/openflight_sessions/iwr6843/iwr6843_20260717_114107_880_002.l3dump,0.1651,6.5,10.40495,1.655,5.156,reversed,accepted,19.941688221451514,17.765031023391224,four4_path_tdm,medium,112.18272294352032,5,20,16.582247092128988,15.772731160899573,18.947814954653463,19.941688221451514
0717,reversed_tx_experimental,9Iron,17.945000000000014,105.5,/Users/john.pacino/Projects/openflight/artifacts/pi_sync_20260717/openflight_sessions/iwr6843/iwr6843_20260717_114135_097_003.l3dump,0.1524,6.000000000000001,10.40495,1.655,5.156,reversed,accepted,18.374705065931657,18.37993803247117,direct_only,high,102.67382468915858,6,24,18.374705065931657,18.385170999010683,15.891707756549177,19.142681401811643
0717,reversed_tx_experimental,9Iron,17.945000000000014,105.5,/Users/john.pacino/Projects/openflight/artifacts/pi_sync_20260717/openflight_sessions/iwr6843/iwr6843_20260717_114135_097_003.l3dump,0.1651,6.5,10.40495,1.655,5.156,reversed,accepted,18.89530934520025,18.966591861269617,direct_only,high,102.67382468915858,6,24,18.89530934520025,19.037874377338984,17.315491372728907,19.48805877532645
0717,reversed_tx_experimental,9Iron,20.174999999999986,112.6,/Users/john.pacino/Projects/openflight/artifacts/pi_sync_20260717/openflight_sessions/iwr6843/iwr6843_20260717_114210_520_004.l3dump,0.1524,6.000000000000001,10.40495,1.655,5.156,reversed,accepted,18.36470535404645,17.57585310193955,four4_path_tdm,medium,110.17684515057641,6,24,16.787000849832648,16.23507273271329,18.45233691699835,18.36470535404645
0717,reversed_tx_experimental,9Iron,20.174999999999986,112.6,/Users/john.pacino/Projects/openflight/artifacts/pi_sync_20260717/openflight_sessions/iwr6843/iwr6843_20260717_114210_520_004.l3dump,0.1651,6.5,10.40495,1.655,5.156,reversed,accepted,18.842543950856914,18.012627781772068,four4_path_tdm,medium,110.17684515057641,6,24,17.284419165569968,17.26247552647044,18.74083639797417,18.842543950856914
0717,reversed_tx_experimental,9Iron,21.15399999999999,113.8,/Users/john.pacino/Projects/openflight/artifacts/pi_sync_20260717/openflight_sessions/iwr6843/iwr6843_20260717_114230_732_005.l3dump,0.1524,6.000000000000001,10.40495,1.655,5.156,reversed,accepted,21.097290511151417,21.113707650231994,direct_only,high,109.72978273391699,7,23,21.097290511151417,21.130124789312568,21.416923447360876,19.942130474195583
0717,reversed_tx_experimental,9Iron,21.15399999999999,113.8,/Users/john.pacino/Projects/openflight/artifacts/pi_sync_20260717/openflight_sessions/iwr6843/iwr6843_20260717_114230_732_005.l3dump,0.1651,6.5,10.40495,1.655,5.156,reversed,accepted,21.513471815018715,21.474712284768067,direct_only,high,109.72978273391699,7,23,21.513471815018715,21.435952754517423,21.79274277984488,20.319252141717726
0717,reversed_tx_experimental,9Iron,18.210999999999988,113.3,/Users/john.pacino/Projects/openflight/artifacts/pi_sync_20260717/openflight_sessions/iwr6843/iwr6843_20260717_114255_061_006.l3dump,0.1524,6.000000000000001,10.40495,1.655,5.156,reversed,rejected_track_quality,,,,withheld,108.2245526432907,0,0,,,,
0717,reversed_tx_experimental,9Iron,18.210999999999988,113.3,/Users/john.pacino/Projects/openflight/artifacts/pi_sync_20260717/openflight_sessions/iwr6843/iwr6843_20260717_114255_061_006.l3dump,0.1651,6.5,10.40495,1.655,5.156,reversed,rejected_track_quality,,,,withheld,108.2245526432907,0,0,,,,
0717,reversed_tx_experimental,9Iron,20.345,112.1,/Users/john.pacino/Projects/openflight/artifacts/pi_sync_20260717/openflight_sessions/iwr6843/iwr6843_20260717_114313_071_007.l3dump,0.1524,6.000000000000001,10.40495,1.655,5.156,reversed,accepted,21.08391883421093,20.996625835409798,direct_only,high,108.0223118531744,7,24,21.08391883421093,20.909332836608666,21.54528612024852,20.10633835629366
0717,reversed_tx_experimental,9Iron,20.345,112.1,/Users/john.pacino/Projects/openflight/artifacts/pi_sync_20260717/openflight_sessions/iwr6843/iwr6843_20260717_114313_071_007.l3dump,0.1651,6.5,10.40495,1.655,5.156,reversed,accepted,21.486582229052683,21.398743513718554,direct_only,high,108.0223118531744,7,24,21.486582229052683,21.310904798384424,21.968433130471553,20.455841025646837
0717,reversed_tx_experimental,9Iron,22.276999999999997,111.4,/Users/john.pacino/Projects/openflight/artifacts/pi_sync_20260717/openflight_sessions/iwr6843/iwr6843_20260717_114335_703_008.l3dump,0.1524,6.000000000000001,10.40495,1.655,5.156,reversed,accepted,20.88879023612767,21.039261300301938,direct_only,high,106.40733053075918,7,25,20.88879023612767,21.189732364476207,19.740958808276094,22.141865273594252
0717,reversed_tx_experimental,9Iron,22.276999999999997,111.4,/Users/john.pacino/Projects/openflight/artifacts/pi_sync_20260717/openflight_sessions/iwr6843/iwr6843_20260717_114335_703_008.l3dump,0.1651,6.5,10.40495,1.655,5.156,reversed,accepted,21.16863314651983,21.324830351998017,direct_only,high,106.40733053075918,7,25,21.16863314651983,21.4810275574762,20.12177791146934,22.49363471346051
0717,reversed_tx_experimental,9Iron,8.145999999999997,103.3,/Users/john.pacino/Projects/openflight/artifacts/pi_sync_20260717/openflight_sessions/iwr6843/iwr6843_20260717_114359_847_009.l3dump,0.1524,6.000000000000001,10.40495,1.655,5.156,reversed,accepted,6.711647882583876,5.676242699909136,four4_path_tdm,low,101.55129483366181,5,20,4.168211461060932,4.640837517234396,10.797744795598819,6.711647882583876
0717,reversed_tx_experimental,9Iron,8.145999999999997,103.3,/Users/john.pacino/Projects/openflight/artifacts/pi_sync_20260717/openflight_sessions/iwr6843/iwr6843_20260717_114359_847_009.l3dump,0.1651,6.5,10.40495,1.655,5.156,reversed,accepted,6.392548653011999,5.727601193882064,four4_path_tdm,low,101.55129483366181,5,20,4.444225010883367,5.062653734752129,11.154257056542749,6.392548653011999
0717,reversed_tx_experimental,9Iron,21.63999999999999,107.2,/Users/john.pacino/Projects/openflight/artifacts/pi_sync_20260717/openflight_sessions/iwr6843/iwr6843_20260717_114440_907_012.l3dump,0.1524,6.000000000000001,10.40495,1.655,5.156,reversed,accepted,20.851743884537417,20.852037841768272,direct_only,high,102.93557508960588,6,24,20.851743884537417,20.852331798999124,22.193932946816016,20.527390051258713
0717,reversed_tx_experimental,9Iron,21.63999999999999,107.2,/Users/john.pacino/Projects/openflight/artifacts/pi_sync_20260717/openflight_sessions/iwr6843/iwr6843_20260717_114440_907_012.l3dump,0.1651,6.5,10.40495,1.655,5.156,reversed,accepted,21.271392447042746,21.285565313432684,direct_only,high,102.93557508960588,6,24,21.271392447042746,21.299738179822626,22.390455283727608,20.88670904733427
0717,reversed_tx_experimental,9Iron,20.869999999999987,110.4,/Users/john.pacino/Projects/openflight/artifacts/pi_sync_20260717/openflight_sessions/iwr6843/iwr6843_20260717_114503_274_013.l3dump,0.1524,6.000000000000001,10.40495,1.655,5.156,reversed,accepted,19.510450405564026,19.97401818810168,direct_only,medium,106.64342600054415,8,24,19.510450405564026,19.489761032745015,20.437585970639336,21.423134140649232
0717,reversed_tx_experimental,9Iron,20.869999999999987,110.4,/Users/john.pacino/Projects/openflight/artifacts/pi_sync_20260717/openflight_sessions/iwr6843/iwr6843_20260717_114503_274_013.l3dump,0.1651,6.5,10.40495,1.655,5.156,reversed,accepted,19.83044302186285,20.269532498252964,direct_only,medium,106.64342600054415,8,24,19.83044302186285,19.842059503562417,20.697005492943507,21.74158398459077
0717,reversed_tx_experimental,9Iron,21.05299999999999,109.2,/Users/john.pacino/Projects/openflight/artifacts/pi_sync_20260717/openflight_sessions/iwr6843/iwr6843_20260717_114522_201_014.l3dump,0.1524,6.000000000000001,10.40495,1.655,5.156,reversed,rejected_track_quality,,,,withheld,103.50233078969657,0,0,,,,
0717,reversed_tx_experimental,9Iron,21.05299999999999,109.2,/Users/john.pacino/Projects/openflight/artifacts/pi_sync_20260717/openflight_sessions/iwr6843/iwr6843_20260717_114522_201_014.l3dump,0.1651,6.5,10.40495,1.655,5.156,reversed,rejected_track_quality,,,,withheld,103.50233078969657,0,0,,,,
0717,reversed_tx_experimental,9Iron,21.702,111.2,/Users/john.pacino/Projects/openflight/artifacts/pi_sync_20260717/openflight_sessions/iwr6843/iwr6843_20260717_114543_832_015.l3dump,0.1524,6.000000000000001,10.40495,1.655,5.156,reversed,accepted,19.971444596429603,21.034229732265985,direct_only,high,104.94608222509501,6,23,19.971444596429603,22.022443787130257,21.437335485070147,20.631123979461822
0717,reversed_tx_experimental,9Iron,21.702,111.2,/Users/john.pacino/Projects/openflight/artifacts/pi_sync_20260717/openflight_sessions/iwr6843/iwr6843_20260717_114543_832_015.l3dump,0.1651,6.5,10.40495,1.655,5.156,reversed,accepted,20.36644624806971,21.273493194439993,direct_only,high,104.94608222509501,6,23,20.36644624806971,22.486520500461655,21.72243308334113,20.824553305538856
0717,reversed_tx_experimental,9Iron,20.416,106.5,/Users/john.pacino/Projects/openflight/artifacts/pi_sync_20260717/openflight_sessions/iwr6843/iwr6843_20260717_114603_238_016.l3dump,0.1524,6.000000000000001,10.40495,1.655,5.156,reversed,accepted,19.496553590765217,18.73519307742078,four4_path_tdm,medium,103.46793536333026,6,22,17.908240693898204,17.97383256407635,19.978797175917407,19.496553590765217
0717,reversed_tx_experimental,9Iron,20.416,106.5,/Users/john.pacino/Projects/openflight/artifacts/pi_sync_20260717/openflight_sessions/iwr6843/iwr6843_20260717_114603_238_016.l3dump,0.1651,6.5,10.40495,1.655,5.156,reversed,accepted,19.771980375297655,19.076614580376884,four4_path_tdm,medium,103.46793536333026,6,22,18.31221535191328,18.381248785456112,20.340262149703094,19.771980375297655
0717,reversed_tx_experimental,9Iron,20.733000000000004,105.7,/Users/john.pacino/Projects/openflight/artifacts/pi_sync_20260717/openflight_sessions/iwr6843/iwr6843_20260717_114620_627_017.l3dump,0.1524,6.000000000000001,10.40495,1.655,5.156,reversed,rejected_track_quality,,,,withheld,98.31386629603206,0,0,,,,
0717,reversed_tx_experimental,9Iron,20.733000000000004,105.7,/Users/john.pacino/Projects/openflight/artifacts/pi_sync_20260717/openflight_sessions/iwr6843/iwr6843_20260717_114620_627_017.l3dump,0.1651,6.5,10.40495,1.655,5.156,reversed,rejected_track_quality,,,,withheld,98.31386629603206,0,0,,,,
0717,reversed_tx_experimental,9Iron,20.308,112.9,/Users/john.pacino/Projects/openflight/artifacts/pi_sync_20260717/openflight_sessions/iwr6843/iwr6843_20260717_114641_193_018.l3dump,0.1524,6.000000000000001,10.40495,1.655,5.156,reversed,accepted,19.850046288568628,19.94917312457393,direct_only,high,108.3930962388897,8,29,19.850046288568628,20.04829996057924,20.83765387735211,19.172635387886096
0717,reversed_tx_experimental,9Iron,20.308,112.9,/Users/john.pacino/Projects/openflight/artifacts/pi_sync_20260717/openflight_sessions/iwr6843/iwr6843_20260717_114641_193_018.l3dump,0.1651,6.5,10.40495,1.655,5.156,reversed,accepted,20.173749410161633,20.295207664282035,direct_only,high,108.3930962388897,8,29,20.173749410161633,20.416665918402437,21.121415731574302,19.311052333130316
0722,old_enclosure,9Iron,21.444,100.4,/Users/john.pacino/Projects/openflight/artifacts/tm0722_raw/iwr6843/iwr6843_20260722_121505_197_002.l3dump,0.1524,6.000000000000001,12.4,1.626,5.131,normal,accepted,24.95041648016849,25.36397854969477,reciprocal3_no_tdm,medium,96.3362564251247,9,30,25.777540619221053,26.28164781694623,24.95041648016849,23.511444509834813
0722,old_enclosure,9Iron,21.444,100.4,/Users/john.pacino/Projects/openflight/artifacts/tm0722_raw/iwr6843/iwr6843_20260722_121505_197_002.l3dump,0.1651,6.5,12.4,1.626,5.131,normal,accepted,25.373861083603938,25.77214922793524,reciprocal3_no_tdm,medium,96.3362564251247,9,30,26.170437372266544,26.60835953590603,25.373861083603938,23.827777422220944
0722,old_enclosure,9Iron,3.251,89.4,/Users/john.pacino/Projects/openflight/artifacts/tm0722_raw/iwr6843/iwr6843_20260722_121532_950_004.l3dump,0.1524,6.000000000000001,12.4,1.626,5.131,normal,accepted,-1.2561197123346486,1.2540707772189317,reciprocal3_no_tdm,high,87.74824529567559,9,32,2.526900139882647,-0.01875858544478398,-1.2561197123346486,13.21877392824203
0722,old_enclosure,9Iron,3.251,89.4,/Users/john.pacino/Projects/openflight/artifacts/tm0722_raw/iwr6843/iwr6843_20260722_121532_950_004.l3dump,0.1651,6.5,12.4,1.626,5.131,normal,accepted,-1.2371645674253642,1.7548534059805403,reciprocal3_no_tdm,high,87.74824529567559,9,32,3.1125713253046015,0.397135486656479,-1.2371645674253642,13.268436730768261
0722,old_enclosure,9Iron,21.874,104.8,/Users/john.pacino/Projects/openflight/artifacts/tm0722_raw/iwr6843/iwr6843_20260722_121551_648_006.l3dump,0.1524,6.000000000000001,12.4,1.626,5.131,normal,accepted,19.836960971594323,23.908460395167594,four4_path_tdm,medium,100.90967472916458,8,27,24.089075789465944,23.727845000869245,24.233313338307585,19.836960971594323
0722,old_enclosure,9Iron,21.874,104.8,/Users/john.pacino/Projects/openflight/artifacts/tm0722_raw/iwr6843/iwr6843_20260722_121551_648_006.l3dump,0.1651,6.5,12.4,1.626,5.131,normal,accepted,20.208108626909812,24.20091724138792,four4_path_tdm,medium,100.90967472916458,8,27,24.23537821676085,24.166456266014993,24.53159838745536,20.208108626909812
0722,old_enclosure,9Iron,20.613,101.7,/Users/john.pacino/Projects/openflight/artifacts/tm0722_raw/iwr6843/iwr6843_20260722_121617_481_008.l3dump,0.1524,6.000000000000001,12.4,1.626,5.131,normal,rejected_track_quality,,,,withheld,82.48467699130302,0,0,,,,
0722,old_enclosure,9Iron,20.613,101.7,/Users/john.pacino/Projects/openflight/artifacts/tm0722_raw/iwr6843/iwr6843_20260722_121617_481_008.l3dump,0.1651,6.5,12.4,1.626,5.131,normal,rejected_track_quality,,,,withheld,82.48467699130302,0,0,,,,
0722,old_enclosure,9Iron,20.248,110.9,/Users/john.pacino/Projects/openflight/artifacts/tm0722_raw/iwr6843/iwr6843_20260722_121640_120_009.l3dump,0.1524,6.000000000000001,12.4,1.626,5.131,normal,accepted,23.102700007527375,23.610347174473873,reciprocal3_no_tdm,medium,107.36057412595673,8,30,24.117994341420367,24.58490471442299,23.102700007527375,19.885326046189398
0722,old_enclosure,9Iron,20.248,110.9,/Users/john.pacino/Projects/openflight/artifacts/tm0722_raw/iwr6843/iwr6843_20260722_121640_120_009.l3dump,0.1651,6.5,12.4,1.626,5.131,normal,accepted,23.42912273202952,23.998928242076396,reciprocal3_no_tdm,medium,107.36057412595673,8,30,24.56873375212327,25.08082355857611,23.42912273202952,20.22130920314797
0722,old_enclosure,9Iron,21.887,111.7,/Users/john.pacino/Projects/openflight/artifacts/tm0722_raw/iwr6843/iwr6843_20260722_121715_647_011.l3dump,0.1524,6.000000000000001,12.4,1.626,5.131,normal,accepted,21.41767478705873,23.909438591470458,four4_path_tdm,medium,107.61629205518581,7,25,23.946514860658787,23.87236232228213,24.877315818429466,21.41767478705873
0722,old_enclosure,9Iron,21.887,111.7,/Users/john.pacino/Projects/openflight/artifacts/tm0722_raw/iwr6843/iwr6843_20260722_121715_647_011.l3dump,0.1651,6.5,12.4,1.626,5.131,normal,accepted,21.642526789576078,24.32724760092998,four4_path_tdm,medium,107.61629205518581,7,25,24.366789531237956,24.287705670622007,25.20134118559103,21.642526789576078
0722,old_enclosure,9Iron,21.383,96.0,/Users/john.pacino/Projects/openflight/artifacts/tm0722_raw/iwr6843/iwr6843_20260722_122452_564_002.l3dump,0.1524,6.000000000000001,12.4,1.626,5.131,normal,accepted,24.752201428394088,24.537727385257867,direct_only,high,91.12414240307808,11,36,24.752201428394088,24.988743134895056,24.32325334212165,19.788261812560076
0722,old_enclosure,9Iron,21.383,96.0,/Users/john.pacino/Projects/openflight/artifacts/tm0722_raw/iwr6843/iwr6843_20260722_122452_564_002.l3dump,0.1651,6.5,12.4,1.626,5.131,normal,accepted,25.19943133601788,24.885364250747607,direct_only,high,91.12414240307808,11,36,25.19943133601788,25.358706291873943,24.571297165477333,20.165771192466767
0722,old_enclosure,9Iron,21.806,104.3,/Users/john.pacino/Projects/openflight/artifacts/tm0722_raw/iwr6843/iwr6843_20260722_122519_092_004.l3dump,0.1524,6.000000000000001,12.4,1.626,5.131,normal,accepted,23.596211468420464,24.327106763595904,reciprocal3_no_tdm,medium,99.65396994144155,11,36,25.058002058771343,25.54774799405526,23.596211468420464,18.701358192168755
0722,old_enclosure,9Iron,21.806,104.3,/Users/john.pacino/Projects/openflight/artifacts/tm0722_raw/iwr6843/iwr6843_20260722_122519_092_004.l3dump,0.1651,6.5,12.4,1.626,5.131,normal,accepted,24.01611520683839,24.740921275712495,reciprocal3_no_tdm,medium,99.65396994144155,11,36,25.4657273445866,25.925085863885553,24.01611520683839,19.233701538164713
0722,old_enclosure,9Iron,20.924,112.1,/Users/john.pacino/Projects/openflight/artifacts/tm0722_raw/iwr6843/iwr6843_20260722_122552_906_005.l3dump,0.1524,6.000000000000001,12.4,1.626,5.131,normal,accepted,23.76914141607825,23.79676047311129,direct_only,high,108.48942962220565,8,32,23.76914141607825,24.064350962971492,23.824379530144338,20.982031803284862
0722,old_enclosure,9Iron,20.924,112.1,/Users/john.pacino/Projects/openflight/artifacts/tm0722_raw/iwr6843/iwr6843_20260722_122552_906_005.l3dump,0.1651,6.5,12.4,1.626,5.131,normal,accepted,24.230340386357,24.17443801953985,direct_only,high,108.48942962220565,8,32,24.230340386357,24.353323319167217,24.118535652722695,21.484685416813555
0722,old_enclosure,9Iron,1.393,101.4,/Users/john.pacino/Projects/openflight/artifacts/tm0722_raw/iwr6843/iwr6843_20260722_122623_999_006.l3dump,0.1524,6.000000000000001,12.4,1.626,5.131,normal,accepted,0.35550932628549364,-0.49684084554202734,direct_only,high,99.61915507868385,9,36,0.35550932628549364,-1.5779606148330656,-1.3491910173695483,2.041871137814169
0722,old_enclosure,9Iron,1.393,101.4,/Users/john.pacino/Projects/openflight/artifacts/tm0722_raw/iwr6843/iwr6843_20260722_122623_999_006.l3dump,0.1651,6.5,12.4,1.626,5.131,normal,accepted,0.953588063271569,-0.18323870729928637,direct_only,high,99.61915507868385,9,36,0.953588063271569,-1.347026288000304,-1.3200654778701417,2.172209071990015
0722,old_enclosure,9Iron,22.989,104.8,/Users/john.pacino/Projects/openflight/artifacts/tm0722_raw/iwr6843/iwr6843_20260722_122643_177_007.l3dump,0.1524,6.000000000000001,12.4,1.626,5.131,normal,accepted,23.239076838132142,26.00672675866516,four4_path_tdm,medium,99.91936017244225,10,36,26.102998098233527,26.152826891712742,25.91045541909679,23.239076838132142
0722,old_enclosure,9Iron,22.989,104.8,/Users/john.pacino/Projects/openflight/artifacts/tm0722_raw/iwr6843/iwr6843_20260722_122643_177_007.l3dump,0.1651,6.5,12.4,1.626,5.131,normal,accepted,26.08974497412294,26.23907253802256,reciprocal3_no_tdm,medium,99.91936017244225,10,36,26.388400101922176,26.555943013961336,26.08974497412294,23.54108166102533
0722,old_enclosure,9Iron,19.929,104.7,/Users/john.pacino/Projects/openflight/artifacts/tm0722_raw/iwr6843/iwr6843_20260722_122713_101_009.l3dump,0.1524,6.000000000000001,12.4,1.626,5.131,normal,accepted,22.80838536263617,22.902498844434085,direct_only,high,100.89264524506854,10,37,22.80838536263617,23.015155643212836,22.996612326232,19.154868593937927
0722,old_enclosure,9Iron,19.929,104.7,/Users/john.pacino/Projects/openflight/artifacts/tm0722_raw/iwr6843/iwr6843_20260722_122713_101_009.l3dump,0.1651,6.5,12.4,1.626,5.131,normal,accepted,23.222524115356038,23.29977295344569,direct_only,high,100.89264524506854,10,37,23.222524115356038,23.434661236378766,23.37702179153534,19.65157378504829
0722,old_enclosure,9Iron,22.3,108.0,/Users/john.pacino/Projects/openflight/artifacts/tm0722_raw/iwr6843/iwr6843_20260722_122736_169_011.l3dump,0.1524,6.000000000000001,12.4,1.626,5.131,normal,accepted,25.457481247495664,26.21100846947848,reciprocal3_no_tdm,high,103.61843553579341,10,37,26.964535691461297,27.171974325981797,25.457481247495664,22.136725038427834
0722,old_enclosure,9Iron,22.3,108.0,/Users/john.pacino/Projects/openflight/artifacts/tm0722_raw/iwr6843/iwr6843_20260722_122736_169_011.l3dump,0.1651,6.5,12.4,1.626,5.131,normal,accepted,25.752665485006357,26.549597957979458,reciprocal3_no_tdm,high,103.61843553579341,10,37,27.346530430952562,27.596228815094843,25.752665485006357,22.529563340200728
0722,old_enclosure,9Iron,21.962,114.4,/Users/john.pacino/Projects/openflight/artifacts/tm0722_raw/iwr6843/iwr6843_20260722_122815_014_013.l3dump,0.1524,6.000000000000001,12.4,1.626,5.131,normal,accepted,20.403348228694608,25.413355955454414,four4_path_tdm,medium,110.05056597305123,10,34,26.383071725765685,26.061828117288687,24.764883793620143,20.403348228694608
0722,old_enclosure,9Iron,21.962,114.4,/Users/john.pacino/Projects/openflight/artifacts/tm0722_raw/iwr6843/iwr6843_20260722_122815_014_013.l3dump,0.1651,6.5,12.4,1.626,5.131,normal,accepted,20.784100100198234,25.74806015016229,four4_path_tdm,medium,110.05056597305123,10,34,26.460495272617266,26.40204311381586,25.094077186508716,20.784100100198234
0722,old_enclosure,9Iron,24.873,109.4,/Users/john.pacino/Projects/openflight/artifacts/tm0722_raw/iwr6843/iwr6843_20260722_122843_673_015.l3dump,0.1524,6.000000000000001,12.4,1.626,5.131,normal,accepted,28.86743097624439,28.928109721085207,direct_only,high,104.18622873380119,9,34,28.86743097624439,29.459858887144033,28.988788465926028,24.50296929089917
0722,old_enclosure,9Iron,24.873,109.4,/Users/john.pacino/Projects/openflight/artifacts/tm0722_raw/iwr6843/iwr6843_20260722_122843_673_015.l3dump,0.1651,6.5,12.4,1.626,5.131,normal,accepted,29.228281062372464,29.30576924959521,direct_only,high,104.18622873380119,9,34,29.228281062372464,29.827642488528944,29.383257436817956,24.873149905323306
0722,old_enclosure,9Iron,19.868,112.9,/Users/john.pacino/Projects/openflight/artifacts/tm0722_raw/iwr6843/iwr6843_20260722_122919_953_017.l3dump,0.1524,6.000000000000001,12.4,1.626,5.131,normal,accepted,20.78711171998196,23.665743751243312,four4_path_tdm,medium,108.67093487308748,9,33,23.58897494889388,23.74251255359274,23.89751962312478,20.78711171998196
0722,old_enclosure,9Iron,19.868,112.9,/Users/john.pacino/Projects/openflight/artifacts/tm0722_raw/iwr6843/iwr6843_20260722_122919_953_017.l3dump,0.1651,6.5,12.4,1.626,5.131,normal,accepted,21.088895701269852,24.05292295927864,four4_path_tdm,medium,108.67093487308748,9,33,23.94837923477112,24.274039234443073,24.15746668378616,21.088895701269852
0722,old_enclosure,9Iron,21.04,101.7,/Users/john.pacino/Projects/openflight/artifacts/tm0722_raw/iwr6843/iwr6843_20260722_122941_985_018.l3dump,0.1524,6.000000000000001,12.4,1.626,5.131,normal,accepted,23.830616885879778,23.55472439392866,direct_only,high,97.52088767605572,9,36,23.830616885879778,23.881924599459097,23.27883190197754,18.727176471707974
0722,old_enclosure,9Iron,21.04,101.7,/Users/john.pacino/Projects/openflight/artifacts/tm0722_raw/iwr6843/iwr6843_20260722_122941_985_018.l3dump,0.1651,6.5,12.4,1.626,5.131,normal,accepted,24.18687628255866,23.88268716102396,direct_only,high,97.52088767605572,9,36,24.18687628255866,24.20325610648845,23.57849803948926,19.141299909164992
0722,old_enclosure,9Iron,21.435,112.7,/Users/john.pacino/Projects/openflight/artifacts/tm0722_raw/iwr6843/iwr6843_20260722_123000_400_019.l3dump,0.1524,6.000000000000001,12.4,1.626,5.131,normal,accepted,24.89521452546692,24.28877932046561,direct_only,high,108.29776970157889,10,35,24.89521452546692,25.01427961533234,23.682344115464304,19.83125698931934
0722,old_enclosure,9Iron,21.435,112.7,/Users/john.pacino/Projects/openflight/artifacts/tm0722_raw/iwr6843/iwr6843_20260722_123000_400_019.l3dump,0.1651,6.5,12.4,1.626,5.131,normal,accepted,25.333847614617046,24.717618546662045,direct_only,high,108.29776970157889,10,35,25.333847614617046,25.40353547634581,24.101389478707045,20.38358904774113
0722,old_enclosure,9Iron,20.649,111.5,/Users/john.pacino/Projects/openflight/artifacts/tm0722_raw/iwr6843/iwr6843_20260722_123051_094_022.l3dump,0.1524,6.000000000000001,12.4,1.626,5.131,normal,accepted,24.537634529984704,24.92453592325973,reciprocal3_no_tdm,medium,107.67035254033354,9,31,25.311437316534754,26.283928376822846,24.537634529984704,19.37525943736736
0722,old_enclosure,9Iron,20.649,111.5,/Users/john.pacino/Projects/openflight/artifacts/tm0722_raw/iwr6843/iwr6843_20260722_123051_094_022.l3dump,0.1651,6.5,12.4,1.626,5.131,normal,accepted,19.920129110349897,25.37160594342403,four4_path_tdm,medium,107.67035254033354,9,31,25.712718527025537,26.819439810041874,25.030493359822525,19.920129110349897
0722,old_enclosure,9Iron,21.375,104.6,/Users/john.pacino/Projects/openflight/artifacts/tm0722_raw/iwr6843/iwr6843_20260722_123124_477_023.l3dump,0.1524,6.000000000000001,12.4,1.626,5.131,normal,accepted,23.604272916510208,24.432325295125246,direct_only,high,100.30907197823723,8,29,23.604272916510208,25.857684205042258,25.260377673740283,21.413581010187244
0722,old_enclosure,9Iron,21.375,104.6,/Users/john.pacino/Projects/openflight/artifacts/tm0722_raw/iwr6843/iwr6843_20260722_123124_477_023.l3dump,0.1651,6.5,12.4,1.626,5.131,normal,accepted,24.164206071660576,24.86474940252945,direct_only,high,100.30907197823723,8,29,24.164206071660576,26.319178249619714,25.565292733398326,21.73615950620235
