absolute_error_deg,angle_deg,club,component_std_deg,day,dump_path,four4_path_tdm_deg,n_frames,n_snapshots,ops_ball_speed_mph,rewindowable,sample_fmt,signed_error_deg,status,subset,tm_launch_angle_deg,track_inliers,track_rms_bins,track_span_s,track_speed_mph,tracker_quality,two8_deg,window
0.7775060211716927,17.555506021171684,9Iron,0.24739590899615038,0714,/Users/john.pacino/openflight_sessions/tm_0714/shot_vB_062.l3dump,17.308110112175534,7,25,96.9,True,0,0.7775060211716927,accepted,block_a_old_enclosure,16.77799999999999,71,0.2172238061436437,0.04317000000000001,96.37940407058689,ok,17.802901930167835,rectangular
0.5760835354965685,16.201916464503423,9Iron,0.9522673708886034,0714,/Users/john.pacino/openflight_sessions/tm_0714/shot_vB_062.l3dump,15.249649093614819,7,25,96.9,True,0,-0.5760835354965685,accepted,block_a_old_enclosure,16.77799999999999,67,0.16173456634931838,0.04308,96.48419063566256,ok,17.154183835392026,hann
0.29320764389560594,16.484792356104386,9Iron,0.4944569884943695,0714,/Users/john.pacino/openflight_sessions/tm_0714/shot_vB_062.l3dump,15.990335367610017,7,26,96.9,True,0,-0.29320764389560594,accepted,block_a_old_enclosure,16.77799999999999,67,0.16609526686901568,0.04308,96.51455502227321,ok,16.979249344598756,hamming
0.2912362650448639,11.779236265044851,9Iron,3.335357171321056,0714,/Users/john.pacino/openflight_sessions/tm_0714/shot_vB_063.l3dump,15.114593436365908,4,16,87.6,True,0,0.2912362650448639,accepted,block_a_old_enclosure,11.487999999999987,48,0.2632294425898194,0.01926,88.80717635407886,ok,8.443879093723796,rectangular
2.3104231295160957,9.177576870483891,9Iron,0.2765777751479348,0714,/Users/john.pacino/openflight_sessions/tm_0714/shot_vB_063.l3dump,9.454154645631826,4,16,87.6,True,0,-2.3104231295160957,accepted,block_a_old_enclosure,11.487999999999987,45,0.311686332402109,0.01926,88.81694981184123,ok,8.900999095335957,hann
1.2948449157428517,10.193155084257135,9Iron,0.9901525189446589,0714,/Users/john.pacino/openflight_sessions/tm_0714/shot_vB_063.l3dump,11.183307603201794,6,20,87.6,True,0,-1.2948449157428517,accepted,block_a_old_enclosure,11.487999999999987,47,0.23781712189278303,0.03726,88.19047626644031,ok,9.203002565312476,hamming
0.44661334705293854,20.915613347052922,9Iron,0.3870841607395441,0714,/Users/john.pacino/openflight_sessions/tm_0714/shot_vB_064.l3dump,21.302697507792466,7,22,106.7,True,0,0.44661334705293854,accepted,block_a_old_enclosure,20.468999999999983,65,0.1990732441131189,0.04326,105.72698063441021,ok,20.528529186313378,rectangular
2.4140945819703283,18.054905418029655,9Iron,1.0794668142005222,0714,/Users/john.pacino/openflight_sessions/tm_0714/shot_vB_064.l3dump,16.975438603829133,6,22,106.7,True,0,-2.4140945819703283,accepted,block_a_old_enclosure,20.468999999999983,72,0.17000479467810903,0.04326,105.7723563711196,ok,19.134372232230177,hann
2.3325219610671333,18.13647803893285,9Iron,0.9107436035572594,0714,/Users/john.pacino/openflight_sessions/tm_0714/shot_vB_064.l3dump,17.225734435375593,6,22,106.7,True,0,-2.3325219610671333,accepted,block_a_old_enclosure,20.468999999999983,74,0.16961885748700722,0.04326,105.78428449918998,ok,19.04722164249011,hamming
0.2471989138530013,17.696198913853006,9Iron,0.7438292835877363,0714,/Users/john.pacino/openflight_sessions/tm_0714/shot_vB_065.l3dump,16.95236963026527,7,25,108.0,True,0,0.2471989138530013,accepted,block_a_old_enclosure,17.449000000000005,72,0.4019033335616037,0.04317000000000001,106.1831876849244,ok,18.440028197440743,rectangular
0.8241784629874331,18.27317846298744,9Iron,1.1169233574808217,0714,/Users/john.pacino/openflight_sessions/tm_0714/shot_vB_065.l3dump,17.156255105506617,7,25,108.0,True,0,0.8241784629874331,accepted,block_a_old_enclosure,17.449000000000005,85,0.452834972788823,0.04335000000000001,104.92710952472814,low,19.39010182046826,hann
0.8804941674514168,18.329494167451422,9Iron,1.0326579580432256,0714,/Users/john.pacino/openflight_sessions/tm_0714/shot_vB_065.l3dump,17.296836209408198,7,25,108.0,True,0,0.8804941674514168,accepted,block_a_old_enclosure,17.449000000000005,85,0.44455368764632863,0.04335000000000001,105.27437045089646,ok,19.36215212549465,hamming
0.6291708241708065,20.90482917582919,9Iron,0.03197057669196823,0714,/Users/john.pacino/openflight_sessions/tm_0714/shot_vB_066.l3dump,20.87285859913722,5,20,108.5,True,0,-0.6291708241708065,accepted,block_a_old_enclosure,21.533999999999995,57,0.28466210672599235,0.0369,107.62977746788948,ok,20.936799752521157,rectangular
1.4289569514042562,20.10504304859574,9Iron,0.5671478014850138,0714,/Users/john.pacino/openflight_sessions/tm_0714/shot_vB_066.l3dump,20.672190850080753,6,20,108.5,True,0,-1.4289569514042562,accepted,block_a_old_enclosure,21.533999999999995,57,0.24117669981890763,0.0369,107.54668727758393,ok,19.537895247110725,hann
1.5536243139426738,19.98037568605732,9Iron,0.2794493495723369,0714,/Users/john.pacino/openflight_sessions/tm_0714/shot_vB_066.l3dump,20.259825035629657,6,20,108.5,True,0,-1.5536243139426738,accepted,block_a_old_enclosure,21.533999999999995,60,0.23377526177086208,0.0369,107.5150217277387,ok,19.700926336484983,hamming
0.6704713114465619,21.728471311446555,9Iron,0.06205664720635973,0714,/Users/john.pacino/openflight_sessions/tm_0714/shot_vB_067.l3dump,21.790527958652916,6,22,104.5,True,0,0.6704713114465619,accepted,block_a_old_enclosure,21.057999999999993,74,0.3574131618445756,0.04317000000000001,102.60713702345099,ok,21.666414664240197,rectangular
0.6455777541781309,21.703577754178124,9Iron,0.08357285264253989,0714,/Users/john.pacino/openflight_sessions/tm_0714/shot_vB_067.l3dump,21.787150606820664,8,26,104.5,True,0,0.6455777541781309,accepted,block_a_old_enclosure,21.057999999999993,78,0.41303639566395073,0.04335000000000001,102.44751783281396,ok,21.620004901535584,hann
0.7331181300414826,21.791118130041475,9Iron,0.04415741469359169,0714,/Users/john.pacino/openflight_sessions/tm_0714/shot_vB_067.l3dump,21.835275544735065,8,26,104.5,True,0,0.7331181300414826,accepted,block_a_old_enclosure,21.057999999999993,80,0.40990986346764785,0.04335000000000001,102.4421162201,ok,21.746960715347882,hamming
2.0641700945069816,7.7541700945069785,9Iron,4.694516680211214,0714,/Users/john.pacino/openflight_sessions/tm_0714/shot_vB_068.l3dump,7.7541700945069785,5,20,106.6,True,0,2.0641700945069816,accepted,block_a_old_enclosure,5.689999999999997,62,0.16844275382349483,0.030629999999999998,106.40613896323171,ok,-1.6348632659154487,rectangular
4.5380867552086555,10.228086755208652,9Iron,7.444184773532735,0714,/Users/john.pacino/openflight_sessions/tm_0714/shot_vB_068.l3dump,10.228086755208652,5,20,106.6,True,0,4.5380867552086555,accepted,block_a_old_enclosure,5.689999999999997,59,0.15416583631391925,0.030629999999999998,107.08420035893877,ok,-4.660282791856816,hann
4.358225558521686,10.048225558521683,9Iron,0.0,0714,/Users/john.pacino/openflight_sessions/tm_0714/shot_vB_068.l3dump,10.048225558521683,5,20,106.6,True,0,4.358225558521686,accepted,block_a_old_enclosure,5.689999999999997,64,0.13882413980351338,0.036989999999999995,106.87307647584343,ok,-5.0,hamming
0.8524662207077753,21.86646622070777,9Iron,0.5421636875105786,0714,/Users/john.pacino/openflight_sessions/tm_0714/shot_vB_069.l3dump,21.32430253319719,7,19,113.2,True,0,0.8524662207077753,accepted,block_a_old_enclosure,21.013999999999996,85,0.21360307628096623,0.04335000000000001,112.41052938843261,ok,22.408629908218348,rectangular
0.5004925367498849,21.51449253674988,9Iron,0.5584757352644658,0714,/Users/john.pacino/openflight_sessions/tm_0714/shot_vB_069.l3dump,20.956016801485415,6,23,113.2,True,0,0.5004925367498849,accepted,block_a_old_enclosure,21.013999999999996,81,0.1862776858224875,0.04335000000000001,112.61929280017033,ok,22.072968272014347,hann
1.6466527017541779,22.660652701754174,9Iron,0.19797931872806807,0714,/Users/john.pacino/openflight_sessions/tm_0714/shot_vB_069.l3dump,22.858632020482244,7,24,113.2,True,0,1.6466527017541779,accepted,block_a_old_enclosure,21.013999999999996,83,0.18648480362115846,0.04335000000000001,112.53011641549492,ok,22.462673383026107,hamming
0.40691804522847974,21.7230819547715,9Iron,1.2040719397352593,0714,/Users/john.pacino/openflight_sessions/tm_0714/shot_vB_070.l3dump,20.51901001503624,7,22,105.3,True,0,-0.40691804522847974,accepted,block_a_old_enclosure,22.12999999999998,85,0.1967360302767753,0.04299000000000001,104.71249169158841,ok,22.92715389450676,rectangular
0.7786629353429788,21.351337064657002,9Iron,1.8172626974862887,0714,/Users/john.pacino/openflight_sessions/tm_0714/shot_vB_070.l3dump,19.534074367170714,7,24,105.3,True,0,-0.7786629353429788,accepted,block_a_old_enclosure,22.12999999999998,76,0.15909258201922546,0.04299000000000001,104.3583151307178,ok,23.16859976214329,hann
0.7838319480827565,21.346168051917225,9Iron,1.843828853575852,0714,/Users/john.pacino/openflight_sessions/tm_0714/shot_vB_070.l3dump,19.50233919834137,7,24,105.3,True,0,-0.7838319480827565,accepted,block_a_old_enclosure,22.12999999999998,83,0.16004283980984874,0.04299000000000001,104.52827087145593,ok,23.189996905493075,hamming
0.8785839446874775,20.40141605531251,9Iron,0.5552619475185221,0714,/Users/john.pacino/openflight_sessions/tm_0714/shot_vB_071.l3dump,19.846154107793986,6,18,107.1,True,0,-0.8785839446874775,accepted,block_a_old_enclosure,21.279999999999987,43,0.1781494426238228,0.04308,106.99061756541879,ok,20.95667800283103,rectangular
0.23316694053077214,21.046833059469215,9Iron,0.07332020834582664,0714,/Users/john.pacino/openflight_sessions/tm_0714/shot_vB_071.l3dump,20.973512851123388,6,18,107.1,True,0,-0.23316694053077214,accepted,block_a_old_enclosure,21.279999999999987,44,0.16449868872384513,0.037169999999999995,106.86422116190496,ok,21.12015326781504,hann
0.6303645498453712,20.649635450154616,9Iron,0.6792217817929576,0714,/Users/john.pacino/openflight_sessions/tm_0714/shot_vB_071.l3dump,19.970413668361658,6,19,107.1,True,0,-0.6303645498453712,accepted,block_a_old_enclosure,21.279999999999987,45,0.15632990578120115,0.037169999999999995,106.87130450049966,ok,21.328857231947573,hamming
5.964846507950032,7.643846507950029,7Iron,2.641129530078142,0714,/Users/john.pacino/openflight_sessions/tm_0714/shot_vB_072.l3dump,10.284976038028171,8,29,77.1,True,0,5.964846507950032,accepted,block_a_old_enclosure,1.6789999999999963,71,0.22310280196960144,0.04335000000000001,76.08501588408703,ok,5.002716977871887,rectangular
5.704984029783677,7.383984029783674,7Iron,1.7708309557940507,0714,/Users/john.pacino/openflight_sessions/tm_0714/shot_vB_072.l3dump,9.154814985577724,8,28,77.1,True,0,5.704984029783677,accepted,block_a_old_enclosure,1.6789999999999963,63,0.12202690897398015,0.04335000000000001,76.1151376885763,ok,5.613153073989623,hann
5.764572397160261,7.443572397160258,7Iron,1.7892867924922737,0714,/Users/john.pacino/openflight_sessions/tm_0714/shot_vB_072.l3dump,9.232859189652531,8,29,77.1,True,0,5.764572397160261,accepted,block_a_old_enclosure,1.6789999999999963,61,0.12841716093869365,0.04335000000000001,76.10269448165585,ok,5.654285604667984,hamming
0.5154217058787403,19.193421705878727,7Iron,0.0304841991427498,0714,/Users/john.pacino/openflight_sessions/tm_0714/shot_vB_073.l3dump,19.223905905021475,6,20,109.8,True,0,0.5154217058787403,accepted,block_a_old_enclosure,18.677999999999987,61,0.189593975257627,0.03735000000000001,109.49639866541753,ok,19.162937506735975,rectangular
1.4895809499088415,20.167580949908828,7Iron,0.4514145919361816,0714,/Users/john.pacino/openflight_sessions/tm_0714/shot_vB_073.l3dump,20.61899554184501,6,20,109.8,True,0,1.4895809499088415,accepted,block_a_old_enclosure,18.677999999999987,61,0.1729789837590067,0.03735000000000001,109.24021578771777,ok,19.716166357972646,hann
1.1581969109637775,19.836196910963764,7Iron,0.5298676285749089,0714,/Users/john.pacino/openflight_sessions/tm_0714/shot_vB_073.l3dump,20.366064539538673,7,21,109.8,True,0,1.1581969109637775,accepted,block_a_old_enclosure,18.677999999999987,63,0.16909050641063553,0.03735000000000001,109.30226676410096,ok,19.306329282388855,hamming
0.37652372396884815,15.930476276031133,7Iron,1.6306545718267564,0714,/Users/john.pacino/openflight_sessions/tm_0714/shot_vB_074.l3dump,14.299821704204376,6,18,117.2,True,0,-0.37652372396884815,accepted,block_a_old_enclosure,16.30699999999998,56,0.33315829430380095,0.04173,116.23352113313534,ok,17.56113084785789,rectangular
1.61623551137518,17.92323551137516,7Iron,0.00942179901936413,0714,/Users/john.pacino/openflight_sessions/tm_0714/shot_vB_074.l3dump,17.932657310394525,6,21,117.2,True,0,1.61623551137518,accepted,block_a_old_enclosure,16.30699999999998,64,0.1976171434896643,0.03708,116.63019200880797,ok,17.913813712355797,hann
1.8548026907111463,18.161802690711127,7Iron,0.0666818727592382,0714,/Users/john.pacino/openflight_sessions/tm_0714/shot_vB_074.l3dump,18.09512081795189,7,22,117.2,True,0,1.8548026907111463,accepted,block_a_old_enclosure,16.30699999999998,68,0.2813697895545862,0.03735000000000001,116.77350350041401,ok,18.228484563470367,hamming
1.1770278323498893,18.418027832349882,7Iron,0.7990437816338947,0714,/Users/john.pacino/openflight_sessions/tm_0714/shot_vB_075.l3dump,17.618984050715987,7,22,114.4,True,0,1.1770278323498893,accepted,block_a_old_enclosure,17.240999999999993,80,0.18435269077529087,0.04308,114.19845882152494,ok,19.217071613983777,rectangular
0.15916898452091388,17.400168984520906,7Iron,2.0228672610136913,0714,/Users/john.pacino/openflight_sessions/tm_0714/shot_vB_075.l3dump,15.377301723507214,7,24,114.4,True,0,0.15916898452091388,accepted,block_a_old_enclosure,17.240999999999993,75,0.13289543888630825,0.04308,114.08101798346125,ok,19.423036245534597,hann
0.6567814262915448,17.897781426291537,7Iron,1.4101616162334292,0714,/Users/john.pacino/openflight_sessions/tm_0714/shot_vB_075.l3dump,16.487619810058106,7,24,114.4,True,0,0.6567814262915448,accepted,block_a_old_enclosure,17.240999999999993,80,0.13334395483753414,0.04308,114.06893490984658,ok,19.307943042524965,hamming
1.2265291304140895,13.318529130414102,7Iron,1.3026435272225756,0714,/Users/john.pacino/openflight_sessions/tm_0714/shot_vB_076.l3dump,14.621172657636679,6,21,101.8,True,0,1.2265291304140895,accepted,block_a_old_enclosure,12.092000000000013,73,0.33011803497278686,0.047729999999999995,101.4782903707488,ok,12.015885603191528,rectangular
0.9589279642880122,13.050927964288025,7Iron,1.4497888634271057,0714,/Users/john.pacino/openflight_sessions/tm_0714/shot_vB_076.l3dump,14.50071682771513,6,24,101.8,True,0,0.9589279642880122,accepted,block_a_old_enclosure,12.092000000000013,79,0.42323974305461437,0.04782,100.81895210352492,ok,11.60113910086092,hann
0.7650777432250653,12.857077743225078,7Iron,1.5145875538542075,0714,/Users/john.pacino/openflight_sessions/tm_0714/shot_vB_076.l3dump,14.371665297079286,6,24,101.8,True,0,0.7650777432250653,accepted,block_a_old_enclosure,12.092000000000013,79,0.3585575502692591,0.047729999999999995,101.11723312101662,ok,11.34249018937087,hamming
2.572356254490092,16.50035625449008,7Iron,3.610657396416191,0714,/Users/john.pacino/openflight_sessions/tm_0714/shot_vB_077.l3dump,20.11101365090627,6,19,101.4,True,0,2.572356254490092,accepted,block_a_old_enclosure,13.927999999999987,71,0.18274519826515848,0.04326,101.36078955487612,ok,12.889698858073887,rectangular
0.4714138981927647,14.399413898192751,7Iron,2.012054832712505,0714,/Users/john.pacino/openflight_sessions/tm_0714/shot_vB_077.l3dump,16.411468730905256,6,21,101.4,True,0,0.4714138981927647,accepted,block_a_old_enclosure,13.927999999999987,71,0.1668923544414937,0.04326,101.73036080617966,ok,12.387359065480245,hann
2.551021766924375,16.47902176692436,7Iron,3.1899492152991593,0714,/Users/john.pacino/openflight_sessions/tm_0714/shot_vB_077.l3dump,19.66897098222352,7,22,101.4,True,0,2.551021766924375,accepted,block_a_old_enclosure,13.927999999999987,72,0.17493360115023804,0.04326,101.62131882453885,ok,13.289072551625202,hamming
3.929002256567247,10.051002256567232,7Iron,6.3319621754580275,0714,/Users/john.pacino/openflight_sessions/tm_0714/shot_vB_078.l3dump,10.051002256567232,5,20,71.0,True,0,3.929002256567247,accepted,block_a_old_enclosure,6.121999999999985,79,0.2523887123893206,0.025349999999999998,68.53131249109151,ok,-2.6129220943488223,rectangular
2.857677666053317,8.979677666053302,7Iron,0.0,0714,/Users/john.pacino/openflight_sessions/tm_0714/shot_vB_078.l3dump,8.979677666053302,6,21,71.0,True,0,2.857677666053317,accepted,block_a_old_enclosure,6.121999999999985,81,0.14586590149303097,0.030899999999999997,68.23407693017204,ok,-5.0,hann
2.719458236849367,8.841458236849352,7Iron,0.0,0714,/Users/john.pacino/openflight_sessions/tm_0714/shot_vB_078.l3dump,8.841458236849352,6,21,71.0,True,0,2.719458236849367,accepted,block_a_old_enclosure,6.121999999999985,81,0.14524398787077014,0.030899999999999997,68.2740890379296,ok,-5.0,hamming
1.9262728014681532,13.731727198531845,7Iron,0.20325556120575072,0714,/Users/john.pacino/openflight_sessions/tm_0714/shot_vB_079.l3dump,13.528471637326094,7,23,108.2,True,0,-1.9262728014681532,accepted,block_a_old_enclosure,15.657999999999998,82,0.44194311062416575,0.04854,105.81490460027084,ok,13.934982759737595,rectangular
0.23381462798291963,15.424185372017078,7Iron,2.2105758242973756,0714,/Users/john.pacino/openflight_sessions/tm_0714/shot_vB_079.l3dump,17.634761196314454,7,23,108.2,True,0,-0.23381462798291963,accepted,block_a_old_enclosure,15.657999999999998,83,0.3848428403248923,0.04854,106.05825221792273,ok,13.213609547719702,hann
0.1735807189839793,15.484419281016018,7Iron,2.08881227807351,0714,/Users/john.pacino/openflight_sessions/tm_0714/shot_vB_079.l3dump,17.57323155908953,7,24,108.2,True,0,-0.1735807189839793,accepted,block_a_old_enclosure,15.657999999999998,86,0.37692583877352104,0.04854,106.09720551210184,ok,13.395607002942509,hamming
,,7Iron,,0714,/Users/john.pacino/openflight_sessions/tm_0714/shot_vB_080.l3dump,,0,0,103.4,True,0,,rejected_track_quality,block_a_old_enclosure,14.687999999999988,67,0.5041336793778693,0.04335000000000001,101.14832764207878,reject,,rectangular
2.432103164939665,12.255896835060323,7Iron,2.5111653814310246,0714,/Users/john.pacino/openflight_sessions/tm_0714/shot_vB_080.l3dump,9.7447314536293,7,26,103.4,True,0,-2.432103164939665,accepted,block_a_old_enclosure,14.687999999999988,72,0.36383817353382647,0.04218,101.45087665237206,ok,14.767062216491349,hann
2.0213472054615877,12.6666527945384,7Iron,2.5186610005788124,0714,/Users/john.pacino/openflight_sessions/tm_0714/shot_vB_080.l3dump,10.147991793959587,7,27,103.4,True,0,-2.0213472054615877,accepted,block_a_old_enclosure,14.687999999999988,74,0.33329321205368406,0.04317000000000001,101.69398151858663,ok,15.185313795117212,hamming
0.07935549094631078,9.067644509053672,7Iron,0.18424601465051005,0714,/Users/john.pacino/openflight_sessions/tm_0714/shot_vB_081.l3dump,9.251890523704182,6,22,106.5,True,0,-0.07935549094631078,accepted,block_a_old_enclosure,9.146999999999982,49,0.3635082192500132,0.04128,105.38835233264828,ok,8.883398494403162,rectangular
2.036286132337091,11.183286132337074,7Iron,1.1914893723375517,0714,/Users/john.pacino/openflight_sessions/tm_0714/shot_vB_081.l3dump,12.374775504674625,8,26,106.5,True,0,2.036286132337091,accepted,block_a_old_enclosure,9.146999999999982,55,0.4224591561259131,0.04844999999999999,105.2956731956095,ok,9.991796759999522,hann
2.311384326573032,11.458384326573015,7Iron,1.3242500016868295,0714,/Users/john.pacino/openflight_sessions/tm_0714/shot_vB_081.l3dump,12.782634328259844,8,26,106.5,True,0,2.311384326573032,accepted,block_a_old_enclosure,9.146999999999982,53,0.3614352735660578,0.04154999999999999,105.34841598736435,ok,10.134134324886185,hamming
0.9115081028004717,18.18750810280045,7Iron,1.362722661776532,0714,/Users/john.pacino/openflight_sessions/tm_0714/shot_vB_082.l3dump,19.550230764576984,6,23,105.6,True,0,0.9115081028004717,accepted,block_a_old_enclosure,17.27599999999998,77,0.26187103430077074,0.04254,104.31702890954612,ok,16.82478544102392,rectangular
1.535882495104243,15.740117504895736,7Iron,1.9238126281743702,0714,/Users/john.pacino/openflight_sessions/tm_0714/shot_vB_082.l3dump,13.816304876721366,6,23,105.6,True,0,-1.535882495104243,accepted,block_a_old_enclosure,17.27599999999998,75,0.24005031945507777,0.04254,104.47784528311814,ok,17.663930133070107,hann
1.3568647409815462,15.919135259018432,7Iron,1.7645200987550664,0714,/Users/john.pacino/openflight_sessions/tm_0714/shot_vB_082.l3dump,14.154615160263367,6,24,105.6,True,0,-1.3568647409815462,accepted,block_a_old_enclosure,17.27599999999998,77,0.23267251348846357,0.04254,104.45917937527928,ok,17.6836553577735,hamming
0.16849899152949632,18.707501008470494,7Iron,0.9067943561010257,0714,/Users/john.pacino/openflight_sessions/tm_0714/shot_vB_083.l3dump,19.61429536457152,5,20,108.5,True,0,-0.16849899152949632,accepted,block_a_old_enclosure,18.87599999999999,67,0.208337242554213,0.03717000000000001,107.61742893471872,ok,17.80070665236947,rectangular
0.8897728610186846,19.765772861018675,7Iron,0.16176628045601227,0714,/Users/john.pacino/openflight_sessions/tm_0714/shot_vB_083.l3dump,19.927539141474686,6,23,108.5,True,0,0.8897728610186846,accepted,block_a_old_enclosure,18.87599999999999,69,0.16959536933291278,0.03717000000000001,107.53170813930498,ok,19.60400658056266,hann
0.4464078453376281,19.32240784533762,7Iron,3.797084752577007e-05,0714,/Users/john.pacino/openflight_sessions/tm_0714/shot_vB_083.l3dump,19.322369874490093,6,23,108.5,True,0,0.4464078453376281,accepted,block_a_old_enclosure,18.87599999999999,74,0.16681330583039736,0.03717000000000001,107.55271882481831,ok,19.322445816185144,hamming
0.5236563322984686,16.426343667701524,7Iron,0.4407877969107563,0714,/Users/john.pacino/openflight_sessions/tm_0714/shot_vB_084.l3dump,16.867131464612278,4,16,118.6,True,0,-0.5236563322984686,accepted,block_a_old_enclosure,16.949999999999992,63,0.17603971931261728,0.037259999999999995,118.32267526657873,ok,15.985555870790765,rectangular
0.7186840080555328,17.668684008055525,7Iron,0.4112689144741104,0714,/Users/john.pacino/openflight_sessions/tm_0714/shot_vB_084.l3dump,18.079952922529635,5,18,118.6,True,0,0.7186840080555328,accepted,block_a_old_enclosure,16.949999999999992,70,0.12927654461563812,0.042,118.072067319776,ok,17.257415093581415,hann
0.7042517679613951,17.654251767961387,7Iron,0.318142243893881,0714,/Users/john.pacino/openflight_sessions/tm_0714/shot_vB_084.l3dump,17.97239401185527,5,18,118.6,True,0,0.7042517679613951,accepted,block_a_old_enclosure,16.949999999999992,71,0.12889797056488317,0.042,118.17393115511364,ok,17.336109524067506,hamming
,,5Iron,,0714,/Users/john.pacino/openflight_sessions/tm_0714/shot_vB_086.l3dump,,0,0,109.3,True,0,,rejected_track_quality,block_a_old_enclosure,14.677,55,0.5548041149693586,0.042629999999999994,106.32515524075211,reject,,rectangular
,,5Iron,,0714,/Users/john.pacino/openflight_sessions/tm_0714/shot_vB_086.l3dump,,0,0,109.3,True,0,,rejected_track_quality,block_a_old_enclosure,14.677,50,0.5018871143500861,0.04881,106.84312204958101,reject,,hann
1.2605168562025248,15.937516856202524,5Iron,0.5133327516535031,0714,/Users/john.pacino/openflight_sessions/tm_0714/shot_vB_086.l3dump,15.424184104549022,5,20,109.3,True,0,1.2605168562025248,accepted,block_a_old_enclosure,14.677,54,0.49136861911927027,0.04881,107.04066798264496,low,16.45084960785603,hamming
0.029141647578112995,15.436141647578104,5Iron,1.5314917478612822,0714,/Users/john.pacino/openflight_sessions/tm_0714/shot_vB_087.l3dump,13.904649899716821,6,20,115.2,True,0,0.029141647578112995,accepted,block_a_old_enclosure,15.406999999999991,76,0.18475104489104918,0.03135,114.36159135414191,ok,16.967633395439385,rectangular
0.34250450881669714,15.064495491183294,5Iron,1.125230651955988,0714,/Users/john.pacino/openflight_sessions/tm_0714/shot_vB_087.l3dump,13.939264839227306,6,23,115.2,True,0,-0.34250450881669714,accepted,block_a_old_enclosure,15.406999999999991,75,0.13856245100426104,0.03135,114.42014240956107,ok,16.189726143139282,hann
0.18939425109107155,15.596394251091063,5Iron,0.6051067103260159,0714,/Users/john.pacino/openflight_sessions/tm_0714/shot_vB_087.l3dump,14.991287540765047,6,23,115.2,True,0,0.18939425109107155,accepted,block_a_old_enclosure,15.406999999999991,76,0.14150737881066758,0.03135,114.4304877151429,ok,16.20150096141708,hamming
11.834397650919623,12.345397650919622,5Iron,6.439416284226593,0714,/Users/john.pacino/openflight_sessions/tm_0714/shot_vB_088.l3dump,12.345397650919622,6,24,87.4,True,0,11.834397650919623,accepted,block_a_old_enclosure,0.5110000000000001,69,0.29810404532311807,0.031080000000000003,96.20403859275085,ok,-0.5334349175335635,rectangular
10.0771139592892,10.588113959289199,5Iron,5.810563357585112,0714,/Users/john.pacino/openflight_sessions/tm_0714/shot_vB_088.l3dump,10.588113959289199,6,22,87.4,True,0,10.0771139592892,accepted,block_a_old_enclosure,0.5110000000000001,66,0.2850073436949309,0.031259999999999996,95.76098434004969,ok,-1.0330127558810236,hann
12.3683236562078,12.8793236562078,5Iron,7.023538069366396,0714,/Users/john.pacino/openflight_sessions/tm_0714/shot_vB_088.l3dump,12.8793236562078,6,24,87.4,True,0,12.3683236562078,accepted,block_a_old_enclosure,0.5110000000000001,67,0.29251016464303825,0.03135,95.78571432824579,ok,-1.167752482524992,hamming
,,5Iron,,0714,/Users/john.pacino/openflight_sessions/tm_0714/shot_vB_089.l3dump,,0,0,120.2,True,0,,rejected_track_quality,block_a_old_enclosure,15.646999999999995,28,0.49244672933492045,0.013080000000000001,96.01072339639958,reject,,rectangular
,,5Iron,,0714,/Users/john.pacino/openflight_sessions/tm_0714/shot_vB_089.l3dump,,0,0,120.2,True,0,,rejected_track_quality,block_a_old_enclosure,15.646999999999995,14,0.5610847692239692,0.012090000000000004,108.70322892778621,reject,,hann
,,5Iron,,0714,/Users/john.pacino/openflight_sessions/tm_0714/shot_vB_089.l3dump,,0,0,120.2,True,0,,rejected_track_quality,block_a_old_enclosure,15.646999999999995,15,0.5636460974273683,0.012090000000000004,107.08154546615168,reject,,hamming
,,5Iron,,0714,/Users/john.pacino/openflight_sessions/tm_0714/shot_vB_090.l3dump,,0,0,118.3,True,0,,rejected_track_quality,block_a_old_enclosure,12.959999999999992,38,0.611477426110953,0.02436,113.10588395483916,reject,,rectangular
0.6032359500576501,12.356764049942342,5Iron,3.102097835664112,0714,/Users/john.pacino/openflight_sessions/tm_0714/shot_vB_090.l3dump,15.458861885606453,5,20,118.3,True,0,-0.6032359500576501,accepted,block_a_old_enclosure,12.959999999999992,48,0.46292750723226017,0.047189999999999996,116.17499900267076,low,9.25466621427823,hann
0.9468915670252986,12.013108432974693,5Iron,3.3058901768915954,0714,/Users/john.pacino/openflight_sessions/tm_0714/shot_vB_090.l3dump,15.318998609866288,5,20,118.3,True,0,-0.9468915670252986,accepted,block_a_old_enclosure,12.959999999999992,53,0.4497525684415192,0.047909999999999994,116.59498618289032,ok,8.707218256083097,hamming
2.3160317330934124,12.209031733093406,5Iron,1.568192421763257,0714,/Users/john.pacino/openflight_sessions/tm_0714/shot_vB_091.l3dump,13.777224154856663,6,22,103.0,True,0,2.3160317330934124,accepted,block_a_old_enclosure,9.892999999999994,44,0.17910937784879422,0.03735000000000001,103.34011169784594,ok,10.640839311330149,rectangular
2.8722469248366096,12.765246924836603,5Iron,2.5133527629866457,0714,/Users/john.pacino/openflight_sessions/tm_0714/shot_vB_091.l3dump,15.278599687823249,7,23,103.0,True,0,2.8722469248366096,accepted,block_a_old_enclosure,9.892999999999994,42,0.13931453445785932,0.03735000000000001,103.19429197843982,ok,10.251894161849957,hann
3.8697300176671003,13.762730017667094,5Iron,2.991196015509056,0714,/Users/john.pacino/openflight_sessions/tm_0714/shot_vB_091.l3dump,16.75392603317615,7,25,103.0,True,0,3.8697300176671003,accepted,block_a_old_enclosure,9.892999999999994,45,0.13177794539780938,0.03735000000000001,103.25713858537027,ok,10.771534002158038,hamming
3.1723460898732068,7.7456539101267765,5Iron,1.6322199266012642,0714,/Users/john.pacino/openflight_sessions/tm_0714/shot_vB_092.l3dump,6.113433983525512,5,19,105.2,True,0,-3.1723460898732068,accepted,block_a_old_enclosure,10.917999999999983,48,0.25904359315175235,0.030719999999999997,103.20424075080244,ok,9.37787383672804,rectangular
3.077853215132425,7.840146784867558,5Iron,1.9255153884777196,0714,/Users/john.pacino/openflight_sessions/tm_0714/shot_vB_092.l3dump,5.914631396389839,4,16,105.2,True,0,-3.077853215132425,accepted,block_a_old_enclosure,10.917999999999983,49,0.19230749380350634,0.018989999999999993,101.96504050186226,ok,9.765662173345278,hann
3.2459527606168486,7.672047239383135,5Iron,1.1382498104291763,0714,/Users/john.pacino/openflight_sessions/tm_0714/shot_vB_092.l3dump,6.533797428953958,4,16,105.2,True,0,-3.2459527606168486,accepted,block_a_old_enclosure,10.917999999999983,49,0.1926291717703613,0.018989999999999993,102.04427898587352,ok,8.810297049812311,hamming
4.42306969178112,5.947069691781095,5Iron,4.356979066538031,0714,/Users/john.pacino/openflight_sessions/tm_0714/shot_vB_093.l3dump,5.947069691781095,5,20,89.2,True,0,4.42306969178112,accepted,block_a_old_enclosure,1.5239999999999743,74,0.2646997101055498,0.025259999999999998,85.59811345959726,ok,-2.766888441294967,rectangular
4.467867841536298,5.991867841536272,5Iron,0.0,0714,/Users/john.pacino/openflight_sessions/tm_0714/shot_vB_093.l3dump,5.991867841536272,6,21,89.2,True,0,4.467867841536298,accepted,block_a_old_enclosure,1.5239999999999743,67,0.17718274631980008,0.04335000000000001,85.49855421846426,ok,-5.0,hann
4.827719202929065,6.351719202929039,5Iron,5.491057183024728,0714,/Users/john.pacino/openflight_sessions/tm_0714/shot_vB_093.l3dump,6.351719202929039,6,21,89.2,True,0,4.827719202929065,accepted,block_a_old_enclosure,1.5239999999999743,68,0.18197653037152378,0.04335000000000001,85.46010100415504,ok,-4.630395163120418,hamming
0.3163994916185686,13.43239949161855,5Iron,1.9908468987926495,0714,/Users/john.pacino/openflight_sessions/tm_0714/shot_vB_094.l3dump,15.4232463904112,5,20,126.6,True,0,0.3163994916185686,accepted,block_a_old_enclosure,13.115999999999982,86,0.20830127621625158,0.04308,126.1180234075728,ok,11.4415525928259,rectangular
1.5675199988954045,11.548480001104577,5Iron,0.7904907287070024,0714,/Users/john.pacino/openflight_sessions/tm_0714/shot_vB_094.l3dump,12.33897072981158,5,19,126.6,True,0,-1.5675199988954045,accepted,block_a_old_enclosure,13.115999999999982,78,0.187378584352668,0.04308,126.43143941920127,ok,10.757989272397575,hann
0.9989902332575014,12.11700976674248,5Iron,0.005148466919936645,0714,/Users/john.pacino/openflight_sessions/tm_0714/shot_vB_094.l3dump,12.122158233662418,5,20,126.6,True,0,-0.9989902332575014,accepted,block_a_old_enclosure,13.115999999999982,79,0.1828316676898851,0.04308,126.35583845075229,ok,12.111861299822545,hamming
1.1917509751119457,15.463750975111928,5Iron,0.17614606305021852,0714,/Users/john.pacino/openflight_sessions/tm_0714/shot_vB_095.l3dump,15.28760491206171,6,24,111.7,True,0,1.1917509751119457,accepted,block_a_old_enclosure,14.271999999999982,46,0.4762796845072622,0.030359999999999998,109.08463465744676,low,15.639897038162147,rectangular
,,5Iron,,0714,/Users/john.pacino/openflight_sessions/tm_0714/shot_vB_095.l3dump,,0,0,111.7,True,0,,rejected_track_quality,block_a_old_enclosure,14.271999999999982,54,0.5129119712624824,0.024179999999999993,105.89147962993125,reject,,hann
,,5Iron,,0714,/Users/john.pacino/openflight_sessions/tm_0714/shot_vB_095.l3dump,,0,0,111.7,True,0,,rejected_track_quality,block_a_old_enclosure,14.271999999999982,56,0.5349321566397658,0.024269999999999993,106.1184605482305,reject,,hamming
1.1176395898395128,13.079360410160485,5Iron,0.8342620037647475,0714,/Users/john.pacino/openflight_sessions/tm_0714/shot_vB_096.l3dump,12.245098406395737,4,16,126.4,True,0,-1.1176395898395128,accepted,block_a_old_enclosure,14.196999999999997,56,0.16779785964004773,0.025079999999999998,125.66980085088007,ok,13.913622413925232,rectangular
0.13539406958534705,14.06160593041465,5Iron,2.4641028523131183,0714,/Users/john.pacino/openflight_sessions/tm_0714/shot_vB_096.l3dump,16.52570878272777,5,18,126.4,True,0,-0.13539406958534705,accepted,block_a_old_enclosure,14.196999999999997,56,0.275240683820037,0.02982,124.64751120259233,ok,11.597503078101532,hann
0.003948384099130564,14.200948384099128,5Iron,1.4306191319538,0714,/Users/john.pacino/openflight_sessions/tm_0714/shot_vB_096.l3dump,15.631567516052929,5,18,126.4,True,0,0.003948384099130564,accepted,block_a_old_enclosure,14.196999999999997,57,0.21161563138750542,0.02973,125.32188856618093,ok,12.770329252145329,hamming
1.1051954269579305,13.262804573042072,5Iron,1.9029471832289753,0714,/Users/john.pacino/openflight_sessions/tm_0714/shot_vB_097.l3dump,15.165751756271048,4,16,124.3,True,0,-1.1051954269579305,accepted,block_a_old_enclosure,14.368000000000002,58,0.2706411829362683,0.030810000000000004,123.57864081187128,ok,11.359857389813097,rectangular
0.573133539230442,13.79486646076956,5Iron,0.36574517600887724,0714,/Users/john.pacino/openflight_sessions/tm_0714/shot_vB_097.l3dump,14.160611636778437,7,23,124.3,True,0,-0.573133539230442,accepted,block_a_old_enclosure,14.368000000000002,71,0.299865915308996,0.03564000000000001,123.17710001485412,ok,13.429121284760683,hann
1.1128187204169162,13.255181279583086,5Iron,1.0374912426977918,0714,/Users/john.pacino/openflight_sessions/tm_0714/shot_vB_097.l3dump,14.292672522280878,6,22,124.3,True,0,-1.1128187204169162,accepted,block_a_old_enclosure,14.368000000000002,64,0.24331516505854223,0.035190000000000006,123.51313849760045,ok,12.217690036885294,hamming
1.1625245113695843,15.904524511369594,5Iron,0.6141110634496387,0714,/Users/john.pacino/openflight_sessions/tm_0714/shot_vB_098.l3dump,15.290413447919954,5,17,128.7,True,0,1.1625245113695843,accepted,block_a_old_enclosure,14.74200000000001,70,0.1869151509341215,0.036719999999999996,127.90247894591084,ok,16.518635574819232,rectangular
2.615779637957134,12.126220362042876,5Iron,1.6971628301207717,0714,/Users/john.pacino/openflight_sessions/tm_0714/shot_vB_098.l3dump,10.429057531922105,5,17,128.7,True,0,-2.615779637957134,accepted,block_a_old_enclosure,14.74200000000001,72,0.1546315626824597,0.036719999999999996,128.38934912257164,ok,13.823383192163648,hann
2.185209610827849,12.55679038917216,5Iron,1.579086737591461,0714,/Users/john.pacino/openflight_sessions/tm_0714/shot_vB_098.l3dump,10.977703651580699,6,18,128.7,True,0,-2.185209610827849,accepted,block_a_old_enclosure,14.74200000000001,75,0.15666492388917247,0.036719999999999996,128.410401618928,ok,14.13587712676362,hamming
1.017911755489175,15.732911755489164,5Iron,2.4816659148578726,0714,/Users/john.pacino/openflight_sessions/tm_0714/shot_vB_099.l3dump,18.214577670347037,5,19,127.5,True,0,1.017911755489175,accepted,block_a_old_enclosure,14.71499999999999,66,0.1838296132321144,0.025259999999999998,126.69737101417944,ok,13.251245840631292,rectangular
0.6269388913725304,15.34193889137252,5Iron,1.214409963649869,0714,/Users/john.pacino/openflight_sessions/tm_0714/shot_vB_099.l3dump,16.55634885502239,5,20,127.5,True,0,0.6269388913725304,accepted,block_a_old_enclosure,14.71499999999999,69,0.1623777114804626,0.025259999999999998,126.57473628861177,ok,14.12752892772265,hann
0.5360992200672001,15.25109922006719,5Iron,1.595888293435383,0714,/Users/john.pacino/openflight_sessions/tm_0714/shot_vB_099.l3dump,16.846987513502572,5,20,127.5,True,0,0.5360992200672001,accepted,block_a_old_enclosure,14.71499999999999,70,0.1641724069149017,0.025259999999999998,126.5887628552296,ok,13.655210926631806,hamming
0.3369958523430121,16.356995852343005,5Iron,2.5635163852153724,0714,/Users/john.pacino/openflight_sessions/tm_0714/shot_vB_100.l3dump,18.920512237558377,4,15,121.0,True,0,0.3369958523430121,accepted,block_a_old_enclosure,16.019999999999992,56,0.232149984490496,0.04335000000000001,121.08770335550237,ok,13.793479467127632,rectangular
3.348255015986057,12.671744984013936,5Iron,1.0961586159815884,0714,/Users/john.pacino/openflight_sessions/tm_0714/shot_vB_100.l3dump,11.575586368032347,4,16,121.0,True,0,-3.348255015986057,accepted,block_a_old_enclosure,16.019999999999992,59,0.21440514164363755,0.04335000000000001,120.83190261249813,ok,13.767903599995524,hann
2.89410375093869,13.125896249061302,5Iron,0.8079102066445616,0714,/Users/john.pacino/openflight_sessions/tm_0714/shot_vB_100.l3dump,12.31798604241674,4,16,121.0,True,0,-2.89410375093869,accepted,block_a_old_enclosure,16.019999999999992,60,0.21418847976705493,0.04335000000000001,120.870263911119,ok,13.933806455705863,hamming
2.323117201128227,16.71511720112823,5Iron,0.5296015878676936,0714,/Users/john.pacino/openflight_sessions/tm_0714/shot_vB_101.l3dump,17.24471878899592,4,16,124.5,True,0,2.323117201128227,accepted,block_a_old_enclosure,14.392000000000003,59,0.28571504906456935,0.025350000000000004,124.70652741594922,ok,16.185515613260534,rectangular
0.6485805086624143,15.040580508662417,5Iron,1.2410859443590336,0714,/Users/john.pacino/openflight_sessions/tm_0714/shot_vB_101.l3dump,13.799494564303384,5,17,124.5,True,0,0.6485805086624143,accepted,block_a_old_enclosure,14.392000000000003,62,0.18625619946970956,0.025259999999999998,124.18646311609034,ok,16.28166645302145,hann
0.6101159781142762,15.00211597811428,5Iron,1.232024143294411,0714,/Users/john.pacino/openflight_sessions/tm_0714/shot_vB_101.l3dump,13.770091834819867,5,17,124.5,True,0,0.6101159781142762,accepted,block_a_old_enclosure,14.392000000000003,64,0.18245480111944098,0.025259999999999998,124.09045818545627,ok,16.23414012140869,hamming
1.0716178499102078,14.89138215008978,5Iron,3.0638685236501804,0714,/Users/john.pacino/openflight_sessions/tm_0714/shot_vB_102.l3dump,17.95525067373996,4,16,119.0,True,0,-1.0716178499102078,accepted,block_a_old_enclosure,15.962999999999989,50,0.2025171735184757,0.036899999999999995,118.59405239233638,ok,11.8275136264396,rectangular
0.7512440225970671,15.211755977402921,5Iron,2.0683865178784853,0714,/Users/john.pacino/openflight_sessions/tm_0714/shot_vB_102.l3dump,17.280142495281407,4,16,119.0,True,0,-0.7512440225970671,accepted,block_a_old_enclosure,15.962999999999989,53,0.17222586907829884,0.04299000000000001,118.14203802575936,ok,13.143369459524436,hann
0.1363551131019829,16.09935511310197,5Iron,2.485842155190789,0714,/Users/john.pacino/openflight_sessions/tm_0714/shot_vB_102.l3dump,18.58519726829276,4,16,119.0,True,0,0.1363551131019829,accepted,block_a_old_enclosure,15.962999999999989,56,0.17030522547208574,0.04317000000000001,118.39182502317053,ok,13.613512957911182,hamming
3.8760843103451403,13.880084310345147,Driver,2.1601898921642944,0714,/Users/john.pacino/openflight_sessions/tm_0714/shot_vB_103.l3dump,16.04027420250944,3,12,145.2,True,0,3.8760843103451403,accepted,block_a_old_enclosure,10.004000000000007,51,0.1937991818289335,0.031259999999999996,145.4956079146131,ok,11.719894418180852,rectangular
1.8375910145888188,8.166408985411188,Driver,2.651353787695105,0714,/Users/john.pacino/openflight_sessions/tm_0714/shot_vB_103.l3dump,5.515055197716082,3,12,145.2,True,0,-1.8375910145888188,accepted,block_a_old_enclosure,10.004000000000007,48,0.20862258058790814,0.031259999999999996,145.5857573684461,ok,10.817762773106292,hann
1.671284929763745,8.332715070236262,Driver,2.4701592974594844,0714,/Users/john.pacino/openflight_sessions/tm_0714/shot_vB_103.l3dump,5.862555772776778,3,12,145.2,True,0,-1.671284929763745,accepted,block_a_old_enclosure,10.004000000000007,52,0.21408739733092766,0.031259999999999996,145.35002312487867,ok,10.802874367695747,hamming
,,Driver,,0714,/Users/john.pacino/openflight_sessions/tm_0714/shot_vB_104.l3dump,,0,0,134.2,True,0,,rejected_track_quality,block_a_old_enclosure,17.990000000000002,67,0.5297090275148506,0.0369,131.35814586249927,reject,,rectangular
1.3906370126697816,19.380637012669784,Driver,0.903666018348595,0714,/Users/john.pacino/openflight_sessions/tm_0714/shot_vB_104.l3dump,18.47697099432119,7,23,134.2,True,0,1.3906370126697816,accepted,block_a_old_enclosure,17.990000000000002,61,0.47811959995553166,0.03636,132.10101895707552,low,20.28430303101838,hann
1.2271827055012992,19.2171827055013,Driver,0.737500777905657,0714,/Users/john.pacino/openflight_sessions/tm_0714/shot_vB_104.l3dump,18.479681927595642,7,23,134.2,True,0,1.2271827055012992,accepted,block_a_old_enclosure,17.990000000000002,62,0.47275995863120585,0.03636,132.00523921296724,low,19.954683483406956,hamming
0.3488261968596573,6.20682619685963,Driver,0.3377904336680757,0714,/Users/john.pacino/openflight_sessions/tm_0714/shot_vB_105.l3dump,5.869035763191555,5,20,139.9,True,0,0.3488261968596573,accepted,block_a_old_enclosure,5.857999999999973,53,0.24441888036644213,0.03717000000000001,139.77223722814475,ok,6.544616630527706,rectangular
2.7922026516626444,8.650202651662617,Driver,2.19614973942083,0714,/Users/john.pacino/openflight_sessions/tm_0714/shot_vB_105.l3dump,10.846352391083448,5,19,139.9,True,0,2.7922026516626444,accepted,block_a_old_enclosure,5.857999999999973,52,0.21663953268222869,0.03717000000000001,139.4706695988836,ok,6.454052912241788,hann
2.247110084150523,8.105110084150496,Driver,1.7716029347800832,0714,/Users/john.pacino/openflight_sessions/tm_0714/shot_vB_105.l3dump,9.87671301893058,5,20,139.9,True,0,2.247110084150523,accepted,block_a_old_enclosure,5.857999999999973,53,0.21230699185995724,0.03717000000000001,139.52476911429795,ok,6.333507149370414,hamming
,,Driver,,0714,/Users/john.pacino/openflight_sessions/tm_0714/shot_vB_106.l3dump,,0,0,151.0,True,0,,rejected_track_quality,block_a_old_enclosure,12.557000000000004,32,0.1899446473643315,0.007350000000000009,148.25649795020337,reject,,rectangular
,,Driver,,0714,/Users/john.pacino/openflight_sessions/tm_0714/shot_vB_106.l3dump,,0,0,151.0,True,0,,rejected_track_quality,block_a_old_enclosure,12.557000000000004,32,0.1346255462407462,0.007350000000000009,147.7146419642573,reject,,hann
,,Driver,,0714,/Users/john.pacino/openflight_sessions/tm_0714/shot_vB_106.l3dump,,0,0,151.0,True,0,,rejected_track_quality,block_a_old_enclosure,12.557000000000004,32,0.14041744395754935,0.007350000000000009,147.8386318989388,reject,,hamming
,,Driver,,0714,/Users/john.pacino/openflight_sessions/tm_0714/shot_vB_109.l3dump,,0,0,140.6,True,0,,rejected_track_quality,block_a_old_enclosure,17.058999999999973,24,0.26874721888123904,0.0068100000000000105,134.01113153425428,reject,,rectangular
,,Driver,,0714,/Users/john.pacino/openflight_sessions/tm_0714/shot_vB_109.l3dump,,0,0,140.6,True,0,,rejected_track_quality,block_a_old_enclosure,17.058999999999973,31,0.38556319888404467,0.007350000000000009,126.0551881887974,reject,,hann
,,Driver,,0714,/Users/john.pacino/openflight_sessions/tm_0714/shot_vB_109.l3dump,,0,0,140.6,True,0,,rejected_track_quality,block_a_old_enclosure,17.058999999999973,31,0.3866564001766542,0.007350000000000009,126.10744242652927,reject,,hamming
,,Driver,,0714,/Users/john.pacino/openflight_sessions/tm_0714/shot_vB_110.l3dump,,0,0,149.3,True,0,,rejected_track_quality,block_a_old_enclosure,14.276000000000021,28,0.22124856003231702,0.00699000000000001,141.96530680486603,reject,,rectangular
,,Driver,,0714,/Users/john.pacino/openflight_sessions/tm_0714/shot_vB_110.l3dump,,0,0,149.3,True,0,,rejected_track_quality,block_a_old_enclosure,14.276000000000021,31,0.24121553681310554,0.0072600000000000095,138.71700297140035,reject,,hann
,,Driver,,0714,/Users/john.pacino/openflight_sessions/tm_0714/shot_vB_110.l3dump,,0,0,149.3,True,0,,rejected_track_quality,block_a_old_enclosure,14.276000000000021,30,0.24258605737771238,0.00717000000000001,140.20808374356048,reject,,hamming
,,Driver,,0714,/Users/john.pacino/openflight_sessions/tm_0714/shot_vB_111.l3dump,,0,0,144.1,True,0,,insufficient_channel_snapshots,block_a_old_enclosure,10.58699999999998,38,0.17905576067831494,0.031259999999999996,142.41100919455877,ok,,rectangular
,,Driver,,0714,/Users/john.pacino/openflight_sessions/tm_0714/shot_vB_111.l3dump,,0,0,144.1,True,0,,insufficient_channel_snapshots,block_a_old_enclosure,10.58699999999998,37,0.13653191257771588,0.031259999999999996,142.82553609660363,ok,,hann
,,Driver,,0714,/Users/john.pacino/openflight_sessions/tm_0714/shot_vB_111.l3dump,,0,0,144.1,True,0,,insufficient_channel_snapshots,block_a_old_enclosure,10.58699999999998,37,0.12897940088965776,0.031259999999999996,142.93378976465507,ok,,hamming
7.216350648583928,17.225350648583902,Driver,3.569506233800266,0714,/Users/john.pacino/openflight_sessions/tm_0714/shot_vB_112.l3dump,20.794856882384167,3,12,150.6,True,0,7.216350648583928,accepted,block_a_old_enclosure,10.008999999999974,44,0.36559361535296314,0.03627000000000001,149.23497347435992,ok,13.655844414783635,rectangular
6.342052893894989,16.351052893894963,Driver,1.6924172601802718,0714,/Users/john.pacino/openflight_sessions/tm_0714/shot_vB_112.l3dump,18.043470154075234,3,12,150.6,True,0,6.342052893894989,accepted,block_a_old_enclosure,10.008999999999974,44,0.372706358875962,0.03672000000000001,147.45533482857059,ok,14.65863563371469,hann
6.795351426944086,16.80435142694406,Driver,2.4314450364632565,0714,/Users/john.pacino/openflight_sessions/tm_0714/shot_vB_112.l3dump,19.235796463407315,3,12,150.6,True,0,6.795351426944086,accepted,block_a_old_enclosure,10.008999999999974,46,0.3773397723385675,0.03672000000000001,147.938666326618,ok,14.372906390480802,hamming
0.7539028638263439,14.71490286382634,Driver,0.5670894532687747,0714,/Users/john.pacino/openflight_sessions/tm_0714/shot_vB_113.l3dump,14.147813410557566,5,16,143.4,True,0,0.7539028638263439,accepted,block_a_old_enclosure,13.960999999999997,54,0.21238751614429147,0.03672,142.1067194917694,ok,15.281992317095115,rectangular
0.8195041934994176,14.780504193499414,Driver,0.8620932698519734,0714,/Users/john.pacino/openflight_sessions/tm_0714/shot_vB_113.l3dump,13.918410923647441,5,19,143.4,True,0,0.8195041934994176,accepted,block_a_old_enclosure,13.960999999999997,55,0.14585787366134623,0.03672,142.0201612699633,ok,15.642597463351388,hann
0.8554678904931006,14.816467890493097,Driver,0.6175264344536711,0714,/Users/john.pacino/openflight_sessions/tm_0714/shot_vB_113.l3dump,14.198941456039426,5,20,143.4,True,0,0.8554678904931006,accepted,block_a_old_enclosure,13.960999999999997,58,0.1588273624733021,0.03672,142.1403544334076,ok,15.433994324946768,hamming
2.7406752801434973,17.36167528014349,Driver,0.4855297277592179,0714,/Users/john.pacino/openflight_sessions/tm_0714/shot_vB_114.l3dump,16.876145552384273,5,18,150.2,True,0,2.7406752801434973,accepted,block_a_old_enclosure,14.620999999999993,67,0.3290671484346746,0.03645000000000001,148.57638073214247,ok,17.84720500790271,rectangular
3.7384762056402767,18.35947620564027,Driver,0.2808554397708729,0714,/Users/john.pacino/openflight_sessions/tm_0714/shot_vB_114.l3dump,18.64033164541114,5,18,150.2,True,0,3.7384762056402767,accepted,block_a_old_enclosure,14.620999999999993,66,0.24171898734463826,0.03645000000000001,148.6429725149349,ok,18.078620765869395,hann
2.960681457806169,17.581681457806162,Driver,0.05922181538290694,0714,/Users/john.pacino/openflight_sessions/tm_0714/shot_vB_114.l3dump,17.64090327318907,5,19,150.2,True,0,2.960681457806169,accepted,block_a_old_enclosure,14.620999999999993,66,0.2770342064985969,0.03645000000000001,148.56164709207025,ok,17.522459642423257,hamming
0.4329200125607642,32.09492001256075,SandWedge,0.42193239857998677,0714,/Users/john.pacino/openflight_sessions/tm_0714/shot_vB_115.l3dump,31.67298761398076,7,28,66.4,True,0,0.4329200125607642,accepted,block_a_old_enclosure,31.661999999999985,51,0.2253489370047916,0.03735000000000001,64.50710318730692,ok,32.51685241114073,rectangular
0.2191181497503294,31.881118149750314,SandWedge,0.8802499475095278,0714,/Users/john.pacino/openflight_sessions/tm_0714/shot_vB_115.l3dump,31.000868202240785,7,28,66.4,True,0,0.2191181497503294,accepted,block_a_old_enclosure,31.661999999999985,43,0.22012050102298458,0.03735000000000001,64.77265449113528,ok,32.76136809725984,hann
0.1899375606209297,31.851937560620915,SandWedge,0.9083346100444665,0714,/Users/john.pacino/openflight_sessions/tm_0714/shot_vB_115.l3dump,30.943602950576448,7,28,66.4,True,0,0.1899375606209297,accepted,block_a_old_enclosure,31.661999999999985,45,0.2218308361877599,0.03735000000000001,64.68838208809345,ok,32.76027217066538,hamming
,,SandWedge,,0714,/Users/john.pacino/openflight_sessions/tm_0714/shot_vB_116.l3dump,,0,0,69.4,True,0,,rejected_track_quality,block_a_old_enclosure,29.217000000000002,43,0.6547031559821563,0.031259999999999996,68.3475808944065,reject,,rectangular
1.7125200159059766,30.92952001590598,SandWedge,1.1009314140376603,0714,/Users/john.pacino/openflight_sessions/tm_0714/shot_vB_116.l3dump,29.82858860186832,6,24,69.4,True,0,1.7125200159059766,accepted,block_a_old_enclosure,29.217000000000002,57,0.4654626850757102,0.031259999999999996,67.25525544997794,low,32.03045142994364,hann
,,SandWedge,,0714,/Users/john.pacino/openflight_sessions/tm_0714/shot_vB_116.l3dump,,0,0,69.4,True,0,,rejected_track_quality,block_a_old_enclosure,29.217000000000002,42,0.5939381684041358,0.031259999999999996,68.12878340283511,reject,,hamming
0.7828919810474666,29.94710801895252,SandWedge,1.1598658982451244,0714,/Users/john.pacino/openflight_sessions/tm_0714/shot_vB_117.l3dump,28.787242120707393,5,20,73.9,True,0,-0.7828919810474666,accepted,block_a_old_enclosure,30.729999999999986,49,0.21631134002039892,0.025259999999999998,69.80423799211137,ok,31.106973917197642,rectangular
0.9822014517262581,29.747798548273728,SandWedge,1.1479974421251846,0714,/Users/john.pacino/openflight_sessions/tm_0714/shot_vB_117.l3dump,28.599801106148544,5,20,73.9,True,0,-0.9822014517262581,accepted,block_a_old_enclosure,30.729999999999986,54,0.17420251758956817,0.025349999999999998,69.30288925663432,ok,30.895795990398913,hann
1.0831584042336466,29.64684159576634,SandWedge,1.4122892350696201,0714,/Users/john.pacino/openflight_sessions/tm_0714/shot_vB_117.l3dump,28.23455236069672,5,20,73.9,True,0,-1.0831584042336466,accepted,block_a_old_enclosure,30.729999999999986,52,0.17137890103574976,0.025349999999999998,69.29234781582595,ok,31.05913083083596,hamming
0.851473554858039,34.019473554858045,SandWedge,0.3753001826171527,0714,/Users/john.pacino/openflight_sessions/tm_0714/shot_vB_118.l3dump,33.64417337224089,7,25,70.2,True,0,0.851473554858039,accepted,block_a_old_enclosure,33.168000000000006,32,0.4856082892557682,0.03726000000000001,62.09925299506705,low,34.3947737374752,rectangular
0.6148440372136648,33.78284403721367,SandWedge,0.6282321873717223,0714,/Users/john.pacino/openflight_sessions/tm_0714/shot_vB_118.l3dump,33.15461184984195,7,28,70.2,True,0,0.6148440372136648,accepted,block_a_old_enclosure,33.168000000000006,56,0.4898269100892804,0.03726000000000001,63.042371025925306,low,34.41107622458539,hann
0.5257030357374717,33.69370303573748,SandWedge,0.6147180918550319,0714,/Users/john.pacino/openflight_sessions/tm_0714/shot_vB_118.l3dump,33.078984943882446,7,28,70.2,True,0,0.5257030357374717,accepted,block_a_old_enclosure,33.168000000000006,56,0.48616945595149424,0.03726000000000001,63.06262871666949,low,34.30842112759251,hamming
1.179432197803667,27.53343219780366,SandWedge,1.8546648845215827,0714,/Users/john.pacino/openflight_sessions/tm_0714/shot_vB_119.l3dump,25.678767313282076,6,24,71.9,True,0,1.179432197803667,accepted,block_a_old_enclosure,26.353999999999992,49,0.26687110905298417,0.031169999999999996,70.37153857531413,ok,29.388097082325242,rectangular
0.16324565460876528,26.190754345391227,SandWedge,1.519240973157256,0714,/Users/john.pacino/openflight_sessions/tm_0714/shot_vB_119.l3dump,24.67151337223397,6,24,71.9,True,0,-0.16324565460876528,accepted,block_a_old_enclosure,26.353999999999992,54,0.26586006669695805,0.031349999999999996,69.94064325571259,ok,27.709995318548483,hann
0.05669531679598805,26.41069531679598,SandWedge,1.33956341372663,0714,/Users/john.pacino/openflight_sessions/tm_0714/shot_vB_119.l3dump,25.07113190306935,6,24,71.9,True,0,0.05669531679598805,accepted,block_a_old_enclosure,26.353999999999992,55,0.21685619759794705,0.031349999999999996,69.81256550267292,ok,27.75025873052261,hamming
0.5704593557899997,27.174540644209998,SandWedge,1.6130473981309397,0714,/Users/john.pacino/openflight_sessions/tm_0714/shot_vB_120.l3dump,25.561493246079056,7,28,67.4,True,0,-0.5704593557899997,accepted,block_a_old_enclosure,27.744999999999997,44,0.2060110619632445,0.03735000000000001,65.01421660181312,ok,28.787588042340936,rectangular
0.16638193243970179,27.578618067560296,SandWedge,1.3171208034126494,0714,/Users/john.pacino/openflight_sessions/tm_0714/shot_vB_120.l3dump,26.261497264147646,7,28,67.4,True,0,-0.16638193243970179,accepted,block_a_old_enclosure,27.744999999999997,55,0.17272306420740205,0.03735000000000001,64.80048293722143,ok,28.895738870972945,hann
0.35874296684179185,27.386257033158206,SandWedge,1.3504883539160204,0714,/Users/john.pacino/openflight_sessions/tm_0714/shot_vB_120.l3dump,26.035768679242185,7,28,67.4,True,0,-0.35874296684179185,accepted,block_a_old_enclosure,27.744999999999997,54,0.15691300411295278,0.03735000000000001,64.85098571668746,ok,28.736745387074226,hamming
0.3305834262905307,25.135583426290538,SandWedge,0.3315339022355488,0714,/Users/john.pacino/openflight_sessions/tm_0714/shot_vB_121.l3dump,24.80404952405499,6,24,66.2,True,0,0.3305834262905307,accepted,block_a_old_enclosure,24.805000000000007,49,0.20783377810846057,0.031349999999999996,65.80335141003339,ok,25.467117328526086,rectangular
0.11789602197246296,24.687103978027544,SandWedge,0.8263550334638587,0714,/Users/john.pacino/openflight_sessions/tm_0714/shot_vB_121.l3dump,23.860748944563685,6,24,66.2,True,0,-0.11789602197246296,accepted,block_a_old_enclosure,24.805000000000007,58,0.17067041993830134,0.031349999999999996,65.95592581086086,ok,25.513459011491403,hann
0.07141983979996525,24.73358016020004,SandWedge,0.7603091685962281,0714,/Users/john.pacino/openflight_sessions/tm_0714/shot_vB_121.l3dump,23.973270991603812,6,24,66.2,True,0,-0.07141983979996525,accepted,block_a_old_enclosure,24.805000000000007,55,0.17218915592388676,0.031349999999999996,65.9394638037592,ok,25.493889328796268,hamming
0.23517193225717392,31.27217193225716,SandWedge,0.37130112171834995,0714,/Users/john.pacino/openflight_sessions/tm_0714/shot_vB_122.l3dump,30.90087081053881,6,24,65.9,True,0,0.23517193225717392,accepted,block_a_old_enclosure,31.036999999999985,38,0.4581848734539064,0.030179999999999995,59.31277831978292,low,31.64347305397551,rectangular
0.5150035145523759,31.55200351455236,SandWedge,0.46918556999744787,0714,/Users/john.pacino/openflight_sessions/tm_0714/shot_vB_122.l3dump,31.082817944554915,6,24,65.9,True,0,0.5150035145523759,accepted,block_a_old_enclosure,31.036999999999985,52,0.491002125227647,0.030179999999999995,61.03549205311568,low,32.02118908454981,hann
0.6792569315570844,31.71625693155707,SandWedge,0.5343512722633665,0714,/Users/john.pacino/openflight_sessions/tm_0714/shot_vB_122.l3dump,31.1819056592937,6,24,65.9,True,0,0.6792569315570844,accepted,block_a_old_enclosure,31.036999999999985,48,0.43009496403611136,0.030179999999999995,61.0515081581871,ok,32.250608203820434,hamming
0.5810009872430335,28.719999012756958,SandWedge,0.9465432282616018,0714,/Users/john.pacino/openflight_sessions/tm_0714/shot_vB_123.l3dump,27.773455784495354,8,29,77.9,True,0,-0.5810009872430335,accepted,block_a_old_enclosure,29.30099999999999,60,0.3107028323991855,0.04209,75.06425904880476,ok,29.666542241018558,rectangular
0.9500995637155718,30.251099563715563,SandWedge,0.7984284114456557,0714,/Users/john.pacino/openflight_sessions/tm_0714/shot_vB_123.l3dump,29.452671152269907,7,28,77.9,True,0,0.9500995637155718,accepted,block_a_old_enclosure,29.30099999999999,75,0.2959865436281811,0.037349999999999994,74.91498225480943,ok,31.04952797516122,hann
0.8694069380543006,30.170406938054292,SandWedge,0.8679165581352368,0714,/Users/john.pacino/openflight_sessions/tm_0714/shot_vB_123.l3dump,29.302490379919057,7,28,77.9,True,0,0.8694069380543006,accepted,block_a_old_enclosure,29.30099999999999,75,0.2980528614408544,0.037349999999999994,74.85400175870899,ok,31.03832349618953,hamming
0.010322834740172482,28.985322834740174,SandWedge,1.2670265737352526,0714,/Users/john.pacino/openflight_sessions/tm_0714/shot_vB_124.l3dump,27.718296261004923,6,24,80.3,True,0,0.010322834740172482,accepted,block_a_old_enclosure,28.975,45,0.3309189864777612,0.02982,75.310115006831,ok,30.25234940847543,rectangular
0.22193356968628564,28.753066430313716,SandWedge,0.5377744367656359,0714,/Users/john.pacino/openflight_sessions/tm_0714/shot_vB_124.l3dump,28.21529199354808,7,28,80.3,True,0,-0.22193356968628564,accepted,block_a_old_enclosure,28.975,50,0.3522203198050045,0.03627000000000001,74.98297219187432,ok,29.290840867079353,hann
0.016175350623505835,28.991175350623507,SandWedge,0.46409457094699214,0714,/Users/john.pacino/openflight_sessions/tm_0714/shot_vB_124.l3dump,28.527080779676513,7,28,80.3,True,0,0.016175350623505835,accepted,block_a_old_enclosure,28.975,50,0.35777866384885976,0.03627000000000001,75.0548327077364,ok,29.455269921570498,hamming
1.7110613620971051,20.7840613620971,9Iron,0.43819410144686266,0717,/Users/john.pacino/Projects/openflight/artifacts/pi_sync_20260717/openflight_sessions/iwr6843/iwr6843_20260717_112928_947_001.l3dump,20.345867260650238,6,24,113.1,True,0,1.7110613620971051,accepted,normal_tx,19.072999999999993,48,0.18943858623057463,0.036989999999999995,109.70275764130167,ok,21.222255463543963,rectangular
1.5848563156461424,20.657856315646136,9Iron,0.9689718942750698,0717,/Users/john.pacino/Projects/openflight/artifacts/pi_sync_20260717/openflight_sessions/iwr6843/iwr6843_20260717_112928_947_001.l3dump,19.688884421371064,7,25,113.1,True,0,1.5848563156461424,accepted,normal_tx,19.072999999999993,49,0.17073063690001208,0.0429,109.85637795775406,ok,21.626828209921204,hann
1.633562185523612,20.706562185523605,9Iron,1.036461945658953,0717,/Users/john.pacino/Projects/openflight/artifacts/pi_sync_20260717/openflight_sessions/iwr6843/iwr6843_20260717_112928_947_001.l3dump,19.670100239864652,7,26,113.1,True,0,1.633562185523612,accepted,normal_tx,19.072999999999993,48,0.15419727938710084,0.0429,109.72659559812868,ok,21.74302413118256,hamming
,,9Iron,,0717,/Users/john.pacino/Projects/openflight/artifacts/pi_sync_20260717/openflight_sessions/iwr6843/iwr6843_20260717_112946_449_002.l3dump,,0,0,108.9,True,0,,rejected_track_quality,normal_tx,19.63100000000001,46,0.663949206197875,0.04326000000000001,101.82517026231329,reject,,rectangular
,,9Iron,,0717,/Users/john.pacino/Projects/openflight/artifacts/pi_sync_20260717/openflight_sessions/iwr6843/iwr6843_20260717_112946_449_002.l3dump,,0,0,108.9,True,0,,rejected_track_quality,normal_tx,19.63100000000001,47,0.6645281394528578,0.04326000000000001,101.9412847933637,reject,,hann
,,9Iron,,0717,/Users/john.pacino/Projects/openflight/artifacts/pi_sync_20260717/openflight_sessions/iwr6843/iwr6843_20260717_112946_449_002.l3dump,,0,0,108.9,True,0,,rejected_track_quality,normal_tx,19.63100000000001,51,0.6971701547614008,0.04335000000000001,101.70634663161688,reject,,hamming
1.7609797371037565,20.916979737103752,9Iron,1.6647220481618579,0717,/Users/john.pacino/Projects/openflight/artifacts/pi_sync_20260717/openflight_sessions/iwr6843/iwr6843_20260717_113006_286_003.l3dump,19.252257688941892,6,24,113.6,True,0,1.7609797371037565,accepted,normal_tx,19.155999999999995,53,0.22614734656442073,0.04317000000000001,110.26427205523618,ok,22.581701785265608,rectangular
2.0649495944786302,21.220949594478625,9Iron,2.2226688501884873,0717,/Users/john.pacino/Projects/openflight/artifacts/pi_sync_20260717/openflight_sessions/iwr6843/iwr6843_20260717_113006_286_003.l3dump,18.99828074429014,6,23,113.6,True,0,2.0649495944786302,accepted,normal_tx,19.155999999999995,46,0.20665109626111605,0.04326,110.29166023524438,ok,23.443618444667113,hann
2.2075465934657252,21.36354659346572,9Iron,1.1185368245748961,0717,/Users/john.pacino/Projects/openflight/artifacts/pi_sync_20260717/openflight_sessions/iwr6843/iwr6843_20260717_113006_286_003.l3dump,20.245009768890824,7,25,113.6,True,0,2.2075465934657252,accepted,normal_tx,19.155999999999995,47,0.18644605858078778,0.04326,110.25450932125796,ok,22.482083418040617,hamming
0.20551218263198834,20.81351218263198,9Iron,0.4047681836681587,0717,/Users/john.pacino/Projects/openflight/artifacts/pi_sync_20260717/openflight_sessions/iwr6843/iwr6843_20260717_113029_308_004.l3dump,20.40874399896382,8,28,109.1,True,0,0.20551218263198834,accepted,normal_tx,20.607999999999993,48,0.3945916732279345,0.04335000000000001,106.21132630351711,ok,21.21828036630014,rectangular
0.1713377761287802,20.779337776128774,9Iron,0.8404370185813264,0717,/Users/john.pacino/Projects/openflight/artifacts/pi_sync_20260717/openflight_sessions/iwr6843/iwr6843_20260717_113029_308_004.l3dump,19.938900757547447,8,30,109.1,True,0,0.1713377761287802,accepted,normal_tx,20.607999999999993,50,0.43882022579307006,0.04326,106.65818531158772,ok,21.6197747947101,hann
0.2664407245410949,20.87444072454109,9Iron,0.6427767255056658,0717,/Users/john.pacino/Projects/openflight/artifacts/pi_sync_20260717/openflight_sessions/iwr6843/iwr6843_20260717_113029_308_004.l3dump,20.231663999035423,8,30,109.1,True,0,0.2664407245410949,accepted,normal_tx,20.607999999999993,52,0.43143569694348893,0.04326,106.5985718436284,ok,21.517217450046754,hamming
2.424251935468064,23.382251935468048,9Iron,1.7994688748368848,0717,/Users/john.pacino/Projects/openflight/artifacts/pi_sync_20260717/openflight_sessions/iwr6843/iwr6843_20260717_113103_793_005.l3dump,21.582783060631165,8,30,102.4,True,0,2.424251935468064,accepted,normal_tx,20.957999999999984,52,0.21674860423615688,0.04317000000000001,98.63171387283664,ok,25.181720810304935,rectangular
1.6548800082500108,22.612880008249995,9Iron,1.8310766191042376,0717,/Users/john.pacino/Projects/openflight/artifacts/pi_sync_20260717/openflight_sessions/iwr6843/iwr6843_20260717_113103_793_005.l3dump,20.781803389145757,8,32,102.4,True,0,1.6548800082500108,accepted,normal_tx,20.957999999999984,51,0.18308742202464304,0.04335000000000001,98.80263229943216,ok,24.443956627354233,hann
1.5083595766907223,22.466359576690706,9Iron,2.0514727207827566,0717,/Users/john.pacino/Projects/openflight/artifacts/pi_sync_20260717/openflight_sessions/iwr6843/iwr6843_20260717_113103_793_005.l3dump,20.414886855907948,8,32,102.4,True,0,1.5083595766907223,accepted,normal_tx,20.957999999999984,53,0.17985891127486817,0.04335000000000001,98.76814400166629,ok,24.51783229747346,hamming
1.4783444756784192,22.192344475678418,9Iron,1.4813858957231307,0717,/Users/john.pacino/Projects/openflight/artifacts/pi_sync_20260717/openflight_sessions/iwr6843/iwr6843_20260717_113123_298_006.l3dump,20.71095857995529,6,23,113.9,True,0,1.4783444756784192,accepted,normal_tx,20.714,55,0.1953356347215023,0.04317000000000001,109.8868918711154,ok,23.67373037140155,rectangular
2.4046988417093402,23.11869884170934,9Iron,1.1380079272291095,0717,/Users/john.pacino/Projects/openflight/artifacts/pi_sync_20260717/openflight_sessions/iwr6843/iwr6843_20260717_113123_298_006.l3dump,21.98069091448023,7,25,113.9,True,0,2.4046988417093402,accepted,normal_tx,20.714,53,0.15420259977996456,0.04317000000000001,109.56724974566126,ok,24.25670676893845,hann
2.4032377545470602,23.11723775454706,9Iron,1.1442994147576222,0717,/Users/john.pacino/Projects/openflight/artifacts/pi_sync_20260717/openflight_sessions/iwr6843/iwr6843_20260717_113123_298_006.l3dump,21.972938339789437,7,25,113.9,True,0,2.4032377545470602,accepted,normal_tx,20.714,54,0.1498949076400853,0.04317000000000001,109.60168966123338,ok,24.26153716930468,hamming
2.6134281073622105,22.485428107362203,9Iron,0.5253670459927537,0717,/Users/john.pacino/Projects/openflight/artifacts/pi_sync_20260717/openflight_sessions/iwr6843/iwr6843_20260717_113140_333_007.l3dump,21.960061061369448,7,27,108.1,True,0,2.6134281073622105,accepted,normal_tx,19.871999999999993,65,0.2655115465643996,0.04326,104.6236097113984,ok,23.010795153354955,rectangular
1.2053339446068918,21.077333944606885,9Iron,1.9395904975332385,0717,/Users/john.pacino/Projects/openflight/artifacts/pi_sync_20260717/openflight_sessions/iwr6843/iwr6843_20260717_113140_333_007.l3dump,19.137743447073646,8,29,108.1,True,0,1.2053339446068918,accepted,normal_tx,19.871999999999993,63,0.25140925025663635,0.04326,104.66817066090871,ok,23.016924442140123,hann
0.6866927826906455,20.55869278269064,9Iron,2.400938633288561,0717,/Users/john.pacino/Projects/openflight/artifacts/pi_sync_20260717/openflight_sessions/iwr6843/iwr6843_20260717_113140_333_007.l3dump,18.157754149402077,8,29,108.1,True,0,0.6866927826906455,accepted,normal_tx,19.871999999999993,65,0.25268841169229617,0.04326,104.6486383844755,ok,22.9596314159792,hamming
0.9482351632800494,20.871235163280026,9Iron,1.6416534728592147,0717,/Users/john.pacino/Projects/openflight/artifacts/pi_sync_20260717/openflight_sessions/iwr6843/iwr6843_20260717_113203_465_008.l3dump,19.22958169042081,7,27,109.1,True,0,0.9482351632800494,accepted,normal_tx,19.922999999999977,52,0.4802530598712117,0.03726,106.54938898556463,low,22.51288863613924,rectangular
0.9771690044788315,20.90016900447881,9Iron,1.9857550888755036,0717,/Users/john.pacino/Projects/openflight/artifacts/pi_sync_20260717/openflight_sessions/iwr6843/iwr6843_20260717_113203_465_008.l3dump,18.914413915603305,7,28,109.1,True,0,0.9771690044788315,accepted,normal_tx,19.922999999999977,47,0.3297856019487602,0.03726,105.79744073766423,ok,22.885924093354312,hann
0.9952218887315212,20.918221888731498,9Iron,1.9595187451426455,0717,/Users/john.pacino/Projects/openflight/artifacts/pi_sync_20260717/openflight_sessions/iwr6843/iwr6843_20260717_113203_465_008.l3dump,18.958703143588853,7,28,109.1,True,0,0.9952218887315212,accepted,normal_tx,19.922999999999977,51,0.4235989037458958,0.03726,106.15662547421665,ok,22.877740633874144,hamming
2.843218123784311,20.9102181237843,9Iron,0.14655351029414732,0717,/Users/john.pacino/Projects/openflight/artifacts/pi_sync_20260717/openflight_sessions/iwr6843/iwr6843_20260717_113222_651_009.l3dump,21.056771634078448,7,26,108.9,True,0,2.843218123784311,accepted,normal_tx,18.06699999999999,46,0.47819262173774835,0.04335000000000001,107.78526901138629,low,20.763664613490153,rectangular
0.3269490481455968,17.740050951854393,9Iron,1.792514619519709,0717,/Users/john.pacino/Projects/openflight/artifacts/pi_sync_20260717/openflight_sessions/iwr6843/iwr6843_20260717_113222_651_009.l3dump,15.947536332334682,7,26,108.9,True,0,-0.3269490481455968,accepted,normal_tx,18.06699999999999,52,0.496262458038889,0.04335000000000001,108.03273705625293,low,19.5325655713741,hann
,,9Iron,,0717,/Users/john.pacino/Projects/openflight/artifacts/pi_sync_20260717/openflight_sessions/iwr6843/iwr6843_20260717_113222_651_009.l3dump,,0,0,108.9,True,0,,rejected_track_quality,normal_tx,18.06699999999999,52,0.5080972918221129,0.04335000000000001,107.94737709685774,reject,,hamming
0.6351499959770557,18.006850004022937,9Iron,2.235210981636362,0717,/Users/john.pacino/Projects/openflight/artifacts/pi_sync_20260717/openflight_sessions/iwr6843/iwr6843_20260717_113243_742_010.l3dump,15.771639022386577,7,27,98.4,True,0,-0.6351499959770557,accepted,normal_tx,18.641999999999992,35,0.25617454146937013,0.03717000000000001,94.49016630575724,ok,20.2420609856593,rectangular
0.4651783361068844,18.176821663893108,9Iron,2.403362372512838,0717,/Users/john.pacino/Projects/openflight/artifacts/pi_sync_20260717/openflight_sessions/iwr6843/iwr6843_20260717_113243_742_010.l3dump,15.77345929138027,7,28,98.4,True,0,-0.4651783361068844,accepted,normal_tx,18.641999999999992,41,0.22965208957947597,0.03735000000000001,94.61271230147182,ok,20.580184036405946,hann
0.2437433300315952,18.398256669968397,9Iron,2.4068364239923836,0717,/Users/john.pacino/Projects/openflight/artifacts/pi_sync_20260717/openflight_sessions/iwr6843/iwr6843_20260717_113243_742_010.l3dump,15.991420245976014,7,28,98.4,True,0,-0.2437433300315952,accepted,normal_tx,18.641999999999992,40,0.22972425349313985,0.03735000000000001,94.67115986950166,ok,20.80509309396078,hamming
0.4918612265565798,19.172861226556574,9Iron,0.25631899687296666,0717,/Users/john.pacino/Projects/openflight/artifacts/pi_sync_20260717/openflight_sessions/iwr6843/iwr6843_20260717_114807_350_001.l3dump,18.916542229683607,7,25,117.3,True,0,0.4918612265565798,accepted,normal_tx,18.680999999999994,63,0.2293446788522153,0.04335000000000001,114.14644846411598,ok,19.42918022342954,rectangular
1.242952375405057,19.92395237540505,9Iron,0.25983519100660857,0717,/Users/john.pacino/Projects/openflight/artifacts/pi_sync_20260717/openflight_sessions/iwr6843/iwr6843_20260717_114807_350_001.l3dump,20.18378756641166,8,26,117.3,True,0,1.242952375405057,accepted,normal_tx,18.680999999999994,53,0.18235209935978358,0.04317000000000001,114.38788116760135,ok,19.664117184398442,hann
1.3002879078617262,19.98128790786172,9Iron,0.17482212242078177,0717,/Users/john.pacino/Projects/openflight/artifacts/pi_sync_20260717/openflight_sessions/iwr6843/iwr6843_20260717_114807_350_001.l3dump,19.80646578544094,8,27,117.3,True,0,1.3002879078617262,accepted,normal_tx,18.680999999999994,56,0.17877118609707596,0.04317000000000001,114.34747105762477,ok,20.156110030282502,hamming
0.3483786807273077,20.973378680727293,9Iron,0.6227323483032681,0717,/Users/john.pacino/Projects/openflight/artifacts/pi_sync_20260717/openflight_sessions/iwr6843/iwr6843_20260717_114824_439_002.l3dump,20.350646332424024,6,24,115.2,True,0,0.3483786807273077,accepted,normal_tx,20.624999999999986,60,0.25912964784512976,0.04335000000000001,111.02841952987575,ok,21.59611102903056,rectangular
2.394828096411665,23.01982809641165,9Iron,0.731126518601739,0717,/Users/john.pacino/Projects/openflight/artifacts/pi_sync_20260717/openflight_sessions/iwr6843/iwr6843_20260717_114824_439_002.l3dump,23.75095461501339,6,24,115.2,True,0,2.394828096411665,accepted,normal_tx,20.624999999999986,57,0.2892329178581227,0.04335000000000001,111.14817365535612,ok,22.288701577809913,hann
2.311272227399755,22.93627222739974,9Iron,0.9637283853765677,0717,/Users/john.pacino/Projects/openflight/artifacts/pi_sync_20260717/openflight_sessions/iwr6843/iwr6843_20260717_114824_439_002.l3dump,23.900000612776306,6,24,115.2,True,0,2.311272227399755,accepted,normal_tx,20.624999999999986,59,0.2596259295753737,0.04335000000000001,111.0207104036219,ok,21.97254384202317,hamming
0.678352796245651,19.325647203754343,9Iron,1.1930366335227305,0717,/Users/john.pacino/Projects/openflight/artifacts/pi_sync_20260717/openflight_sessions/iwr6843/iwr6843_20260717_114845_092_003.l3dump,18.132610570231613,7,25,116.5,True,0,-0.678352796245651,accepted,normal_tx,20.003999999999994,58,0.306914461863478,0.0429,113.60357512217249,ok,20.518683837277074,rectangular
0.9845470468728905,20.988547046872885,9Iron,0.1146502744142559,0717,/Users/john.pacino/Projects/openflight/artifacts/pi_sync_20260717/openflight_sessions/iwr6843/iwr6843_20260717_114845_092_003.l3dump,20.87389677245863,8,27,116.5,True,0,0.9845470468728905,accepted,normal_tx,20.003999999999994,59,0.25173251593122453,0.04317000000000001,113.53325958288309,ok,21.10319732128714,hann
0.5734515590858003,20.577451559085794,9Iron,0.26956538601666935,0717,/Users/john.pacino/Projects/openflight/artifacts/pi_sync_20260717/openflight_sessions/iwr6843/iwr6843_20260717_114845_092_003.l3dump,20.307886173069125,8,27,116.5,True,0,0.5734515590858003,accepted,normal_tx,20.003999999999994,62,0.3414448636271649,0.04317000000000001,113.80261080653149,ok,20.847016945102464,hamming
2.5644487139805605,21.119448713980553,9Iron,1.2330204431966418,0717,/Users/john.pacino/Projects/openflight/artifacts/pi_sync_20260717/openflight_sessions/iwr6843/iwr6843_20260717_114906_734_004.l3dump,19.886428270783913,8,27,117.0,True,0,2.5644487139805605,accepted,normal_tx,18.554999999999993,55,0.21312521686123712,0.04335000000000001,113.57308289756627,ok,22.352469157177197,rectangular
1.7399450588408136,20.294945058840806,9Iron,2.301687127402573,0717,/Users/john.pacino/Projects/openflight/artifacts/pi_sync_20260717/openflight_sessions/iwr6843/iwr6843_20260717_114906_734_004.l3dump,17.993257931438233,8,29,117.0,True,0,1.7399450588408136,accepted,normal_tx,18.554999999999993,52,0.184727511328861,0.04335000000000001,113.51013700605915,ok,22.59663218624338,hann
1.788587957359816,20.34358795735981,9Iron,2.255068563347434,0717,/Users/john.pacino/Projects/openflight/artifacts/pi_sync_20260717/openflight_sessions/iwr6843/iwr6843_20260717_114906_734_004.l3dump,18.088519394012373,8,29,117.0,True,0,1.788587957359816,accepted,normal_tx,18.554999999999993,58,0.1796994648699708,0.04335000000000001,113.5762272336898,ok,22.59865652070724,hamming
,,9Iron,,0717,/Users/john.pacino/Projects/openflight/artifacts/pi_sync_20260717/openflight_sessions/iwr6843/iwr6843_20260717_114929_221_005.l3dump,,0,0,116.5,True,0,,rejected_track_quality,normal_tx,18.57899999999998,70,0.560727710945228,0.04845,111.2140024539796,reject,,rectangular
,,9Iron,,0717,/Users/john.pacino/Projects/openflight/artifacts/pi_sync_20260717/openflight_sessions/iwr6843/iwr6843_20260717_114929_221_005.l3dump,,0,0,116.5,True,0,,rejected_track_quality,normal_tx,18.57899999999998,74,0.5959855755713344,0.04854,111.11810491698918,reject,,hann
,,9Iron,,0717,/Users/john.pacino/Projects/openflight/artifacts/pi_sync_20260717/openflight_sessions/iwr6843/iwr6843_20260717_114929_221_005.l3dump,,0,0,116.5,True,0,,rejected_track_quality,normal_tx,18.57899999999998,74,0.6019708752154157,0.04863,110.83348743387701,reject,,hamming
2.829749283279055,5.690749283279051,9Iron,3.2323118573032934,0717,/Users/john.pacino/Projects/openflight/artifacts/pi_sync_20260717/openflight_sessions/iwr6843/iwr6843_20260717_115027_091_007.l3dump,8.923061140582345,8,32,92.9,True,0,2.829749283279055,accepted,normal_tx,2.860999999999996,97,0.24716202327173323,0.04335000000000001,92.08929519207703,ok,2.4584374259757573,rectangular
4.439839478728881,7.300839478728877,9Iron,3.832003987278338,0717,/Users/john.pacino/Projects/openflight/artifacts/pi_sync_20260717/openflight_sessions/iwr6843/iwr6843_20260717_115027_091_007.l3dump,11.132843466007214,8,32,92.9,True,0,4.439839478728881,accepted,normal_tx,2.860999999999996,84,0.2679604821739161,0.04335000000000001,91.93650456705585,ok,3.4688354914505384,hann
0.13281878884351883,2.993818788843515,9Iron,4.0875601643429045,0717,/Users/john.pacino/Projects/openflight/artifacts/pi_sync_20260717/openflight_sessions/iwr6843/iwr6843_20260717_115027_091_007.l3dump,11.168939117529323,8,32,92.9,True,0,0.13281878884351883,accepted,normal_tx,2.860999999999996,84,0.23706472426370412,0.04335000000000001,92.00472920312346,ok,2.993818788843515,hamming
1.4347924853153629,21.221792485315365,9Iron,1.3043189202262262,0717,/Users/john.pacino/Projects/openflight/artifacts/pi_sync_20260717/openflight_sessions/iwr6843/iwr6843_20260717_115100_415_009.l3dump,19.91747356508914,8,28,112.7,True,0,1.4347924853153629,accepted,normal_tx,19.787000000000003,69,0.1895185367818823,0.04317000000000001,108.2934289498602,ok,22.52611140554159,rectangular
1.1122922954463768,20.89929229544638,9Iron,1.8742049812078054,0717,/Users/john.pacino/Projects/openflight/artifacts/pi_sync_20260717/openflight_sessions/iwr6843/iwr6843_20260717_115100_415_009.l3dump,19.025087314238572,8,31,112.7,True,0,1.1122922954463768,accepted,normal_tx,19.787000000000003,66,0.2024387582883099,0.04335000000000001,108.5513872717525,ok,22.773497276654183,hann
0.9683510127433088,20.75535101274331,9Iron,1.8904709137446378,0717,/Users/john.pacino/Projects/openflight/artifacts/pi_sync_20260717/openflight_sessions/iwr6843/iwr6843_20260717_115100_415_009.l3dump,18.864880098998675,8,32,112.7,True,0,0.9683510127433088,accepted,normal_tx,19.787000000000003,69,0.1991488145250136,0.04335000000000001,108.56007715470541,ok,22.64582192648795,hamming
1.0129531503302083,20.472953150330206,9Iron,0.2266011238305783,0717,/Users/john.pacino/Projects/openflight/artifacts/pi_sync_20260717/openflight_sessions/iwr6843/iwr6843_20260717_115119_123_010.l3dump,20.699554274160782,8,28,100.6,True,0,1.0129531503302083,accepted,normal_tx,19.459999999999997,81,0.1900402446689138,0.04335000000000001,96.9887985261914,ok,20.246352026499626,rectangular
1.8351038000852817,21.29510380008528,9Iron,0.5688731013599071,0717,/Users/john.pacino/Projects/openflight/artifacts/pi_sync_20260717/openflight_sessions/iwr6843/iwr6843_20260717_115119_123_010.l3dump,21.863976901445188,8,27,100.6,True,0,1.8351038000852817,accepted,normal_tx,19.459999999999997,85,0.1312306423045227,0.04335000000000001,97.08530938266338,ok,20.726230698725374,hann
1.7406963235410693,21.200696323541067,9Iron,0.8263093904451377,0717,/Users/john.pacino/Projects/openflight/artifacts/pi_sync_20260717/openflight_sessions/iwr6843/iwr6843_20260717_115119_123_010.l3dump,22.027005713986203,8,29,100.6,True,0,1.7406963235410693,accepted,normal_tx,19.459999999999997,89,0.13846202011792655,0.04335000000000001,97.11022006401078,ok,20.374386933095927,hamming
0.5479165099389647,18.00808349006103,9Iron,0.8615684935547385,0717,/Users/john.pacino/Projects/openflight/artifacts/pi_sync_20260717/openflight_sessions/iwr6843/iwr6843_20260717_115206_270_013.l3dump,17.14651499650629,6,24,109.8,True,0,-0.5479165099389647,accepted,normal_tx,18.555999999999994,56,0.2422567138649109,0.0369,105.95845555315563,ok,18.869651983615768,rectangular
0.23887649294660562,18.317123507053388,9Iron,0.23492634651232258,0717,/Users/john.pacino/Projects/openflight/artifacts/pi_sync_20260717/openflight_sessions/iwr6843/iwr6843_20260717_115206_270_013.l3dump,18.082197160541064,7,26,109.8,True,0,-0.23887649294660562,accepted,normal_tx,18.555999999999994,59,0.20797479797807267,0.0369,105.95076544430451,ok,18.55204985356571,hann
0.041244053767766076,18.514755946232228,9Iron,0.08044968533849506,0717,/Users/john.pacino/Projects/openflight/artifacts/pi_sync_20260717/openflight_sessions/iwr6843/iwr6843_20260717_115206_270_013.l3dump,18.43430626089373,7,27,109.8,True,0,-0.041244053767766076,accepted,normal_tx,18.555999999999994,60,0.2107686288140484,0.03708,105.9345306056387,ok,18.59520563157072,hamming
2.622016573164874,24.321016573164865,9Iron,0.5118989702125099,0717,/Users/john.pacino/Projects/openflight/artifacts/pi_sync_20260717/openflight_sessions/iwr6843/iwr6843_20260717_115226_374_014.l3dump,23.809117602952355,7,26,107.1,True,0,2.622016573164874,accepted,normal_tx,21.69899999999999,66,0.206429434844399,0.04317000000000001,103.13538643414192,ok,24.832915543377375,rectangular
1.7556752487069502,23.45467524870694,9Iron,0.14709006195061924,0717,/Users/john.pacino/Projects/openflight/artifacts/pi_sync_20260717/openflight_sessions/iwr6843/iwr6843_20260717_115226_374_014.l3dump,23.601765310657562,7,26,107.1,True,0,1.7556752487069502,accepted,normal_tx,21.69899999999999,69,0.17328791816262107,0.04317000000000001,103.17151892155178,ok,23.307585186756324,hann
2.104090688914937,23.803090688914928,9Iron,0.05892480619854901,0717,/Users/john.pacino/Projects/openflight/artifacts/pi_sync_20260717/openflight_sessions/iwr6843/iwr6843_20260717_115226_374_014.l3dump,23.744165882716377,7,28,107.1,True,0,2.104090688914937,accepted,normal_tx,21.69899999999999,68,0.17401549176825468,0.04317000000000001,103.17527610312483,ok,23.862015495113475,hamming
2.575178258846524,17.166178258846507,7Iron,0.6306286811465558,0717,/Users/john.pacino/Projects/openflight/artifacts/pi_sync_20260717/openflight_sessions/iwr6843/iwr6843_20260717_115403_200_001.l3dump,17.79680693999306,7,23,110.2,True,0,2.575178258846524,accepted,normal_tx,14.590999999999983,53,0.22470353536655704,0.03735000000000001,108.0287781900987,ok,16.53554957769995,rectangular
0.3902957557072213,14.981295755707205,7Iron,0.6397400395684398,0717,/Users/john.pacino/Projects/openflight/artifacts/pi_sync_20260717/openflight_sessions/iwr6843/iwr6843_20260717_115403_200_001.l3dump,14.341555716138766,7,23,110.2,True,0,0.3902957557072213,accepted,normal_tx,14.590999999999983,46,0.15043775480552876,0.03735000000000001,107.83306726744452,ok,15.621035795275645,hann
0.4661671599834989,15.057167159983482,7Iron,0.871283027855843,0717,/Users/john.pacino/Projects/openflight/artifacts/pi_sync_20260717/openflight_sessions/iwr6843/iwr6843_20260717_115403_200_001.l3dump,14.18588413212764,7,24,110.2,True,0,0.4661671599834989,accepted,normal_tx,14.590999999999983,49,0.14526494615613206,0.03735000000000001,107.79985211506843,ok,15.928450187839326,hamming
1.463700981783318,7.869299018216684,7Iron,0.3342470764951484,0717,/Users/john.pacino/Projects/openflight/artifacts/pi_sync_20260717/openflight_sessions/iwr6843/iwr6843_20260717_115422_850_002.l3dump,8.203546094711832,5,19,107.0,True,0,-1.463700981783318,accepted,normal_tx,9.333000000000002,39,0.16827397157697077,0.04326,104.93222670063012,ok,7.535051941721536,rectangular
,,7Iron,,0717,/Users/john.pacino/Projects/openflight/artifacts/pi_sync_20260717/openflight_sessions/iwr6843/iwr6843_20260717_115422_850_002.l3dump,,0,0,107.0,True,0,,rejected_track_quality,normal_tx,9.333000000000002,35,0.6730719578092654,0.01836,81.29954048942847,reject,,hann
0.479659782904875,9.812659782904877,7Iron,1.4511423873143396,0717,/Users/john.pacino/Projects/openflight/artifacts/pi_sync_20260717/openflight_sessions/iwr6843/iwr6843_20260717_115422_850_002.l3dump,11.263802170219217,5,20,107.0,True,0,0.479659782904875,accepted,normal_tx,9.333000000000002,33,0.1358241035140522,0.04326,105.01258227851694,ok,8.361517395590537,hamming
,,7Iron,,0717,/Users/john.pacino/Projects/openflight/artifacts/pi_sync_20260717/openflight_sessions/iwr6843/iwr6843_20260717_115459_659_004.l3dump,,0,0,114.5,True,0,,rejected_track_quality,normal_tx,13.807999999999995,41,0.6655171103255769,0.04308000000000001,108.91206364364214,reject,,rectangular
,,7Iron,,0717,/Users/john.pacino/Projects/openflight/artifacts/pi_sync_20260717/openflight_sessions/iwr6843/iwr6843_20260717_115459_659_004.l3dump,,0,0,114.5,True,0,,rejected_track_quality,normal_tx,13.807999999999995,47,0.6976660982814231,0.04308,108.93257725362612,reject,,hann
,,7Iron,,0717,/Users/john.pacino/Projects/openflight/artifacts/pi_sync_20260717/openflight_sessions/iwr6843/iwr6843_20260717_115459_659_004.l3dump,,0,0,114.5,True,0,,rejected_track_quality,normal_tx,13.807999999999995,44,0.6951432078684876,0.04308,108.76100917143336,reject,,hamming
1.2770749837625601,16.126074983762557,7Iron,0.4948269392379574,0717,/Users/john.pacino/Projects/openflight/artifacts/pi_sync_20260717/openflight_sessions/iwr6843/iwr6843_20260717_115520_351_005.l3dump,15.631248044524598,6,22,116.6,True,0,1.2770749837625601,accepted,normal_tx,14.848999999999997,42,0.26402446381043126,0.037169999999999995,114.08766130850351,ok,16.620901923000513,rectangular
1.6092422346471515,13.239757765352845,7Iron,3.7552557539660745,0717,/Users/john.pacino/Projects/openflight/artifacts/pi_sync_20260717/openflight_sessions/iwr6843/iwr6843_20260717_115520_351_005.l3dump,9.484502011386772,7,23,116.6,True,0,-1.6092422346471515,accepted,normal_tx,14.848999999999997,43,0.20309828389895257,0.04272,114.2351154230405,ok,16.99501351931892,hann
0.5700808440354592,14.278919155964537,7Iron,1.8833220241327018,0717,/Users/john.pacino/Projects/openflight/artifacts/pi_sync_20260717/openflight_sessions/iwr6843/iwr6843_20260717_115520_351_005.l3dump,12.395597131831837,7,25,116.6,True,0,-0.5700808440354592,accepted,normal_tx,14.848999999999997,46,0.18391976757081824,0.04272,114.08413978306022,ok,16.16224118009724,hamming
1.1290951863491223,17.25709518634912,7Iron,0.8687104810507105,0717,/Users/john.pacino/Projects/openflight/artifacts/pi_sync_20260717/openflight_sessions/iwr6843/iwr6843_20260717_115540_973_006.l3dump,16.38838470529841,6,21,117.7,True,0,1.1290951863491223,accepted,normal_tx,16.127999999999997,35,0.2699907253606722,0.04272,114.63664921868603,ok,18.12580566739983,rectangular
0.3309482511940516,16.458948251194048,7Iron,1.4505654536860035,0717,/Users/john.pacino/Projects/openflight/artifacts/pi_sync_20260717/openflight_sessions/iwr6843/iwr6843_20260717_115540_973_006.l3dump,15.008382797508045,8,28,117.7,True,0,0.3309482511940516,accepted,normal_tx,16.127999999999997,42,0.2447907985395945,0.04272,114.93467858480582,ok,17.90951370488005,hann
0.5971298071824656,16.725129807182462,7Iron,2.6256342952370755,0717,/Users/john.pacino/Projects/openflight/artifacts/pi_sync_20260717/openflight_sessions/iwr6843/iwr6843_20260717_115540_973_006.l3dump,14.099495511945385,8,28,117.7,True,0,0.5971298071824656,accepted,normal_tx,16.127999999999997,43,0.23947886738474886,0.04272,114.90016990015269,ok,19.350764102419536,hamming
,,7Iron,,0717,/Users/john.pacino/Projects/openflight/artifacts/pi_sync_20260717/openflight_sessions/iwr6843/iwr6843_20260717_115559_044_007.l3dump,,0,0,121.2,True,0,,rejected_track_quality,normal_tx,15.296999999999995,35,0.7002696271966957,0.037349999999999994,113.15468519670763,reject,,rectangular
,,7Iron,,0717,/Users/john.pacino/Projects/openflight/artifacts/pi_sync_20260717/openflight_sessions/iwr6843/iwr6843_20260717_115559_044_007.l3dump,,0,0,121.2,True,0,,rejected_track_quality,normal_tx,15.296999999999995,39,0.6285114821149552,0.04316999999999999,115.0290868077574,reject,,hann
,,7Iron,,0717,/Users/john.pacino/Projects/openflight/artifacts/pi_sync_20260717/openflight_sessions/iwr6843/iwr6843_20260717_115559_044_007.l3dump,,0,0,121.2,True,0,,rejected_track_quality,normal_tx,15.296999999999995,38,0.6538733898018723,0.04791,116.28294420424713,reject,,hamming
1.1538400467454721,15.308840046745454,7Iron,1.3417776093098137,0717,/Users/john.pacino/Projects/openflight/artifacts/pi_sync_20260717/openflight_sessions/iwr6843/iwr6843_20260717_115625_775_008.l3dump,13.96706243743564,7,23,116.2,True,0,1.1538400467454721,accepted,normal_tx,14.154999999999982,65,0.394191578225103,0.04308,112.16535714059006,ok,16.650617656055267,rectangular
1.7489879463599873,15.903987946359969,7Iron,4.5179227387846845,0717,/Users/john.pacino/Projects/openflight/artifacts/pi_sync_20260717/openflight_sessions/iwr6843/iwr6843_20260717_115625_775_008.l3dump,6.8681424687906,7,28,116.2,True,0,1.7489879463599873,accepted,normal_tx,14.154999999999982,65,0.29173446329171443,0.04308,112.62764528005444,ok,15.903987946359969,hann
1.6483526891571625,15.803352689157144,7Iron,4.236810045328271,0717,/Users/john.pacino/Projects/openflight/artifacts/pi_sync_20260717/openflight_sessions/iwr6843/iwr6843_20260717_115625_775_008.l3dump,7.329732598500601,7,28,116.2,True,0,1.6483526891571625,accepted,normal_tx,14.154999999999982,67,0.2905457014473473,0.04308,112.59834365493901,ok,15.803352689157144,hamming
0.7522515327217008,17.80225153272167,7Iron,1.555519595209402,0717,/Users/john.pacino/Projects/openflight/artifacts/pi_sync_20260717/openflight_sessions/iwr6843/iwr6843_20260717_115650_587_009.l3dump,19.35777112793107,6,24,106.9,True,0,0.7522515327217008,accepted,normal_tx,17.04999999999997,53,0.2406335793346553,0.03735000000000001,104.31936506458818,ok,16.246731937512266,rectangular
1.4116972755592592,18.461697275559228,7Iron,0.7019460047004351,0717,/Users/john.pacino/Projects/openflight/artifacts/pi_sync_20260717/openflight_sessions/iwr6843/iwr6843_20260717_115650_587_009.l3dump,19.163643280259663,7,27,106.9,True,0,1.4116972755592592,accepted,normal_tx,17.04999999999997,56,0.20750904215577134,0.03735000000000001,104.43893663492008,ok,17.759751270858793,hann
1.5615897837557071,18.611589783755676,7Iron,0.7585584248676724,0717,/Users/john.pacino/Projects/openflight/artifacts/pi_sync_20260717/openflight_sessions/iwr6843/iwr6843_20260717_115650_587_009.l3dump,19.37014820862335,7,28,106.9,True,0,1.5615897837557071,accepted,normal_tx,17.04999999999997,55,0.2054086929667064,0.03735000000000001,104.39591817533793,ok,17.853031358888003,hamming
1.6409519841827613,15.553951984182754,7Iron,0.0,0717,/Users/john.pacino/Projects/openflight/artifacts/pi_sync_20260717/openflight_sessions/iwr6843/iwr6843_20260717_115728_239_011.l3dump,-5.0,5,20,119.1,True,0,1.6409519841827613,accepted,normal_tx,13.912999999999993,35,0.3379805244769814,0.04317000000000001,117.25682400828374,ok,15.553951984182754,rectangular
0.4558190786692897,13.457180921330703,7Iron,1.3012868096140258,0717,/Users/john.pacino/Projects/openflight/artifacts/pi_sync_20260717/openflight_sessions/iwr6843/iwr6843_20260717_115728_239_011.l3dump,12.155894111716679,5,20,119.1,True,0,-0.4558190786692897,accepted,normal_tx,13.912999999999993,48,0.38206199972788296,0.04317000000000001,117.41993175808605,ok,14.75846773094473,hann
0.7561979278713657,13.156802072128627,7Iron,0.22854277702798154,0717,/Users/john.pacino/Projects/openflight/artifacts/pi_sync_20260717/openflight_sessions/iwr6843/iwr6843_20260717_115728_239_011.l3dump,12.928259295100645,5,20,119.1,True,0,-0.7561979278713657,accepted,normal_tx,13.912999999999993,48,0.3802422266157272,0.04317000000000001,117.35184827636603,ok,13.385344849156608,hamming
0.6093189562560273,12.57968104374396,7Iron,1.3952311895635692,0717,/Users/john.pacino/Projects/openflight/artifacts/pi_sync_20260717/openflight_sessions/iwr6843/iwr6843_20260717_115753_889_012.l3dump,11.184449854180391,4,16,118.5,True,0,-0.6093189562560273,accepted,normal_tx,13.188999999999988,55,0.17107585432075578,0.04299000000000001,116.63394113375617,ok,13.97491223330753,rectangular
2.1009366475897195,11.088063352410268,7Iron,2.817694513101486,0717,/Users/john.pacino/Projects/openflight/artifacts/pi_sync_20260717/openflight_sessions/iwr6843/iwr6843_20260717_115753_889_012.l3dump,8.270368839308782,5,19,118.5,True,0,-2.1009366475897195,accepted,normal_tx,13.188999999999988,50,0.1465677489792641,0.042,116.82362352806983,ok,13.905757865511754,hann
3.2454821506512026,9.943517849348785,7Iron,3.8933639829503837,0717,/Users/john.pacino/Projects/openflight/artifacts/pi_sync_20260717/openflight_sessions/iwr6843/iwr6843_20260717_115753_889_012.l3dump,6.050153866398401,6,21,118.5,True,0,-3.2454821506512026,accepted,normal_tx,13.188999999999988,54,0.13211615006023505,0.04281000000000001,116.7515336014231,ok,13.836881832299168,hamming
,,7Iron,,0717,/Users/john.pacino/Projects/openflight/artifacts/pi_sync_20260717/openflight_sessions/iwr6843/iwr6843_20260717_120007_601_015.l3dump,,0,0,114.1,True,0,,rejected_track_quality,normal_tx,11.667999999999969,43,0.6543832010165052,0.013079999999999998,85.72320015838827,reject,,rectangular
1.3574841709430387,13.025484170943008,7Iron,8.192940415578843,0717,/Users/john.pacino/Projects/openflight/artifacts/pi_sync_20260717/openflight_sessions/iwr6843/iwr6843_20260717_120007_601_015.l3dump,-3.360396660214677,4,16,114.1,True,0,1.3574841709430387,accepted,normal_tx,11.667999999999969,38,0.16894908292412508,0.036989999999999995,110.7934647268925,ok,13.025484170943008,hann
,,7Iron,,0717,/Users/john.pacino/Projects/openflight/artifacts/pi_sync_20260717/openflight_sessions/iwr6843/iwr6843_20260717_120007_601_015.l3dump,,0,0,114.1,True,0,,rejected_track_quality,normal_tx,11.667999999999969,46,0.6634115512060859,0.013169999999999998,88.01202122756122,reject,,hamming
,,7Iron,,0717,/Users/john.pacino/Projects/openflight/artifacts/pi_sync_20260717/openflight_sessions/iwr6843/iwr6843_20260717_120027_859_016.l3dump,,0,0,107.6,True,0,,rejected_track_quality,normal_tx,6.6529999999999925,27,0.30333620256102745,0.042,103.77807965873329,reject,,rectangular
,,7Iron,,0717,/Users/john.pacino/Projects/openflight/artifacts/pi_sync_20260717/openflight_sessions/iwr6843/iwr6843_20260717_120027_859_016.l3dump,,0,0,107.6,True,0,,rejected_track_quality,normal_tx,6.6529999999999925,24,0.274884551813104,0.036629999999999996,103.98392820236468,reject,,hann
3.2598245374537056,9.912824537453698,7Iron,3.440207071780443,0717,/Users/john.pacino/Projects/openflight/artifacts/pi_sync_20260717/openflight_sessions/iwr6843/iwr6843_20260717_120027_859_016.l3dump,13.35303160923414,5,17,107.6,True,0,3.2598245374537056,accepted,normal_tx,6.6529999999999925,28,0.26884186432719476,0.036989999999999995,103.84356219788242,ok,6.472617465673254,hamming
1.660911885541152,16.73391188554116,7Iron,0.1613640092459594,0717,/Users/john.pacino/Projects/openflight/artifacts/pi_sync_20260717/openflight_sessions/iwr6843/iwr6843_20260717_120043_225_017.l3dump,16.572547876295204,6,24,110.0,True,0,1.660911885541152,accepted,normal_tx,15.07300000000001,55,0.2937448987943049,0.0429,107.88216391992812,ok,16.895275894787122,rectangular
0.6971848709643105,14.375815129035699,7Iron,1.8787867517607229,0717,/Users/john.pacino/Projects/openflight/artifacts/pi_sync_20260717/openflight_sessions/iwr6843/iwr6843_20260717_120043_225_017.l3dump,12.497028377274976,7,25,110.0,True,0,-0.6971848709643105,accepted,normal_tx,15.07300000000001,51,0.1743387937904887,0.04335000000000001,107.85452550595407,ok,16.25460188079642,hann
0.9053077775349134,14.167692222465096,7Iron,2.0007771632779816,0717,/Users/john.pacino/Projects/openflight/artifacts/pi_sync_20260717/openflight_sessions/iwr6843/iwr6843_20260717_120043_225_017.l3dump,12.166915059187113,7,25,110.0,True,0,-0.9053077775349134,accepted,normal_tx,15.07300000000001,55,0.1827594417590354,0.04335000000000001,107.73829977641603,ok,16.168469385743077,hamming
1.7015363276724447,17.334536327672424,7Iron,1.351514501712229,0717,/Users/john.pacino/Projects/openflight/artifacts/pi_sync_20260717/openflight_sessions/iwr6843/iwr6843_20260717_120105_500_018.l3dump,18.68605082938465,7,28,116.1,True,0,1.7015363276724447,accepted,normal_tx,15.63299999999998,44,0.46178483873769643,0.04209,112.39999312579813,low,15.983021825960193,rectangular
,,7Iron,,0717,/Users/john.pacino/Projects/openflight/artifacts/pi_sync_20260717/openflight_sessions/iwr6843/iwr6843_20260717_120105_500_018.l3dump,,0,0,116.1,True,0,,rejected_track_quality,normal_tx,15.63299999999998,46,0.7127184673379275,0.04272,111.02026191958538,reject,,hann
,,7Iron,,0717,/Users/john.pacino/Projects/openflight/artifacts/pi_sync_20260717/openflight_sessions/iwr6843/iwr6843_20260717_120105_500_018.l3dump,,0,0,116.1,True,0,,rejected_track_quality,normal_tx,15.63299999999998,45,0.6349528635576737,0.04245,111.6868052504613,reject,,hamming
0.11251472216413383,12.038514722164123,5Iron,2.0115796979212215,0717,/Users/john.pacino/Projects/openflight/artifacts/pi_sync_20260717/openflight_sessions/iwr6843/iwr6843_20260717_120303_171_023.l3dump,10.026935024242903,6,21,131.3,True,0,0.11251472216413383,accepted,normal_tx,11.92599999999999,66,0.16646559362086014,0.031170000000000003,128.5279408693187,ok,14.050094420085346,rectangular
1.1516957623191804,10.77430423768081,5Iron,2.8377143195326155,0717,/Users/john.pacino/Projects/openflight/artifacts/pi_sync_20260717/openflight_sessions/iwr6843/iwr6843_20260717_120303_171_023.l3dump,7.9365899181481945,6,22,131.3,True,0,-1.1516957623191804,accepted,normal_tx,11.92599999999999,73,0.14598102714844957,0.031259999999999996,128.56716760035167,ok,13.612018557213425,hann
0.9343893928841798,10.99161060711581,5Iron,2.7261098775189856,0717,/Users/john.pacino/Projects/openflight/artifacts/pi_sync_20260717/openflight_sessions/iwr6843/iwr6843_20260717_120303_171_023.l3dump,8.265500729596823,6,23,131.3,True,0,-0.9343893928841798,accepted,normal_tx,11.92599999999999,74,0.1332209108964728,0.031259999999999996,128.60522711092958,ok,13.717720484634794,hamming
2.388117019881339,0.2578829801186565,5Iron,5.113812869586846,0717,/Users/john.pacino/Projects/openflight/artifacts/pi_sync_20260717/openflight_sessions/iwr6843/iwr6843_20260717_120325_842_024.l3dump,10.48550871929235,7,26,116.6,True,0,-2.388117019881339,accepted,normal_tx,2.6459999999999955,72,0.21399648106428157,0.0489,114.69724817738842,ok,0.2578829801186565,rectangular
5.1315718251687485,-2.4855718251687526,5Iron,1.3926803480208505,0717,/Users/john.pacino/Projects/openflight/artifacts/pi_sync_20260717/openflight_sessions/iwr6843/iwr6843_20260717_120325_842_024.l3dump,-3.8782521731896034,9,33,116.6,True,0,-5.1315718251687485,accepted,normal_tx,2.6459999999999955,78,0.1911832992764271,0.048990000000000006,114.96627911282937,ok,-1.0928914771479021,hann
4.4069156158522995,-1.7609156158523043,5Iron,0.6133330152413803,0717,/Users/john.pacino/Projects/openflight/artifacts/pi_sync_20260717/openflight_sessions/iwr6843/iwr6843_20260717_120325_842_024.l3dump,-2.3742486310936846,9,33,116.6,True,0,-4.4069156158522995,accepted,normal_tx,2.6459999999999955,80,0.18910462111452103,0.048990000000000006,114.94295465584656,ok,-1.147582600610924,hamming
3.6536593305737624,1.0293406694262384,5Iron,2.4371608212700666,0717,/Users/john.pacino/Projects/openflight/artifacts/pi_sync_20260717/openflight_sessions/iwr6843/iwr6843_20260717_120343_217_025.l3dump,3.4665014906963054,7,25,103.1,True,0,-3.6536593305737624,accepted,normal_tx,4.683000000000001,52,0.25414627410066104,0.03735000000000001,102.34348508391847,ok,-1.4078201518438285,rectangular
6.0241370055641,-1.3411370055640996,5Iron,0.2089460900874366,0717,/Users/john.pacino/Projects/openflight/artifacts/pi_sync_20260717/openflight_sessions/iwr6843/iwr6843_20260717_120343_217_025.l3dump,-1.132190915476663,7,26,103.1,True,0,-6.0241370055641,accepted,normal_tx,4.683000000000001,50,0.1958213976626841,0.03735000000000001,102.37696420284878,ok,-1.5500830956515361,hann
5.989286516941641,-1.306286516941641,5Iron,0.2552266014878525,0717,/Users/john.pacino/Projects/openflight/artifacts/pi_sync_20260717/openflight_sessions/iwr6843/iwr6843_20260717_120343_217_025.l3dump,-1.0510599154537885,7,26,103.1,True,0,-5.989286516941641,accepted,normal_tx,4.683000000000001,52,0.20350118419141966,0.03735000000000001,102.37701174354059,ok,-1.5615131184294935,hamming
1.9322482529759206,14.372248252975911,5Iron,1.3627946849447756,0717,/Users/john.pacino/Projects/openflight/artifacts/pi_sync_20260717/openflight_sessions/iwr6843/iwr6843_20260717_120430_094_028.l3dump,15.735042937920687,4,13,122.2,True,0,1.9322482529759206,accepted,normal_tx,12.43999999999999,36,0.17778185620431294,0.04317000000000001,119.879226816477,ok,13.009453568031136,rectangular
0.18541089855003534,12.254589101449955,5Iron,0.9500172468176507,0717,/Users/john.pacino/Projects/openflight/artifacts/pi_sync_20260717/openflight_sessions/iwr6843/iwr6843_20260717_120430_094_028.l3dump,13.204606348267607,4,13,122.2,True,0,-0.18541089855003534,accepted,normal_tx,12.43999999999999,36,0.14795670644538658,0.031079999999999997,120.43330473863617,ok,11.304571854632306,hann
0.36361154832422926,12.80361154832422,5Iron,1.104013607480903,0717,/Users/john.pacino/Projects/openflight/artifacts/pi_sync_20260717/openflight_sessions/iwr6843/iwr6843_20260717_120430_094_028.l3dump,13.907625155805123,4,13,122.2,True,0,0.36361154832422926,accepted,normal_tx,12.43999999999999,36,0.1475499733239513,0.031079999999999997,120.3556962329215,ok,11.699597940843317,hamming
,,5Iron,,0717,/Users/john.pacino/Projects/openflight/artifacts/pi_sync_20260717/openflight_sessions/iwr6843/iwr6843_20260717_120453_936_029.l3dump,,0,0,79.0,True,0,,rejected_track_quality,normal_tx,4.967000000000003,24,0.42422617019296466,0.013260000000000001,125.85000494016758,reject,,rectangular
,,5Iron,,0717,/Users/john.pacino/Projects/openflight/artifacts/pi_sync_20260717/openflight_sessions/iwr6843/iwr6843_20260717_120453_936_029.l3dump,,0,0,79.0,True,0,,rejected_track_quality,normal_tx,4.967000000000003,21,0.4345138830185849,0.013170000000000001,125.46127195415782,reject,,hann
,,5Iron,,0717,/Users/john.pacino/Projects/openflight/artifacts/pi_sync_20260717/openflight_sessions/iwr6843/iwr6843_20260717_120453_936_029.l3dump,,0,0,79.0,True,0,,rejected_track_quality,normal_tx,4.967000000000003,21,0.43398914135388283,0.013170000000000001,125.44510203183552,reject,,hamming
,,5Iron,,0717,/Users/john.pacino/Projects/openflight/artifacts/pi_sync_20260717/openflight_sessions/iwr6843/iwr6843_20260717_120527_255_031.l3dump,,0,0,119.7,True,0,,rejected_track_quality,normal_tx,17.143999999999973,24,0.4291826480831305,0.031259999999999996,115.03409238646083,reject,,rectangular
2.6682785134399154,14.475721486560058,5Iron,1.1277907848639792,0717,/Users/john.pacino/Projects/openflight/artifacts/pi_sync_20260717/openflight_sessions/iwr6843/iwr6843_20260717_120527_255_031.l3dump,13.347930701696079,5,18,119.7,True,0,-2.6682785134399154,accepted,normal_tx,17.143999999999973,34,0.3627959957183681,0.04245000000000001,115.97345589581293,ok,15.603512271424037,hann
1.2134198650138721,15.930580134986101,5Iron,0.35878148621721007,0717,/Users/john.pacino/Projects/openflight/artifacts/pi_sync_20260717/openflight_sessions/iwr6843/iwr6843_20260717_120527_255_031.l3dump,15.571798648768892,5,20,119.7,True,0,-1.2134198650138721,accepted,normal_tx,17.143999999999973,33,0.3672841902063258,0.04245000000000001,115.91772118247738,ok,16.289361621203312,hamming
2.51902884448851,10.10897115551146,5Iron,3.6810674408763386,0717,/Users/john.pacino/Projects/openflight/artifacts/pi_sync_20260717/openflight_sessions/iwr6843/iwr6843_20260717_120753_167_002.l3dump,6.4279037146351214,6,16,124.4,True,0,-2.51902884448851,accepted,normal_tx,12.62799999999997,37,0.1729568998423804,0.04209000000000001,122.12007257187565,ok,13.790038596387799,rectangular
0.4396507390703839,12.188349260929586,5Iron,1.27029690519179,0717,/Users/john.pacino/Projects/openflight/artifacts/pi_sync_20260717/openflight_sessions/iwr6843/iwr6843_20260717_120753_167_002.l3dump,10.918052355737796,6,21,124.4,True,0,-0.4396507390703839,accepted,normal_tx,12.62799999999997,48,0.3763141477303273,0.0429,122.86556596877469,ok,13.458646166121376,hann
0.7131087315029756,11.914891268496994,5Iron,1.5446007700267588,0717,/Users/john.pacino/Projects/openflight/artifacts/pi_sync_20260717/openflight_sessions/iwr6843/iwr6843_20260717_120753_167_002.l3dump,10.370290498470235,6,21,124.4,True,0,-0.7131087315029756,accepted,normal_tx,12.62799999999997,49,0.3662492779411461,0.0429,122.63522637677006,ok,13.459492038523752,hamming
0.2564588335500666,11.66845883355007,5Iron,0.09386174117293589,0717,/Users/john.pacino/Projects/openflight/artifacts/pi_sync_20260717/openflight_sessions/iwr6843/iwr6843_20260717_120823_650_004.l3dump,11.574597092377132,5,20,131.1,True,0,0.2564588335500666,accepted,normal_tx,11.412000000000003,68,0.2210538669555208,0.04317000000000001,128.7934538736806,ok,11.762320574723004,rectangular
0.43245208438224125,11.844452084382244,5Iron,0.3634814764152514,0717,/Users/john.pacino/Projects/openflight/artifacts/pi_sync_20260717/openflight_sessions/iwr6843/iwr6843_20260717_120823_650_004.l3dump,11.480970607966993,7,22,131.1,True,0,0.43245208438224125,accepted,normal_tx,11.412000000000003,61,0.1955356534630963,0.04317000000000001,128.70115723896407,ok,12.207933560797496,hann
0.785419593844841,12.197419593844844,5Iron,0.35464404091977997,0717,/Users/john.pacino/Projects/openflight/artifacts/pi_sync_20260717/openflight_sessions/iwr6843/iwr6843_20260717_120823_650_004.l3dump,11.842775552925064,7,22,131.1,True,0,0.785419593844841,accepted,normal_tx,11.412000000000003,64,0.19510574279204967,0.04317000000000001,128.66605134337925,ok,12.552063634764624,hamming
,,5Iron,,0717,/Users/john.pacino/Projects/openflight/artifacts/pi_sync_20260717/openflight_sessions/iwr6843/iwr6843_20260717_120849_851_006.l3dump,,0,0,129.4,True,0,,rejected_track_quality,normal_tx,13.694999999999984,54,0.5587857181756433,0.042089999999999995,124.86551705046064,reject,,rectangular
,,5Iron,,0717,/Users/john.pacino/Projects/openflight/artifacts/pi_sync_20260717/openflight_sessions/iwr6843/iwr6843_20260717_120849_851_006.l3dump,,0,0,129.4,True,0,,rejected_track_quality,normal_tx,13.694999999999984,51,0.6707666644479142,0.042449999999999995,123.54758434588341,reject,,hann
,,5Iron,,0717,/Users/john.pacino/Projects/openflight/artifacts/pi_sync_20260717/openflight_sessions/iwr6843/iwr6843_20260717_120849_851_006.l3dump,,0,0,129.4,True,0,,rejected_track_quality,normal_tx,13.694999999999984,56,0.6439278333129027,0.042449999999999995,123.77147573610952,reject,,hamming
0.2550715870909439,9.789071587090962,5Iron,0.46854529059389893,0717,/Users/john.pacino/Projects/openflight/artifacts/pi_sync_20260717/openflight_sessions/iwr6843/iwr6843_20260717_120910_820_007.l3dump,10.257616877684862,6,19,127.9,True,0,0.2550715870909439,accepted,normal_tx,9.534000000000018,66,0.19522655241022027,0.04308,125.13468268905856,ok,9.320526296497064,rectangular
0.6507551590103393,10.184755159010358,5Iron,0.0,0717,/Users/john.pacino/Projects/openflight/artifacts/pi_sync_20260717/openflight_sessions/iwr6843/iwr6843_20260717_120910_820_007.l3dump,-5.0,6,21,127.9,True,0,0.6507551590103393,accepted,normal_tx,9.534000000000018,63,0.16090178260178856,0.04326,125.40357017614721,ok,10.184755159010358,hann
0.342133711217663,9.876133711217681,5Iron,0.9114678701801537,0717,/Users/john.pacino/Projects/openflight/artifacts/pi_sync_20260717/openflight_sessions/iwr6843/iwr6843_20260717_120910_820_007.l3dump,10.787601581397835,6,19,127.9,True,0,0.342133711217663,accepted,normal_tx,9.534000000000018,60,0.18661505028908265,0.04326,125.37996631557036,ok,8.964665841037528,hamming
3.5569979449874474,14.101997944987438,5Iron,1.6895292502282198,0717,/Users/john.pacino/Projects/openflight/artifacts/pi_sync_20260717/openflight_sessions/iwr6843/iwr6843_20260717_120937_977_009.l3dump,15.791527195215657,6,18,95.9,True,0,3.5569979449874474,accepted,normal_tx,10.544999999999991,46,0.42634037530846464,0.04845000000000001,91.65218216625678,ok,12.412468694759218,rectangular
0.05665667576179345,10.488343324238198,5Iron,0.8739391190901307,0717,/Users/john.pacino/Projects/openflight/artifacts/pi_sync_20260717/openflight_sessions/iwr6843/iwr6843_20260717_120937_977_009.l3dump,9.614404205148068,5,17,95.9,True,0,-0.05665667576179345,accepted,normal_tx,10.544999999999991,46,0.3678839218455058,0.042989999999999993,91.3763481707078,ok,11.36228244332833,hann
0.35942791805025465,10.904427918050246,5Iron,0.9747681443687535,0717,/Users/john.pacino/Projects/openflight/artifacts/pi_sync_20260717/openflight_sessions/iwr6843/iwr6843_20260717_120937_977_009.l3dump,9.929659773681491,5,17,95.9,True,0,0.35942791805025465,accepted,normal_tx,10.544999999999991,46,0.37237652121826587,0.042989999999999993,91.3684731072324,ok,11.879196062418998,hamming
,,5Iron,,0717,/Users/john.pacino/Projects/openflight/artifacts/pi_sync_20260717/openflight_sessions/iwr6843/iwr6843_20260717_121039_661_012.l3dump,,0,0,108.6,True,0,,rejected_track_quality,normal_tx,11.300999999999949,68,0.5652931812873097,0.04317000000000001,102.77487611290624,reject,,rectangular
,,5Iron,,0717,/Users/john.pacino/Projects/openflight/artifacts/pi_sync_20260717/openflight_sessions/iwr6843/iwr6843_20260717_121039_661_012.l3dump,,0,0,108.6,True,0,,rejected_track_quality,normal_tx,11.300999999999949,69,0.5221377797482213,0.04290000000000001,102.43040099804246,reject,,hann
,,5Iron,,0717,/Users/john.pacino/Projects/openflight/artifacts/pi_sync_20260717/openflight_sessions/iwr6843/iwr6843_20260717_121039_661_012.l3dump,,0,0,108.6,True,0,,rejected_track_quality,normal_tx,11.300999999999949,71,0.5203890157127821,0.04290000000000001,102.4808642900493,reject,,hamming
1.4562863545715246,19.425286354571515,5Iron,9.67880272613151,0717,/Users/john.pacino/Projects/openflight/artifacts/pi_sync_20260717/openflight_sessions/iwr6843/iwr6843_20260717_121055_162_013.l3dump,19.425286354571515,6,22,105.2,True,0,1.4562863545715246,accepted,normal_tx,17.96899999999999,63,0.34014645609532257,0.04136999999999999,102.2310816349796,ok,0.0676809023084966,rectangular
2.734843256792537,20.703843256792528,5Iron,10.610729477281852,0717,/Users/john.pacino/Projects/openflight/artifacts/pi_sync_20260717/openflight_sessions/iwr6843/iwr6843_20260717_121055_162_013.l3dump,20.703843256792528,6,24,105.2,True,0,2.734843256792537,accepted,normal_tx,17.96899999999999,64,0.48264418111286606,0.04190999999999999,101.04050278340151,low,-0.517615697771179,hann
2.5548460745680472,20.523846074568038,5Iron,10.40378483916743,0717,/Users/john.pacino/Projects/openflight/artifacts/pi_sync_20260717/openflight_sessions/iwr6843/iwr6843_20260717_121055_162_013.l3dump,20.523846074568038,6,24,105.2,True,0,2.5548460745680472,accepted,normal_tx,17.96899999999999,67,0.4780580374107772,0.04190999999999999,101.24097272728906,low,-0.28372360376682304,hamming
0.0018307586181034452,8.881830758618083,5Iron,0.5113988700799581,0717,/Users/john.pacino/Projects/openflight/artifacts/pi_sync_20260717/openflight_sessions/iwr6843/iwr6843_20260717_121117_373_015.l3dump,8.370431888538125,7,23,131.9,True,0,0.0018307586181034452,accepted,normal_tx,8.87999999999998,67,0.37070241460667297,0.042539999999999994,128.10212336817276,ok,9.393229628698041,rectangular
1.1823581226419737,7.697641877358006,5Iron,0.32812482912403196,0717,/Users/john.pacino/Projects/openflight/artifacts/pi_sync_20260717/openflight_sessions/iwr6843/iwr6843_20260717_121117_373_015.l3dump,7.369517048233974,7,23,131.9,True,0,-1.1823581226419737,accepted,normal_tx,8.87999999999998,65,0.3477366027410703,0.042809999999999994,128.63337256821853,ok,8.025766706482038,hann
0.735019714773637,8.144980285226342,5Iron,0.1868516818735979,0717,/Users/john.pacino/Projects/openflight/artifacts/pi_sync_20260717/openflight_sessions/iwr6843/iwr6843_20260717_121117_373_015.l3dump,8.33183196709994,7,25,131.9,True,0,-0.735019714773637,accepted,normal_tx,8.87999999999998,67,0.3419925268506824,0.042809999999999994,128.58087413136516,ok,7.958128603352745,hamming
,,SandWedge,,0717,/Users/john.pacino/Projects/openflight/artifacts/pi_sync_20260717/openflight_sessions/iwr6843/iwr6843_20260717_121204_092_018.l3dump,,0,0,67.0,True,0,,rejected_track_quality,normal_tx,25.881999999999998,28,0.5576660087071292,0.007259999999999996,157.89662466769695,reject,,rectangular
,,SandWedge,,0717,/Users/john.pacino/Projects/openflight/artifacts/pi_sync_20260717/openflight_sessions/iwr6843/iwr6843_20260717_121204_092_018.l3dump,,0,0,67.0,True,0,,rejected_track_quality,normal_tx,25.881999999999998,29,0.6625167638271156,0.007169999999999996,171.750133893757,reject,,hann
,,SandWedge,,0717,/Users/john.pacino/Projects/openflight/artifacts/pi_sync_20260717/openflight_sessions/iwr6843/iwr6843_20260717_121204_092_018.l3dump,,0,0,67.0,True,0,,rejected_track_quality,normal_tx,25.881999999999998,26,0.5980853394232896,0.007259999999999996,163.60547797654917,reject,,hamming
0.7229344067287897,30.049934406728788,SandWedge,1.9422129636487089,0717,/Users/john.pacino/Projects/openflight/artifacts/pi_sync_20260717/openflight_sessions/iwr6843/iwr6843_20260717_121222_280_019.l3dump,28.107721443080077,6,24,82.3,True,0,0.7229344067287897,accepted,normal_tx,29.326999999999998,42,0.2201926641047935,0.03009,75.18565728434442,ok,31.992147370377495,rectangular
1.0889877559355483,30.415987755935546,SandWedge,1.7259783997352898,0717,/Users/john.pacino/Projects/openflight/artifacts/pi_sync_20260717/openflight_sessions/iwr6843/iwr6843_20260717_121222_280_019.l3dump,28.690009356200257,6,24,82.3,True,0,1.0889877559355483,accepted,normal_tx,29.326999999999998,49,0.21489109083385136,0.03027,75.7609854141278,ok,32.141966155670836,hann
1.1583900708318993,30.485390070831897,SandWedge,1.6688123143919302,0717,/Users/john.pacino/Projects/openflight/artifacts/pi_sync_20260717/openflight_sessions/iwr6843/iwr6843_20260717_121222_280_019.l3dump,28.816577756439965,6,24,82.3,True,0,1.1583900708318993,accepted,normal_tx,29.326999999999998,48,0.21207152815308694,0.03027,75.6855155216828,ok,32.154202385223826,hamming
5.613329939092073,7.128329939092067,SandWedge,4.92248314223762,0717,/Users/john.pacino/Projects/openflight/artifacts/pi_sync_20260717/openflight_sessions/iwr6843/iwr6843_20260717_121257_460_022.l3dump,7.128329939092067,8,32,79.0,True,0,5.613329939092073,accepted,normal_tx,1.5149999999999944,95,0.1862569460575207,0.04335000000000001,78.02558053852245,ok,-2.7166363453831717,rectangular
9.229844790113933,10.744844790113927,SandWedge,6.760730853121746,0717,/Users/john.pacino/Projects/openflight/artifacts/pi_sync_20260717/openflight_sessions/iwr6843/iwr6843_20260717_121257_460_022.l3dump,10.744844790113927,8,32,79.0,True,0,9.229844790113933,accepted,normal_tx,1.5149999999999944,95,0.11696384351763958,0.04335000000000001,78.00348544469347,ok,-2.776616916129565,hann
6.699284348585926,8.21428434858592,SandWedge,6.245149171016003,0717,/Users/john.pacino/Projects/openflight/artifacts/pi_sync_20260717/openflight_sessions/iwr6843/iwr6843_20260717_121257_460_022.l3dump,8.21428434858592,8,32,79.0,True,0,6.699284348585926,accepted,normal_tx,1.5149999999999944,94,0.12092730721223405,0.04335000000000001,78.02605804705037,ok,-4.276013993446086,hamming
,,SandWedge,,0717,/Users/john.pacino/Projects/openflight/artifacts/pi_sync_20260717/openflight_sessions/iwr6843/iwr6843_20260717_121320_732_024.l3dump,,0,0,78.4,True,0,,rejected_track_quality,normal_tx,29.942000000000014,40,0.6940130934840394,0.04317000000000001,66.3190840837212,reject,,rectangular
0.5287255276096445,30.47072552760966,SandWedge,1.4893015651770707,0717,/Users/john.pacino/Projects/openflight/artifacts/pi_sync_20260717/openflight_sessions/iwr6843/iwr6843_20260717_121320_732_024.l3dump,28.981423962432586,8,32,78.4,True,0,0.5287255276096445,accepted,normal_tx,29.942000000000014,39,0.4361938920014368,0.04317,66.53499844843172,ok,31.960027092786728,hann
0.6208601778696234,30.562860177869638,SandWedge,1.5582284990749802,0717,/Users/john.pacino/Projects/openflight/artifacts/pi_sync_20260717/openflight_sessions/iwr6843/iwr6843_20260717_121320_732_024.l3dump,29.004631678794656,8,31,78.4,True,0,0.6208601778696234,accepted,normal_tx,29.942000000000014,33,0.4228883555731786,0.04317000000000001,66.15782247509624,ok,32.121088676944616,hamming
0.844479928544704,31.5894799285447,SandWedge,1.624499486255953,0717,/Users/john.pacino/Projects/openflight/artifacts/pi_sync_20260717/openflight_sessions/iwr6843/iwr6843_20260717_121351_239_026.l3dump,29.96498044228875,7,28,74.3,True,0,0.844479928544704,accepted,normal_tx,30.744999999999997,62,0.2763611088732218,0.03672,66.70678229038002,ok,33.213979414800654,rectangular
1.0021275640350211,31.74712756403502,SandWedge,1.243434413275855,0717,/Users/john.pacino/Projects/openflight/artifacts/pi_sync_20260717/openflight_sessions/iwr6843/iwr6843_20260717_121351_239_026.l3dump,30.503693150759165,7,28,74.3,True,0,1.0021275640350211,accepted,normal_tx,30.744999999999997,68,0.2884269562879454,0.03681000000000001,67.86901452461244,ok,32.990561977310875,hann
1.0243002200610363,31.769300220061034,SandWedge,1.4705197553503382,0717,/Users/john.pacino/Projects/openflight/artifacts/pi_sync_20260717/openflight_sessions/iwr6843/iwr6843_20260717_121351_239_026.l3dump,30.298780464710696,7,28,74.3,True,0,1.0243002200610363,accepted,normal_tx,30.744999999999997,68,0.2871280574213069,0.03681000000000001,67.70485936923964,ok,33.23981997541137,hamming
,,SandWedge,,0717,/Users/john.pacino/Projects/openflight/artifacts/pi_sync_20260717/openflight_sessions/iwr6843/iwr6843_20260717_121414_496_028.l3dump,,0,0,76.3,True,0,,rejected_track_quality,normal_tx,26.976,22,0.2861397847715932,0.013349999999999994,86.75008053271131,reject,,rectangular
,,SandWedge,,0717,/Users/john.pacino/Projects/openflight/artifacts/pi_sync_20260717/openflight_sessions/iwr6843/iwr6843_20260717_121414_496_028.l3dump,,0,0,76.3,True,0,,rejected_track_quality,normal_tx,26.976,26,0.4765861664015649,0.007259999999999996,139.01888347555376,reject,,hann
,,SandWedge,,0717,/Users/john.pacino/Projects/openflight/artifacts/pi_sync_20260717/openflight_sessions/iwr6843/iwr6843_20260717_121414_496_028.l3dump,,0,0,76.3,True,0,,rejected_track_quality,normal_tx,26.976,25,0.4770584306743183,0.007259999999999996,138.15135154252152,reject,,hamming
1.2749046241752175,29.293904624175205,SandWedge,2.091553830881848,0717,/Users/john.pacino/Projects/openflight/artifacts/pi_sync_20260717/openflight_sessions/iwr6843/iwr6843_20260717_121439_150_030.l3dump,27.20235079329336,7,26,77.1,True,0,1.2749046241752175,accepted,normal_tx,28.018999999999988,45,0.2858944591152629,0.036000000000000004,67.27269480705134,ok,31.385458455057055,rectangular
0.6970277927837039,28.71602779278369,SandWedge,2.4022619469917554,0717,/Users/john.pacino/Projects/openflight/artifacts/pi_sync_20260717/openflight_sessions/iwr6843/iwr6843_20260717_121439_150_030.l3dump,26.313765845791938,7,28,77.1,True,0,0.6970277927837039,accepted,normal_tx,28.018999999999988,40,0.25322078249149843,0.036000000000000004,67.83750793556165,ok,31.11828973977545,hann
0.49398626088884967,28.512986260888837,SandWedge,2.2712803247766757,0717,/Users/john.pacino/Projects/openflight/artifacts/pi_sync_20260717/openflight_sessions/iwr6843/iwr6843_20260717_121439_150_030.l3dump,26.24170593611216,7,28,77.1,True,0,0.49398626088884967,accepted,normal_tx,28.018999999999988,43,0.2574041222126945,0.036000000000000004,67.5973693129187,ok,30.784266585665513,hamming
,,SandWedge,,0717,/Users/john.pacino/Projects/openflight/artifacts/pi_sync_20260717/openflight_sessions/iwr6843/iwr6843_20260717_121511_227_033.l3dump,,0,0,75.4,True,0,,rejected_track_quality,normal_tx,30.037999999999993,44,0.5417339269864707,0.04281000000000001,61.511152860515814,reject,,rectangular
1.0158931561925222,31.053893156192515,SandWedge,1.74427568441196,0717,/Users/john.pacino/Projects/openflight/artifacts/pi_sync_20260717/openflight_sessions/iwr6843/iwr6843_20260717_121511_227_033.l3dump,29.309617471780555,7,28,75.4,True,0,1.0158931561925222,accepted,normal_tx,30.037999999999993,46,0.33793332127802117,0.03699000000000001,73.8716282842077,ok,32.798168840604475,hann
1.1707328671429558,31.20873286714295,SandWedge,1.6798052317939636,0717,/Users/john.pacino/Projects/openflight/artifacts/pi_sync_20260717/openflight_sessions/iwr6843/iwr6843_20260717_121511_227_033.l3dump,29.528927635348985,7,28,75.4,True,0,1.1707328671429558,accepted,normal_tx,30.037999999999993,46,0.34866862183431574,0.03699000000000001,73.74277659196947,ok,32.88853809893691,hamming
1.8871434090322978,30.80414340903231,SandWedge,0.7367050657376524,0717,/Users/john.pacino/Projects/openflight/artifacts/pi_sync_20260717/openflight_sessions/iwr6843/iwr6843_20260717_121602_028_036.l3dump,30.067438343294658,6,24,77.9,True,0,1.8871434090322978,accepted,normal_tx,28.917000000000012,45,0.4449752612588471,0.030809999999999997,69.9799396870911,ok,31.540848474769962,rectangular
,,SandWedge,,0717,/Users/john.pacino/Projects/openflight/artifacts/pi_sync_20260717/openflight_sessions/iwr6843/iwr6843_20260717_121602_028_036.l3dump,,0,0,77.9,True,0,,rejected_track_quality,normal_tx,28.917000000000012,44,0.6647993138616257,0.03672,67.3835433392809,reject,,hann
,,SandWedge,,0717,/Users/john.pacino/Projects/openflight/artifacts/pi_sync_20260717/openflight_sessions/iwr6843/iwr6843_20260717_121602_028_036.l3dump,,0,0,77.9,True,0,,rejected_track_quality,normal_tx,28.917000000000012,48,0.6765029779582533,0.03672,67.46028641037536,reject,,hamming
2.520976679764626,32.06497667976463,SandWedge,1.664683398253981,0717,/Users/john.pacino/Projects/openflight/artifacts/pi_sync_20260717/openflight_sessions/iwr6843/iwr6843_20260717_121616_891_037.l3dump,30.400293281510642,6,24,79.2,True,0,2.520976679764626,accepted,normal_tx,29.544,46,0.45805697453780003,0.029909999999999996,69.60573272916159,low,33.729660078018604,rectangular
,,SandWedge,,0717,/Users/john.pacino/Projects/openflight/artifacts/pi_sync_20260717/openflight_sessions/iwr6843/iwr6843_20260717_121616_891_037.l3dump,,0,0,79.2,True,0,,rejected_track_quality,normal_tx,29.544,48,0.7291087978458065,0.03591,66.4504213671721,reject,,hann
,,SandWedge,,0717,/Users/john.pacino/Projects/openflight/artifacts/pi_sync_20260717/openflight_sessions/iwr6843/iwr6843_20260717_121616_891_037.l3dump,,0,0,79.2,True,0,,rejected_track_quality,normal_tx,29.544,47,0.7003457255083504,0.03591,66.81608496692243,reject,,hamming
3.2604270109983275,22.7624270109983,Driver,1.3438722159181804,0717,/Users/john.pacino/Projects/openflight/artifacts/pi_sync_20260717/openflight_sessions/iwr6843/iwr6843_20260717_121817_738_002.l3dump,21.41855479508012,5,20,139.6,True,0,3.2604270109983275,accepted,normal_tx,19.501999999999974,71,0.17815767452796688,0.036719999999999996,135.6382121955929,ok,24.10629922691648,rectangular
2.8324151871510708,22.334415187151045,Driver,0.2899455199814387,0717,/Users/john.pacino/Projects/openflight/artifacts/pi_sync_20260717/openflight_sessions/iwr6843/iwr6843_20260717_121817_738_002.l3dump,22.044469667169608,5,20,139.6,True,0,2.8324151871510708,accepted,normal_tx,19.501999999999974,71,0.1541522324757403,0.036809999999999996,135.22964992152606,ok,22.624360707132485,hann
2.9599617978787975,22.46196179787877,Driver,0.5927381079287617,0717,/Users/john.pacino/Projects/openflight/artifacts/pi_sync_20260717/openflight_sessions/iwr6843/iwr6843_20260717_121817_738_002.l3dump,21.869223689950008,5,20,139.6,True,0,2.9599617978787975,accepted,normal_tx,19.501999999999974,74,0.15357034347626064,0.036809999999999996,135.2903666248678,ok,23.05469990580753,hamming
12.056812493220065,25.656812493220066,Driver,3.8966082137989524,0717,/Users/john.pacino/Projects/openflight/artifacts/pi_sync_20260717/openflight_sessions/iwr6843/iwr6843_20260717_121853_553_005.l3dump,29.55342070701902,7,28,151.8,True,0,12.056812493220065,accepted,normal_tx,13.600000000000001,80,0.38649436647996427,0.03735000000000001,55.3238371514053,ok,21.760204279421114,rectangular
,,Driver,,0717,/Users/john.pacino/Projects/openflight/artifacts/pi_sync_20260717/openflight_sessions/iwr6843/iwr6843_20260717_121853_553_005.l3dump,,0,0,151.8,True,0,,rejected_track_quality,normal_tx,13.600000000000001,52,0.5216067469393774,0.03627,144.57758702492345,reject,,hann
,,Driver,,0717,/Users/john.pacino/Projects/openflight/artifacts/pi_sync_20260717/openflight_sessions/iwr6843/iwr6843_20260717_121853_553_005.l3dump,,0,0,151.8,True,0,,rejected_track_quality,normal_tx,13.600000000000001,54,0.5134386432578942,0.03627,144.53666884974191,reject,,hamming
0.306287472009382,11.571287472009313,Driver,1.7870718835361066,0717,/Users/john.pacino/Projects/openflight/artifacts/pi_sync_20260717/openflight_sessions/iwr6843/iwr6843_20260717_121928_251_007.l3dump,9.784215588473208,4,16,159.9,True,0,0.306287472009382,accepted,normal_tx,11.264999999999931,47,0.21658982832069346,0.030539999999999998,157.02204078990283,ok,13.35835935554542,rectangular
2.1655653080605877,13.430565308060519,Driver,0.17986882038170027,0717,/Users/john.pacino/Projects/openflight/artifacts/pi_sync_20260717/openflight_sessions/iwr6843/iwr6843_20260717_121928_251_007.l3dump,13.250696487678818,4,16,159.9,True,0,2.1655653080605877,accepted,normal_tx,11.264999999999931,48,0.24612877516393655,0.030539999999999998,156.9212932606324,ok,13.610434128442218,hann
3.09004245988217,14.355042459882101,Driver,0.6500446018269255,0717,/Users/john.pacino/Projects/openflight/artifacts/pi_sync_20260717/openflight_sessions/iwr6843/iwr6843_20260717_121928_251_007.l3dump,15.005087061709027,4,16,159.9,True,0,3.09004245988217,accepted,normal_tx,11.264999999999931,52,0.2452383565370369,0.031079999999999997,157.11987070658236,ok,13.704997858055176,hamming
0.7936872302044673,11.659687230204415,Driver,3.443227973540716,0717,/Users/john.pacino/Projects/openflight/artifacts/pi_sync_20260717/openflight_sessions/iwr6843/iwr6843_20260717_122018_436_011.l3dump,8.2164592566637,3,12,161.2,True,0,0.7936872302044673,accepted,normal_tx,10.865999999999948,49,0.4182573647559368,0.03509999999999999,157.4279632527772,ok,15.102915203745132,rectangular
4.042171349182231,14.90817134918218,Driver,0.8936432175795472,0717,/Users/john.pacino/Projects/openflight/artifacts/pi_sync_20260717/openflight_sessions/iwr6843/iwr6843_20260717_122018_436_011.l3dump,15.801814566761728,3,12,161.2,True,0,4.042171349182231,accepted,normal_tx,10.865999999999948,49,0.39797686816541084,0.03617999999999999,157.45429904848942,ok,14.014528131602633,hann
5.620655454982858,16.486655454982806,Driver,1.2984256048321408,0717,/Users/john.pacino/Projects/openflight/artifacts/pi_sync_20260717/openflight_sessions/iwr6843/iwr6843_20260717_122018_436_011.l3dump,17.785081059814946,4,13,161.2,True,0,5.620655454982858,accepted,normal_tx,10.865999999999948,50,0.41872602338611187,0.03635999999999999,157.37456855664612,ok,15.188229850150664,hamming
3.439108333931955,9.65410833393193,Driver,0.15679392844554219,0717,/Users/john.pacino/Projects/openflight/artifacts/pi_sync_20260717/openflight_sessions/iwr6843/iwr6843_20260717_122053_344_014.l3dump,9.497314405486387,4,16,156.1,True,0,3.439108333931955,accepted,normal_tx,6.214999999999975,53,0.22267277070916713,0.03681000000000001,153.41771087047542,ok,9.810902262377471,rectangular
0.14341081041405968,6.071589189585915,Driver,0.697702899555674,0717,/Users/john.pacino/Projects/openflight/artifacts/pi_sync_20260717/openflight_sessions/iwr6843/iwr6843_20260717_122053_344_014.l3dump,5.373886290030241,4,16,156.1,True,0,-0.14341081041405968,accepted,normal_tx,6.214999999999975,46,0.16694095333017464,0.03699000000000001,153.1099634475567,ok,6.769292089141589,hann
2.0271931538231893,8.242193153823164,Driver,0.8387230427098586,0717,/Users/john.pacino/Projects/openflight/artifacts/pi_sync_20260717/openflight_sessions/iwr6843/iwr6843_20260717_122053_344_014.l3dump,9.080916196533023,6,18,156.1,True,0,2.0271931538231893,accepted,normal_tx,6.214999999999975,47,0.16224746878676552,0.03699000000000001,153.07477318382365,ok,7.403470111113306,hamming
17.143866388702776,26.33586638870276,Driver,4.6206743554685,0717,/Users/john.pacino/Projects/openflight/artifacts/pi_sync_20260717/openflight_sessions/iwr6843/iwr6843_20260717_122143_307_017.l3dump,26.33586638870276,7,26,154.1,True,0,17.143866388702776,accepted,normal_tx,9.191999999999986,60,0.4353412035308367,0.03618000000000001,56.110526481382315,ok,17.09451767776576,rectangular
15.84623860758186,25.038238607581846,Driver,2.5284034019940265,0717,/Users/john.pacino/Projects/openflight/artifacts/pi_sync_20260717/openflight_sessions/iwr6843/iwr6843_20260717_122143_307_017.l3dump,27.566642009575872,7,27,154.1,True,0,15.84623860758186,accepted,normal_tx,9.191999999999986,59,0.38154574469677005,0.03654000000000001,55.92449219793393,ok,22.50983520558782,hann
,,Driver,,0717,/Users/john.pacino/Projects/openflight/artifacts/pi_sync_20260717/openflight_sessions/iwr6843/iwr6843_20260717_122143_307_017.l3dump,,0,0,154.1,True,0,,insufficient_channel_snapshots,normal_tx,9.191999999999986,33,0.4587603138907371,0.036359999999999996,152.5670778179408,low,,hamming
1.2382827102073062,16.771282710207295,Driver,0.14230720563749344,0717,/Users/john.pacino/Projects/openflight/artifacts/pi_sync_20260717/openflight_sessions/iwr6843/iwr6843_20260717_122219_263_019.l3dump,16.6289755045698,6,21,150.8,True,0,1.2382827102073062,accepted,normal_tx,15.532999999999989,52,0.23419023990417534,0.036719999999999996,147.0856626016452,ok,16.91358991584479,rectangular
0.872023014789244,16.405023014789233,Driver,0.7414001742005487,0717,/Users/john.pacino/Projects/openflight/artifacts/pi_sync_20260717/openflight_sessions/iwr6843/iwr6843_20260717_122219_263_019.l3dump,15.663622840588685,5,20,150.8,True,0,0.872023014789244,accepted,normal_tx,15.532999999999989,56,0.3115691607448049,0.036899999999999995,146.708301688266,ok,17.146423188989782,hann
1.0442558921334122,16.5772558921334,Driver,0.229033408867112,0717,/Users/john.pacino/Projects/openflight/artifacts/pi_sync_20260717/openflight_sessions/iwr6843/iwr6843_20260717_122219_263_019.l3dump,16.348222483266287,5,20,150.8,True,0,1.0442558921334122,accepted,normal_tx,15.532999999999989,57,0.30448557855847574,0.037079999999999995,146.78184967014366,ok,16.80628930100051,hamming
11.143749233515615,24.72874923351559,Driver,2.4929579323936117,0717,/Users/john.pacino/Projects/openflight/artifacts/pi_sync_20260717/openflight_sessions/iwr6843/iwr6843_20260717_122256_361_021.l3dump,27.2217071659092,6,24,158.2,True,0,11.143749233515615,accepted,normal_tx,13.584999999999974,71,0.47279946293360087,0.03654,57.33218077968685,low,22.235791301121978,rectangular
1.869446010228204,15.454446010228178,Driver,1.0429039352066587,0717,/Users/john.pacino/Projects/openflight/artifacts/pi_sync_20260717/openflight_sessions/iwr6843/iwr6843_20260717_122256_361_021.l3dump,14.41154207502152,5,18,158.2,True,0,1.869446010228204,accepted,normal_tx,13.584999999999974,40,0.2925957078702525,0.025349999999999998,154.76351036722616,ok,16.497349945434838,hann
2.022860287678407,15.607860287678381,Driver,0.3324573571227001,0717,/Users/john.pacino/Projects/openflight/artifacts/pi_sync_20260717/openflight_sessions/iwr6843/iwr6843_20260717_122256_361_021.l3dump,15.27540293055568,5,18,158.2,True,0,2.022860287678407,accepted,normal_tx,13.584999999999974,42,0.28867375956831703,0.025349999999999998,154.74055363443074,ok,15.94031764480108,hamming
0.5420119079370735,14.671011907937014,Driver,1.7899272241024393,0717,/Users/john.pacino/Projects/openflight/artifacts/pi_sync_20260717/openflight_sessions/iwr6843/iwr6843_20260717_122330_650_023.l3dump,12.881084683834574,4,13,152.7,True,0,0.5420119079370735,accepted,normal_tx,14.128999999999941,59,0.22358897434489827,0.031349999999999996,150.18504207359618,ok,16.460939132039453,rectangular
2.133280935176483,16.262280935176424,Driver,0.32745124940507875,0717,/Users/john.pacino/Projects/openflight/artifacts/pi_sync_20260717/openflight_sessions/iwr6843/iwr6843_20260717_122330_650_023.l3dump,15.934829685771346,6,20,152.7,True,0,2.133280935176483,accepted,normal_tx,14.128999999999941,59,0.2865178422540764,0.03609,149.40381612873122,ok,16.589732184581504,hann
2.35941343457851,16.48841343457845,Driver,0.6904891478014443,0717,/Users/john.pacino/Projects/openflight/artifacts/pi_sync_20260717/openflight_sessions/iwr6843/iwr6843_20260717_122330_650_023.l3dump,15.797924286777006,6,19,152.7,True,0,2.35941343457851,accepted,normal_tx,14.128999999999941,63,0.2796545576533342,0.03609,149.5189079513245,ok,17.178902582379894,hamming
2.9867274648531144,14.622727464853089,Driver,0.09511970813400072,0717,/Users/john.pacino/Projects/openflight/artifacts/pi_sync_20260717/openflight_sessions/iwr6843/iwr6843_20260717_122414_762_025.l3dump,14.717847172987089,4,16,158.0,True,0,2.9867274648531144,accepted,normal_tx,11.635999999999974,55,0.19089387130941604,0.030989999999999997,156.15467842665916,ok,14.527607756719087,rectangular
1.215584488433457,10.420415511566517,Driver,3.5904284642106625,0717,/Users/john.pacino/Projects/openflight/artifacts/pi_sync_20260717/openflight_sessions/iwr6843/iwr6843_20260717_122414_762_025.l3dump,6.829987047355854,5,17,158.0,True,0,-1.215584488433457,accepted,normal_tx,11.635999999999974,49,0.1761671578698534,0.030989999999999997,156.2031463885853,ok,14.01084397577718,hann
2.4808869774817843,14.116886977481759,Driver,4.12512475513389,0717,/Users/john.pacino/Projects/openflight/artifacts/pi_sync_20260717/openflight_sessions/iwr6843/iwr6843_20260717_122414_762_025.l3dump,5.866637467213978,5,17,158.0,True,0,2.4808869774817843,accepted,normal_tx,11.635999999999974,51,0.17273649749790715,0.030989999999999997,156.21179534511762,ok,14.116886977481759,hamming
0.9998807356401915,14.04588073564019,Driver,2.235642537931926,0717,/Users/john.pacino/Projects/openflight/artifacts/pi_sync_20260717/openflight_sessions/iwr6843/iwr6843_20260717_122445_215_026.l3dump,11.810238197708264,6,21,156.2,True,0,0.9998807356401915,accepted,normal_tx,13.045999999999998,55,0.4931815087912266,0.03563999999999999,152.04699755741163,low,16.281523273572116,rectangular
0.9087312491724475,13.954731249172445,Driver,2.964288908243889,0717,/Users/john.pacino/Projects/openflight/artifacts/pi_sync_20260717/openflight_sessions/iwr6843/iwr6843_20260717_122445_215_026.l3dump,10.990442340928556,6,21,156.2,True,0,0.9087312491724475,accepted,normal_tx,13.045999999999998,62,0.3392874365466014,0.03581999999999999,153.95400681109288,ok,16.919020157416334,hann
0.5516583187618789,13.597658318761876,Driver,3.2071815514160678,0717,/Users/john.pacino/Projects/openflight/artifacts/pi_sync_20260717/openflight_sessions/iwr6843/iwr6843_20260717_122445_215_026.l3dump,10.390476767345808,6,21,156.2,True,0,0.5516583187618789,accepted,normal_tx,13.045999999999998,61,0.3363398146908919,0.03581999999999999,153.8544849711232,ok,16.804839870177943,hamming
1.007380701821372,13.368380701821373,Driver,1.4959242824488515,0717,/Users/john.pacino/Projects/openflight/artifacts/pi_sync_20260717/openflight_sessions/iwr6843/iwr6843_20260717_122534_138_029.l3dump,11.872456419372522,5,17,160.1,True,0,1.007380701821372,accepted,normal_tx,12.361,55,0.24825049526949333,0.037169999999999995,157.03312255671327,ok,14.864304984270225,rectangular
3.421613356782169,15.78261335678217,Driver,0.3641412150638228,0717,/Users/john.pacino/Projects/openflight/artifacts/pi_sync_20260717/openflight_sessions/iwr6843/iwr6843_20260717_122534_138_029.l3dump,16.146754571845992,4,16,160.1,True,0,3.421613356782169,accepted,normal_tx,12.361,53,0.24187672744739092,0.036719999999999996,156.8936120838459,ok,15.418472141718347,hann
3.2453462997982037,15.606346299798204,Driver,0.229779987918735,0717,/Users/john.pacino/Projects/openflight/artifacts/pi_sync_20260717/openflight_sessions/iwr6843/iwr6843_20260717_122534_138_029.l3dump,15.836126287716938,4,16,160.1,True,0,3.2453462997982037,accepted,normal_tx,12.361,53,0.2581246937572394,0.036719999999999996,156.94525942389987,ok,15.376566311879468,hamming
1.8264755944393247,12.603524405560627,Driver,0.6122187680538795,0717,/Users/john.pacino/Projects/openflight/artifacts/pi_sync_20260717/openflight_sessions/iwr6843/iwr6843_20260717_122603_943_030.l3dump,13.215743173614507,4,16,158.9,True,0,-1.8264755944393247,accepted,normal_tx,14.429999999999952,48,0.20888136287780865,0.036,156.1966710838998,ok,11.991305637506748,rectangular
0.9712746689887997,15.401274668988751,Driver,0.8199740937995088,0717,/Users/john.pacino/Projects/openflight/artifacts/pi_sync_20260717/openflight_sessions/iwr6843/iwr6843_20260717_122603_943_030.l3dump,14.581300575189243,4,16,158.9,True,0,0.9712746689887997,accepted,normal_tx,14.429999999999952,50,0.24808956185846753,0.030899999999999997,156.58413900291154,ok,16.22124876278826,hann
0.9498075710367271,15.379807571036679,Driver,0.7651253012302979,0717,/Users/john.pacino/Projects/openflight/artifacts/pi_sync_20260717/openflight_sessions/iwr6843/iwr6843_20260717_122603_943_030.l3dump,14.614682269806382,4,16,158.9,True,0,0.9498075710367271,accepted,normal_tx,14.429999999999952,50,0.1952349227367267,0.036,156.16427061475693,ok,16.144932872266978,hamming
0.4883290542237262,11.277329054223697,Driver,0.16299701211983475,0717,/Users/john.pacino/Projects/openflight/artifacts/pi_sync_20260717/openflight_sessions/iwr6843/iwr6843_20260717_122633_215_032.l3dump,11.114332042103863,4,13,163.0,True,0,0.4883290542237262,accepted,normal_tx,10.788999999999971,56,0.47919799374760924,0.03663,158.53196713664963,low,11.440326066343532,rectangular
3.4017958750100536,14.190795875010025,Driver,2.141616019162761,0717,/Users/john.pacino/Projects/openflight/artifacts/pi_sync_20260717/openflight_sessions/iwr6843/iwr6843_20260717_122633_215_032.l3dump,16.332411894172786,3,12,163.0,True,0,3.4017958750100536,accepted,normal_tx,10.788999999999971,60,0.4901600639075139,0.0369,157.06556188300567,low,12.049179855847264,hann
,,Driver,,0717,/Users/john.pacino/Projects/openflight/artifacts/pi_sync_20260717/openflight_sessions/iwr6843/iwr6843_20260717_122633_215_032.l3dump,,0,0,163.0,True,0,,rejected_track_quality,normal_tx,10.788999999999971,58,0.5562313170718178,0.03699,156.94623301174136,reject,,hamming
19.22477975102168,25.878779751021654,Driver,3.7075210603437476,0717,/Users/john.pacino/Projects/openflight/artifacts/pi_sync_20260717/openflight_sessions/iwr6843/iwr6843_20260717_122659_214_034.l3dump,29.5863008113654,6,23,158.2,True,0,19.22477975102168,accepted,normal_tx,6.653999999999975,80,0.39003201452851277,0.03135,57.42086745350837,ok,22.171258690677906,rectangular
23.739168341490224,30.3931683414902,Driver,4.239839949698826,0717,/Users/john.pacino/Projects/openflight/artifacts/pi_sync_20260717/openflight_sessions/iwr6843/iwr6843_20260717_122659_214_034.l3dump,30.3931683414902,6,24,158.2,True,0,23.739168341490224,accepted,normal_tx,6.653999999999975,76,0.3393078685535837,0.03135,57.57905585720093,ok,21.913488442092547,hann
23.853872841266355,30.50787284126633,Driver,4.4326850346070525,0717,/Users/john.pacino/Projects/openflight/artifacts/pi_sync_20260717/openflight_sessions/iwr6843/iwr6843_20260717_122659_214_034.l3dump,30.50787284126633,6,24,158.2,True,0,23.853872841266355,accepted,normal_tx,6.653999999999975,80,0.3562126138717078,0.03135,57.62662776799238,ok,21.642502772052225,hamming
4.491621602434865,25.93862160243485,9Iron,2.9513376443896213,0717,/Users/john.pacino/Projects/openflight/artifacts/pi_sync_20260717/openflight_sessions/iwr6843/iwr6843_20260717_113843_003_001.l3dump,22.98728395804523,7,27,104.0,True,0,4.491621602434865,accepted,reversed_tx_experimental,21.446999999999985,75,0.22712182151336197,0.04317000000000001,100.01053181524117,ok,28.88995924682447,rectangular
4.725536115096787,26.172536115096772,9Iron,2.865025593671998,0717,/Users/john.pacino/Projects/openflight/artifacts/pi_sync_20260717/openflight_sessions/iwr6843/iwr6843_20260717_113843_003_001.l3dump,23.307510521424774,7,27,104.0,True,0,4.725536115096787,accepted,reversed_tx_experimental,21.446999999999985,75,0.26143118123827386,0.04317000000000001,100.37992307299771,ok,29.03756170876877,hann
4.417840305702818,25.864840305702803,9Iron,3.0482022797842063,0717,/Users/john.pacino/Projects/openflight/artifacts/pi_sync_20260717/openflight_sessions/iwr6843/iwr6843_20260717_113843_003_001.l3dump,22.816638025918596,7,28,104.0,True,0,4.417840305702818,accepted,reversed_tx_experimental,21.446999999999985,77,0.23375413191610542,0.04317000000000001,100.26687949751528,ok,28.91304258548701,hamming
,,9Iron,,0717,/Users/john.pacino/Projects/openflight/artifacts/pi_sync_20260717/openflight_sessions/iwr6843/iwr6843_20260717_113904_950_002.l3dump,,0,0,113.5,True,0,,insufficient_channel_snapshots,reversed_tx_experimental,20.456,40,0.48860144254034726,0.04863000000000001,103.25938965811672,low,,rectangular
,,9Iron,,0717,/Users/john.pacino/Projects/openflight/artifacts/pi_sync_20260717/openflight_sessions/iwr6843/iwr6843_20260717_113904_950_002.l3dump,,0,0,113.5,True,0,,rejected_track_quality,reversed_tx_experimental,20.456,58,0.5804459511312604,0.048089999999999994,107.4760247003755,reject,,hann
,,9Iron,,0717,/Users/john.pacino/Projects/openflight/artifacts/pi_sync_20260717/openflight_sessions/iwr6843/iwr6843_20260717_113904_950_002.l3dump,,0,0,113.5,True,0,,rejected_track_quality,reversed_tx_experimental,20.456,61,0.534511912429567,0.048,107.96827228837087,reject,,hamming
1.1226708222872297,22.459670822287237,9Iron,1.0877444153917875,0717,/Users/john.pacino/Projects/openflight/artifacts/pi_sync_20260717/openflight_sessions/iwr6843/iwr6843_20260717_113923_910_003.l3dump,23.547415237679022,7,27,111.7,True,0,1.1226708222872297,accepted,reversed_tx_experimental,21.337000000000007,86,0.21308492924606137,0.04335000000000001,107.1924444656104,ok,21.371926406895447,rectangular
1.2567182022595311,22.593718202259538,9Iron,0.7425408848720032,0717,/Users/john.pacino/Projects/openflight/artifacts/pi_sync_20260717/openflight_sessions/iwr6843/iwr6843_20260717_113923_910_003.l3dump,23.33625908713154,7,28,111.7,True,0,1.2567182022595311,accepted,reversed_tx_experimental,21.337000000000007,86,0.21514629244331093,0.04335000000000001,107.16021164146576,ok,21.851177317387535,hann
1.364861191384957,22.701861191384964,9Iron,0.8822563109223065,0717,/Users/john.pacino/Projects/openflight/artifacts/pi_sync_20260717/openflight_sessions/iwr6843/iwr6843_20260717_113923_910_003.l3dump,23.58411750230727,7,28,111.7,True,0,1.364861191384957,accepted,reversed_tx_experimental,21.337000000000007,88,0.21187620653732073,0.04335000000000001,107.14615558783552,ok,21.819604880462656,hamming
1.599334549114456,17.877665450885537,9Iron,2.0878463044244553,0717,/Users/john.pacino/Projects/openflight/artifacts/pi_sync_20260717/openflight_sessions/iwr6843/iwr6843_20260717_114107_880_002.l3dump,19.965511755309993,5,20,115.4,True,0,-1.599334549114456,accepted,reversed_tx_experimental,19.476999999999993,43,0.3507836493082815,0.04245000000000001,112.18272294352032,ok,15.789819146461083,rectangular
0.7689582422169643,20.245958242216958,9Iron,1.0941046937318593,0717,/Users/john.pacino/Projects/openflight/artifacts/pi_sync_20260717/openflight_sessions/iwr6843/iwr6843_20260717_114107_880_002.l3dump,21.340062935948815,6,21,115.4,True,0,0.7689582422169643,accepted,reversed_tx_experimental,19.476999999999993,38,0.18383506274493244,0.036809999999999996,111.73964840662931,ok,19.151853548485096,hann
0.5930007218583775,20.07000072185837,9Iron,1.274636132593809,0717,/Users/john.pacino/Projects/openflight/artifacts/pi_sync_20260717/openflight_sessions/iwr6843/iwr6843_20260717_114107_880_002.l3dump,21.34463685445218,6,21,115.4,True,0,0.5930007218583775,accepted,reversed_tx_experimental,19.476999999999993,39,0.1795205987321121,0.036809999999999996,111.69597079470532,ok,18.79536458926456,hamming
1.3459361185393206,19.290936118539335,9Iron,0.22550704629531815,0717,/Users/john.pacino/Projects/openflight/artifacts/pi_sync_20260717/openflight_sessions/iwr6843/iwr6843_20260717_114135_097_003.l3dump,19.51644316483465,6,24,105.5,True,0,1.3459361185393206,accepted,reversed_tx_experimental,17.945000000000014,52,0.2422354564973997,0.03735000000000001,102.67382468915858,ok,19.065429072244015,rectangular
0.7286744355963819,18.673674435596396,9Iron,0.5802571147833966,0717,/Users/john.pacino/Projects/openflight/artifacts/pi_sync_20260717/openflight_sessions/iwr6843/iwr6843_20260717_114135_097_003.l3dump,18.093417320813,7,25,105.5,True,0,0.7286744355963819,accepted,reversed_tx_experimental,17.945000000000014,48,0.2557768163217907,0.03735000000000001,103.0211056954965,ok,19.253931550379793,hann
0.776786123280889,18.721786123280904,9Iron,0.17795209202685314,0717,/Users/john.pacino/Projects/openflight/artifacts/pi_sync_20260717/openflight_sessions/iwr6843/iwr6843_20260717_114135_097_003.l3dump,18.54383403125405,7,25,105.5,True,0,0.776786123280889,accepted,reversed_tx_experimental,17.945000000000014,49,0.25676170267062715,0.03735000000000001,103.02827934263861,ok,18.899738215307757,hamming
2.10202656779828,18.072973432201707,9Iron,0.7921102991090248,0717,/Users/john.pacino/Projects/openflight/artifacts/pi_sync_20260717/openflight_sessions/iwr6843/iwr6843_20260717_114210_520_004.l3dump,18.865083731310733,6,24,112.6,True,0,-2.10202656779828,accepted,reversed_tx_experimental,20.174999999999986,42,0.4819568401701793,0.04308,110.17684515057641,low,17.280863133092684,rectangular
0.9643758677060852,19.2106241322939,9Iron,0.267115309058342,0717,/Users/john.pacino/Projects/openflight/artifacts/pi_sync_20260717/openflight_sessions/iwr6843/iwr6843_20260717_114210_520_004.l3dump,18.94350882323556,7,25,112.6,True,0,-0.9643758677060852,accepted,reversed_tx_experimental,20.174999999999986,45,0.3849209333046788,0.04308,110.28233423547069,ok,19.477739441352245,hann
1.0234251376629864,19.151574862337,9Iron,0.22640611571726232,0717,/Users/john.pacino/Projects/openflight/artifacts/pi_sync_20260717/openflight_sessions/iwr6843/iwr6843_20260717_114210_520_004.l3dump,18.92516874661974,7,25,112.6,True,0,-1.0234251376629864,accepted,reversed_tx_experimental,20.174999999999986,47,0.4142159584130505,0.04308,110.36600264486,ok,19.377980978054264,hamming
0.24132053718946622,20.912679462810523,9Iron,0.5684139385971587,0717,/Users/john.pacino/Projects/openflight/artifacts/pi_sync_20260717/openflight_sessions/iwr6843/iwr6843_20260717_114230_732_005.l3dump,20.344265524213366,7,23,113.8,True,0,-0.24132053718946622,accepted,reversed_tx_experimental,21.15399999999999,47,0.18593468487796302,0.04299000000000001,109.72978273391699,ok,21.481093401407684,rectangular
0.2553454003344626,20.898654599665527,9Iron,0.5701857403136046,0717,/Users/john.pacino/Projects/openflight/artifacts/pi_sync_20260717/openflight_sessions/iwr6843/iwr6843_20260717_114230_732_005.l3dump,20.328468859351922,8,28,113.8,True,0,-0.2553454003344626,accepted,reversed_tx_experimental,21.15399999999999,50,0.16445084369650198,0.04308,109.89769082903327,ok,21.46884033997913,hann
0.5509429774167955,20.603057022583194,9Iron,0.7559971815886453,0717,/Users/john.pacino/Projects/openflight/artifacts/pi_sync_20260717/openflight_sessions/iwr6843/iwr6843_20260717_114230_732_005.l3dump,19.847059840994547,8,29,113.8,True,0,-0.5509429774167955,accepted,reversed_tx_experimental,21.15399999999999,50,0.16246952691978558,0.04308,109.89510698521464,ok,21.359054204171837,hamming
,,9Iron,,0717,/Users/john.pacino/Projects/openflight/artifacts/pi_sync_20260717/openflight_sessions/iwr6843/iwr6843_20260717_114255_061_006.l3dump,,0,0,113.3,True,0,,rejected_track_quality,reversed_tx_experimental,18.210999999999988,68,0.5193740590361738,0.04854,108.2245526432907,reject,,rectangular
0.5958452605336042,18.806845260533592,9Iron,0.2796477891767335,0717,/Users/john.pacino/Projects/openflight/artifacts/pi_sync_20260717/openflight_sessions/iwr6843/iwr6843_20260717_114255_061_006.l3dump,18.527197471356857,8,26,113.3,True,0,0.5958452605336042,accepted,reversed_tx_experimental,18.210999999999988,73,0.48462805852354657,0.048720000000000006,108.68000108783491,low,19.086493049710324,hann
0.6958900243515735,18.90689002435156,9Iron,0.4764587011570054,0717,/Users/john.pacino/Projects/openflight/artifacts/pi_sync_20260717/openflight_sessions/iwr6843/iwr6843_20260717_114255_061_006.l3dump,18.430431323194558,8,26,113.3,True,0,0.6958900243515735,accepted,reversed_tx_experimental,18.210999999999988,73,0.45899085199183737,0.048720000000000006,108.55326629351882,low,19.38334872550857,hamming
0.5675680373300622,20.91256803733006,9Iron,0.4309395584022777,0717,/Users/john.pacino/Projects/openflight/artifacts/pi_sync_20260717/openflight_sessions/iwr6843/iwr6843_20260717_114313_071_007.l3dump,20.48162847892778,7,24,112.1,True,0,0.5675680373300622,accepted,reversed_tx_experimental,20.345,42,0.2850931478098761,0.047009999999999996,108.0223118531744,ok,21.343507595732337,rectangular
0.10409994990043003,20.24090005009957,9Iron,0.14709699144005128,0717,/Users/john.pacino/Projects/openflight/artifacts/pi_sync_20260717/openflight_sessions/iwr6843/iwr6843_20260717_114313_071_007.l3dump,20.38799704153962,8,29,112.1,True,0,-0.10409994990043003,accepted,reversed_tx_experimental,20.345,57,0.4585582695961273,0.04845000000000001,107.03116865272301,low,20.093803058659518,hann
1.1669599360202625,21.51195993602026,9Iron,0.4689091616089929,0717,/Users/john.pacino/Projects/openflight/artifacts/pi_sync_20260717/openflight_sessions/iwr6843/iwr6843_20260717_114313_071_007.l3dump,21.980869097629252,7,28,112.1,True,0,1.1669599360202625,accepted,reversed_tx_experimental,20.345,50,0.3906679926130174,0.04827000000000001,107.38692820173486,ok,21.043050774411267,hamming
0.2516400233881235,22.025359976611874,9Iron,0.5124471955651604,0717,/Users/john.pacino/Projects/openflight/artifacts/pi_sync_20260717/openflight_sessions/iwr6843/iwr6843_20260717_114335_703_008.l3dump,22.537807172177036,7,25,111.4,True,0,-0.2516400233881235,accepted,reversed_tx_experimental,22.276999999999997,53,0.30162553017914234,0.04317000000000001,106.40733053075918,ok,21.512912781046715,rectangular
0.4771535704800449,21.799846429519953,9Iron,0.5971178423376404,0717,/Users/john.pacino/Projects/openflight/artifacts/pi_sync_20260717/openflight_sessions/iwr6843/iwr6843_20260717_114335_703_008.l3dump,22.39696427185759,6,24,111.4,True,0,-0.4771535704800449,accepted,reversed_tx_experimental,22.276999999999997,56,0.2685379898032714,0.04317000000000001,106.81948345586059,ok,21.20272858718231,hann
0.5323689529966948,21.744631047003303,9Iron,0.5363924985448261,0717,/Users/john.pacino/Projects/openflight/artifacts/pi_sync_20260717/openflight_sessions/iwr6843/iwr6843_20260717_114335_703_008.l3dump,22.281023545548127,6,24,111.4,True,0,-0.5323689529966948,accepted,reversed_tx_experimental,22.276999999999997,55,0.2575027674103193,0.04317000000000001,106.8156436285141,ok,21.208238548458475,hamming
2.4130242409074043,5.732975759092593,9Iron,0.6648918821990937,0717,/Users/john.pacino/Projects/openflight/artifacts/pi_sync_20260717/openflight_sessions/iwr6843/iwr6843_20260717_114359_847_009.l3dump,6.397867641291687,5,20,103.3,True,0,-2.4130242409074043,accepted,reversed_tx_experimental,8.145999999999997,37,0.20865119165082788,0.036899999999999995,101.55129483366181,ok,5.0680838768935,rectangular
0.6654106662269896,8.811410666226987,9Iron,1.2514582481608891,0717,/Users/john.pacino/Projects/openflight/artifacts/pi_sync_20260717/openflight_sessions/iwr6843/iwr6843_20260717_114359_847_009.l3dump,10.062868914387876,5,18,103.3,True,0,0.6654106662269896,accepted,reversed_tx_experimental,8.145999999999997,38,0.26004461890452873,0.036899999999999995,101.746319170198,ok,7.559952418066097,hann
1.3029241914032,9.448924191403197,9Iron,1.8831169380978259,0717,/Users/john.pacino/Projects/openflight/artifacts/pi_sync_20260717/openflight_sessions/iwr6843/iwr6843_20260717_114359_847_009.l3dump,11.332041129501023,6,20,103.3,True,0,1.3029241914032,accepted,reversed_tx_experimental,8.145999999999997,38,0.2612068056388807,0.036899999999999995,101.6582213843441,ok,7.565807253305372,hamming
0.5081279455904948,21.131872054409495,9Iron,0.20446514920249825,0717,/Users/john.pacino/Projects/openflight/artifacts/pi_sync_20260717/openflight_sessions/iwr6843/iwr6843_20260717_114440_907_012.l3dump,20.927406905206997,6,24,107.2,True,0,-0.5081279455904948,accepted,reversed_tx_experimental,21.63999999999999,48,0.3507955765828284,0.037349999999999994,102.93557508960588,ok,21.336337203611993,rectangular
0.8360231340979993,20.80397686590199,9Iron,0.6691976795950936,0717,/Users/john.pacino/Projects/openflight/artifacts/pi_sync_20260717/openflight_sessions/iwr6843/iwr6843_20260717_114440_907_012.l3dump,20.134779186306897,6,24,107.2,True,0,-0.8360231340979993,accepted,reversed_tx_experimental,21.63999999999999,50,0.2386550478759529,0.04335000000000001,102.7732182476074,ok,21.473174545497084,hann
0.7228356938028746,20.917164306197115,9Iron,0.41476186099879975,0717,/Users/john.pacino/Projects/openflight/artifacts/pi_sync_20260717/openflight_sessions/iwr6843/iwr6843_20260717_114440_907_012.l3dump,20.502402445198314,6,24,107.2,True,0,-0.7228356938028746,accepted,reversed_tx_experimental,21.63999999999999,52,0.24921947196539798,0.04335000000000001,102.86838843537487,ok,21.331926167195913,hamming
0.056212805762566376,20.81378719423742,9Iron,0.9398661475847518,0717,/Users/john.pacino/Projects/openflight/artifacts/pi_sync_20260717/openflight_sessions/iwr6843/iwr6843_20260717_114503_274_013.l3dump,21.753653341822172,8,24,110.4,True,0,-0.056212805762566376,accepted,reversed_tx_experimental,20.869999999999987,58,0.26505715565593946,0.04335000000000001,106.64342600054415,ok,19.87392104665267,rectangular
0.913867532208112,19.956132467791875,9Iron,0.028903439591422497,0717,/Users/john.pacino/Projects/openflight/artifacts/pi_sync_20260717/openflight_sessions/iwr6843/iwr6843_20260717_114503_274_013.l3dump,19.927229028200454,8,26,110.4,True,0,-0.913867532208112,accepted,reversed_tx_experimental,20.869999999999987,56,0.15384321746878712,0.04335000000000001,106.65403150801983,ok,19.9850359073833,hann
0.579312272319978,20.29068772768001,9Iron,0.3219489275094123,0717,/Users/john.pacino/Projects/openflight/artifacts/pi_sync_20260717/openflight_sessions/iwr6843/iwr6843_20260717_114503_274_013.l3dump,20.61263665518942,8,27,110.4,True,0,-0.579312272319978,accepted,reversed_tx_experimental,20.869999999999987,58,0.1472198874041515,0.04335000000000001,106.66042117268654,ok,19.968738800170595,hamming
,,9Iron,,0717,/Users/john.pacino/Projects/openflight/artifacts/pi_sync_20260717/openflight_sessions/iwr6843/iwr6843_20260717_114522_201_014.l3dump,,0,0,109.2,True,0,,rejected_track_quality,reversed_tx_experimental,21.05299999999999,51,0.5495545994495211,0.04899,103.50233078969657,reject,,rectangular
,,9Iron,,0717,/Users/john.pacino/Projects/openflight/artifacts/pi_sync_20260717/openflight_sessions/iwr6843/iwr6843_20260717_114522_201_014.l3dump,,0,0,109.2,True,0,,rejected_track_quality,reversed_tx_experimental,21.05299999999999,55,0.6008471276886415,0.0489,103.26389919848029,reject,,hann
,,9Iron,,0717,/Users/john.pacino/Projects/openflight/artifacts/pi_sync_20260717/openflight_sessions/iwr6843/iwr6843_20260717_114522_201_014.l3dump,,0,0,109.2,True,0,,rejected_track_quality,reversed_tx_experimental,21.05299999999999,58,0.6184001723622984,0.04908,102.83395390458563,reject,,hamming
0.013416160782643516,21.688583839217358,9Iron,0.8375813777087178,0717,/Users/john.pacino/Projects/openflight/artifacts/pi_sync_20260717/openflight_sessions/iwr6843/iwr6843_20260717_114543_832_015.l3dump,20.851002461508642,6,23,111.2,True,0,-0.013416160782643516,accepted,reversed_tx_experimental,21.702,40,0.4712394123759202,0.04263000000000001,104.94608222509501,low,22.526165216926078,rectangular
,,9Iron,,0717,/Users/john.pacino/Projects/openflight/artifacts/pi_sync_20260717/openflight_sessions/iwr6843/iwr6843_20260717_114543_832_015.l3dump,,0,0,111.2,True,0,,rejected_track_quality,reversed_tx_experimental,21.702,53,0.6484493663415861,0.04317,103.10460430670163,reject,,hann
,,9Iron,,0717,/Users/john.pacino/Projects/openflight/artifacts/pi_sync_20260717/openflight_sessions/iwr6843/iwr6843_20260717_114543_832_015.l3dump,,0,0,111.2,True,0,,rejected_track_quality,reversed_tx_experimental,21.702,55,0.6757413379128003,0.04317,102.82758651784941,reject,,hamming
1.3068496328027095,19.10915036719729,9Iron,0.696532091548864,0717,/Users/john.pacino/Projects/openflight/artifacts/pi_sync_20260717/openflight_sessions/iwr6843/iwr6843_20260717_114603_238_016.l3dump,19.805682458746155,6,22,106.5,True,0,-1.3068496328027095,accepted,reversed_tx_experimental,20.416,41,0.33235942400664803,0.03735000000000001,103.46793536333026,ok,18.412618275648427,rectangular
0.032243673007595675,20.383756326992405,9Iron,0.43414367979901947,0717,/Users/john.pacino/Projects/openflight/artifacts/pi_sync_20260717/openflight_sessions/iwr6843/iwr6843_20260717_114603_238_016.l3dump,20.817900006791422,7,22,106.5,True,0,-0.032243673007595675,accepted,reversed_tx_experimental,20.416,38,0.24005487015862095,0.03735000000000001,102.71271809316025,ok,19.949612647193383,hann
0.18393285747897892,20.23206714252102,9Iron,0.4434253942696209,0717,/Users/john.pacino/Projects/openflight/artifacts/pi_sync_20260717/openflight_sessions/iwr6843/iwr6843_20260717_114603_238_016.l3dump,20.675492536790642,7,22,106.5,True,0,-0.18393285747897892,accepted,reversed_tx_experimental,20.416,41,0.35936266555493535,0.03735000000000001,103.08299444225497,ok,19.7886417482514,hamming
,,9Iron,,0717,/Users/john.pacino/Projects/openflight/artifacts/pi_sync_20260717/openflight_sessions/iwr6843/iwr6843_20260717_114620_627_017.l3dump,,0,0,105.7,True,0,,rejected_track_quality,reversed_tx_experimental,20.733000000000004,77,0.7066551130573856,0.04299,98.31386629603206,reject,,rectangular
,,9Iron,,0717,/Users/john.pacino/Projects/openflight/artifacts/pi_sync_20260717/openflight_sessions/iwr6843/iwr6843_20260717_114620_627_017.l3dump,,0,0,105.7,True,0,,rejected_track_quality,reversed_tx_experimental,20.733000000000004,69,0.628108877586978,0.04281000000000001,97.9098783999657,reject,,hann
,,9Iron,,0717,/Users/john.pacino/Projects/openflight/artifacts/pi_sync_20260717/openflight_sessions/iwr6843/iwr6843_20260717_114620_627_017.l3dump,,0,0,105.7,True,0,,rejected_track_quality,reversed_tx_experimental,20.733000000000004,71,0.6104985557502365,0.04281,98.2049805033093,reject,,hamming
0.41211300191704225,19.895886998082958,9Iron,0.5614555707445952,0717,/Users/john.pacino/Projects/openflight/artifacts/pi_sync_20260717/openflight_sessions/iwr6843/iwr6843_20260717_114641_193_018.l3dump,19.334431427338362,8,29,112.9,True,0,-0.41211300191704225,accepted,reversed_tx_experimental,20.308,51,0.32574102047425857,0.049170000000000005,108.3930962388897,ok,20.457342568827553,rectangular
1.9026912559708151,18.405308744029185,9Iron,1.4181600086500818,0717,/Users/john.pacino/Projects/openflight/artifacts/pi_sync_20260717/openflight_sessions/iwr6843/iwr6843_20260717_114641_193_018.l3dump,16.9871487353791,8,29,112.9,True,0,-1.9026912559708151,accepted,reversed_tx_experimental,20.308,52,0.3407155565500269,0.04863000000000001,108.33845421610957,ok,19.823468752679265,hann
1.6033515705997168,18.704648429400283,9Iron,1.1734956785446116,0717,/Users/john.pacino/Projects/openflight/artifacts/pi_sync_20260717/openflight_sessions/iwr6843/iwr6843_20260717_114641_193_018.l3dump,17.53115275085567,8,29,112.9,True,0,-1.6033515705997168,accepted,reversed_tx_experimental,20.308,55,0.3405458253459851,0.04863000000000001,108.382685984668,ok,19.878144107944895,hamming
,,9Iron,,0722,/Users/john.pacino/Projects/openflight/artifacts/tm0722_raw/iwr6843/iwr6843_20260722_121505_197_002.l3dump,,,,100.4,False,2,,not_rewindowable_post_fft,old_enclosure,21.444,,,,,,,rectangular
,,9Iron,,0722,/Users/john.pacino/Projects/openflight/artifacts/tm0722_raw/iwr6843/iwr6843_20260722_121505_197_002.l3dump,,,,100.4,False,2,,not_rewindowable_post_fft,old_enclosure,21.444,,,,,,,hann
,,9Iron,,0722,/Users/john.pacino/Projects/openflight/artifacts/tm0722_raw/iwr6843/iwr6843_20260722_121505_197_002.l3dump,,,,100.4,False,2,,not_rewindowable_post_fft,old_enclosure,21.444,,,,,,,hamming
,,9Iron,,0722,/Users/john.pacino/Projects/openflight/artifacts/tm0722_raw/iwr6843/iwr6843_20260722_121532_950_004.l3dump,,,,89.4,False,2,,not_rewindowable_post_fft,old_enclosure,3.251,,,,,,,rectangular
,,9Iron,,0722,/Users/john.pacino/Projects/openflight/artifacts/tm0722_raw/iwr6843/iwr6843_20260722_121532_950_004.l3dump,,,,89.4,False,2,,not_rewindowable_post_fft,old_enclosure,3.251,,,,,,,hann
,,9Iron,,0722,/Users/john.pacino/Projects/openflight/artifacts/tm0722_raw/iwr6843/iwr6843_20260722_121532_950_004.l3dump,,,,89.4,False,2,,not_rewindowable_post_fft,old_enclosure,3.251,,,,,,,hamming
,,9Iron,,0722,/Users/john.pacino/Projects/openflight/artifacts/tm0722_raw/iwr6843/iwr6843_20260722_121551_648_006.l3dump,,,,104.8,False,2,,not_rewindowable_post_fft,old_enclosure,21.874,,,,,,,rectangular
,,9Iron,,0722,/Users/john.pacino/Projects/openflight/artifacts/tm0722_raw/iwr6843/iwr6843_20260722_121551_648_006.l3dump,,,,104.8,False,2,,not_rewindowable_post_fft,old_enclosure,21.874,,,,,,,hann
,,9Iron,,0722,/Users/john.pacino/Projects/openflight/artifacts/tm0722_raw/iwr6843/iwr6843_20260722_121551_648_006.l3dump,,,,104.8,False,2,,not_rewindowable_post_fft,old_enclosure,21.874,,,,,,,hamming
,,9Iron,,0722,/Users/john.pacino/Projects/openflight/artifacts/tm0722_raw/iwr6843/iwr6843_20260722_121617_481_008.l3dump,,,,101.7,False,2,,not_rewindowable_post_fft,old_enclosure,20.613,,,,,,,rectangular
,,9Iron,,0722,/Users/john.pacino/Projects/openflight/artifacts/tm0722_raw/iwr6843/iwr6843_20260722_121617_481_008.l3dump,,,,101.7,False,2,,not_rewindowable_post_fft,old_enclosure,20.613,,,,,,,hann
,,9Iron,,0722,/Users/john.pacino/Projects/openflight/artifacts/tm0722_raw/iwr6843/iwr6843_20260722_121617_481_008.l3dump,,,,101.7,False,2,,not_rewindowable_post_fft,old_enclosure,20.613,,,,,,,hamming
,,9Iron,,0722,/Users/john.pacino/Projects/openflight/artifacts/tm0722_raw/iwr6843/iwr6843_20260722_121640_120_009.l3dump,,,,110.9,False,2,,not_rewindowable_post_fft,old_enclosure,20.248,,,,,,,rectangular
,,9Iron,,0722,/Users/john.pacino/Projects/openflight/artifacts/tm0722_raw/iwr6843/iwr6843_20260722_121640_120_009.l3dump,,,,110.9,False,2,,not_rewindowable_post_fft,old_enclosure,20.248,,,,,,,hann
,,9Iron,,0722,/Users/john.pacino/Projects/openflight/artifacts/tm0722_raw/iwr6843/iwr6843_20260722_121640_120_009.l3dump,,,,110.9,False,2,,not_rewindowable_post_fft,old_enclosure,20.248,,,,,,,hamming
,,9Iron,,0722,/Users/john.pacino/Projects/openflight/artifacts/tm0722_raw/iwr6843/iwr6843_20260722_121715_647_011.l3dump,,,,111.7,False,2,,not_rewindowable_post_fft,old_enclosure,21.887,,,,,,,rectangular
,,9Iron,,0722,/Users/john.pacino/Projects/openflight/artifacts/tm0722_raw/iwr6843/iwr6843_20260722_121715_647_011.l3dump,,,,111.7,False,2,,not_rewindowable_post_fft,old_enclosure,21.887,,,,,,,hann
,,9Iron,,0722,/Users/john.pacino/Projects/openflight/artifacts/tm0722_raw/iwr6843/iwr6843_20260722_121715_647_011.l3dump,,,,111.7,False,2,,not_rewindowable_post_fft,old_enclosure,21.887,,,,,,,hamming
,,9Iron,,0722,/Users/john.pacino/Projects/openflight/artifacts/tm0722_raw/iwr6843/iwr6843_20260722_122452_564_002.l3dump,,,,96.0,False,2,,not_rewindowable_post_fft,old_enclosure,21.383,,,,,,,rectangular
,,9Iron,,0722,/Users/john.pacino/Projects/openflight/artifacts/tm0722_raw/iwr6843/iwr6843_20260722_122452_564_002.l3dump,,,,96.0,False,2,,not_rewindowable_post_fft,old_enclosure,21.383,,,,,,,hann
,,9Iron,,0722,/Users/john.pacino/Projects/openflight/artifacts/tm0722_raw/iwr6843/iwr6843_20260722_122452_564_002.l3dump,,,,96.0,False,2,,not_rewindowable_post_fft,old_enclosure,21.383,,,,,,,hamming
,,9Iron,,0722,/Users/john.pacino/Projects/openflight/artifacts/tm0722_raw/iwr6843/iwr6843_20260722_122519_092_004.l3dump,,,,104.3,False,2,,not_rewindowable_post_fft,old_enclosure,21.806,,,,,,,rectangular
,,9Iron,,0722,/Users/john.pacino/Projects/openflight/artifacts/tm0722_raw/iwr6843/iwr6843_20260722_122519_092_004.l3dump,,,,104.3,False,2,,not_rewindowable_post_fft,old_enclosure,21.806,,,,,,,hann
,,9Iron,,0722,/Users/john.pacino/Projects/openflight/artifacts/tm0722_raw/iwr6843/iwr6843_20260722_122519_092_004.l3dump,,,,104.3,False,2,,not_rewindowable_post_fft,old_enclosure,21.806,,,,,,,hamming
,,9Iron,,0722,/Users/john.pacino/Projects/openflight/artifacts/tm0722_raw/iwr6843/iwr6843_20260722_122552_906_005.l3dump,,,,112.1,False,2,,not_rewindowable_post_fft,old_enclosure,20.924,,,,,,,rectangular
,,9Iron,,0722,/Users/john.pacino/Projects/openflight/artifacts/tm0722_raw/iwr6843/iwr6843_20260722_122552_906_005.l3dump,,,,112.1,False,2,,not_rewindowable_post_fft,old_enclosure,20.924,,,,,,,hann
,,9Iron,,0722,/Users/john.pacino/Projects/openflight/artifacts/tm0722_raw/iwr6843/iwr6843_20260722_122552_906_005.l3dump,,,,112.1,False,2,,not_rewindowable_post_fft,old_enclosure,20.924,,,,,,,hamming
,,9Iron,,0722,/Users/john.pacino/Projects/openflight/artifacts/tm0722_raw/iwr6843/iwr6843_20260722_122623_999_006.l3dump,,,,101.4,False,2,,not_rewindowable_post_fft,old_enclosure,1.393,,,,,,,rectangular
,,9Iron,,0722,/Users/john.pacino/Projects/openflight/artifacts/tm0722_raw/iwr6843/iwr6843_20260722_122623_999_006.l3dump,,,,101.4,False,2,,not_rewindowable_post_fft,old_enclosure,1.393,,,,,,,hann
,,9Iron,,0722,/Users/john.pacino/Projects/openflight/artifacts/tm0722_raw/iwr6843/iwr6843_20260722_122623_999_006.l3dump,,,,101.4,False,2,,not_rewindowable_post_fft,old_enclosure,1.393,,,,,,,hamming
,,9Iron,,0722,/Users/john.pacino/Projects/openflight/artifacts/tm0722_raw/iwr6843/iwr6843_20260722_122643_177_007.l3dump,,,,104.8,False,2,,not_rewindowable_post_fft,old_enclosure,22.989,,,,,,,rectangular
,,9Iron,,0722,/Users/john.pacino/Projects/openflight/artifacts/tm0722_raw/iwr6843/iwr6843_20260722_122643_177_007.l3dump,,,,104.8,False,2,,not_rewindowable_post_fft,old_enclosure,22.989,,,,,,,hann
,,9Iron,,0722,/Users/john.pacino/Projects/openflight/artifacts/tm0722_raw/iwr6843/iwr6843_20260722_122643_177_007.l3dump,,,,104.8,False,2,,not_rewindowable_post_fft,old_enclosure,22.989,,,,,,,hamming
,,9Iron,,0722,/Users/john.pacino/Projects/openflight/artifacts/tm0722_raw/iwr6843/iwr6843_20260722_122713_101_009.l3dump,,,,104.7,False,2,,not_rewindowable_post_fft,old_enclosure,19.929,,,,,,,rectangular
,,9Iron,,0722,/Users/john.pacino/Projects/openflight/artifacts/tm0722_raw/iwr6843/iwr6843_20260722_122713_101_009.l3dump,,,,104.7,False,2,,not_rewindowable_post_fft,old_enclosure,19.929,,,,,,,hann
,,9Iron,,0722,/Users/john.pacino/Projects/openflight/artifacts/tm0722_raw/iwr6843/iwr6843_20260722_122713_101_009.l3dump,,,,104.7,False,2,,not_rewindowable_post_fft,old_enclosure,19.929,,,,,,,hamming
,,9Iron,,0722,/Users/john.pacino/Projects/openflight/artifacts/tm0722_raw/iwr6843/iwr6843_20260722_122736_169_011.l3dump,,,,108.0,False,2,,not_rewindowable_post_fft,old_enclosure,22.3,,,,,,,rectangular
,,9Iron,,0722,/Users/john.pacino/Projects/openflight/artifacts/tm0722_raw/iwr6843/iwr6843_20260722_122736_169_011.l3dump,,,,108.0,False,2,,not_rewindowable_post_fft,old_enclosure,22.3,,,,,,,hann
,,9Iron,,0722,/Users/john.pacino/Projects/openflight/artifacts/tm0722_raw/iwr6843/iwr6843_20260722_122736_169_011.l3dump,,,,108.0,False,2,,not_rewindowable_post_fft,old_enclosure,22.3,,,,,,,hamming
,,9Iron,,0722,/Users/john.pacino/Projects/openflight/artifacts/tm0722_raw/iwr6843/iwr6843_20260722_122815_014_013.l3dump,,,,114.4,False,2,,not_rewindowable_post_fft,old_enclosure,21.962,,,,,,,rectangular
,,9Iron,,0722,/Users/john.pacino/Projects/openflight/artifacts/tm0722_raw/iwr6843/iwr6843_20260722_122815_014_013.l3dump,,,,114.4,False,2,,not_rewindowable_post_fft,old_enclosure,21.962,,,,,,,hann
,,9Iron,,0722,/Users/john.pacino/Projects/openflight/artifacts/tm0722_raw/iwr6843/iwr6843_20260722_122815_014_013.l3dump,,,,114.4,False,2,,not_rewindowable_post_fft,old_enclosure,21.962,,,,,,,hamming
,,9Iron,,0722,/Users/john.pacino/Projects/openflight/artifacts/tm0722_raw/iwr6843/iwr6843_20260722_122843_673_015.l3dump,,,,109.4,False,2,,not_rewindowable_post_fft,old_enclosure,24.873,,,,,,,rectangular
,,9Iron,,0722,/Users/john.pacino/Projects/openflight/artifacts/tm0722_raw/iwr6843/iwr6843_20260722_122843_673_015.l3dump,,,,109.4,False,2,,not_rewindowable_post_fft,old_enclosure,24.873,,,,,,,hann
,,9Iron,,0722,/Users/john.pacino/Projects/openflight/artifacts/tm0722_raw/iwr6843/iwr6843_20260722_122843_673_015.l3dump,,,,109.4,False,2,,not_rewindowable_post_fft,old_enclosure,24.873,,,,,,,hamming
,,9Iron,,0722,/Users/john.pacino/Projects/openflight/artifacts/tm0722_raw/iwr6843/iwr6843_20260722_122919_953_017.l3dump,,,,112.9,False,2,,not_rewindowable_post_fft,old_enclosure,19.868,,,,,,,rectangular
,,9Iron,,0722,/Users/john.pacino/Projects/openflight/artifacts/tm0722_raw/iwr6843/iwr6843_20260722_122919_953_017.l3dump,,,,112.9,False,2,,not_rewindowable_post_fft,old_enclosure,19.868,,,,,,,hann
,,9Iron,,0722,/Users/john.pacino/Projects/openflight/artifacts/tm0722_raw/iwr6843/iwr6843_20260722_122919_953_017.l3dump,,,,112.9,False,2,,not_rewindowable_post_fft,old_enclosure,19.868,,,,,,,hamming
,,9Iron,,0722,/Users/john.pacino/Projects/openflight/artifacts/tm0722_raw/iwr6843/iwr6843_20260722_122941_985_018.l3dump,,,,101.7,False,2,,not_rewindowable_post_fft,old_enclosure,21.04,,,,,,,rectangular
,,9Iron,,0722,/Users/john.pacino/Projects/openflight/artifacts/tm0722_raw/iwr6843/iwr6843_20260722_122941_985_018.l3dump,,,,101.7,False,2,,not_rewindowable_post_fft,old_enclosure,21.04,,,,,,,hann
,,9Iron,,0722,/Users/john.pacino/Projects/openflight/artifacts/tm0722_raw/iwr6843/iwr6843_20260722_122941_985_018.l3dump,,,,101.7,False,2,,not_rewindowable_post_fft,old_enclosure,21.04,,,,,,,hamming
,,9Iron,,0722,/Users/john.pacino/Projects/openflight/artifacts/tm0722_raw/iwr6843/iwr6843_20260722_123000_400_019.l3dump,,,,112.7,False,2,,not_rewindowable_post_fft,old_enclosure,21.435,,,,,,,rectangular
,,9Iron,,0722,/Users/john.pacino/Projects/openflight/artifacts/tm0722_raw/iwr6843/iwr6843_20260722_123000_400_019.l3dump,,,,112.7,False,2,,not_rewindowable_post_fft,old_enclosure,21.435,,,,,,,hann
,,9Iron,,0722,/Users/john.pacino/Projects/openflight/artifacts/tm0722_raw/iwr6843/iwr6843_20260722_123000_400_019.l3dump,,,,112.7,False,2,,not_rewindowable_post_fft,old_enclosure,21.435,,,,,,,hamming
,,9Iron,,0722,/Users/john.pacino/Projects/openflight/artifacts/tm0722_raw/iwr6843/iwr6843_20260722_123051_094_022.l3dump,,,,111.5,False,2,,not_rewindowable_post_fft,old_enclosure,20.649,,,,,,,rectangular
,,9Iron,,0722,/Users/john.pacino/Projects/openflight/artifacts/tm0722_raw/iwr6843/iwr6843_20260722_123051_094_022.l3dump,,,,111.5,False,2,,not_rewindowable_post_fft,old_enclosure,20.649,,,,,,,hann
,,9Iron,,0722,/Users/john.pacino/Projects/openflight/artifacts/tm0722_raw/iwr6843/iwr6843_20260722_123051_094_022.l3dump,,,,111.5,False,2,,not_rewindowable_post_fft,old_enclosure,20.649,,,,,,,hamming
,,9Iron,,0722,/Users/john.pacino/Projects/openflight/artifacts/tm0722_raw/iwr6843/iwr6843_20260722_123124_477_023.l3dump,,,,104.6,False,2,,not_rewindowable_post_fft,old_enclosure,21.375,,,,,,,rectangular
,,9Iron,,0722,/Users/john.pacino/Projects/openflight/artifacts/tm0722_raw/iwr6843/iwr6843_20260722_123124_477_023.l3dump,,,,104.6,False,2,,not_rewindowable_post_fft,old_enclosure,21.375,,,,,,,hann
,,9Iron,,0722,/Users/john.pacino/Projects/openflight/artifacts/tm0722_raw/iwr6843/iwr6843_20260722_123124_477_023.l3dump,,,,104.6,False,2,,not_rewindowable_post_fft,old_enclosure,21.375,,,,,,,hamming
