match_status,match_delta_ms,tm_sequence,tm_group_index,tm_group_shot,tm_group_id,tm_stroke_id,tm_time_utc,tm_time_local,tm_club,tm_ball,tm_ball_speed_mph,tm_club_speed_mph,tm_launch_angle_deg,tm_launch_direction_deg,tm_attack_angle_deg,tm_club_path_deg,tm_face_angle_deg,tm_face_to_path_deg,tm_spin_rate_rpm,tm_spin_axis_deg,tm_carry_yd,of_session_id,of_shot_number,of_time_local,of_club,of_ball_speed_mph,of_club_speed_mph,of_launch_angle_deg,of_launch_direction_deg,of_launch_source,of_launch_confidence,of_horizontal_confidence,of_spin_rpm,of_effective_tilt_deg,of_configured_tilt_deg,of_inclinometer_raw_pitch_deg,of_inclinometer_calibrated_pitch_deg,iwr_config,iwr_capture_bytes,iwr_capture_error,camera_capture_error,session_log_path,terminal_log_path,iwr_dump_path,camera_directory,camera_files,ball_speed_error_mph,club_speed_error_mph,launch_angle_error_deg,launch_direction_error_deg,of_attack_angle_deg,of_attack_angle_status,of_club_path_deg,of_club_path_status,of_fused_attack_angle_deg,of_fused_attack_confidence,of_fused_club_path_deg,of_fused_club_path_confidence,of_fused_status,of_camera_horizontal_deg,of_camera_horizontal_confidence,of_camera_horizontal_status,of_camera_iwr_delta_deg,attack_angle_error_deg,club_path_error_deg,camera_fps,camera_frame_count,camera_gap_count,camera_mean_brightness,camera_exposure_us,camera_gain,height_ab_block,physical_tx2_height_in,physical_tx2_height_m,height_assignment_basis,ops_raw_ball_speed_mph,lcmf_v2_status,lcmf_v2_angle_deg,lcmf_v2_model,lcmf_v2_confidence_tier,lcmf_v2_n_snapshots,lcmf_v2_n_frames,model_direct_only_angle_deg,model_direct_only_objective,model_direct_only_curvature,model_direct_only_temporal_mad_deg,model_direct_only_leave_one_out_mad_deg,model_direct_only_coefficient_smoothness,model_direct_only_edge_pinned,model_direct_only_window_angles_json,model_two8_angle_deg,model_two8_objective,model_two8_curvature,model_two8_temporal_mad_deg,model_two8_leave_one_out_mad_deg,model_two8_coefficient_smoothness,model_two8_edge_pinned,model_two8_window_angles_json,model_reciprocal3_no_tdm_angle_deg,model_reciprocal3_no_tdm_objective,model_reciprocal3_no_tdm_curvature,model_reciprocal3_no_tdm_temporal_mad_deg,model_reciprocal3_no_tdm_leave_one_out_mad_deg,model_reciprocal3_no_tdm_coefficient_smoothness,model_reciprocal3_no_tdm_edge_pinned,model_reciprocal3_no_tdm_window_angles_json,model_four4_path_tdm_angle_deg,model_four4_path_tdm_objective,model_four4_path_tdm_curvature,model_four4_path_tdm_temporal_mad_deg,model_four4_path_tdm_leave_one_out_mad_deg,model_four4_path_tdm_coefficient_smoothness,model_four4_path_tdm_edge_pinned,model_four4_path_tdm_window_angles_json
matched,-639.113,18,2,26,08862338-ca9f-f111-9edb-83ad45319c98,30f0fab4-d237-4670-93bb-8beecb376136,2026-08-24T15:29:03.468242+00:00,2026-08-24T11:29:03.468242-04:00,9Iron,Premium,104.45597709377225,75.62634216177514,20.59999999999998,0.5960000000000012,,2.609,0.126,-2.483,6072.290000000002,-4.541000000000002,142.03643697629113,20260824_111222,12,2026-08-24T11:29:02.829129-04:00,9-iron,104.21598244525204,76.6746410251465,19.16947302902478,-1.6375262449224408,radar,0.936,0.75,4655.957468740806,10.5,10.5,,,config/iwr6843_l3dump_wide_24f3ms_53bin_iq16.cfg,732812,,,/Users/john.pacino/openflight_sessions/session_20260824_111222_trackman.jsonl,/Users/john.pacino/openflight_sessions/terminal_logs/kiosk_20260824_111211.log,/Users/john.pacino/openflight_sessions/iwr6843/iwr6843_20260824_112902_835_015.l3dump,/Users/john.pacino/openflight_sessions/trackman/camera/camera_20260824_112902_835_015,/Users/john.pacino/openflight_sessions/trackman/camera/camera_20260824_112902_835_015/first.pgm;/Users/john.pacino/openflight_sessions/trackman/camera/camera_20260824_112902_835_015/frames.npz;/Users/john.pacino/openflight_sessions/trackman/camera/camera_20260824_112902_835_015/last.pgm;/Users/john.pacino/openflight_sessions/trackman/camera/camera_20260824_112902_835_015/metadata.json;/Users/john.pacino/openflight_sessions/trackman/camera/camera_20260824_112902_835_015/trigger.pgm,-0.23999464852020935,1.0482988633713575,-1.430526970975201,-2.233526244922442,-27.0,candidate_out_of_bounds,11.7,rejected_phase_span,,withheld,,withheld,rejected_no_impact,-1.6375262449224408,0.75,camera_assisted_high,3.8381401050096144,,,467.6107951292132,99,0,121.61428945707071,650,15.0,low_2.875in,2.875,0.073025,9Iron low block before noon elevation,101.41825028027345,accepted,11.76078683618355,four4_path_tdm,low,26,8,17.92739274391945,-1.5081257392745178,0.0075076336633519425,3.0316379965028046,0.11078100522111711,0.0,False,"{""early"": 13.66411255353884, ""middle"": 16.127396941294453}",17.40423698352615,-1.5438479308192015,0.005863800543253861,3.3566507489584447,0.33910148532711304,1.575661662781823,False,"{""early"": 12.722255135859895, ""middle"": 15.372917333275517}",16.410857402899328,-1.5939924739851006,0.0020375037612883062,2.5251577930165237,0.34553341809722493,1.746149284082434,False,"{""early"": 13.423089378822096, ""middle"": 14.348309840943513}",11.76078683618355,-1.7282946049499062,0.0015842119793225695,2.0855004472323895,0.3020319575338295,1.314205041771564,False,"{""early"": 15.654215207796664, ""middle"": 11.483214313331885}"
matched,-635.47,19,2,12,08862338-ca9f-f111-9edb-83ad45319c98,0fc9586e-7fa7-4b4b-ae8a-4746e8ebb3cc,2026-08-24T15:29:41.439082+00:00,2026-08-24T11:29:41.439082-04:00,9Iron,Premium,104.78704366499632,77.34654617036497,20.493999999999986,0.41200000000000037,-7.66,1.418,0.171,-1.247,6095.74,-2.785000000000001,142.5692705909629,20260824_111222,13,2026-08-24T11:29:40.803612-04:00,9-iron,104.4519410760665,77.48924544506838,18.51491749080421,-4.576808230857851,radar,0.95,0.95,4482.7293814458135,10.5,10.5,,,config/iwr6843_l3dump_wide_24f3ms_53bin_iq16.cfg,732812,,,/Users/john.pacino/openflight_sessions/session_20260824_111222_trackman.jsonl,/Users/john.pacino/openflight_sessions/terminal_logs/kiosk_20260824_111211.log,/Users/john.pacino/openflight_sessions/iwr6843/iwr6843_20260824_112940_807_016.l3dump,/Users/john.pacino/openflight_sessions/trackman/camera/camera_20260824_112940_807_016,/Users/john.pacino/openflight_sessions/trackman/camera/camera_20260824_112940_807_016/first.pgm;/Users/john.pacino/openflight_sessions/trackman/camera/camera_20260824_112940_807_016/frames.npz;/Users/john.pacino/openflight_sessions/trackman/camera/camera_20260824_112940_807_016/last.pgm;/Users/john.pacino/openflight_sessions/trackman/camera/camera_20260824_112940_807_016/metadata.json;/Users/john.pacino/openflight_sessions/trackman/camera/camera_20260824_112940_807_016/trigger.pgm,-0.33510258892981426,0.1426992747034035,-1.979082509195777,-4.988808230857851,-28.3,candidate_out_of_bounds,-3.1,candidate_noisy_fit,,withheld,,withheld,rejected_no_ball,,,camera_withheld_fallback_iwr:rejected_reference_ball_not_found,,,,467.61525761783423,99,0,120.90232796717171,650,15.0,low_2.875in,2.875,0.073025,9Iron low block before noon elevation,101.72372693774415,accepted,15.665456210226195,direct_only,high,28,8,15.665456210226195,-1.5450626118240378,0.006754454039933577,0.8916180517648922,0.3803749097841358,0.0,False,"{""early"": 13.684602884963214, ""late"": 16.557074261991087, ""middle"": 15.796511303464948}",15.373200171241171,-1.5572568090991834,0.004573952540667614,2.459669676065973,0.6147962753790415,2.9743118289836485,False,"{""early"": 9.0, ""late"": 16.986229275065277, ""middle"": 12.913530495175198}",14.366421189274206,-1.545409303149937,0.0015309182641281005,1.6645388966429024,1.387085168741188,1.2995409632199253,False,"{""early"": 12.701882292631304, ""late"": 17.57270792829618, ""middle"": 13.285397402744282}",13.331920383961688,-1.4147237625695452,0.0033919425200896747,0.680364569539087,0.6802241659966723,1.696605449355492,False,"{""early"": 7.0, ""late"": 14.012284953500775, ""middle"": 13.909904916479737}"
matched,-639.9010000000001,20,2,39,08862338-ca9f-f111-9edb-83ad45319c98,203357ab-fc82-4b4f-b699-d7293bbe5ec4,2026-08-24T15:30:18.221737+00:00,2026-08-24T11:30:18.221737-04:00,9Iron,Premium,96.93539727988535,77.83867215461694,10.839000000000008,-0.547999999999998,,0.024,-0.698,-0.722,4839.980000000004,10.986000000000002,116.74589108869243,20260824_111222,14,2026-08-24T11:30:17.581836-04:00,9-iron,97.19154152920639,79.933058704834,11.797917506420255,-0.6552396912712481,radar,0.92,0.75,2459.283671463005,10.5,10.5,,,config/iwr6843_l3dump_wide_24f3ms_53bin_iq16.cfg,732812,,,/Users/john.pacino/openflight_sessions/session_20260824_111222_trackman.jsonl,/Users/john.pacino/openflight_sessions/terminal_logs/kiosk_20260824_111211.log,/Users/john.pacino/openflight_sessions/iwr6843/iwr6843_20260824_113017_589_017.l3dump,/Users/john.pacino/openflight_sessions/trackman/camera/camera_20260824_113017_589_017,/Users/john.pacino/openflight_sessions/trackman/camera/camera_20260824_113017_589_017/first.pgm;/Users/john.pacino/openflight_sessions/trackman/camera/camera_20260824_113017_589_017/frames.npz;/Users/john.pacino/openflight_sessions/trackman/camera/camera_20260824_113017_589_017/last.pgm;/Users/john.pacino/openflight_sessions/trackman/camera/camera_20260824_113017_589_017/metadata.json;/Users/john.pacino/openflight_sessions/trackman/camera/camera_20260824_113017_589_017/trigger.pgm,0.2561442493210393,2.0943865502170524,0.9589175064202475,-0.1072396912712501,-22.9,candidate_available,14.6,rejected_phase_span,,withheld,,withheld,rejected_no_stable_clubhead,-0.6552396912712481,0.75,camera_assisted_high,,,,467.61302636287724,99,0,120.17745422979797,650,15.0,low_2.875in,2.875,0.073025,9Iron low block before noon elevation,95.20689157836915,accepted,13.825177890897756,four4_path_tdm,medium,34,10,5.052801008511969,-1.5663699825218487,0.0057081879470288754,2.441973696315763,0.14878159502770005,0.0,False,"{""early"": 0.5465185044268199, ""middle"": 5.430465897058347}",6.411205460010307,-1.9456659144317523,0.006985210047863344,2.5714863198382787,0.14894558054740337,2.0143089881371075,False,"{""early"": 1.6640463284733262, ""middle"": 6.807018968149884}",11.629699626043394,-1.7331791568628483,0.005501123275389652,3.406910361046398,0.480707080459279,1.2054920425063416,False,"{""early"": 5.0, ""middle"": 11.813820722092796}",13.825177890897756,-1.671019990611838,0.003099329485070079,1.2850747103756621,0.24738749653987657,1.3080258239779157,False,"{""early"": 16.151097876764855, ""middle"": 13.58094845601353}"
matched,-639.435,21,2,32,08862338-ca9f-f111-9edb-83ad45319c98,267b0cc5-be04-4cf1-bff3-c264cf01ae2c,2026-08-24T15:30:48.630334+00:00,2026-08-24T11:30:48.630334-04:00,9Iron,Premium,103.84081961345733,80.68181818181809,23.566999999999982,3.115999999999999,-7.661,1.95,3.381,1.431,6108.379999999997,1.7840000000000005,140.08101510249924,20260824_111222,15,2026-08-24T11:30:47.990899-04:00,9-iron,103.57760693569672,80.74766312475587,22.87144284795398,-3.5031891116504426,radar,0.95,0.75,5665.066381277292,10.5,10.5,,,config/iwr6843_l3dump_wide_24f3ms_53bin_iq16.cfg,732812,,,/Users/john.pacino/openflight_sessions/session_20260824_111222_trackman.jsonl,/Users/john.pacino/openflight_sessions/terminal_logs/kiosk_20260824_111211.log,/Users/john.pacino/openflight_sessions/iwr6843/iwr6843_20260824_113047_998_018.l3dump,/Users/john.pacino/openflight_sessions/trackman/camera/camera_20260824_113047_998_018,/Users/john.pacino/openflight_sessions/trackman/camera/camera_20260824_113047_998_018/first.pgm;/Users/john.pacino/openflight_sessions/trackman/camera/camera_20260824_113047_998_018/frames.npz;/Users/john.pacino/openflight_sessions/trackman/camera/camera_20260824_113047_998_018/last.pgm;/Users/john.pacino/openflight_sessions/trackman/camera/camera_20260824_113047_998_018/metadata.json;/Users/john.pacino/openflight_sessions/trackman/camera/camera_20260824_113047_998_018/trigger.pgm,-0.2632126777606061,0.06584494293778675,-0.6955571520460033,-6.619189111650442,-24.5,candidate_noisy_fit,10.1,rejected_phase_span,,withheld,,withheld,rejected_no_impact,-3.5031891116504426,0.75,camera_assisted_high,-2.436299989593806,,,467.61525761783423,99,0,120.74508775252525,650,15.0,low_2.875in,2.875,0.073025,9Iron low block before noon elevation,100.39999475537111,accepted,19.70111067315694,direct_only,high,25,8,19.70111067315694,-1.5917983121418824,0.012100872366772375,0.40681145405956975,0.15000260418126565,0.0,False,"{""early"": 19.317093863554916, ""middle"": 19.271504574639824}",19.29058125033762,-1.6278702030497278,0.007611700298087554,1.2638443045126966,0.3540916112425325,1.652912033309418,False,"{""early"": 17.822616773987427, ""middle"": 18.23085711766242}",20.45397538138306,-1.6841352128453368,0.003913308057818199,3.406784219396245,0.47969741243934294,1.6810277969005587,False,"{""early"": 16.166068354692577, ""middle"": 17.928313969281053}",19.013495078397273,-1.4475948868632693,0.001300654848385152,6.013495078397273,0.6921954133552628,1.851449023576918,False,"{""early"": 13.0, ""middle"": 13.0}"
matched,-626.027,22,2,18,08862338-ca9f-f111-9edb-83ad45319c98,9e479b10-8569-41a9-9374-6c476ea91de4,2026-08-24T15:51:47.930008+00:00,2026-08-24T11:51:47.930008-04:00,9Iron,Premium,93.917770221904,75.55252326413735,17.37199999999999,1.941999999999999,-7.029,2.173,1.873,-0.3,6060.439999999999,6.202000000000002,121.1102730612929,20260824_111222,16,2026-08-24T11:51:47.303981-04:00,9-iron,94.03651082837067,76.26733881518554,17.00075164428125,-2.7526859131190093,radar,0.95,0.75,3655.023702098799,10.5,10.5,,,config/iwr6843_l3dump_wide_24f3ms_53bin_iq16.cfg,732812,,,/Users/john.pacino/openflight_sessions/session_20260824_111222_trackman.jsonl,/Users/john.pacino/openflight_sessions/terminal_logs/kiosk_20260824_111211.log,/Users/john.pacino/openflight_sessions/iwr6843/iwr6843_20260824_115147_304_020.l3dump,/Users/john.pacino/openflight_sessions/trackman/camera/camera_20260824_115147_304_020,/Users/john.pacino/openflight_sessions/trackman/camera/camera_20260824_115147_304_020/first.pgm;/Users/john.pacino/openflight_sessions/trackman/camera/camera_20260824_115147_304_020/frames.npz;/Users/john.pacino/openflight_sessions/trackman/camera/camera_20260824_115147_304_020/last.pgm;/Users/john.pacino/openflight_sessions/trackman/camera/camera_20260824_115147_304_020/metadata.json;/Users/john.pacino/openflight_sessions/trackman/camera/camera_20260824_115147_304_020/trigger.pgm,0.11874060646667317,0.71481555104819,-0.3712483557187376,-4.694685913119009,-22.0,candidate_available,21.0,rejected_phase_span,-3.78,low,0.53,low,approach_mixed,-2.7526859131190093,0.75,camera_assisted_high,1.2762983866882962,3.249,-1.643,467.6219515104666,99,0,119.42875394570707,650,15.0,low_2.875in,2.875,0.073025,9Iron low block before noon elevation,91.43934613623048,accepted,14.008884065776533,direct_only,high,35,10,14.008884065776533,-1.5586596320760562,0.009874168093648716,0.40564178059049727,0.4175657951076506,0.0,False,"{""early"": 13.489074141941002, ""middle"": 13.71741042843107}",13.45067827407483,-1.6795911052115193,0.01554960742838829,0.7047129641707839,0.06966227924977897,2.5588017354241295,False,"{""early"": 12.089607516063223, ""middle"": 13.499033444404791}",13.811122213029776,-1.6254226266468002,0.004251890059314922,2.7300763967092543,0.05900236226913336,2.2028309198660727,False,"{""early"": 18.16898980598165, ""middle"": 12.70883701256314}",14.833549713777673,-1.4512029740243473,0.008678536816325355,0.25553430363209895,0.1643098026920624,2.031320259919005,False,"{""early"": 15.196441120766064, ""middle"": 14.98172691405348}"
matched,-624.4159999999999,23,2,22,08862338-ca9f-f111-9edb-83ad45319c98,b52def8c-ca78-4c0b-b22d-80fff1386f3c,2026-08-24T15:52:12.600855+00:00,2026-08-24T11:52:12.600855-04:00,9Iron,Premium,103.60594130279159,79.96376163206862,23.767,1.8389999999999995,-5.877,2.494,1.668,-0.825,6595.719999999994,1.7639999999999993,137.72502543495744,20260824_111222,17,2026-08-24T11:52:11.976439-04:00,9-iron,103.53071000075995,78.71115207495119,24.46306788939069,-2.5628984525003204,radar,0.95,0.75,6110.161731173099,10.5,10.5,,,config/iwr6843_l3dump_wide_24f3ms_53bin_iq16.cfg,732812,,,/Users/john.pacino/openflight_sessions/session_20260824_111222_trackman.jsonl,/Users/john.pacino/openflight_sessions/terminal_logs/kiosk_20260824_111211.log,/Users/john.pacino/openflight_sessions/iwr6843/iwr6843_20260824_115211_975_021.l3dump,/Users/john.pacino/openflight_sessions/trackman/camera/camera_20260824_115211_975_021,/Users/john.pacino/openflight_sessions/trackman/camera/camera_20260824_115211_975_021/first.pgm;/Users/john.pacino/openflight_sessions/trackman/camera/camera_20260824_115211_975_021/frames.npz;/Users/john.pacino/openflight_sessions/trackman/camera/camera_20260824_115211_975_021/last.pgm;/Users/john.pacino/openflight_sessions/trackman/camera/camera_20260824_115211_975_021/metadata.json;/Users/john.pacino/openflight_sessions/trackman/camera/camera_20260824_115211_975_021/trigger.pgm,-0.0752313020316393,-1.252609557117438,0.6960678893906902,-4.40189845250032,-28.0,candidate_out_of_bounds,25.2,rejected_phase_span,,withheld,,withheld,rejected_no_impact,-2.5628984525003204,0.75,camera_assisted_high,-0.6281771432894345,,,467.6219515104666,99,0,119.0298952020202,650,15.0,low_2.875in,2.875,0.073025,9Iron low block before noon elevation,100.19634365039063,accepted,21.103262081923397,direct_only,medium,35,11,21.103262081923397,-1.6868423963685408,0.01383542105907365,1.046386211536893,0.1129257631383247,0.0,False,"{""early"": 20.086074837278034, ""middle"": 22.17884726035182}",21.54497304536214,-1.7413363973146234,0.008941191625059242,1.708608496384862,0.18223377213066527,1.5755917145167588,False,"{""early"": 19.6377613104812, ""middle"": 23.054978303250923}",21.903360002380015,-1.7978960293070174,0.004521434597011487,2.3851378997125074,0.09962011880578814,1.3542896349397817,False,"{""early"": 17.322963457650705, ""middle"": 22.09323925707572}",20.241105081455213,-1.7050767480715299,0.003317727195179865,3.222412376281218,0.2660381210281315,1.4234510562437337,False,"{""early"": 14.0, ""middle"": 20.444824752562436}"
matched,-627.069,24,2,7,08862338-ca9f-f111-9edb-83ad45319c98,49abc5a8-db12-489f-a7c4-206f1b6f055a,2026-08-24T15:52:40.460438+00:00,2026-08-24T11:52:40.460438-04:00,9Iron,Premium,107.29464924838929,77.32865068002856,20.540999999999997,-3.266999999999997,-5.014,1.774,-4.368,-6.142,5320.820000000003,-14.710999999999991,149.40604055752075,20260824_111222,18,2026-08-24T11:52:39.833369-04:00,9-iron,106.80915761678195,78.91480317993165,19.733444686196748,1.5880049830989265,radar,0.945,0.75,4934.116758103279,10.5,10.5,,,config/iwr6843_l3dump_wide_24f3ms_53bin_iq16.cfg,732812,,,/Users/john.pacino/openflight_sessions/session_20260824_111222_trackman.jsonl,/Users/john.pacino/openflight_sessions/terminal_logs/kiosk_20260824_111211.log,/Users/john.pacino/openflight_sessions/iwr6843/iwr6843_20260824_115239_835_022.l3dump,/Users/john.pacino/openflight_sessions/trackman/camera/camera_20260824_115239_835_022,/Users/john.pacino/openflight_sessions/trackman/camera/camera_20260824_115239_835_022/first.pgm;/Users/john.pacino/openflight_sessions/trackman/camera/camera_20260824_115239_835_022/frames.npz;/Users/john.pacino/openflight_sessions/trackman/camera/camera_20260824_115239_835_022/last.pgm;/Users/john.pacino/openflight_sessions/trackman/camera/camera_20260824_115239_835_022/metadata.json;/Users/john.pacino/openflight_sessions/trackman/camera/camera_20260824_115239_835_022/trigger.pgm,-0.48549163160734565,1.5861524999030934,-0.807555313803249,4.855004983098923,-27.1,candidate_out_of_bounds,19.8,candidate_noisy_fit,,withheld,,withheld,rejected_no_impact,1.5880049830989265,0.75,camera_assisted_high,8.444592777541146,,,467.61302636287724,99,0,119.51066256313132,650,15.0,low_2.875in,2.875,0.073025,9Iron low block before noon elevation,103.96388909252931,accepted,18.114424952856375,direct_only,high,35,10,18.114424952856375,-1.658147859522381,0.01682352140179333,0.46531824252752685,0.10738318793474377,0.0,False,"{""early"": 17.26848078121054, ""late"": 18.5797431953839, ""middle"": 18.115223838049893}",17.439518038389156,-1.5886029713220142,0.012490477434535352,1.3761079981627589,0.17360368558616024,1.4224950209581027,False,"{""early"": 14.625479880125864, ""late"": 18.815626036551915, ""middle"": 17.21215068023863}",16.72433386119191,-1.7450490874874593,0.0073950479148174875,1.6312800265276834,0.12811356407297936,1.6372530282766862,False,"{""early"": 20.74262198632318, ""late"": 17.235855006625336, ""middle"": 15.093053834664225}",15.001759617579664,-1.8635176122203396,0.0017983581901943602,1.3514640443680879,0.14540519315411782,1.7957173435359408,False,"{""early"": 13.650295573211576, ""late"": 15.96731683667745, ""middle"": 9.918519438125891}"
matched,-628.184,25,2,13,08862338-ca9f-f111-9edb-83ad45319c98,313efef6-48dc-41a3-b419-491a7bffc4e9,2026-08-24T15:53:03.324078+00:00,2026-08-24T11:53:03.324078-04:00,9Iron,Premium,105.50733715103783,81.27460629921251,22.767,0.9739999999999998,-6.817,2.382,0.64,-1.742,6197.789999999998,0.5819999999999995,142.77626972637566,20260824_111222,19,2026-08-24T11:53:02.695894-04:00,9-iron,105.19386585283651,80.95131422973634,22.83031138760412,-1.767788727683751,radar,0.942,0.75,5741.716490006099,10.5,10.5,,,config/iwr6843_l3dump_wide_24f3ms_53bin_iq16.cfg,732812,,,/Users/john.pacino/openflight_sessions/session_20260824_111222_trackman.jsonl,/Users/john.pacino/openflight_sessions/terminal_logs/kiosk_20260824_111211.log,/Users/john.pacino/openflight_sessions/iwr6843/iwr6843_20260824_115302_698_023.l3dump,/Users/john.pacino/openflight_sessions/trackman/camera/camera_20260824_115302_698_023,/Users/john.pacino/openflight_sessions/trackman/camera/camera_20260824_115302_698_023/first.pgm;/Users/john.pacino/openflight_sessions/trackman/camera/camera_20260824_115302_698_023/frames.npz;/Users/john.pacino/openflight_sessions/trackman/camera/camera_20260824_115302_698_023/last.pgm;/Users/john.pacino/openflight_sessions/trackman/camera/camera_20260824_115302_698_023/metadata.json;/Users/john.pacino/openflight_sessions/trackman/camera/camera_20260824_115302_698_023/trigger.pgm,-0.31347129820132125,-0.3232920694761674,0.06331138760412003,-2.7417887276837507,-24.9,candidate_available,13.5,candidate_noisy_fit,,withheld,,withheld,rejected_no_impact,-1.767788727683751,0.75,camera_assisted_high,1.031113552134883,,,467.61302636287724,99,0,118.56108538510101,650,15.0,low_2.875in,2.875,0.073025,9Iron low block before noon elevation,102.02920359521485,accepted,20.817479507203238,direct_only,high,29,10,20.817479507203238,-1.4626192486861938,0.00897969640441132,0.47284745759048086,0.15093569973195464,0.0,False,"{""early"": 20.326311241712066, ""middle"": 21.272006156893028}",21.149654512396992,-1.4047207587657355,0.012121422688206485,1.1522012787057339,0.10871560269382385,1.1232965579789107,False,"{""early"": 19.543570471983774, ""middle"": 21.84797302939524}",19.316626948084863,-1.3557822968037683,0.0022268728482208733,3.4057732304931942,0.4248198477734011,1.4496872910912284,False,"{""early"": 22.850329877179508, ""middle"": 22.594470479976607}",16.908359027558152,-1.3756682720919695,0.007628918146310282,3.5273504104719784,0.12309464837464645,1.412085699639215,False,"{""early"": 10.0, ""middle"": 16.762017234172347}"
matched,-623.636,26,2,1,08862338-ca9f-f111-9edb-83ad45319c98,c4a871f8-8028-42e5-a6a9-021d63303f24,2026-08-24T15:53:31.946517+00:00,2026-08-24T11:53:31.946517-04:00,9Iron,Premium,107.90756979241222,81.1918396564065,23.742999999999988,1.7929999999999995,-7.213,0.37,2.133,1.763,6604.449999999997,1.9700000000000006,144.23290463775987,20260824_111222,20,2026-08-24T11:53:31.322881-04:00,9-iron,107.6861939932197,81.86774420214843,23.46594166047511,-2.439019656602113,radar,0.95,0.75,6063.669489606588,10.5,10.5,,,config/iwr6843_l3dump_wide_24f3ms_53bin_iq16.cfg,732812,,,/Users/john.pacino/openflight_sessions/session_20260824_111222_trackman.jsonl,/Users/john.pacino/openflight_sessions/terminal_logs/kiosk_20260824_111211.log,/Users/john.pacino/openflight_sessions/iwr6843/iwr6843_20260824_115331_321_024.l3dump,/Users/john.pacino/openflight_sessions/trackman/camera/camera_20260824_115331_321_024,/Users/john.pacino/openflight_sessions/trackman/camera/camera_20260824_115331_321_024/first.pgm;/Users/john.pacino/openflight_sessions/trackman/camera/camera_20260824_115331_321_024/frames.npz;/Users/john.pacino/openflight_sessions/trackman/camera/camera_20260824_115331_321_024/last.pgm;/Users/john.pacino/openflight_sessions/trackman/camera/camera_20260824_115331_321_024/metadata.json;/Users/john.pacino/openflight_sessions/trackman/camera/camera_20260824_115331_321_024/trigger.pgm,-0.22137579919251493,0.675904545741929,-0.2770583395248778,-4.232019656602112,-24.3,candidate_available,0.2,candidate_noisy_fit,,withheld,,withheld,rejected_no_impact,-2.439019656602113,0.75,camera_assisted_high,0.732724328976019,,,467.61525761783423,99,0,118.75811710858586,650,15.0,low_2.875in,2.875,0.073025,9Iron low block before noon elevation,104.47301685498049,accepted,21.578488220514004,direct_only,high,33,10,21.578488220514004,-1.6881134707117282,0.012143896911227081,0.14102211561577072,0.12006786522988833,0.0,False,"{""early"": 21.834783176566887, ""middle"": 21.60423749569266}",21.69010423115328,-1.7650974021477535,0.011991404651794824,0.5357926051575355,0.12392606037767528,1.4558945826749137,False,"{""early"": 21.03824180666921, ""middle"": 22.10982701698428}",20.158591929232898,-1.820749267882978,0.004080049116474527,1.0873668410641777,0.15753736017736308,1.1015314211118137,False,"{""early"": 20.41549040993252, ""middle"": 18.240756727804165}",17.798475005060723,-1.887576763577714,0.002587792555980961,1.4249889792283739,0.2907842392790627,1.124548433101924,False,"{""early"": 16.11672747969707, ""middle"": 16.63024457196763}"
matched,-630.37,27,2,47,08862338-ca9f-f111-9edb-83ad45319c98,7a0145d5-8939-41fe-864d-fb357127b8ec,2026-08-24T15:54:06.954289+00:00,2026-08-24T11:54:06.954289-04:00,9Iron,Premium,99.06719756621322,80.13600572655682,19.701999999999995,-0.1720000000000004,,0.807,-0.41,-1.217,6414.369999999999,2.2969999999999997,131.4211826588105,20260824_111222,21,2026-08-24T11:54:06.323919-04:00,9-iron,99.17089073029993,81.1549653347168,20.382366673127116,-0.8847624005242665,radar,0.95,0.75,4755.024130408863,10.5,10.5,,,config/iwr6843_l3dump_wide_24f3ms_53bin_iq16.cfg,732812,,,/Users/john.pacino/openflight_sessions/session_20260824_111222_trackman.jsonl,/Users/john.pacino/openflight_sessions/terminal_logs/kiosk_20260824_111211.log,/Users/john.pacino/openflight_sessions/iwr6843/iwr6843_20260824_115406_329_025.l3dump,/Users/john.pacino/openflight_sessions/trackman/camera/camera_20260824_115406_329_025,/Users/john.pacino/openflight_sessions/trackman/camera/camera_20260824_115406_329_025/first.pgm;/Users/john.pacino/openflight_sessions/trackman/camera/camera_20260824_115406_329_025/frames.npz;/Users/john.pacino/openflight_sessions/trackman/camera/camera_20260824_115406_329_025/last.pgm;/Users/john.pacino/openflight_sessions/trackman/camera/camera_20260824_115406_329_025/metadata.json;/Users/john.pacino/openflight_sessions/trackman/camera/camera_20260824_115406_329_025/trigger.pgm,0.1036931640867067,1.0189596081599888,0.6803666731271214,-0.7127624005242661,-25.3,candidate_out_of_bounds,4.2,rejected_phase_span,,withheld,,withheld,rejected_no_impact,-0.8847624005242665,0.75,camera_assisted_high,3.5491744743621325,,,467.6174888940846,99,0,118.9300091540404,650,15.0,low_2.875in,2.875,0.073025,9Iron low block before noon elevation,96.2251471032715,accepted,17.2978689240766,direct_only,medium,30,9,17.2978689240766,-1.4786486547278452,0.0070200049925410735,1.1711050015981606,0.3393867848773837,0.0,False,"{""early"": 16.223596999164887, ""middle"": 18.565807002361208}",17.24568916869068,-1.4440389642051146,0.004618722527104824,1.4409792263149912,0.3387791142714427,2.2437356694235455,False,"{""early"": 14.73130683837771, ""middle"": 17.613265291007693}",17.536272819979125,-1.595475970405288,0.004484955891729037,3.9520519682918076,0.34320252945636653,2.341782160528095,False,"{""early"": 12.19849723630904, ""middle"": 14.969944467065595}",16.088805333708635,-1.5329388559617814,0.0014747999182327387,5.232271634854198,0.12852105842673467,2.08032289340635,False,"{""early"": 10.0, ""middle"": 11.713067397708873}"
matched,-626.5260000000001,28,2,30,08862338-ca9f-f111-9edb-83ad45319c98,47cae7d7-2610-48ad-b600-b2273bf87e32,2026-08-24T15:54:38.685424+00:00,2026-08-24T11:54:38.685424-04:00,9Iron,Premium,111.31218682891901,80.88761632068709,23.390999999999988,1.1220000000000006,-7.903,3.317,0.653,-2.663,6207.390000000003,-5.546000000000001,151.31818103551728,20260824_111222,22,2026-08-24T11:54:38.058898-04:00,9-iron,110.77290670489906,82.17322085961915,22.922638874623004,-1.721249324303443,radar,0.932,0.75,6074.006315135843,10.5,10.5,,,config/iwr6843_l3dump_wide_24f3ms_53bin_iq16.cfg,732812,,,/Users/john.pacino/openflight_sessions/session_20260824_111222_trackman.jsonl,/Users/john.pacino/openflight_sessions/terminal_logs/kiosk_20260824_111211.log,/Users/john.pacino/openflight_sessions/iwr6843/iwr6843_20260824_115438_061_026.l3dump,/Users/john.pacino/openflight_sessions/trackman/camera/camera_20260824_115438_061_026,/Users/john.pacino/openflight_sessions/trackman/camera/camera_20260824_115438_061_026/first.pgm;/Users/john.pacino/openflight_sessions/trackman/camera/camera_20260824_115438_061_026/frames.npz;/Users/john.pacino/openflight_sessions/trackman/camera/camera_20260824_115438_061_026/last.pgm;/Users/john.pacino/openflight_sessions/trackman/camera/camera_20260824_115438_061_026/metadata.json;/Users/john.pacino/openflight_sessions/trackman/camera/camera_20260824_115438_061_026/trigger.pgm,-0.5392801240199532,1.2856045389320627,-0.46836112537698327,-2.843249324303444,-23.7,candidate_noisy_fit,20.5,candidate_noisy_fit,,withheld,,withheld,rejected_no_impact,-1.721249324303443,0.75,camera_assisted_high,1.6903733948861088,,,467.6174888940846,99,0,119.71069523358585,650,15.0,low_2.875in,2.875,0.073025,9Iron low block before noon elevation,107.62960898217774,accepted,20.71296194624927,direct_only,high,32,9,20.71296194624927,-1.7566962464064282,0.009482933819492168,0.476834952869055,0.12778615090254064,0.0,False,"{""early"": 20.236126993380214, ""late"": 21.55368055644928, ""middle"": 21.132251256879517}",20.737713328461552,-1.723651284481173,0.009617257884459107,0.4662651817697814,0.24562820742643154,2.138014577524827,False,"{""early"": 20.27144814669177, ""late"": 21.502607468189563, ""middle"": 20.795645877482844}",21.390254086163917,-1.74768738788788,0.009180101565535947,0.27199081444448225,0.21148901610984794,1.4273899011798603,False,"{""early"": 18.37410616183648, ""late"": 21.6622449006084, ""middle"": 21.581956783249414}",15.985569689562448,-1.6053624631686318,0.0009627216202983124,5.339182366287615,0.7320358239823772,1.5096472762122746,False,"{""early"": 10.57488482323094, ""late"": 21.324752055850063, ""middle"": 15.062213283435922}"
matched,-622.597,29,2,10,08862338-ca9f-f111-9edb-83ad45319c98,62f81a77-103e-4219-9ea3-36da80edd99d,2026-08-24T15:55:08.629524+00:00,2026-08-24T11:55:08.629524-04:00,9Iron,Premium,99.07838224767347,82.86730493915525,23.193000000000005,7.492000000000001,-4.208,1.649,8.99,7.341,5957.120000000001,13.721000000000002,132.37681727206046,20260824_111222,23,2026-08-24T11:55:08.006927-04:00,9-iron,99.13199726277327,82.68234862207032,22.969703070776138,-5.473518555648525,radar,0.95,0.75,5448.371310200551,10.5,10.5,,,config/iwr6843_l3dump_wide_24f3ms_53bin_iq16.cfg,732812,,,/Users/john.pacino/openflight_sessions/session_20260824_111222_trackman.jsonl,/Users/john.pacino/openflight_sessions/terminal_logs/kiosk_20260824_111211.log,/Users/john.pacino/openflight_sessions/iwr6843/iwr6843_20260824_115508_005_027.l3dump,/Users/john.pacino/openflight_sessions/trackman/camera/camera_20260824_115508_005_027,/Users/john.pacino/openflight_sessions/trackman/camera/camera_20260824_115508_005_027/first.pgm;/Users/john.pacino/openflight_sessions/trackman/camera/camera_20260824_115508_005_027/frames.npz;/Users/john.pacino/openflight_sessions/trackman/camera/camera_20260824_115508_005_027/last.pgm;/Users/john.pacino/openflight_sessions/trackman/camera/camera_20260824_115508_005_027/metadata.json;/Users/john.pacino/openflight_sessions/trackman/camera/camera_20260824_115508_005_027/trigger.pgm,0.05361501509979405,-0.1849563170849251,-0.22329692922386712,-12.965518555648526,-26.6,candidate_out_of_bounds,17.6,candidate_noisy_fit,,withheld,,withheld,rejected_no_impact,-5.473518555648525,0.75,camera_assisted_high,-6.836780399969371,,,467.61525761783423,99,0,119.93145975378788,650,15.0,low_2.875in,2.875,0.073025,9Iron low block before noon elevation,95.91967044580079,accepted,20.44926745960278,direct_only,high,26,8,20.44926745960278,-1.771008796484483,0.012818606298977908,0.1973369795874529,0.11376336559421674,0.0,False,"{""early"": 20.751082767107548, ""middle"": 20.542126111272918}",20.052675663533645,-1.6472838968610233,0.01304279394225194,1.5310625813321117,0.14489489176824755,1.6867016349265564,False,"{""early"": 17.163781513581895, ""middle"": 20.22590667624612}",17.36905999215373,-1.6552820850800543,0.002471990960388748,1.9223492878331783,0.34574729480489985,1.3495186956389587,False,"{""early"": 15.24951866208776, ""middle"": 15.643902746553342}",17.172937040844054,-1.5638158550273094,0.003778187007030809,3.6216122122191248,0.32471613727321547,1.4102370343571737,False,"{""early"": 11.0, ""middle"": 16.10264965724986}"
matched,-631.183,30,2,24,08862338-ca9f-f111-9edb-83ad45319c98,a7898278-4574-4fb7-955f-8adb887cad64,2026-08-24T15:55:41.146267+00:00,2026-08-24T11:55:41.146267-04:00,9Iron,Premium,100.58160343593403,79.08911954187536,22.739999999999995,-0.39600000000000024,-7.856,3.719,-1.365,-5.084,6107.549999999997,-6.891000000000005,134.88850104606215,20260824_111222,24,2026-08-24T11:55:40.515084-04:00,9-iron,100.5292127205904,80.64583757226563,22.76552687603848,-0.660120261962291,radar,0.95,0.75,5469.424724156938,10.5,10.5,,,config/iwr6843_l3dump_wide_24f3ms_53bin_iq16.cfg,732812,,,/Users/john.pacino/openflight_sessions/session_20260824_111222_trackman.jsonl,/Users/john.pacino/openflight_sessions/terminal_logs/kiosk_20260824_111211.log,/Users/john.pacino/openflight_sessions/iwr6843/iwr6843_20260824_115540_522_028.l3dump,/Users/john.pacino/openflight_sessions/trackman/camera/camera_20260824_115540_522_028,/Users/john.pacino/openflight_sessions/trackman/camera/camera_20260824_115540_522_028/first.pgm;/Users/john.pacino/openflight_sessions/trackman/camera/camera_20260824_115540_522_028/frames.npz;/Users/john.pacino/openflight_sessions/trackman/camera/camera_20260824_115540_522_028/last.pgm;/Users/john.pacino/openflight_sessions/trackman/camera/camera_20260824_115540_522_028/metadata.json;/Users/john.pacino/openflight_sessions/trackman/camera/camera_20260824_115540_522_028/trigger.pgm,-0.05239071534363404,1.5567180303902717,0.025526876038483692,-0.26412026196229077,-24.0,candidate_available,8.2,rejected_phase_span,,withheld,,withheld,rejected_no_impact,-0.660120261962291,0.75,camera_assisted_high,3.4477514719847875,,,467.6219515104666,99,0,119.0215009469697,650,15.0,low_2.875in,2.875,0.073025,9Iron low block before noon elevation,97.34522818066408,accepted,19.64369988988289,direct_only,high,36,10,19.64369988988289,-1.7410131098822557,0.013749713322906087,0.6190317739564719,0.17773028182621076,0.0,False,"{""early"": 17.481662810282554, ""late"": 20.042699692934406, ""middle"": 20.26273166383936}",19.938493394348995,-1.7296244325200267,0.013702069282338636,0.4553147012363148,0.07486186390820038,1.3394768748643122,False,"{""early"": 15.49506780704509, ""late"": 20.305543057491526, ""middle"": 20.39380809558531}",20.060120433475834,-1.8451064723570263,0.003986153172942375,0.7555084662276315,0.14230023373485245,1.7663700774929876,False,"{""early"": 18.744091052424434, ""late"": 20.25191914297388, ""middle"": 20.815628899703466}",19.01176258038848,-1.723155912194671,0.004472161348880066,1.1634461197997084,0.1459599856659377,1.7764435990146592,False,"{""early"": 17.848316460588773, ""late"": 20.19486083079923, ""middle"": 18.826010056241298}"
matched,-621.428,31,2,2,08862338-ca9f-f111-9edb-83ad45319c98,30800bda-55e6-4e2b-b4c7-06f1a05a9180,2026-08-24T15:56:10.540439+00:00,2026-08-24T11:56:10.540439-04:00,9Iron,Premium,97.15909090909079,81.56540801717958,18.903999999999975,5.26,-3.588,4.89,5.358,0.468,5092.369999999996,0.2550000000000021,131.33420522399987,20260824_111222,25,2026-08-24T11:56:09.919011-04:00,9-iron,97.10701457382703,82.07139530712892,16.305924207513325,-4.114420302675825,radar,0.95,0.75,3595.11548532458,10.5,10.5,,,config/iwr6843_l3dump_wide_24f3ms_53bin_iq16.cfg,732812,,,/Users/john.pacino/openflight_sessions/session_20260824_111222_trackman.jsonl,/Users/john.pacino/openflight_sessions/terminal_logs/kiosk_20260824_111211.log,/Users/john.pacino/openflight_sessions/iwr6843/iwr6843_20260824_115609_916_029.l3dump,/Users/john.pacino/openflight_sessions/trackman/camera/camera_20260824_115609_916_029,/Users/john.pacino/openflight_sessions/trackman/camera/camera_20260824_115609_916_029/first.pgm;/Users/john.pacino/openflight_sessions/trackman/camera/camera_20260824_115609_916_029/frames.npz;/Users/john.pacino/openflight_sessions/trackman/camera/camera_20260824_115609_916_029/last.pgm;/Users/john.pacino/openflight_sessions/trackman/camera/camera_20260824_115609_916_029/metadata.json;/Users/john.pacino/openflight_sessions/trackman/camera/camera_20260824_115609_916_029/trigger.pgm,-0.052076335263762985,0.5059872899493456,-2.59807579248665,-9.374420302675825,-29.2,candidate_out_of_bounds,4.1,candidate_noisy_fit,,withheld,,withheld,rejected_no_impact,-4.114420302675825,0.75,camera_assisted_high,-5.296997184510559,,,467.6041015559765,99,0,120.00438020833333,650,15.0,low_2.875in,2.875,0.073025,9Iron low block before noon elevation,94.59593826342774,accepted,13.314530555356194,direct_only,high,30,8,13.314530555356194,-1.5777251662553842,0.007101446574121262,0.8836370638478162,0.3264942585444528,0.0,False,"{""early"": 11.271411932503478, ""late"": 14.19816761920401, ""middle"": 13.404734099099473}",11.345083974732734,-1.662773252938006,0.003906073070714333,0.6124343353647976,0.3118965573355492,1.29071225573745,False,"{""early"": 10.274470072379305, ""late"": 11.957518310097532, ""middle"": 11.178133414343003}",14.062450334299164,-1.6456064374980435,0.004440324388807371,1.5569253619244812,0.5647393335071307,2.0064627661183336,False,"{""early"": 15.619375696223646, ""late"": 13.965270296411383, ""middle"": 11.834455831247702}",11.693650622158648,-1.529459991366691,0.0006891669586883697,0.5996646082384558,0.37899376274978547,2.00931743084605,False,"{""early"": 12.293315230397104, ""late"": 11.579986723263705, ""middle"": 10.610178341891068}"
matched,-628.826,32,2,15,08862338-ca9f-f111-9edb-83ad45319c98,4d494a96-d793-482a-9dae-52abd3be1614,2026-08-24T16:04:09.222661+00:00,2026-08-24T12:04:09.222661-04:00,9Iron,Premium,104.2479420186112,77.758142448103,22.89699999999999,1.2349999999999997,,2.244,1.031,-1.213,5782.6100000000015,-3.2140000000000013,142.3786545871639,20260824_120337,1,2026-08-24T12:04:08.593835-04:00,9-iron,103.95275700700627,94.90141492089845,22.565027065140885,-2.9639189474751126,radar,0.95,0.95,5599.099530059376,10.5,10.5,,,config/iwr6843_l3dump_wide_24f3ms_53bin_iq16.cfg,732812,,,/Users/john.pacino/openflight_sessions/session_20260824_120337_trackman.jsonl,/Users/john.pacino/openflight_sessions/terminal_logs/kiosk_20260824_120326.log,/Users/john.pacino/openflight_sessions/iwr6843/iwr6843_20260824_120408_601_001.l3dump,/Users/john.pacino/openflight_sessions/trackman/camera/camera_20260824_120408_601_001,/Users/john.pacino/openflight_sessions/trackman/camera/camera_20260824_120408_601_001/first.pgm;/Users/john.pacino/openflight_sessions/trackman/camera/camera_20260824_120408_601_001/frames.npz;/Users/john.pacino/openflight_sessions/trackman/camera/camera_20260824_120408_601_001/last.pgm;/Users/john.pacino/openflight_sessions/trackman/camera/camera_20260824_120408_601_001/metadata.json;/Users/john.pacino/openflight_sessions/trackman/camera/camera_20260824_120408_601_001/trigger.pgm,-0.2951850116049286,17.143272472795445,-0.33197293485910606,-4.1989189474751125,-19.7,candidate_available,20.3,rejected_phase_span,,withheld,,withheld,rejected_no_impact,,,camera_withheld_fallback_iwr:rejected_implausible_reference_ball,,,,467.61302636287724,99,0,106.74597806186868,500,15.0,high_5.25in,5.25,0.133350,9Iron high block after 12:03 restart,100.80729696533204,accepted,20.104651532327246,four4_path_tdm,medium,32,10,22.204128736601042,-1.2592910857374073,0.005513724607624226,4.558938954387314,1.0364455929341787,0.0,False,"{""early"": 17.83859775615522, ""middle"": 26.956475664929847}",22.640516116197837,-1.265209757664774,0.00518694416236154,5.447832826026717,0.5383472000376752,1.978484570071911,False,"{""early"": 16.0, ""middle"": 26.895665652053435}",23.97697327170575,-1.6523818017361591,0.004390879984714102,1.1643389933361181,0.5254759550984343,1.1026496333578875,False,"{""early"": 24.37547970539516, ""middle"": 25.907144824688572}",20.104651532327246,-1.7543777736218487,0.003933292532846799,1.0052270724202632,0.3752991623104265,1.7650226535171791,False,"{""early"": 18.61366227996257, ""middle"": 20.624116424803095}"
matched,-626.3349999999999,33,2,28,08862338-ca9f-f111-9edb-83ad45319c98,b0dce5a0-4287-414f-b7fd-9473b006bf45,2026-08-24T16:05:40.420727+00:00,2026-08-24T12:05:40.420727-04:00,9Iron,Premium,97.85477809591973,77.50536864710085,23.125999999999994,-0.2940000000000004,,1.353,-0.681,-2.034,6277.259999999999,1.0470000000000002,129.73109463427562,20260824_120337,2,2026-08-24T12:05:39.794392-04:00,9-iron,97.59770328500315,88.79188177148438,23.820893863906043,-1.20218234826703,radar,0.95,0.75,5589.71865037339,10.5,10.5,,,config/iwr6843_l3dump_wide_24f3ms_53bin_iq16.cfg,732812,,,/Users/john.pacino/openflight_sessions/session_20260824_120337_trackman.jsonl,/Users/john.pacino/openflight_sessions/terminal_logs/kiosk_20260824_120326.log,/Users/john.pacino/openflight_sessions/iwr6843/iwr6843_20260824_120539_800_002.l3dump,/Users/john.pacino/openflight_sessions/trackman/camera/camera_20260824_120539_800_002,/Users/john.pacino/openflight_sessions/trackman/camera/camera_20260824_120539_800_002/first.pgm;/Users/john.pacino/openflight_sessions/trackman/camera/camera_20260824_120539_800_002/frames.npz;/Users/john.pacino/openflight_sessions/trackman/camera/camera_20260824_120539_800_002/last.pgm;/Users/john.pacino/openflight_sessions/trackman/camera/camera_20260824_120539_800_002/metadata.json;/Users/john.pacino/openflight_sessions/trackman/camera/camera_20260824_120539_800_002/trigger.pgm,-0.2570748109165777,11.286513124383532,0.6948938639060493,-0.9081823482670295,-16.1,candidate_noisy_fit,4.5,rejected_phase_span,,withheld,,withheld,rejected_no_impact,-1.20218234826703,0.75,camera_assisted_high,2.0766454199359146,,,467.6174888940846,99,0,124.86219160353535,650,15.0,high_5.25in,5.25,0.133350,9Iron high block after 12:03 restart,94.29046160595705,accepted,23.248932771907466,reciprocal3_no_tdm,low,38,11,22.422691253735994,-1.162338303477763,0.008315623135786376,3.560685621300699,0.14095564099930868,0.0,False,"{""early"": 16.0, ""middle"": 23.1213712426014}",23.13823056716296,-1.1390740825059789,0.00619215644155835,3.84906040282282,0.15531806192798214,2.559707640502335,False,"{""early"": 17.0, ""middle"": 24.69812080564564}",23.248932771907466,-1.56587637723896,0.002962555412196588,2.2592358386998423,0.3846741109205851,1.7851013741953852,False,"{""early"": 20.44172862004485, ""middle"": 24.960200297444533}",22.800617356104215,-1.7268582588484944,0.003299427324005011,2.4860067853131422,0.2796686415734264,2.010743867685905,False,"{""early"": 19.605625292358773, ""middle"": 21.023595849223373}"
matched,-624.3069999999999,34,2,38,08862338-ca9f-f111-9edb-83ad45319c98,66e4a430-1d0b-4319-aa46-d3ba1734d9c5,2026-08-24T16:06:16.472220+00:00,2026-08-24T12:06:16.472220-04:00,9Iron,Premium,103.09591982820317,80.21206156048666,21.408000000000012,1.9499999999999988,-3.359,2.681,1.765,-0.917,5557.640000000003,-4.364000000000001,141.62679956729542,20260824_120337,3,2026-08-24T12:06:15.847913-04:00,9-iron,102.29473568177602,78.71115207495119,16.385239276117318,-3.6315474321947034,radar,0.868,0.95,3808.6879322673135,10.5,10.5,,,config/iwr6843_l3dump_wide_24f3ms_53bin_iq16.cfg,732812,,,/Users/john.pacino/openflight_sessions/session_20260824_120337_trackman.jsonl,/Users/john.pacino/openflight_sessions/terminal_logs/kiosk_20260824_120326.log,/Users/john.pacino/openflight_sessions/iwr6843/iwr6843_20260824_120615_852_003.l3dump,/Users/john.pacino/openflight_sessions/trackman/camera/camera_20260824_120615_852_003,/Users/john.pacino/openflight_sessions/trackman/camera/camera_20260824_120615_852_003/first.pgm;/Users/john.pacino/openflight_sessions/trackman/camera/camera_20260824_120615_852_003/frames.npz;/Users/john.pacino/openflight_sessions/trackman/camera/camera_20260824_120615_852_003/last.pgm;/Users/john.pacino/openflight_sessions/trackman/camera/camera_20260824_120615_852_003/metadata.json;/Users/john.pacino/openflight_sessions/trackman/camera/camera_20260824_120615_852_003/trigger.pgm,-0.801184146427147,-1.5009094855354732,-5.022760723882694,-5.581547432194702,-16.1,candidate_noisy_fit,-8.4,rejected_phase_span,,withheld,,withheld,rejected_no_impact,,,camera_withheld_fallback_iwr:rejected_implausible_reference_ball,,,,467.61302636287724,99,0,124.97823658459596,650,15.0,high_5.25in,5.25,0.133350,9Iron high block after 12:03 restart,99.7890414404297,accepted,12.102721412495846,four4_path_tdm,medium,28,9,19.11314788484803,-1.09793657096672,0.006584100357776235,3.415063754511568,0.23279640746604358,0.0,False,"{""early"": 13.0, ""middle"": 19.830127509023136}",18.753662893859495,-1.0961155822062252,0.014023972397518625,3.660536160742657,0.10543959886645382,1.233946018660438,False,"{""early"": 12.0, ""middle"": 19.321072321485314}",17.957221340370385,-1.6061788468486973,0.0018985788583001373,2.506350011064246,0.7952628089347336,1.0663249102110401,False,"{""early"": 21.477139750030105, ""middle"": 16.464439727901613}",12.102721412495846,-1.5986354059215868,0.0019293724767985854,0.595571137361306,0.2229534151133663,1.0803940570260253,False,"{""early"": 13.070338175931672, ""middle"": 11.87919590120906}"
matched,-624.6270000000001,35,2,27,08862338-ca9f-f111-9edb-83ad45319c98,6934a39b-77df-4594-b1a1-90b9eaec38ab,2026-08-24T16:06:39.418440+00:00,2026-08-24T12:06:39.418440-04:00,9Iron,Premium,110.25411596277723,78.57015032211875,20.792000000000005,-1.6510000000000002,-7.843,2.351,-2.437,-4.788,5414.770000000007,-10.042,154.61464284502716,20260824_120337,4,2026-08-24T12:06:38.793813-04:00,9-iron,109.59788599682793,80.34036091479491,21.258395736664447,0.1681370821742405,radar,0.95,0.75,5514.777016694642,10.5,10.5,,,config/iwr6843_l3dump_wide_24f3ms_53bin_iq16.cfg,732812,,,/Users/john.pacino/openflight_sessions/session_20260824_120337_trackman.jsonl,/Users/john.pacino/openflight_sessions/terminal_logs/kiosk_20260824_120326.log,/Users/john.pacino/openflight_sessions/iwr6843/iwr6843_20260824_120638_798_004.l3dump,/Users/john.pacino/openflight_sessions/trackman/camera/camera_20260824_120638_798_004,/Users/john.pacino/openflight_sessions/trackman/camera/camera_20260824_120638_798_004/first.pgm;/Users/john.pacino/openflight_sessions/trackman/camera/camera_20260824_120638_798_004/frames.npz;/Users/john.pacino/openflight_sessions/trackman/camera/camera_20260824_120638_798_004/last.pgm;/Users/john.pacino/openflight_sessions/trackman/camera/camera_20260824_120638_798_004/metadata.json;/Users/john.pacino/openflight_sessions/trackman/camera/camera_20260824_120638_798_004/trigger.pgm,-0.6562299659493078,1.7702105926761647,0.4663957366644418,1.8191370821742407,-11.6,candidate_noisy_fit,4.3,candidate_noisy_fit,,withheld,,withheld,rejected_no_impact,0.1681370821742405,0.75,camera_assisted_high,6.215755120645724,,,467.61972019162863,99,0,125.01625489267677,650,15.0,high_5.25in,5.25,0.133350,9Iron high block after 12:03 restart,106.6113534572754,accepted,18.63562385898945,four4_path_tdm,low,33,10,21.2433628490293,-1.157268110294826,0.005535868673709032,4.455932988575826,0.4291957628817791,0.0,False,"{""early"": 27.165720182158857, ""middle"": 24.232871493051395}",21.30757537598585,-1.1035218842210166,0.0067651660205014785,5.026394184556807,0.29656033667445136,1.7444851101617262,False,"{""early"": 15.0, ""middle"": 25.052788369113614}",21.47728051220665,-1.5800689045979415,0.002549970583487271,4.539613056978727,0.20130077963445103,1.6306747071497574,False,"{""early"": 28.0, ""middle"": 18.920773886042547}",18.63562385898945,-1.8047535656098475,0.0020335801781246055,3.5353976591598935,0.696103827680151,1.7535886397896754,False,"{""early"": 14.831204722021381, ""middle"": 15.369247677637734}"
matched,-633.137,36,2,35,08862338-ca9f-f111-9edb-83ad45319c98,0f6b8fe7-8b2f-48a7-84d2-c9c88b83ac87,2026-08-24T16:07:08.106494+00:00,2026-08-24T12:07:08.106494-04:00,9Iron,Premium,90.14629563350026,,15.137000000000002,-5.705999999999997,,8.622,-8.15,-16.772,3590.700000000004,-59.851999999999975,88.67552826316732,20260824_120337,5,2026-08-24T12:07:07.473357-04:00,9-iron,89.87015287264981,78.91480317993165,11.867875295142824,,radar,0.919,,2289.9861138129772,10.5,10.5,,,config/iwr6843_l3dump_wide_24f3ms_53bin_iq16.cfg,732812,,,/Users/john.pacino/openflight_sessions/session_20260824_120337_trackman.jsonl,/Users/john.pacino/openflight_sessions/terminal_logs/kiosk_20260824_120326.log,/Users/john.pacino/openflight_sessions/iwr6843/iwr6843_20260824_120707_478_005.l3dump,/Users/john.pacino/openflight_sessions/trackman/camera/camera_20260824_120707_478_005,/Users/john.pacino/openflight_sessions/trackman/camera/camera_20260824_120707_478_005/first.pgm;/Users/john.pacino/openflight_sessions/trackman/camera/camera_20260824_120707_478_005/frames.npz;/Users/john.pacino/openflight_sessions/trackman/camera/camera_20260824_120707_478_005/last.pgm;/Users/john.pacino/openflight_sessions/trackman/camera/camera_20260824_120707_478_005/metadata.json;/Users/john.pacino/openflight_sessions/trackman/camera/camera_20260824_120707_478_005/trigger.pgm,-0.27614276085044764,,-3.2691247048571785,,-16.6,candidate_noisy_fit,-7.6,candidate_noisy_fit,,withheld,,withheld,rejected_no_impact,,,camera_withheld_fallback_iwr:rejected_implausible_reference_ball,,,,467.61302636287724,99,0,127.08466114267677,650,15.0,high_5.25in,5.25,0.133350,9Iron high block after 12:03 restart,87.87545179907228,accepted,13.584563526335742,four4_path_tdm,low,29,8,9.551229897193595,-1.2091668907480706,0.0025730812862101438,2.4113800769783413,1.1922418849910335,0.0,False,"{""early"": 6.832927566229538, ""late"": 11.962609974171936, ""middle"": 10.690249073701079}",7.6950838329099955,-1.2230068234785927,0.0009937856404609313,0.2557073267627654,0.7722612924304464,2.0897029309969524,False,"{""early"": 7.902806696293303, ""late"": 7.43937650614723, ""middle"": 9.546727247305457}",16.924138604925684,-1.2818143775009627,0.0013324422419993542,0.7840883009295716,0.7604433031789384,1.6490676745551167,False,"{""early"": 18.12122167818312, ""late"": 16.140050303996112, ""middle"": 16.924059137840647}",13.584563526335742,-1.3293728271545078,0.0012662596361205924,0.2089935027453116,0.5189955143774512,2.2576744342749544,False,"{""early"": 13.37557002359043, ""late"": 13.702407523603679, ""middle"": 12.250851634509873}"
matched,-620.567,37,2,6,08862338-ca9f-f111-9edb-83ad45319c98,04979b99-dd9b-4ada-a464-179809a4be23,2026-08-24T16:07:24.918893+00:00,2026-08-24T12:07:24.918893-04:00,9Iron,Premium,103.1876342161774,79.9212598425196,21.271999999999995,1.8939999999999992,-5.185,2.19,1.803,-0.387,7125.130000000004,1.4459999999999995,136.2877818379852,20260824_120337,6,2026-08-24T12:07:24.298326-04:00,9-iron,102.78900948497937,79.83123315234374,20.07539501411962,-2.7204106349644737,radar,0.95,0.95,4843.2617898331355,10.5,10.5,,,config/iwr6843_l3dump_wide_24f3ms_53bin_iq16.cfg,732812,,,/Users/john.pacino/openflight_sessions/session_20260824_120337_trackman.jsonl,/Users/john.pacino/openflight_sessions/terminal_logs/kiosk_20260824_120326.log,/Users/john.pacino/openflight_sessions/iwr6843/iwr6843_20260824_120724_299_006.l3dump,/Users/john.pacino/openflight_sessions/trackman/camera/camera_20260824_120724_299_006,/Users/john.pacino/openflight_sessions/trackman/camera/camera_20260824_120724_299_006/first.pgm;/Users/john.pacino/openflight_sessions/trackman/camera/camera_20260824_120724_299_006/frames.npz;/Users/john.pacino/openflight_sessions/trackman/camera/camera_20260824_120724_299_006/last.pgm;/Users/john.pacino/openflight_sessions/trackman/camera/camera_20260824_120724_299_006/metadata.json;/Users/john.pacino/openflight_sessions/trackman/camera/camera_20260824_120724_299_006/trigger.pgm,-0.39862473119802644,-0.09002669017586129,-1.1966049858803736,-4.614410634964473,-25.3,candidate_out_of_bounds,11.2,rejected_phase_span,,withheld,,withheld,rejected_no_impact,,,camera_withheld_fallback_iwr:rejected_implausible_reference_ball,,,,467.61525761783423,99,0,124.21049810606061,650,15.0,high_5.25in,5.25,0.133350,9Iron high block after 12:03 restart,99.89086699291994,accepted,20.228786310902247,direct_only,medium,32,9,20.228786310902247,-1.246763874599224,0.007237804950145144,1.4544679886555478,0.18373948891922964,0.0,False,"{""early"": 14.0, ""late"": 20.599812694494837, ""middle"": 21.683254299557795}",20.280436382297612,-1.1099050155951913,0.008473392641104027,1.4813047404558262,0.16340663740753314,1.5031108191024023,False,"{""early"": 14.0, ""late"": 20.85880466094655, ""middle"": 21.76174112275344}",19.5528382128566,-1.569482962394571,0.0033556540033057303,1.5014911914588787,0.3644654282990025,1.6652793098790508,False,"{""early"": 21.054329404315478, ""late"": 19.052462390698658, ""middle"": 21.88817351238479}",18.105280588954717,-1.538910550631992,0.0013834090104667407,3.146365557223593,0.813535007189099,2.0006525003618494,False,"{""early"": 12.0, ""late"": 18.603793090610015, ""middle"": 21.25164614617831}"
matched,-624.081,38,2,44,08862338-ca9f-f111-9edb-83ad45319c98,101160c8-6b80-44b3-b0ad-eef358d93016,2026-08-24T16:07:47.509456+00:00,2026-08-24T12:07:47.509456-04:00,9Iron,Premium,111.46429849677871,80.02863278453822,22.065000000000005,-1.9400000000000004,-7.846,2.519,-2.817,-5.336,5644.519999999994,-13.191,154.8835297822473,20260824_120337,7,2026-08-24T12:07:46.885375-04:00,9-iron,110.64710155990328,101.72372693774415,21.620425209746134,0.3303457386502089,radar,0.95,0.75,5676.121699515916,10.5,10.5,,,config/iwr6843_l3dump_wide_24f3ms_53bin_iq16.cfg,732812,,,/Users/john.pacino/openflight_sessions/session_20260824_120337_trackman.jsonl,/Users/john.pacino/openflight_sessions/terminal_logs/kiosk_20260824_120326.log,/Users/john.pacino/openflight_sessions/iwr6843/iwr6843_20260824_120746_889_007.l3dump,/Users/john.pacino/openflight_sessions/trackman/camera/camera_20260824_120746_889_007,/Users/john.pacino/openflight_sessions/trackman/camera/camera_20260824_120746_889_007/first.pgm;/Users/john.pacino/openflight_sessions/trackman/camera/camera_20260824_120746_889_007/frames.npz;/Users/john.pacino/openflight_sessions/trackman/camera/camera_20260824_120746_889_007/last.pgm;/Users/john.pacino/openflight_sessions/trackman/camera/camera_20260824_120746_889_007/metadata.json;/Users/john.pacino/openflight_sessions/trackman/camera/camera_20260824_120746_889_007/trigger.pgm,-0.8171969368754333,21.69509415320593,-0.4445747902538706,2.2703457386502093,-19.7,candidate_available,6.5,rejected_phase_span,,withheld,,withheld,rejected_no_impact,0.3303457386502089,0.75,camera_assisted_high,4.79892706579534,,,467.60187040748167,99,0,123.37640640782828,650,15.0,high_5.25in,5.25,0.133350,9Iron high block after 12:03 restart,107.62960898217774,accepted,21.676228669342365,reciprocal3_no_tdm,medium,35,10,21.3415026434594,-1.224533889020784,0.006959107849409785,3.9710169905371693,0.3618319364396605,0.0,False,"{""early"": 15.0, ""middle"": 22.94203398107434}",21.426047679976346,-1.187118547718319,0.006319429890209838,4.287867383094065,0.45965545827217724,2.1901619495091573,False,"{""early"": 15.0, ""middle"": 23.57573476618813}",21.676228669342365,-1.8075998054243219,0.00649093141876067,0.9289622881338229,0.124221290889027,1.4966460111724063,False,"{""early"": 22.910921116491277, ""middle"": 21.05299654022363}",20.409827090902343,-2.044674395020345,0.004244166010680228,2.24700377297909,0.25001099821926154,1.59090686135462,False,"{""early"": 17.167772963000587, ""middle"": 21.661780508958767}"
matched,-616.048,39,2,8,08862338-ca9f-f111-9edb-83ad45319c98,68f495e9-4d60-4b47-a81f-20b289020a6b,2026-08-24T16:08:14.904934+00:00,2026-08-24T12:08:14.904934-04:00,9Iron,Premium,102.41812813171069,80.70195060844658,21.045,3.509,-7.116,2.955,3.677,0.722,7368.170000000001,5.623999999999999,134.32161554695648,20260824_120337,8,2026-08-24T12:08:14.288886-04:00,9-iron,102.00617479002888,80.34036091479491,19.374505208059716,-3.8418649931327025,radar,0.95,0.75,4613.547360911691,10.5,10.5,,,config/iwr6843_l3dump_wide_24f3ms_53bin_iq16.cfg,732812,,,/Users/john.pacino/openflight_sessions/session_20260824_120337_trackman.jsonl,/Users/john.pacino/openflight_sessions/terminal_logs/kiosk_20260824_120326.log,/Users/john.pacino/openflight_sessions/iwr6843/iwr6843_20260824_120814_285_008.l3dump,/Users/john.pacino/openflight_sessions/trackman/camera/camera_20260824_120814_285_008,/Users/john.pacino/openflight_sessions/trackman/camera/camera_20260824_120814_285_008/first.pgm;/Users/john.pacino/openflight_sessions/trackman/camera/camera_20260824_120814_285_008/frames.npz;/Users/john.pacino/openflight_sessions/trackman/camera/camera_20260824_120814_285_008/last.pgm;/Users/john.pacino/openflight_sessions/trackman/camera/camera_20260824_120814_285_008/metadata.json;/Users/john.pacino/openflight_sessions/trackman/camera/camera_20260824_120814_285_008/trigger.pgm,-0.41195334168180864,-0.36158969365166627,-1.6704947919402855,-7.350864993132703,-16.4,candidate_noisy_fit,-2.3,candidate_noisy_fit,16.64,low,1.99,medium,approach_mixed,-3.8418649931327025,0.75,camera_assisted_high,-1.6474264877849407,23.756,-0.9650000000000001,467.61525761783423,99,0,124.06706392045454,650,15.0,high_5.25in,5.25,0.133350,9Iron high block after 12:03 restart,99.17808812548829,accepted,17.854357692801255,direct_only,medium,27,7,17.854357692801255,-1.0419372635878594,0.0021610602858803674,1.3106698245353918,0.5627661778950568,0.0,False,"{""early"": 12.364058901716932, ""late"": 19.149495530363104, ""middle"": 19.165027517336647}",17.201980342825316,-0.9273115145882415,0.0012852930088312897,4.724001028845867,1.8673240224953425,1.470614249171656,False,"{""early"": 11.0, ""late"": 20.26037148683595, ""middle"": 12.477979313979448}",22.02732410756873,-1.511341650936399,0.0019963780353056126,4.140701402346892,0.553397920843075,1.3815649811539479,False,"{""early"": 24.035499419989993, ""late"": 17.88662270522184, ""middle"": 17.032067843825093}",19.09517396704741,-1.6083606918609452,0.0033561202292022863,1.9563970586831658,0.48611514903229036,2.242197097083935,False,"{""early"": 17.138776908364243, ""late"": 19.367734667494084, ""middle"": 16.789274667689405}"
matched,-625.244,40,2,45,08862338-ca9f-f111-9edb-83ad45319c98,3cb54153-d018-46b0-8ca5-f2092a69a1fc,2026-08-24T16:08:40.897810+00:00,2026-08-24T12:08:40.897810-04:00,9Iron,Premium,103.09591982820318,77.79617036506791,23.75,2.0830000000000006,-5.054,2.225,2.05,-0.176,5807.8099999999995,-0.6040000000000005,140.02899627856823,20260824_120337,9,2026-08-24T12:08:40.272566-04:00,9-iron,102.69176442552802,92.55942721362305,24.1588201847793,-2.8110852506879667,radar,0.95,0.75,5975.759037159791,10.5,10.5,,,config/iwr6843_l3dump_wide_24f3ms_53bin_iq16.cfg,732812,,,/Users/john.pacino/openflight_sessions/session_20260824_120337_trackman.jsonl,/Users/john.pacino/openflight_sessions/terminal_logs/kiosk_20260824_120326.log,/Users/john.pacino/openflight_sessions/iwr6843/iwr6843_20260824_120840_278_009.l3dump,/Users/john.pacino/openflight_sessions/trackman/camera/camera_20260824_120840_278_009,/Users/john.pacino/openflight_sessions/trackman/camera/camera_20260824_120840_278_009/first.pgm;/Users/john.pacino/openflight_sessions/trackman/camera/camera_20260824_120840_278_009/frames.npz;/Users/john.pacino/openflight_sessions/trackman/camera/camera_20260824_120840_278_009/last.pgm;/Users/john.pacino/openflight_sessions/trackman/camera/camera_20260824_120840_278_009/metadata.json;/Users/john.pacino/openflight_sessions/trackman/camera/camera_20260824_120840_278_009/trigger.pgm,-0.40415540267515837,14.763256848555145,0.4088201847793016,-4.894085250687967,-22.3,candidate_noisy_fit,-4.2,rejected_phase_span,,withheld,,withheld,rejected_no_impact,-2.8110852506879667,0.75,camera_assisted_high,0.12785625516193022,,,467.6264142120256,99,0,124.19798863636363,650,15.0,high_5.25in,5.25,0.133350,9Iron high block after 12:03 restart,99.38173923046877,accepted,24.877816493285533,direct_only,high,28,8,24.877816493285533,-1.4769755753166538,0.01659146365901143,0.2527632458431235,0.1863744101436513,0.0,False,"{""early"": 25.172543557120836, ""late"": 24.62505324744241, ""middle"": 24.743981165409537}",24.560299940944958,-1.426544656565257,0.020019059984167864,0.3387750061690298,0.10637318769324189,2.4246415313733114,False,"{""early"": 25.65958222187698, ""late"": 24.406867512243835, ""middle"": 24.899074947113988}",23.325654007169582,-1.8823521975114303,0.006395092311724193,0.7248665932359764,0.22654758450851453,1.8569428443794194,False,"{""early"": 21.73456078870752, ""late"": 23.680264992041128, ""middle"": 22.600787413933606}",21.439031971432104,-1.7755043212500634,0.003224344332513729,1.8093960084268694,0.18687368412006933,1.7472988025275646,False,"{""early"": 15.847630769621851, ""late"": 22.435921056674637, ""middle"": 19.629635963005235}"
matched,-621.706,41,2,33,08862338-ca9f-f111-9edb-83ad45319c98,cda902c7-b3a5-4b71-8052-c39a592c344f,2026-08-24T16:09:14.023339+00:00,2026-08-24T12:09:14.023339-04:00,9Iron,Premium,109.77317465998556,81.10459914101637,20.669999999999998,-0.9809999999999989,-4.845,1.436,-1.607,-3.043,6285.989999999999,-6.9369999999999985,149.95913938077823,20260824_120337,10,2026-08-24T12:09:13.401633-04:00,9-iron,109.14321126783673,80.2385353623047,18.757050158245356,-0.42376722045341353,radar,0.95,0.75,4755.033266967367,10.5,10.5,,,config/iwr6843_l3dump_wide_24f3ms_53bin_iq16.cfg,732812,,,/Users/john.pacino/openflight_sessions/session_20260824_120337_trackman.jsonl,/Users/john.pacino/openflight_sessions/terminal_logs/kiosk_20260824_120326.log,/Users/john.pacino/openflight_sessions/iwr6843/iwr6843_20260824_120913_402_010.l3dump,/Users/john.pacino/openflight_sessions/trackman/camera/camera_20260824_120913_402_010,/Users/john.pacino/openflight_sessions/trackman/camera/camera_20260824_120913_402_010/first.pgm;/Users/john.pacino/openflight_sessions/trackman/camera/camera_20260824_120913_402_010/frames.npz;/Users/john.pacino/openflight_sessions/trackman/camera/camera_20260824_120913_402_010/last.pgm;/Users/john.pacino/openflight_sessions/trackman/camera/camera_20260824_120913_402_010/metadata.json;/Users/john.pacino/openflight_sessions/trackman/camera/camera_20260824_120913_402_010/trigger.pgm,-0.6299633921488237,-0.8660637787116627,-1.9129498417546422,0.5572327795465853,-20.1,candidate_available,13.7,rejected_phase_span,,withheld,,withheld,rejected_no_impact,-0.42376722045341353,0.75,camera_assisted_high,4.4574895130945436,,,467.653192210234,99,0,124.2671388888889,650,15.0,high_5.25in,5.25,0.133350,9Iron high block after 12:03 restart,106.40770235229493,accepted,16.825205483071347,four4_path_tdm,low,28,9,19.21672611107364,-1.0395190297594075,0.0060605469419527935,3.0214681259263205,0.15207821887551276,0.0,False,"{""early"": 14.061453350273023, ""middle"": 18.329062620021617}",18.820610657607926,-0.9136585109558291,0.0050711081325680585,4.302704470141993,0.4011197051727855,0.9849005902270488,False,"{""early"": 12.0, ""middle"": 17.035812374931865}",19.85968385287676,-1.4889840933379288,0.002376897916466003,3.2472264653004643,0.7822956045894962,1.6098654040820035,False,"{""early"": 26.0, ""middle"": 19.50554706939907}",16.825205483071347,-1.8258407466867947,0.0018288024307997475,2.1056777875642574,0.6436946675911628,2.023612885970632,False,"{""early"": 15.500757147626738, ""middle"": 13.938298243387441}"
matched,-627.34,42,2,46,08862338-ca9f-f111-9edb-83ad45319c98,d279e3f8-db7f-477e-92fb-f23413f802ed,2026-08-24T16:09:34.824026+00:00,2026-08-24T12:09:34.824026-04:00,9Iron,Premium,99.12312097351457,78.12947387258401,24.896999999999984,6.257999999999998,-4.199,2.003,7.429,5.426,6515.38,4.6819999999999995,130.35782304657937,20260824_120337,11,2026-08-24T12:09:34.196686-04:00,9-iron,98.7090588585849,79.52575649487306,23.80115831440805,-5.402173306603174,radar,0.95,0.75,5648.076461223629,10.5,10.5,,,config/iwr6843_l3dump_wide_24f3ms_53bin_iq16.cfg,732812,,,/Users/john.pacino/openflight_sessions/session_20260824_120337_trackman.jsonl,/Users/john.pacino/openflight_sessions/terminal_logs/kiosk_20260824_120326.log,/Users/john.pacino/openflight_sessions/iwr6843/iwr6843_20260824_120934_201_011.l3dump,/Users/john.pacino/openflight_sessions/trackman/camera/camera_20260824_120934_201_011,/Users/john.pacino/openflight_sessions/trackman/camera/camera_20260824_120934_201_011/first.pgm;/Users/john.pacino/openflight_sessions/trackman/camera/camera_20260824_120934_201_011/frames.npz;/Users/john.pacino/openflight_sessions/trackman/camera/camera_20260824_120934_201_011/last.pgm;/Users/john.pacino/openflight_sessions/trackman/camera/camera_20260824_120934_201_011/metadata.json;/Users/john.pacino/openflight_sessions/trackman/camera/camera_20260824_120934_201_011/trigger.pgm,-0.4140621149296777,1.3962826222890499,-1.0958416855919353,-11.660173306603173,-24.5,candidate_available,15.4,rejected_phase_span,,withheld,,withheld,rejected_no_impact,-5.402173306603174,0.75,camera_assisted_high,-3.750205169810471,,,467.6777414028423,99,0,125.1836985479798,650,15.0,high_5.25in,5.25,0.133350,9Iron high block after 12:03 restart,95.41054268334962,accepted,22.397696063141254,reciprocal3_no_tdm,medium,24,8,23.1798258587492,-1.3018365784631236,0.008583819800357384,3.434884764886183,0.24623119621368517,0.0,False,"{""early"": 17.0, ""middle"": 23.869769529772366}",23.479993555624766,-1.257894553470703,0.011090211797281313,3.6807883305649938,0.21961927410145776,1.7533184856169324,False,"{""early"": 17.0, ""middle"": 24.361576661129988}",22.397696063141254,-1.8817340748120504,0.005754291758370611,1.233479996769768,0.34519877508872376,1.1690349188669784,False,"{""early"": 24.18882168581269, ""middle"": 23.073530434009353}",22.08752664448131,-1.8952956303231698,0.0033037880559052546,1.6790531011177698,0.38427149474788,0.888834548718491,False,"{""early"": 23.83297228618812, ""middle"": 23.700187205010042}"
matched,-619.7470000000001,43,2,4,08862338-ca9f-f111-9edb-83ad45319c98,3a292aa0-7acc-4a84-b0be-149d1ec64e10,2026-08-24T16:09:59.521332+00:00,2026-08-24T12:09:59.521332-04:00,9Iron,Premium,94.99597351467422,79.44926628489613,18.14899999999999,6.949999999999997,-7.448,0.468,8.771,8.304,6226.989999999996,18.027000000000008,121.94559279198954,20260824_120337,12,2026-08-24T12:09:58.901585-04:00,9-iron,95.01195147731801,82.17322085961915,18.475250429202408,-5.3554927085967705,radar,0.69,0.75,4067.481659900434,10.5,10.5,,,config/iwr6843_l3dump_wide_24f3ms_53bin_iq16.cfg,732812,,,/Users/john.pacino/openflight_sessions/session_20260824_120337_trackman.jsonl,/Users/john.pacino/openflight_sessions/terminal_logs/kiosk_20260824_120326.log,/Users/john.pacino/openflight_sessions/iwr6843/iwr6843_20260824_120958_896_012.l3dump,/Users/john.pacino/openflight_sessions/trackman/camera/camera_20260824_120958_896_012,/Users/john.pacino/openflight_sessions/trackman/camera/camera_20260824_120958_896_012/first.pgm;/Users/john.pacino/openflight_sessions/trackman/camera/camera_20260824_120958_896_012/frames.npz;/Users/john.pacino/openflight_sessions/trackman/camera/camera_20260824_120958_896_012/last.pgm;/Users/john.pacino/openflight_sessions/trackman/camera/camera_20260824_120958_896_012/metadata.json;/Users/john.pacino/openflight_sessions/trackman/camera/camera_20260824_120958_896_012/trigger.pgm,0.015977962643788146,2.723954574723024,0.32625042920241754,-12.305492708596766,-27.7,candidate_out_of_bounds,5.5,candidate_noisy_fit,,withheld,,withheld,rejected_no_impact,-5.3554927085967705,0.75,camera_assisted_high,,,,467.65542384851784,99,0,125.01093402777778,650,15.0,high_5.25in,5.25,0.133350,9Iron high block after 12:03 restart,92.25395055615236,accepted,18.300462088376683,four4_path_tdm,low,32,9,8.596486440191601,-0.7994128022474843,0.0015200061161627643,2.1335914104234703,0.35263285907523567,0.0,False,"{""early"": 10.040769297596214, ""late"": 10.730077850615071, ""middle"": 2.701436431514497}",-1.0387649027182941,-0.9772007989261984,0.00014384138384515577,0.8655566843942666,0.40580275664755083,0.18625583557101444,False,"{""early"": 5.0, ""late"": -1.6521848356055144, ""middle"": -1.9043215871125607}",18.489024742714314,-1.4060354216459006,0.002345088983991994,1.615882541365469,0.5790323735433915,1.9784151044003009,False,"{""early"": 25.0, ""late"": 16.873142201348845, ""middle"": 19.47912843757473}",18.300462088376683,-1.8574493395011018,0.003876240772841877,0.7249424123647792,0.09366781821665526,2.3208820864956725,False,"{""early"": 21.585759776364313, ""late"": 17.9407034880084, ""middle"": 17.575519676011904}"
matched,-632.208,44,2,17,08862338-ca9f-f111-9edb-83ad45319c98,012f2d2d-a751-4a3c-b1e6-5fc733c3e061,2026-08-24T16:10:24.926912+00:00,2026-08-24T12:10:24.926912-04:00,9Iron,Premium,110.33911954187536,81.52066929133849,21.017999999999997,-0.450999999999998,-1.707,3.563,-1.445,-5.009,5485.409999999992,-11.076,154.2910844061411,20260824_120337,13,2026-08-24T12:10:24.294704-04:00,9-iron,109.38124063729889,79.83123315234374,18.114223350938726,-0.6611957608659509,radar,0.95,0.75,4576.752052172351,10.5,10.5,,,config/iwr6843_l3dump_wide_24f3ms_53bin_iq16.cfg,732812,,,/Users/john.pacino/openflight_sessions/session_20260824_120337_trackman.jsonl,/Users/john.pacino/openflight_sessions/terminal_logs/kiosk_20260824_120326.log,/Users/john.pacino/openflight_sessions/iwr6843/iwr6843_20260824_121024_299_013.l3dump,/Users/john.pacino/openflight_sessions/trackman/camera/camera_20260824_121024_299_013,/Users/john.pacino/openflight_sessions/trackman/camera/camera_20260824_121024_299_013/first.pgm;/Users/john.pacino/openflight_sessions/trackman/camera/camera_20260824_121024_299_013/frames.npz;/Users/john.pacino/openflight_sessions/trackman/camera/camera_20260824_121024_299_013/last.pgm;/Users/john.pacino/openflight_sessions/trackman/camera/camera_20260824_121024_299_013/metadata.json;/Users/john.pacino/openflight_sessions/trackman/camera/camera_20260824_121024_299_013/trigger.pgm,-0.9578789045764751,-1.6894361389947505,-2.903776649061271,-0.21019576086595287,-17.1,candidate_available,12.9,rejected_phase_span,,withheld,,withheld,rejected_no_impact,-0.6611957608659509,0.75,camera_assisted_high,5.00704039576803,,,467.65096059324867,99,0,124.87278630050506,650,15.0,high_5.25in,5.25,0.133350,9Iron high block after 12:03 restart,106.71317900976564,accepted,21.461739686005103,reciprocal3_no_tdm,medium,29,8,17.13951130070258,-0.9386824480009868,0.005544845489828587,2.9229558685699466,0.5398381418070581,0.0,False,"{""early"": 11.0, ""late"": 20.062467169272526, ""middle"": 16.99501426766549}",16.69608265159174,-0.8779854657575232,0.004425208529649671,6.696082651591741,0.947562016783805,1.0245950318111081,False,"{""early"": 10.0, ""late"": 19.7557306869871, ""middle"": 10.0}",21.461739686005103,-1.6438267646067029,0.007465504545768331,0.5843592242047784,0.17663169564244718,1.2994616942068888,False,"{""early"": 22.58868517261712, ""late"": 20.993451227418362, ""middle"": 22.04609891020988}",16.732353471692196,-1.914882740179574,0.0018604994822903898,2.1872068304160663,0.5102100662114815,2.109047688995465,False,"{""early"": 16.620821494127263, ""late"": 18.919560302108263, ""middle"": 19.474324854421155}"
matched,-630.849,45,2,23,08862338-ca9f-f111-9edb-83ad45319c98,899df6cf-11cf-4baa-97ee-89beb3a5a1e5,2026-08-24T16:10:49.862147+00:00,2026-08-24T12:10:49.862147-04:00,9Iron,Premium,104.76467430207576,80.02863278453822,22.69499999999999,2.7510000000000003,,3.946,2.487,-1.459,6420.830000000004,-1.2189999999999988,140.73305526622,20260824_120337,14,2026-08-24T12:10:49.231298-04:00,9-iron,104.05627704086145,81.1549653347168,21.573925285802993,-2.821759764539081,radar,0.942,0.75,5324.900791663846,10.5,10.5,,,config/iwr6843_l3dump_wide_24f3ms_53bin_iq16.cfg,732812,,,/Users/john.pacino/openflight_sessions/session_20260824_120337_trackman.jsonl,/Users/john.pacino/openflight_sessions/terminal_logs/kiosk_20260824_120326.log,/Users/john.pacino/openflight_sessions/iwr6843/iwr6843_20260824_121049_233_014.l3dump,/Users/john.pacino/openflight_sessions/trackman/camera/camera_20260824_121049_233_014,/Users/john.pacino/openflight_sessions/trackman/camera/camera_20260824_121049_233_014/first.pgm;/Users/john.pacino/openflight_sessions/trackman/camera/camera_20260824_121049_233_014/frames.npz;/Users/john.pacino/openflight_sessions/trackman/camera/camera_20260824_121049_233_014/last.pgm;/Users/john.pacino/openflight_sessions/trackman/camera/camera_20260824_121049_233_014/metadata.json;/Users/john.pacino/openflight_sessions/trackman/camera/camera_20260824_121049_233_014/trigger.pgm,-0.7083972612143157,1.1263325501785886,-1.1210747141969968,-5.572759764539081,-20.8,candidate_available,17.8,candidate_noisy_fit,,withheld,,withheld,rejected_no_stable_clubhead,-2.821759764539081,0.75,camera_assisted_high,-0.7672917892770954,,,467.653192210234,99,0,124.0974420770202,650,15.0,high_5.25in,5.25,0.133350,9Iron high block after 12:03 restart,101.01094807031251,accepted,22.609139191928975,direct_only,high,25,7,22.609139191928975,-0.9255868892994339,0.002901029178461245,0.8330157889107532,0.21072439520601804,0.0,False,"{""early"": 16.0, ""late"": 23.295097865461322, ""middle"": 21.77612340301822}",22.498076767454585,-0.7680885041646699,0.006036705784506657,0.8689426969808913,0.2877421363358579,2.595546436626872,False,"{""early"": 16.0, ""late"": 23.367019464435476, ""middle"": 22.164377485530405}",20.232354955217424,-1.4713868950765898,0.004260411611370474,0.4381719970551252,0.18887243512184426,2.5658248424084293,False,"{""early"": 20.086528551361727, ""late"": 19.53935704971891, ""middle"": 19.7941829581623}",17.90272684477919,-1.366521198043177,0.0009249392605119588,0.4356882786112344,0.7163242542661123,1.8878802729994433,False,"{""early"": 18.026336304799653, ""late"": 14.474105988317282, ""middle"": 18.338415123390423}"
matched,-637.561,46,2,3,08862338-ca9f-f111-9edb-83ad45319c98,1a8441e9-2423-4aa1-970d-145b9f38989d,2026-08-24T16:11:17.116299+00:00,2026-08-24T12:11:17.116299-04:00,9Iron,Premium,105.39549033643513,77.06245526127408,21.487999999999992,-0.9819999999999994,,3.264,-1.829,-5.094,5731.909999999996,-7.392000000000003,144.80395356595142,20260824_120337,15,2026-08-24T12:11:16.478738-04:00,9-iron,105.11517349533095,78.60932652246093,21.019906569956444,-0.3776317400535021,radar,0.95,0.75,5221.325617610807,10.5,10.5,,,config/iwr6843_l3dump_wide_24f3ms_53bin_iq16.cfg,732812,,,/Users/john.pacino/openflight_sessions/session_20260824_120337_trackman.jsonl,/Users/john.pacino/openflight_sessions/terminal_logs/kiosk_20260824_120326.log,/Users/john.pacino/openflight_sessions/iwr6843/iwr6843_20260824_121116_485_015.l3dump,/Users/john.pacino/openflight_sessions/trackman/camera/camera_20260824_121116_485_015,/Users/john.pacino/openflight_sessions/trackman/camera/camera_20260824_121116_485_015/first.pgm;/Users/john.pacino/openflight_sessions/trackman/camera/camera_20260824_121116_485_015/frames.npz;/Users/john.pacino/openflight_sessions/trackman/camera/camera_20260824_121116_485_015/last.pgm;/Users/john.pacino/openflight_sessions/trackman/camera/camera_20260824_121116_485_015/metadata.json;/Users/john.pacino/openflight_sessions/trackman/camera/camera_20260824_121116_485_015/trigger.pgm,-0.280316841104181,1.5468712611868511,-0.46809343004354886,0.6043682599464973,-15.3,candidate_available,0.9,rejected_phase_span,,withheld,,withheld,rejected_no_impact,-0.3776317400535021,0.75,camera_assisted_high,5.437472718086241,,,467.64872899756153,99,0,124.75791035353535,650,15.0,high_5.25in,5.25,0.133350,9Iron high block after 12:03 restart,102.13102914770509,accepted,21.167991856797293,direct_only,high,28,8,21.167991856797293,-1.1409905442088366,0.008164263458882992,0.9575893598843876,0.2262992962982011,0.0,False,"{""early"": 15.0, ""late"": 21.39992825525387, ""middle"": 20.210402496912906}",20.618901795354166,-1.1678880335100754,0.008716051576262318,0.6823729648801944,0.20916633387948202,1.401330909843942,False,"{""early"": 14.0, ""late"": 21.13523981857434, ""middle"": 19.93652883047397}",23.00877373797901,-1.8737067790722588,0.006237600089423756,3.4934610716652124,1.7229713854945015,1.4403744309034934,False,"{""early"": 18.064537350255716, ""late"": 22.423184366572194, ""middle"": 19.515312666313797}",19.687229816536494,-2.0169230504028057,0.0036451302268383223,1.4344324710871312,0.6714221130006042,1.6363883810669182,False,"{""early"": 18.06866926922533, ""late"": 21.07304648890067, ""middle"": 18.252797345449363}"
matched,-636.521,47,2,34,08862338-ca9f-f111-9edb-83ad45319c98,448ba43b-d103-46dc-bed4-c4a4f00c3ab9,2026-08-24T16:11:45.425690+00:00,2026-08-24T12:11:45.425690-04:00,9Iron,Premium,106.22986757337141,78.2726377952755,22.95899999999999,2.4620000000000015,,3.918,2.174,-1.744,5664.919999999998,-3.947,146.16961764040667,20260824_120337,16,2026-08-24T12:11:44.789169-04:00,9-iron,105.86917490356923,96.73427486572267,23.523212403923356,-2.6021067801726474,radar,0.95,0.75,5977.827515729499,10.5,10.5,,,config/iwr6843_l3dump_wide_24f3ms_53bin_iq16.cfg,732812,,,/Users/john.pacino/openflight_sessions/session_20260824_120337_trackman.jsonl,/Users/john.pacino/openflight_sessions/terminal_logs/kiosk_20260824_120326.log,/Users/john.pacino/openflight_sessions/iwr6843/iwr6843_20260824_121144_793_016.l3dump,/Users/john.pacino/openflight_sessions/trackman/camera/camera_20260824_121144_793_016,/Users/john.pacino/openflight_sessions/trackman/camera/camera_20260824_121144_793_016/first.pgm;/Users/john.pacino/openflight_sessions/trackman/camera/camera_20260824_121144_793_016/frames.npz;/Users/john.pacino/openflight_sessions/trackman/camera/camera_20260824_121144_793_016/last.pgm;/Users/john.pacino/openflight_sessions/trackman/camera/camera_20260824_121144_793_016/metadata.json;/Users/john.pacino/openflight_sessions/trackman/camera/camera_20260824_121144_793_016/trigger.pgm,-0.3606926698021766,18.461637070447168,0.5642124039233671,-5.064106780172649,-20.9,candidate_available,-26.2,rejected_phase_span,,withheld,,withheld,rejected_no_impact,-2.6021067801726474,0.75,camera_assisted_high,0.4839348936126555,,,467.63980282778925,99,0,124.32680176767677,650,15.0,high_5.25in,5.25,0.133350,9Iron high block after 12:03 restart,102.64015691015626,accepted,22.223057510915282,direct_only,medium,30,10,22.223057510915282,-1.393818307236343,0.01075624701325495,1.6811043043072331,0.09950599916112246,0.0,False,"{""early"": 25.305365516899716, ""middle"": 22.502958113545315}",22.491620789037732,-1.3004049463073635,0.009431057827768319,2.1345722105574687,0.16636284833260184,1.3623509182016493,False,"{""early"": 19.66768103906401, ""middle"": 23.936825460178948}",21.153512607951335,-1.6450256256920603,0.0037351196262789266,1.3080713461459705,0.3157886761858606,1.6787033453296585,False,"{""early"": 23.611811308091117, ""middle"": 21.311356600103494}",22.481483859836153,-1.574549363577607,0.002929452678408273,1.8720147098528095,0.20739463711601225,1.734337095316386,False,"{""early"": 24.176280092432492, ""middle"": 24.530717046945433}"
matched,-635.9970000000001,48,1,9,08862338-ca9f-f111-9edb-83ad45319c98,375eacc2-2307-45e5-a81e-46bcc596c9f1,2026-08-24T16:12:27.261006+00:00,2026-08-24T12:12:27.261006-04:00,5Iron,Premium,111.5425912670006,,12.645999999999962,-0.42699999999998883,,3.617,-0.992,-4.61,2580.509999999993,-15.748,153.79979655452615,20260824_120337,17,2026-08-24T12:12:26.625009-04:00,5-iron,111.2572849182322,86.85719627416994,11.139704252265918,-0.7598982115706008,radar,0.95,0.75,2630.214223965247,10.5,10.5,,,config/iwr6843_l3dump_wide_24f3ms_53bin_iq16.cfg,732812,,,/Users/john.pacino/openflight_sessions/session_20260824_120337_trackman.jsonl,/Users/john.pacino/openflight_sessions/terminal_logs/kiosk_20260824_120326.log,/Users/john.pacino/openflight_sessions/iwr6843/iwr6843_20260824_121226_625_017.l3dump,/Users/john.pacino/openflight_sessions/trackman/camera/camera_20260824_121226_625_017,/Users/john.pacino/openflight_sessions/trackman/camera/camera_20260824_121226_625_017/first.pgm;/Users/john.pacino/openflight_sessions/trackman/camera/camera_20260824_121226_625_017/frames.npz;/Users/john.pacino/openflight_sessions/trackman/camera/camera_20260824_121226_625_017/last.pgm;/Users/john.pacino/openflight_sessions/trackman/camera/camera_20260824_121226_625_017/metadata.json;/Users/john.pacino/openflight_sessions/trackman/camera/camera_20260824_121226_625_017/trigger.pgm,-0.2853063487684011,,-1.5062957477340433,-0.33289821157061195,-14.3,candidate_noisy_fit,5.2,rejected_phase_span,,withheld,,withheld,rejected_no_impact,-0.7598982115706008,0.75,camera_assisted_high,-0.8009694312787019,,,467.6375713385887,99,0,123.50180555555555,650,15.0,high_5.25in,5.25,0.133350,5Iron high block after 12:03 restart,109.36064337451172,accepted,9.876506632594095,direct_only,high,27,8,9.876506632594095,-1.6214438624002976,0.009758259491411403,0.7730756996407457,0.11508204455870885,0.0,False,"{""early"": 11.391654238652757, ""middle"": 9.845502839371266}",8.008402393398724,-1.6364032491128322,0.0030523102079897946,1.2772775497242543,0.22706907198907356,1.3076462117254748,False,"{""early"": 9.805675650462636, ""middle"": 7.251120551014127}",13.289763808882132,-1.3686273253827408,0.0010830973768711782,5.972167713678621,1.6478192695408547,1.7157864417326014,False,"{""early"": 19.495525779981136, ""middle"": 7.5511903526238955}",11.913532047459304,-1.7816299160611853,0.0009271454345387564,2.2321180903557387,0.9290956080405035,1.491764201674051,False,"{""early"": 15.473991931131485, ""middle"": 12.817308344498601}"
matched,-632.755,49,1,28,08862338-ca9f-f111-9edb-83ad45319c98,bca87af7-6989-46d5-b4e3-fdf5fa27b3af,2026-08-24T16:12:51.436969+00:00,2026-08-24T12:12:51.436969-04:00,5Iron,Premium,126.66204366499625,87.38815318539719,12.951000000000041,0.4929999999999948,-6.937,1.578,0.329,-1.249,3596.070000000004,-7.735000000000002,192.61944551289568,20260824_120337,18,2026-08-24T12:12:50.804214-04:00,5-iron,125.86244434651726,89.7083117438965,10.764124690389668,-1.4113305245342644,radar,0.95,0.75,2856.9529996416904,10.5,10.5,,,config/iwr6843_l3dump_wide_24f3ms_53bin_iq16.cfg,732812,,,/Users/john.pacino/openflight_sessions/session_20260824_120337_trackman.jsonl,/Users/john.pacino/openflight_sessions/terminal_logs/kiosk_20260824_120326.log,/Users/john.pacino/openflight_sessions/iwr6843/iwr6843_20260824_121250_800_018.l3dump,/Users/john.pacino/openflight_sessions/trackman/camera/camera_20260824_121250_800_018,/Users/john.pacino/openflight_sessions/trackman/camera/camera_20260824_121250_800_018/first.pgm;/Users/john.pacino/openflight_sessions/trackman/camera/camera_20260824_121250_800_018/frames.npz;/Users/john.pacino/openflight_sessions/trackman/camera/camera_20260824_121250_800_018/last.pgm;/Users/john.pacino/openflight_sessions/trackman/camera/camera_20260824_121250_800_018/metadata.json;/Users/john.pacino/openflight_sessions/trackman/camera/camera_20260824_121250_800_018/trigger.pgm,-0.7995993184789825,2.3201585584993154,-2.1868753096103735,-1.9043305245342592,-15.6,candidate_noisy_fit,-12.7,candidate_noisy_fit,,withheld,,withheld,rejected_no_impact,-1.4113305245342644,0.75,camera_assisted_high,,,,467.6420343382865,99,0,122.19813462752525,650,15.0,high_5.25in,5.25,0.133350,5Iron high block after 12:03 restart,124.02352293310548,accepted,8.007168354892439,direct_only,high,26,7,8.007168354892439,-1.3763131864325682,0.0066033198061377085,0.6023312056281949,0.15887104377838668,0.0,False,"{""early"": 7.044466049317374, ""late"": 8.609499560520634, ""middle"": 8.378029284565276}",7.105534325099363,-1.4156499080713927,0.0039008446047870127,0.22454069741447835,0.30531087001375123,1.3917984138364996,False,"{""early"": 7.641342867570614, ""late"": 6.880993627684885, ""middle"": 7.077158047105867}",12.039662921615882,-1.1452237978070878,0.004789941656968999,0.4964503508409521,0.18369430935568154,2.199345599807044,False,"{""early"": 13.23135325169827, ""late"": 11.580441035417532, ""middle"": 11.54321257077493}",11.471250700085568,-1.5208876589090041,0.0005640323786968438,1.7083695470696867,0.8195484756809019,2.1205090295699445,False,"{""early"": 18.0, ""late"": 9.762881153015881, ""middle"": 10.13317021880679}"
matched,-641.908,50,1,6,08862338-ca9f-f111-9edb-83ad45319c98,49d91029-18d3-4a1d-a563-2631e540b781,2026-08-24T16:13:18.136564+00:00,2026-08-24T12:13:18.136564-04:00,5Iron,Premium,124.0671975662132,86.29205440229053,14.73399999999999,1.9100000000000017,-5.957,0.94,2.052,1.112,3516.599999999994,-3.4499999999999997,190.49530592114164,20260824_120337,19,2026-08-24T12:13:17.494656-04:00,5-iron,123.4084514670623,89.81013729638673,13.415130392861077,-2.2020469993687044,radar,0.898,0.45,3634.0437092541074,10.5,10.5,,,config/iwr6843_l3dump_wide_24f3ms_53bin_iq16.cfg,732812,,,/Users/john.pacino/openflight_sessions/session_20260824_120337_trackman.jsonl,/Users/john.pacino/openflight_sessions/terminal_logs/kiosk_20260824_120326.log,/Users/john.pacino/openflight_sessions/iwr6843/iwr6843_20260824_121317_498_019.l3dump,/Users/john.pacino/openflight_sessions/trackman/camera/camera_20260824_121317_498_019,/Users/john.pacino/openflight_sessions/trackman/camera/camera_20260824_121317_498_019/first.pgm;/Users/john.pacino/openflight_sessions/trackman/camera/camera_20260824_121317_498_019/frames.npz;/Users/john.pacino/openflight_sessions/trackman/camera/camera_20260824_121317_498_019/last.pgm;/Users/john.pacino/openflight_sessions/trackman/camera/camera_20260824_121317_498_019/metadata.json;/Users/john.pacino/openflight_sessions/trackman/camera/camera_20260824_121317_498_019/trigger.pgm,-0.6587460991508891,3.518082894096196,-1.3188696071389128,-4.112046999368706,-9.4,candidate_noisy_fit,8.3,rejected_phase_span,,withheld,,withheld,rejected_no_impact,-2.2020469993687044,0.45,camera_assisted_experimental_agreement,-1.9222331112195548,,,467.6286455947473,99,0,122.60603851010102,650,15.0,high_5.25in,5.25,0.133350,5Iron high block after 12:03 restart,121.27423301586916,accepted,9.094158678388167,direct_only,high,20,5,9.094158678388167,-1.4255105860330883,0.00793971901525481,0.058564543299832295,0.16449354481213163,0.0,False,"{""early"": 9.079465515089247, ""middle"": 9.196594601688911}",8.542399947131308,-1.4974000254134945,0.0022730186340704783,0.32231816265951974,0.34096140821381127,1.473100847802459,False,"{""early"": 9.169117573435532, ""middle"": 8.560318646146124}",19.56028713069193,-1.4283094446402547,0.0012711055474774469,2.508666271498564,2.156460545285899,0.9168595396837697,False,"{""early"": 22.421159128403158, ""middle"": 17.40382658540603}",15.54251909621397,-1.7177899221534378,0.004177162093696785,0.5418873106706252,0.376372462930016,2.243877489933128,False,"{""early"": 15.827930172275096, ""middle"": 14.744155550933845}"
matched,-640.057,51,1,2,08862338-ca9f-f111-9edb-83ad45319c98,91e8f380-03e5-4b81-b4aa-0d412df3711d,2026-08-24T16:13:50.722168+00:00,2026-08-24T12:13:50.722168-04:00,5Iron,Premium,116.89110594130267,,13.445999999999975,-0.4239999999999997,,0.184,-0.508,-0.692,3024.8399999999956,-0.9330000000000004,173.59180795047445,20260824_120337,20,2026-08-24T12:13:50.082111-04:00,5-iron,116.00388530185178,90.6247417163086,6.6399755143369,-0.6406571318359511,radar,0.889,0.75,1481.1771449569203,10.5,10.5,,,config/iwr6843_l3dump_wide_24f3ms_53bin_iq16.cfg,732812,,,/Users/john.pacino/openflight_sessions/session_20260824_120337_trackman.jsonl,/Users/john.pacino/openflight_sessions/terminal_logs/kiosk_20260824_120326.log,/Users/john.pacino/openflight_sessions/iwr6843/iwr6843_20260824_121350_078_020.l3dump,/Users/john.pacino/openflight_sessions/trackman/camera/camera_20260824_121350_078_020,/Users/john.pacino/openflight_sessions/trackman/camera/camera_20260824_121350_078_020/first.pgm;/Users/john.pacino/openflight_sessions/trackman/camera/camera_20260824_121350_078_020/frames.npz;/Users/john.pacino/openflight_sessions/trackman/camera/camera_20260824_121350_078_020/last.pgm;/Users/john.pacino/openflight_sessions/trackman/camera/camera_20260824_121350_078_020/metadata.json;/Users/john.pacino/openflight_sessions/trackman/camera/camera_20260824_121350_078_020/trigger.pgm,-0.8872206394508879,,-6.806024485663075,-0.21665713183595137,-5.7,candidate_noisy_fit,14.5,rejected_phase_span,,withheld,,withheld,rejected_no_impact,-0.6406571318359511,0.75,camera_assisted_high,,,,467.6375713385887,99,0,124.50875741792929,650,15.0,high_5.25in,5.25,0.133350,5Iron high block after 12:03 restart,114.65557210400392,accepted,8.386354538990753,direct_only,medium,28,7,8.386354538990753,-1.5335410161568395,0.004981819298512713,1.2783205255625454,0.31651833093937576,0.0,False,"{""early"": 7.108034013428208, ""late"": 9.754336259027879, ""middle"": 8.82469483226479}",8.046696629562891,-1.584983830226396,0.0017759769575633744,1.511419897381824,0.4589720532534596,1.7850849995692029,False,"{""early"": 3.7772926974085665, ""late"": 9.558116526944715, ""middle"": 8.549313794688981}",14.738600366461238,-1.4392216557398485,0.0007333779137876917,0.3709792483099381,0.4252150307146625,1.8281352025262148,False,"{""early"": 14.3676211181513, ""late"": 14.904325525825605, ""middle"": 10.78858507631241}",3.1436485485421946,-1.6585420602380936,7.235958001095e-05,4.829050870903026,3.7526925065265386,1.4755383470212988,False,"{""early"": 7.350635422928691, ""late"": -2.357122577638663, ""middle"": -1.6854023223608312}"
matched,-648.907,52,1,25,08862338-ca9f-f111-9edb-83ad45319c98,fe817832-af83-46d1-aade-f2c3f686b01d,2026-08-24T16:14:26.630740+00:00,2026-08-24T12:14:26.630740-04:00,5Iron,Premium,115.66526485325686,,14.641999999999975,1.1320000000000003,,0.286,1.246,0.96,2825.9999999999995,-0.9649999999999981,173.7048664585654,20260824_120337,21,2026-08-24T12:14:25.981833-04:00,5-iron,115.23374069531977,90.6247417163086,14.882160922470895,-1.7738873991971076,radar,0.95,0.75,3833.6047701196326,10.5,10.5,,,config/iwr6843_l3dump_wide_24f3ms_53bin_iq16.cfg,732812,,,/Users/john.pacino/openflight_sessions/session_20260824_120337_trackman.jsonl,/Users/john.pacino/openflight_sessions/terminal_logs/kiosk_20260824_120326.log,/Users/john.pacino/openflight_sessions/iwr6843/iwr6843_20260824_121425_990_021.l3dump,/Users/john.pacino/openflight_sessions/trackman/camera/camera_20260824_121425_990_021,/Users/john.pacino/openflight_sessions/trackman/camera/camera_20260824_121425_990_021/first.pgm;/Users/john.pacino/openflight_sessions/trackman/camera/camera_20260824_121425_990_021/frames.npz;/Users/john.pacino/openflight_sessions/trackman/camera/camera_20260824_121425_990_021/last.pgm;/Users/john.pacino/openflight_sessions/trackman/camera/camera_20260824_121425_990_021/metadata.json;/Users/john.pacino/openflight_sessions/trackman/camera/camera_20260824_121425_990_021/trigger.pgm,-0.43152415793709054,,0.24016092247092047,-2.905887399197108,-10.5,candidate_noisy_fit,-7.5,candidate_noisy_fit,,withheld,,withheld,rejected_no_impact,-1.7738873991971076,0.75,camera_assisted_high,-2.5781233957783343,,,467.6331084240764,99,0,122.11792234848485,650,15.0,high_5.25in,5.25,0.133350,5Iron high block after 12:03 restart,112.92453771166993,accepted,11.747345657293593,two8,medium,26,7,12.571317282425024,-1.4755074318159547,0.005843391196733716,0.7613987836841396,0.08816915794461977,0.0,False,"{""early"": 11.742405302033093, ""late"": 12.824179018005161, ""middle"": 11.809918498740885}",11.747345657293593,-1.5516197842665076,0.004696939593937799,0.15435528250662323,0.13413700686937702,1.3199816869268466,False,"{""early"": 11.901700939800216, ""late"": 11.659603944732442, ""middle"": 10.270525014011685}",13.921676115452492,-1.45886647226201,0.0012817447528850057,4.1664139348481335,1.1387702675518518,1.6842420502927997,False,"{""early"": 20.0, ""late"": 15.632328308495266, ""middle"": 18.088090050300625}",15.237006003119896,-1.715112890959838,0.0010685613263621274,0.7187468440431637,0.41069256551577205,1.6328266479427982,False,"{""early"": 16.25704802264702, ""late"": 14.905624351955213, ""middle"": 15.95575284716306}"
matched,-647.4839999999999,53,1,22,08862338-ca9f-f111-9edb-83ad45319c98,6e0fb7d4-28ea-4818-90ba-e2a8f86aeca7,2026-08-24T16:14:52.889167+00:00,2026-08-24T12:14:52.889167-04:00,5Iron,Premium,116.60701503221176,,15.292999999999994,0.32,,-1.25,0.587,1.838,3740.0800000000013,0.9560000000000001,173.89540838220043,20260824_120337,22,2026-08-24T12:14:52.241683-04:00,5-iron,115.38144748215531,90.21743950634767,9.864332062261926,-1.242048975028851,radar,0.95,0.75,2361.249336020316,10.5,10.5,,,config/iwr6843_l3dump_wide_24f3ms_53bin_iq16.cfg,732812,,,/Users/john.pacino/openflight_sessions/session_20260824_120337_trackman.jsonl,/Users/john.pacino/openflight_sessions/terminal_logs/kiosk_20260824_120326.log,/Users/john.pacino/openflight_sessions/iwr6843/iwr6843_20260824_121452_248_022.l3dump,/Users/john.pacino/openflight_sessions/trackman/camera/camera_20260824_121452_248_022,/Users/john.pacino/openflight_sessions/trackman/camera/camera_20260824_121452_248_022/first.pgm;/Users/john.pacino/openflight_sessions/trackman/camera/camera_20260824_121452_248_022/frames.npz;/Users/john.pacino/openflight_sessions/trackman/camera/camera_20260824_121452_248_022/last.pgm;/Users/john.pacino/openflight_sessions/trackman/camera/camera_20260824_121452_248_022/metadata.json;/Users/john.pacino/openflight_sessions/trackman/camera/camera_20260824_121452_248_022/trigger.pgm,-1.2255675500564536,,-5.4286679377380676,-1.562048975028851,-12.7,candidate_noisy_fit,7.3,rejected_phase_span,,withheld,,withheld,rejected_no_impact,-1.242048975028851,0.75,camera_assisted_high,1.2057397443761033,,,467.6353398706845,99,0,122.11489867424243,650,15.0,high_5.25in,5.25,0.133350,5Iron high block after 12:03 restart,113.63731657910158,accepted,11.050818036677331,direct_only,high,22,6,11.050818036677331,-1.431666054605481,0.004973266050418923,0.2961470465838172,0.33969360480469746,0.0,False,"{""early"": 11.166013320584554, ""late"": 11.346965083261148, ""middle"": 10.75386601117996}",8.065288600876915,-1.482096353251059,0.001678116970723842,1.3822352388469916,0.5918158378858074,1.644319911402455,False,"{""early"": 9.447523839723907, ""late"": 7.306831390447644, ""middle"": 6.6630014964860695}",12.703467040473523,-1.3326290651268702,0.0005653828449525555,0.762833420843485,1.2110380798806943,2.0818260171095853,False,"{""early"": 13.960321040883521, ""late"": 11.978633099331692, ""middle"": 11.940633619630038}",6.25107227520856,-1.6289441227452033,0.000636733465284367,1.809088042556124,1.4043828260653726,1.9890015430311518,False,"{""early"": 7.453654702229889, ""late"": 4.441984232652436, ""middle"": 0.0}"
matched,-641.895,54,1,5,08862338-ca9f-f111-9edb-83ad45319c98,77edabf2-da1d-435f-a7fe-258136ffb555,2026-08-24T16:15:19.475198+00:00,2026-08-24T12:15:19.475198-04:00,5Iron,Premium,123.97548317823892,87.03248031496052,12.148999999999976,-1.4599999999999966,,1.087,-1.793,-2.88,3176.4900000000002,-8.632,186.1072799846809,20260824_120337,23,2026-08-24T12:15:18.833303-04:00,5-iron,123.44952292086711,92.6612527661133,12.853624806075109,-4.70557378382183,radar,0.89,0.903,3456.5525731678667,10.5,10.5,,,config/iwr6843_l3dump_wide_24f3ms_53bin_iq16.cfg,732812,,,/Users/john.pacino/openflight_sessions/session_20260824_120337_trackman.jsonl,/Users/john.pacino/openflight_sessions/terminal_logs/kiosk_20260824_120326.log,/Users/john.pacino/openflight_sessions/iwr6843/iwr6843_20260824_121518_833_023.l3dump,/Users/john.pacino/openflight_sessions/trackman/camera/camera_20260824_121518_833_023,/Users/john.pacino/openflight_sessions/trackman/camera/camera_20260824_121518_833_023/first.pgm;/Users/john.pacino/openflight_sessions/trackman/camera/camera_20260824_121518_833_023/frames.npz;/Users/john.pacino/openflight_sessions/trackman/camera/camera_20260824_121518_833_023/last.pgm;/Users/john.pacino/openflight_sessions/trackman/camera/camera_20260824_121518_833_023/metadata.json;/Users/john.pacino/openflight_sessions/trackman/camera/camera_20260824_121518_833_023/trigger.pgm,-0.525960257371807,5.62877245115277,0.7046248060751328,-3.2455737838218335,-3.4,candidate_available,-17.3,rejected_azimuth_fit,,withheld,,withheld,rejected_no_impact,,,camera_withheld_fallback_iwr:rejected_unstable_consensus,,,,467.6308769987641,99,0,122.64110132575757,650,15.0,high_5.25in,5.25,0.133350,5Iron high block after 12:03 restart,121.37605856835938,accepted,9.813457016102074,direct_only,low,24,9,9.813457016102074,-1.6594533056962826,0.01051591663068141,inf,0.18008551966761566,0.0,False,{},8.050144709249286,-1.6895387699182374,0.00388803618007616,inf,0.17331542094760266,1.583149099856505,False,{},14.849609313073643,-1.4268634356755576,0.001551209004483578,inf,0.8724633912456206,1.7556206387015751,False,{},13.225247469855503,-1.8359735534407204,0.0010598990907795258,inf,1.2041115574738086,1.64108991436744,False,{}
matched,-649.854,55,1,4,08862338-ca9f-f111-9edb-83ad45319c98,b35ebef0-0496-4f61-a1d8-212e79748c60,2026-08-24T16:15:44.150847+00:00,2026-08-24T12:15:44.150847-04:00,5Iron,Premium,112.04813886900487,,13.886999999999997,-2.4209999999999985,,-0.567,-2.615,-2.048,2363.52,-9.375999999999998,160.02528952469342,20260824_120337,24,2026-08-24T12:15:43.500993-04:00,5-iron,111.88486324824166,91.03204392626954,13.067759843764819,0.5487449218146594,radar,0.95,0.75,3194.393031037749,10.5,10.5,,,config/iwr6843_l3dump_wide_24f3ms_53bin_iq16.cfg,732812,,,/Users/john.pacino/openflight_sessions/session_20260824_120337_trackman.jsonl,/Users/john.pacino/openflight_sessions/terminal_logs/kiosk_20260824_120326.log,/Users/john.pacino/openflight_sessions/iwr6843/iwr6843_20260824_121543_505_024.l3dump,/Users/john.pacino/openflight_sessions/trackman/camera/camera_20260824_121543_505_024,/Users/john.pacino/openflight_sessions/trackman/camera/camera_20260824_121543_505_024/first.pgm;/Users/john.pacino/openflight_sessions/trackman/camera/camera_20260824_121543_505_024/frames.npz;/Users/john.pacino/openflight_sessions/trackman/camera/camera_20260824_121543_505_024/last.pgm;/Users/john.pacino/openflight_sessions/trackman/camera/camera_20260824_121543_505_024/metadata.json;/Users/john.pacino/openflight_sessions/trackman/camera/camera_20260824_121543_505_024/trigger.pgm,-0.16327562076321556,,-0.8192401562351783,2.969744921814658,-12.6,candidate_noisy_fit,5.3,rejected_phase_span,,withheld,,withheld,rejected_no_impact,0.5487449218146594,0.75,camera_assisted_high,5.573367334297046,,,467.6264142120256,99,0,123.30040972222223,650,15.0,high_5.25in,5.25,0.133350,5Iron high block after 12:03 restart,109.76794558447267,accepted,10.889740269607035,direct_only,low,33,10,10.889740269607035,-1.6262636589201702,0.010286135328252621,2.1629587251781954,0.12338804911765688,0.0,False,"{""early"": 8.185169659740273, ""middle"": 9.268393429117406}",9.763909810080303,-1.624093911762218,0.005589300272218267,1.932356403701641,0.307809514977615,1.8382393196424753,False,"{""early"": 8.185988814007146, ""middle"": 7.477117998750178}",13.456634401753915,-1.5999890973158069,0.0012444882030342441,5.006988590852492,0.6730143198245822,2.6171153037218957,False,"{""early"": 18.953152642254988, ""middle"": 17.974093342957826}",13.880547827787135,-1.7032970674476882,0.00533255453833581,2.0960416077482327,0.248270619166008,1.976863901561384,False,"{""early"": 17.86201930727995, ""middle"": 14.091159563790784}"
matched,-647.257,56,1,10,08862338-ca9f-f111-9edb-83ad45319c98,c7f3efce-7015-48c0-854a-4eaa01845c25,2026-08-24T16:16:11.450140+00:00,2026-08-24T12:16:11.450140-04:00,5Iron,Premium,112.35459914101634,86.09520400858973,0.669999999999999,5.101000000000001,-7.666,0.998,8.17,7.172,7730.219999999997,71.7,12.394791867550865,20260824_120337,25,2026-08-24T12:16:10.802883-04:00,5-iron,113.08496241588489,89.4028350864258,-1.6404306934527977,,radar,0.95,,3735.3515625,10.5,10.5,,,config/iwr6843_l3dump_wide_24f3ms_53bin_iq16.cfg,732812,,,/Users/john.pacino/openflight_sessions/session_20260824_120337_trackman.jsonl,/Users/john.pacino/openflight_sessions/terminal_logs/kiosk_20260824_120326.log,/Users/john.pacino/openflight_sessions/iwr6843/iwr6843_20260824_121610_806_025.l3dump,/Users/john.pacino/openflight_sessions/trackman/camera/camera_20260824_121610_806_025,/Users/john.pacino/openflight_sessions/trackman/camera/camera_20260824_121610_806_025/first.pgm;/Users/john.pacino/openflight_sessions/trackman/camera/camera_20260824_121610_806_025/frames.npz;/Users/john.pacino/openflight_sessions/trackman/camera/camera_20260824_121610_806_025/last.pgm;/Users/john.pacino/openflight_sessions/trackman/camera/camera_20260824_121610_806_025/metadata.json;/Users/john.pacino/openflight_sessions/trackman/camera/camera_20260824_121610_806_025/trigger.pgm,0.7303632748685516,3.3076310778360636,-2.3104306934527967,,-10.3,candidate_available,-5.1,candidate_noisy_fit,,withheld,,withheld,rejected_no_impact,,,camera_withheld_fallback_iwr:rejected_no_stable_path,,,,467.6286455947473,99,0,123.11846985479798,650,15.0,high_5.25in,5.25,0.133350,5Iron high block after 12:03 restart,112.92453771166993,accepted,-1.6317541767892259,four4_path_tdm,high,43,12,-3.031736441171245,-1.6549706493221823,0.013605941661247956,0.9944034160013397,0.13330422194096858,0.0,False,"{""early"": -5.0, ""middle"": -3.0111931679973205}",-1.5197435777180817,-2.2444433848652747,0.0011201105074585271,0.6712995131749347,0.04757064646230191,0.12491342137590143,False,"{""early"": -2.714124203112826, ""middle"": -1.3715251767629566}",-5.0,-2.0082938933894283,,4.868249239044042,0.0,1.2612679647853804,True,"{""early"": 1.0, ""middle"": -1.2635015219119152}",-1.6317541767892259,-1.9876284774402535,0.00019700078390338938,0.11955057688544846,0.10649194805415607,0.13132159505680663,False,"{""early"": -1.5897240757132072, ""middle"": -1.4346831240943476}"
matched,-644.498,57,1,13,08862338-ca9f-f111-9edb-83ad45319c98,3f6661a9-0599-4b6d-b614-62a1b9f1bde5,2026-08-24T16:16:35.514295+00:00,2026-08-24T12:16:35.514295-04:00,5Iron,Premium,124.74722619899771,85.54939155332846,16.00899999999998,3.095000000000001,-6.884,1.607,3.296,1.69,3569.5899999999974,-0.6119999999999979,192.99662176597033,20260824_120337,26,2026-08-24T12:16:34.869797-04:00,5-iron,124.11144467234416,88.99553287646485,15.269371864031381,-3.0236464903130127,radar,0.889,0.75,4255.154926043043,10.5,10.5,,,config/iwr6843_l3dump_wide_24f3ms_53bin_iq16.cfg,732812,,,/Users/john.pacino/openflight_sessions/session_20260824_120337_trackman.jsonl,/Users/john.pacino/openflight_sessions/terminal_logs/kiosk_20260824_120326.log,/Users/john.pacino/openflight_sessions/iwr6843/iwr6843_20260824_121634_869_026.l3dump,/Users/john.pacino/openflight_sessions/trackman/camera/camera_20260824_121634_869_026,/Users/john.pacino/openflight_sessions/trackman/camera/camera_20260824_121634_869_026/first.pgm;/Users/john.pacino/openflight_sessions/trackman/camera/camera_20260824_121634_869_026/frames.npz;/Users/john.pacino/openflight_sessions/trackman/camera/camera_20260824_121634_869_026/last.pgm;/Users/john.pacino/openflight_sessions/trackman/camera/camera_20260824_121634_869_026/metadata.json;/Users/john.pacino/openflight_sessions/trackman/camera/camera_20260824_121634_869_026/trigger.pgm,-0.6357815266535454,3.4461413231363878,-0.7396281359685979,-6.118646490313013,-13.4,candidate_available,2.1,candidate_noisy_fit,,withheld,,withheld,rejected_no_stable_clubhead,-3.0236464903130127,0.75,camera_assisted_high,,,,467.6308769987641,99,0,122.92567487373738,650,15.0,high_5.25in,5.25,0.133350,5Iron high block after 12:03 restart,121.78336077832033,accepted,10.118842901313213,two8,medium,18,5,11.569034468200215,-1.1587275842884788,0.008174361266486851,1.5116425276457877,1.0364741200085188,0.0,False,"{""early"": 10.532560348191696, ""middle"": 13.555845403483271}",10.118842901313213,-1.3749046282298858,0.0013203697289601024,1.0322296880080364,0.9895769648395802,1.348557798116988,False,"{""early"": 9.04396049013672, ""middle"": 9.129265936473633}",20.76262393077968,-1.4488071079643958,0.001915341805237114,1.312408702031787,0.751917006712663,1.8832560878663194,False,"{""early"": 22.562457647842162, ""middle"": 19.93764024377859}",18.139152640895457,-1.6185629206314183,0.0011000510848238054,2.4607978877140555,0.7128037242835958,2.1872912287351007,False,"{""early"": 19.654735460637546, ""middle"": 14.733139685209435}"
matched,-640.357,58,1,14,08862338-ca9f-f111-9edb-83ad45319c98,0ea14b4e-beab-4ca2-a1ea-770b1ddd405d,2026-08-24T16:17:01.267797+00:00,2026-08-24T12:17:01.267797-04:00,5Iron,Premium,124.74946313528979,84.45776664280592,12.701999999999998,0.14200000000000015,-7.543,2.864,-0.197,-3.06,3008.1700000000033,-9.424,189.43843085774722,20260824_120337,27,2026-08-24T12:17:00.627440-04:00,5-iron,123.6336680047906,89.7083117438965,9.069779514363066,-1.0826581435216411,radar,0.95,0.75,2289.687704837763,10.5,10.5,,,config/iwr6843_l3dump_wide_24f3ms_53bin_iq16.cfg,732812,,,/Users/john.pacino/openflight_sessions/session_20260824_120337_trackman.jsonl,/Users/john.pacino/openflight_sessions/terminal_logs/kiosk_20260824_120326.log,/Users/john.pacino/openflight_sessions/iwr6843/iwr6843_20260824_121700_622_027.l3dump,/Users/john.pacino/openflight_sessions/trackman/camera/camera_20260824_121700_622_027,/Users/john.pacino/openflight_sessions/trackman/camera/camera_20260824_121700_622_027/first.pgm;/Users/john.pacino/openflight_sessions/trackman/camera/camera_20260824_121700_622_027/frames.npz;/Users/john.pacino/openflight_sessions/trackman/camera/camera_20260824_121700_622_027/last.pgm;/Users/john.pacino/openflight_sessions/trackman/camera/camera_20260824_121700_622_027/metadata.json;/Users/john.pacino/openflight_sessions/trackman/camera/camera_20260824_121700_622_027/trigger.pgm,-1.115795130499194,5.25054510109058,-3.632220485636932,-1.2246581435216413,-11.1,candidate_noisy_fit,15.0,rejected_phase_span,,withheld,,withheld,rejected_no_impact,-1.0826581435216411,0.75,camera_assisted_high,,,,467.6308769987641,99,0,121.09452509469698,650,15.0,high_5.25in,5.25,0.133350,5Iron high block after 12:03 restart,121.9870118833008,accepted,8.197559270591697,direct_only,high,22,6,8.197559270591697,-1.6815057379309692,0.009959580412209679,0.20091248902038306,0.29473553095614413,0.0,False,"{""early"": 8.33046624435091, ""late"": 7.996646781571314, ""middle"": 7.850460148973687}",7.074757705618155,-1.7819562861827156,0.0024056486989143533,0.20269424286869153,0.31829767825395994,1.1645669070594051,False,"{""early"": 6.8720634627494634, ""late"": 6.513406265191171, ""middle"": 7.18422949362834}",8.215563236818628,-1.6095389343601043,0.0005688950123912129,0.6990467160281373,0.5308173489684647,2.8726734141631556,False,"{""early"": 6.71846219199033, ""late"": 8.191872492576069, ""middle"": 7.516516520790491}",7.426572425342068,-1.7125710344279497,0.00032181547036591596,1.9845023086315168,1.3287112551881366,1.935715778741902,False,"{""early"": 3.2373059897640166, ""late"": 7.003991582062166, ""middle"": 9.411074733973585}"
matched,-648.023,59,1,18,08862338-ca9f-f111-9edb-83ad45319c98,1da7604c-7579-45e3-8905-8654130933b1,2026-08-24T16:17:28.830692+00:00,2026-08-24T12:17:28.830692-04:00,5Iron,Premium,125.2863278453828,85.05950250536856,12.355000000000029,-1.1010000000000097,-4.683,1.902,-1.546,-3.448,3057.3599999999924,-17.428000000000008,186.93769650798401,20260824_120337,28,2026-08-24T12:17:28.182669-04:00,5-iron,124.31801232882644,89.09735842895509,8.835886758394377,-0.3347892917609556,radar,0.95,0.75,2231.8686907575093,10.5,10.5,,,config/iwr6843_l3dump_wide_24f3ms_53bin_iq16.cfg,732812,,,/Users/john.pacino/openflight_sessions/session_20260824_120337_trackman.jsonl,/Users/john.pacino/openflight_sessions/terminal_logs/kiosk_20260824_120326.log,/Users/john.pacino/openflight_sessions/iwr6843/iwr6843_20260824_121728_185_028.l3dump,/Users/john.pacino/openflight_sessions/trackman/camera/camera_20260824_121728_185_028,/Users/john.pacino/openflight_sessions/trackman/camera/camera_20260824_121728_185_028/first.pgm;/Users/john.pacino/openflight_sessions/trackman/camera/camera_20260824_121728_185_028/frames.npz;/Users/john.pacino/openflight_sessions/trackman/camera/camera_20260824_121728_185_028/last.pgm;/Users/john.pacino/openflight_sessions/trackman/camera/camera_20260824_121728_185_028/metadata.json;/Users/john.pacino/openflight_sessions/trackman/camera/camera_20260824_121728_185_028/trigger.pgm,-0.9683155165563591,4.037855923586534,-3.519113241605652,0.7662107082390541,-13.9,candidate_available,6.3,candidate_noisy_fit,,withheld,,withheld,rejected_no_impact,-0.3347892917609556,0.75,camera_assisted_high,2.172054366297232,,,467.61302636287724,99,0,122.40465688131313,650,15.0,high_5.25in,5.25,0.133350,5Iron high block after 12:03 restart,122.69979075073243,accepted,9.397993106726554,direct_only,low,26,8,9.397993106726554,-1.4911471228135458,0.006440559815217295,2.068487330096753,0.4312700327145951,0.0,False,"{""early"": 6.78033311672637, ""middle"": 7.878678436533233}",7.1452879439902315,-1.4489954806765413,0.002131640430946158,2.525124989659609,0.22345653159685286,2.374358734290624,False,"{""early"": 4.607113883408497, ""middle"": 4.633212025252749}",12.017366335273211,-1.2430991872155674,0.0015450022614489356,2.8352632643496376,0.4696541987127407,2.114294036530197,False,"{""early"": 17.5824746132228, ""middle"": 12.122784586022897}",8.31696401034727,-1.2885421523751401,0.000349550937602805,1.7422586786652263,0.7565639348008757,2.0158327534333598,False,"{""early"": 6.08866719472294, ""middle"": 7.060743468641148}"
matched,-651.6189999999999,60,1,27,08862338-ca9f-f111-9edb-83ad45319c98,249cc8cc-4714-4111-9d0c-fba713fc1357,2026-08-24T16:17:53.010144+00:00,2026-08-24T12:17:53.010144-04:00,5Iron,Premium,121.95552970651386,85.61426270579805,13.308999999999976,-0.4099999999999972,-4.506,1.822,-0.716,-2.538,2828.329999999996,-7.258000000000002,184.92766216402148,20260824_120337,29,2026-08-24T12:17:52.358525-04:00,5-iron,121.1325592924493,91.64299724121095,9.443341500574721,-0.8324387391307653,radar,0.907,0.75,2353.7040109720806,10.5,10.5,,,config/iwr6843_l3dump_wide_24f3ms_53bin_iq16.cfg,732812,,,/Users/john.pacino/openflight_sessions/session_20260824_120337_trackman.jsonl,/Users/john.pacino/openflight_sessions/terminal_logs/kiosk_20260824_120326.log,/Users/john.pacino/openflight_sessions/iwr6843/iwr6843_20260824_121752_363_029.l3dump,/Users/john.pacino/openflight_sessions/trackman/camera/camera_20260824_121752_363_029,/Users/john.pacino/openflight_sessions/trackman/camera/camera_20260824_121752_363_029/first.pgm;/Users/john.pacino/openflight_sessions/trackman/camera/camera_20260824_121752_363_029/frames.npz;/Users/john.pacino/openflight_sessions/trackman/camera/camera_20260824_121752_363_029/last.pgm;/Users/john.pacino/openflight_sessions/trackman/camera/camera_20260824_121752_363_029/metadata.json;/Users/john.pacino/openflight_sessions/trackman/camera/camera_20260824_121752_363_029/trigger.pgm,-0.8229704140645566,6.0287345354128945,-3.8656584994252547,-0.42243873913076807,-10.3,candidate_available,7.8,rejected_phase_span,,withheld,,withheld,rejected_no_impact,-0.8324387391307653,0.75,camera_assisted_high,,,,467.6286455947473,99,0,122.57004529671717,650,15.0,high_5.25in,5.25,0.133350,5Iron high block after 12:03 restart,119.44137307104494,accepted,8.344435075472267,direct_only,high,21,6,8.344435075472267,-1.415145222902293,0.005702916866370034,0.8521604678645849,0.27747547059196265,0.0,False,"{""early"": 9.359722036910124, ""late"": 7.4922746076076825, ""middle"": 8.65349464813218}",4.253411208422232,-1.4526798163004055,0.0008076663631999548,1.5437394193667382,0.8838636224880843,0.5995912481980904,False,"{""early"": 5.79715062778897, ""late"": 4.488174218949136, ""middle"": 6.447684855102815}",14.60143898941984,-1.3363066888571336,0.0014663034739241798,0.5707653810629871,0.6895077255826445,1.2341158850894862,False,"{""early"": 14.030673608356853, ""late"": 13.746477128125676, ""middle"": 14.158025365880999}",11.578966507840303,-1.5161553371494862,0.0006424241749096726,1.4839216267109379,0.8574499053545077,1.3987444923355472,False,"{""early"": 14.643099229868653, ""late"": 11.649315035231949, ""middle"": 13.06288813455124}"
matched,-644.242,61,1,7,08862338-ca9f-f111-9edb-83ad45319c98,13405b40-d818-468f-9017-2cfb7337c7e8,2026-08-24T16:18:18.511185+00:00,2026-08-24T12:18:18.511185-04:00,5Iron,Premium,122.77872226198991,87.30986041517528,15.307999999999982,5.037999999999998,-6.911,4.709,5.093,0.384,4196.869999999989,5.392999999999998,183.9296734605424,20260824_120337,30,2026-08-24T12:18:17.866943-04:00,5-iron,122.70729846127338,90.52291616381837,18.45672965738972,-0.7265888096734707,radar,0.69,0.908,5247.026830366764,10.5,10.5,,,config/iwr6843_l3dump_wide_24f3ms_53bin_iq16.cfg,732812,,,/Users/john.pacino/openflight_sessions/session_20260824_120337_trackman.jsonl,/Users/john.pacino/openflight_sessions/terminal_logs/kiosk_20260824_120326.log,/Users/john.pacino/openflight_sessions/iwr6843/iwr6843_20260824_121817_864_030.l3dump,/Users/john.pacino/openflight_sessions/trackman/camera/camera_20260824_121817_864_030,/Users/john.pacino/openflight_sessions/trackman/camera/camera_20260824_121817_864_030/first.pgm;/Users/john.pacino/openflight_sessions/trackman/camera/camera_20260824_121817_864_030/frames.npz;/Users/john.pacino/openflight_sessions/trackman/camera/camera_20260824_121817_864_030/last.pgm;/Users/john.pacino/openflight_sessions/trackman/camera/camera_20260824_121817_864_030/metadata.json;/Users/john.pacino/openflight_sessions/trackman/camera/camera_20260824_121817_864_030/trigger.pgm,-0.07142380071653065,3.213055748643086,3.1487296573897368,-5.7645888096734685,-9.3,candidate_noisy_fit,-4.3,rejected_phase_span,,withheld,,withheld,rejected_no_stable_clubhead,-4.234346677016887,,camera_experimental_disagreement_fallback_iwr,-3.507757867343429,,,467.6264142120256,99,0,122.40273579545455,650,15.0,high_5.25in,5.25,0.133350,5Iron high block after 12:03 restart,120.05232638598633,accepted,18.21765686801221,four4_path_tdm,medium,24,7,7.91715220326743,-0.9220866121472804,0.002046551113245143,1.8690957756323519,0.954470634111745,0.0,False,"{""early"": 14.0, ""late"": 6.048056427635078, ""middle"": 7.9784947730488875}",5.55126287963079,-1.0112163859257657,0.0007741322709500231,1.382971126433822,0.8388091606137866,0.9139775613003509,False,"{""early"": 9.824055918574505, ""late"": 4.168291753196968, ""middle"": 5.914380097464273}",18.595172418155297,-1.408381851251881,0.002628039800088189,1.263641051342045,0.49258362937337097,1.9705751526913788,False,"{""early"": 21.99196562772756, ""late"": 17.331531366813252, ""middle"": 19.614759409245398}",18.21765686801221,-1.4641518857662248,0.0017934387708669064,0.22716844168797934,0.5615364097770694,1.893885324082481,False,"{""early"": 18.16476225515188, ""late"": 17.964258546706553, ""middle"": 17.99048842632423}"
matched,-645.107,62,1,16,08862338-ca9f-f111-9edb-83ad45319c98,18853e06-10ce-45b9-96e1-8352b8ed315b,2026-08-24T16:18:38.412258+00:00,2026-08-24T12:18:38.412258-04:00,5Iron,Premium,118.09457766642792,88.31648174659976,14.625999999999978,4.714999999999994,-5.819,-0.897,5.769,6.667,4368.430000000001,12.900000000000002,171.77031277458065,20260824_120337,31,2026-08-24T12:18:37.767151-04:00,5-iron,117.34829575106632,90.72656726879885,12.831183888015305,-4.126352223864586,radar,0.877,0.75,3278.9528499852804,10.5,10.5,,,config/iwr6843_l3dump_wide_24f3ms_53bin_iq16.cfg,732812,,,/Users/john.pacino/openflight_sessions/session_20260824_120337_trackman.jsonl,/Users/john.pacino/openflight_sessions/terminal_logs/kiosk_20260824_120326.log,/Users/john.pacino/openflight_sessions/iwr6843/iwr6843_20260824_121837_765_031.l3dump,/Users/john.pacino/openflight_sessions/trackman/camera/camera_20260824_121837_765_031,/Users/john.pacino/openflight_sessions/trackman/camera/camera_20260824_121837_765_031/first.pgm;/Users/john.pacino/openflight_sessions/trackman/camera/camera_20260824_121837_765_031/frames.npz;/Users/john.pacino/openflight_sessions/trackman/camera/camera_20260824_121837_765_031/last.pgm;/Users/john.pacino/openflight_sessions/trackman/camera/camera_20260824_121837_765_031/metadata.json;/Users/john.pacino/openflight_sessions/trackman/camera/camera_20260824_121837_765_031/trigger.pgm,-0.7462819153616067,2.4100855221990827,-1.794816111984673,-8.841352223864579,-16.7,candidate_available,-23.3,candidate_noisy_fit,,withheld,,withheld,rejected_no_impact,-4.126352223864586,0.75,camera_assisted_high,,,,467.6264142120256,99,0,122.68362168560606,650,15.0,high_5.25in,5.25,0.133350,5Iron high block after 12:03 restart,115.26652541894532,accepted,12.448723271184127,direct_only,medium,25,7,12.448723271184127,-1.092347278543058,0.003729915708236886,0.7649216790111755,0.779884777010249,0.0,False,"{""early"": 13.391581552649898, ""late"": 11.984308520502271, ""middle"": 11.683801592172951}",7.097587820484291,-1.1896000706561545,0.0008118965203984807,1.5976394240776814,0.8320978588582273,1.04337344194834,False,"{""early"": 9.84367902154018, ""late"": 7.178337084150549, ""middle"": 5.49994839640661}",16.475501276273956,-1.2898725628002967,0.0012392154099283292,4.577630456742657,1.0689116374246908,2.7133323064028154,False,"{""early"": 21.068998343176492, ""late"": 11.897870819531299, ""middle"": 17.43377836078317}",15.295308139015276,-1.6791745252028796,0.001175493932037197,1.6171010912964956,0.8512976875235498,2.1946952027703706,False,"{""early"": 17.69443504129977, ""late"": 13.67820704771878, ""middle"": 14.17844796840869}"
matched,-651.756,63,1,11,08862338-ca9f-f111-9edb-83ad45319c98,3d04ef04-6579-464a-8ca9-553d43dcad86,2026-08-24T16:20:30.705039+00:00,2026-08-24T12:20:30.705039-04:00,5Iron,Premium,101.6978346456692,,11.811000000000005,17.821,,0.755,22.515,21.76,6288.890000000002,47.19299999999999,107.45237440832946,20260824_121914,1,2026-08-24T12:20:30.053283-04:00,5-iron,101.38054817403062,90.3192650588379,13.675152355412653,,radar,0.86,,3053.6378766797106,10.5,10.5,,,config/iwr6843_l3dump_wide_24f3ms_53bin_iq16.cfg,732812,,,/Users/john.pacino/openflight_sessions/session_20260824_121914_trackman.jsonl,/Users/john.pacino/openflight_sessions/terminal_logs/kiosk_20260824_121905.log,/Users/john.pacino/openflight_sessions/iwr6843/iwr6843_20260824_122030_056_001.l3dump,/Users/john.pacino/openflight_sessions/trackman/camera/camera_20260824_122030_056_001,/Users/john.pacino/openflight_sessions/trackman/camera/camera_20260824_122030_056_001/first.pgm;/Users/john.pacino/openflight_sessions/trackman/camera/camera_20260824_122030_056_001/frames.npz;/Users/john.pacino/openflight_sessions/trackman/camera/camera_20260824_122030_056_001/last.pgm;/Users/john.pacino/openflight_sessions/trackman/camera/camera_20260824_122030_056_001/metadata.json;/Users/john.pacino/openflight_sessions/trackman/camera/camera_20260824_122030_056_001/trigger.pgm,-0.3172864716385817,,1.8641523554126476,,-21.5,candidate_noisy_fit,18.2,candidate_noisy_fit,,withheld,,withheld,rejected_no_impact,,,camera_withheld_fallback_iwr:rejected_implausible_reference_ball,,,,467.6174888940846,99,0,109.81067061237374,500,15.0,low_2.875in,2.875,0.073025,5Iron low block in second session,99.17808812548829,accepted,17.028768968934056,four4_path_tdm,medium,29,9,3.4658161966897185,-0.8117251583769549,0.0015889402499272842,4.288142981458472,1.000158314767043,0.0,False,"{""early"": 7.682100390693614, ""middle"": 7.825817965602768}",9.047319978462145,-1.3661324857740558,0.0027811723100303887,2.1406584332158474,0.2283725041648328,2.399056612627235,False,"{""early"": 6.682371949558511, ""middle"": 7.130951140934084}",14.441221267634107,-1.4264064804749872,0.0021866830509089663,2.301833982295406,0.16487587300339968,1.682961038381705,False,"{""early"": 17.480577796681498, ""middle"": 16.00553270317753}",17.028768968934056,-1.4274200095406298,0.0016588289158037117,0.623757058726234,0.2237080004990375,1.1135520529703697,False,"{""early"": 17.973536338754926, ""middle"": 17.331515716565654}"
matched,-649.924,64,1,24,08862338-ca9f-f111-9edb-83ad45319c98,d99689f0-434f-4977-9f21-f1c8c6e101b8,2026-08-24T16:20:49.066930+00:00,2026-08-24T12:20:49.066930-04:00,5Iron,Premium,129.50966356478156,85.07516105941292,13.066999999999979,-1.7199999999999984,-7.588,-0.039,-1.968,-1.929,3728.7899999999954,-3.9840000000000004,198.6251099272627,20260824_121914,2,2026-08-24T12:20:48.417006-04:00,5-iron,128.75659600354663,88.18092845654299,13.060506223411618,,radar,0.95,,3673.6871742575486,10.5,10.5,,,config/iwr6843_l3dump_wide_24f3ms_53bin_iq16.cfg,732812,,,/Users/john.pacino/openflight_sessions/session_20260824_121914_trackman.jsonl,/Users/john.pacino/openflight_sessions/terminal_logs/kiosk_20260824_121905.log,/Users/john.pacino/openflight_sessions/iwr6843/iwr6843_20260824_122048_417_002.l3dump,/Users/john.pacino/openflight_sessions/trackman/camera/camera_20260824_122048_417_002,/Users/john.pacino/openflight_sessions/trackman/camera/camera_20260824_122048_417_002/first.pgm;/Users/john.pacino/openflight_sessions/trackman/camera/camera_20260824_122048_417_002/frames.npz;/Users/john.pacino/openflight_sessions/trackman/camera/camera_20260824_122048_417_002/last.pgm;/Users/john.pacino/openflight_sessions/trackman/camera/camera_20260824_122048_417_002/metadata.json;/Users/john.pacino/openflight_sessions/trackman/camera/camera_20260824_122048_417_002/trigger.pgm,-0.7530675612349285,3.105767397130066,-0.006493776588360589,,-24.3,candidate_available,5.4,rejected_phase_span,10.61,low,-6.35,low,approach_mixed,,,camera_withheld_fallback_iwr:rejected_implausible_reference_ball,,18.198,-6.311,467.6264142120256,99,0,109.65731865530303,500,15.0,low_2.875in,2.875,0.073025,5Iron low block in second session,126.67098729785157,accepted,6.404809212735736,two8,low,24,6,5.94647571436533,-1.4610942485831282,0.005146937947551944,1.5855206613388706,0.5429303766274329,0.0,False,"{""early"": 3.981631712824808, ""late"": 6.787959461951541, ""middle"": 4.360955053026459}",6.404809212735736,-1.975746852893745,0.001268717037182343,0.045545575737460986,0.1392970244101286,2.6420211204507345,False,"{""early"": 6.416008721278935, ""late"": 6.145754656861155, ""middle"": 6.450354788473197}",13.243310448438665,-1.686233665019402,0.0020032518908232877,0.5676707496589088,0.4368164215786674,2.3831400365462247,False,"{""early"": 10.867154342706657, ""late"": 13.628053684713134, ""middle"": 12.675639698779756}",9.571753123296638,-1.8450470935619288,0.0031866247747642795,2.69942107947724,0.6524286493873026,2.262965407718082,False,"{""early"": 6.260427175379631, ""late"": 10.08975709680701, ""middle"": 6.872332043819398}"
matched,-659.708,65,1,23,08862338-ca9f-f111-9edb-83ad45319c98,d5d0b06d-4247-4161-ae62-e35758a2e760,2026-08-24T16:21:19.474031+00:00,2026-08-24T12:21:19.474031-04:00,5Iron,Premium,111.52469577666416,,12.243999999999973,-2.094999999999994,,0.481,-2.363,-2.843,2079.3799999999997,-13.454,147.8744074041035,20260824_121914,3,2026-08-24T12:21:18.814323-04:00,5-iron,111.96137459341747,89.81013729638673,11.950544776460067,-3.569002950339213,radar,0.95,0.95,2876.411496611756,10.5,10.5,,,config/iwr6843_l3dump_wide_24f3ms_53bin_iq16.cfg,732812,,,/Users/john.pacino/openflight_sessions/session_20260824_121914_trackman.jsonl,/Users/john.pacino/openflight_sessions/terminal_logs/kiosk_20260824_121905.log,/Users/john.pacino/openflight_sessions/iwr6843/iwr6843_20260824_122118_819_003.l3dump,/Users/john.pacino/openflight_sessions/trackman/camera/camera_20260824_122118_819_003,/Users/john.pacino/openflight_sessions/trackman/camera/camera_20260824_122118_819_003/first.pgm;/Users/john.pacino/openflight_sessions/trackman/camera/camera_20260824_122118_819_003/frames.npz;/Users/john.pacino/openflight_sessions/trackman/camera/camera_20260824_122118_819_003/last.pgm;/Users/john.pacino/openflight_sessions/trackman/camera/camera_20260824_122118_819_003/metadata.json;/Users/john.pacino/openflight_sessions/trackman/camera/camera_20260824_122118_819_003/trigger.pgm,0.43667881675331444,,-0.2934552235399064,-1.474002950339219,-18.5,candidate_noisy_fit,3.4,rejected_phase_span,,withheld,-11.87,low,approach_path_only,1.5505237512219026,,camera_experimental_disagreement_fallback_iwr,5.119526701561114,,-12.350999999999999,467.6219515104666,99,0,110.99682039141415,500,15.0,low_2.875in,2.875,0.073025,5Iron low block in second session,109.97159668945314,accepted,12.244022317564403,reciprocal3_no_tdm,medium,31,9,6.673217675719909,-1.905281356584316,0.009653073188404804,1.749197180736026,0.3538730713838376,0.0,False,"{""early"": 3.4814034254502357, ""middle"": 6.3666375645175295}",5.484350026238119,-2.038937862721174,0.0032165137676454236,3.871603963075085,0.28600159545407067,1.4750688590762988,False,"{""early"": -1.0, ""middle"": 6.74320792615017}",12.244022317564403,-1.7875722238361398,0.002684069660616073,0.9481872490509646,0.24724478426212393,1.353988003393432,False,"{""early"": 12.462325013381859, ""middle"": 13.922094119848875}",9.27842483155523,-2.0255181006369036,0.000786571153509108,2.3993663495801254,2.627227910032577,1.5247530296893856,False,"{""early"": 11.5029923919971, ""middle"": 11.852589970273609}"
matched,-649.572,66,1,15,08862338-ca9f-f111-9edb-83ad45319c98,726a4183-4e49-4ee7-b792-7f0600a8169c,2026-08-24T16:21:42.997603+00:00,2026-08-24T12:21:42.997603-04:00,5Iron,Premium,121.95329277022181,88.09949892627048,14.141000000000004,4.219000000000003,,0.116,4.877,4.761,4252.529999999999,11.511000000000003,180.02110630959265,20260824_121914,4,2026-08-24T12:21:42.348031-04:00,5-iron,121.37663037155748,89.19918398144533,12.491016193072,-4.393104497020346,radar,0.69,0.75,3285.635392022741,10.5,10.5,,,config/iwr6843_l3dump_wide_24f3ms_53bin_iq16.cfg,732812,,,/Users/john.pacino/openflight_sessions/session_20260824_121914_trackman.jsonl,/Users/john.pacino/openflight_sessions/terminal_logs/kiosk_20260824_121905.log,/Users/john.pacino/openflight_sessions/iwr6843/iwr6843_20260824_122142_347_004.l3dump,/Users/john.pacino/openflight_sessions/trackman/camera/camera_20260824_122142_347_004,/Users/john.pacino/openflight_sessions/trackman/camera/camera_20260824_122142_347_004/first.pgm;/Users/john.pacino/openflight_sessions/trackman/camera/camera_20260824_122142_347_004/frames.npz;/Users/john.pacino/openflight_sessions/trackman/camera/camera_20260824_122142_347_004/last.pgm;/Users/john.pacino/openflight_sessions/trackman/camera/camera_20260824_122142_347_004/metadata.json;/Users/john.pacino/openflight_sessions/trackman/camera/camera_20260824_122142_347_004/trigger.pgm,-0.5766623986643253,1.0996850551748452,-1.6499838069280042,-8.612104497020349,-22.3,candidate_available,4.6,rejected_phase_span,,withheld,9.61,low,approach_path_only,-4.393104497020346,0.75,camera_assisted_high,,,9.494,467.6464974231724,99,0,109.91394270833334,500,15.0,low_2.875in,2.875,0.073025,5Iron low block in second session,119.3395475185547,accepted,7.002173602077606,direct_only,high,17,5,7.002173602077606,-1.3874464430506719,0.00431860824314767,0.06708581961527837,0.27877846827917097,0.0,False,"{""early"": 7.026224046883956, ""middle"": 7.112294796501813}",8.174773312982547,-1.5603252328570956,0.0018554347189270182,0.6928118287655898,0.19113264620149373,2.141268871758712,False,"{""early"": 6.862869964569819, ""middle"": 8.248493622100998}",6.454510792020603,-1.2864617898486832,0.00018404542234362609,2.8677538829107556,1.2211493556493318,2.523023032270621,False,"{""early"": 12.085180754890398, ""middle"": 6.5593485949723185}",-1.4937522883905032,-1.09027914744772,0.00018599462459434335,3.258384148382033,0.09012326412803029,0.29858912956634726,False,"{""early"": 5.0, ""middle"": -1.4707362800169408}"
matched,-648.308,67,1,20,08862338-ca9f-f111-9edb-83ad45319c98,91299eeb-6f6f-4c5b-ba1c-b07d35928056,2026-08-24T16:22:05.141592+00:00,2026-08-24T12:22:05.141592-04:00,5Iron,Premium,115.77040085898342,89.19783464566919,2.005999999999998,5.633999999999993,-7.336,-0.287,9.483,9.77,8209.769999999999,61.247,50.68311707346045,20260824_121914,5,2026-08-24T12:22:04.493284-04:00,5-iron,117.96182425234566,91.43934613623048,8.459453568131542,34.11601061925152,radar,0.69,0.95,2010.7551464193307,10.5,10.5,,,config/iwr6843_l3dump_wide_24f3ms_53bin_iq16.cfg,732812,,,/Users/john.pacino/openflight_sessions/session_20260824_121914_trackman.jsonl,/Users/john.pacino/openflight_sessions/terminal_logs/kiosk_20260824_121905.log,/Users/john.pacino/openflight_sessions/iwr6843/iwr6843_20260824_122204_491_005.l3dump,/Users/john.pacino/openflight_sessions/trackman/camera/camera_20260824_122204_491_005,/Users/john.pacino/openflight_sessions/trackman/camera/camera_20260824_122204_491_005/first.pgm;/Users/john.pacino/openflight_sessions/trackman/camera/camera_20260824_122204_491_005/frames.npz;/Users/john.pacino/openflight_sessions/trackman/camera/camera_20260824_122204_491_005/last.pgm;/Users/john.pacino/openflight_sessions/trackman/camera/camera_20260824_122204_491_005/metadata.json;/Users/john.pacino/openflight_sessions/trackman/camera/camera_20260824_122204_491_005/trigger.pgm,2.1914233933622427,2.241511490561294,6.453453568131543,28.482010619251525,-19.5,candidate_available,-3.7,candidate_noisy_fit,25.29,low,-5.7,low,approach_mixed,,,camera_withheld_fallback_iwr:rejected_unstable_consensus,,32.626,-5.413,467.62418285059886,99,0,109.36425094696969,500,15.0,low_2.875in,2.875,0.073025,5Iron low block in second session,116.3866064963379,accepted,-1.8876651186521585,two8,high,23,6,-0.916658120563387,-0.8608084658148002,0.006097472871506637,0.14545776859962656,0.49734842138765334,0.0,False,"{""early"": 0.23813330319606568, ""late"": -1.0621158891630136, ""middle"": -0.878390442933807}",-1.8876651186521585,-1.8380325768454877,0.00014742068742679137,0.19349275155916934,0.2158332144356766,0.08980618052003958,False,"{""early"": -1.4206109544368397, ""late"": -1.9011717922165192, ""middle"": -1.6941723670929891}",11.89741122155107,-1.548474505306159,0.002707110308505234,1.1627785959799244,0.9683082007319852,1.1222654970462596,False,"{""early"": 11.993418214986663, ""late"": 10.734632625571146, ""middle"": 8.989419136829333}",11.248185356052785,-1.845871171801521,0.0028106983422353515,1.3853840064586063,0.19957609276297106,0.6580954738064805,False,"{""early"": 12.633569362511391, ""late"": 7.253820553892046, ""middle"": 11.528402190268872}"
matched,-658.6070000000001,68,1,19,08862338-ca9f-f111-9edb-83ad45319c98,a1e26ae1-8ddc-482d-9dff-a7f7b390c3ad,2026-08-24T16:22:27.343799+00:00,2026-08-24T12:22:27.343799-04:00,5Iron,Premium,112.5984251968503,87.04590193271285,3.534999999999999,4.657999999999997,-6.113,-2.075,9.04,11.116,8429.18,59.54200000000001,67.20299683546158,20260824_121914,6,2026-08-24T12:22:26.685192-04:00,5-iron,114.08194527036297,89.50466063891602,7.557253089663961,-4.0756762682748615,radar,0.69,0.3,1699.9785839044303,10.5,10.5,,,config/iwr6843_l3dump_wide_24f3ms_53bin_iq16.cfg,732812,,,/Users/john.pacino/openflight_sessions/session_20260824_121914_trackman.jsonl,/Users/john.pacino/openflight_sessions/terminal_logs/kiosk_20260824_121905.log,/Users/john.pacino/openflight_sessions/iwr6843/iwr6843_20260824_122226_693_006.l3dump,/Users/john.pacino/openflight_sessions/trackman/camera/camera_20260824_122226_693_006,/Users/john.pacino/openflight_sessions/trackman/camera/camera_20260824_122226_693_006/first.pgm;/Users/john.pacino/openflight_sessions/trackman/camera/camera_20260824_122226_693_006/frames.npz;/Users/john.pacino/openflight_sessions/trackman/camera/camera_20260824_122226_693_006/last.pgm;/Users/john.pacino/openflight_sessions/trackman/camera/camera_20260824_122226_693_006/metadata.json;/Users/john.pacino/openflight_sessions/trackman/camera/camera_20260824_122226_693_006/trigger.pgm,1.4835200735126648,2.45875870620317,4.0222530896639626,-8.73367626827486,-21.8,candidate_noisy_fit,2.4,rejected_phase_span,,withheld,0.28,low,approach_path_only,-4.0756762682748615,0.3,camera_experimental_no_iwr,,,2.3550000000000004,467.62418285059886,99,0,109.83661537247475,500,15.0,low_2.875in,2.875,0.073025,5Iron low block in second session,112.61906105419924,accepted,-3.1335614816153194,direct_only,high,36,9,-3.1335614816153194,-2.096744754890336,0.014472074861804352,0.5614538980979202,0.059599227734799864,0.0,False,"{""early"": -3.7925863672387807, ""late"": -2.6767900753617773, ""middle"": -3.6950153797132397}",-5.0,-2.544537573910076,,1.0738855980003406,0.0,0.5203855865676813,True,"{""early"": -3.9261144019996594, ""late"": -5.0, ""middle"": 1.0}",5.8243991545133635,-2.278145702621704,0.0005999144160147019,0.8642915420693962,0.4576867149875543,1.0407380579078507,False,"{""early"": -1.0, ""late"": 5.971328734882877, ""middle"": 6.68869069658276}",9.530495017377712,-2.363187173400556,0.002442113143267033,1.526908469636247,0.41049603548394664,0.8667843462235656,False,"{""early"": 8.003586547741465, ""late"": 4.379676865857237, ""middle"": 9.347308620384386}"
matched,-647.925,69,1,1,08862338-ca9f-f111-9edb-83ad45319c98,e582bc50-852d-41e1-a8dd-08b0f661ccc6,2026-08-24T16:22:49.280302+00:00,2026-08-24T12:22:49.280302-04:00,5Iron,Premium,119.43673944166059,86.5336435218324,10.851999999999991,-1.4400000000000013,-7.789,0.296,-1.788,-2.084,4274.699999999996,8.790999999999999,169.79731116426254,20260824_121914,7,2026-08-24T12:22:48.632377-04:00,5-iron,119.54396407104694,89.50466063891602,12.46646963882898,0.40748616554026285,radar,0.91,0.75,3228.516867751308,10.5,10.5,,,config/iwr6843_l3dump_wide_24f3ms_53bin_iq16.cfg,732812,,,/Users/john.pacino/openflight_sessions/session_20260824_121914_trackman.jsonl,/Users/john.pacino/openflight_sessions/terminal_logs/kiosk_20260824_121905.log,/Users/john.pacino/openflight_sessions/iwr6843/iwr6843_20260824_122248_630_007.l3dump,/Users/john.pacino/openflight_sessions/trackman/camera/camera_20260824_122248_630_007,/Users/john.pacino/openflight_sessions/trackman/camera/camera_20260824_122248_630_007/first.pgm;/Users/john.pacino/openflight_sessions/trackman/camera/camera_20260824_122248_630_007/frames.npz;/Users/john.pacino/openflight_sessions/trackman/camera/camera_20260824_122248_630_007/last.pgm;/Users/john.pacino/openflight_sessions/trackman/camera/camera_20260824_122248_630_007/metadata.json;/Users/john.pacino/openflight_sessions/trackman/camera/camera_20260824_122248_630_007/trigger.pgm,0.10722462938635147,2.971017117083619,1.6144696388289894,1.8474861655402641,-15.7,candidate_noisy_fit,-0.6,candidate_noisy_fit,,withheld,-6.6,low,approach_path_only,0.40748616554026285,0.75,camera_assisted_high,,,-6.896,467.6219515104666,99,0,109.42267376893939,500,15.0,low_2.875in,2.875,0.073025,5Iron low block in second session,117.50668757373047,accepted,4.779962457241557,direct_only,medium,28,8,4.779962457241557,-1.8268608716830343,0.007738483429940324,1.232579071195703,0.3519977481792882,0.0,False,"{""early"": 3.547383386045854, ""late"": 5.2380896502808145, ""middle"": 6.190772183611299}",6.381151943034723,-2.082157424561828,0.003994207067480993,1.7095298249655162,0.24918817054663434,1.7344021145615625,False,"{""early"": 3.5917607447993016, ""late"": 6.916968124977292, ""middle"": 4.671622118069207}",10.773840627068571,-1.7944167277188718,0.001085933000184891,2.800559273536818,0.6307984844812644,1.4490651734788742,False,"{""early"": 4.0, ""late"": 11.385417993949417, ""middle"": 7.973281353531753}",13.898675517653311,-1.767916333176851,0.010268976501223381,1.3660809026926692,0.12804004441680483,1.0697694606037282,False,"{""early"": 9.721497526020908, ""late"": 13.840715559129043, ""middle"": 15.26475642034598}"
matched,-654.362,70,1,12,08862338-ca9f-f111-9edb-83ad45319c98,10e96fde-a292-4156-b298-56779577083e,2026-08-24T16:23:32.329558+00:00,2026-08-24T12:23:32.329558-04:00,5Iron,Premium,115.68763421617739,86.78194345025044,17.65999999999999,5.8009999999999975,-6.428,-1.748,7.256,9.005,5074.149999999994,19.313000000000002,164.3436616729955,20260824_121914,8,2026-08-24T12:23:31.675196-04:00,5-iron,115.65929694811065,87.56997514160157,20.0139310847242,-5.669649943393068,radar,0.95,0.75,5430.496096285787,10.5,10.5,,,config/iwr6843_l3dump_wide_24f3ms_53bin_iq16.cfg,732812,,,/Users/john.pacino/openflight_sessions/session_20260824_121914_trackman.jsonl,/Users/john.pacino/openflight_sessions/terminal_logs/kiosk_20260824_121905.log,/Users/john.pacino/openflight_sessions/iwr6843/iwr6843_20260824_122331_678_008.l3dump,/Users/john.pacino/openflight_sessions/trackman/camera/camera_20260824_122331_678_008,/Users/john.pacino/openflight_sessions/trackman/camera/camera_20260824_122331_678_008/first.pgm;/Users/john.pacino/openflight_sessions/trackman/camera/camera_20260824_122331_678_008/frames.npz;/Users/john.pacino/openflight_sessions/trackman/camera/camera_20260824_122331_678_008/last.pgm;/Users/john.pacino/openflight_sessions/trackman/camera/camera_20260824_122331_678_008/metadata.json;/Users/john.pacino/openflight_sessions/trackman/camera/camera_20260824_122331_678_008/trigger.pgm,-0.028337268066735533,0.7880316913511365,2.353931084724209,-11.470649943393067,-19.0,candidate_available,0.9,rejected_phase_span,-4.1,low,-5.25,low,approach_mixed,-5.669649943393068,0.75,camera_assisted_high,-5.340159823171376,2.3280000000000003,-3.502,467.6219515104666,99,0,109.49047743055556,500,15.0,low_2.875in,2.875,0.073025,5Iron low block in second session,112.8227121591797,accepted,14.255732770669141,direct_only,medium,27,8,14.255732770669141,-1.6226263523649198,0.00692192730329122,1.33952124037779,0.28130909021166417,0.0,False,"{""early"": 11.724095615623073, ""late"": 15.595254011046931, ""middle"": 13.754073611527199}",15.547685086293574,-1.65955302000707,0.0058627900756058615,1.073534212624578,0.1494903568589665,2.2534362063409565,False,"{""early"": 14.14391928330594, ""late"": 16.621219298918152, ""middle"": 14.623175241963988}",19.244595447045374,-1.4507023715531937,0.002107428186358007,5.6933908795805515,0.3329014371272301,1.4691133877571003,False,"{""early"": 13.551204567464822, ""late"": 20.079874830436623, ""middle"": 13.0}",16.96329215428517,-1.5354752402556677,0.0012557578634400102,1.4479957756304351,1.0109314752732335,1.8237418447022034,False,"{""early"": 15.515296378654735, ""late"": 17.445339781017545, ""middle"": 18.54805781589497}"
matched,-650.4100000000001,71,1,21,08862338-ca9f-f111-9edb-83ad45319c98,80837839-f084-4779-bae0-c8b9dbd445fb,2026-08-24T16:23:56.212939+00:00,2026-08-24T12:23:56.212939-04:00,5Iron,Premium,128.39790622763053,88.2941123836792,13.530999999999992,-1.3739999999999994,-5.485,0.908,-1.775,-2.683,4043.079999999989,-3.3880000000000012,194.85410567617836,20260824_121914,9,2026-08-24T12:23:55.562529-04:00,5-iron,127.30291061540741,88.89370732397462,10.911883722336697,0.44132198986204685,radar,0.95,0.75,2936.7402337087524,10.5,10.5,,,config/iwr6843_l3dump_wide_24f3ms_53bin_iq16.cfg,732812,,,/Users/john.pacino/openflight_sessions/session_20260824_121914_trackman.jsonl,/Users/john.pacino/openflight_sessions/terminal_logs/kiosk_20260824_121905.log,/Users/john.pacino/openflight_sessions/iwr6843/iwr6843_20260824_122355_561_009.l3dump,/Users/john.pacino/openflight_sessions/trackman/camera/camera_20260824_122355_561_009,/Users/john.pacino/openflight_sessions/trackman/camera/camera_20260824_122355_561_009/first.pgm;/Users/john.pacino/openflight_sessions/trackman/camera/camera_20260824_122355_561_009/frames.npz;/Users/john.pacino/openflight_sessions/trackman/camera/camera_20260824_122355_561_009/last.pgm;/Users/john.pacino/openflight_sessions/trackman/camera/camera_20260824_122355_561_009/metadata.json;/Users/john.pacino/openflight_sessions/trackman/camera/camera_20260824_122355_561_009/trigger.pgm,-1.0949956122231157,0.5995949402954182,-2.619116277663295,1.8153219898620463,-19.2,candidate_available,8.9,candidate_noisy_fit,,withheld,,withheld,rejected_no_stable_clubhead,0.44132198986204685,0.75,camera_assisted_high,5.804806701047227,,,467.62418285059886,99,0,109.32535905934344,500,15.0,low_2.875in,2.875,0.073025,5Iron low block in second session,125.44908066796876,accepted,9.285870407567261,two8,low,28,8,8.825198974401893,-1.5267085929302735,0.009304256434327085,1.4780357706309708,0.5146682868415082,0.0,False,"{""early"": 5.333388805361283, ""late"": 10.20785235556531, ""middle"": 7.347163203770922}",9.285870407567261,-1.7668498665584877,0.0047119319547954674,0.13553917870638799,0.3627449690863358,2.0592168755505913,False,"{""early"": 9.50959119166367, ""late"": 9.158991972829128, ""middle"": 9.421409586273649}",10.920494941189895,-1.6214008751269742,0.003633453921173091,2.0477980500751976,0.21924316571754332,2.2862372169648557,False,"{""early"": 6.116615740866042, ""late"": 11.222646666889588, ""middle"": 8.872696891114698}",-5.0,-1.5654117855522842,,2.3824120993961793,0.0,0.32783434271626266,True,"{""early"": -2.6175879006038207, ""late"": -5.0, ""middle"": 1.0}"
matched,-655.8100000000001,72,1,3,08862338-ca9f-f111-9edb-83ad45319c98,0a3d358d-cd40-46e8-aee5-1ef2e8b4ef2c,2026-08-24T16:24:19.067486+00:00,2026-08-24T12:24:19.067486-04:00,5Iron,Premium,115.59591982820318,86.34797780959188,10.684999999999974,-0.7399999999999886,,3.585,-1.74,-5.326,2393.82,-21.749999999999993,150.12043241894244,20260824_121914,10,2026-08-24T12:24:18.411676-04:00,5-iron,115.79271617650403,89.81013729638673,10.768619335670461,-0.14487092558761105,radar,0.95,0.75,2629.6816438553606,10.5,10.5,,,config/iwr6843_l3dump_wide_24f3ms_53bin_iq16.cfg,732812,,,/Users/john.pacino/openflight_sessions/session_20260824_121914_trackman.jsonl,/Users/john.pacino/openflight_sessions/terminal_logs/kiosk_20260824_121905.log,/Users/john.pacino/openflight_sessions/iwr6843/iwr6843_20260824_122418_415_010.l3dump,/Users/john.pacino/openflight_sessions/trackman/camera/camera_20260824_122418_415_010,/Users/john.pacino/openflight_sessions/trackman/camera/camera_20260824_122418_415_010/first.pgm;/Users/john.pacino/openflight_sessions/trackman/camera/camera_20260824_122418_415_010/frames.npz;/Users/john.pacino/openflight_sessions/trackman/camera/camera_20260824_122418_415_010/last.pgm;/Users/john.pacino/openflight_sessions/trackman/camera/camera_20260824_122418_415_010/metadata.json;/Users/john.pacino/openflight_sessions/trackman/camera/camera_20260824_122418_415_010/trigger.pgm,0.19679634830085035,3.462159486794846,0.08361933567048752,0.5951290744123775,-21.5,candidate_available,23.7,candidate_noisy_fit,,withheld,,withheld,rejected_no_stable_clubhead,-0.14487092558761105,0.75,camera_assisted_high,,,,467.6219515104666,99,0,109.06739046717172,500,15.0,low_2.875in,2.875,0.073025,5Iron low block in second session,113.94279323657227,accepted,5.468049234019285,direct_only,high,36,9,5.468049234019285,-1.846837571679301,0.01581558532005989,0.5095827578274834,0.09669605320217212,0.0,False,"{""early"": 4.357462341073999, ""late"": 5.977631991846769, ""middle"": 5.653489306647386}",6.540107328973958,-1.9000212012051725,0.0034911984354901726,0.18870838147107882,0.036141405285838424,1.925975913313352,False,"{""early"": 6.351398947502879, ""late"": 6.7189568266874655, ""middle"": 5.102558434898749}",11.187340244198003,-1.5880888620219276,0.0007597979096223284,6.187340244198003,1.2914742549811589,1.0689129963866635,False,"{""early"": 5.0, ""late"": 12.89614242035185, ""middle"": 5.0}",9.575052120414135,-1.667054313880585,0.002071382197475602,0.3203944699012755,0.2191020897995628,1.5306546813906747,False,"{""early"": 6.723755919696638, ""late"": 9.89544659031541, ""middle"": 9.284096848229487}"
matched,-656.635,73,1,26,08862338-ca9f-f111-9edb-83ad45319c98,15e6a24c-b3f0-40bf-b6a8-f4bcba5ea36a,2026-08-24T16:24:42.059456+00:00,2026-08-24T12:24:42.059456-04:00,5Iron,Premium,118.29813886900484,84.0864352183249,11.318000000000016,-2.649000000000007,-5.321,3.475,-3.515,-6.99,2852.530000000006,-24.784999999999993,161.82126779710492,20260824_121914,11,2026-08-24T12:24:41.402821-04:00,5-iron,118.2348831250685,90.6247417163086,10.774948098521437,1.8672037719388186,radar,0.95,0.75,2687.01529111208,10.5,10.5,,,config/iwr6843_l3dump_wide_24f3ms_53bin_iq16.cfg,732812,,,/Users/john.pacino/openflight_sessions/session_20260824_121914_trackman.jsonl,/Users/john.pacino/openflight_sessions/terminal_logs/kiosk_20260824_121905.log,/Users/john.pacino/openflight_sessions/iwr6843/iwr6843_20260824_122441_407_011.l3dump,/Users/john.pacino/openflight_sessions/trackman/camera/camera_20260824_122441_407_011,/Users/john.pacino/openflight_sessions/trackman/camera/camera_20260824_122441_407_011/first.pgm;/Users/john.pacino/openflight_sessions/trackman/camera/camera_20260824_122441_407_011/frames.npz;/Users/john.pacino/openflight_sessions/trackman/camera/camera_20260824_122441_407_011/last.pgm;/Users/john.pacino/openflight_sessions/trackman/camera/camera_20260824_122441_407_011/metadata.json;/Users/john.pacino/openflight_sessions/trackman/camera/camera_20260824_122441_407_011/trigger.pgm,-0.06325574393633815,6.5383064979837116,-0.5430519014785791,4.516203771938826,-18.5,candidate_available,15.4,rejected_phase_span,,withheld,,withheld,rejected_no_impact,1.8672037719388186,0.75,camera_assisted_high,,,,467.62418285059886,99,0,109.38149005681818,500,15.0,low_2.875in,2.875,0.073025,5Iron low block in second session,116.3866064963379,accepted,13.273267689223198,reciprocal3_no_tdm,medium,29,8,5.650265246388149,-1.82695936772683,0.007415852953152058,1.0672155578304627,0.43301114281518016,0.0,False,"{""early"": 4.583049688557686, ""late"": 6.572183402056633, ""middle"": 7.083629474801505}",2.8354596941135233,-2.0343889009957272,0.0014982701756389716,2.257888370860819,0.5102108584576586,1.1256442051582491,False,"{""early"": -0.4950311687443404, ""late"": 3.7988244796128843, ""middle"": 5.093348064974342}",13.273267689223198,-1.9327470924978019,0.003772389667434206,0.31308243215744014,0.21454589650808398,1.5497465774989032,False,"{""early"": 10.875812748349944, ""late"": 13.321861921728612, ""middle"": 13.586350121380638}",9.693472219480833,-1.9041651458959037,0.0010511694461350363,2.51823611962293,1.2720036558371035,1.165081721398198,False,"{""early"": 12.211708339103764, ""late"": 9.31336120766277, ""middle"": 12.345364597243416}"
matched,-654.514,74,1,8,08862338-ca9f-f111-9edb-83ad45319c98,9c2dfc35-3939-42b1-a8a6-3ba1bdf3714f,2026-08-24T16:24:59.351036+00:00,2026-08-24T12:24:59.351036-04:00,5Iron,Premium,131.50501073729404,90.65855404438071,13.710999999999995,-0.34699999999999886,-3.042,3.624,-0.966,-4.59,3324.020000000002,-11.632000000000003,205.11618537650077,20260824_121914,12,2026-08-24T12:24:58.696522-04:00,5-iron,130.62898399568877,90.0137884013672,11.565643541175028,-0.49955132196973295,radar,0.95,0.75,3228.5017538968104,10.5,10.5,,,config/iwr6843_l3dump_wide_24f3ms_53bin_iq16.cfg,732812,,,/Users/john.pacino/openflight_sessions/session_20260824_121914_trackman.jsonl,/Users/john.pacino/openflight_sessions/terminal_logs/kiosk_20260824_121905.log,/Users/john.pacino/openflight_sessions/iwr6843/iwr6843_20260824_122458_698_012.l3dump,/Users/john.pacino/openflight_sessions/trackman/camera/camera_20260824_122458_698_012,/Users/john.pacino/openflight_sessions/trackman/camera/camera_20260824_122458_698_012/first.pgm;/Users/john.pacino/openflight_sessions/trackman/camera/camera_20260824_122458_698_012/frames.npz;/Users/john.pacino/openflight_sessions/trackman/camera/camera_20260824_122458_698_012/last.pgm;/Users/john.pacino/openflight_sessions/trackman/camera/camera_20260824_122458_698_012/metadata.json;/Users/john.pacino/openflight_sessions/trackman/camera/camera_20260824_122458_698_012/trigger.pgm,-0.8760267416052727,-0.644765643013514,-2.145356458824967,-0.1525513219697341,-20.6,candidate_noisy_fit,15.8,rejected_phase_span,,withheld,,withheld,rejected_no_impact,-0.49955132196973295,0.75,camera_assisted_high,3.4882741772881047,,,467.6219515104666,99,0,109.10796259469697,500,15.0,low_2.875in,2.875,0.073025,5Iron low block in second session,128.70749834765624,accepted,8.450944159705822,direct_only,medium,29,8,8.450944159705822,-1.5278341679872467,0.00509603134892167,1.0452785049635,0.5783453001153092,0.0,False,"{""early"": 5.0698548089443, ""late"": 9.221018547842588, ""middle"": 7.405665654742322}",8.254239690375938,-1.7242807652780439,0.004167133706198811,1.3810169226592395,0.2782364739317469,1.894315107415807,False,"{""early"": 6.873222767716698, ""late"": 8.588578185108666, ""middle"": 6.728956385231989}",8.370657089019321,-1.5859538263973134,0.0006341450208242616,6.629342910980679,0.4860253690075389,2.3012728502496658,False,"{""early"": 15.0, ""late"": 8.003892761861996, ""middle"": 15.0}",6.420531930931779,-1.6698641440576247,0.00036615221593283565,6.579468069068221,0.7967106560032859,2.287526291460083,False,"{""early"": 13.0, ""late"": 5.6133571359306815, ""middle"": 13.0}"
matched,-649.636,75,1,17,08862338-ca9f-f111-9edb-83ad45319c98,2053a87f-9e76-44c2-b2c4-83d9a32883c2,2026-08-24T16:25:29.663715+00:00,2026-08-24T12:25:29.663715-04:00,5Iron,Premium,126.51664280601275,87.59618826055824,14.118999999999998,-1.361999999999999,-6.785,-1.022,-1.409,-0.387,3400.230000000002,-6.107999999999998,195.43164201726788,20260824_121914,13,2026-08-24T12:25:29.014079-04:00,5-iron,125.99325143006479,91.03204392626954,13.835334648449095,0.3028877389485274,radar,0.947,0.75,3847.353840024322,10.5,10.5,,,config/iwr6843_l3dump_wide_24f3ms_53bin_iq16.cfg,732812,,,/Users/john.pacino/openflight_sessions/session_20260824_121914_trackman.jsonl,/Users/john.pacino/openflight_sessions/terminal_logs/kiosk_20260824_121905.log,/Users/john.pacino/openflight_sessions/iwr6843/iwr6843_20260824_122529_011_013.l3dump,/Users/john.pacino/openflight_sessions/trackman/camera/camera_20260824_122529_011_013,/Users/john.pacino/openflight_sessions/trackman/camera/camera_20260824_122529_011_013/first.pgm;/Users/john.pacino/openflight_sessions/trackman/camera/camera_20260824_122529_011_013/frames.npz;/Users/john.pacino/openflight_sessions/trackman/camera/camera_20260824_122529_011_013/last.pgm;/Users/john.pacino/openflight_sessions/trackman/camera/camera_20260824_122529_011_013/metadata.json;/Users/john.pacino/openflight_sessions/trackman/camera/camera_20260824_122529_011_013/trigger.pgm,-0.5233913759479663,3.4358556657113013,-0.2836653515509031,1.6648877389485264,-25.5,candidate_out_of_bounds,6.6,rejected_phase_span,,withheld,,withheld,rejected_no_impact,0.3028877389485274,0.75,camera_assisted_high,,,,467.6219515104666,99,0,108.94438620580809,500,15.0,low_2.875in,2.875,0.073025,5Iron low block in second session,123.81987182812502,accepted,6.2838155752205145,two8,medium,23,6,8.59128011321985,-1.3601868228064868,0.005632507475403559,0.6858355513471537,0.4021611784035093,0.0,False,"{""early"": 7.850171561122559, ""late"": 8.852136350674371, ""middle"": 7.905444561872697}",6.2838155752205145,-1.5726809226161205,0.0015797853014307695,0.13575211213646643,0.12110665962651179,1.404553961393338,False,"{""early"": 7.466276822505035, ""late"": 6.419567687356981, ""middle"": 6.172943698008556}",12.520810173207089,-1.3640871579952896,0.0017037986330641353,1.964540275576752,0.615342107060382,1.7156665603443901,False,"{""early"": 14.48535044878384, ""late"": 12.45556509854453, ""middle"": 14.59702364536731}",13.696326973443702,-1.5484378932183294,0.0007373711125342464,0.7406286124568346,0.912114316394951,2.4508669481965737,False,"{""early"": 12.955698360986867, ""late"": 14.365114576298598, ""middle"": 12.900153899627279}"
matched,-655.9019999999999,76,0,11,08862338-ca9f-f111-9edb-83ad45319c98,fb6921d6-e3cb-4144-a2f4-462b22184765,2026-08-24T16:27:31.888278+00:00,2026-08-24T12:27:31.888278-04:00,Driver,Premium,158.1804760200428,108.17376521116665,11.080999999999968,-2.144000000000003,2.013,0.029,-2.546,-2.575,2634.76,6.021999999999998,263.19853315212606,20260824_121914,15,2026-08-24T12:27:31.232376-04:00,driver,157.49096290104956,106.3058767998047,9.814557261083731,1.617670074225373,radar,0.95,0.75,3203.694587778465,10.5,10.5,,,config/iwr6843_l3dump_wide_24f3ms_53bin_iq16.cfg,732812,,,/Users/john.pacino/openflight_sessions/session_20260824_121914_trackman.jsonl,/Users/john.pacino/openflight_sessions/terminal_logs/kiosk_20260824_121905.log,/Users/john.pacino/openflight_sessions/iwr6843/iwr6843_20260824_122731_235_015.l3dump,/Users/john.pacino/openflight_sessions/trackman/camera/camera_20260824_122731_235_015,/Users/john.pacino/openflight_sessions/trackman/camera/camera_20260824_122731_235_015/first.pgm;/Users/john.pacino/openflight_sessions/trackman/camera/camera_20260824_122731_235_015/frames.npz;/Users/john.pacino/openflight_sessions/trackman/camera/camera_20260824_122731_235_015/last.pgm;/Users/john.pacino/openflight_sessions/trackman/camera/camera_20260824_122731_235_015/metadata.json;/Users/john.pacino/openflight_sessions/trackman/camera/camera_20260824_122731_235_015/trigger.pgm,-0.6895131189932329,-1.8678884113619603,-1.2664427389162363,3.7616700742253757,-21.5,candidate_noisy_fit,36.9,candidate_out_of_bounds,,withheld,,withheld,rejected_no_stable_clubhead,1.617670074225373,0.75,camera_assisted_high,,,,467.6174888940846,99,0,107.92847222222223,500,15.0,low_2.875in,2.875,0.073025,Driver low block before shot 24 transition,155.79309531005862,accepted,20.56202375270069,four4_path_tdm,low,44,11,7.394103915028221,-0.36343692929790433,0.0007619823118536484,6.394103915028221,1.0789767890353028,0.0,False,"{""early"": 1.0, ""late"": 10.626447966380038, ""middle"": 1.0}",8.641082040533185,-0.6414191645577887,0.0009443302420509836,5.232011482946071,0.5742612223426828,2.044875667785723,False,"{""early"": 13.873093523479255, ""late"": 10.5376413545265, ""middle"": 2.6128085506034258}",24.020899693794306,-0.5707976307381606,0.0004075054026880798,6.020899693794306,1.070809521278207,0.7949676862928936,False,"{""early"": 31.0, ""late"": 18.0, ""middle"": 18.0}",20.56202375270069,-1.8220698916001992,0.0021050331781891085,2.0354327509739,0.22076790513570543,2.207116216693099,False,"{""early"": 16.166215159017757, ""late"": 21.827507059321245, ""middle"": 18.52659100172679}"
matched,-653.193,77,0,20,08862338-ca9f-f111-9edb-83ad45319c98,a00131db-4965-45d0-af81-a4a89ee700b2,2026-08-24T16:28:10.883121+00:00,2026-08-24T12:28:10.883121-04:00,Driver,Premium,155.56326055833915,109.21394058697196,11.159999999999961,-1.4950000000000037,3.869,0.656,-2.092,-2.748,3164.919999999991,4.993999999999996,254.36923913027914,20260824_121914,16,2026-08-24T12:28:10.229928-04:00,driver,155.23904213144561,107.83326008715821,10.64397338222597,,radar,0.95,,3477.172021536648,10.5,10.5,,,config/iwr6843_l3dump_wide_24f3ms_53bin_iq16.cfg,732812,,,/Users/john.pacino/openflight_sessions/session_20260824_121914_trackman.jsonl,/Users/john.pacino/openflight_sessions/terminal_logs/kiosk_20260824_121905.log,/Users/john.pacino/openflight_sessions/iwr6843/iwr6843_20260824_122810_230_016.l3dump,/Users/john.pacino/openflight_sessions/trackman/camera/camera_20260824_122810_230_016,/Users/john.pacino/openflight_sessions/trackman/camera/camera_20260824_122810_230_016/first.pgm;/Users/john.pacino/openflight_sessions/trackman/camera/camera_20260824_122810_230_016/frames.npz;/Users/john.pacino/openflight_sessions/trackman/camera/camera_20260824_122810_230_016/last.pgm;/Users/john.pacino/openflight_sessions/trackman/camera/camera_20260824_122810_230_016/metadata.json;/Users/john.pacino/openflight_sessions/trackman/camera/camera_20260824_122810_230_016/trigger.pgm,-0.3242184268935375,-1.3806804998137494,-0.5160266177739903,,-13.2,candidate_available,-2.0,candidate_noisy_fit,,withheld,,withheld,rejected_no_ball,,,camera_withheld_fallback_iwr:rejected_reference_ball_not_found,,,,467.62418285059886,99,0,108.24531360479799,500,15.0,low_2.875in,2.875,0.073025,Driver low block before shot 24 transition,153.45110760278322,accepted,22.836357641666027,four4_path_tdm,low,40,10,7.354642254012637,-0.38198586941487583,0.0023748172890926122,6.354642254012637,0.4134192567855859,0.0,False,"{""early"": 1.0, ""late"": 9.540401776256893, ""middle"": 1.0}",7.311684448931933,-0.5843982028244763,0.0011969295016007742,6.311684448931933,0.5345654010933552,1.4963567105720263,False,"{""early"": 1.0, ""late"": 9.820421614588579, ""middle"": 1.0}",19.778024215182388,-0.5429029270502107,0.000519010718441737,6.221975784817612,2.221478361539397,1.1426811707386433,False,"{""early"": 26.0, ""late"": 15.265954037556076, ""middle"": 26.0}",22.836357641666027,-2.117998141101113,0.009379550736473341,4.987504250517716,0.20267578134270536,2.1141276531711632,False,"{""early"": 16.0, ""late"": 24.009926630292338, ""middle"": 17.84885339114831}"
matched,-651.2189999999999,78,0,8,08862338-ca9f-f111-9edb-83ad45319c98,8d31ece5-db1c-4eab-957d-3e89bc9b454b,2026-08-24T16:28:42.263049+00:00,2026-08-24T12:28:42.263049-04:00,Driver,Premium,153.69094488188966,106.37079455977081,10.941999999999961,-4.5790000000000015,4.038,0.201,-5.568,-5.769,2579.1099999999815,3.2479999999999967,253.15834108092963,20260824_121914,17,2026-08-24T12:28:41.611830-04:00,driver,155.34389873742438,105.59309793237306,27.68959175208109,,radar,0.69,,10527.596805226307,10.5,10.5,,,config/iwr6843_l3dump_wide_24f3ms_53bin_iq16.cfg,732812,,,/Users/john.pacino/openflight_sessions/session_20260824_121914_trackman.jsonl,/Users/john.pacino/openflight_sessions/terminal_logs/kiosk_20260824_121905.log,/Users/john.pacino/openflight_sessions/iwr6843/iwr6843_20260824_122841_611_017.l3dump,/Users/john.pacino/openflight_sessions/trackman/camera/camera_20260824_122841_611_017,/Users/john.pacino/openflight_sessions/trackman/camera/camera_20260824_122841_611_017/first.pgm;/Users/john.pacino/openflight_sessions/trackman/camera/camera_20260824_122841_611_017/frames.npz;/Users/john.pacino/openflight_sessions/trackman/camera/camera_20260824_122841_611_017/last.pgm;/Users/john.pacino/openflight_sessions/trackman/camera/camera_20260824_122841_611_017/metadata.json;/Users/john.pacino/openflight_sessions/trackman/camera/camera_20260824_122841_611_017/trigger.pgm,1.6529538555347187,-0.7776966273977592,16.747591752081128,,-29.3,candidate_impact_contact_mismatch,,rejected_insufficient_phase_frames,,withheld,,withheld,rejected_no_ball,,,camera_withheld_fallback_iwr:rejected_reference_ball_not_found,,,,467.6041015559765,99,0,109.83784958964647,500,15.0,low_2.875in,2.875,0.073025,Driver low block before shot 24 transition,152.02554986791992,accepted,25.399892316546804,four4_path_tdm,low,44,12,5.27063655986106,-0.3910135851915308,0.0005560242703193108,6.27063655986106,1.2585447073210472,0.0,False,"{""early"": -1.0, ""late"": 10.4088503883651, ""middle"": -1.0}",5.976942841062724,-0.6396922972436184,0.0004431893162453182,5.192336102268092,0.7310847389211621,1.329726900878825,False,"{""early"": 0.784606738794632, ""late"": 9.732081616433344, ""middle"": -1.0}",21.99835632387737,-0.630932617650744,0.0007411323639717748,6.0016436761226295,0.5231136530363241,1.1820590449681094,False,"{""early"": 28.0, ""late"": 19.231422221186744, ""middle"": 28.0}",25.399892316546804,-1.9976637044532266,0.008539469340287376,1.644419183072383,0.12610460490564357,2.1449121207734896,False,"{""early"": 19.0, ""late"": 27.00165117426208, ""middle"": 23.75547313347442}"
matched,-658.325,79,0,14,08862338-ca9f-f111-9edb-83ad45319c98,fb441c6f-dc22-4eba-b91e-7a2234eeddb1,2026-08-24T16:29:17.496182+00:00,2026-08-24T12:29:17.496182-04:00,Driver,Premium,158.14692197566194,107.8292770221903,15.639,1.631,4.376,0.262,1.89,1.628,3204.2500000000055,3.4460000000000015,262.040842953794,20260824_121914,18,2026-08-24T12:29:16.837857-04:00,driver,157.79099099143806,103.0474591201172,18.154961218540173,-4.751263273224911,radar,0.95,0.95,6619.544638681472,10.5,10.5,,,config/iwr6843_l3dump_wide_24f3ms_53bin_iq16.cfg,732812,,,/Users/john.pacino/openflight_sessions/session_20260824_121914_trackman.jsonl,/Users/john.pacino/openflight_sessions/terminal_logs/kiosk_20260824_121905.log,/Users/john.pacino/openflight_sessions/iwr6843/iwr6843_20260824_122916_845_018.l3dump,/Users/john.pacino/openflight_sessions/trackman/camera/camera_20260824_122916_845_018,/Users/john.pacino/openflight_sessions/trackman/camera/camera_20260824_122916_845_018/first.pgm;/Users/john.pacino/openflight_sessions/trackman/camera/camera_20260824_122916_845_018/frames.npz;/Users/john.pacino/openflight_sessions/trackman/camera/camera_20260824_122916_845_018/last.pgm;/Users/john.pacino/openflight_sessions/trackman/camera/camera_20260824_122916_845_018/metadata.json;/Users/john.pacino/openflight_sessions/trackman/camera/camera_20260824_122916_845_018/trigger.pgm,-0.3559309842238747,-4.781817902073101,2.5159612185401734,-6.382263273224911,-27.7,candidate_impact_contact_mismatch,,rejected_insufficient_phase_frames,,withheld,,withheld,rejected_no_ball,,,camera_withheld_fallback_iwr:rejected_reference_ball_not_found,,,,467.60633272576325,99,0,108.51823611111111,500,15.0,low_2.875in,2.875,0.073025,Driver low block before shot 24 transition,155.28396754760743,accepted,22.44500017234275,four4_path_tdm,medium,48,12,9.848479616274165,-0.44651548326883117,0.0018729701434498924,6.229273708257683,0.35389468619777986,0.0,False,"{""early"": 3.0, ""late"": 12.84575953796358, ""middle"": 3.619205908016483}",9.265253429164838,-0.7569226330712368,0.001300553130174631,5.102239686502851,0.4100033351183914,1.6963661713515794,False,"{""early"": 4.163013742661987, ""late"": 12.92977036291676, ""middle"": 3.0}",18.3956619686216,-0.7054204897480205,0.0007961449926741082,3.850754375585641,0.5604626505617993,1.333504648315118,False,"{""early"": 25.0, ""late"": 15.488372530640651, ""middle"": 22.24641634420724}",22.44500017234275,-1.9264176912993018,0.004229792688001055,1.6549882222816663,0.2537581405494205,1.876927156953255,False,"{""early"": 16.0, ""late"": 24.099988394624415, ""middle"": 21.48477943619008}"
matched,-656.3330000000001,80,0,2,08862338-ca9f-f111-9edb-83ad45319c98,96ca5677-f6b9-4345-81cb-0e121fd5012f,2026-08-24T16:29:54.084487+00:00,2026-08-24T12:29:54.084487-04:00,Driver,Premium,151.7291517537579,108.7956335003578,12.836999999999996,-3.6710000000000047,1.452,-3.816,-3.634,0.182,4146.089999999995,20.319000000000006,233.50541988945483,20260824_121914,19,2026-08-24T12:29:53.428154-04:00,driver,151.0115288853958,106.3058767998047,14.07149838657311,,radar,0.95,,4704.0365916880455,10.5,10.5,,,config/iwr6843_l3dump_wide_24f3ms_53bin_iq16.cfg,732812,,,/Users/john.pacino/openflight_sessions/session_20260824_121914_trackman.jsonl,/Users/john.pacino/openflight_sessions/terminal_logs/kiosk_20260824_121905.log,/Users/john.pacino/openflight_sessions/iwr6843/iwr6843_20260824_122953_432_019.l3dump,/Users/john.pacino/openflight_sessions/trackman/camera/camera_20260824_122953_432_019,/Users/john.pacino/openflight_sessions/trackman/camera/camera_20260824_122953_432_019/first.pgm;/Users/john.pacino/openflight_sessions/trackman/camera/camera_20260824_122953_432_019/frames.npz;/Users/john.pacino/openflight_sessions/trackman/camera/camera_20260824_122953_432_019/last.pgm;/Users/john.pacino/openflight_sessions/trackman/camera/camera_20260824_122953_432_019/metadata.json;/Users/john.pacino/openflight_sessions/trackman/camera/camera_20260824_122953_432_019/trigger.pgm,-0.7176228683620991,-2.4897567005531016,1.2344983865731134,,-21.1,candidate_impact_contact_mismatch,,rejected_insufficient_phase_frames,,withheld,,withheld,rejected_no_impact,,,camera_withheld_fallback_iwr:rejected_unstable_consensus,,,,467.61525761783423,99,0,108.14999321338384,500,15.0,low_2.875in,2.875,0.073025,Driver low block before shot 24 transition,148.8689577407227,accepted,10.72692781666825,direct_only,medium,25,7,10.72692781666825,-1.795409475260786,0.015626973475752814,1.0213480194398539,0.35419403724713483,0.0,False,"{""early"": 9.705579797228395, ""late"": 11.886485431441798, ""middle"": 11.047781247215095}",10.015938556425708,-1.9639664262551861,0.00315225439473088,1.0843234930724002,0.30892166677164035,2.0513048218436554,False,"{""early"": 8.053055222216829, ""late"": 10.727183493442926, ""middle"": 8.931615063353307}",10.881832568522013,-1.825119213591139,0.002279264408208359,2.2357707840486363,0.7334385731391873,2.2649545075994384,False,"{""early"": 8.646061784473376, ""late"": 9.00675482968535, ""middle"": 6.940692370760156}",10.013377229229382,-2.0448121275334685,0.0019451607695999407,1.0814988407735395,0.7797238258351555,2.1061757140426485,False,"{""early"": 7.912602080751849, ""late"": 9.664667794382765, ""middle"": 8.931878388455843}"
matched,-658.439,81,0,25,08862338-ca9f-f111-9edb-83ad45319c98,9d83e3b1-d773-4fe0-abfa-d92d409bfeef,2026-08-24T16:30:25.687531+00:00,2026-08-24T12:30:25.687531-04:00,Driver,Premium,155.61694702934844,106.18736578382236,11.88999999999998,-4.577999999999996,4.712,-0.086,-5.462,-5.377,2500.139999999993,-7.131999999999999,259.6908995416366,20260824_121914,20,2026-08-24T12:30:25.029092-04:00,driver,156.47937747511463,104.47301685498049,25.445368957950045,,radar,0.69,,9652.596826356139,10.5,10.5,,,config/iwr6843_l3dump_wide_24f3ms_53bin_iq16.cfg,732812,,,/Users/john.pacino/openflight_sessions/session_20260824_121914_trackman.jsonl,/Users/john.pacino/openflight_sessions/terminal_logs/kiosk_20260824_121905.log,/Users/john.pacino/openflight_sessions/iwr6843/iwr6843_20260824_123025_035_020.l3dump,/Users/john.pacino/openflight_sessions/trackman/camera/camera_20260824_123025_035_020,/Users/john.pacino/openflight_sessions/trackman/camera/camera_20260824_123025_035_020/first.pgm;/Users/john.pacino/openflight_sessions/trackman/camera/camera_20260824_123025_035_020/frames.npz;/Users/john.pacino/openflight_sessions/trackman/camera/camera_20260824_123025_035_020/last.pgm;/Users/john.pacino/openflight_sessions/trackman/camera/camera_20260824_123025_035_020/metadata.json;/Users/john.pacino/openflight_sessions/trackman/camera/camera_20260824_123025_035_020/trigger.pgm,0.8624304457661935,-1.714348928841872,13.555368957950066,,,candidate_impact_contact_mismatch,,rejected_insufficient_phase_frames,,withheld,,withheld,rejected_no_impact,,,camera_withheld_fallback_iwr:rejected_unstable_consensus,,,,467.6174888940846,99,0,107.84704908459597,500,15.0,low_2.875in,2.875,0.073025,Driver low block before shot 24 transition,153.349282050293,accepted,22.477743250845975,four4_path_tdm,low,43,11,8.609271057993249,-0.4477721450008151,0.0015225913765425925,5.9232326118936705,0.35506508209657284,0.0,False,"{""early"": 2.0, ""late"": 10.454439416697626, ""middle"": 2.686038446099578}",8.200282050384256,-0.7156316905391794,0.0007274082660787551,5.386413383874295,0.5575921641588462,1.2597715546454165,False,"{""early"": 2.8138686665099617, ""late"": 11.528871042621159, ""middle"": 2.0}",22.535289576732346,-0.6646747900440494,0.0008038943044096358,6.464710423267654,0.9838326447526029,1.2981632439998307,False,"{""early"": 29.0, ""late"": 19.77728193631144, ""middle"": 16.0}",22.477743250845975,-1.9205869156102793,0.0034502182340756526,2.136925303254639,0.3285850790544558,2.1134132696471553,False,"{""early"": 16.0, ""late"": 24.614668554100614, ""middle"": 20.886546569382325}"
matched,-650.7579999999999,82,0,4,08862338-ca9f-f111-9edb-83ad45319c98,a0514a00-ff82-4a28-a867-1c175006899a,2026-08-24T16:31:00.853013+00:00,2026-08-24T12:31:00.853013-04:00,Driver,Premium,141.31845025053673,104.92573371510368,2.788000000000009,-10.294000000000006,1.894,-0.401,-11.264,-10.863,1367.2199999999864,-7.874999999999987,110.27075570123175,20260824_121914,21,2026-08-24T12:31:00.202255-04:00,driver,141.9055190785821,104.26936575,2.8790465546918456,34.23735610631037,radar,0.69,0.942,666.1624389639372,10.5,10.5,,,config/iwr6843_l3dump_wide_24f3ms_53bin_iq16.cfg,732812,,,/Users/john.pacino/openflight_sessions/session_20260824_121914_trackman.jsonl,/Users/john.pacino/openflight_sessions/terminal_logs/kiosk_20260824_121905.log,/Users/john.pacino/openflight_sessions/iwr6843/iwr6843_20260824_123100_201_021.l3dump,/Users/john.pacino/openflight_sessions/trackman/camera/camera_20260824_123100_201_021,/Users/john.pacino/openflight_sessions/trackman/camera/camera_20260824_123100_201_021/first.pgm;/Users/john.pacino/openflight_sessions/trackman/camera/camera_20260824_123100_201_021/frames.npz;/Users/john.pacino/openflight_sessions/trackman/camera/camera_20260824_123100_201_021/last.pgm;/Users/john.pacino/openflight_sessions/trackman/camera/camera_20260824_123100_201_021/metadata.json;/Users/john.pacino/openflight_sessions/trackman/camera/camera_20260824_123100_201_021/trigger.pgm,0.5870688280453749,-0.6563679651036693,0.09104655469183642,44.531356106310376,-33.1,candidate_impact_contact_mismatch,,rejected_insufficient_phase_frames,,withheld,,withheld,rejected_no_impact,8.311306199214982,,camera_experimental_disagreement_fallback_iwr,-25.926049907095376,,,467.61525761783423,99,0,107.94221654040405,500,15.0,low_2.875in,2.875,0.073025,Driver low block before shot 24 transition,141.02839019897462,accepted,-4.72188294986228,direct_only,high,28,8,-4.72188294986228,-2.1750675532598454,0.012808310883321461,0.6115736011450092,0.2781170501377197,0.0,False,"{""early"": -5.0, ""late"": -4.110309348717271, ""middle"": -4.042290575425352}",-5.0,-2.306059651728079,,1.4115008882787645,0.0,0.7355278473970792,True,"{""early"": -1.8392586379834168, ""late"": -5.0, ""middle"": -3.5884991117212355}",8.366671675818758,-2.030401749203418,0.0025797471974069452,3.9730153361257425,0.32427435967693974,1.2197802852313613,False,"{""early"": 3.1725362539099926, ""late"": 12.3396870119445, ""middle"": 7.899648028475742}",3.2847801667924297,-1.8368553445234483,0.0006361144663038498,3.0244113853704246,1.0011603094453334,0.9793984681856425,False,"{""early"": 6.309191552162854, ""late"": 0.15371530226229216, ""middle"": 1.7197746283980853}"
matched,-649.014,83,0,19,08862338-ca9f-f111-9edb-83ad45319c98,a76bfea0-b6f9-437f-956b-9f2cf1a1a21d,2026-08-24T16:31:22.031630+00:00,2026-08-24T12:31:22.031630-04:00,Driver,Premium,52.480762347888245,,8.688000000000006,-23.79,,,,,11426.120000000003,-166.801,12.26536773790707,20260824_121914,22,2026-08-24T12:31:21.382616-04:00,driver,100.02920099144282,74.63812997534181,28.731197909753057,,radar,0.871,,7060.342881764749,10.5,10.5,,,config/iwr6843_l3dump_wide_24f3ms_53bin_iq16.cfg,732812,,,/Users/john.pacino/openflight_sessions/session_20260824_121914_trackman.jsonl,/Users/john.pacino/openflight_sessions/terminal_logs/kiosk_20260824_121905.log,/Users/john.pacino/openflight_sessions/iwr6843/iwr6843_20260824_123121_381_022.l3dump,/Users/john.pacino/openflight_sessions/trackman/camera/camera_20260824_123121_381_022,/Users/john.pacino/openflight_sessions/trackman/camera/camera_20260824_123121_381_022/first.pgm;/Users/john.pacino/openflight_sessions/trackman/camera/camera_20260824_123121_381_022/frames.npz;/Users/john.pacino/openflight_sessions/trackman/camera/camera_20260824_123121_381_022/last.pgm;/Users/john.pacino/openflight_sessions/trackman/camera/camera_20260824_123121_381_022/metadata.json;/Users/john.pacino/openflight_sessions/trackman/camera/camera_20260824_123121_381_022/trigger.pgm,47.548438643554576,,20.04319790975305,,-31.5,candidate_impact_contact_mismatch,22.5,candidate_noisy_fit,,withheld,,withheld,rejected_no_ball,,,camera_withheld_fallback_iwr:rejected_reference_ball_not_found,,,,467.6174888940846,99,0,107.27032149621212,500,15.0,low_2.875in,2.875,0.073025,Driver low block before shot 24 transition,96.2251471032715,accepted,27.845643241382003,four4_path_tdm,medium,42,12,42.742351182858776,-0.18171647213333073,0.0007884427957332574,2.2576488171412237,0.45247630504763237,0.0,False,"{""early"": 37.65131602328598, ""late"": 45.0, ""middle"": 45.0}",10.818501613080016,-0.18159206846444229,0.0006435443769855775,6.8185016130800165,0.7441714670599264,1.262090865848149,False,"{""early"": 4.0, ""late"": 17.0, ""middle"": 4.0}",30.569389638438153,-0.5240380355831104,0.0012357939535670992,4.228893158631802,0.4356326172142069,0.6822775853297531,False,"{""early"": 35.010589313303484, ""late"": 26.34049647980635, ""middle"": 34.73294602687076}",27.845643241382003,-2.0371997581794474,0.005604990454961989,1.9384457057737876,0.3032698458875558,1.7860924908124278,False,"{""early"": 21.0, ""late"": 29.78408894715579, ""middle"": 27.690077340615872}"
matched,-657.821,84,0,26,08862338-ca9f-f111-9edb-83ad45319c98,2f8f8fc6-76bf-4690-a9ce-f1e5b91b640a,2026-08-24T16:31:56.210005+00:00,2026-08-24T12:31:56.210005-04:00,Driver,Premium,150.9014853256978,106.81594488188964,6.836999999999965,-4.071000000000005,2.909,-1.299,-5.486,-4.187,3631.6699999999933,8.457999999999995,231.0869575762884,20260824_121914,23,2026-08-24T12:31:55.552184-04:00,driver,153.03919650459528,102.13102914770509,25.513234311565782,,radar,0.69,,9468.585816129429,10.5,10.5,,,config/iwr6843_l3dump_wide_24f3ms_53bin_iq16.cfg,732812,,,/Users/john.pacino/openflight_sessions/session_20260824_121914_trackman.jsonl,/Users/john.pacino/openflight_sessions/terminal_logs/kiosk_20260824_121905.log,/Users/john.pacino/openflight_sessions/iwr6843/iwr6843_20260824_123155_558_023.l3dump,/Users/john.pacino/openflight_sessions/trackman/camera/camera_20260824_123155_558_023,/Users/john.pacino/openflight_sessions/trackman/camera/camera_20260824_123155_558_023/first.pgm;/Users/john.pacino/openflight_sessions/trackman/camera/camera_20260824_123155_558_023/frames.npz;/Users/john.pacino/openflight_sessions/trackman/camera/camera_20260824_123155_558_023/last.pgm;/Users/john.pacino/openflight_sessions/trackman/camera/camera_20260824_123155_558_023/metadata.json;/Users/john.pacino/openflight_sessions/trackman/camera/camera_20260824_123155_558_023/trigger.pgm,2.13771117889749,-4.684915734184543,18.676234311565818,,,candidate_impact_contact_mismatch,,rejected_insufficient_phase_frames,,withheld,,withheld,rejected_no_ball,,,camera_withheld_fallback_iwr:rejected_reference_ball_not_found,,,,467.6174888940846,99,0,107.67933159722222,500,15.0,low_2.875in,2.875,0.073025,Driver low block before shot 24 transition,149.88721326562504,accepted,23.07367884768129,four4_path_tdm,low,48,12,6.992370945983695,-0.34144810009657517,0.0011477683717823206,6.007629054016305,0.20571205269883253,0.0,False,"{""early"": 13.0, ""late"": 8.390956808194101, ""middle"": 0.0}",6.857859696499336,-0.5867578030798087,0.0006625062245462221,2.1625314082889133,0.6047979580012814,1.5965983672802477,False,"{""early"": 5.674128540798865, ""late"": 9.02039110478825, ""middle"": 0.0}",25.410428195462607,-0.5817717042752452,0.0020595504532173736,6.5895718045373926,1.7071717166354343,0.5116978840839969,False,"{""early"": 32.0, ""late"": 19.0, ""middle"": 32.0}",23.07367884768129,-2.027993431906523,0.005106712260015023,1.5065855481253365,0.1848845127401244,2.1305301925360225,False,"{""early"": 20.115082454673647, ""late"": 23.444628738785354, ""middle"": 21.567093299555953}"
matched,-658.4989999999999,85,0,21,08862338-ca9f-f111-9edb-83ad45319c98,83c64957-1a8d-40bf-a9e4-b2700e03a297,2026-08-24T16:34:02.017838+00:00,2026-08-24T12:34:02.017838-04:00,Driver,Premium,148.23505726556888,103.42474946313517,9.506999999999971,-3.515000000000004,0.412,-2.297,-3.831,-1.534,3419.1700000000005,13.791000000000007,231.52358908640187,20260824_121914,24,2026-08-24T12:34:01.359339-04:00,driver,147.92526111674454,104.16754019750978,11.681477597053663,1.4413516369998245,radar,0.913,0.95,3699.3544990523387,10.5,10.5,,,config/iwr6843_l3dump_wide_24f3ms_53bin_iq16.cfg,732812,,,/Users/john.pacino/openflight_sessions/session_20260824_121914_trackman.jsonl,/Users/john.pacino/openflight_sessions/terminal_logs/kiosk_20260824_121905.log,/Users/john.pacino/openflight_sessions/iwr6843/iwr6843_20260824_123401_365_025.l3dump,/Users/john.pacino/openflight_sessions/trackman/camera/camera_20260824_123401_365_025,/Users/john.pacino/openflight_sessions/trackman/camera/camera_20260824_123401_365_025/first.pgm;/Users/john.pacino/openflight_sessions/trackman/camera/camera_20260824_123401_365_025/frames.npz;/Users/john.pacino/openflight_sessions/trackman/camera/camera_20260824_123401_365_025/last.pgm;/Users/john.pacino/openflight_sessions/trackman/camera/camera_20260824_123401_365_025/metadata.json;/Users/john.pacino/openflight_sessions/trackman/camera/camera_20260824_123401_365_025/trigger.pgm,-0.30979614882434703,0.7427907343746085,2.1744775970536914,4.956351636999829,-9.5,candidate_available,0.8,rejected_azimuth_fit,,withheld,,withheld,rejected_no_ball,,,camera_withheld_fallback_iwr:rejected_reference_ball_not_found,,,,467.61972019162863,99,0,104.61107417929293,500,15.0,high_5.25in,5.25,0.133350,Driver high block from shot 24 onward,146.01784227099608,accepted,7.041653774906687,direct_only,high,24,7,7.041653774906687,-1.7035974558446512,0.007175941887968218,0.35307621861387783,0.39001656051926936,0.0,False,"{""early"": 6.895437349359813, ""late"": 6.68857755629281, ""middle"": 7.864794383893579}",7.721228915809122,-1.8320858675009795,0.003465375814805327,0.6971298133763897,0.1458547289905292,1.9032282351381284,False,"{""early"": 9.226816185237105, ""late"": 7.024099102432732, ""middle"": 7.5483962923074035}",13.922921848479604,-1.6434985097102361,0.0017249835158923421,0.8666748080428146,0.6157909261876089,1.1026549084343504,False,"{""early"": 7.0, ""late"": 14.789596656522418, ""middle"": 13.636765878325706}",13.631787475784966,-1.6391004989680626,0.0015341658119107926,0.8092204276394241,0.39570232114465753,1.3398143669709066,False,"{""early"": 11.35330331976366, ""late"": 13.509725322825728, ""middle"": 14.44100790342439}"
matched,-649.963,86,0,12,08862338-ca9f-f111-9edb-83ad45319c98,42ae0ffc-348b-4da5-9474-502b3fce60c8,2026-08-24T16:34:40.645786+00:00,2026-08-24T12:34:40.645786-04:00,Driver,Premium,151.03570150322108,104.30833929849666,13.555999999999989,0.46399999999999675,1.223,-1.934,1.002,2.936,4039.419999999997,15.970000000000006,235.31116474013078,20260824_121914,25,2026-08-24T12:34:39.995823-04:00,driver,150.03352080371104,104.77849351245118,12.416777880969203,-3.9226423003095428,radar,0.95,0.95,4032.877602095021,10.5,10.5,,,config/iwr6843_l3dump_wide_24f3ms_53bin_iq16.cfg,732812,,,/Users/john.pacino/openflight_sessions/session_20260824_121914_trackman.jsonl,/Users/john.pacino/openflight_sessions/terminal_logs/kiosk_20260824_121905.log,/Users/john.pacino/openflight_sessions/iwr6843/iwr6843_20260824_123439_993_026.l3dump,/Users/john.pacino/openflight_sessions/trackman/camera/camera_20260824_123439_993_026,/Users/john.pacino/openflight_sessions/trackman/camera/camera_20260824_123439_993_026/first.pgm;/Users/john.pacino/openflight_sessions/trackman/camera/camera_20260824_123439_993_026/frames.npz;/Users/john.pacino/openflight_sessions/trackman/camera/camera_20260824_123439_993_026/last.pgm;/Users/john.pacino/openflight_sessions/trackman/camera/camera_20260824_123439_993_026/metadata.json;/Users/john.pacino/openflight_sessions/trackman/camera/camera_20260824_123439_993_026/trigger.pgm,-1.0021806995100349,0.4701542139545154,-1.1392221190307854,-4.386642300309539,,candidate_impact_contact_mismatch,,rejected_insufficient_phase_frames,,withheld,,withheld,rejected_no_ball,,,camera_withheld_fallback_iwr:rejected_reference_ball_not_found,,,,467.6174888940846,99,0,104.9294237689394,500,15.0,high_5.25in,5.25,0.133350,Driver high block from shot 24 onward,148.05435332080077,accepted,12.28056636167688,direct_only,high,22,7,12.28056636167688,-1.5447163026794166,0.008515985568720463,0.26059017199904133,0.07749966908244943,0.0,False,"{""early"": 11.88250657232263, ""middle"": 12.403686916320712}",11.661205604646852,-1.5459732132762307,0.004913792906072301,1.3684193613159668,0.15328216175568166,1.6487489981714627,False,"{""early"": 9.78101428491604, ""middle"": 10.804558201745731}",14.507655032041104,-1.437531821191128,0.0026142516244658243,4.183739809885569,0.8725076994868459,1.8284649551772771,False,"{""early"": 16.36747961977114, ""middle"": 8.0}",10.756596178248113,-1.7715524156979885,0.0011831495398015868,5.084162926604458,1.0384061887299634,1.8604442654961613,False,"{""early"": 14.168325853208916, ""middle"": 4.0}"
matched,-651.1850000000001,87,0,7,08862338-ca9f-f111-9edb-83ad45319c98,25f5ec17-98e9-4e74-b3ca-3e37fca6cb21,2026-08-24T16:35:15.018028+00:00,2026-08-24T12:35:15.018028-04:00,Driver,Premium,147.30672870436632,108.57865068002852,3.609999999999994,-9.439,0.768,-3.132,-10.87,-7.738,2286.850000000006,8.312999999999981,178.25198790287362,20260824_121914,26,2026-08-24T12:35:14.366843-04:00,driver,144.98915570043343,106.6113534572754,11.798206383662665,,radar,0.69,,3668.8356412736316,10.5,10.5,,,config/iwr6843_l3dump_wide_24f3ms_53bin_iq16.cfg,732812,,,/Users/john.pacino/openflight_sessions/session_20260824_121914_trackman.jsonl,/Users/john.pacino/openflight_sessions/terminal_logs/kiosk_20260824_121905.log,/Users/john.pacino/openflight_sessions/iwr6843/iwr6843_20260824_123514_365_027.l3dump,/Users/john.pacino/openflight_sessions/trackman/camera/camera_20260824_123514_365_027,/Users/john.pacino/openflight_sessions/trackman/camera/camera_20260824_123514_365_027/first.pgm;/Users/john.pacino/openflight_sessions/trackman/camera/camera_20260824_123514_365_027/frames.npz;/Users/john.pacino/openflight_sessions/trackman/camera/camera_20260824_123514_365_027/last.pgm;/Users/john.pacino/openflight_sessions/trackman/camera/camera_20260824_123514_365_027/metadata.json;/Users/john.pacino/openflight_sessions/trackman/camera/camera_20260824_123514_365_027/trigger.pgm,-2.3175730039328926,-1.9672972227531176,8.18820638366267,,-16.2,candidate_impact_contact_mismatch,,rejected_insufficient_phase_frames,,withheld,,withheld,rejected_no_ball,,,camera_withheld_fallback_iwr:rejected_reference_ball_not_found,,,,467.6174888940846,99,0,104.66026452020202,500,15.0,high_5.25in,5.25,0.133350,Driver high block from shot 24 onward,143.0649012487793,accepted,-0.7096992606800211,direct_only,medium,38,12,-0.7096992606800211,-1.1416273191554087,0.010768162798372227,1.4994815712841987,0.1257876756896989,0.0,False,"{""early"": -2.600144510683417, ""middle"": -1.8182171532450226}",-5.0,-1.1950748627715844,,3.0113434680526225,0.0,0.7582789686889309,True,"{""early"": 0.02776512078141809, ""middle"": -4.005078184676173}",2.7244662938882276,-0.7945402759031065,9.216639580056363e-05,5.112202870710088,1.1138930806593499,0.7493700433221238,False,"{""early"": 9.0, ""middle"": -1.2244057414201757}",11.70205458738767,-1.7032435718135044,0.004833012068772069,2.4440912974836975,0.09227127482152753,0.8869740713847954,False,"{""early"": 12.85953130723089, ""middle"": 15.432760462511844}"
matched,-649.711,88,0,22,08862338-ca9f-f111-9edb-83ad45319c98,78ef439a-74ac-443b-a8cd-c3fe5657df44,2026-08-24T16:35:36.397786+00:00,2026-08-24T12:35:36.397786-04:00,Driver,Premium,113.22029348604138,,4.880000000000008,-3.0290000000000004,,,,,11436.1,-179.81,16.953497711196587,20260824_121914,27,2026-08-24T12:35:35.748075-04:00,driver,100.50579698688253,68.22312016845703,8.96204351707525,,radar,0.69,,1835.0777861865786,10.5,10.5,,,config/iwr6843_l3dump_wide_24f3ms_53bin_iq16.cfg,732812,,,/Users/john.pacino/openflight_sessions/session_20260824_121914_trackman.jsonl,/Users/john.pacino/openflight_sessions/terminal_logs/kiosk_20260824_121905.log,/Users/john.pacino/openflight_sessions/iwr6843/iwr6843_20260824_123535_746_028.l3dump,/Users/john.pacino/openflight_sessions/trackman/camera/camera_20260824_123535_746_028,/Users/john.pacino/openflight_sessions/trackman/camera/camera_20260824_123535_746_028/first.pgm;/Users/john.pacino/openflight_sessions/trackman/camera/camera_20260824_123535_746_028/frames.npz;/Users/john.pacino/openflight_sessions/trackman/camera/camera_20260824_123535_746_028/last.pgm;/Users/john.pacino/openflight_sessions/trackman/camera/camera_20260824_123535_746_028/metadata.json;/Users/john.pacino/openflight_sessions/trackman/camera/camera_20260824_123535_746_028/trigger.pgm,-12.714496499158855,,4.082043517075242,,-11.4,candidate_impact_contact_mismatch,,rejected_insufficient_phase_frames,,withheld,,withheld,rejected_no_ball,,,camera_withheld_fallback_iwr:rejected_reference_ball_not_found,,,,467.61972019162863,99,0,104.71287373737374,500,15.0,high_5.25in,5.25,0.133350,Driver high block from shot 24 onward,98.8726114680176,accepted,8.314960996591836,four4_path_tdm,low,42,12,2.899284948892534,-1.3419176356233635,0.006387659735034079,4.280907008655442,0.8777396312082356,0.0,False,"{""early"": -4.0, ""middle"": 1.2367558804741852}",-5.0,-1.878508591009518,,1.0895782166758163,0.0,1.2360428703398376,True,"{""early"": -2.8208435666483673, ""middle"": -5.0}",9.842319997454913,-1.6141031152427694,0.0006127373630031574,4.9105558088799155,1.0294328278554747,2.248628251742768,False,"{""early"": 3.0, ""middle"": 12.821111617759831}",8.314960996591836,-2.0112739153394217,0.000834501999583459,2.0022461941833374,0.43689942112998237,2.1263030600203567,False,"{""early"": 4.510021281731955, ""middle"": 8.115408323085042}"
matched,-648.929,89,0,16,08862338-ca9f-f111-9edb-83ad45319c98,65c75a52-d9ce-4015-8df3-83a8d4a48637,2026-08-24T16:35:57.427266+00:00,2026-08-24T12:35:57.427266-04:00,Driver,Premium,154.78928060128834,108.10442018611297,15.597999999999992,-1.6860000000000017,4.5,0.999,-2.164,-3.164,2964.6499999999874,4.905999999999998,259.5433993453223,20260824_121914,28,2026-08-24T12:35:56.778337-04:00,driver,153.25861880921053,106.6113534572754,14.193544965996091,-3.719835503688929,radar,0.95,0.918,4822.747090172813,10.5,10.5,,,config/iwr6843_l3dump_wide_24f3ms_53bin_iq16.cfg,732812,,,/Users/john.pacino/openflight_sessions/session_20260824_121914_trackman.jsonl,/Users/john.pacino/openflight_sessions/terminal_logs/kiosk_20260824_121905.log,/Users/john.pacino/openflight_sessions/iwr6843/iwr6843_20260824_123556_774_029.l3dump,/Users/john.pacino/openflight_sessions/trackman/camera/camera_20260824_123556_774_029,/Users/john.pacino/openflight_sessions/trackman/camera/camera_20260824_123556_774_029/first.pgm;/Users/john.pacino/openflight_sessions/trackman/camera/camera_20260824_123556_774_029/frames.npz;/Users/john.pacino/openflight_sessions/trackman/camera/camera_20260824_123556_774_029/last.pgm;/Users/john.pacino/openflight_sessions/trackman/camera/camera_20260824_123556_774_029/metadata.json;/Users/john.pacino/openflight_sessions/trackman/camera/camera_20260824_123556_774_029/trigger.pgm,-1.530661792077808,-1.4930667288375759,-1.4044550340039006,-2.0338355036889273,,candidate_impact_contact_mismatch,-8.3,rejected_impact_contact_mismatch,,withheld,,withheld,rejected_no_ball,,,camera_withheld_fallback_iwr:rejected_reference_ball_not_found,,,,467.6107951292132,99,0,104.06629577020202,500,15.0,high_5.25in,5.25,0.133350,Driver high block from shot 24 onward,151.1091198955078,accepted,15.120881148729216,direct_only,high,26,8,15.120881148729216,-1.0937468236173524,0.0073416674817774474,0.2620815190219208,0.24459622885562649,0.0,False,"{""early"": 13.584420064787968, ""late"": 15.382962667751137, ""middle"": 15.220916980810635}",11.81976225417007,-1.059085676505373,0.001254296588962145,1.4632691421205894,0.5919807855276673,1.1741721912477465,False,"{""early"": 9.95407685964245, ""late"": 13.28303139629066, ""middle"": 11.439255058507188}",15.648209784845994,-1.345460187615844,0.001791469867240325,1.450421939488022,0.39765768682515823,2.4460262955532546,False,"{""early"": 22.0, ""late"": 14.843444201587447, ""middle"": 17.098631724334016}",14.133775629059445,-1.5376617831327877,0.005135764860671355,0.23126199378504175,0.19428714669206393,2.3023986386724573,False,"{""early"": 13.902513635274403, ""late"": 14.167724253184717, ""middle"": 13.300217149432392}"
matched,-657.969,90,0,23,08862338-ca9f-f111-9edb-83ad45319c98,385ecd33-0af2-4a0f-8340-d5d49d743141,2026-08-24T16:36:27.895975+00:00,2026-08-24T12:36:27.895975-04:00,Driver,Premium,152.76485325697908,106.61909448818885,15.775999999999962,-2.2690000000000103,4.791,-0.415,-2.625,-2.211,3083.1999999999875,12.21599999999999,252.87368892005978,20260824_121914,29,2026-08-24T12:36:27.238006-04:00,driver,151.70823346123532,106.20405124731447,18.23495034641823,,radar,0.69,,6396.886356923905,10.5,10.5,,,config/iwr6843_l3dump_wide_24f3ms_53bin_iq16.cfg,732812,,,/Users/john.pacino/openflight_sessions/session_20260824_121914_trackman.jsonl,/Users/john.pacino/openflight_sessions/terminal_logs/kiosk_20260824_121905.log,/Users/john.pacino/openflight_sessions/iwr6843/iwr6843_20260824_123627_243_030.l3dump,/Users/john.pacino/openflight_sessions/trackman/camera/camera_20260824_123627_243_030,/Users/john.pacino/openflight_sessions/trackman/camera/camera_20260824_123627_243_030/first.pgm;/Users/john.pacino/openflight_sessions/trackman/camera/camera_20260824_123627_243_030/frames.npz;/Users/john.pacino/openflight_sessions/trackman/camera/camera_20260824_123627_243_030/last.pgm;/Users/john.pacino/openflight_sessions/trackman/camera/camera_20260824_123627_243_030/metadata.json;/Users/john.pacino/openflight_sessions/trackman/camera/camera_20260824_123627_243_030/trigger.pgm,-1.0566197957437566,-0.4150432408743825,2.458950346418268,,,candidate_impact_contact_mismatch,0.2,candidate_noisy_fit,,withheld,,withheld,rejected_no_ball,,,camera_withheld_fallback_iwr:rejected_reference_ball_not_found,,,,467.60633272576325,99,0,104.64864046717172,500,15.0,high_5.25in,5.25,0.133350,Driver high block from shot 24 onward,149.17443439819337,accepted,17.71458331128564,four4_path_tdm,medium,22,6,13.510005816003417,-0.7126398887178174,0.0019041832473387643,0.43836816463788075,0.6342116181408386,0.0,False,"{""early"": 13.948373980641298, ""late"": 17.739540096738715, ""middle"": 13.279647536664436}",5.426158801291569,-0.7732987702430751,0.0002320691014268128,4.411807578226558,4.268359528703989,0.9408853114072149,False,"{""early"": 9.837966379518127, ""late"": -1.0, ""middle"": 2.516697456193884}",23.234872042957765,-1.3846554683904084,0.006555530932015996,1.4116093181041087,0.2738642296273923,2.403164977473914,False,"{""early"": 27.06931938175464, ""late"": 21.823262724853656, ""middle"": 23.55493624681096}",17.71458331128564,-1.7013246910292283,0.0016046030865910499,0.17290944713750633,0.205139275975176,1.8080599233686787,False,"{""early"": 17.887492758423146, ""late"": 17.531725758161585, ""middle"": 17.768874865100237}"
matched,-652.0319999999999,91,0,13,08862338-ca9f-f111-9edb-83ad45319c98,88804fd6-37d4-43f1-8c5f-51e4ea218b84,2026-08-24T16:36:56.340250+00:00,2026-08-24T12:36:56.340250-04:00,Driver,Premium,154.38439513242648,106.2790801717966,12.73999999999998,0.2519999999999969,3.258,0.581,0.168,-0.414,3581.1400000000003,7.280000000000002,248.55789958765013,20260824_121914,30,2026-08-24T12:36:55.688218-04:00,driver,153.5660801109827,106.10222569482423,12.174589907074715,-1.6751787337588824,radar,0.863,0.95,4032.8736994878673,10.5,10.5,,,config/iwr6843_l3dump_wide_24f3ms_53bin_iq16.cfg,732812,,,/Users/john.pacino/openflight_sessions/session_20260824_121914_trackman.jsonl,/Users/john.pacino/openflight_sessions/terminal_logs/kiosk_20260824_121905.log,/Users/john.pacino/openflight_sessions/iwr6843/iwr6843_20260824_123655_687_031.l3dump,/Users/john.pacino/openflight_sessions/trackman/camera/camera_20260824_123655_687_031,/Users/john.pacino/openflight_sessions/trackman/camera/camera_20260824_123655_687_031/first.pgm;/Users/john.pacino/openflight_sessions/trackman/camera/camera_20260824_123655_687_031/frames.npz;/Users/john.pacino/openflight_sessions/trackman/camera/camera_20260824_123655_687_031/last.pgm;/Users/john.pacino/openflight_sessions/trackman/camera/camera_20260824_123655_687_031/metadata.json;/Users/john.pacino/openflight_sessions/trackman/camera/camera_20260824_123655_687_031/trigger.pgm,-0.818315021443766,-0.17685447697236611,-0.5654100929252657,-1.9271787337588793,,candidate_impact_contact_mismatch,,rejected_insufficient_phase_frames,,withheld,,withheld,rejected_no_ball,,,camera_withheld_fallback_iwr:rejected_reference_ball_not_found,,,,467.61972019162863,99,0,104.77881344696969,500,15.0,high_5.25in,5.25,0.133350,Driver high block from shot 24 onward,151.618247657959,accepted,23.66868661402078,four4_path_tdm,medium,43,11,8.571745911508067,-0.3723809664610231,0.0006917137030624243,6.571745911508067,1.2202822887383373,0.0,False,"{""early"": 2.0, ""late"": 11.976290208394127, ""middle"": 2.0}",9.280009087603577,-0.577444070484154,0.0007650959379810196,5.188257703406681,0.6387572252726041,1.1127683851656442,False,"{""early"": 4.091751384196897, ""late"": 12.698746251813, ""middle"": 3.0}",16.002290064250857,-0.5184206913753843,0.0002516628772475382,6.002290064250857,1.372191763394202,0.9035897576637036,False,"{""early"": 23.0, ""late"": 10.0, ""middle"": 14.333000548152587}",23.66868661402078,-1.94879193810484,0.004109403237446019,1.8239138008551095,0.2320988432022837,1.5928734214708025,False,"{""early"": 18.352660972035377, ""late"": 25.457485580861736, ""middle"": 21.84477281316567}"
matched,-653.974,92,0,24,08862338-ca9f-f111-9edb-83ad45319c98,d2535c17-9bec-49d1-8c13-d64aaae320ff,2026-08-24T16:37:29.094227+00:00,2026-08-24T12:37:29.094227-04:00,Driver,Premium,149.143253400143,106.1068360773084,16.595,3.418999999999998,0.994,-2.736,4.376,7.112,3602.689999999998,12.866999999999994,238.54136763525838,20260824_121914,31,2026-08-24T12:37:28.440253-04:00,driver,148.1527774506294,103.86206354003907,17.103814263394348,-3.5288296979160036,radar,0.95,0.919,5799.088725526061,10.5,10.5,,,config/iwr6843_l3dump_wide_24f3ms_53bin_iq16.cfg,732812,,,/Users/john.pacino/openflight_sessions/session_20260824_121914_trackman.jsonl,/Users/john.pacino/openflight_sessions/terminal_logs/kiosk_20260824_121905.log,/Users/john.pacino/openflight_sessions/iwr6843/iwr6843_20260824_123728_441_032.l3dump,/Users/john.pacino/openflight_sessions/trackman/camera/camera_20260824_123728_441_032,/Users/john.pacino/openflight_sessions/trackman/camera/camera_20260824_123728_441_032/first.pgm;/Users/john.pacino/openflight_sessions/trackman/camera/camera_20260824_123728_441_032/frames.npz;/Users/john.pacino/openflight_sessions/trackman/camera/camera_20260824_123728_441_032/last.pgm;/Users/john.pacino/openflight_sessions/trackman/camera/camera_20260824_123728_441_032/metadata.json;/Users/john.pacino/openflight_sessions/trackman/camera/camera_20260824_123728_441_032/trigger.pgm,-0.9904759495136091,-2.244772537269327,0.5088142633943491,-6.947829697916001,,rejected_insufficient_vertical_points,-5.0,rejected_azimuth_fit,,withheld,,withheld,rejected_no_ball,,,camera_withheld_fallback_iwr:rejected_reference_ball_not_found,,,,467.6308769987641,99,0,104.24431439393939,500,15.0,high_5.25in,5.25,0.133350,Driver high block from shot 24 onward,145.7123656135254,accepted,4.63941310415282,two8,low,44,11,1.4718749552050008,-0.3701385865983502,0.0020044184219058514,6.471874955205001,0.6355043699508454,0.0,False,"{""early"": -5.0, ""late"": 4.419203358558979, ""middle"": -5.0}",4.63941310415282,-0.6814822847362488,0.0002681844573781955,4.86915812969725,0.5020189583278523,0.7321543207267113,False,"{""early"": 9.50857123385007, ""late"": 7.612200595178078, ""middle"": -2.0}",23.73342971766326,-0.6908004793324574,0.0008136896290785733,5.962378894205308,0.9250467356874204,0.5306752689270464,False,"{""early"": 30.0, ""late"": 17.77105082345795, ""middle"": 25.710000990763508}",22.419945954315153,-1.8245724517877897,0.003101463656137282,6.419945954315153,0.2081432935730163,1.1147278133216607,False,"{""early"": 16.0, ""late"": 24.25877456635839, ""middle"": 16.0}"
matched,-652.8779999999999,93,0,3,08862338-ca9f-f111-9edb-83ad45319c98,678695fd-fb8b-419a-8ca1-1963f243a8fe,2026-08-24T16:37:58.886809+00:00,2026-08-24T12:37:58.886809-04:00,Driver,Premium,155.25680028632772,107.29241231209723,11.795999999999983,0.7839999999999979,-1.181,-3.696,1.484,5.18,3182.4599999999928,7.205,254.1526709264264,20260824_121914,32,2026-08-24T12:37:58.233931-04:00,driver,153.84657119174,107.62960898217774,7.191408795449481,,radar,0.95,,2160.714008692469,10.5,10.5,,,config/iwr6843_l3dump_wide_24f3ms_53bin_iq16.cfg,732812,,,/Users/john.pacino/openflight_sessions/session_20260824_121914_trackman.jsonl,/Users/john.pacino/openflight_sessions/terminal_logs/kiosk_20260824_121905.log,/Users/john.pacino/openflight_sessions/iwr6843/iwr6843_20260824_123758_233_033.l3dump,/Users/john.pacino/openflight_sessions/trackman/camera/camera_20260824_123758_233_033,/Users/john.pacino/openflight_sessions/trackman/camera/camera_20260824_123758_233_033/first.pgm;/Users/john.pacino/openflight_sessions/trackman/camera/camera_20260824_123758_233_033/frames.npz;/Users/john.pacino/openflight_sessions/trackman/camera/camera_20260824_123758_233_033/last.pgm;/Users/john.pacino/openflight_sessions/trackman/camera/camera_20260824_123758_233_033/metadata.json;/Users/john.pacino/openflight_sessions/trackman/camera/camera_20260824_123758_233_033/trigger.pgm,-1.41022909458772,0.337196670080516,-4.604591204550502,,,candidate_impact_contact_mismatch,,rejected_insufficient_phase_frames,,withheld,,withheld,rejected_no_ball,,,camera_withheld_fallback_iwr:rejected_reference_ball_not_found,,,,467.6174888940846,99,0,104.61328614267677,500,15.0,high_5.25in,5.25,0.133350,Driver high block from shot 24 onward,152.43285207788088,accepted,8.101031436127311,direct_only,high,23,6,8.101031436127311,-1.6469978629081137,0.003000176900211704,0.622902901877529,0.4495615259315535,0.0,False,"{""early"": 8.72393433800484, ""late"": 7.71484510810215, ""middle"": 9.666547234885961}",7.417259517503476,-1.683901617529509,0.0025689864492779435,0.14388577201056663,0.29655805500194266,1.3143459482870201,False,"{""early"": 7.466334676336742, ""late"": 7.561145289514043, ""middle"": 8.212753589142046}",13.229396284896819,-1.491065657530137,0.0007241658291281539,1.0255879082010715,2.1188937567368233,2.627320692518948,False,"{""early"": 8.352849343861683, ""late"": 13.61155485021513, ""middle"": 14.25498419309789}",3.1530578907014686,-1.7559933128312855,0.00011413007866933889,2.1778059560199106,2.874389250200558,1.3078079820766693,False,"{""early"": 0.9752519346815579, ""late"": -2.066211072178371, ""middle"": 1.7223198512138818}"
matched,-655.062,94,0,1,08862338-ca9f-f111-9edb-83ad45319c98,29d365f0-6fc0-414a-82a0-023d768775eb,2026-08-24T16:38:30.836372+00:00,2026-08-24T12:38:30.836372-04:00,Driver,Premium,155.5118110236219,109.47118826055822,12.783999999999999,-1.949000000000001,2.59,-3.19,-1.573,1.617,4611.219999999997,12.500999999999996,236.5407803869125,20260824_121914,33,2026-08-24T12:38:30.181310-04:00,driver,154.2816610403027,108.54603895458986,13.228699310753601,-0.22598631665075253,radar,0.95,0.91,4468.874400057233,10.5,10.5,,,config/iwr6843_l3dump_wide_24f3ms_53bin_iq16.cfg,732812,,,/Users/john.pacino/openflight_sessions/session_20260824_121914_trackman.jsonl,/Users/john.pacino/openflight_sessions/terminal_logs/kiosk_20260824_121905.log,/Users/john.pacino/openflight_sessions/iwr6843/iwr6843_20260824_123830_182_034.l3dump,/Users/john.pacino/openflight_sessions/trackman/camera/camera_20260824_123830_182_034,/Users/john.pacino/openflight_sessions/trackman/camera/camera_20260824_123830_182_034/first.pgm;/Users/john.pacino/openflight_sessions/trackman/camera/camera_20260824_123830_182_034/frames.npz;/Users/john.pacino/openflight_sessions/trackman/camera/camera_20260824_123830_182_034/last.pgm;/Users/john.pacino/openflight_sessions/trackman/camera/camera_20260824_123830_182_034/metadata.json;/Users/john.pacino/openflight_sessions/trackman/camera/camera_20260824_123830_182_034/trigger.pgm,-1.230149983319194,-0.9251493059683611,0.44469931075360236,1.7230136833492484,-5.7,candidate_impact_contact_mismatch,,rejected_insufficient_phase_frames,,withheld,,withheld,rejected_no_ball,,,camera_withheld_fallback_iwr:rejected_reference_ball_not_found,,,,467.6331084240764,99,0,104.2268584280303,500,15.0,high_5.25in,5.25,0.133350,Driver high block from shot 24 onward,152.2292009729004,accepted,22.37770120349742,four4_path_tdm,low,44,11,9.343222887404922,-0.47587756680252563,0.000981392448926699,5.541897121229166,0.6517509778741282,0.0,False,"{""early"": 3.0, ""late"": 12.938037900922156, ""middle"": 3.8013257661757556}",10.020992377146063,-0.73315879750836,0.0013377805621621608,6.020992377146063,0.8816204548757423,0.8260900094438298,False,"{""early"": 4.0, ""late"": 13.397993662023866, ""middle"": 4.0}",17.39074091676108,-0.6751432187098395,0.0006374567955779176,6.390740916761079,2.125869369711726,0.7467760166623917,False,"{""early"": 24.0, ""late"": 11.0, ""middle"": 13.97257371921878}",22.37770120349742,-2.0558116294213744,0.001964286226028733,2.2571714061418433,0.33446042027255274,0.9837807977329308,False,"{""early"": 20.600376387749918, ""late"": 24.634872609639263, ""middle"": 18.706671627697897}"
matched,-654.875,95,0,9,08862338-ca9f-f111-9edb-83ad45319c98,299c8aa2-48f0-4d6a-8ab1-400a0f59f254,2026-08-24T16:38:59.980269+00:00,2026-08-24T12:38:59.980269-04:00,Driver,Premium,155.93459198282017,108.42877594846087,16.462999999999987,-0.1280000000000028,3.071,-1.448,0.116,1.564,3616.5799999999904,13.420000000000002,249.99434326101914,20260824_121914,34,2026-08-24T12:38:59.325394-04:00,driver,154.8576880465417,107.32413232470704,18.268489974835674,,radar,0.95,,6543.6086759846,10.5,10.5,,,config/iwr6843_l3dump_wide_24f3ms_53bin_iq16.cfg,732812,,,/Users/john.pacino/openflight_sessions/session_20260824_121914_trackman.jsonl,/Users/john.pacino/openflight_sessions/terminal_logs/kiosk_20260824_121905.log,/Users/john.pacino/openflight_sessions/iwr6843/iwr6843_20260824_123859_327_035.l3dump,/Users/john.pacino/openflight_sessions/trackman/camera/camera_20260824_123859_327_035,/Users/john.pacino/openflight_sessions/trackman/camera/camera_20260824_123859_327_035/first.pgm;/Users/john.pacino/openflight_sessions/trackman/camera/camera_20260824_123859_327_035/frames.npz;/Users/john.pacino/openflight_sessions/trackman/camera/camera_20260824_123859_327_035/last.pgm;/Users/john.pacino/openflight_sessions/trackman/camera/camera_20260824_123859_327_035/metadata.json;/Users/john.pacino/openflight_sessions/trackman/camera/camera_20260824_123859_327_035/trigger.pgm,-1.0769039362784554,-1.1046436237538302,1.8054899748356874,,,candidate_impact_contact_mismatch,,rejected_insufficient_phase_frames,,withheld,,withheld,rejected_no_ball,,,camera_withheld_fallback_iwr:rejected_reference_ball_not_found,,,,467.61972019162863,99,0,105.29709248737373,500,15.0,high_5.25in,5.25,0.133350,Driver high block from shot 24 onward,152.33102652539066,accepted,18.415539507229933,direct_only,high,23,6,18.415539507229933,-0.8678337130998129,0.008016049538156489,0.10885394814942373,0.1346324239640211,0.0,False,"{""early"": 17.386042464276315, ""late"": 18.43096019422696, ""middle"": 18.30668555908051}",17.762320967746334,-0.7553641787498765,0.005069335157348753,0.18935819793214037,0.39731680222227617,1.8594679533956564,False,"{""early"": 11.502793955350576, ""late"": 17.943657837755037, ""middle"": 17.572962769814193}",18.765618709523338,-1.3404507366530385,0.00285816956316598,1.0305417034629443,0.4358020902901085,1.7335687386075493,False,"{""early"": 20.916247237112213, ""late"": 18.491328181636987, ""middle"": 19.796160412986282}",13.15450797728945,-1.7702054254593644,0.0007161763277441224,0.8113906874218095,1.1164654126397666,2.1862030971724495,False,"{""early"": 13.96589866471126, ""late"": 11.038405406800116, ""middle"": 13.655116909518236}"
matched,-656.102,96,0,10,08862338-ca9f-f111-9edb-83ad45319c98,d408a2ef-cdbe-4b9a-9012-4365e49b0376,2026-08-24T16:39:28.130749+00:00,2026-08-24T12:39:28.130749-04:00,Driver,Premium,152.6462956335002,,0.765999999999999,-0.6340000000000003,,,,,1657.459999999998,32.112000000000016,61.316167065882524,20260824_121914,35,2026-08-24T12:39:27.474647-04:00,driver,154.31051402850224,107.32413232470704,5.928531653388377,68.0632360148512,radar,0.69,0.916,1720.6936734408168,10.5,10.5,,,config/iwr6843_l3dump_wide_24f3ms_53bin_iq16.cfg,732812,,,/Users/john.pacino/openflight_sessions/session_20260824_121914_trackman.jsonl,/Users/john.pacino/openflight_sessions/terminal_logs/kiosk_20260824_121905.log,/Users/john.pacino/openflight_sessions/iwr6843/iwr6843_20260824_123927_477_036.l3dump,/Users/john.pacino/openflight_sessions/trackman/camera/camera_20260824_123927_477_036,/Users/john.pacino/openflight_sessions/trackman/camera/camera_20260824_123927_477_036/first.pgm;/Users/john.pacino/openflight_sessions/trackman/camera/camera_20260824_123927_477_036/frames.npz;/Users/john.pacino/openflight_sessions/trackman/camera/camera_20260824_123927_477_036/last.pgm;/Users/john.pacino/openflight_sessions/trackman/camera/camera_20260824_123927_477_036/metadata.json;/Users/john.pacino/openflight_sessions/trackman/camera/camera_20260824_123927_477_036/trigger.pgm,1.6642183950020524,,5.162531653388378,68.6972360148512,-5.5,candidate_impact_contact_mismatch,,rejected_insufficient_phase_frames,,withheld,,withheld,rejected_no_ball,,,camera_withheld_fallback_iwr:rejected_reference_ball_not_found,,,,467.62418285059886,99,0,104.31443308080809,500,15.0,high_5.25in,5.25,0.133350,Driver high block from shot 24 onward,153.04380539282226,accepted,22.910618221424134,four4_path_tdm,low,37,10,7.890158781447059,-0.5205611882706093,0.0032848229428922293,4.171230701278653,0.32767121265815646,0.0,False,"{""early"": 1.0, ""late"": 10.368105148595566, ""middle"": 3.7189280801684053}",8.715351854548471,-0.6342983622352689,0.0006891839163759572,6.715351854548471,0.5633068347342984,1.2346869826010731,False,"{""early"": 2.0, ""late"": 11.974677371721834, ""middle"": 2.0}",12.453539764949962,-0.5372790647663808,0.00024183737248761883,3.71340379336079,0.6566690742917718,1.5793847051304999,False,"{""early"": 19.0, ""late"": 8.740135971589172, ""middle"": 14.069901025675902}",22.910618221424134,-1.9045141656306999,0.0023178547140561,3.0914375706476456,0.6073222592416503,1.4427583669147146,False,"{""early"": 16.0, ""late"": 25.79881455959012, ""middle"": 19.819180650776488}"
matched,-655.883,97,0,15,08862338-ca9f-f111-9edb-83ad45319c98,e52332e2-c66a-44f9-9748-7b8d0cf8d966,2026-08-24T16:39:51.527031+00:00,2026-08-24T12:39:51.527031-04:00,Driver,Premium,157.17161775232623,109.25867931281306,9.414999999999983,-3.961000000000003,1.69,-3.594,-4.07,-0.476,3493.1499999999974,6.578000000000004,251.39984667007778,20260824_121914,36,2026-08-24T12:39:50.871148-04:00,driver,156.17275863190923,108.95334116455079,7.97155464545723,,radar,0.95,,2480.1403201848434,10.5,10.5,,,config/iwr6843_l3dump_wide_24f3ms_53bin_iq16.cfg,732812,,,/Users/john.pacino/openflight_sessions/session_20260824_121914_trackman.jsonl,/Users/john.pacino/openflight_sessions/terminal_logs/kiosk_20260824_121905.log,/Users/john.pacino/openflight_sessions/iwr6843/iwr6843_20260824_123950_874_037.l3dump,/Users/john.pacino/openflight_sessions/trackman/camera/camera_20260824_123950_874_037,/Users/john.pacino/openflight_sessions/trackman/camera/camera_20260824_123950_874_037/first.pgm;/Users/john.pacino/openflight_sessions/trackman/camera/camera_20260824_123950_874_037/frames.npz;/Users/john.pacino/openflight_sessions/trackman/camera/camera_20260824_123950_874_037/last.pgm;/Users/john.pacino/openflight_sessions/trackman/camera/camera_20260824_123950_874_037/metadata.json;/Users/john.pacino/openflight_sessions/trackman/camera/camera_20260824_123950_874_037/trigger.pgm,-0.998859120416995,-0.30533814826226546,-1.443445354542753,,-19.4,candidate_impact_contact_mismatch,8.1,rejected_impact_contact_mismatch,,withheld,,withheld,rejected_no_ball,,,camera_withheld_fallback_iwr:rejected_reference_ball_not_found,,,,467.61302636287724,99,0,103.9793970959596,500,15.0,high_5.25in,5.25,0.133350,Driver high block from shot 24 onward,154.67301423266602,accepted,22.063624489983884,four4_path_tdm,low,44,11,11.763745331256462,-0.5526717353571685,0.00194060667906637,6.763745331256462,0.5654312805340069,0.0,False,"{""early"": 5.0, ""late"": 13.726876441085038, ""middle"": 5.0}",11.966360991711214,-0.7911325953148242,0.002204469073599835,6.966360991711214,0.5690983216646863,0.9566318512576544,False,"{""early"": 5.0, ""late"": 14.117191902628475, ""middle"": 5.0}",18.26416501276262,-0.9268679169366457,0.0022260330035509535,2.792739893854476,0.21462770316297863,0.7371316367337062,False,"{""early"": 25.0, ""late"": 17.0169475143372, ""middle"": 15.471425118908146}",22.063624489983884,-2.0462477641566217,0.007975670814080349,2.893275153990306,0.2511964294583855,1.0225678788838168,False,"{""early"": 16.0, ""late"": 23.639944924797778, ""middle"": 19.170349335993578}"
matched,-654.146,98,0,6,08862338-ca9f-f111-9edb-83ad45319c98,83fba195-1088-43b6-b3ee-25ad9c40e2f7,2026-08-24T16:40:24.835220+00:00,2026-08-24T12:40:24.835220-04:00,Driver,Premium,155.55431281317095,109.1826234788832,13.74799999999998,0.0039999999999967475,-0.595,-4.499,0.693,5.193,3380.1899999999955,9.782000000000004,253.52768317463807,20260824_121914,37,2026-08-24T12:40:24.181074-04:00,driver,154.46582667672178,107.93508563964845,14.071101046289105,0.3666285180044859,radar,0.95,0.929,4811.4788468749,10.5,10.5,,,config/iwr6843_l3dump_wide_24f3ms_53bin_iq16.cfg,732812,,,/Users/john.pacino/openflight_sessions/session_20260824_121914_trackman.jsonl,/Users/john.pacino/openflight_sessions/terminal_logs/kiosk_20260824_121905.log,/Users/john.pacino/openflight_sessions/iwr6843/iwr6843_20260824_124024_181_038.l3dump,/Users/john.pacino/openflight_sessions/trackman/camera/camera_20260824_124024_181_038,/Users/john.pacino/openflight_sessions/trackman/camera/camera_20260824_124024_181_038/first.pgm;/Users/john.pacino/openflight_sessions/trackman/camera/camera_20260824_124024_181_038/frames.npz;/Users/john.pacino/openflight_sessions/trackman/camera/camera_20260824_124024_181_038/last.pgm;/Users/john.pacino/openflight_sessions/trackman/camera/camera_20260824_124024_181_038/metadata.json;/Users/john.pacino/openflight_sessions/trackman/camera/camera_20260824_124024_181_038/trigger.pgm,-1.088486136449177,-1.2475378392347523,0.32310104628912484,0.3626285180044892,,candidate_impact_contact_mismatch,,rejected_insufficient_phase_frames,,withheld,,withheld,rejected_no_ball,,,camera_withheld_fallback_iwr:rejected_reference_ball_not_found,,,,467.61972019162863,99,0,104.97860069444444,500,15.0,high_5.25in,5.25,0.133350,Driver high block from shot 24 onward,152.33102652539066,accepted,13.51222745675981,direct_only,medium,25,7,13.51222745675981,-1.5804542588071502,0.005604854821558591,1.0469394844938513,0.3205495831039169,0.0,False,"{""early"": 13.27498026940671, ""late"": 14.559166941253661, ""middle"": 14.716797226807115}",12.226788585363535,-1.4941873565862085,0.0012597671562251112,0.7403861282495505,1.0753801202684272,1.6463062653476568,False,"{""early"": 12.897328309247028, ""late"": 12.967174713613085, ""middle"": 13.484770894478128}",15.20307874039194,-1.6496023217134166,0.0021140378530273285,1.8509735288337783,0.4847437880660852,2.4966388413037066,False,"{""early"": 19.226110631962687, ""late"": 13.493875994139366, ""middle"": 17.054052269225718}",13.107767477273777,-1.8536408954186634,0.003617135971486718,1.6049815042039395,0.49596210774989835,2.312677671483348,False,"{""early"": 19.333835134996768, ""late"": 11.502785973069837, ""middle"": 12.64739528913465}"
matched,-660.23,99,0,17,08862338-ca9f-f111-9edb-83ad45319c98,122b2f29-2d3e-4d07-9323-89358106bcb4,2026-08-24T16:40:54.781729+00:00,2026-08-24T12:40:54.781729-04:00,Driver,Premium,159.67027559055106,110.27201145311369,14.638999999999966,-0.5070000000000093,1.786,-4.185,0.151,4.336,3600.6299999999956,13.394999999999996,257.0541165567935,20260824_121914,38,2026-08-24T12:40:54.121499-04:00,driver,158.61518213534694,110.1752477944336,14.96551827902912,-1.18258894849079,radar,0.95,0.943,5311.50041538058,10.5,10.5,,,config/iwr6843_l3dump_wide_24f3ms_53bin_iq16.cfg,732812,,,/Users/john.pacino/openflight_sessions/session_20260824_121914_trackman.jsonl,/Users/john.pacino/openflight_sessions/terminal_logs/kiosk_20260824_121905.log,/Users/john.pacino/openflight_sessions/iwr6843/iwr6843_20260824_124054_128_039.l3dump,/Users/john.pacino/openflight_sessions/trackman/camera/camera_20260824_124054_128_039,/Users/john.pacino/openflight_sessions/trackman/camera/camera_20260824_124054_128_039/first.pgm;/Users/john.pacino/openflight_sessions/trackman/camera/camera_20260824_124054_128_039/frames.npz;/Users/john.pacino/openflight_sessions/trackman/camera/camera_20260824_124054_128_039/last.pgm;/Users/john.pacino/openflight_sessions/trackman/camera/camera_20260824_124054_128_039/metadata.json;/Users/john.pacino/openflight_sessions/trackman/camera/camera_20260824_124054_128_039/trigger.pgm,-1.0550934552041156,-0.09676365868008929,0.32651827902915365,-0.6755889484907808,,candidate_impact_contact_mismatch,18.8,rejected_impact_contact_mismatch,,withheld,,withheld,rejected_no_ball,,,camera_withheld_fallback_iwr:rejected_reference_ball_not_found,,,,467.61972019162863,99,0,104.2094199810606,500,15.0,high_5.25in,5.25,0.133350,Driver high block from shot 24 onward,156.40404862500003,accepted,22.226848719946826,four4_path_tdm,low,41,11,10.357346965412235,-0.6615321773893511,0.001472726253798795,4.82596624814225,1.1783865416907702,0.0,False,"{""early"": 4.0, ""late"": 14.475360590174398, ""middle"": 5.531380717269985}",9.808544601390642,-0.8899025934108664,0.001332017992299095,3.7066787129993957,0.4320529310229748,0.7748734675103492,False,"{""early"": 6.077130473660333, ""late"": 13.248475074874172, ""middle"": 6.101865888391246}",20.74929869535154,-0.9347144537583464,0.0013426088057951757,6.250701304648459,0.34467418833428454,0.7793237755516758,False,"{""early"": 27.0, ""late"": 20.1605353106112, ""middle"": 14.0}",22.226848719946826,-1.859233143815557,0.00434587041049328,2.0339305969465293,0.29202729086085455,0.9075481553316433,False,"{""early"": 24.604387497736433, ""late"": 24.260779316893355, ""middle"": 20.611182700893682}"
matched,-659.925,100,0,18,08862338-ca9f-f111-9edb-83ad45319c98,10a5cd6c-31b8-43c0-b0a6-96e30a56df29,2026-08-24T16:41:24.632109+00:00,2026-08-24T12:41:24.632109-04:00,Driver,Premium,155.4223335719397,110.02147458840359,11.029000000000005,-5.191,-0.089,-5.321,-5.172,0.149,2409.9899999999966,-7.162999999999998,256.37666144300863,20260824_121914,39,2026-08-24T12:41:23.972184-04:00,driver,154.4191470326296,107.73143453466798,11.563688418481096,-11.345140055493047,radar,0.908,0.95,3815.7131646416674,10.5,10.5,,,config/iwr6843_l3dump_wide_24f3ms_53bin_iq16.cfg,732812,,,/Users/john.pacino/openflight_sessions/session_20260824_121914_trackman.jsonl,/Users/john.pacino/openflight_sessions/terminal_logs/kiosk_20260824_121905.log,/Users/john.pacino/openflight_sessions/iwr6843/iwr6843_20260824_124123_978_040.l3dump,/Users/john.pacino/openflight_sessions/trackman/camera/camera_20260824_124123_978_040,/Users/john.pacino/openflight_sessions/trackman/camera/camera_20260824_124123_978_040/first.pgm;/Users/john.pacino/openflight_sessions/trackman/camera/camera_20260824_124123_978_040/frames.npz;/Users/john.pacino/openflight_sessions/trackman/camera/camera_20260824_124123_978_040/last.pgm;/Users/john.pacino/openflight_sessions/trackman/camera/camera_20260824_124123_978_040/metadata.json;/Users/john.pacino/openflight_sessions/trackman/camera/camera_20260824_124123_978_040/trigger.pgm,-1.003186539310093,-2.290040053735609,0.5346884184810907,-6.154140055493047,-13.6,candidate_available,,rejected_insufficient_phase_frames,,withheld,,withheld,rejected_no_ball,,,camera_withheld_fallback_iwr:rejected_reference_ball_not_found,,,,467.61972019162863,99,0,104.80349242424242,500,15.0,high_5.25in,5.25,0.133350,Driver high block from shot 24 onward,152.53467763037108,accepted,9.324460023474945,direct_only,high,23,6,9.324460023474945,-1.6188852618862357,0.006931385718338845,0.7530902203786756,0.5493641869272015,0.0,False,"{""early"": 11.132915868022168, ""late"": 8.57136980309627, ""middle"": 9.923267692738989}",7.527403084964973,-1.6216946680104194,0.008194563725878456,0.23584693106415777,0.11422841172322284,1.8498075845991147,False,"{""early"": 7.291556153900816, ""late"": 7.386224862045838, ""middle"": 6.849796032171648}",14.410942425737828,-1.5312277821254623,0.0011611042653307813,2.9941243043165215,1.9850023144591384,1.3191410268477015,False,"{""early"": 18.13641338509942, ""late"": 11.416818121421306, ""middle"": 16.950933675419446}",13.865300357098164,-1.8389795115769596,0.005085245250850301,0.5581703511858045,0.2001244167292695,1.6747038567654045,False,"{""early"": 14.423470708283968, ""late"": 13.56754112914667, ""middle"": 14.430918202937827}"
matched,-655.036,101,0,5,08862338-ca9f-f111-9edb-83ad45319c98,5eca029f-44e5-4b01-8a80-1d98743d763b,2026-08-24T16:41:56.584959+00:00,2026-08-24T12:41:56.584959-04:00,Driver,Premium,160.97888332140286,111.14665354330695,10.312000000000001,-5.829,2.163,-3.361,-6.385,-3.024,2982.409999999998,5.851999999999999,265.4871048373606,20260824_121914,40,2026-08-24T12:41:55.929923-04:00,driver,160.08301194231007,109.76794558447267,14.379647798277167,,radar,0.922,,5115.197304737492,10.5,10.5,,,config/iwr6843_l3dump_wide_24f3ms_53bin_iq16.cfg,732812,,,/Users/john.pacino/openflight_sessions/session_20260824_121914_trackman.jsonl,/Users/john.pacino/openflight_sessions/terminal_logs/kiosk_20260824_121905.log,/Users/john.pacino/openflight_sessions/iwr6843/iwr6843_20260824_124155_931_041.l3dump,/Users/john.pacino/openflight_sessions/trackman/camera/camera_20260824_124155_931_041,/Users/john.pacino/openflight_sessions/trackman/camera/camera_20260824_124155_931_041/first.pgm;/Users/john.pacino/openflight_sessions/trackman/camera/camera_20260824_124155_931_041/frames.npz;/Users/john.pacino/openflight_sessions/trackman/camera/camera_20260824_124155_931_041/last.pgm;/Users/john.pacino/openflight_sessions/trackman/camera/camera_20260824_124155_931_041/metadata.json;/Users/john.pacino/openflight_sessions/trackman/camera/camera_20260824_124155_931_041/trigger.pgm,-0.8958713790927959,-1.3787079588342834,4.067647798277166,,,candidate_impact_contact_mismatch,,rejected_insufficient_phase_frames,,withheld,,withheld,rejected_no_ball,,,camera_withheld_fallback_iwr:rejected_reference_ball_not_found,,,,467.61972019162863,99,0,104.23320202020201,500,15.0,high_5.25in,5.25,0.133350,Driver high block from shot 24 onward,157.93143191235353,accepted,20.086898273266815,four4_path_tdm,medium,41,11,10.615801601227892,-0.523296623442813,0.0006084143919007357,6.003192717113721,1.4150128559959825,0.0,False,"{""early"": 4.0, ""late"": 15.74876166244835, ""middle"": 4.612608884114171}",8.98859992931468,-0.8226569562589542,0.0010480718494610963,6.988599929314679,0.8459209860484993,0.8348422351580053,False,"{""early"": 2.0, ""late"": 15.0, ""middle"": 2.0}",16.495492996741103,-0.9025100016161425,0.0058976875355871705,6.495492996741103,0.3227138235273692,0.990476450336778,False,"{""early"": 23.0, ""late"": 12.920008383080917, ""middle"": 10.0}",20.086898273266815,-2.147973717972677,0.006279028123819419,1.57576726481782,0.15757893588402183,0.8899048137968006,False,"{""early"": 18.511131008448995, ""late"": 21.413544833204515, ""middle"": 18.47345337266378}"
