match_status,match_delta_ms,tm_sequence,tm_group_index,tm_group_shot,tm_group_id,tm_stroke_id,tm_time_utc,tm_time_local,tm_club,tm_ball,tm_ball_speed_mph,tm_club_speed_mph,tm_launch_angle_deg,tm_launch_direction_deg,tm_attack_angle_deg,tm_club_path_deg,tm_face_angle_deg,tm_face_to_path_deg,tm_spin_rate_rpm,tm_spin_axis_deg,tm_carry_yd,of_session_id,of_shot_number,of_time_local,of_club,of_ball_speed_mph,of_club_speed_mph,of_launch_angle_deg,of_launch_direction_deg,of_launch_source,of_launch_confidence,of_horizontal_confidence,of_spin_rpm,of_effective_tilt_deg,of_configured_tilt_deg,of_inclinometer_raw_pitch_deg,of_inclinometer_calibrated_pitch_deg,iwr_config,iwr_capture_bytes,iwr_capture_error,camera_capture_error,session_log_path,terminal_log_path,iwr_dump_path,camera_directory,camera_files,ball_speed_error_mph,club_speed_error_mph,launch_angle_error_deg,launch_direction_error_deg,of_attack_angle_deg,of_attack_angle_status,of_club_path_deg,of_club_path_status,of_fused_attack_angle_deg,of_fused_attack_confidence,of_fused_club_path_deg,of_fused_club_path_confidence,of_fused_status,of_camera_horizontal_deg,of_camera_horizontal_confidence,of_camera_horizontal_status,of_camera_iwr_delta_deg,attack_angle_error_deg,club_path_error_deg,camera_fps,camera_frame_count,camera_gap_count,camera_mean_brightness,camera_exposure_us,camera_gain,height_ab_block,physical_tx2_height_in,physical_tx2_height_m,height_assignment_basis,of_configured_radar_height_m,of_configured_radar_height_in,of_configured_ball_height_m,of_configured_ball_height_in,of_configured_tee_slant_range_m,of_configured_tee_slant_range_in
matched,-642.79,1,2,14,08862338-ca9f-f111-9edb-83ad45319c98,dc065730-36db-4c26-9379-4c9942693fa6,2026-08-24T14:47:48.184403+00:00,2026-08-24T10:47:48.184403-04:00,9Iron,Premium,104.86533643521823,76.85665712240507,20.534999999999993,-0.5299999999999994,-7.771,1.145,-0.905,-2.05,5746.559999999998,-7.273,143.9100779849912,20260824_104617,1,2026-08-24T10:47:47.541613-04:00,9-iron,104.87306196702028,78.30384986499023,21.634927068782748,-1.7186556690575543,radar,0.69,0.75,5384.040192137168,10.5,10.5,,,config/iwr6843_l3dump_dense_36f2ms_53bin_iq8.cfg,549764,,,/Users/john.pacino/openflight_sessions/session_20260824_104617_trackman.jsonl,/Users/john.pacino/openflight_sessions/terminal_logs/kiosk_20260824_104604.log,/Users/john.pacino/openflight_sessions/iwr6843/iwr6843_20260824_104747_544_001.l3dump,/Users/john.pacino/openflight_sessions/trackman/camera/camera_20260824_104747_544_001,/Users/john.pacino/openflight_sessions/trackman/camera/camera_20260824_104747_544_001/first.pgm;/Users/john.pacino/openflight_sessions/trackman/camera/camera_20260824_104747_544_001/frames.npz;/Users/john.pacino/openflight_sessions/trackman/camera/camera_20260824_104747_544_001/last.pgm;/Users/john.pacino/openflight_sessions/trackman/camera/camera_20260824_104747_544_001/metadata.json;/Users/john.pacino/openflight_sessions/trackman/camera/camera_20260824_104747_544_001/trigger.pgm,0.007725531802051933,1.447192742585159,1.0999270687827547,-1.188655669057555,-16.3,candidate_noisy_fit,26.2,rejected_phase_span,,withheld,6.92,low,approach_path_only,-1.7186556690575543,0.75,camera_assisted_high,,,5.775,467.61302636287724,99,0,109.20807828282828,500,15.0,,,,,0.165100,6.500,0.040000,1.575,1.524000,60.000
matched,-642.351,2,2,29,08862338-ca9f-f111-9edb-83ad45319c98,cfbb0625-beef-47c6-86b5-acb04e62879b,2026-08-24T14:49:08.380638+00:00,2026-08-24T10:49:08.380638-04:00,9Iron,Premium,104.4693987115246,77.72011453113807,21.612,0.7439999999999997,-2.068,2.577,0.275,-2.302,5459.549999999993,-3.9880000000000013,144.4636988640405,20260824_104617,2,2026-08-24T10:49:07.738287-04:00,9-iron,104.01535430237729,77.08194323510742,21.16943761658294,-1.8575285416522433,radar,0.95,0.75,5208.811251250555,10.5,10.5,,,config/iwr6843_l3dump_dense_36f2ms_53bin_iq8.cfg,549764,,,/Users/john.pacino/openflight_sessions/session_20260824_104617_trackman.jsonl,/Users/john.pacino/openflight_sessions/terminal_logs/kiosk_20260824_104604.log,/Users/john.pacino/openflight_sessions/iwr6843/iwr6843_20260824_104907_741_002.l3dump,/Users/john.pacino/openflight_sessions/trackman/camera/camera_20260824_104907_741_002,/Users/john.pacino/openflight_sessions/trackman/camera/camera_20260824_104907_741_002/first.pgm;/Users/john.pacino/openflight_sessions/trackman/camera/camera_20260824_104907_741_002/frames.npz;/Users/john.pacino/openflight_sessions/trackman/camera/camera_20260824_104907_741_002/last.pgm;/Users/john.pacino/openflight_sessions/trackman/camera/camera_20260824_104907_741_002/metadata.json;/Users/john.pacino/openflight_sessions/trackman/camera/camera_20260824_104907_741_002/trigger.pgm,-0.4540444091473148,-0.6381712960306487,-0.44256238341705867,-2.601528541652243,-17.2,candidate_available,-12.8,candidate_noisy_fit,,withheld,,withheld,rejected_no_impact,-1.8575285416522433,0.75,camera_assisted_high,-5.559704654149499,,,467.5951770897449,99,0,139.47026215277776,1000,20.0,,,,,0.165100,6.500,0.040000,1.575,1.524000,60.000
matched,-630.3140000000001,4,2,9,08862338-ca9f-f111-9edb-83ad45319c98,b28c01cb-4102-48e6-9a00-23b5f140d1b4,2026-08-24T15:05:39.166047+00:00,2026-08-24T11:05:39.166047-04:00,9Iron,Premium,103.28158554044371,77.99749463135282,22.335999999999977,3.162,-5.525,5.45,2.644,-2.806,5546.2699999999995,-2.4230000000000005,141.91319805394335,20260824_110351,2,2026-08-24T11:05:38.535733-04:00,9-iron,102.88257282132264,77.18376878759767,20.98960719476818,-4.036062775533566,radar,0.89,0.75,5101.987644661529,10.5,10.5,,,config/iwr6843_l3dump_dense_36f2ms_53bin_iq8.cfg,549764,,,/Users/john.pacino/openflight_sessions/session_20260824_110351_trackman.jsonl,/Users/john.pacino/openflight_sessions/terminal_logs/kiosk_20260824_110340.log,/Users/john.pacino/openflight_sessions/iwr6843/iwr6843_20260824_110538_535_003.l3dump,/Users/john.pacino/openflight_sessions/trackman/camera/camera_20260824_110538_535_003,/Users/john.pacino/openflight_sessions/trackman/camera/camera_20260824_110538_535_003/first.pgm;/Users/john.pacino/openflight_sessions/trackman/camera/camera_20260824_110538_535_003/frames.npz;/Users/john.pacino/openflight_sessions/trackman/camera/camera_20260824_110538_535_003/last.pgm;/Users/john.pacino/openflight_sessions/trackman/camera/camera_20260824_110538_535_003/metadata.json;/Users/john.pacino/openflight_sessions/trackman/camera/camera_20260824_110538_535_003/trigger.pgm,-0.3990127191210746,-0.8137258437551509,-1.3463928052317975,-7.1980627755335655,-19.9,candidate_noisy_fit,20.4,candidate_noisy_fit,,withheld,,withheld,rejected_no_impact,-4.036062775533566,0.75,camera_assisted_high,-4.704394780552974,,,462.8908002815132,99,1,147.6639079861111,1250,16.0,,,,,0.165100,6.500,0.040000,1.575,1.524000,60.000
matched,-630.193,9,2,31,08862338-ca9f-f111-9edb-83ad45319c98,58b5190a-7bad-4af5-a0ce-c08d27343e85,2026-08-24T15:14:29.211919+00:00,2026-08-24T11:14:29.211919-04:00,9Iron,Premium,105.90327487473145,78.86989978525403,21.330000000000005,3.015999999999999,-2.434,4.046,2.732,-1.314,5957.640000000004,-2.3590000000000035,144.90017632319422,20260824_111222,3,2026-08-24T11:14:28.581726-04:00,9-iron,105.43604425956514,77.89654765502931,21.18893240936845,-4.061247192747118,radar,0.865,0.75,5285.522510950213,10.5,10.5,,,config/iwr6843_l3dump_wide_24f3ms_53bin_iq16.cfg,732812,,,/Users/john.pacino/openflight_sessions/session_20260824_111222_trackman.jsonl,/Users/john.pacino/openflight_sessions/terminal_logs/kiosk_20260824_111211.log,/Users/john.pacino/openflight_sessions/iwr6843/iwr6843_20260824_111428_580_003.l3dump,/Users/john.pacino/openflight_sessions/trackman/camera/camera_20260824_111428_580_003,/Users/john.pacino/openflight_sessions/trackman/camera/camera_20260824_111428_580_003/first.pgm;/Users/john.pacino/openflight_sessions/trackman/camera/camera_20260824_111428_580_003/frames.npz;/Users/john.pacino/openflight_sessions/trackman/camera/camera_20260824_111428_580_003/last.pgm;/Users/john.pacino/openflight_sessions/trackman/camera/camera_20260824_111428_580_003/metadata.json;/Users/john.pacino/openflight_sessions/trackman/camera/camera_20260824_111428_580_003/trigger.pgm,-0.46723061516631503,-0.9733521302247254,-0.14106759063155394,-7.077247192747117,-27.2,candidate_out_of_bounds,-5.9,candidate_noisy_fit,-4.28,low,2.29,medium,approach_mixed,-4.061247192747118,0.75,camera_assisted_high,-6.328934701632562,-1.846,-1.7560000000000002,467.61972019162863,99,0,122.07685905934343,650,15.0,,,,,0.165100,6.500,0.040000,1.575,1.524000,60.000
matched,-638.038,12,2,25,08862338-ca9f-f111-9edb-83ad45319c98,798660b6-ce0e-4ec3-b197-8bedbf9dc5e2,2026-08-24T15:16:02.919212+00:00,2026-08-24T11:16:02.919212-04:00,9Iron,Premium,101.59269863994263,78.92806012884743,17.797999999999995,0.00400000000000061,,5.706,-1.33,-7.036,5664.219999999997,-4.901,137.51105725789944,20260824_111222,6,2026-08-24T11:16:02.281174-04:00,9-iron,101.34089180792424,80.44218646728517,16.023165704065416,-2.102318140408073,radar,0.94,0.75,3675.983994664034,10.5,10.5,,,config/iwr6843_l3dump_wide_24f3ms_53bin_iq16.cfg,732812,,,/Users/john.pacino/openflight_sessions/session_20260824_111222_trackman.jsonl,/Users/john.pacino/openflight_sessions/terminal_logs/kiosk_20260824_111211.log,/Users/john.pacino/openflight_sessions/iwr6843/iwr6843_20260824_111602_285_006.l3dump,/Users/john.pacino/openflight_sessions/trackman/camera/camera_20260824_111602_285_006,/Users/john.pacino/openflight_sessions/trackman/camera/camera_20260824_111602_285_006/first.pgm;/Users/john.pacino/openflight_sessions/trackman/camera/camera_20260824_111602_285_006/frames.npz;/Users/john.pacino/openflight_sessions/trackman/camera/camera_20260824_111602_285_006/last.pgm;/Users/john.pacino/openflight_sessions/trackman/camera/camera_20260824_111602_285_006/metadata.json;/Users/john.pacino/openflight_sessions/trackman/camera/camera_20260824_111602_285_006/trigger.pgm,-0.2518068320183886,1.514126338437734,-1.7748342959345784,-2.1063181404080735,-26.1,candidate_out_of_bounds,14.5,candidate_noisy_fit,,withheld,,withheld,rejected_no_impact,-2.102318140408073,0.75,camera_assisted_high,,,,467.6174888940846,99,0,123.43926199494949,650,15.0,,,,,0.165100,6.500,0.040000,1.575,1.524000,60.000
matched,-634.223,13,2,37,08862338-ca9f-f111-9edb-83ad45319c98,d72ae007-0bef-473b-ad5a-d3740ded552f,2026-08-24T15:16:34.421086+00:00,2026-08-24T11:16:34.421086-04:00,9Iron,Premium,101.78954903364341,,19.12,-3.1229999999999993,,2.304,-3.942,-6.246,4171.59,-14.081,142.90305706949133,20260824_111222,7,2026-08-24T11:16:33.786863-04:00,9-iron,102.05934260004697,76.6746410251465,20.866485966125293,0.5722488814516851,radar,0.95,0.75,5027.151120678431,10.5,10.5,,,config/iwr6843_l3dump_wide_24f3ms_53bin_iq16.cfg,732812,,,/Users/john.pacino/openflight_sessions/session_20260824_111222_trackman.jsonl,/Users/john.pacino/openflight_sessions/terminal_logs/kiosk_20260824_111211.log,/Users/john.pacino/openflight_sessions/iwr6843/iwr6843_20260824_111633_789_007.l3dump,/Users/john.pacino/openflight_sessions/trackman/camera/camera_20260824_111633_789_007,/Users/john.pacino/openflight_sessions/trackman/camera/camera_20260824_111633_789_007/first.pgm;/Users/john.pacino/openflight_sessions/trackman/camera/camera_20260824_111633_789_007/frames.npz;/Users/john.pacino/openflight_sessions/trackman/camera/camera_20260824_111633_789_007/last.pgm;/Users/john.pacino/openflight_sessions/trackman/camera/camera_20260824_111633_789_007/metadata.json;/Users/john.pacino/openflight_sessions/trackman/camera/camera_20260824_111633_789_007/trigger.pgm,0.269793566403564,,1.7464859661252916,3.6952488814516844,-22.6,candidate_noisy_fit,-21.9,candidate_noisy_fit,,withheld,,withheld,rejected_no_stable_clubhead,0.5722488814516851,0.75,camera_assisted_high,-4.405712296188085,,,467.6174888940846,99,0,122.42619823232323,650,15.0,,,,,0.165100,6.500,0.040000,1.575,1.524000,60.000
matched,-639.113,18,2,26,08862338-ca9f-f111-9edb-83ad45319c98,30f0fab4-d237-4670-93bb-8beecb376136,2026-08-24T15:29:03.468242+00:00,2026-08-24T11:29:03.468242-04:00,9Iron,Premium,104.45597709377225,75.62634216177514,20.59999999999998,0.5960000000000012,,2.609,0.126,-2.483,6072.290000000002,-4.541000000000002,142.03643697629113,20260824_111222,12,2026-08-24T11:29:02.829129-04:00,9-iron,104.21598244525204,76.6746410251465,19.16947302902478,-1.6375262449224408,radar,0.936,0.75,4655.957468740806,10.5,10.5,,,config/iwr6843_l3dump_wide_24f3ms_53bin_iq16.cfg,732812,,,/Users/john.pacino/openflight_sessions/session_20260824_111222_trackman.jsonl,/Users/john.pacino/openflight_sessions/terminal_logs/kiosk_20260824_111211.log,/Users/john.pacino/openflight_sessions/iwr6843/iwr6843_20260824_112902_835_015.l3dump,/Users/john.pacino/openflight_sessions/trackman/camera/camera_20260824_112902_835_015,/Users/john.pacino/openflight_sessions/trackman/camera/camera_20260824_112902_835_015/first.pgm;/Users/john.pacino/openflight_sessions/trackman/camera/camera_20260824_112902_835_015/frames.npz;/Users/john.pacino/openflight_sessions/trackman/camera/camera_20260824_112902_835_015/last.pgm;/Users/john.pacino/openflight_sessions/trackman/camera/camera_20260824_112902_835_015/metadata.json;/Users/john.pacino/openflight_sessions/trackman/camera/camera_20260824_112902_835_015/trigger.pgm,-0.23999464852020935,1.0482988633713575,-1.430526970975201,-2.233526244922442,-27.0,candidate_out_of_bounds,11.7,rejected_phase_span,,withheld,,withheld,rejected_no_impact,-1.6375262449224408,0.75,camera_assisted_high,3.8381401050096144,,,467.6107951292132,99,0,121.61428945707071,650,15.0,low_2.875in,2.875,0.073025,9Iron low block before noon elevation,0.165100,6.500,0.040000,1.575,1.524000,60.000
matched,-635.47,19,2,12,08862338-ca9f-f111-9edb-83ad45319c98,0fc9586e-7fa7-4b4b-ae8a-4746e8ebb3cc,2026-08-24T15:29:41.439082+00:00,2026-08-24T11:29:41.439082-04:00,9Iron,Premium,104.78704366499632,77.34654617036497,20.493999999999986,0.41200000000000037,-7.66,1.418,0.171,-1.247,6095.74,-2.785000000000001,142.5692705909629,20260824_111222,13,2026-08-24T11:29:40.803612-04:00,9-iron,104.4519410760665,77.48924544506838,18.51491749080421,-4.576808230857851,radar,0.95,0.95,4482.7293814458135,10.5,10.5,,,config/iwr6843_l3dump_wide_24f3ms_53bin_iq16.cfg,732812,,,/Users/john.pacino/openflight_sessions/session_20260824_111222_trackman.jsonl,/Users/john.pacino/openflight_sessions/terminal_logs/kiosk_20260824_111211.log,/Users/john.pacino/openflight_sessions/iwr6843/iwr6843_20260824_112940_807_016.l3dump,/Users/john.pacino/openflight_sessions/trackman/camera/camera_20260824_112940_807_016,/Users/john.pacino/openflight_sessions/trackman/camera/camera_20260824_112940_807_016/first.pgm;/Users/john.pacino/openflight_sessions/trackman/camera/camera_20260824_112940_807_016/frames.npz;/Users/john.pacino/openflight_sessions/trackman/camera/camera_20260824_112940_807_016/last.pgm;/Users/john.pacino/openflight_sessions/trackman/camera/camera_20260824_112940_807_016/metadata.json;/Users/john.pacino/openflight_sessions/trackman/camera/camera_20260824_112940_807_016/trigger.pgm,-0.33510258892981426,0.1426992747034035,-1.979082509195777,-4.988808230857851,-28.3,candidate_out_of_bounds,-3.1,candidate_noisy_fit,,withheld,,withheld,rejected_no_ball,,,camera_withheld_fallback_iwr:rejected_reference_ball_not_found,,,,467.61525761783423,99,0,120.90232796717171,650,15.0,low_2.875in,2.875,0.073025,9Iron low block before noon elevation,0.165100,6.500,0.040000,1.575,1.524000,60.000
matched,-639.9010000000001,20,2,39,08862338-ca9f-f111-9edb-83ad45319c98,203357ab-fc82-4b4f-b699-d7293bbe5ec4,2026-08-24T15:30:18.221737+00:00,2026-08-24T11:30:18.221737-04:00,9Iron,Premium,96.93539727988535,77.83867215461694,10.839000000000008,-0.547999999999998,,0.024,-0.698,-0.722,4839.980000000004,10.986000000000002,116.74589108869243,20260824_111222,14,2026-08-24T11:30:17.581836-04:00,9-iron,97.19154152920639,79.933058704834,11.797917506420255,-0.6552396912712481,radar,0.92,0.75,2459.283671463005,10.5,10.5,,,config/iwr6843_l3dump_wide_24f3ms_53bin_iq16.cfg,732812,,,/Users/john.pacino/openflight_sessions/session_20260824_111222_trackman.jsonl,/Users/john.pacino/openflight_sessions/terminal_logs/kiosk_20260824_111211.log,/Users/john.pacino/openflight_sessions/iwr6843/iwr6843_20260824_113017_589_017.l3dump,/Users/john.pacino/openflight_sessions/trackman/camera/camera_20260824_113017_589_017,/Users/john.pacino/openflight_sessions/trackman/camera/camera_20260824_113017_589_017/first.pgm;/Users/john.pacino/openflight_sessions/trackman/camera/camera_20260824_113017_589_017/frames.npz;/Users/john.pacino/openflight_sessions/trackman/camera/camera_20260824_113017_589_017/last.pgm;/Users/john.pacino/openflight_sessions/trackman/camera/camera_20260824_113017_589_017/metadata.json;/Users/john.pacino/openflight_sessions/trackman/camera/camera_20260824_113017_589_017/trigger.pgm,0.2561442493210393,2.0943865502170524,0.9589175064202475,-0.1072396912712501,-22.9,candidate_available,14.6,rejected_phase_span,,withheld,,withheld,rejected_no_stable_clubhead,-0.6552396912712481,0.75,camera_assisted_high,,,,467.61302636287724,99,0,120.17745422979797,650,15.0,low_2.875in,2.875,0.073025,9Iron low block before noon elevation,0.165100,6.500,0.040000,1.575,1.524000,60.000
matched,-639.435,21,2,32,08862338-ca9f-f111-9edb-83ad45319c98,267b0cc5-be04-4cf1-bff3-c264cf01ae2c,2026-08-24T15:30:48.630334+00:00,2026-08-24T11:30:48.630334-04:00,9Iron,Premium,103.84081961345733,80.68181818181809,23.566999999999982,3.115999999999999,-7.661,1.95,3.381,1.431,6108.379999999997,1.7840000000000005,140.08101510249924,20260824_111222,15,2026-08-24T11:30:47.990899-04:00,9-iron,103.57760693569672,80.74766312475587,22.87144284795398,-3.5031891116504426,radar,0.95,0.75,5665.066381277292,10.5,10.5,,,config/iwr6843_l3dump_wide_24f3ms_53bin_iq16.cfg,732812,,,/Users/john.pacino/openflight_sessions/session_20260824_111222_trackman.jsonl,/Users/john.pacino/openflight_sessions/terminal_logs/kiosk_20260824_111211.log,/Users/john.pacino/openflight_sessions/iwr6843/iwr6843_20260824_113047_998_018.l3dump,/Users/john.pacino/openflight_sessions/trackman/camera/camera_20260824_113047_998_018,/Users/john.pacino/openflight_sessions/trackman/camera/camera_20260824_113047_998_018/first.pgm;/Users/john.pacino/openflight_sessions/trackman/camera/camera_20260824_113047_998_018/frames.npz;/Users/john.pacino/openflight_sessions/trackman/camera/camera_20260824_113047_998_018/last.pgm;/Users/john.pacino/openflight_sessions/trackman/camera/camera_20260824_113047_998_018/metadata.json;/Users/john.pacino/openflight_sessions/trackman/camera/camera_20260824_113047_998_018/trigger.pgm,-0.2632126777606061,0.06584494293778675,-0.6955571520460033,-6.619189111650442,-24.5,candidate_noisy_fit,10.1,rejected_phase_span,,withheld,,withheld,rejected_no_impact,-3.5031891116504426,0.75,camera_assisted_high,-2.436299989593806,,,467.61525761783423,99,0,120.74508775252525,650,15.0,low_2.875in,2.875,0.073025,9Iron low block before noon elevation,0.165100,6.500,0.040000,1.575,1.524000,60.000
matched,-626.027,22,2,18,08862338-ca9f-f111-9edb-83ad45319c98,9e479b10-8569-41a9-9374-6c476ea91de4,2026-08-24T15:51:47.930008+00:00,2026-08-24T11:51:47.930008-04:00,9Iron,Premium,93.917770221904,75.55252326413735,17.37199999999999,1.941999999999999,-7.029,2.173,1.873,-0.3,6060.439999999999,6.202000000000002,121.1102730612929,20260824_111222,16,2026-08-24T11:51:47.303981-04:00,9-iron,94.03651082837067,76.26733881518554,17.00075164428125,-2.7526859131190093,radar,0.95,0.75,3655.023702098799,10.5,10.5,,,config/iwr6843_l3dump_wide_24f3ms_53bin_iq16.cfg,732812,,,/Users/john.pacino/openflight_sessions/session_20260824_111222_trackman.jsonl,/Users/john.pacino/openflight_sessions/terminal_logs/kiosk_20260824_111211.log,/Users/john.pacino/openflight_sessions/iwr6843/iwr6843_20260824_115147_304_020.l3dump,/Users/john.pacino/openflight_sessions/trackman/camera/camera_20260824_115147_304_020,/Users/john.pacino/openflight_sessions/trackman/camera/camera_20260824_115147_304_020/first.pgm;/Users/john.pacino/openflight_sessions/trackman/camera/camera_20260824_115147_304_020/frames.npz;/Users/john.pacino/openflight_sessions/trackman/camera/camera_20260824_115147_304_020/last.pgm;/Users/john.pacino/openflight_sessions/trackman/camera/camera_20260824_115147_304_020/metadata.json;/Users/john.pacino/openflight_sessions/trackman/camera/camera_20260824_115147_304_020/trigger.pgm,0.11874060646667317,0.71481555104819,-0.3712483557187376,-4.694685913119009,-22.0,candidate_available,21.0,rejected_phase_span,-3.78,low,0.53,low,approach_mixed,-2.7526859131190093,0.75,camera_assisted_high,1.2762983866882962,3.249,-1.643,467.6219515104666,99,0,119.42875394570707,650,15.0,low_2.875in,2.875,0.073025,9Iron low block before noon elevation,0.165100,6.500,0.040000,1.575,1.524000,60.000
matched,-624.4159999999999,23,2,22,08862338-ca9f-f111-9edb-83ad45319c98,b52def8c-ca78-4c0b-b22d-80fff1386f3c,2026-08-24T15:52:12.600855+00:00,2026-08-24T11:52:12.600855-04:00,9Iron,Premium,103.60594130279159,79.96376163206862,23.767,1.8389999999999995,-5.877,2.494,1.668,-0.825,6595.719999999994,1.7639999999999993,137.72502543495744,20260824_111222,17,2026-08-24T11:52:11.976439-04:00,9-iron,103.53071000075995,78.71115207495119,24.46306788939069,-2.5628984525003204,radar,0.95,0.75,6110.161731173099,10.5,10.5,,,config/iwr6843_l3dump_wide_24f3ms_53bin_iq16.cfg,732812,,,/Users/john.pacino/openflight_sessions/session_20260824_111222_trackman.jsonl,/Users/john.pacino/openflight_sessions/terminal_logs/kiosk_20260824_111211.log,/Users/john.pacino/openflight_sessions/iwr6843/iwr6843_20260824_115211_975_021.l3dump,/Users/john.pacino/openflight_sessions/trackman/camera/camera_20260824_115211_975_021,/Users/john.pacino/openflight_sessions/trackman/camera/camera_20260824_115211_975_021/first.pgm;/Users/john.pacino/openflight_sessions/trackman/camera/camera_20260824_115211_975_021/frames.npz;/Users/john.pacino/openflight_sessions/trackman/camera/camera_20260824_115211_975_021/last.pgm;/Users/john.pacino/openflight_sessions/trackman/camera/camera_20260824_115211_975_021/metadata.json;/Users/john.pacino/openflight_sessions/trackman/camera/camera_20260824_115211_975_021/trigger.pgm,-0.0752313020316393,-1.252609557117438,0.6960678893906902,-4.40189845250032,-28.0,candidate_out_of_bounds,25.2,rejected_phase_span,,withheld,,withheld,rejected_no_impact,-2.5628984525003204,0.75,camera_assisted_high,-0.6281771432894345,,,467.6219515104666,99,0,119.0298952020202,650,15.0,low_2.875in,2.875,0.073025,9Iron low block before noon elevation,0.165100,6.500,0.040000,1.575,1.524000,60.000
matched,-627.069,24,2,7,08862338-ca9f-f111-9edb-83ad45319c98,49abc5a8-db12-489f-a7c4-206f1b6f055a,2026-08-24T15:52:40.460438+00:00,2026-08-24T11:52:40.460438-04:00,9Iron,Premium,107.29464924838929,77.32865068002856,20.540999999999997,-3.266999999999997,-5.014,1.774,-4.368,-6.142,5320.820000000003,-14.710999999999991,149.40604055752075,20260824_111222,18,2026-08-24T11:52:39.833369-04:00,9-iron,106.80915761678195,78.91480317993165,19.733444686196748,1.5880049830989265,radar,0.945,0.75,4934.116758103279,10.5,10.5,,,config/iwr6843_l3dump_wide_24f3ms_53bin_iq16.cfg,732812,,,/Users/john.pacino/openflight_sessions/session_20260824_111222_trackman.jsonl,/Users/john.pacino/openflight_sessions/terminal_logs/kiosk_20260824_111211.log,/Users/john.pacino/openflight_sessions/iwr6843/iwr6843_20260824_115239_835_022.l3dump,/Users/john.pacino/openflight_sessions/trackman/camera/camera_20260824_115239_835_022,/Users/john.pacino/openflight_sessions/trackman/camera/camera_20260824_115239_835_022/first.pgm;/Users/john.pacino/openflight_sessions/trackman/camera/camera_20260824_115239_835_022/frames.npz;/Users/john.pacino/openflight_sessions/trackman/camera/camera_20260824_115239_835_022/last.pgm;/Users/john.pacino/openflight_sessions/trackman/camera/camera_20260824_115239_835_022/metadata.json;/Users/john.pacino/openflight_sessions/trackman/camera/camera_20260824_115239_835_022/trigger.pgm,-0.48549163160734565,1.5861524999030934,-0.807555313803249,4.855004983098923,-27.1,candidate_out_of_bounds,19.8,candidate_noisy_fit,,withheld,,withheld,rejected_no_impact,1.5880049830989265,0.75,camera_assisted_high,8.444592777541146,,,467.61302636287724,99,0,119.51066256313132,650,15.0,low_2.875in,2.875,0.073025,9Iron low block before noon elevation,0.165100,6.500,0.040000,1.575,1.524000,60.000
matched,-628.184,25,2,13,08862338-ca9f-f111-9edb-83ad45319c98,313efef6-48dc-41a3-b419-491a7bffc4e9,2026-08-24T15:53:03.324078+00:00,2026-08-24T11:53:03.324078-04:00,9Iron,Premium,105.50733715103783,81.27460629921251,22.767,0.9739999999999998,-6.817,2.382,0.64,-1.742,6197.789999999998,0.5819999999999995,142.77626972637566,20260824_111222,19,2026-08-24T11:53:02.695894-04:00,9-iron,105.19386585283651,80.95131422973634,22.83031138760412,-1.767788727683751,radar,0.942,0.75,5741.716490006099,10.5,10.5,,,config/iwr6843_l3dump_wide_24f3ms_53bin_iq16.cfg,732812,,,/Users/john.pacino/openflight_sessions/session_20260824_111222_trackman.jsonl,/Users/john.pacino/openflight_sessions/terminal_logs/kiosk_20260824_111211.log,/Users/john.pacino/openflight_sessions/iwr6843/iwr6843_20260824_115302_698_023.l3dump,/Users/john.pacino/openflight_sessions/trackman/camera/camera_20260824_115302_698_023,/Users/john.pacino/openflight_sessions/trackman/camera/camera_20260824_115302_698_023/first.pgm;/Users/john.pacino/openflight_sessions/trackman/camera/camera_20260824_115302_698_023/frames.npz;/Users/john.pacino/openflight_sessions/trackman/camera/camera_20260824_115302_698_023/last.pgm;/Users/john.pacino/openflight_sessions/trackman/camera/camera_20260824_115302_698_023/metadata.json;/Users/john.pacino/openflight_sessions/trackman/camera/camera_20260824_115302_698_023/trigger.pgm,-0.31347129820132125,-0.3232920694761674,0.06331138760412003,-2.7417887276837507,-24.9,candidate_available,13.5,candidate_noisy_fit,,withheld,,withheld,rejected_no_impact,-1.767788727683751,0.75,camera_assisted_high,1.031113552134883,,,467.61302636287724,99,0,118.56108538510101,650,15.0,low_2.875in,2.875,0.073025,9Iron low block before noon elevation,0.165100,6.500,0.040000,1.575,1.524000,60.000
matched,-623.636,26,2,1,08862338-ca9f-f111-9edb-83ad45319c98,c4a871f8-8028-42e5-a6a9-021d63303f24,2026-08-24T15:53:31.946517+00:00,2026-08-24T11:53:31.946517-04:00,9Iron,Premium,107.90756979241222,81.1918396564065,23.742999999999988,1.7929999999999995,-7.213,0.37,2.133,1.763,6604.449999999997,1.9700000000000006,144.23290463775987,20260824_111222,20,2026-08-24T11:53:31.322881-04:00,9-iron,107.6861939932197,81.86774420214843,23.46594166047511,-2.439019656602113,radar,0.95,0.75,6063.669489606588,10.5,10.5,,,config/iwr6843_l3dump_wide_24f3ms_53bin_iq16.cfg,732812,,,/Users/john.pacino/openflight_sessions/session_20260824_111222_trackman.jsonl,/Users/john.pacino/openflight_sessions/terminal_logs/kiosk_20260824_111211.log,/Users/john.pacino/openflight_sessions/iwr6843/iwr6843_20260824_115331_321_024.l3dump,/Users/john.pacino/openflight_sessions/trackman/camera/camera_20260824_115331_321_024,/Users/john.pacino/openflight_sessions/trackman/camera/camera_20260824_115331_321_024/first.pgm;/Users/john.pacino/openflight_sessions/trackman/camera/camera_20260824_115331_321_024/frames.npz;/Users/john.pacino/openflight_sessions/trackman/camera/camera_20260824_115331_321_024/last.pgm;/Users/john.pacino/openflight_sessions/trackman/camera/camera_20260824_115331_321_024/metadata.json;/Users/john.pacino/openflight_sessions/trackman/camera/camera_20260824_115331_321_024/trigger.pgm,-0.22137579919251493,0.675904545741929,-0.2770583395248778,-4.232019656602112,-24.3,candidate_available,0.2,candidate_noisy_fit,,withheld,,withheld,rejected_no_impact,-2.439019656602113,0.75,camera_assisted_high,0.732724328976019,,,467.61525761783423,99,0,118.75811710858586,650,15.0,low_2.875in,2.875,0.073025,9Iron low block before noon elevation,0.165100,6.500,0.040000,1.575,1.524000,60.000
matched,-630.37,27,2,47,08862338-ca9f-f111-9edb-83ad45319c98,7a0145d5-8939-41fe-864d-fb357127b8ec,2026-08-24T15:54:06.954289+00:00,2026-08-24T11:54:06.954289-04:00,9Iron,Premium,99.06719756621322,80.13600572655682,19.701999999999995,-0.1720000000000004,,0.807,-0.41,-1.217,6414.369999999999,2.2969999999999997,131.4211826588105,20260824_111222,21,2026-08-24T11:54:06.323919-04:00,9-iron,99.17089073029993,81.1549653347168,20.382366673127116,-0.8847624005242665,radar,0.95,0.75,4755.024130408863,10.5,10.5,,,config/iwr6843_l3dump_wide_24f3ms_53bin_iq16.cfg,732812,,,/Users/john.pacino/openflight_sessions/session_20260824_111222_trackman.jsonl,/Users/john.pacino/openflight_sessions/terminal_logs/kiosk_20260824_111211.log,/Users/john.pacino/openflight_sessions/iwr6843/iwr6843_20260824_115406_329_025.l3dump,/Users/john.pacino/openflight_sessions/trackman/camera/camera_20260824_115406_329_025,/Users/john.pacino/openflight_sessions/trackman/camera/camera_20260824_115406_329_025/first.pgm;/Users/john.pacino/openflight_sessions/trackman/camera/camera_20260824_115406_329_025/frames.npz;/Users/john.pacino/openflight_sessions/trackman/camera/camera_20260824_115406_329_025/last.pgm;/Users/john.pacino/openflight_sessions/trackman/camera/camera_20260824_115406_329_025/metadata.json;/Users/john.pacino/openflight_sessions/trackman/camera/camera_20260824_115406_329_025/trigger.pgm,0.1036931640867067,1.0189596081599888,0.6803666731271214,-0.7127624005242661,-25.3,candidate_out_of_bounds,4.2,rejected_phase_span,,withheld,,withheld,rejected_no_impact,-0.8847624005242665,0.75,camera_assisted_high,3.5491744743621325,,,467.6174888940846,99,0,118.9300091540404,650,15.0,low_2.875in,2.875,0.073025,9Iron low block before noon elevation,0.165100,6.500,0.040000,1.575,1.524000,60.000
matched,-626.5260000000001,28,2,30,08862338-ca9f-f111-9edb-83ad45319c98,47cae7d7-2610-48ad-b600-b2273bf87e32,2026-08-24T15:54:38.685424+00:00,2026-08-24T11:54:38.685424-04:00,9Iron,Premium,111.31218682891901,80.88761632068709,23.390999999999988,1.1220000000000006,-7.903,3.317,0.653,-2.663,6207.390000000003,-5.546000000000001,151.31818103551728,20260824_111222,22,2026-08-24T11:54:38.058898-04:00,9-iron,110.77290670489906,82.17322085961915,22.922638874623004,-1.721249324303443,radar,0.932,0.75,6074.006315135843,10.5,10.5,,,config/iwr6843_l3dump_wide_24f3ms_53bin_iq16.cfg,732812,,,/Users/john.pacino/openflight_sessions/session_20260824_111222_trackman.jsonl,/Users/john.pacino/openflight_sessions/terminal_logs/kiosk_20260824_111211.log,/Users/john.pacino/openflight_sessions/iwr6843/iwr6843_20260824_115438_061_026.l3dump,/Users/john.pacino/openflight_sessions/trackman/camera/camera_20260824_115438_061_026,/Users/john.pacino/openflight_sessions/trackman/camera/camera_20260824_115438_061_026/first.pgm;/Users/john.pacino/openflight_sessions/trackman/camera/camera_20260824_115438_061_026/frames.npz;/Users/john.pacino/openflight_sessions/trackman/camera/camera_20260824_115438_061_026/last.pgm;/Users/john.pacino/openflight_sessions/trackman/camera/camera_20260824_115438_061_026/metadata.json;/Users/john.pacino/openflight_sessions/trackman/camera/camera_20260824_115438_061_026/trigger.pgm,-0.5392801240199532,1.2856045389320627,-0.46836112537698327,-2.843249324303444,-23.7,candidate_noisy_fit,20.5,candidate_noisy_fit,,withheld,,withheld,rejected_no_impact,-1.721249324303443,0.75,camera_assisted_high,1.6903733948861088,,,467.6174888940846,99,0,119.71069523358585,650,15.0,low_2.875in,2.875,0.073025,9Iron low block before noon elevation,0.165100,6.500,0.040000,1.575,1.524000,60.000
matched,-622.597,29,2,10,08862338-ca9f-f111-9edb-83ad45319c98,62f81a77-103e-4219-9ea3-36da80edd99d,2026-08-24T15:55:08.629524+00:00,2026-08-24T11:55:08.629524-04:00,9Iron,Premium,99.07838224767347,82.86730493915525,23.193000000000005,7.492000000000001,-4.208,1.649,8.99,7.341,5957.120000000001,13.721000000000002,132.37681727206046,20260824_111222,23,2026-08-24T11:55:08.006927-04:00,9-iron,99.13199726277327,82.68234862207032,22.969703070776138,-5.473518555648525,radar,0.95,0.75,5448.371310200551,10.5,10.5,,,config/iwr6843_l3dump_wide_24f3ms_53bin_iq16.cfg,732812,,,/Users/john.pacino/openflight_sessions/session_20260824_111222_trackman.jsonl,/Users/john.pacino/openflight_sessions/terminal_logs/kiosk_20260824_111211.log,/Users/john.pacino/openflight_sessions/iwr6843/iwr6843_20260824_115508_005_027.l3dump,/Users/john.pacino/openflight_sessions/trackman/camera/camera_20260824_115508_005_027,/Users/john.pacino/openflight_sessions/trackman/camera/camera_20260824_115508_005_027/first.pgm;/Users/john.pacino/openflight_sessions/trackman/camera/camera_20260824_115508_005_027/frames.npz;/Users/john.pacino/openflight_sessions/trackman/camera/camera_20260824_115508_005_027/last.pgm;/Users/john.pacino/openflight_sessions/trackman/camera/camera_20260824_115508_005_027/metadata.json;/Users/john.pacino/openflight_sessions/trackman/camera/camera_20260824_115508_005_027/trigger.pgm,0.05361501509979405,-0.1849563170849251,-0.22329692922386712,-12.965518555648526,-26.6,candidate_out_of_bounds,17.6,candidate_noisy_fit,,withheld,,withheld,rejected_no_impact,-5.473518555648525,0.75,camera_assisted_high,-6.836780399969371,,,467.61525761783423,99,0,119.93145975378788,650,15.0,low_2.875in,2.875,0.073025,9Iron low block before noon elevation,0.165100,6.500,0.040000,1.575,1.524000,60.000
matched,-631.183,30,2,24,08862338-ca9f-f111-9edb-83ad45319c98,a7898278-4574-4fb7-955f-8adb887cad64,2026-08-24T15:55:41.146267+00:00,2026-08-24T11:55:41.146267-04:00,9Iron,Premium,100.58160343593403,79.08911954187536,22.739999999999995,-0.39600000000000024,-7.856,3.719,-1.365,-5.084,6107.549999999997,-6.891000000000005,134.88850104606215,20260824_111222,24,2026-08-24T11:55:40.515084-04:00,9-iron,100.5292127205904,80.64583757226563,22.76552687603848,-0.660120261962291,radar,0.95,0.75,5469.424724156938,10.5,10.5,,,config/iwr6843_l3dump_wide_24f3ms_53bin_iq16.cfg,732812,,,/Users/john.pacino/openflight_sessions/session_20260824_111222_trackman.jsonl,/Users/john.pacino/openflight_sessions/terminal_logs/kiosk_20260824_111211.log,/Users/john.pacino/openflight_sessions/iwr6843/iwr6843_20260824_115540_522_028.l3dump,/Users/john.pacino/openflight_sessions/trackman/camera/camera_20260824_115540_522_028,/Users/john.pacino/openflight_sessions/trackman/camera/camera_20260824_115540_522_028/first.pgm;/Users/john.pacino/openflight_sessions/trackman/camera/camera_20260824_115540_522_028/frames.npz;/Users/john.pacino/openflight_sessions/trackman/camera/camera_20260824_115540_522_028/last.pgm;/Users/john.pacino/openflight_sessions/trackman/camera/camera_20260824_115540_522_028/metadata.json;/Users/john.pacino/openflight_sessions/trackman/camera/camera_20260824_115540_522_028/trigger.pgm,-0.05239071534363404,1.5567180303902717,0.025526876038483692,-0.26412026196229077,-24.0,candidate_available,8.2,rejected_phase_span,,withheld,,withheld,rejected_no_impact,-0.660120261962291,0.75,camera_assisted_high,3.4477514719847875,,,467.6219515104666,99,0,119.0215009469697,650,15.0,low_2.875in,2.875,0.073025,9Iron low block before noon elevation,0.165100,6.500,0.040000,1.575,1.524000,60.000
matched,-621.428,31,2,2,08862338-ca9f-f111-9edb-83ad45319c98,30800bda-55e6-4e2b-b4c7-06f1a05a9180,2026-08-24T15:56:10.540439+00:00,2026-08-24T11:56:10.540439-04:00,9Iron,Premium,97.15909090909079,81.56540801717958,18.903999999999975,5.26,-3.588,4.89,5.358,0.468,5092.369999999996,0.2550000000000021,131.33420522399987,20260824_111222,25,2026-08-24T11:56:09.919011-04:00,9-iron,97.10701457382703,82.07139530712892,16.305924207513325,-4.114420302675825,radar,0.95,0.75,3595.11548532458,10.5,10.5,,,config/iwr6843_l3dump_wide_24f3ms_53bin_iq16.cfg,732812,,,/Users/john.pacino/openflight_sessions/session_20260824_111222_trackman.jsonl,/Users/john.pacino/openflight_sessions/terminal_logs/kiosk_20260824_111211.log,/Users/john.pacino/openflight_sessions/iwr6843/iwr6843_20260824_115609_916_029.l3dump,/Users/john.pacino/openflight_sessions/trackman/camera/camera_20260824_115609_916_029,/Users/john.pacino/openflight_sessions/trackman/camera/camera_20260824_115609_916_029/first.pgm;/Users/john.pacino/openflight_sessions/trackman/camera/camera_20260824_115609_916_029/frames.npz;/Users/john.pacino/openflight_sessions/trackman/camera/camera_20260824_115609_916_029/last.pgm;/Users/john.pacino/openflight_sessions/trackman/camera/camera_20260824_115609_916_029/metadata.json;/Users/john.pacino/openflight_sessions/trackman/camera/camera_20260824_115609_916_029/trigger.pgm,-0.052076335263762985,0.5059872899493456,-2.59807579248665,-9.374420302675825,-29.2,candidate_out_of_bounds,4.1,candidate_noisy_fit,,withheld,,withheld,rejected_no_impact,-4.114420302675825,0.75,camera_assisted_high,-5.296997184510559,,,467.6041015559765,99,0,120.00438020833333,650,15.0,low_2.875in,2.875,0.073025,9Iron low block before noon elevation,0.165100,6.500,0.040000,1.575,1.524000,60.000
matched,-628.826,32,2,15,08862338-ca9f-f111-9edb-83ad45319c98,4d494a96-d793-482a-9dae-52abd3be1614,2026-08-24T16:04:09.222661+00:00,2026-08-24T12:04:09.222661-04:00,9Iron,Premium,104.2479420186112,77.758142448103,22.89699999999999,1.2349999999999997,,2.244,1.031,-1.213,5782.6100000000015,-3.2140000000000013,142.3786545871639,20260824_120337,1,2026-08-24T12:04:08.593835-04:00,9-iron,103.95275700700627,94.90141492089845,22.565027065140885,-2.9639189474751126,radar,0.95,0.95,5599.099530059376,10.5,10.5,,,config/iwr6843_l3dump_wide_24f3ms_53bin_iq16.cfg,732812,,,/Users/john.pacino/openflight_sessions/session_20260824_120337_trackman.jsonl,/Users/john.pacino/openflight_sessions/terminal_logs/kiosk_20260824_120326.log,/Users/john.pacino/openflight_sessions/iwr6843/iwr6843_20260824_120408_601_001.l3dump,/Users/john.pacino/openflight_sessions/trackman/camera/camera_20260824_120408_601_001,/Users/john.pacino/openflight_sessions/trackman/camera/camera_20260824_120408_601_001/first.pgm;/Users/john.pacino/openflight_sessions/trackman/camera/camera_20260824_120408_601_001/frames.npz;/Users/john.pacino/openflight_sessions/trackman/camera/camera_20260824_120408_601_001/last.pgm;/Users/john.pacino/openflight_sessions/trackman/camera/camera_20260824_120408_601_001/metadata.json;/Users/john.pacino/openflight_sessions/trackman/camera/camera_20260824_120408_601_001/trigger.pgm,-0.2951850116049286,17.143272472795445,-0.33197293485910606,-4.1989189474751125,-19.7,candidate_available,20.3,rejected_phase_span,,withheld,,withheld,rejected_no_impact,,,camera_withheld_fallback_iwr:rejected_implausible_reference_ball,,,,467.61302636287724,99,0,106.74597806186868,500,15.0,high_5.25in,5.25,0.133350,9Iron high block after 12:03 restart,0.165100,6.500,0.040000,1.575,1.524000,60.000
matched,-626.3349999999999,33,2,28,08862338-ca9f-f111-9edb-83ad45319c98,b0dce5a0-4287-414f-b7fd-9473b006bf45,2026-08-24T16:05:40.420727+00:00,2026-08-24T12:05:40.420727-04:00,9Iron,Premium,97.85477809591973,77.50536864710085,23.125999999999994,-0.2940000000000004,,1.353,-0.681,-2.034,6277.259999999999,1.0470000000000002,129.73109463427562,20260824_120337,2,2026-08-24T12:05:39.794392-04:00,9-iron,97.59770328500315,88.79188177148438,23.820893863906043,-1.20218234826703,radar,0.95,0.75,5589.71865037339,10.5,10.5,,,config/iwr6843_l3dump_wide_24f3ms_53bin_iq16.cfg,732812,,,/Users/john.pacino/openflight_sessions/session_20260824_120337_trackman.jsonl,/Users/john.pacino/openflight_sessions/terminal_logs/kiosk_20260824_120326.log,/Users/john.pacino/openflight_sessions/iwr6843/iwr6843_20260824_120539_800_002.l3dump,/Users/john.pacino/openflight_sessions/trackman/camera/camera_20260824_120539_800_002,/Users/john.pacino/openflight_sessions/trackman/camera/camera_20260824_120539_800_002/first.pgm;/Users/john.pacino/openflight_sessions/trackman/camera/camera_20260824_120539_800_002/frames.npz;/Users/john.pacino/openflight_sessions/trackman/camera/camera_20260824_120539_800_002/last.pgm;/Users/john.pacino/openflight_sessions/trackman/camera/camera_20260824_120539_800_002/metadata.json;/Users/john.pacino/openflight_sessions/trackman/camera/camera_20260824_120539_800_002/trigger.pgm,-0.2570748109165777,11.286513124383532,0.6948938639060493,-0.9081823482670295,-16.1,candidate_noisy_fit,4.5,rejected_phase_span,,withheld,,withheld,rejected_no_impact,-1.20218234826703,0.75,camera_assisted_high,2.0766454199359146,,,467.6174888940846,99,0,124.86219160353535,650,15.0,high_5.25in,5.25,0.133350,9Iron high block after 12:03 restart,0.165100,6.500,0.040000,1.575,1.524000,60.000
matched,-624.3069999999999,34,2,38,08862338-ca9f-f111-9edb-83ad45319c98,66e4a430-1d0b-4319-aa46-d3ba1734d9c5,2026-08-24T16:06:16.472220+00:00,2026-08-24T12:06:16.472220-04:00,9Iron,Premium,103.09591982820317,80.21206156048666,21.408000000000012,1.9499999999999988,-3.359,2.681,1.765,-0.917,5557.640000000003,-4.364000000000001,141.62679956729542,20260824_120337,3,2026-08-24T12:06:15.847913-04:00,9-iron,102.29473568177602,78.71115207495119,16.385239276117318,-3.6315474321947034,radar,0.868,0.95,3808.6879322673135,10.5,10.5,,,config/iwr6843_l3dump_wide_24f3ms_53bin_iq16.cfg,732812,,,/Users/john.pacino/openflight_sessions/session_20260824_120337_trackman.jsonl,/Users/john.pacino/openflight_sessions/terminal_logs/kiosk_20260824_120326.log,/Users/john.pacino/openflight_sessions/iwr6843/iwr6843_20260824_120615_852_003.l3dump,/Users/john.pacino/openflight_sessions/trackman/camera/camera_20260824_120615_852_003,/Users/john.pacino/openflight_sessions/trackman/camera/camera_20260824_120615_852_003/first.pgm;/Users/john.pacino/openflight_sessions/trackman/camera/camera_20260824_120615_852_003/frames.npz;/Users/john.pacino/openflight_sessions/trackman/camera/camera_20260824_120615_852_003/last.pgm;/Users/john.pacino/openflight_sessions/trackman/camera/camera_20260824_120615_852_003/metadata.json;/Users/john.pacino/openflight_sessions/trackman/camera/camera_20260824_120615_852_003/trigger.pgm,-0.801184146427147,-1.5009094855354732,-5.022760723882694,-5.581547432194702,-16.1,candidate_noisy_fit,-8.4,rejected_phase_span,,withheld,,withheld,rejected_no_impact,,,camera_withheld_fallback_iwr:rejected_implausible_reference_ball,,,,467.61302636287724,99,0,124.97823658459596,650,15.0,high_5.25in,5.25,0.133350,9Iron high block after 12:03 restart,0.165100,6.500,0.040000,1.575,1.524000,60.000
matched,-624.6270000000001,35,2,27,08862338-ca9f-f111-9edb-83ad45319c98,6934a39b-77df-4594-b1a1-90b9eaec38ab,2026-08-24T16:06:39.418440+00:00,2026-08-24T12:06:39.418440-04:00,9Iron,Premium,110.25411596277723,78.57015032211875,20.792000000000005,-1.6510000000000002,-7.843,2.351,-2.437,-4.788,5414.770000000007,-10.042,154.61464284502716,20260824_120337,4,2026-08-24T12:06:38.793813-04:00,9-iron,109.59788599682793,80.34036091479491,21.258395736664447,0.1681370821742405,radar,0.95,0.75,5514.777016694642,10.5,10.5,,,config/iwr6843_l3dump_wide_24f3ms_53bin_iq16.cfg,732812,,,/Users/john.pacino/openflight_sessions/session_20260824_120337_trackman.jsonl,/Users/john.pacino/openflight_sessions/terminal_logs/kiosk_20260824_120326.log,/Users/john.pacino/openflight_sessions/iwr6843/iwr6843_20260824_120638_798_004.l3dump,/Users/john.pacino/openflight_sessions/trackman/camera/camera_20260824_120638_798_004,/Users/john.pacino/openflight_sessions/trackman/camera/camera_20260824_120638_798_004/first.pgm;/Users/john.pacino/openflight_sessions/trackman/camera/camera_20260824_120638_798_004/frames.npz;/Users/john.pacino/openflight_sessions/trackman/camera/camera_20260824_120638_798_004/last.pgm;/Users/john.pacino/openflight_sessions/trackman/camera/camera_20260824_120638_798_004/metadata.json;/Users/john.pacino/openflight_sessions/trackman/camera/camera_20260824_120638_798_004/trigger.pgm,-0.6562299659493078,1.7702105926761647,0.4663957366644418,1.8191370821742407,-11.6,candidate_noisy_fit,4.3,candidate_noisy_fit,,withheld,,withheld,rejected_no_impact,0.1681370821742405,0.75,camera_assisted_high,6.215755120645724,,,467.61972019162863,99,0,125.01625489267677,650,15.0,high_5.25in,5.25,0.133350,9Iron high block after 12:03 restart,0.165100,6.500,0.040000,1.575,1.524000,60.000
matched,-633.137,36,2,35,08862338-ca9f-f111-9edb-83ad45319c98,0f6b8fe7-8b2f-48a7-84d2-c9c88b83ac87,2026-08-24T16:07:08.106494+00:00,2026-08-24T12:07:08.106494-04:00,9Iron,Premium,90.14629563350026,,15.137000000000002,-5.705999999999997,,8.622,-8.15,-16.772,3590.700000000004,-59.851999999999975,88.67552826316732,20260824_120337,5,2026-08-24T12:07:07.473357-04:00,9-iron,89.87015287264981,78.91480317993165,11.867875295142824,,radar,0.919,,2289.9861138129772,10.5,10.5,,,config/iwr6843_l3dump_wide_24f3ms_53bin_iq16.cfg,732812,,,/Users/john.pacino/openflight_sessions/session_20260824_120337_trackman.jsonl,/Users/john.pacino/openflight_sessions/terminal_logs/kiosk_20260824_120326.log,/Users/john.pacino/openflight_sessions/iwr6843/iwr6843_20260824_120707_478_005.l3dump,/Users/john.pacino/openflight_sessions/trackman/camera/camera_20260824_120707_478_005,/Users/john.pacino/openflight_sessions/trackman/camera/camera_20260824_120707_478_005/first.pgm;/Users/john.pacino/openflight_sessions/trackman/camera/camera_20260824_120707_478_005/frames.npz;/Users/john.pacino/openflight_sessions/trackman/camera/camera_20260824_120707_478_005/last.pgm;/Users/john.pacino/openflight_sessions/trackman/camera/camera_20260824_120707_478_005/metadata.json;/Users/john.pacino/openflight_sessions/trackman/camera/camera_20260824_120707_478_005/trigger.pgm,-0.27614276085044764,,-3.2691247048571785,,-16.6,candidate_noisy_fit,-7.6,candidate_noisy_fit,,withheld,,withheld,rejected_no_impact,,,camera_withheld_fallback_iwr:rejected_implausible_reference_ball,,,,467.61302636287724,99,0,127.08466114267677,650,15.0,high_5.25in,5.25,0.133350,9Iron high block after 12:03 restart,0.165100,6.500,0.040000,1.575,1.524000,60.000
matched,-620.567,37,2,6,08862338-ca9f-f111-9edb-83ad45319c98,04979b99-dd9b-4ada-a464-179809a4be23,2026-08-24T16:07:24.918893+00:00,2026-08-24T12:07:24.918893-04:00,9Iron,Premium,103.1876342161774,79.9212598425196,21.271999999999995,1.8939999999999992,-5.185,2.19,1.803,-0.387,7125.130000000004,1.4459999999999995,136.2877818379852,20260824_120337,6,2026-08-24T12:07:24.298326-04:00,9-iron,102.78900948497937,79.83123315234374,20.07539501411962,-2.7204106349644737,radar,0.95,0.95,4843.2617898331355,10.5,10.5,,,config/iwr6843_l3dump_wide_24f3ms_53bin_iq16.cfg,732812,,,/Users/john.pacino/openflight_sessions/session_20260824_120337_trackman.jsonl,/Users/john.pacino/openflight_sessions/terminal_logs/kiosk_20260824_120326.log,/Users/john.pacino/openflight_sessions/iwr6843/iwr6843_20260824_120724_299_006.l3dump,/Users/john.pacino/openflight_sessions/trackman/camera/camera_20260824_120724_299_006,/Users/john.pacino/openflight_sessions/trackman/camera/camera_20260824_120724_299_006/first.pgm;/Users/john.pacino/openflight_sessions/trackman/camera/camera_20260824_120724_299_006/frames.npz;/Users/john.pacino/openflight_sessions/trackman/camera/camera_20260824_120724_299_006/last.pgm;/Users/john.pacino/openflight_sessions/trackman/camera/camera_20260824_120724_299_006/metadata.json;/Users/john.pacino/openflight_sessions/trackman/camera/camera_20260824_120724_299_006/trigger.pgm,-0.39862473119802644,-0.09002669017586129,-1.1966049858803736,-4.614410634964473,-25.3,candidate_out_of_bounds,11.2,rejected_phase_span,,withheld,,withheld,rejected_no_impact,,,camera_withheld_fallback_iwr:rejected_implausible_reference_ball,,,,467.61525761783423,99,0,124.21049810606061,650,15.0,high_5.25in,5.25,0.133350,9Iron high block after 12:03 restart,0.165100,6.500,0.040000,1.575,1.524000,60.000
matched,-624.081,38,2,44,08862338-ca9f-f111-9edb-83ad45319c98,101160c8-6b80-44b3-b0ad-eef358d93016,2026-08-24T16:07:47.509456+00:00,2026-08-24T12:07:47.509456-04:00,9Iron,Premium,111.46429849677871,80.02863278453822,22.065000000000005,-1.9400000000000004,-7.846,2.519,-2.817,-5.336,5644.519999999994,-13.191,154.8835297822473,20260824_120337,7,2026-08-24T12:07:46.885375-04:00,9-iron,110.64710155990328,101.72372693774415,21.620425209746134,0.3303457386502089,radar,0.95,0.75,5676.121699515916,10.5,10.5,,,config/iwr6843_l3dump_wide_24f3ms_53bin_iq16.cfg,732812,,,/Users/john.pacino/openflight_sessions/session_20260824_120337_trackman.jsonl,/Users/john.pacino/openflight_sessions/terminal_logs/kiosk_20260824_120326.log,/Users/john.pacino/openflight_sessions/iwr6843/iwr6843_20260824_120746_889_007.l3dump,/Users/john.pacino/openflight_sessions/trackman/camera/camera_20260824_120746_889_007,/Users/john.pacino/openflight_sessions/trackman/camera/camera_20260824_120746_889_007/first.pgm;/Users/john.pacino/openflight_sessions/trackman/camera/camera_20260824_120746_889_007/frames.npz;/Users/john.pacino/openflight_sessions/trackman/camera/camera_20260824_120746_889_007/last.pgm;/Users/john.pacino/openflight_sessions/trackman/camera/camera_20260824_120746_889_007/metadata.json;/Users/john.pacino/openflight_sessions/trackman/camera/camera_20260824_120746_889_007/trigger.pgm,-0.8171969368754333,21.69509415320593,-0.4445747902538706,2.2703457386502093,-19.7,candidate_available,6.5,rejected_phase_span,,withheld,,withheld,rejected_no_impact,0.3303457386502089,0.75,camera_assisted_high,4.79892706579534,,,467.60187040748167,99,0,123.37640640782828,650,15.0,high_5.25in,5.25,0.133350,9Iron high block after 12:03 restart,0.165100,6.500,0.040000,1.575,1.524000,60.000
matched,-616.048,39,2,8,08862338-ca9f-f111-9edb-83ad45319c98,68f495e9-4d60-4b47-a81f-20b289020a6b,2026-08-24T16:08:14.904934+00:00,2026-08-24T12:08:14.904934-04:00,9Iron,Premium,102.41812813171069,80.70195060844658,21.045,3.509,-7.116,2.955,3.677,0.722,7368.170000000001,5.623999999999999,134.32161554695648,20260824_120337,8,2026-08-24T12:08:14.288886-04:00,9-iron,102.00617479002888,80.34036091479491,19.374505208059716,-3.8418649931327025,radar,0.95,0.75,4613.547360911691,10.5,10.5,,,config/iwr6843_l3dump_wide_24f3ms_53bin_iq16.cfg,732812,,,/Users/john.pacino/openflight_sessions/session_20260824_120337_trackman.jsonl,/Users/john.pacino/openflight_sessions/terminal_logs/kiosk_20260824_120326.log,/Users/john.pacino/openflight_sessions/iwr6843/iwr6843_20260824_120814_285_008.l3dump,/Users/john.pacino/openflight_sessions/trackman/camera/camera_20260824_120814_285_008,/Users/john.pacino/openflight_sessions/trackman/camera/camera_20260824_120814_285_008/first.pgm;/Users/john.pacino/openflight_sessions/trackman/camera/camera_20260824_120814_285_008/frames.npz;/Users/john.pacino/openflight_sessions/trackman/camera/camera_20260824_120814_285_008/last.pgm;/Users/john.pacino/openflight_sessions/trackman/camera/camera_20260824_120814_285_008/metadata.json;/Users/john.pacino/openflight_sessions/trackman/camera/camera_20260824_120814_285_008/trigger.pgm,-0.41195334168180864,-0.36158969365166627,-1.6704947919402855,-7.350864993132703,-16.4,candidate_noisy_fit,-2.3,candidate_noisy_fit,16.64,low,1.99,medium,approach_mixed,-3.8418649931327025,0.75,camera_assisted_high,-1.6474264877849407,23.756,-0.9650000000000001,467.61525761783423,99,0,124.06706392045454,650,15.0,high_5.25in,5.25,0.133350,9Iron high block after 12:03 restart,0.165100,6.500,0.040000,1.575,1.524000,60.000
matched,-625.244,40,2,45,08862338-ca9f-f111-9edb-83ad45319c98,3cb54153-d018-46b0-8ca5-f2092a69a1fc,2026-08-24T16:08:40.897810+00:00,2026-08-24T12:08:40.897810-04:00,9Iron,Premium,103.09591982820318,77.79617036506791,23.75,2.0830000000000006,-5.054,2.225,2.05,-0.176,5807.8099999999995,-0.6040000000000005,140.02899627856823,20260824_120337,9,2026-08-24T12:08:40.272566-04:00,9-iron,102.69176442552802,92.55942721362305,24.1588201847793,-2.8110852506879667,radar,0.95,0.75,5975.759037159791,10.5,10.5,,,config/iwr6843_l3dump_wide_24f3ms_53bin_iq16.cfg,732812,,,/Users/john.pacino/openflight_sessions/session_20260824_120337_trackman.jsonl,/Users/john.pacino/openflight_sessions/terminal_logs/kiosk_20260824_120326.log,/Users/john.pacino/openflight_sessions/iwr6843/iwr6843_20260824_120840_278_009.l3dump,/Users/john.pacino/openflight_sessions/trackman/camera/camera_20260824_120840_278_009,/Users/john.pacino/openflight_sessions/trackman/camera/camera_20260824_120840_278_009/first.pgm;/Users/john.pacino/openflight_sessions/trackman/camera/camera_20260824_120840_278_009/frames.npz;/Users/john.pacino/openflight_sessions/trackman/camera/camera_20260824_120840_278_009/last.pgm;/Users/john.pacino/openflight_sessions/trackman/camera/camera_20260824_120840_278_009/metadata.json;/Users/john.pacino/openflight_sessions/trackman/camera/camera_20260824_120840_278_009/trigger.pgm,-0.40415540267515837,14.763256848555145,0.4088201847793016,-4.894085250687967,-22.3,candidate_noisy_fit,-4.2,rejected_phase_span,,withheld,,withheld,rejected_no_impact,-2.8110852506879667,0.75,camera_assisted_high,0.12785625516193022,,,467.6264142120256,99,0,124.19798863636363,650,15.0,high_5.25in,5.25,0.133350,9Iron high block after 12:03 restart,0.165100,6.500,0.040000,1.575,1.524000,60.000
matched,-621.706,41,2,33,08862338-ca9f-f111-9edb-83ad45319c98,cda902c7-b3a5-4b71-8052-c39a592c344f,2026-08-24T16:09:14.023339+00:00,2026-08-24T12:09:14.023339-04:00,9Iron,Premium,109.77317465998556,81.10459914101637,20.669999999999998,-0.9809999999999989,-4.845,1.436,-1.607,-3.043,6285.989999999999,-6.9369999999999985,149.95913938077823,20260824_120337,10,2026-08-24T12:09:13.401633-04:00,9-iron,109.14321126783673,80.2385353623047,18.757050158245356,-0.42376722045341353,radar,0.95,0.75,4755.033266967367,10.5,10.5,,,config/iwr6843_l3dump_wide_24f3ms_53bin_iq16.cfg,732812,,,/Users/john.pacino/openflight_sessions/session_20260824_120337_trackman.jsonl,/Users/john.pacino/openflight_sessions/terminal_logs/kiosk_20260824_120326.log,/Users/john.pacino/openflight_sessions/iwr6843/iwr6843_20260824_120913_402_010.l3dump,/Users/john.pacino/openflight_sessions/trackman/camera/camera_20260824_120913_402_010,/Users/john.pacino/openflight_sessions/trackman/camera/camera_20260824_120913_402_010/first.pgm;/Users/john.pacino/openflight_sessions/trackman/camera/camera_20260824_120913_402_010/frames.npz;/Users/john.pacino/openflight_sessions/trackman/camera/camera_20260824_120913_402_010/last.pgm;/Users/john.pacino/openflight_sessions/trackman/camera/camera_20260824_120913_402_010/metadata.json;/Users/john.pacino/openflight_sessions/trackman/camera/camera_20260824_120913_402_010/trigger.pgm,-0.6299633921488237,-0.8660637787116627,-1.9129498417546422,0.5572327795465853,-20.1,candidate_available,13.7,rejected_phase_span,,withheld,,withheld,rejected_no_impact,-0.42376722045341353,0.75,camera_assisted_high,4.4574895130945436,,,467.653192210234,99,0,124.2671388888889,650,15.0,high_5.25in,5.25,0.133350,9Iron high block after 12:03 restart,0.165100,6.500,0.040000,1.575,1.524000,60.000
matched,-627.34,42,2,46,08862338-ca9f-f111-9edb-83ad45319c98,d279e3f8-db7f-477e-92fb-f23413f802ed,2026-08-24T16:09:34.824026+00:00,2026-08-24T12:09:34.824026-04:00,9Iron,Premium,99.12312097351457,78.12947387258401,24.896999999999984,6.257999999999998,-4.199,2.003,7.429,5.426,6515.38,4.6819999999999995,130.35782304657937,20260824_120337,11,2026-08-24T12:09:34.196686-04:00,9-iron,98.7090588585849,79.52575649487306,23.80115831440805,-5.402173306603174,radar,0.95,0.75,5648.076461223629,10.5,10.5,,,config/iwr6843_l3dump_wide_24f3ms_53bin_iq16.cfg,732812,,,/Users/john.pacino/openflight_sessions/session_20260824_120337_trackman.jsonl,/Users/john.pacino/openflight_sessions/terminal_logs/kiosk_20260824_120326.log,/Users/john.pacino/openflight_sessions/iwr6843/iwr6843_20260824_120934_201_011.l3dump,/Users/john.pacino/openflight_sessions/trackman/camera/camera_20260824_120934_201_011,/Users/john.pacino/openflight_sessions/trackman/camera/camera_20260824_120934_201_011/first.pgm;/Users/john.pacino/openflight_sessions/trackman/camera/camera_20260824_120934_201_011/frames.npz;/Users/john.pacino/openflight_sessions/trackman/camera/camera_20260824_120934_201_011/last.pgm;/Users/john.pacino/openflight_sessions/trackman/camera/camera_20260824_120934_201_011/metadata.json;/Users/john.pacino/openflight_sessions/trackman/camera/camera_20260824_120934_201_011/trigger.pgm,-0.4140621149296777,1.3962826222890499,-1.0958416855919353,-11.660173306603173,-24.5,candidate_available,15.4,rejected_phase_span,,withheld,,withheld,rejected_no_impact,-5.402173306603174,0.75,camera_assisted_high,-3.750205169810471,,,467.6777414028423,99,0,125.1836985479798,650,15.0,high_5.25in,5.25,0.133350,9Iron high block after 12:03 restart,0.165100,6.500,0.040000,1.575,1.524000,60.000
matched,-619.7470000000001,43,2,4,08862338-ca9f-f111-9edb-83ad45319c98,3a292aa0-7acc-4a84-b0be-149d1ec64e10,2026-08-24T16:09:59.521332+00:00,2026-08-24T12:09:59.521332-04:00,9Iron,Premium,94.99597351467422,79.44926628489613,18.14899999999999,6.949999999999997,-7.448,0.468,8.771,8.304,6226.989999999996,18.027000000000008,121.94559279198954,20260824_120337,12,2026-08-24T12:09:58.901585-04:00,9-iron,95.01195147731801,82.17322085961915,18.475250429202408,-5.3554927085967705,radar,0.69,0.75,4067.481659900434,10.5,10.5,,,config/iwr6843_l3dump_wide_24f3ms_53bin_iq16.cfg,732812,,,/Users/john.pacino/openflight_sessions/session_20260824_120337_trackman.jsonl,/Users/john.pacino/openflight_sessions/terminal_logs/kiosk_20260824_120326.log,/Users/john.pacino/openflight_sessions/iwr6843/iwr6843_20260824_120958_896_012.l3dump,/Users/john.pacino/openflight_sessions/trackman/camera/camera_20260824_120958_896_012,/Users/john.pacino/openflight_sessions/trackman/camera/camera_20260824_120958_896_012/first.pgm;/Users/john.pacino/openflight_sessions/trackman/camera/camera_20260824_120958_896_012/frames.npz;/Users/john.pacino/openflight_sessions/trackman/camera/camera_20260824_120958_896_012/last.pgm;/Users/john.pacino/openflight_sessions/trackman/camera/camera_20260824_120958_896_012/metadata.json;/Users/john.pacino/openflight_sessions/trackman/camera/camera_20260824_120958_896_012/trigger.pgm,0.015977962643788146,2.723954574723024,0.32625042920241754,-12.305492708596766,-27.7,candidate_out_of_bounds,5.5,candidate_noisy_fit,,withheld,,withheld,rejected_no_impact,-5.3554927085967705,0.75,camera_assisted_high,,,,467.65542384851784,99,0,125.01093402777778,650,15.0,high_5.25in,5.25,0.133350,9Iron high block after 12:03 restart,0.165100,6.500,0.040000,1.575,1.524000,60.000
matched,-632.208,44,2,17,08862338-ca9f-f111-9edb-83ad45319c98,012f2d2d-a751-4a3c-b1e6-5fc733c3e061,2026-08-24T16:10:24.926912+00:00,2026-08-24T12:10:24.926912-04:00,9Iron,Premium,110.33911954187536,81.52066929133849,21.017999999999997,-0.450999999999998,-1.707,3.563,-1.445,-5.009,5485.409999999992,-11.076,154.2910844061411,20260824_120337,13,2026-08-24T12:10:24.294704-04:00,9-iron,109.38124063729889,79.83123315234374,18.114223350938726,-0.6611957608659509,radar,0.95,0.75,4576.752052172351,10.5,10.5,,,config/iwr6843_l3dump_wide_24f3ms_53bin_iq16.cfg,732812,,,/Users/john.pacino/openflight_sessions/session_20260824_120337_trackman.jsonl,/Users/john.pacino/openflight_sessions/terminal_logs/kiosk_20260824_120326.log,/Users/john.pacino/openflight_sessions/iwr6843/iwr6843_20260824_121024_299_013.l3dump,/Users/john.pacino/openflight_sessions/trackman/camera/camera_20260824_121024_299_013,/Users/john.pacino/openflight_sessions/trackman/camera/camera_20260824_121024_299_013/first.pgm;/Users/john.pacino/openflight_sessions/trackman/camera/camera_20260824_121024_299_013/frames.npz;/Users/john.pacino/openflight_sessions/trackman/camera/camera_20260824_121024_299_013/last.pgm;/Users/john.pacino/openflight_sessions/trackman/camera/camera_20260824_121024_299_013/metadata.json;/Users/john.pacino/openflight_sessions/trackman/camera/camera_20260824_121024_299_013/trigger.pgm,-0.9578789045764751,-1.6894361389947505,-2.903776649061271,-0.21019576086595287,-17.1,candidate_available,12.9,rejected_phase_span,,withheld,,withheld,rejected_no_impact,-0.6611957608659509,0.75,camera_assisted_high,5.00704039576803,,,467.65096059324867,99,0,124.87278630050506,650,15.0,high_5.25in,5.25,0.133350,9Iron high block after 12:03 restart,0.165100,6.500,0.040000,1.575,1.524000,60.000
matched,-630.849,45,2,23,08862338-ca9f-f111-9edb-83ad45319c98,899df6cf-11cf-4baa-97ee-89beb3a5a1e5,2026-08-24T16:10:49.862147+00:00,2026-08-24T12:10:49.862147-04:00,9Iron,Premium,104.76467430207576,80.02863278453822,22.69499999999999,2.7510000000000003,,3.946,2.487,-1.459,6420.830000000004,-1.2189999999999988,140.73305526622,20260824_120337,14,2026-08-24T12:10:49.231298-04:00,9-iron,104.05627704086145,81.1549653347168,21.573925285802993,-2.821759764539081,radar,0.942,0.75,5324.900791663846,10.5,10.5,,,config/iwr6843_l3dump_wide_24f3ms_53bin_iq16.cfg,732812,,,/Users/john.pacino/openflight_sessions/session_20260824_120337_trackman.jsonl,/Users/john.pacino/openflight_sessions/terminal_logs/kiosk_20260824_120326.log,/Users/john.pacino/openflight_sessions/iwr6843/iwr6843_20260824_121049_233_014.l3dump,/Users/john.pacino/openflight_sessions/trackman/camera/camera_20260824_121049_233_014,/Users/john.pacino/openflight_sessions/trackman/camera/camera_20260824_121049_233_014/first.pgm;/Users/john.pacino/openflight_sessions/trackman/camera/camera_20260824_121049_233_014/frames.npz;/Users/john.pacino/openflight_sessions/trackman/camera/camera_20260824_121049_233_014/last.pgm;/Users/john.pacino/openflight_sessions/trackman/camera/camera_20260824_121049_233_014/metadata.json;/Users/john.pacino/openflight_sessions/trackman/camera/camera_20260824_121049_233_014/trigger.pgm,-0.7083972612143157,1.1263325501785886,-1.1210747141969968,-5.572759764539081,-20.8,candidate_available,17.8,candidate_noisy_fit,,withheld,,withheld,rejected_no_stable_clubhead,-2.821759764539081,0.75,camera_assisted_high,-0.7672917892770954,,,467.653192210234,99,0,124.0974420770202,650,15.0,high_5.25in,5.25,0.133350,9Iron high block after 12:03 restart,0.165100,6.500,0.040000,1.575,1.524000,60.000
matched,-637.561,46,2,3,08862338-ca9f-f111-9edb-83ad45319c98,1a8441e9-2423-4aa1-970d-145b9f38989d,2026-08-24T16:11:17.116299+00:00,2026-08-24T12:11:17.116299-04:00,9Iron,Premium,105.39549033643513,77.06245526127408,21.487999999999992,-0.9819999999999994,,3.264,-1.829,-5.094,5731.909999999996,-7.392000000000003,144.80395356595142,20260824_120337,15,2026-08-24T12:11:16.478738-04:00,9-iron,105.11517349533095,78.60932652246093,21.019906569956444,-0.3776317400535021,radar,0.95,0.75,5221.325617610807,10.5,10.5,,,config/iwr6843_l3dump_wide_24f3ms_53bin_iq16.cfg,732812,,,/Users/john.pacino/openflight_sessions/session_20260824_120337_trackman.jsonl,/Users/john.pacino/openflight_sessions/terminal_logs/kiosk_20260824_120326.log,/Users/john.pacino/openflight_sessions/iwr6843/iwr6843_20260824_121116_485_015.l3dump,/Users/john.pacino/openflight_sessions/trackman/camera/camera_20260824_121116_485_015,/Users/john.pacino/openflight_sessions/trackman/camera/camera_20260824_121116_485_015/first.pgm;/Users/john.pacino/openflight_sessions/trackman/camera/camera_20260824_121116_485_015/frames.npz;/Users/john.pacino/openflight_sessions/trackman/camera/camera_20260824_121116_485_015/last.pgm;/Users/john.pacino/openflight_sessions/trackman/camera/camera_20260824_121116_485_015/metadata.json;/Users/john.pacino/openflight_sessions/trackman/camera/camera_20260824_121116_485_015/trigger.pgm,-0.280316841104181,1.5468712611868511,-0.46809343004354886,0.6043682599464973,-15.3,candidate_available,0.9,rejected_phase_span,,withheld,,withheld,rejected_no_impact,-0.3776317400535021,0.75,camera_assisted_high,5.437472718086241,,,467.64872899756153,99,0,124.75791035353535,650,15.0,high_5.25in,5.25,0.133350,9Iron high block after 12:03 restart,0.165100,6.500,0.040000,1.575,1.524000,60.000
matched,-636.521,47,2,34,08862338-ca9f-f111-9edb-83ad45319c98,448ba43b-d103-46dc-bed4-c4a4f00c3ab9,2026-08-24T16:11:45.425690+00:00,2026-08-24T12:11:45.425690-04:00,9Iron,Premium,106.22986757337141,78.2726377952755,22.95899999999999,2.4620000000000015,,3.918,2.174,-1.744,5664.919999999998,-3.947,146.16961764040667,20260824_120337,16,2026-08-24T12:11:44.789169-04:00,9-iron,105.86917490356923,96.73427486572267,23.523212403923356,-2.6021067801726474,radar,0.95,0.75,5977.827515729499,10.5,10.5,,,config/iwr6843_l3dump_wide_24f3ms_53bin_iq16.cfg,732812,,,/Users/john.pacino/openflight_sessions/session_20260824_120337_trackman.jsonl,/Users/john.pacino/openflight_sessions/terminal_logs/kiosk_20260824_120326.log,/Users/john.pacino/openflight_sessions/iwr6843/iwr6843_20260824_121144_793_016.l3dump,/Users/john.pacino/openflight_sessions/trackman/camera/camera_20260824_121144_793_016,/Users/john.pacino/openflight_sessions/trackman/camera/camera_20260824_121144_793_016/first.pgm;/Users/john.pacino/openflight_sessions/trackman/camera/camera_20260824_121144_793_016/frames.npz;/Users/john.pacino/openflight_sessions/trackman/camera/camera_20260824_121144_793_016/last.pgm;/Users/john.pacino/openflight_sessions/trackman/camera/camera_20260824_121144_793_016/metadata.json;/Users/john.pacino/openflight_sessions/trackman/camera/camera_20260824_121144_793_016/trigger.pgm,-0.3606926698021766,18.461637070447168,0.5642124039233671,-5.064106780172649,-20.9,candidate_available,-26.2,rejected_phase_span,,withheld,,withheld,rejected_no_impact,-2.6021067801726474,0.75,camera_assisted_high,0.4839348936126555,,,467.63980282778925,99,0,124.32680176767677,650,15.0,high_5.25in,5.25,0.133350,9Iron high block after 12:03 restart,0.165100,6.500,0.040000,1.575,1.524000,60.000
matched,-635.9970000000001,48,1,9,08862338-ca9f-f111-9edb-83ad45319c98,375eacc2-2307-45e5-a81e-46bcc596c9f1,2026-08-24T16:12:27.261006+00:00,2026-08-24T12:12:27.261006-04:00,5Iron,Premium,111.5425912670006,,12.645999999999962,-0.42699999999998883,,3.617,-0.992,-4.61,2580.509999999993,-15.748,153.79979655452615,20260824_120337,17,2026-08-24T12:12:26.625009-04:00,5-iron,111.2572849182322,86.85719627416994,11.139704252265918,-0.7598982115706008,radar,0.95,0.75,2630.214223965247,10.5,10.5,,,config/iwr6843_l3dump_wide_24f3ms_53bin_iq16.cfg,732812,,,/Users/john.pacino/openflight_sessions/session_20260824_120337_trackman.jsonl,/Users/john.pacino/openflight_sessions/terminal_logs/kiosk_20260824_120326.log,/Users/john.pacino/openflight_sessions/iwr6843/iwr6843_20260824_121226_625_017.l3dump,/Users/john.pacino/openflight_sessions/trackman/camera/camera_20260824_121226_625_017,/Users/john.pacino/openflight_sessions/trackman/camera/camera_20260824_121226_625_017/first.pgm;/Users/john.pacino/openflight_sessions/trackman/camera/camera_20260824_121226_625_017/frames.npz;/Users/john.pacino/openflight_sessions/trackman/camera/camera_20260824_121226_625_017/last.pgm;/Users/john.pacino/openflight_sessions/trackman/camera/camera_20260824_121226_625_017/metadata.json;/Users/john.pacino/openflight_sessions/trackman/camera/camera_20260824_121226_625_017/trigger.pgm,-0.2853063487684011,,-1.5062957477340433,-0.33289821157061195,-14.3,candidate_noisy_fit,5.2,rejected_phase_span,,withheld,,withheld,rejected_no_impact,-0.7598982115706008,0.75,camera_assisted_high,-0.8009694312787019,,,467.6375713385887,99,0,123.50180555555555,650,15.0,high_5.25in,5.25,0.133350,5Iron high block after 12:03 restart,0.165100,6.500,0.040000,1.575,1.524000,60.000
matched,-632.755,49,1,28,08862338-ca9f-f111-9edb-83ad45319c98,bca87af7-6989-46d5-b4e3-fdf5fa27b3af,2026-08-24T16:12:51.436969+00:00,2026-08-24T12:12:51.436969-04:00,5Iron,Premium,126.66204366499625,87.38815318539719,12.951000000000041,0.4929999999999948,-6.937,1.578,0.329,-1.249,3596.070000000004,-7.735000000000002,192.61944551289568,20260824_120337,18,2026-08-24T12:12:50.804214-04:00,5-iron,125.86244434651726,89.7083117438965,10.764124690389668,-1.4113305245342644,radar,0.95,0.75,2856.9529996416904,10.5,10.5,,,config/iwr6843_l3dump_wide_24f3ms_53bin_iq16.cfg,732812,,,/Users/john.pacino/openflight_sessions/session_20260824_120337_trackman.jsonl,/Users/john.pacino/openflight_sessions/terminal_logs/kiosk_20260824_120326.log,/Users/john.pacino/openflight_sessions/iwr6843/iwr6843_20260824_121250_800_018.l3dump,/Users/john.pacino/openflight_sessions/trackman/camera/camera_20260824_121250_800_018,/Users/john.pacino/openflight_sessions/trackman/camera/camera_20260824_121250_800_018/first.pgm;/Users/john.pacino/openflight_sessions/trackman/camera/camera_20260824_121250_800_018/frames.npz;/Users/john.pacino/openflight_sessions/trackman/camera/camera_20260824_121250_800_018/last.pgm;/Users/john.pacino/openflight_sessions/trackman/camera/camera_20260824_121250_800_018/metadata.json;/Users/john.pacino/openflight_sessions/trackman/camera/camera_20260824_121250_800_018/trigger.pgm,-0.7995993184789825,2.3201585584993154,-2.1868753096103735,-1.9043305245342592,-15.6,candidate_noisy_fit,-12.7,candidate_noisy_fit,,withheld,,withheld,rejected_no_impact,-1.4113305245342644,0.75,camera_assisted_high,,,,467.6420343382865,99,0,122.19813462752525,650,15.0,high_5.25in,5.25,0.133350,5Iron high block after 12:03 restart,0.165100,6.500,0.040000,1.575,1.524000,60.000
matched,-641.908,50,1,6,08862338-ca9f-f111-9edb-83ad45319c98,49d91029-18d3-4a1d-a563-2631e540b781,2026-08-24T16:13:18.136564+00:00,2026-08-24T12:13:18.136564-04:00,5Iron,Premium,124.0671975662132,86.29205440229053,14.73399999999999,1.9100000000000017,-5.957,0.94,2.052,1.112,3516.599999999994,-3.4499999999999997,190.49530592114164,20260824_120337,19,2026-08-24T12:13:17.494656-04:00,5-iron,123.4084514670623,89.81013729638673,13.415130392861077,-2.2020469993687044,radar,0.898,0.45,3634.0437092541074,10.5,10.5,,,config/iwr6843_l3dump_wide_24f3ms_53bin_iq16.cfg,732812,,,/Users/john.pacino/openflight_sessions/session_20260824_120337_trackman.jsonl,/Users/john.pacino/openflight_sessions/terminal_logs/kiosk_20260824_120326.log,/Users/john.pacino/openflight_sessions/iwr6843/iwr6843_20260824_121317_498_019.l3dump,/Users/john.pacino/openflight_sessions/trackman/camera/camera_20260824_121317_498_019,/Users/john.pacino/openflight_sessions/trackman/camera/camera_20260824_121317_498_019/first.pgm;/Users/john.pacino/openflight_sessions/trackman/camera/camera_20260824_121317_498_019/frames.npz;/Users/john.pacino/openflight_sessions/trackman/camera/camera_20260824_121317_498_019/last.pgm;/Users/john.pacino/openflight_sessions/trackman/camera/camera_20260824_121317_498_019/metadata.json;/Users/john.pacino/openflight_sessions/trackman/camera/camera_20260824_121317_498_019/trigger.pgm,-0.6587460991508891,3.518082894096196,-1.3188696071389128,-4.112046999368706,-9.4,candidate_noisy_fit,8.3,rejected_phase_span,,withheld,,withheld,rejected_no_impact,-2.2020469993687044,0.45,camera_assisted_experimental_agreement,-1.9222331112195548,,,467.6286455947473,99,0,122.60603851010102,650,15.0,high_5.25in,5.25,0.133350,5Iron high block after 12:03 restart,0.165100,6.500,0.040000,1.575,1.524000,60.000
matched,-640.057,51,1,2,08862338-ca9f-f111-9edb-83ad45319c98,91e8f380-03e5-4b81-b4aa-0d412df3711d,2026-08-24T16:13:50.722168+00:00,2026-08-24T12:13:50.722168-04:00,5Iron,Premium,116.89110594130267,,13.445999999999975,-0.4239999999999997,,0.184,-0.508,-0.692,3024.8399999999956,-0.9330000000000004,173.59180795047445,20260824_120337,20,2026-08-24T12:13:50.082111-04:00,5-iron,116.00388530185178,90.6247417163086,6.6399755143369,-0.6406571318359511,radar,0.889,0.75,1481.1771449569203,10.5,10.5,,,config/iwr6843_l3dump_wide_24f3ms_53bin_iq16.cfg,732812,,,/Users/john.pacino/openflight_sessions/session_20260824_120337_trackman.jsonl,/Users/john.pacino/openflight_sessions/terminal_logs/kiosk_20260824_120326.log,/Users/john.pacino/openflight_sessions/iwr6843/iwr6843_20260824_121350_078_020.l3dump,/Users/john.pacino/openflight_sessions/trackman/camera/camera_20260824_121350_078_020,/Users/john.pacino/openflight_sessions/trackman/camera/camera_20260824_121350_078_020/first.pgm;/Users/john.pacino/openflight_sessions/trackman/camera/camera_20260824_121350_078_020/frames.npz;/Users/john.pacino/openflight_sessions/trackman/camera/camera_20260824_121350_078_020/last.pgm;/Users/john.pacino/openflight_sessions/trackman/camera/camera_20260824_121350_078_020/metadata.json;/Users/john.pacino/openflight_sessions/trackman/camera/camera_20260824_121350_078_020/trigger.pgm,-0.8872206394508879,,-6.806024485663075,-0.21665713183595137,-5.7,candidate_noisy_fit,14.5,rejected_phase_span,,withheld,,withheld,rejected_no_impact,-0.6406571318359511,0.75,camera_assisted_high,,,,467.6375713385887,99,0,124.50875741792929,650,15.0,high_5.25in,5.25,0.133350,5Iron high block after 12:03 restart,0.165100,6.500,0.040000,1.575,1.524000,60.000
matched,-648.907,52,1,25,08862338-ca9f-f111-9edb-83ad45319c98,fe817832-af83-46d1-aade-f2c3f686b01d,2026-08-24T16:14:26.630740+00:00,2026-08-24T12:14:26.630740-04:00,5Iron,Premium,115.66526485325686,,14.641999999999975,1.1320000000000003,,0.286,1.246,0.96,2825.9999999999995,-0.9649999999999981,173.7048664585654,20260824_120337,21,2026-08-24T12:14:25.981833-04:00,5-iron,115.23374069531977,90.6247417163086,14.882160922470895,-1.7738873991971076,radar,0.95,0.75,3833.6047701196326,10.5,10.5,,,config/iwr6843_l3dump_wide_24f3ms_53bin_iq16.cfg,732812,,,/Users/john.pacino/openflight_sessions/session_20260824_120337_trackman.jsonl,/Users/john.pacino/openflight_sessions/terminal_logs/kiosk_20260824_120326.log,/Users/john.pacino/openflight_sessions/iwr6843/iwr6843_20260824_121425_990_021.l3dump,/Users/john.pacino/openflight_sessions/trackman/camera/camera_20260824_121425_990_021,/Users/john.pacino/openflight_sessions/trackman/camera/camera_20260824_121425_990_021/first.pgm;/Users/john.pacino/openflight_sessions/trackman/camera/camera_20260824_121425_990_021/frames.npz;/Users/john.pacino/openflight_sessions/trackman/camera/camera_20260824_121425_990_021/last.pgm;/Users/john.pacino/openflight_sessions/trackman/camera/camera_20260824_121425_990_021/metadata.json;/Users/john.pacino/openflight_sessions/trackman/camera/camera_20260824_121425_990_021/trigger.pgm,-0.43152415793709054,,0.24016092247092047,-2.905887399197108,-10.5,candidate_noisy_fit,-7.5,candidate_noisy_fit,,withheld,,withheld,rejected_no_impact,-1.7738873991971076,0.75,camera_assisted_high,-2.5781233957783343,,,467.6331084240764,99,0,122.11792234848485,650,15.0,high_5.25in,5.25,0.133350,5Iron high block after 12:03 restart,0.165100,6.500,0.040000,1.575,1.524000,60.000
matched,-647.4839999999999,53,1,22,08862338-ca9f-f111-9edb-83ad45319c98,6e0fb7d4-28ea-4818-90ba-e2a8f86aeca7,2026-08-24T16:14:52.889167+00:00,2026-08-24T12:14:52.889167-04:00,5Iron,Premium,116.60701503221176,,15.292999999999994,0.32,,-1.25,0.587,1.838,3740.0800000000013,0.9560000000000001,173.89540838220043,20260824_120337,22,2026-08-24T12:14:52.241683-04:00,5-iron,115.38144748215531,90.21743950634767,9.864332062261926,-1.242048975028851,radar,0.95,0.75,2361.249336020316,10.5,10.5,,,config/iwr6843_l3dump_wide_24f3ms_53bin_iq16.cfg,732812,,,/Users/john.pacino/openflight_sessions/session_20260824_120337_trackman.jsonl,/Users/john.pacino/openflight_sessions/terminal_logs/kiosk_20260824_120326.log,/Users/john.pacino/openflight_sessions/iwr6843/iwr6843_20260824_121452_248_022.l3dump,/Users/john.pacino/openflight_sessions/trackman/camera/camera_20260824_121452_248_022,/Users/john.pacino/openflight_sessions/trackman/camera/camera_20260824_121452_248_022/first.pgm;/Users/john.pacino/openflight_sessions/trackman/camera/camera_20260824_121452_248_022/frames.npz;/Users/john.pacino/openflight_sessions/trackman/camera/camera_20260824_121452_248_022/last.pgm;/Users/john.pacino/openflight_sessions/trackman/camera/camera_20260824_121452_248_022/metadata.json;/Users/john.pacino/openflight_sessions/trackman/camera/camera_20260824_121452_248_022/trigger.pgm,-1.2255675500564536,,-5.4286679377380676,-1.562048975028851,-12.7,candidate_noisy_fit,7.3,rejected_phase_span,,withheld,,withheld,rejected_no_impact,-1.242048975028851,0.75,camera_assisted_high,1.2057397443761033,,,467.6353398706845,99,0,122.11489867424243,650,15.0,high_5.25in,5.25,0.133350,5Iron high block after 12:03 restart,0.165100,6.500,0.040000,1.575,1.524000,60.000
matched,-641.895,54,1,5,08862338-ca9f-f111-9edb-83ad45319c98,77edabf2-da1d-435f-a7fe-258136ffb555,2026-08-24T16:15:19.475198+00:00,2026-08-24T12:15:19.475198-04:00,5Iron,Premium,123.97548317823892,87.03248031496052,12.148999999999976,-1.4599999999999966,,1.087,-1.793,-2.88,3176.4900000000002,-8.632,186.1072799846809,20260824_120337,23,2026-08-24T12:15:18.833303-04:00,5-iron,123.44952292086711,92.6612527661133,12.853624806075109,-4.70557378382183,radar,0.89,0.903,3456.5525731678667,10.5,10.5,,,config/iwr6843_l3dump_wide_24f3ms_53bin_iq16.cfg,732812,,,/Users/john.pacino/openflight_sessions/session_20260824_120337_trackman.jsonl,/Users/john.pacino/openflight_sessions/terminal_logs/kiosk_20260824_120326.log,/Users/john.pacino/openflight_sessions/iwr6843/iwr6843_20260824_121518_833_023.l3dump,/Users/john.pacino/openflight_sessions/trackman/camera/camera_20260824_121518_833_023,/Users/john.pacino/openflight_sessions/trackman/camera/camera_20260824_121518_833_023/first.pgm;/Users/john.pacino/openflight_sessions/trackman/camera/camera_20260824_121518_833_023/frames.npz;/Users/john.pacino/openflight_sessions/trackman/camera/camera_20260824_121518_833_023/last.pgm;/Users/john.pacino/openflight_sessions/trackman/camera/camera_20260824_121518_833_023/metadata.json;/Users/john.pacino/openflight_sessions/trackman/camera/camera_20260824_121518_833_023/trigger.pgm,-0.525960257371807,5.62877245115277,0.7046248060751328,-3.2455737838218335,-3.4,candidate_available,-17.3,rejected_azimuth_fit,,withheld,,withheld,rejected_no_impact,,,camera_withheld_fallback_iwr:rejected_unstable_consensus,,,,467.6308769987641,99,0,122.64110132575757,650,15.0,high_5.25in,5.25,0.133350,5Iron high block after 12:03 restart,0.165100,6.500,0.040000,1.575,1.524000,60.000
matched,-649.854,55,1,4,08862338-ca9f-f111-9edb-83ad45319c98,b35ebef0-0496-4f61-a1d8-212e79748c60,2026-08-24T16:15:44.150847+00:00,2026-08-24T12:15:44.150847-04:00,5Iron,Premium,112.04813886900487,,13.886999999999997,-2.4209999999999985,,-0.567,-2.615,-2.048,2363.52,-9.375999999999998,160.02528952469342,20260824_120337,24,2026-08-24T12:15:43.500993-04:00,5-iron,111.88486324824166,91.03204392626954,13.067759843764819,0.5487449218146594,radar,0.95,0.75,3194.393031037749,10.5,10.5,,,config/iwr6843_l3dump_wide_24f3ms_53bin_iq16.cfg,732812,,,/Users/john.pacino/openflight_sessions/session_20260824_120337_trackman.jsonl,/Users/john.pacino/openflight_sessions/terminal_logs/kiosk_20260824_120326.log,/Users/john.pacino/openflight_sessions/iwr6843/iwr6843_20260824_121543_505_024.l3dump,/Users/john.pacino/openflight_sessions/trackman/camera/camera_20260824_121543_505_024,/Users/john.pacino/openflight_sessions/trackman/camera/camera_20260824_121543_505_024/first.pgm;/Users/john.pacino/openflight_sessions/trackman/camera/camera_20260824_121543_505_024/frames.npz;/Users/john.pacino/openflight_sessions/trackman/camera/camera_20260824_121543_505_024/last.pgm;/Users/john.pacino/openflight_sessions/trackman/camera/camera_20260824_121543_505_024/metadata.json;/Users/john.pacino/openflight_sessions/trackman/camera/camera_20260824_121543_505_024/trigger.pgm,-0.16327562076321556,,-0.8192401562351783,2.969744921814658,-12.6,candidate_noisy_fit,5.3,rejected_phase_span,,withheld,,withheld,rejected_no_impact,0.5487449218146594,0.75,camera_assisted_high,5.573367334297046,,,467.6264142120256,99,0,123.30040972222223,650,15.0,high_5.25in,5.25,0.133350,5Iron high block after 12:03 restart,0.165100,6.500,0.040000,1.575,1.524000,60.000
matched,-647.257,56,1,10,08862338-ca9f-f111-9edb-83ad45319c98,c7f3efce-7015-48c0-854a-4eaa01845c25,2026-08-24T16:16:11.450140+00:00,2026-08-24T12:16:11.450140-04:00,5Iron,Premium,112.35459914101634,86.09520400858973,0.669999999999999,5.101000000000001,-7.666,0.998,8.17,7.172,7730.219999999997,71.7,12.394791867550865,20260824_120337,25,2026-08-24T12:16:10.802883-04:00,5-iron,113.08496241588489,89.4028350864258,-1.6404306934527977,,radar,0.95,,3735.3515625,10.5,10.5,,,config/iwr6843_l3dump_wide_24f3ms_53bin_iq16.cfg,732812,,,/Users/john.pacino/openflight_sessions/session_20260824_120337_trackman.jsonl,/Users/john.pacino/openflight_sessions/terminal_logs/kiosk_20260824_120326.log,/Users/john.pacino/openflight_sessions/iwr6843/iwr6843_20260824_121610_806_025.l3dump,/Users/john.pacino/openflight_sessions/trackman/camera/camera_20260824_121610_806_025,/Users/john.pacino/openflight_sessions/trackman/camera/camera_20260824_121610_806_025/first.pgm;/Users/john.pacino/openflight_sessions/trackman/camera/camera_20260824_121610_806_025/frames.npz;/Users/john.pacino/openflight_sessions/trackman/camera/camera_20260824_121610_806_025/last.pgm;/Users/john.pacino/openflight_sessions/trackman/camera/camera_20260824_121610_806_025/metadata.json;/Users/john.pacino/openflight_sessions/trackman/camera/camera_20260824_121610_806_025/trigger.pgm,0.7303632748685516,3.3076310778360636,-2.3104306934527967,,-10.3,candidate_available,-5.1,candidate_noisy_fit,,withheld,,withheld,rejected_no_impact,,,camera_withheld_fallback_iwr:rejected_no_stable_path,,,,467.6286455947473,99,0,123.11846985479798,650,15.0,high_5.25in,5.25,0.133350,5Iron high block after 12:03 restart,0.165100,6.500,0.040000,1.575,1.524000,60.000
matched,-644.498,57,1,13,08862338-ca9f-f111-9edb-83ad45319c98,3f6661a9-0599-4b6d-b614-62a1b9f1bde5,2026-08-24T16:16:35.514295+00:00,2026-08-24T12:16:35.514295-04:00,5Iron,Premium,124.74722619899771,85.54939155332846,16.00899999999998,3.095000000000001,-6.884,1.607,3.296,1.69,3569.5899999999974,-0.6119999999999979,192.99662176597033,20260824_120337,26,2026-08-24T12:16:34.869797-04:00,5-iron,124.11144467234416,88.99553287646485,15.269371864031381,-3.0236464903130127,radar,0.889,0.75,4255.154926043043,10.5,10.5,,,config/iwr6843_l3dump_wide_24f3ms_53bin_iq16.cfg,732812,,,/Users/john.pacino/openflight_sessions/session_20260824_120337_trackman.jsonl,/Users/john.pacino/openflight_sessions/terminal_logs/kiosk_20260824_120326.log,/Users/john.pacino/openflight_sessions/iwr6843/iwr6843_20260824_121634_869_026.l3dump,/Users/john.pacino/openflight_sessions/trackman/camera/camera_20260824_121634_869_026,/Users/john.pacino/openflight_sessions/trackman/camera/camera_20260824_121634_869_026/first.pgm;/Users/john.pacino/openflight_sessions/trackman/camera/camera_20260824_121634_869_026/frames.npz;/Users/john.pacino/openflight_sessions/trackman/camera/camera_20260824_121634_869_026/last.pgm;/Users/john.pacino/openflight_sessions/trackman/camera/camera_20260824_121634_869_026/metadata.json;/Users/john.pacino/openflight_sessions/trackman/camera/camera_20260824_121634_869_026/trigger.pgm,-0.6357815266535454,3.4461413231363878,-0.7396281359685979,-6.118646490313013,-13.4,candidate_available,2.1,candidate_noisy_fit,,withheld,,withheld,rejected_no_stable_clubhead,-3.0236464903130127,0.75,camera_assisted_high,,,,467.6308769987641,99,0,122.92567487373738,650,15.0,high_5.25in,5.25,0.133350,5Iron high block after 12:03 restart,0.165100,6.500,0.040000,1.575,1.524000,60.000
matched,-640.357,58,1,14,08862338-ca9f-f111-9edb-83ad45319c98,0ea14b4e-beab-4ca2-a1ea-770b1ddd405d,2026-08-24T16:17:01.267797+00:00,2026-08-24T12:17:01.267797-04:00,5Iron,Premium,124.74946313528979,84.45776664280592,12.701999999999998,0.14200000000000015,-7.543,2.864,-0.197,-3.06,3008.1700000000033,-9.424,189.43843085774722,20260824_120337,27,2026-08-24T12:17:00.627440-04:00,5-iron,123.6336680047906,89.7083117438965,9.069779514363066,-1.0826581435216411,radar,0.95,0.75,2289.687704837763,10.5,10.5,,,config/iwr6843_l3dump_wide_24f3ms_53bin_iq16.cfg,732812,,,/Users/john.pacino/openflight_sessions/session_20260824_120337_trackman.jsonl,/Users/john.pacino/openflight_sessions/terminal_logs/kiosk_20260824_120326.log,/Users/john.pacino/openflight_sessions/iwr6843/iwr6843_20260824_121700_622_027.l3dump,/Users/john.pacino/openflight_sessions/trackman/camera/camera_20260824_121700_622_027,/Users/john.pacino/openflight_sessions/trackman/camera/camera_20260824_121700_622_027/first.pgm;/Users/john.pacino/openflight_sessions/trackman/camera/camera_20260824_121700_622_027/frames.npz;/Users/john.pacino/openflight_sessions/trackman/camera/camera_20260824_121700_622_027/last.pgm;/Users/john.pacino/openflight_sessions/trackman/camera/camera_20260824_121700_622_027/metadata.json;/Users/john.pacino/openflight_sessions/trackman/camera/camera_20260824_121700_622_027/trigger.pgm,-1.115795130499194,5.25054510109058,-3.632220485636932,-1.2246581435216413,-11.1,candidate_noisy_fit,15.0,rejected_phase_span,,withheld,,withheld,rejected_no_impact,-1.0826581435216411,0.75,camera_assisted_high,,,,467.6308769987641,99,0,121.09452509469698,650,15.0,high_5.25in,5.25,0.133350,5Iron high block after 12:03 restart,0.165100,6.500,0.040000,1.575,1.524000,60.000
matched,-648.023,59,1,18,08862338-ca9f-f111-9edb-83ad45319c98,1da7604c-7579-45e3-8905-8654130933b1,2026-08-24T16:17:28.830692+00:00,2026-08-24T12:17:28.830692-04:00,5Iron,Premium,125.2863278453828,85.05950250536856,12.355000000000029,-1.1010000000000097,-4.683,1.902,-1.546,-3.448,3057.3599999999924,-17.428000000000008,186.93769650798401,20260824_120337,28,2026-08-24T12:17:28.182669-04:00,5-iron,124.31801232882644,89.09735842895509,8.835886758394377,-0.3347892917609556,radar,0.95,0.75,2231.8686907575093,10.5,10.5,,,config/iwr6843_l3dump_wide_24f3ms_53bin_iq16.cfg,732812,,,/Users/john.pacino/openflight_sessions/session_20260824_120337_trackman.jsonl,/Users/john.pacino/openflight_sessions/terminal_logs/kiosk_20260824_120326.log,/Users/john.pacino/openflight_sessions/iwr6843/iwr6843_20260824_121728_185_028.l3dump,/Users/john.pacino/openflight_sessions/trackman/camera/camera_20260824_121728_185_028,/Users/john.pacino/openflight_sessions/trackman/camera/camera_20260824_121728_185_028/first.pgm;/Users/john.pacino/openflight_sessions/trackman/camera/camera_20260824_121728_185_028/frames.npz;/Users/john.pacino/openflight_sessions/trackman/camera/camera_20260824_121728_185_028/last.pgm;/Users/john.pacino/openflight_sessions/trackman/camera/camera_20260824_121728_185_028/metadata.json;/Users/john.pacino/openflight_sessions/trackman/camera/camera_20260824_121728_185_028/trigger.pgm,-0.9683155165563591,4.037855923586534,-3.519113241605652,0.7662107082390541,-13.9,candidate_available,6.3,candidate_noisy_fit,,withheld,,withheld,rejected_no_impact,-0.3347892917609556,0.75,camera_assisted_high,2.172054366297232,,,467.61302636287724,99,0,122.40465688131313,650,15.0,high_5.25in,5.25,0.133350,5Iron high block after 12:03 restart,0.165100,6.500,0.040000,1.575,1.524000,60.000
matched,-651.6189999999999,60,1,27,08862338-ca9f-f111-9edb-83ad45319c98,249cc8cc-4714-4111-9d0c-fba713fc1357,2026-08-24T16:17:53.010144+00:00,2026-08-24T12:17:53.010144-04:00,5Iron,Premium,121.95552970651386,85.61426270579805,13.308999999999976,-0.4099999999999972,-4.506,1.822,-0.716,-2.538,2828.329999999996,-7.258000000000002,184.92766216402148,20260824_120337,29,2026-08-24T12:17:52.358525-04:00,5-iron,121.1325592924493,91.64299724121095,9.443341500574721,-0.8324387391307653,radar,0.907,0.75,2353.7040109720806,10.5,10.5,,,config/iwr6843_l3dump_wide_24f3ms_53bin_iq16.cfg,732812,,,/Users/john.pacino/openflight_sessions/session_20260824_120337_trackman.jsonl,/Users/john.pacino/openflight_sessions/terminal_logs/kiosk_20260824_120326.log,/Users/john.pacino/openflight_sessions/iwr6843/iwr6843_20260824_121752_363_029.l3dump,/Users/john.pacino/openflight_sessions/trackman/camera/camera_20260824_121752_363_029,/Users/john.pacino/openflight_sessions/trackman/camera/camera_20260824_121752_363_029/first.pgm;/Users/john.pacino/openflight_sessions/trackman/camera/camera_20260824_121752_363_029/frames.npz;/Users/john.pacino/openflight_sessions/trackman/camera/camera_20260824_121752_363_029/last.pgm;/Users/john.pacino/openflight_sessions/trackman/camera/camera_20260824_121752_363_029/metadata.json;/Users/john.pacino/openflight_sessions/trackman/camera/camera_20260824_121752_363_029/trigger.pgm,-0.8229704140645566,6.0287345354128945,-3.8656584994252547,-0.42243873913076807,-10.3,candidate_available,7.8,rejected_phase_span,,withheld,,withheld,rejected_no_impact,-0.8324387391307653,0.75,camera_assisted_high,,,,467.6286455947473,99,0,122.57004529671717,650,15.0,high_5.25in,5.25,0.133350,5Iron high block after 12:03 restart,0.165100,6.500,0.040000,1.575,1.524000,60.000
matched,-644.242,61,1,7,08862338-ca9f-f111-9edb-83ad45319c98,13405b40-d818-468f-9017-2cfb7337c7e8,2026-08-24T16:18:18.511185+00:00,2026-08-24T12:18:18.511185-04:00,5Iron,Premium,122.77872226198991,87.30986041517528,15.307999999999982,5.037999999999998,-6.911,4.709,5.093,0.384,4196.869999999989,5.392999999999998,183.9296734605424,20260824_120337,30,2026-08-24T12:18:17.866943-04:00,5-iron,122.70729846127338,90.52291616381837,18.45672965738972,-0.7265888096734707,radar,0.69,0.908,5247.026830366764,10.5,10.5,,,config/iwr6843_l3dump_wide_24f3ms_53bin_iq16.cfg,732812,,,/Users/john.pacino/openflight_sessions/session_20260824_120337_trackman.jsonl,/Users/john.pacino/openflight_sessions/terminal_logs/kiosk_20260824_120326.log,/Users/john.pacino/openflight_sessions/iwr6843/iwr6843_20260824_121817_864_030.l3dump,/Users/john.pacino/openflight_sessions/trackman/camera/camera_20260824_121817_864_030,/Users/john.pacino/openflight_sessions/trackman/camera/camera_20260824_121817_864_030/first.pgm;/Users/john.pacino/openflight_sessions/trackman/camera/camera_20260824_121817_864_030/frames.npz;/Users/john.pacino/openflight_sessions/trackman/camera/camera_20260824_121817_864_030/last.pgm;/Users/john.pacino/openflight_sessions/trackman/camera/camera_20260824_121817_864_030/metadata.json;/Users/john.pacino/openflight_sessions/trackman/camera/camera_20260824_121817_864_030/trigger.pgm,-0.07142380071653065,3.213055748643086,3.1487296573897368,-5.7645888096734685,-9.3,candidate_noisy_fit,-4.3,rejected_phase_span,,withheld,,withheld,rejected_no_stable_clubhead,-4.234346677016887,,camera_experimental_disagreement_fallback_iwr,-3.507757867343429,,,467.6264142120256,99,0,122.40273579545455,650,15.0,high_5.25in,5.25,0.133350,5Iron high block after 12:03 restart,0.165100,6.500,0.040000,1.575,1.524000,60.000
matched,-645.107,62,1,16,08862338-ca9f-f111-9edb-83ad45319c98,18853e06-10ce-45b9-96e1-8352b8ed315b,2026-08-24T16:18:38.412258+00:00,2026-08-24T12:18:38.412258-04:00,5Iron,Premium,118.09457766642792,88.31648174659976,14.625999999999978,4.714999999999994,-5.819,-0.897,5.769,6.667,4368.430000000001,12.900000000000002,171.77031277458065,20260824_120337,31,2026-08-24T12:18:37.767151-04:00,5-iron,117.34829575106632,90.72656726879885,12.831183888015305,-4.126352223864586,radar,0.877,0.75,3278.9528499852804,10.5,10.5,,,config/iwr6843_l3dump_wide_24f3ms_53bin_iq16.cfg,732812,,,/Users/john.pacino/openflight_sessions/session_20260824_120337_trackman.jsonl,/Users/john.pacino/openflight_sessions/terminal_logs/kiosk_20260824_120326.log,/Users/john.pacino/openflight_sessions/iwr6843/iwr6843_20260824_121837_765_031.l3dump,/Users/john.pacino/openflight_sessions/trackman/camera/camera_20260824_121837_765_031,/Users/john.pacino/openflight_sessions/trackman/camera/camera_20260824_121837_765_031/first.pgm;/Users/john.pacino/openflight_sessions/trackman/camera/camera_20260824_121837_765_031/frames.npz;/Users/john.pacino/openflight_sessions/trackman/camera/camera_20260824_121837_765_031/last.pgm;/Users/john.pacino/openflight_sessions/trackman/camera/camera_20260824_121837_765_031/metadata.json;/Users/john.pacino/openflight_sessions/trackman/camera/camera_20260824_121837_765_031/trigger.pgm,-0.7462819153616067,2.4100855221990827,-1.794816111984673,-8.841352223864579,-16.7,candidate_available,-23.3,candidate_noisy_fit,,withheld,,withheld,rejected_no_impact,-4.126352223864586,0.75,camera_assisted_high,,,,467.6264142120256,99,0,122.68362168560606,650,15.0,high_5.25in,5.25,0.133350,5Iron high block after 12:03 restart,0.165100,6.500,0.040000,1.575,1.524000,60.000
matched,-651.756,63,1,11,08862338-ca9f-f111-9edb-83ad45319c98,3d04ef04-6579-464a-8ca9-553d43dcad86,2026-08-24T16:20:30.705039+00:00,2026-08-24T12:20:30.705039-04:00,5Iron,Premium,101.6978346456692,,11.811000000000005,17.821,,0.755,22.515,21.76,6288.890000000002,47.19299999999999,107.45237440832946,20260824_121914,1,2026-08-24T12:20:30.053283-04:00,5-iron,101.38054817403062,90.3192650588379,13.675152355412653,,radar,0.86,,3053.6378766797106,10.5,10.5,,,config/iwr6843_l3dump_wide_24f3ms_53bin_iq16.cfg,732812,,,/Users/john.pacino/openflight_sessions/session_20260824_121914_trackman.jsonl,/Users/john.pacino/openflight_sessions/terminal_logs/kiosk_20260824_121905.log,/Users/john.pacino/openflight_sessions/iwr6843/iwr6843_20260824_122030_056_001.l3dump,/Users/john.pacino/openflight_sessions/trackman/camera/camera_20260824_122030_056_001,/Users/john.pacino/openflight_sessions/trackman/camera/camera_20260824_122030_056_001/first.pgm;/Users/john.pacino/openflight_sessions/trackman/camera/camera_20260824_122030_056_001/frames.npz;/Users/john.pacino/openflight_sessions/trackman/camera/camera_20260824_122030_056_001/last.pgm;/Users/john.pacino/openflight_sessions/trackman/camera/camera_20260824_122030_056_001/metadata.json;/Users/john.pacino/openflight_sessions/trackman/camera/camera_20260824_122030_056_001/trigger.pgm,-0.3172864716385817,,1.8641523554126476,,-21.5,candidate_noisy_fit,18.2,candidate_noisy_fit,,withheld,,withheld,rejected_no_impact,,,camera_withheld_fallback_iwr:rejected_implausible_reference_ball,,,,467.6174888940846,99,0,109.81067061237374,500,15.0,low_2.875in,2.875,0.073025,5Iron low block in second session,0.165100,6.500,0.040000,1.575,1.524000,60.000
matched,-649.924,64,1,24,08862338-ca9f-f111-9edb-83ad45319c98,d99689f0-434f-4977-9f21-f1c8c6e101b8,2026-08-24T16:20:49.066930+00:00,2026-08-24T12:20:49.066930-04:00,5Iron,Premium,129.50966356478156,85.07516105941292,13.066999999999979,-1.7199999999999984,-7.588,-0.039,-1.968,-1.929,3728.7899999999954,-3.9840000000000004,198.6251099272627,20260824_121914,2,2026-08-24T12:20:48.417006-04:00,5-iron,128.75659600354663,88.18092845654299,13.060506223411618,,radar,0.95,,3673.6871742575486,10.5,10.5,,,config/iwr6843_l3dump_wide_24f3ms_53bin_iq16.cfg,732812,,,/Users/john.pacino/openflight_sessions/session_20260824_121914_trackman.jsonl,/Users/john.pacino/openflight_sessions/terminal_logs/kiosk_20260824_121905.log,/Users/john.pacino/openflight_sessions/iwr6843/iwr6843_20260824_122048_417_002.l3dump,/Users/john.pacino/openflight_sessions/trackman/camera/camera_20260824_122048_417_002,/Users/john.pacino/openflight_sessions/trackman/camera/camera_20260824_122048_417_002/first.pgm;/Users/john.pacino/openflight_sessions/trackman/camera/camera_20260824_122048_417_002/frames.npz;/Users/john.pacino/openflight_sessions/trackman/camera/camera_20260824_122048_417_002/last.pgm;/Users/john.pacino/openflight_sessions/trackman/camera/camera_20260824_122048_417_002/metadata.json;/Users/john.pacino/openflight_sessions/trackman/camera/camera_20260824_122048_417_002/trigger.pgm,-0.7530675612349285,3.105767397130066,-0.006493776588360589,,-24.3,candidate_available,5.4,rejected_phase_span,10.61,low,-6.35,low,approach_mixed,,,camera_withheld_fallback_iwr:rejected_implausible_reference_ball,,18.198,-6.311,467.6264142120256,99,0,109.65731865530303,500,15.0,low_2.875in,2.875,0.073025,5Iron low block in second session,0.165100,6.500,0.040000,1.575,1.524000,60.000
matched,-659.708,65,1,23,08862338-ca9f-f111-9edb-83ad45319c98,d5d0b06d-4247-4161-ae62-e35758a2e760,2026-08-24T16:21:19.474031+00:00,2026-08-24T12:21:19.474031-04:00,5Iron,Premium,111.52469577666416,,12.243999999999973,-2.094999999999994,,0.481,-2.363,-2.843,2079.3799999999997,-13.454,147.8744074041035,20260824_121914,3,2026-08-24T12:21:18.814323-04:00,5-iron,111.96137459341747,89.81013729638673,11.950544776460067,-3.569002950339213,radar,0.95,0.95,2876.411496611756,10.5,10.5,,,config/iwr6843_l3dump_wide_24f3ms_53bin_iq16.cfg,732812,,,/Users/john.pacino/openflight_sessions/session_20260824_121914_trackman.jsonl,/Users/john.pacino/openflight_sessions/terminal_logs/kiosk_20260824_121905.log,/Users/john.pacino/openflight_sessions/iwr6843/iwr6843_20260824_122118_819_003.l3dump,/Users/john.pacino/openflight_sessions/trackman/camera/camera_20260824_122118_819_003,/Users/john.pacino/openflight_sessions/trackman/camera/camera_20260824_122118_819_003/first.pgm;/Users/john.pacino/openflight_sessions/trackman/camera/camera_20260824_122118_819_003/frames.npz;/Users/john.pacino/openflight_sessions/trackman/camera/camera_20260824_122118_819_003/last.pgm;/Users/john.pacino/openflight_sessions/trackman/camera/camera_20260824_122118_819_003/metadata.json;/Users/john.pacino/openflight_sessions/trackman/camera/camera_20260824_122118_819_003/trigger.pgm,0.43667881675331444,,-0.2934552235399064,-1.474002950339219,-18.5,candidate_noisy_fit,3.4,rejected_phase_span,,withheld,-11.87,low,approach_path_only,1.5505237512219026,,camera_experimental_disagreement_fallback_iwr,5.119526701561114,,-12.350999999999999,467.6219515104666,99,0,110.99682039141415,500,15.0,low_2.875in,2.875,0.073025,5Iron low block in second session,0.165100,6.500,0.040000,1.575,1.524000,60.000
matched,-649.572,66,1,15,08862338-ca9f-f111-9edb-83ad45319c98,726a4183-4e49-4ee7-b792-7f0600a8169c,2026-08-24T16:21:42.997603+00:00,2026-08-24T12:21:42.997603-04:00,5Iron,Premium,121.95329277022181,88.09949892627048,14.141000000000004,4.219000000000003,,0.116,4.877,4.761,4252.529999999999,11.511000000000003,180.02110630959265,20260824_121914,4,2026-08-24T12:21:42.348031-04:00,5-iron,121.37663037155748,89.19918398144533,12.491016193072,-4.393104497020346,radar,0.69,0.75,3285.635392022741,10.5,10.5,,,config/iwr6843_l3dump_wide_24f3ms_53bin_iq16.cfg,732812,,,/Users/john.pacino/openflight_sessions/session_20260824_121914_trackman.jsonl,/Users/john.pacino/openflight_sessions/terminal_logs/kiosk_20260824_121905.log,/Users/john.pacino/openflight_sessions/iwr6843/iwr6843_20260824_122142_347_004.l3dump,/Users/john.pacino/openflight_sessions/trackman/camera/camera_20260824_122142_347_004,/Users/john.pacino/openflight_sessions/trackman/camera/camera_20260824_122142_347_004/first.pgm;/Users/john.pacino/openflight_sessions/trackman/camera/camera_20260824_122142_347_004/frames.npz;/Users/john.pacino/openflight_sessions/trackman/camera/camera_20260824_122142_347_004/last.pgm;/Users/john.pacino/openflight_sessions/trackman/camera/camera_20260824_122142_347_004/metadata.json;/Users/john.pacino/openflight_sessions/trackman/camera/camera_20260824_122142_347_004/trigger.pgm,-0.5766623986643253,1.0996850551748452,-1.6499838069280042,-8.612104497020349,-22.3,candidate_available,4.6,rejected_phase_span,,withheld,9.61,low,approach_path_only,-4.393104497020346,0.75,camera_assisted_high,,,9.494,467.6464974231724,99,0,109.91394270833334,500,15.0,low_2.875in,2.875,0.073025,5Iron low block in second session,0.165100,6.500,0.040000,1.575,1.524000,60.000
matched,-648.308,67,1,20,08862338-ca9f-f111-9edb-83ad45319c98,91299eeb-6f6f-4c5b-ba1c-b07d35928056,2026-08-24T16:22:05.141592+00:00,2026-08-24T12:22:05.141592-04:00,5Iron,Premium,115.77040085898342,89.19783464566919,2.005999999999998,5.633999999999993,-7.336,-0.287,9.483,9.77,8209.769999999999,61.247,50.68311707346045,20260824_121914,5,2026-08-24T12:22:04.493284-04:00,5-iron,117.96182425234566,91.43934613623048,8.459453568131542,34.11601061925152,radar,0.69,0.95,2010.7551464193307,10.5,10.5,,,config/iwr6843_l3dump_wide_24f3ms_53bin_iq16.cfg,732812,,,/Users/john.pacino/openflight_sessions/session_20260824_121914_trackman.jsonl,/Users/john.pacino/openflight_sessions/terminal_logs/kiosk_20260824_121905.log,/Users/john.pacino/openflight_sessions/iwr6843/iwr6843_20260824_122204_491_005.l3dump,/Users/john.pacino/openflight_sessions/trackman/camera/camera_20260824_122204_491_005,/Users/john.pacino/openflight_sessions/trackman/camera/camera_20260824_122204_491_005/first.pgm;/Users/john.pacino/openflight_sessions/trackman/camera/camera_20260824_122204_491_005/frames.npz;/Users/john.pacino/openflight_sessions/trackman/camera/camera_20260824_122204_491_005/last.pgm;/Users/john.pacino/openflight_sessions/trackman/camera/camera_20260824_122204_491_005/metadata.json;/Users/john.pacino/openflight_sessions/trackman/camera/camera_20260824_122204_491_005/trigger.pgm,2.1914233933622427,2.241511490561294,6.453453568131543,28.482010619251525,-19.5,candidate_available,-3.7,candidate_noisy_fit,25.29,low,-5.7,low,approach_mixed,,,camera_withheld_fallback_iwr:rejected_unstable_consensus,,32.626,-5.413,467.62418285059886,99,0,109.36425094696969,500,15.0,low_2.875in,2.875,0.073025,5Iron low block in second session,0.165100,6.500,0.040000,1.575,1.524000,60.000
matched,-658.6070000000001,68,1,19,08862338-ca9f-f111-9edb-83ad45319c98,a1e26ae1-8ddc-482d-9dff-a7f7b390c3ad,2026-08-24T16:22:27.343799+00:00,2026-08-24T12:22:27.343799-04:00,5Iron,Premium,112.5984251968503,87.04590193271285,3.534999999999999,4.657999999999997,-6.113,-2.075,9.04,11.116,8429.18,59.54200000000001,67.20299683546158,20260824_121914,6,2026-08-24T12:22:26.685192-04:00,5-iron,114.08194527036297,89.50466063891602,7.557253089663961,-4.0756762682748615,radar,0.69,0.3,1699.9785839044303,10.5,10.5,,,config/iwr6843_l3dump_wide_24f3ms_53bin_iq16.cfg,732812,,,/Users/john.pacino/openflight_sessions/session_20260824_121914_trackman.jsonl,/Users/john.pacino/openflight_sessions/terminal_logs/kiosk_20260824_121905.log,/Users/john.pacino/openflight_sessions/iwr6843/iwr6843_20260824_122226_693_006.l3dump,/Users/john.pacino/openflight_sessions/trackman/camera/camera_20260824_122226_693_006,/Users/john.pacino/openflight_sessions/trackman/camera/camera_20260824_122226_693_006/first.pgm;/Users/john.pacino/openflight_sessions/trackman/camera/camera_20260824_122226_693_006/frames.npz;/Users/john.pacino/openflight_sessions/trackman/camera/camera_20260824_122226_693_006/last.pgm;/Users/john.pacino/openflight_sessions/trackman/camera/camera_20260824_122226_693_006/metadata.json;/Users/john.pacino/openflight_sessions/trackman/camera/camera_20260824_122226_693_006/trigger.pgm,1.4835200735126648,2.45875870620317,4.0222530896639626,-8.73367626827486,-21.8,candidate_noisy_fit,2.4,rejected_phase_span,,withheld,0.28,low,approach_path_only,-4.0756762682748615,0.3,camera_experimental_no_iwr,,,2.3550000000000004,467.62418285059886,99,0,109.83661537247475,500,15.0,low_2.875in,2.875,0.073025,5Iron low block in second session,0.165100,6.500,0.040000,1.575,1.524000,60.000
matched,-647.925,69,1,1,08862338-ca9f-f111-9edb-83ad45319c98,e582bc50-852d-41e1-a8dd-08b0f661ccc6,2026-08-24T16:22:49.280302+00:00,2026-08-24T12:22:49.280302-04:00,5Iron,Premium,119.43673944166059,86.5336435218324,10.851999999999991,-1.4400000000000013,-7.789,0.296,-1.788,-2.084,4274.699999999996,8.790999999999999,169.79731116426254,20260824_121914,7,2026-08-24T12:22:48.632377-04:00,5-iron,119.54396407104694,89.50466063891602,12.46646963882898,0.40748616554026285,radar,0.91,0.75,3228.516867751308,10.5,10.5,,,config/iwr6843_l3dump_wide_24f3ms_53bin_iq16.cfg,732812,,,/Users/john.pacino/openflight_sessions/session_20260824_121914_trackman.jsonl,/Users/john.pacino/openflight_sessions/terminal_logs/kiosk_20260824_121905.log,/Users/john.pacino/openflight_sessions/iwr6843/iwr6843_20260824_122248_630_007.l3dump,/Users/john.pacino/openflight_sessions/trackman/camera/camera_20260824_122248_630_007,/Users/john.pacino/openflight_sessions/trackman/camera/camera_20260824_122248_630_007/first.pgm;/Users/john.pacino/openflight_sessions/trackman/camera/camera_20260824_122248_630_007/frames.npz;/Users/john.pacino/openflight_sessions/trackman/camera/camera_20260824_122248_630_007/last.pgm;/Users/john.pacino/openflight_sessions/trackman/camera/camera_20260824_122248_630_007/metadata.json;/Users/john.pacino/openflight_sessions/trackman/camera/camera_20260824_122248_630_007/trigger.pgm,0.10722462938635147,2.971017117083619,1.6144696388289894,1.8474861655402641,-15.7,candidate_noisy_fit,-0.6,candidate_noisy_fit,,withheld,-6.6,low,approach_path_only,0.40748616554026285,0.75,camera_assisted_high,,,-6.896,467.6219515104666,99,0,109.42267376893939,500,15.0,low_2.875in,2.875,0.073025,5Iron low block in second session,0.165100,6.500,0.040000,1.575,1.524000,60.000
matched,-654.362,70,1,12,08862338-ca9f-f111-9edb-83ad45319c98,10e96fde-a292-4156-b298-56779577083e,2026-08-24T16:23:32.329558+00:00,2026-08-24T12:23:32.329558-04:00,5Iron,Premium,115.68763421617739,86.78194345025044,17.65999999999999,5.8009999999999975,-6.428,-1.748,7.256,9.005,5074.149999999994,19.313000000000002,164.3436616729955,20260824_121914,8,2026-08-24T12:23:31.675196-04:00,5-iron,115.65929694811065,87.56997514160157,20.0139310847242,-5.669649943393068,radar,0.95,0.75,5430.496096285787,10.5,10.5,,,config/iwr6843_l3dump_wide_24f3ms_53bin_iq16.cfg,732812,,,/Users/john.pacino/openflight_sessions/session_20260824_121914_trackman.jsonl,/Users/john.pacino/openflight_sessions/terminal_logs/kiosk_20260824_121905.log,/Users/john.pacino/openflight_sessions/iwr6843/iwr6843_20260824_122331_678_008.l3dump,/Users/john.pacino/openflight_sessions/trackman/camera/camera_20260824_122331_678_008,/Users/john.pacino/openflight_sessions/trackman/camera/camera_20260824_122331_678_008/first.pgm;/Users/john.pacino/openflight_sessions/trackman/camera/camera_20260824_122331_678_008/frames.npz;/Users/john.pacino/openflight_sessions/trackman/camera/camera_20260824_122331_678_008/last.pgm;/Users/john.pacino/openflight_sessions/trackman/camera/camera_20260824_122331_678_008/metadata.json;/Users/john.pacino/openflight_sessions/trackman/camera/camera_20260824_122331_678_008/trigger.pgm,-0.028337268066735533,0.7880316913511365,2.353931084724209,-11.470649943393067,-19.0,candidate_available,0.9,rejected_phase_span,-4.1,low,-5.25,low,approach_mixed,-5.669649943393068,0.75,camera_assisted_high,-5.340159823171376,2.3280000000000003,-3.502,467.6219515104666,99,0,109.49047743055556,500,15.0,low_2.875in,2.875,0.073025,5Iron low block in second session,0.165100,6.500,0.040000,1.575,1.524000,60.000
matched,-650.4100000000001,71,1,21,08862338-ca9f-f111-9edb-83ad45319c98,80837839-f084-4779-bae0-c8b9dbd445fb,2026-08-24T16:23:56.212939+00:00,2026-08-24T12:23:56.212939-04:00,5Iron,Premium,128.39790622763053,88.2941123836792,13.530999999999992,-1.3739999999999994,-5.485,0.908,-1.775,-2.683,4043.079999999989,-3.3880000000000012,194.85410567617836,20260824_121914,9,2026-08-24T12:23:55.562529-04:00,5-iron,127.30291061540741,88.89370732397462,10.911883722336697,0.44132198986204685,radar,0.95,0.75,2936.7402337087524,10.5,10.5,,,config/iwr6843_l3dump_wide_24f3ms_53bin_iq16.cfg,732812,,,/Users/john.pacino/openflight_sessions/session_20260824_121914_trackman.jsonl,/Users/john.pacino/openflight_sessions/terminal_logs/kiosk_20260824_121905.log,/Users/john.pacino/openflight_sessions/iwr6843/iwr6843_20260824_122355_561_009.l3dump,/Users/john.pacino/openflight_sessions/trackman/camera/camera_20260824_122355_561_009,/Users/john.pacino/openflight_sessions/trackman/camera/camera_20260824_122355_561_009/first.pgm;/Users/john.pacino/openflight_sessions/trackman/camera/camera_20260824_122355_561_009/frames.npz;/Users/john.pacino/openflight_sessions/trackman/camera/camera_20260824_122355_561_009/last.pgm;/Users/john.pacino/openflight_sessions/trackman/camera/camera_20260824_122355_561_009/metadata.json;/Users/john.pacino/openflight_sessions/trackman/camera/camera_20260824_122355_561_009/trigger.pgm,-1.0949956122231157,0.5995949402954182,-2.619116277663295,1.8153219898620463,-19.2,candidate_available,8.9,candidate_noisy_fit,,withheld,,withheld,rejected_no_stable_clubhead,0.44132198986204685,0.75,camera_assisted_high,5.804806701047227,,,467.62418285059886,99,0,109.32535905934344,500,15.0,low_2.875in,2.875,0.073025,5Iron low block in second session,0.165100,6.500,0.040000,1.575,1.524000,60.000
matched,-655.8100000000001,72,1,3,08862338-ca9f-f111-9edb-83ad45319c98,0a3d358d-cd40-46e8-aee5-1ef2e8b4ef2c,2026-08-24T16:24:19.067486+00:00,2026-08-24T12:24:19.067486-04:00,5Iron,Premium,115.59591982820318,86.34797780959188,10.684999999999974,-0.7399999999999886,,3.585,-1.74,-5.326,2393.82,-21.749999999999993,150.12043241894244,20260824_121914,10,2026-08-24T12:24:18.411676-04:00,5-iron,115.79271617650403,89.81013729638673,10.768619335670461,-0.14487092558761105,radar,0.95,0.75,2629.6816438553606,10.5,10.5,,,config/iwr6843_l3dump_wide_24f3ms_53bin_iq16.cfg,732812,,,/Users/john.pacino/openflight_sessions/session_20260824_121914_trackman.jsonl,/Users/john.pacino/openflight_sessions/terminal_logs/kiosk_20260824_121905.log,/Users/john.pacino/openflight_sessions/iwr6843/iwr6843_20260824_122418_415_010.l3dump,/Users/john.pacino/openflight_sessions/trackman/camera/camera_20260824_122418_415_010,/Users/john.pacino/openflight_sessions/trackman/camera/camera_20260824_122418_415_010/first.pgm;/Users/john.pacino/openflight_sessions/trackman/camera/camera_20260824_122418_415_010/frames.npz;/Users/john.pacino/openflight_sessions/trackman/camera/camera_20260824_122418_415_010/last.pgm;/Users/john.pacino/openflight_sessions/trackman/camera/camera_20260824_122418_415_010/metadata.json;/Users/john.pacino/openflight_sessions/trackman/camera/camera_20260824_122418_415_010/trigger.pgm,0.19679634830085035,3.462159486794846,0.08361933567048752,0.5951290744123775,-21.5,candidate_available,23.7,candidate_noisy_fit,,withheld,,withheld,rejected_no_stable_clubhead,-0.14487092558761105,0.75,camera_assisted_high,,,,467.6219515104666,99,0,109.06739046717172,500,15.0,low_2.875in,2.875,0.073025,5Iron low block in second session,0.165100,6.500,0.040000,1.575,1.524000,60.000
matched,-656.635,73,1,26,08862338-ca9f-f111-9edb-83ad45319c98,15e6a24c-b3f0-40bf-b6a8-f4bcba5ea36a,2026-08-24T16:24:42.059456+00:00,2026-08-24T12:24:42.059456-04:00,5Iron,Premium,118.29813886900484,84.0864352183249,11.318000000000016,-2.649000000000007,-5.321,3.475,-3.515,-6.99,2852.530000000006,-24.784999999999993,161.82126779710492,20260824_121914,11,2026-08-24T12:24:41.402821-04:00,5-iron,118.2348831250685,90.6247417163086,10.774948098521437,1.8672037719388186,radar,0.95,0.75,2687.01529111208,10.5,10.5,,,config/iwr6843_l3dump_wide_24f3ms_53bin_iq16.cfg,732812,,,/Users/john.pacino/openflight_sessions/session_20260824_121914_trackman.jsonl,/Users/john.pacino/openflight_sessions/terminal_logs/kiosk_20260824_121905.log,/Users/john.pacino/openflight_sessions/iwr6843/iwr6843_20260824_122441_407_011.l3dump,/Users/john.pacino/openflight_sessions/trackman/camera/camera_20260824_122441_407_011,/Users/john.pacino/openflight_sessions/trackman/camera/camera_20260824_122441_407_011/first.pgm;/Users/john.pacino/openflight_sessions/trackman/camera/camera_20260824_122441_407_011/frames.npz;/Users/john.pacino/openflight_sessions/trackman/camera/camera_20260824_122441_407_011/last.pgm;/Users/john.pacino/openflight_sessions/trackman/camera/camera_20260824_122441_407_011/metadata.json;/Users/john.pacino/openflight_sessions/trackman/camera/camera_20260824_122441_407_011/trigger.pgm,-0.06325574393633815,6.5383064979837116,-0.5430519014785791,4.516203771938826,-18.5,candidate_available,15.4,rejected_phase_span,,withheld,,withheld,rejected_no_impact,1.8672037719388186,0.75,camera_assisted_high,,,,467.62418285059886,99,0,109.38149005681818,500,15.0,low_2.875in,2.875,0.073025,5Iron low block in second session,0.165100,6.500,0.040000,1.575,1.524000,60.000
matched,-654.514,74,1,8,08862338-ca9f-f111-9edb-83ad45319c98,9c2dfc35-3939-42b1-a8a6-3ba1bdf3714f,2026-08-24T16:24:59.351036+00:00,2026-08-24T12:24:59.351036-04:00,5Iron,Premium,131.50501073729404,90.65855404438071,13.710999999999995,-0.34699999999999886,-3.042,3.624,-0.966,-4.59,3324.020000000002,-11.632000000000003,205.11618537650077,20260824_121914,12,2026-08-24T12:24:58.696522-04:00,5-iron,130.62898399568877,90.0137884013672,11.565643541175028,-0.49955132196973295,radar,0.95,0.75,3228.5017538968104,10.5,10.5,,,config/iwr6843_l3dump_wide_24f3ms_53bin_iq16.cfg,732812,,,/Users/john.pacino/openflight_sessions/session_20260824_121914_trackman.jsonl,/Users/john.pacino/openflight_sessions/terminal_logs/kiosk_20260824_121905.log,/Users/john.pacino/openflight_sessions/iwr6843/iwr6843_20260824_122458_698_012.l3dump,/Users/john.pacino/openflight_sessions/trackman/camera/camera_20260824_122458_698_012,/Users/john.pacino/openflight_sessions/trackman/camera/camera_20260824_122458_698_012/first.pgm;/Users/john.pacino/openflight_sessions/trackman/camera/camera_20260824_122458_698_012/frames.npz;/Users/john.pacino/openflight_sessions/trackman/camera/camera_20260824_122458_698_012/last.pgm;/Users/john.pacino/openflight_sessions/trackman/camera/camera_20260824_122458_698_012/metadata.json;/Users/john.pacino/openflight_sessions/trackman/camera/camera_20260824_122458_698_012/trigger.pgm,-0.8760267416052727,-0.644765643013514,-2.145356458824967,-0.1525513219697341,-20.6,candidate_noisy_fit,15.8,rejected_phase_span,,withheld,,withheld,rejected_no_impact,-0.49955132196973295,0.75,camera_assisted_high,3.4882741772881047,,,467.6219515104666,99,0,109.10796259469697,500,15.0,low_2.875in,2.875,0.073025,5Iron low block in second session,0.165100,6.500,0.040000,1.575,1.524000,60.000
matched,-649.636,75,1,17,08862338-ca9f-f111-9edb-83ad45319c98,2053a87f-9e76-44c2-b2c4-83d9a32883c2,2026-08-24T16:25:29.663715+00:00,2026-08-24T12:25:29.663715-04:00,5Iron,Premium,126.51664280601275,87.59618826055824,14.118999999999998,-1.361999999999999,-6.785,-1.022,-1.409,-0.387,3400.230000000002,-6.107999999999998,195.43164201726788,20260824_121914,13,2026-08-24T12:25:29.014079-04:00,5-iron,125.99325143006479,91.03204392626954,13.835334648449095,0.3028877389485274,radar,0.947,0.75,3847.353840024322,10.5,10.5,,,config/iwr6843_l3dump_wide_24f3ms_53bin_iq16.cfg,732812,,,/Users/john.pacino/openflight_sessions/session_20260824_121914_trackman.jsonl,/Users/john.pacino/openflight_sessions/terminal_logs/kiosk_20260824_121905.log,/Users/john.pacino/openflight_sessions/iwr6843/iwr6843_20260824_122529_011_013.l3dump,/Users/john.pacino/openflight_sessions/trackman/camera/camera_20260824_122529_011_013,/Users/john.pacino/openflight_sessions/trackman/camera/camera_20260824_122529_011_013/first.pgm;/Users/john.pacino/openflight_sessions/trackman/camera/camera_20260824_122529_011_013/frames.npz;/Users/john.pacino/openflight_sessions/trackman/camera/camera_20260824_122529_011_013/last.pgm;/Users/john.pacino/openflight_sessions/trackman/camera/camera_20260824_122529_011_013/metadata.json;/Users/john.pacino/openflight_sessions/trackman/camera/camera_20260824_122529_011_013/trigger.pgm,-0.5233913759479663,3.4358556657113013,-0.2836653515509031,1.6648877389485264,-25.5,candidate_out_of_bounds,6.6,rejected_phase_span,,withheld,,withheld,rejected_no_impact,0.3028877389485274,0.75,camera_assisted_high,,,,467.6219515104666,99,0,108.94438620580809,500,15.0,low_2.875in,2.875,0.073025,5Iron low block in second session,0.165100,6.500,0.040000,1.575,1.524000,60.000
unmatched_openflight,,,,,,,,,,,,,,,,,,,,,,20260824_121914,14,2026-08-24T12:26:58.227123-04:00,driver,98.32446424025197,69.54685235083008,4.174042112982933,61.10142393711679,radar,0.892,0.945,720.3946529801341,10.5,10.5,,,config/iwr6843_l3dump_wide_24f3ms_53bin_iq16.cfg,732812,,,/Users/john.pacino/openflight_sessions/session_20260824_121914_trackman.jsonl,/Users/john.pacino/openflight_sessions/terminal_logs/kiosk_20260824_121905.log,/Users/john.pacino/openflight_sessions/iwr6843/iwr6843_20260824_122658_231_014.l3dump,/Users/john.pacino/openflight_sessions/trackman/camera/camera_20260824_122658_231_014,/Users/john.pacino/openflight_sessions/trackman/camera/camera_20260824_122658_231_014/first.pgm;/Users/john.pacino/openflight_sessions/trackman/camera/camera_20260824_122658_231_014/frames.npz;/Users/john.pacino/openflight_sessions/trackman/camera/camera_20260824_122658_231_014/last.pgm;/Users/john.pacino/openflight_sessions/trackman/camera/camera_20260824_122658_231_014/metadata.json;/Users/john.pacino/openflight_sessions/trackman/camera/camera_20260824_122658_231_014/trigger.pgm,,,,,-30.2,candidate_impact_contact_mismatch,,rejected_insufficient_phase_frames,-12.35,low,20.89,low,approach_mixed,,,camera_withheld_fallback_iwr:rejected_no_stable_path,,,,467.6174888940846,99,0,107.94367203282829,500,15.0,,,,,0.165100,6.500,0.040000,1.575,1.524000,60.000
matched,-655.9019999999999,76,0,11,08862338-ca9f-f111-9edb-83ad45319c98,fb6921d6-e3cb-4144-a2f4-462b22184765,2026-08-24T16:27:31.888278+00:00,2026-08-24T12:27:31.888278-04:00,Driver,Premium,158.1804760200428,108.17376521116665,11.080999999999968,-2.144000000000003,2.013,0.029,-2.546,-2.575,2634.76,6.021999999999998,263.19853315212606,20260824_121914,15,2026-08-24T12:27:31.232376-04:00,driver,157.49096290104956,106.3058767998047,9.814557261083731,1.617670074225373,radar,0.95,0.75,3203.694587778465,10.5,10.5,,,config/iwr6843_l3dump_wide_24f3ms_53bin_iq16.cfg,732812,,,/Users/john.pacino/openflight_sessions/session_20260824_121914_trackman.jsonl,/Users/john.pacino/openflight_sessions/terminal_logs/kiosk_20260824_121905.log,/Users/john.pacino/openflight_sessions/iwr6843/iwr6843_20260824_122731_235_015.l3dump,/Users/john.pacino/openflight_sessions/trackman/camera/camera_20260824_122731_235_015,/Users/john.pacino/openflight_sessions/trackman/camera/camera_20260824_122731_235_015/first.pgm;/Users/john.pacino/openflight_sessions/trackman/camera/camera_20260824_122731_235_015/frames.npz;/Users/john.pacino/openflight_sessions/trackman/camera/camera_20260824_122731_235_015/last.pgm;/Users/john.pacino/openflight_sessions/trackman/camera/camera_20260824_122731_235_015/metadata.json;/Users/john.pacino/openflight_sessions/trackman/camera/camera_20260824_122731_235_015/trigger.pgm,-0.6895131189932329,-1.8678884113619603,-1.2664427389162363,3.7616700742253757,-21.5,candidate_noisy_fit,36.9,candidate_out_of_bounds,,withheld,,withheld,rejected_no_stable_clubhead,1.617670074225373,0.75,camera_assisted_high,,,,467.6174888940846,99,0,107.92847222222223,500,15.0,low_2.875in,2.875,0.073025,Driver low block before shot 24 transition,0.165100,6.500,0.040000,1.575,1.524000,60.000
matched,-653.193,77,0,20,08862338-ca9f-f111-9edb-83ad45319c98,a00131db-4965-45d0-af81-a4a89ee700b2,2026-08-24T16:28:10.883121+00:00,2026-08-24T12:28:10.883121-04:00,Driver,Premium,155.56326055833915,109.21394058697196,11.159999999999961,-1.4950000000000037,3.869,0.656,-2.092,-2.748,3164.919999999991,4.993999999999996,254.36923913027914,20260824_121914,16,2026-08-24T12:28:10.229928-04:00,driver,155.23904213144561,107.83326008715821,10.64397338222597,,radar,0.95,,3477.172021536648,10.5,10.5,,,config/iwr6843_l3dump_wide_24f3ms_53bin_iq16.cfg,732812,,,/Users/john.pacino/openflight_sessions/session_20260824_121914_trackman.jsonl,/Users/john.pacino/openflight_sessions/terminal_logs/kiosk_20260824_121905.log,/Users/john.pacino/openflight_sessions/iwr6843/iwr6843_20260824_122810_230_016.l3dump,/Users/john.pacino/openflight_sessions/trackman/camera/camera_20260824_122810_230_016,/Users/john.pacino/openflight_sessions/trackman/camera/camera_20260824_122810_230_016/first.pgm;/Users/john.pacino/openflight_sessions/trackman/camera/camera_20260824_122810_230_016/frames.npz;/Users/john.pacino/openflight_sessions/trackman/camera/camera_20260824_122810_230_016/last.pgm;/Users/john.pacino/openflight_sessions/trackman/camera/camera_20260824_122810_230_016/metadata.json;/Users/john.pacino/openflight_sessions/trackman/camera/camera_20260824_122810_230_016/trigger.pgm,-0.3242184268935375,-1.3806804998137494,-0.5160266177739903,,-13.2,candidate_available,-2.0,candidate_noisy_fit,,withheld,,withheld,rejected_no_ball,,,camera_withheld_fallback_iwr:rejected_reference_ball_not_found,,,,467.62418285059886,99,0,108.24531360479799,500,15.0,low_2.875in,2.875,0.073025,Driver low block before shot 24 transition,0.165100,6.500,0.040000,1.575,1.524000,60.000
matched,-651.2189999999999,78,0,8,08862338-ca9f-f111-9edb-83ad45319c98,8d31ece5-db1c-4eab-957d-3e89bc9b454b,2026-08-24T16:28:42.263049+00:00,2026-08-24T12:28:42.263049-04:00,Driver,Premium,153.69094488188966,106.37079455977081,10.941999999999961,-4.5790000000000015,4.038,0.201,-5.568,-5.769,2579.1099999999815,3.2479999999999967,253.15834108092963,20260824_121914,17,2026-08-24T12:28:41.611830-04:00,driver,155.34389873742438,105.59309793237306,27.68959175208109,,radar,0.69,,10527.596805226307,10.5,10.5,,,config/iwr6843_l3dump_wide_24f3ms_53bin_iq16.cfg,732812,,,/Users/john.pacino/openflight_sessions/session_20260824_121914_trackman.jsonl,/Users/john.pacino/openflight_sessions/terminal_logs/kiosk_20260824_121905.log,/Users/john.pacino/openflight_sessions/iwr6843/iwr6843_20260824_122841_611_017.l3dump,/Users/john.pacino/openflight_sessions/trackman/camera/camera_20260824_122841_611_017,/Users/john.pacino/openflight_sessions/trackman/camera/camera_20260824_122841_611_017/first.pgm;/Users/john.pacino/openflight_sessions/trackman/camera/camera_20260824_122841_611_017/frames.npz;/Users/john.pacino/openflight_sessions/trackman/camera/camera_20260824_122841_611_017/last.pgm;/Users/john.pacino/openflight_sessions/trackman/camera/camera_20260824_122841_611_017/metadata.json;/Users/john.pacino/openflight_sessions/trackman/camera/camera_20260824_122841_611_017/trigger.pgm,1.6529538555347187,-0.7776966273977592,16.747591752081128,,-29.3,candidate_impact_contact_mismatch,,rejected_insufficient_phase_frames,,withheld,,withheld,rejected_no_ball,,,camera_withheld_fallback_iwr:rejected_reference_ball_not_found,,,,467.6041015559765,99,0,109.83784958964647,500,15.0,low_2.875in,2.875,0.073025,Driver low block before shot 24 transition,0.165100,6.500,0.040000,1.575,1.524000,60.000
matched,-658.325,79,0,14,08862338-ca9f-f111-9edb-83ad45319c98,fb441c6f-dc22-4eba-b91e-7a2234eeddb1,2026-08-24T16:29:17.496182+00:00,2026-08-24T12:29:17.496182-04:00,Driver,Premium,158.14692197566194,107.8292770221903,15.639,1.631,4.376,0.262,1.89,1.628,3204.2500000000055,3.4460000000000015,262.040842953794,20260824_121914,18,2026-08-24T12:29:16.837857-04:00,driver,157.79099099143806,103.0474591201172,18.154961218540173,-4.751263273224911,radar,0.95,0.95,6619.544638681472,10.5,10.5,,,config/iwr6843_l3dump_wide_24f3ms_53bin_iq16.cfg,732812,,,/Users/john.pacino/openflight_sessions/session_20260824_121914_trackman.jsonl,/Users/john.pacino/openflight_sessions/terminal_logs/kiosk_20260824_121905.log,/Users/john.pacino/openflight_sessions/iwr6843/iwr6843_20260824_122916_845_018.l3dump,/Users/john.pacino/openflight_sessions/trackman/camera/camera_20260824_122916_845_018,/Users/john.pacino/openflight_sessions/trackman/camera/camera_20260824_122916_845_018/first.pgm;/Users/john.pacino/openflight_sessions/trackman/camera/camera_20260824_122916_845_018/frames.npz;/Users/john.pacino/openflight_sessions/trackman/camera/camera_20260824_122916_845_018/last.pgm;/Users/john.pacino/openflight_sessions/trackman/camera/camera_20260824_122916_845_018/metadata.json;/Users/john.pacino/openflight_sessions/trackman/camera/camera_20260824_122916_845_018/trigger.pgm,-0.3559309842238747,-4.781817902073101,2.5159612185401734,-6.382263273224911,-27.7,candidate_impact_contact_mismatch,,rejected_insufficient_phase_frames,,withheld,,withheld,rejected_no_ball,,,camera_withheld_fallback_iwr:rejected_reference_ball_not_found,,,,467.60633272576325,99,0,108.51823611111111,500,15.0,low_2.875in,2.875,0.073025,Driver low block before shot 24 transition,0.165100,6.500,0.040000,1.575,1.524000,60.000
matched,-656.3330000000001,80,0,2,08862338-ca9f-f111-9edb-83ad45319c98,96ca5677-f6b9-4345-81cb-0e121fd5012f,2026-08-24T16:29:54.084487+00:00,2026-08-24T12:29:54.084487-04:00,Driver,Premium,151.7291517537579,108.7956335003578,12.836999999999996,-3.6710000000000047,1.452,-3.816,-3.634,0.182,4146.089999999995,20.319000000000006,233.50541988945483,20260824_121914,19,2026-08-24T12:29:53.428154-04:00,driver,151.0115288853958,106.3058767998047,14.07149838657311,,radar,0.95,,4704.0365916880455,10.5,10.5,,,config/iwr6843_l3dump_wide_24f3ms_53bin_iq16.cfg,732812,,,/Users/john.pacino/openflight_sessions/session_20260824_121914_trackman.jsonl,/Users/john.pacino/openflight_sessions/terminal_logs/kiosk_20260824_121905.log,/Users/john.pacino/openflight_sessions/iwr6843/iwr6843_20260824_122953_432_019.l3dump,/Users/john.pacino/openflight_sessions/trackman/camera/camera_20260824_122953_432_019,/Users/john.pacino/openflight_sessions/trackman/camera/camera_20260824_122953_432_019/first.pgm;/Users/john.pacino/openflight_sessions/trackman/camera/camera_20260824_122953_432_019/frames.npz;/Users/john.pacino/openflight_sessions/trackman/camera/camera_20260824_122953_432_019/last.pgm;/Users/john.pacino/openflight_sessions/trackman/camera/camera_20260824_122953_432_019/metadata.json;/Users/john.pacino/openflight_sessions/trackman/camera/camera_20260824_122953_432_019/trigger.pgm,-0.7176228683620991,-2.4897567005531016,1.2344983865731134,,-21.1,candidate_impact_contact_mismatch,,rejected_insufficient_phase_frames,,withheld,,withheld,rejected_no_impact,,,camera_withheld_fallback_iwr:rejected_unstable_consensus,,,,467.61525761783423,99,0,108.14999321338384,500,15.0,low_2.875in,2.875,0.073025,Driver low block before shot 24 transition,0.165100,6.500,0.040000,1.575,1.524000,60.000
matched,-658.439,81,0,25,08862338-ca9f-f111-9edb-83ad45319c98,9d83e3b1-d773-4fe0-abfa-d92d409bfeef,2026-08-24T16:30:25.687531+00:00,2026-08-24T12:30:25.687531-04:00,Driver,Premium,155.61694702934844,106.18736578382236,11.88999999999998,-4.577999999999996,4.712,-0.086,-5.462,-5.377,2500.139999999993,-7.131999999999999,259.6908995416366,20260824_121914,20,2026-08-24T12:30:25.029092-04:00,driver,156.47937747511463,104.47301685498049,25.445368957950045,,radar,0.69,,9652.596826356139,10.5,10.5,,,config/iwr6843_l3dump_wide_24f3ms_53bin_iq16.cfg,732812,,,/Users/john.pacino/openflight_sessions/session_20260824_121914_trackman.jsonl,/Users/john.pacino/openflight_sessions/terminal_logs/kiosk_20260824_121905.log,/Users/john.pacino/openflight_sessions/iwr6843/iwr6843_20260824_123025_035_020.l3dump,/Users/john.pacino/openflight_sessions/trackman/camera/camera_20260824_123025_035_020,/Users/john.pacino/openflight_sessions/trackman/camera/camera_20260824_123025_035_020/first.pgm;/Users/john.pacino/openflight_sessions/trackman/camera/camera_20260824_123025_035_020/frames.npz;/Users/john.pacino/openflight_sessions/trackman/camera/camera_20260824_123025_035_020/last.pgm;/Users/john.pacino/openflight_sessions/trackman/camera/camera_20260824_123025_035_020/metadata.json;/Users/john.pacino/openflight_sessions/trackman/camera/camera_20260824_123025_035_020/trigger.pgm,0.8624304457661935,-1.714348928841872,13.555368957950066,,,candidate_impact_contact_mismatch,,rejected_insufficient_phase_frames,,withheld,,withheld,rejected_no_impact,,,camera_withheld_fallback_iwr:rejected_unstable_consensus,,,,467.6174888940846,99,0,107.84704908459597,500,15.0,low_2.875in,2.875,0.073025,Driver low block before shot 24 transition,0.165100,6.500,0.040000,1.575,1.524000,60.000
matched,-650.7579999999999,82,0,4,08862338-ca9f-f111-9edb-83ad45319c98,a0514a00-ff82-4a28-a867-1c175006899a,2026-08-24T16:31:00.853013+00:00,2026-08-24T12:31:00.853013-04:00,Driver,Premium,141.31845025053673,104.92573371510368,2.788000000000009,-10.294000000000006,1.894,-0.401,-11.264,-10.863,1367.2199999999864,-7.874999999999987,110.27075570123175,20260824_121914,21,2026-08-24T12:31:00.202255-04:00,driver,141.9055190785821,104.26936575,2.8790465546918456,34.23735610631037,radar,0.69,0.942,666.1624389639372,10.5,10.5,,,config/iwr6843_l3dump_wide_24f3ms_53bin_iq16.cfg,732812,,,/Users/john.pacino/openflight_sessions/session_20260824_121914_trackman.jsonl,/Users/john.pacino/openflight_sessions/terminal_logs/kiosk_20260824_121905.log,/Users/john.pacino/openflight_sessions/iwr6843/iwr6843_20260824_123100_201_021.l3dump,/Users/john.pacino/openflight_sessions/trackman/camera/camera_20260824_123100_201_021,/Users/john.pacino/openflight_sessions/trackman/camera/camera_20260824_123100_201_021/first.pgm;/Users/john.pacino/openflight_sessions/trackman/camera/camera_20260824_123100_201_021/frames.npz;/Users/john.pacino/openflight_sessions/trackman/camera/camera_20260824_123100_201_021/last.pgm;/Users/john.pacino/openflight_sessions/trackman/camera/camera_20260824_123100_201_021/metadata.json;/Users/john.pacino/openflight_sessions/trackman/camera/camera_20260824_123100_201_021/trigger.pgm,0.5870688280453749,-0.6563679651036693,0.09104655469183642,44.531356106310376,-33.1,candidate_impact_contact_mismatch,,rejected_insufficient_phase_frames,,withheld,,withheld,rejected_no_impact,8.311306199214982,,camera_experimental_disagreement_fallback_iwr,-25.926049907095376,,,467.61525761783423,99,0,107.94221654040405,500,15.0,low_2.875in,2.875,0.073025,Driver low block before shot 24 transition,0.165100,6.500,0.040000,1.575,1.524000,60.000
matched,-649.014,83,0,19,08862338-ca9f-f111-9edb-83ad45319c98,a76bfea0-b6f9-437f-956b-9f2cf1a1a21d,2026-08-24T16:31:22.031630+00:00,2026-08-24T12:31:22.031630-04:00,Driver,Premium,52.480762347888245,,8.688000000000006,-23.79,,,,,11426.120000000003,-166.801,12.26536773790707,20260824_121914,22,2026-08-24T12:31:21.382616-04:00,driver,100.02920099144282,74.63812997534181,28.731197909753057,,radar,0.871,,7060.342881764749,10.5,10.5,,,config/iwr6843_l3dump_wide_24f3ms_53bin_iq16.cfg,732812,,,/Users/john.pacino/openflight_sessions/session_20260824_121914_trackman.jsonl,/Users/john.pacino/openflight_sessions/terminal_logs/kiosk_20260824_121905.log,/Users/john.pacino/openflight_sessions/iwr6843/iwr6843_20260824_123121_381_022.l3dump,/Users/john.pacino/openflight_sessions/trackman/camera/camera_20260824_123121_381_022,/Users/john.pacino/openflight_sessions/trackman/camera/camera_20260824_123121_381_022/first.pgm;/Users/john.pacino/openflight_sessions/trackman/camera/camera_20260824_123121_381_022/frames.npz;/Users/john.pacino/openflight_sessions/trackman/camera/camera_20260824_123121_381_022/last.pgm;/Users/john.pacino/openflight_sessions/trackman/camera/camera_20260824_123121_381_022/metadata.json;/Users/john.pacino/openflight_sessions/trackman/camera/camera_20260824_123121_381_022/trigger.pgm,47.548438643554576,,20.04319790975305,,-31.5,candidate_impact_contact_mismatch,22.5,candidate_noisy_fit,,withheld,,withheld,rejected_no_ball,,,camera_withheld_fallback_iwr:rejected_reference_ball_not_found,,,,467.6174888940846,99,0,107.27032149621212,500,15.0,low_2.875in,2.875,0.073025,Driver low block before shot 24 transition,0.165100,6.500,0.040000,1.575,1.524000,60.000
matched,-657.821,84,0,26,08862338-ca9f-f111-9edb-83ad45319c98,2f8f8fc6-76bf-4690-a9ce-f1e5b91b640a,2026-08-24T16:31:56.210005+00:00,2026-08-24T12:31:56.210005-04:00,Driver,Premium,150.9014853256978,106.81594488188964,6.836999999999965,-4.071000000000005,2.909,-1.299,-5.486,-4.187,3631.6699999999933,8.457999999999995,231.0869575762884,20260824_121914,23,2026-08-24T12:31:55.552184-04:00,driver,153.03919650459528,102.13102914770509,25.513234311565782,,radar,0.69,,9468.585816129429,10.5,10.5,,,config/iwr6843_l3dump_wide_24f3ms_53bin_iq16.cfg,732812,,,/Users/john.pacino/openflight_sessions/session_20260824_121914_trackman.jsonl,/Users/john.pacino/openflight_sessions/terminal_logs/kiosk_20260824_121905.log,/Users/john.pacino/openflight_sessions/iwr6843/iwr6843_20260824_123155_558_023.l3dump,/Users/john.pacino/openflight_sessions/trackman/camera/camera_20260824_123155_558_023,/Users/john.pacino/openflight_sessions/trackman/camera/camera_20260824_123155_558_023/first.pgm;/Users/john.pacino/openflight_sessions/trackman/camera/camera_20260824_123155_558_023/frames.npz;/Users/john.pacino/openflight_sessions/trackman/camera/camera_20260824_123155_558_023/last.pgm;/Users/john.pacino/openflight_sessions/trackman/camera/camera_20260824_123155_558_023/metadata.json;/Users/john.pacino/openflight_sessions/trackman/camera/camera_20260824_123155_558_023/trigger.pgm,2.13771117889749,-4.684915734184543,18.676234311565818,,,candidate_impact_contact_mismatch,,rejected_insufficient_phase_frames,,withheld,,withheld,rejected_no_ball,,,camera_withheld_fallback_iwr:rejected_reference_ball_not_found,,,,467.6174888940846,99,0,107.67933159722222,500,15.0,low_2.875in,2.875,0.073025,Driver low block before shot 24 transition,0.165100,6.500,0.040000,1.575,1.524000,60.000
matched,-658.4989999999999,85,0,21,08862338-ca9f-f111-9edb-83ad45319c98,83c64957-1a8d-40bf-a9e4-b2700e03a297,2026-08-24T16:34:02.017838+00:00,2026-08-24T12:34:02.017838-04:00,Driver,Premium,148.23505726556888,103.42474946313517,9.506999999999971,-3.515000000000004,0.412,-2.297,-3.831,-1.534,3419.1700000000005,13.791000000000007,231.52358908640187,20260824_121914,24,2026-08-24T12:34:01.359339-04:00,driver,147.92526111674454,104.16754019750978,11.681477597053663,1.4413516369998245,radar,0.913,0.95,3699.3544990523387,10.5,10.5,,,config/iwr6843_l3dump_wide_24f3ms_53bin_iq16.cfg,732812,,,/Users/john.pacino/openflight_sessions/session_20260824_121914_trackman.jsonl,/Users/john.pacino/openflight_sessions/terminal_logs/kiosk_20260824_121905.log,/Users/john.pacino/openflight_sessions/iwr6843/iwr6843_20260824_123401_365_025.l3dump,/Users/john.pacino/openflight_sessions/trackman/camera/camera_20260824_123401_365_025,/Users/john.pacino/openflight_sessions/trackman/camera/camera_20260824_123401_365_025/first.pgm;/Users/john.pacino/openflight_sessions/trackman/camera/camera_20260824_123401_365_025/frames.npz;/Users/john.pacino/openflight_sessions/trackman/camera/camera_20260824_123401_365_025/last.pgm;/Users/john.pacino/openflight_sessions/trackman/camera/camera_20260824_123401_365_025/metadata.json;/Users/john.pacino/openflight_sessions/trackman/camera/camera_20260824_123401_365_025/trigger.pgm,-0.30979614882434703,0.7427907343746085,2.1744775970536914,4.956351636999829,-9.5,candidate_available,0.8,rejected_azimuth_fit,,withheld,,withheld,rejected_no_ball,,,camera_withheld_fallback_iwr:rejected_reference_ball_not_found,,,,467.61972019162863,99,0,104.61107417929293,500,15.0,high_5.25in,5.25,0.133350,Driver high block from shot 24 onward,0.165100,6.500,0.040000,1.575,1.524000,60.000
matched,-649.963,86,0,12,08862338-ca9f-f111-9edb-83ad45319c98,42ae0ffc-348b-4da5-9474-502b3fce60c8,2026-08-24T16:34:40.645786+00:00,2026-08-24T12:34:40.645786-04:00,Driver,Premium,151.03570150322108,104.30833929849666,13.555999999999989,0.46399999999999675,1.223,-1.934,1.002,2.936,4039.419999999997,15.970000000000006,235.31116474013078,20260824_121914,25,2026-08-24T12:34:39.995823-04:00,driver,150.03352080371104,104.77849351245118,12.416777880969203,-3.9226423003095428,radar,0.95,0.95,4032.877602095021,10.5,10.5,,,config/iwr6843_l3dump_wide_24f3ms_53bin_iq16.cfg,732812,,,/Users/john.pacino/openflight_sessions/session_20260824_121914_trackman.jsonl,/Users/john.pacino/openflight_sessions/terminal_logs/kiosk_20260824_121905.log,/Users/john.pacino/openflight_sessions/iwr6843/iwr6843_20260824_123439_993_026.l3dump,/Users/john.pacino/openflight_sessions/trackman/camera/camera_20260824_123439_993_026,/Users/john.pacino/openflight_sessions/trackman/camera/camera_20260824_123439_993_026/first.pgm;/Users/john.pacino/openflight_sessions/trackman/camera/camera_20260824_123439_993_026/frames.npz;/Users/john.pacino/openflight_sessions/trackman/camera/camera_20260824_123439_993_026/last.pgm;/Users/john.pacino/openflight_sessions/trackman/camera/camera_20260824_123439_993_026/metadata.json;/Users/john.pacino/openflight_sessions/trackman/camera/camera_20260824_123439_993_026/trigger.pgm,-1.0021806995100349,0.4701542139545154,-1.1392221190307854,-4.386642300309539,,candidate_impact_contact_mismatch,,rejected_insufficient_phase_frames,,withheld,,withheld,rejected_no_ball,,,camera_withheld_fallback_iwr:rejected_reference_ball_not_found,,,,467.6174888940846,99,0,104.9294237689394,500,15.0,high_5.25in,5.25,0.133350,Driver high block from shot 24 onward,0.165100,6.500,0.040000,1.575,1.524000,60.000
matched,-651.1850000000001,87,0,7,08862338-ca9f-f111-9edb-83ad45319c98,25f5ec17-98e9-4e74-b3ca-3e37fca6cb21,2026-08-24T16:35:15.018028+00:00,2026-08-24T12:35:15.018028-04:00,Driver,Premium,147.30672870436632,108.57865068002852,3.609999999999994,-9.439,0.768,-3.132,-10.87,-7.738,2286.850000000006,8.312999999999981,178.25198790287362,20260824_121914,26,2026-08-24T12:35:14.366843-04:00,driver,144.98915570043343,106.6113534572754,11.798206383662665,,radar,0.69,,3668.8356412736316,10.5,10.5,,,config/iwr6843_l3dump_wide_24f3ms_53bin_iq16.cfg,732812,,,/Users/john.pacino/openflight_sessions/session_20260824_121914_trackman.jsonl,/Users/john.pacino/openflight_sessions/terminal_logs/kiosk_20260824_121905.log,/Users/john.pacino/openflight_sessions/iwr6843/iwr6843_20260824_123514_365_027.l3dump,/Users/john.pacino/openflight_sessions/trackman/camera/camera_20260824_123514_365_027,/Users/john.pacino/openflight_sessions/trackman/camera/camera_20260824_123514_365_027/first.pgm;/Users/john.pacino/openflight_sessions/trackman/camera/camera_20260824_123514_365_027/frames.npz;/Users/john.pacino/openflight_sessions/trackman/camera/camera_20260824_123514_365_027/last.pgm;/Users/john.pacino/openflight_sessions/trackman/camera/camera_20260824_123514_365_027/metadata.json;/Users/john.pacino/openflight_sessions/trackman/camera/camera_20260824_123514_365_027/trigger.pgm,-2.3175730039328926,-1.9672972227531176,8.18820638366267,,-16.2,candidate_impact_contact_mismatch,,rejected_insufficient_phase_frames,,withheld,,withheld,rejected_no_ball,,,camera_withheld_fallback_iwr:rejected_reference_ball_not_found,,,,467.6174888940846,99,0,104.66026452020202,500,15.0,high_5.25in,5.25,0.133350,Driver high block from shot 24 onward,0.165100,6.500,0.040000,1.575,1.524000,60.000
matched,-649.711,88,0,22,08862338-ca9f-f111-9edb-83ad45319c98,78ef439a-74ac-443b-a8cd-c3fe5657df44,2026-08-24T16:35:36.397786+00:00,2026-08-24T12:35:36.397786-04:00,Driver,Premium,113.22029348604138,,4.880000000000008,-3.0290000000000004,,,,,11436.1,-179.81,16.953497711196587,20260824_121914,27,2026-08-24T12:35:35.748075-04:00,driver,100.50579698688253,68.22312016845703,8.96204351707525,,radar,0.69,,1835.0777861865786,10.5,10.5,,,config/iwr6843_l3dump_wide_24f3ms_53bin_iq16.cfg,732812,,,/Users/john.pacino/openflight_sessions/session_20260824_121914_trackman.jsonl,/Users/john.pacino/openflight_sessions/terminal_logs/kiosk_20260824_121905.log,/Users/john.pacino/openflight_sessions/iwr6843/iwr6843_20260824_123535_746_028.l3dump,/Users/john.pacino/openflight_sessions/trackman/camera/camera_20260824_123535_746_028,/Users/john.pacino/openflight_sessions/trackman/camera/camera_20260824_123535_746_028/first.pgm;/Users/john.pacino/openflight_sessions/trackman/camera/camera_20260824_123535_746_028/frames.npz;/Users/john.pacino/openflight_sessions/trackman/camera/camera_20260824_123535_746_028/last.pgm;/Users/john.pacino/openflight_sessions/trackman/camera/camera_20260824_123535_746_028/metadata.json;/Users/john.pacino/openflight_sessions/trackman/camera/camera_20260824_123535_746_028/trigger.pgm,-12.714496499158855,,4.082043517075242,,-11.4,candidate_impact_contact_mismatch,,rejected_insufficient_phase_frames,,withheld,,withheld,rejected_no_ball,,,camera_withheld_fallback_iwr:rejected_reference_ball_not_found,,,,467.61972019162863,99,0,104.71287373737374,500,15.0,high_5.25in,5.25,0.133350,Driver high block from shot 24 onward,0.165100,6.500,0.040000,1.575,1.524000,60.000
matched,-648.929,89,0,16,08862338-ca9f-f111-9edb-83ad45319c98,65c75a52-d9ce-4015-8df3-83a8d4a48637,2026-08-24T16:35:57.427266+00:00,2026-08-24T12:35:57.427266-04:00,Driver,Premium,154.78928060128834,108.10442018611297,15.597999999999992,-1.6860000000000017,4.5,0.999,-2.164,-3.164,2964.6499999999874,4.905999999999998,259.5433993453223,20260824_121914,28,2026-08-24T12:35:56.778337-04:00,driver,153.25861880921053,106.6113534572754,14.193544965996091,-3.719835503688929,radar,0.95,0.918,4822.747090172813,10.5,10.5,,,config/iwr6843_l3dump_wide_24f3ms_53bin_iq16.cfg,732812,,,/Users/john.pacino/openflight_sessions/session_20260824_121914_trackman.jsonl,/Users/john.pacino/openflight_sessions/terminal_logs/kiosk_20260824_121905.log,/Users/john.pacino/openflight_sessions/iwr6843/iwr6843_20260824_123556_774_029.l3dump,/Users/john.pacino/openflight_sessions/trackman/camera/camera_20260824_123556_774_029,/Users/john.pacino/openflight_sessions/trackman/camera/camera_20260824_123556_774_029/first.pgm;/Users/john.pacino/openflight_sessions/trackman/camera/camera_20260824_123556_774_029/frames.npz;/Users/john.pacino/openflight_sessions/trackman/camera/camera_20260824_123556_774_029/last.pgm;/Users/john.pacino/openflight_sessions/trackman/camera/camera_20260824_123556_774_029/metadata.json;/Users/john.pacino/openflight_sessions/trackman/camera/camera_20260824_123556_774_029/trigger.pgm,-1.530661792077808,-1.4930667288375759,-1.4044550340039006,-2.0338355036889273,,candidate_impact_contact_mismatch,-8.3,rejected_impact_contact_mismatch,,withheld,,withheld,rejected_no_ball,,,camera_withheld_fallback_iwr:rejected_reference_ball_not_found,,,,467.6107951292132,99,0,104.06629577020202,500,15.0,high_5.25in,5.25,0.133350,Driver high block from shot 24 onward,0.165100,6.500,0.040000,1.575,1.524000,60.000
matched,-657.969,90,0,23,08862338-ca9f-f111-9edb-83ad45319c98,385ecd33-0af2-4a0f-8340-d5d49d743141,2026-08-24T16:36:27.895975+00:00,2026-08-24T12:36:27.895975-04:00,Driver,Premium,152.76485325697908,106.61909448818885,15.775999999999962,-2.2690000000000103,4.791,-0.415,-2.625,-2.211,3083.1999999999875,12.21599999999999,252.87368892005978,20260824_121914,29,2026-08-24T12:36:27.238006-04:00,driver,151.70823346123532,106.20405124731447,18.23495034641823,,radar,0.69,,6396.886356923905,10.5,10.5,,,config/iwr6843_l3dump_wide_24f3ms_53bin_iq16.cfg,732812,,,/Users/john.pacino/openflight_sessions/session_20260824_121914_trackman.jsonl,/Users/john.pacino/openflight_sessions/terminal_logs/kiosk_20260824_121905.log,/Users/john.pacino/openflight_sessions/iwr6843/iwr6843_20260824_123627_243_030.l3dump,/Users/john.pacino/openflight_sessions/trackman/camera/camera_20260824_123627_243_030,/Users/john.pacino/openflight_sessions/trackman/camera/camera_20260824_123627_243_030/first.pgm;/Users/john.pacino/openflight_sessions/trackman/camera/camera_20260824_123627_243_030/frames.npz;/Users/john.pacino/openflight_sessions/trackman/camera/camera_20260824_123627_243_030/last.pgm;/Users/john.pacino/openflight_sessions/trackman/camera/camera_20260824_123627_243_030/metadata.json;/Users/john.pacino/openflight_sessions/trackman/camera/camera_20260824_123627_243_030/trigger.pgm,-1.0566197957437566,-0.4150432408743825,2.458950346418268,,,candidate_impact_contact_mismatch,0.2,candidate_noisy_fit,,withheld,,withheld,rejected_no_ball,,,camera_withheld_fallback_iwr:rejected_reference_ball_not_found,,,,467.60633272576325,99,0,104.64864046717172,500,15.0,high_5.25in,5.25,0.133350,Driver high block from shot 24 onward,0.165100,6.500,0.040000,1.575,1.524000,60.000
matched,-652.0319999999999,91,0,13,08862338-ca9f-f111-9edb-83ad45319c98,88804fd6-37d4-43f1-8c5f-51e4ea218b84,2026-08-24T16:36:56.340250+00:00,2026-08-24T12:36:56.340250-04:00,Driver,Premium,154.38439513242648,106.2790801717966,12.73999999999998,0.2519999999999969,3.258,0.581,0.168,-0.414,3581.1400000000003,7.280000000000002,248.55789958765013,20260824_121914,30,2026-08-24T12:36:55.688218-04:00,driver,153.5660801109827,106.10222569482423,12.174589907074715,-1.6751787337588824,radar,0.863,0.95,4032.8736994878673,10.5,10.5,,,config/iwr6843_l3dump_wide_24f3ms_53bin_iq16.cfg,732812,,,/Users/john.pacino/openflight_sessions/session_20260824_121914_trackman.jsonl,/Users/john.pacino/openflight_sessions/terminal_logs/kiosk_20260824_121905.log,/Users/john.pacino/openflight_sessions/iwr6843/iwr6843_20260824_123655_687_031.l3dump,/Users/john.pacino/openflight_sessions/trackman/camera/camera_20260824_123655_687_031,/Users/john.pacino/openflight_sessions/trackman/camera/camera_20260824_123655_687_031/first.pgm;/Users/john.pacino/openflight_sessions/trackman/camera/camera_20260824_123655_687_031/frames.npz;/Users/john.pacino/openflight_sessions/trackman/camera/camera_20260824_123655_687_031/last.pgm;/Users/john.pacino/openflight_sessions/trackman/camera/camera_20260824_123655_687_031/metadata.json;/Users/john.pacino/openflight_sessions/trackman/camera/camera_20260824_123655_687_031/trigger.pgm,-0.818315021443766,-0.17685447697236611,-0.5654100929252657,-1.9271787337588793,,candidate_impact_contact_mismatch,,rejected_insufficient_phase_frames,,withheld,,withheld,rejected_no_ball,,,camera_withheld_fallback_iwr:rejected_reference_ball_not_found,,,,467.61972019162863,99,0,104.77881344696969,500,15.0,high_5.25in,5.25,0.133350,Driver high block from shot 24 onward,0.165100,6.500,0.040000,1.575,1.524000,60.000
matched,-653.974,92,0,24,08862338-ca9f-f111-9edb-83ad45319c98,d2535c17-9bec-49d1-8c13-d64aaae320ff,2026-08-24T16:37:29.094227+00:00,2026-08-24T12:37:29.094227-04:00,Driver,Premium,149.143253400143,106.1068360773084,16.595,3.418999999999998,0.994,-2.736,4.376,7.112,3602.689999999998,12.866999999999994,238.54136763525838,20260824_121914,31,2026-08-24T12:37:28.440253-04:00,driver,148.1527774506294,103.86206354003907,17.103814263394348,-3.5288296979160036,radar,0.95,0.919,5799.088725526061,10.5,10.5,,,config/iwr6843_l3dump_wide_24f3ms_53bin_iq16.cfg,732812,,,/Users/john.pacino/openflight_sessions/session_20260824_121914_trackman.jsonl,/Users/john.pacino/openflight_sessions/terminal_logs/kiosk_20260824_121905.log,/Users/john.pacino/openflight_sessions/iwr6843/iwr6843_20260824_123728_441_032.l3dump,/Users/john.pacino/openflight_sessions/trackman/camera/camera_20260824_123728_441_032,/Users/john.pacino/openflight_sessions/trackman/camera/camera_20260824_123728_441_032/first.pgm;/Users/john.pacino/openflight_sessions/trackman/camera/camera_20260824_123728_441_032/frames.npz;/Users/john.pacino/openflight_sessions/trackman/camera/camera_20260824_123728_441_032/last.pgm;/Users/john.pacino/openflight_sessions/trackman/camera/camera_20260824_123728_441_032/metadata.json;/Users/john.pacino/openflight_sessions/trackman/camera/camera_20260824_123728_441_032/trigger.pgm,-0.9904759495136091,-2.244772537269327,0.5088142633943491,-6.947829697916001,,rejected_insufficient_vertical_points,-5.0,rejected_azimuth_fit,,withheld,,withheld,rejected_no_ball,,,camera_withheld_fallback_iwr:rejected_reference_ball_not_found,,,,467.6308769987641,99,0,104.24431439393939,500,15.0,high_5.25in,5.25,0.133350,Driver high block from shot 24 onward,0.165100,6.500,0.040000,1.575,1.524000,60.000
matched,-652.8779999999999,93,0,3,08862338-ca9f-f111-9edb-83ad45319c98,678695fd-fb8b-419a-8ca1-1963f243a8fe,2026-08-24T16:37:58.886809+00:00,2026-08-24T12:37:58.886809-04:00,Driver,Premium,155.25680028632772,107.29241231209723,11.795999999999983,0.7839999999999979,-1.181,-3.696,1.484,5.18,3182.4599999999928,7.205,254.1526709264264,20260824_121914,32,2026-08-24T12:37:58.233931-04:00,driver,153.84657119174,107.62960898217774,7.191408795449481,,radar,0.95,,2160.714008692469,10.5,10.5,,,config/iwr6843_l3dump_wide_24f3ms_53bin_iq16.cfg,732812,,,/Users/john.pacino/openflight_sessions/session_20260824_121914_trackman.jsonl,/Users/john.pacino/openflight_sessions/terminal_logs/kiosk_20260824_121905.log,/Users/john.pacino/openflight_sessions/iwr6843/iwr6843_20260824_123758_233_033.l3dump,/Users/john.pacino/openflight_sessions/trackman/camera/camera_20260824_123758_233_033,/Users/john.pacino/openflight_sessions/trackman/camera/camera_20260824_123758_233_033/first.pgm;/Users/john.pacino/openflight_sessions/trackman/camera/camera_20260824_123758_233_033/frames.npz;/Users/john.pacino/openflight_sessions/trackman/camera/camera_20260824_123758_233_033/last.pgm;/Users/john.pacino/openflight_sessions/trackman/camera/camera_20260824_123758_233_033/metadata.json;/Users/john.pacino/openflight_sessions/trackman/camera/camera_20260824_123758_233_033/trigger.pgm,-1.41022909458772,0.337196670080516,-4.604591204550502,,,candidate_impact_contact_mismatch,,rejected_insufficient_phase_frames,,withheld,,withheld,rejected_no_ball,,,camera_withheld_fallback_iwr:rejected_reference_ball_not_found,,,,467.6174888940846,99,0,104.61328614267677,500,15.0,high_5.25in,5.25,0.133350,Driver high block from shot 24 onward,0.165100,6.500,0.040000,1.575,1.524000,60.000
matched,-655.062,94,0,1,08862338-ca9f-f111-9edb-83ad45319c98,29d365f0-6fc0-414a-82a0-023d768775eb,2026-08-24T16:38:30.836372+00:00,2026-08-24T12:38:30.836372-04:00,Driver,Premium,155.5118110236219,109.47118826055822,12.783999999999999,-1.949000000000001,2.59,-3.19,-1.573,1.617,4611.219999999997,12.500999999999996,236.5407803869125,20260824_121914,33,2026-08-24T12:38:30.181310-04:00,driver,154.2816610403027,108.54603895458986,13.228699310753601,-0.22598631665075253,radar,0.95,0.91,4468.874400057233,10.5,10.5,,,config/iwr6843_l3dump_wide_24f3ms_53bin_iq16.cfg,732812,,,/Users/john.pacino/openflight_sessions/session_20260824_121914_trackman.jsonl,/Users/john.pacino/openflight_sessions/terminal_logs/kiosk_20260824_121905.log,/Users/john.pacino/openflight_sessions/iwr6843/iwr6843_20260824_123830_182_034.l3dump,/Users/john.pacino/openflight_sessions/trackman/camera/camera_20260824_123830_182_034,/Users/john.pacino/openflight_sessions/trackman/camera/camera_20260824_123830_182_034/first.pgm;/Users/john.pacino/openflight_sessions/trackman/camera/camera_20260824_123830_182_034/frames.npz;/Users/john.pacino/openflight_sessions/trackman/camera/camera_20260824_123830_182_034/last.pgm;/Users/john.pacino/openflight_sessions/trackman/camera/camera_20260824_123830_182_034/metadata.json;/Users/john.pacino/openflight_sessions/trackman/camera/camera_20260824_123830_182_034/trigger.pgm,-1.230149983319194,-0.9251493059683611,0.44469931075360236,1.7230136833492484,-5.7,candidate_impact_contact_mismatch,,rejected_insufficient_phase_frames,,withheld,,withheld,rejected_no_ball,,,camera_withheld_fallback_iwr:rejected_reference_ball_not_found,,,,467.6331084240764,99,0,104.2268584280303,500,15.0,high_5.25in,5.25,0.133350,Driver high block from shot 24 onward,0.165100,6.500,0.040000,1.575,1.524000,60.000
matched,-654.875,95,0,9,08862338-ca9f-f111-9edb-83ad45319c98,299c8aa2-48f0-4d6a-8ab1-400a0f59f254,2026-08-24T16:38:59.980269+00:00,2026-08-24T12:38:59.980269-04:00,Driver,Premium,155.93459198282017,108.42877594846087,16.462999999999987,-0.1280000000000028,3.071,-1.448,0.116,1.564,3616.5799999999904,13.420000000000002,249.99434326101914,20260824_121914,34,2026-08-24T12:38:59.325394-04:00,driver,154.8576880465417,107.32413232470704,18.268489974835674,,radar,0.95,,6543.6086759846,10.5,10.5,,,config/iwr6843_l3dump_wide_24f3ms_53bin_iq16.cfg,732812,,,/Users/john.pacino/openflight_sessions/session_20260824_121914_trackman.jsonl,/Users/john.pacino/openflight_sessions/terminal_logs/kiosk_20260824_121905.log,/Users/john.pacino/openflight_sessions/iwr6843/iwr6843_20260824_123859_327_035.l3dump,/Users/john.pacino/openflight_sessions/trackman/camera/camera_20260824_123859_327_035,/Users/john.pacino/openflight_sessions/trackman/camera/camera_20260824_123859_327_035/first.pgm;/Users/john.pacino/openflight_sessions/trackman/camera/camera_20260824_123859_327_035/frames.npz;/Users/john.pacino/openflight_sessions/trackman/camera/camera_20260824_123859_327_035/last.pgm;/Users/john.pacino/openflight_sessions/trackman/camera/camera_20260824_123859_327_035/metadata.json;/Users/john.pacino/openflight_sessions/trackman/camera/camera_20260824_123859_327_035/trigger.pgm,-1.0769039362784554,-1.1046436237538302,1.8054899748356874,,,candidate_impact_contact_mismatch,,rejected_insufficient_phase_frames,,withheld,,withheld,rejected_no_ball,,,camera_withheld_fallback_iwr:rejected_reference_ball_not_found,,,,467.61972019162863,99,0,105.29709248737373,500,15.0,high_5.25in,5.25,0.133350,Driver high block from shot 24 onward,0.165100,6.500,0.040000,1.575,1.524000,60.000
matched,-656.102,96,0,10,08862338-ca9f-f111-9edb-83ad45319c98,d408a2ef-cdbe-4b9a-9012-4365e49b0376,2026-08-24T16:39:28.130749+00:00,2026-08-24T12:39:28.130749-04:00,Driver,Premium,152.6462956335002,,0.765999999999999,-0.6340000000000003,,,,,1657.459999999998,32.112000000000016,61.316167065882524,20260824_121914,35,2026-08-24T12:39:27.474647-04:00,driver,154.31051402850224,107.32413232470704,5.928531653388377,68.0632360148512,radar,0.69,0.916,1720.6936734408168,10.5,10.5,,,config/iwr6843_l3dump_wide_24f3ms_53bin_iq16.cfg,732812,,,/Users/john.pacino/openflight_sessions/session_20260824_121914_trackman.jsonl,/Users/john.pacino/openflight_sessions/terminal_logs/kiosk_20260824_121905.log,/Users/john.pacino/openflight_sessions/iwr6843/iwr6843_20260824_123927_477_036.l3dump,/Users/john.pacino/openflight_sessions/trackman/camera/camera_20260824_123927_477_036,/Users/john.pacino/openflight_sessions/trackman/camera/camera_20260824_123927_477_036/first.pgm;/Users/john.pacino/openflight_sessions/trackman/camera/camera_20260824_123927_477_036/frames.npz;/Users/john.pacino/openflight_sessions/trackman/camera/camera_20260824_123927_477_036/last.pgm;/Users/john.pacino/openflight_sessions/trackman/camera/camera_20260824_123927_477_036/metadata.json;/Users/john.pacino/openflight_sessions/trackman/camera/camera_20260824_123927_477_036/trigger.pgm,1.6642183950020524,,5.162531653388378,68.6972360148512,-5.5,candidate_impact_contact_mismatch,,rejected_insufficient_phase_frames,,withheld,,withheld,rejected_no_ball,,,camera_withheld_fallback_iwr:rejected_reference_ball_not_found,,,,467.62418285059886,99,0,104.31443308080809,500,15.0,high_5.25in,5.25,0.133350,Driver high block from shot 24 onward,0.165100,6.500,0.040000,1.575,1.524000,60.000
matched,-655.883,97,0,15,08862338-ca9f-f111-9edb-83ad45319c98,e52332e2-c66a-44f9-9748-7b8d0cf8d966,2026-08-24T16:39:51.527031+00:00,2026-08-24T12:39:51.527031-04:00,Driver,Premium,157.17161775232623,109.25867931281306,9.414999999999983,-3.961000000000003,1.69,-3.594,-4.07,-0.476,3493.1499999999974,6.578000000000004,251.39984667007778,20260824_121914,36,2026-08-24T12:39:50.871148-04:00,driver,156.17275863190923,108.95334116455079,7.97155464545723,,radar,0.95,,2480.1403201848434,10.5,10.5,,,config/iwr6843_l3dump_wide_24f3ms_53bin_iq16.cfg,732812,,,/Users/john.pacino/openflight_sessions/session_20260824_121914_trackman.jsonl,/Users/john.pacino/openflight_sessions/terminal_logs/kiosk_20260824_121905.log,/Users/john.pacino/openflight_sessions/iwr6843/iwr6843_20260824_123950_874_037.l3dump,/Users/john.pacino/openflight_sessions/trackman/camera/camera_20260824_123950_874_037,/Users/john.pacino/openflight_sessions/trackman/camera/camera_20260824_123950_874_037/first.pgm;/Users/john.pacino/openflight_sessions/trackman/camera/camera_20260824_123950_874_037/frames.npz;/Users/john.pacino/openflight_sessions/trackman/camera/camera_20260824_123950_874_037/last.pgm;/Users/john.pacino/openflight_sessions/trackman/camera/camera_20260824_123950_874_037/metadata.json;/Users/john.pacino/openflight_sessions/trackman/camera/camera_20260824_123950_874_037/trigger.pgm,-0.998859120416995,-0.30533814826226546,-1.443445354542753,,-19.4,candidate_impact_contact_mismatch,8.1,rejected_impact_contact_mismatch,,withheld,,withheld,rejected_no_ball,,,camera_withheld_fallback_iwr:rejected_reference_ball_not_found,,,,467.61302636287724,99,0,103.9793970959596,500,15.0,high_5.25in,5.25,0.133350,Driver high block from shot 24 onward,0.165100,6.500,0.040000,1.575,1.524000,60.000
matched,-654.146,98,0,6,08862338-ca9f-f111-9edb-83ad45319c98,83fba195-1088-43b6-b3ee-25ad9c40e2f7,2026-08-24T16:40:24.835220+00:00,2026-08-24T12:40:24.835220-04:00,Driver,Premium,155.55431281317095,109.1826234788832,13.74799999999998,0.0039999999999967475,-0.595,-4.499,0.693,5.193,3380.1899999999955,9.782000000000004,253.52768317463807,20260824_121914,37,2026-08-24T12:40:24.181074-04:00,driver,154.46582667672178,107.93508563964845,14.071101046289105,0.3666285180044859,radar,0.95,0.929,4811.4788468749,10.5,10.5,,,config/iwr6843_l3dump_wide_24f3ms_53bin_iq16.cfg,732812,,,/Users/john.pacino/openflight_sessions/session_20260824_121914_trackman.jsonl,/Users/john.pacino/openflight_sessions/terminal_logs/kiosk_20260824_121905.log,/Users/john.pacino/openflight_sessions/iwr6843/iwr6843_20260824_124024_181_038.l3dump,/Users/john.pacino/openflight_sessions/trackman/camera/camera_20260824_124024_181_038,/Users/john.pacino/openflight_sessions/trackman/camera/camera_20260824_124024_181_038/first.pgm;/Users/john.pacino/openflight_sessions/trackman/camera/camera_20260824_124024_181_038/frames.npz;/Users/john.pacino/openflight_sessions/trackman/camera/camera_20260824_124024_181_038/last.pgm;/Users/john.pacino/openflight_sessions/trackman/camera/camera_20260824_124024_181_038/metadata.json;/Users/john.pacino/openflight_sessions/trackman/camera/camera_20260824_124024_181_038/trigger.pgm,-1.088486136449177,-1.2475378392347523,0.32310104628912484,0.3626285180044892,,candidate_impact_contact_mismatch,,rejected_insufficient_phase_frames,,withheld,,withheld,rejected_no_ball,,,camera_withheld_fallback_iwr:rejected_reference_ball_not_found,,,,467.61972019162863,99,0,104.97860069444444,500,15.0,high_5.25in,5.25,0.133350,Driver high block from shot 24 onward,0.165100,6.500,0.040000,1.575,1.524000,60.000
matched,-660.23,99,0,17,08862338-ca9f-f111-9edb-83ad45319c98,122b2f29-2d3e-4d07-9323-89358106bcb4,2026-08-24T16:40:54.781729+00:00,2026-08-24T12:40:54.781729-04:00,Driver,Premium,159.67027559055106,110.27201145311369,14.638999999999966,-0.5070000000000093,1.786,-4.185,0.151,4.336,3600.6299999999956,13.394999999999996,257.0541165567935,20260824_121914,38,2026-08-24T12:40:54.121499-04:00,driver,158.61518213534694,110.1752477944336,14.96551827902912,-1.18258894849079,radar,0.95,0.943,5311.50041538058,10.5,10.5,,,config/iwr6843_l3dump_wide_24f3ms_53bin_iq16.cfg,732812,,,/Users/john.pacino/openflight_sessions/session_20260824_121914_trackman.jsonl,/Users/john.pacino/openflight_sessions/terminal_logs/kiosk_20260824_121905.log,/Users/john.pacino/openflight_sessions/iwr6843/iwr6843_20260824_124054_128_039.l3dump,/Users/john.pacino/openflight_sessions/trackman/camera/camera_20260824_124054_128_039,/Users/john.pacino/openflight_sessions/trackman/camera/camera_20260824_124054_128_039/first.pgm;/Users/john.pacino/openflight_sessions/trackman/camera/camera_20260824_124054_128_039/frames.npz;/Users/john.pacino/openflight_sessions/trackman/camera/camera_20260824_124054_128_039/last.pgm;/Users/john.pacino/openflight_sessions/trackman/camera/camera_20260824_124054_128_039/metadata.json;/Users/john.pacino/openflight_sessions/trackman/camera/camera_20260824_124054_128_039/trigger.pgm,-1.0550934552041156,-0.09676365868008929,0.32651827902915365,-0.6755889484907808,,candidate_impact_contact_mismatch,18.8,rejected_impact_contact_mismatch,,withheld,,withheld,rejected_no_ball,,,camera_withheld_fallback_iwr:rejected_reference_ball_not_found,,,,467.61972019162863,99,0,104.2094199810606,500,15.0,high_5.25in,5.25,0.133350,Driver high block from shot 24 onward,0.165100,6.500,0.040000,1.575,1.524000,60.000
matched,-659.925,100,0,18,08862338-ca9f-f111-9edb-83ad45319c98,10a5cd6c-31b8-43c0-b0a6-96e30a56df29,2026-08-24T16:41:24.632109+00:00,2026-08-24T12:41:24.632109-04:00,Driver,Premium,155.4223335719397,110.02147458840359,11.029000000000005,-5.191,-0.089,-5.321,-5.172,0.149,2409.9899999999966,-7.162999999999998,256.37666144300863,20260824_121914,39,2026-08-24T12:41:23.972184-04:00,driver,154.4191470326296,107.73143453466798,11.563688418481096,-11.345140055493047,radar,0.908,0.95,3815.7131646416674,10.5,10.5,,,config/iwr6843_l3dump_wide_24f3ms_53bin_iq16.cfg,732812,,,/Users/john.pacino/openflight_sessions/session_20260824_121914_trackman.jsonl,/Users/john.pacino/openflight_sessions/terminal_logs/kiosk_20260824_121905.log,/Users/john.pacino/openflight_sessions/iwr6843/iwr6843_20260824_124123_978_040.l3dump,/Users/john.pacino/openflight_sessions/trackman/camera/camera_20260824_124123_978_040,/Users/john.pacino/openflight_sessions/trackman/camera/camera_20260824_124123_978_040/first.pgm;/Users/john.pacino/openflight_sessions/trackman/camera/camera_20260824_124123_978_040/frames.npz;/Users/john.pacino/openflight_sessions/trackman/camera/camera_20260824_124123_978_040/last.pgm;/Users/john.pacino/openflight_sessions/trackman/camera/camera_20260824_124123_978_040/metadata.json;/Users/john.pacino/openflight_sessions/trackman/camera/camera_20260824_124123_978_040/trigger.pgm,-1.003186539310093,-2.290040053735609,0.5346884184810907,-6.154140055493047,-13.6,candidate_available,,rejected_insufficient_phase_frames,,withheld,,withheld,rejected_no_ball,,,camera_withheld_fallback_iwr:rejected_reference_ball_not_found,,,,467.61972019162863,99,0,104.80349242424242,500,15.0,high_5.25in,5.25,0.133350,Driver high block from shot 24 onward,0.165100,6.500,0.040000,1.575,1.524000,60.000
matched,-655.036,101,0,5,08862338-ca9f-f111-9edb-83ad45319c98,5eca029f-44e5-4b01-8a80-1d98743d763b,2026-08-24T16:41:56.584959+00:00,2026-08-24T12:41:56.584959-04:00,Driver,Premium,160.97888332140286,111.14665354330695,10.312000000000001,-5.829,2.163,-3.361,-6.385,-3.024,2982.409999999998,5.851999999999999,265.4871048373606,20260824_121914,40,2026-08-24T12:41:55.929923-04:00,driver,160.08301194231007,109.76794558447267,14.379647798277167,,radar,0.922,,5115.197304737492,10.5,10.5,,,config/iwr6843_l3dump_wide_24f3ms_53bin_iq16.cfg,732812,,,/Users/john.pacino/openflight_sessions/session_20260824_121914_trackman.jsonl,/Users/john.pacino/openflight_sessions/terminal_logs/kiosk_20260824_121905.log,/Users/john.pacino/openflight_sessions/iwr6843/iwr6843_20260824_124155_931_041.l3dump,/Users/john.pacino/openflight_sessions/trackman/camera/camera_20260824_124155_931_041,/Users/john.pacino/openflight_sessions/trackman/camera/camera_20260824_124155_931_041/first.pgm;/Users/john.pacino/openflight_sessions/trackman/camera/camera_20260824_124155_931_041/frames.npz;/Users/john.pacino/openflight_sessions/trackman/camera/camera_20260824_124155_931_041/last.pgm;/Users/john.pacino/openflight_sessions/trackman/camera/camera_20260824_124155_931_041/metadata.json;/Users/john.pacino/openflight_sessions/trackman/camera/camera_20260824_124155_931_041/trigger.pgm,-0.8958713790927959,-1.3787079588342834,4.067647798277166,,,candidate_impact_contact_mismatch,,rejected_insufficient_phase_frames,,withheld,,withheld,rejected_no_ball,,,camera_withheld_fallback_iwr:rejected_reference_ball_not_found,,,,467.61972019162863,99,0,104.23320202020201,500,15.0,high_5.25in,5.25,0.133350,Driver high block from shot 24 onward,0.165100,6.500,0.040000,1.575,1.524000,60.000
