match_status,match_delta_ms,tm_sequence,tm_group_index,tm_group_shot,tm_group_id,tm_stroke_id,tm_time_utc,tm_time_local,tm_club,tm_ball,tm_ball_speed_mph,tm_club_speed_mph,tm_launch_angle_deg,tm_launch_direction_deg,tm_attack_angle_deg,tm_club_path_deg,tm_face_angle_deg,tm_face_to_path_deg,tm_spin_rate_rpm,tm_spin_axis_deg,tm_carry_yd,of_session_id,of_shot_number,of_time_local,of_club,of_ball_speed_mph,of_club_speed_mph,of_launch_angle_deg,of_launch_direction_deg,of_launch_source,of_launch_confidence,of_horizontal_confidence,of_spin_rpm,of_effective_tilt_deg,of_configured_tilt_deg,of_inclinometer_raw_pitch_deg,of_inclinometer_calibrated_pitch_deg,iwr_config,iwr_capture_bytes,iwr_capture_error,camera_capture_error,session_log_path,terminal_log_path,iwr_dump_path,camera_directory,camera_files,ball_speed_error_mph,club_speed_error_mph,launch_angle_error_deg,launch_direction_error_deg
matched,-711.0624313354492,1,2,10,9cfd4507-fd93-f111-9ed5-c6cbf142edef,e69a08d7-d25c-4461-ad22-1f6a4487b99e,2026-08-09T14:38:53.34788+00:00,2026-08-09T10:38:53.347880-04:00,9Iron,Premium,104.31505010737283,77.40694345025045,18.82799999999999,-0.9009999999999982,-6.742,5.011,-2.461,-7.472,6328.889999999999,-7.443999999999997,143.84363852868466,20260809_103715,1,2026-08-09T10:38:52.636817-04:00,9-iron,103.525524824017,78.20202431250001,15.812722995633083,-2.9967977708884166,radar,0.95,0.86,3697.639099383486,10.76,10.1,0.175,0.66,config/iwr6843_l3dump_dense_36f2ms_32bin_iq8.cfg,332036,,,/Users/john.pacino/openflight_sessions/session_20260809_103715_trackman.jsonl,/Users/john.pacino/openflight_sessions/terminal_logs/kiosk_20260809_103707.log,/Users/john.pacino/openflight_sessions/iwr6843/iwr6843_20260809_103852_642_001.l3dump,/Users/john.pacino/openflight_sessions/trackman/camera/camera_20260809_103852_642_001,/Users/john.pacino/openflight_sessions/trackman/camera/camera_20260809_103852_642_001/first.pgm;/Users/john.pacino/openflight_sessions/trackman/camera/camera_20260809_103852_642_001/frames.npz;/Users/john.pacino/openflight_sessions/trackman/camera/camera_20260809_103852_642_001/last.pgm;/Users/john.pacino/openflight_sessions/trackman/camera/camera_20260809_103852_642_001/metadata.json;/Users/john.pacino/openflight_sessions/trackman/camera/camera_20260809_103852_642_001/trigger.pgm,-0.7895252833558288,0.7950808622495629,-3.015277004366906,-2.095797770888418
matched,-704.4219970703125,2,2,72,9cfd4507-fd93-f111-9ed5-c6cbf142edef,b0c30316-46bb-44b5-a0eb-be4788ec8a57,2026-08-09T14:39:41.444205+00:00,2026-08-09T10:39:41.444205-04:00,9Iron,Premium,98.61757337151029,79.37768432355037,24.050999999999988,5.678999999999998,-6.411,0.89,7.067,6.177,7164.739999999997,8.583999999999998,131.23942243882973,20260809_103715,2,2026-08-09T10:39:40.739783-04:00,9-iron,98.20394404319076,77.79472210253905,23.046224857116478,2.841282407234594,radar,0.95,0.879,5417.773986656792,10.906,10.1,0.321,0.806,config/iwr6843_l3dump_dense_36f2ms_32bin_iq8.cfg,332036,,,/Users/john.pacino/openflight_sessions/session_20260809_103715_trackman.jsonl,/Users/john.pacino/openflight_sessions/terminal_logs/kiosk_20260809_103707.log,/Users/john.pacino/openflight_sessions/iwr6843/iwr6843_20260809_103940_737_002.l3dump,/Users/john.pacino/openflight_sessions/trackman/camera/camera_20260809_103940_737_002,/Users/john.pacino/openflight_sessions/trackman/camera/camera_20260809_103940_737_002/first.pgm;/Users/john.pacino/openflight_sessions/trackman/camera/camera_20260809_103940_737_002/frames.npz;/Users/john.pacino/openflight_sessions/trackman/camera/camera_20260809_103940_737_002/last.pgm;/Users/john.pacino/openflight_sessions/trackman/camera/camera_20260809_103940_737_002/metadata.json;/Users/john.pacino/openflight_sessions/trackman/camera/camera_20260809_103940_737_002/trigger.pgm,-0.41362932831953003,-1.5829622210113143,-1.0047751428835099,-2.8377175927654035
matched,-708.1518173217773,3,2,37,9cfd4507-fd93-f111-9ed5-c6cbf142edef,54361f21-362f-4136-8140-6bfbc593caec,2026-08-09T14:40:42.504294+00:00,2026-08-09T10:40:42.504294-04:00,9Iron,Premium,88.285164638511,79.75796349319963,12.057999999999986,9.034999999999997,-6.636,-0.317,12.604,12.921,6538.139999999996,34.065000000000005,92.0792688524002,20260809_103715,3,2026-08-09T10:40:41.796142-04:00,9-iron,89.13340233048243,80.03488425732424,18.780145572265603,11.936106022729419,radar,0.69,0.665,3888.7991221951092,10.877,10.1,0.292,0.777,config/iwr6843_l3dump_dense_36f2ms_32bin_iq8.cfg,332036,,,/Users/john.pacino/openflight_sessions/session_20260809_103715_trackman.jsonl,/Users/john.pacino/openflight_sessions/terminal_logs/kiosk_20260809_103707.log,/Users/john.pacino/openflight_sessions/iwr6843/iwr6843_20260809_104041_799_003.l3dump,/Users/john.pacino/openflight_sessions/trackman/camera/camera_20260809_104041_799_003,/Users/john.pacino/openflight_sessions/trackman/camera/camera_20260809_104041_799_003/first.pgm;/Users/john.pacino/openflight_sessions/trackman/camera/camera_20260809_104041_799_003/frames.npz;/Users/john.pacino/openflight_sessions/trackman/camera/camera_20260809_104041_799_003/last.pgm;/Users/john.pacino/openflight_sessions/trackman/camera/camera_20260809_104041_799_003/metadata.json;/Users/john.pacino/openflight_sessions/trackman/camera/camera_20260809_104041_799_003/trigger.pgm,0.8482376919714198,0.2769207641246112,6.722145572265617,2.9011060227294223
matched,-709.6471786499023,4,2,67,9cfd4507-fd93-f111-9ed5-c6cbf142edef,7b661d82-13cf-4be4-a572-af22ff5c4257,2026-08-09T14:40:56.847044+00:00,2026-08-09T10:40:56.847044-04:00,9Iron,Premium,99.16785969935566,75.3243557623478,20.395000000000003,-0.9540000000000001,-5.957,-2.147,-0.63,1.518,6124.069999999999,-0.7500000000000004,135.4848545828438,20260809_103715,4,2026-08-09T10:40:56.137397-04:00,9-iron,98.71500474099713,76.06368771020507,17.31235693367617,-3.014811715395209,radar,0.95,0.852,3918.843722254064,10.905,10.1,0.32,0.805,config/iwr6843_l3dump_dense_36f2ms_32bin_iq8.cfg,332036,,,/Users/john.pacino/openflight_sessions/session_20260809_103715_trackman.jsonl,/Users/john.pacino/openflight_sessions/terminal_logs/kiosk_20260809_103707.log,/Users/john.pacino/openflight_sessions/iwr6843/iwr6843_20260809_104056_141_004.l3dump,/Users/john.pacino/openflight_sessions/trackman/camera/camera_20260809_104056_141_004,/Users/john.pacino/openflight_sessions/trackman/camera/camera_20260809_104056_141_004/first.pgm;/Users/john.pacino/openflight_sessions/trackman/camera/camera_20260809_104056_141_004/frames.npz;/Users/john.pacino/openflight_sessions/trackman/camera/camera_20260809_104056_141_004/last.pgm;/Users/john.pacino/openflight_sessions/trackman/camera/camera_20260809_104056_141_004/metadata.json;/Users/john.pacino/openflight_sessions/trackman/camera/camera_20260809_104056_141_004/trigger.pgm,-0.45285495835852885,0.7393319478572664,-3.0826430663238327,-2.060811715395209
matched,-709.3050479888916,5,2,22,9cfd4507-fd93-f111-9ed5-c6cbf142edef,8a20ed21-fd62-4baa-ae09-4985371cad40,2026-08-09T14:41:21.483606+00:00,2026-08-09T10:41:21.483606-04:00,9Iron,Premium,106.25671080887604,79.86757337151029,19.111999999999995,-2.596,-6.439,3.296,-3.847,-7.143,5226.129999999999,-12.558,151.07793855698253,20260809_103715,5,2026-08-09T10:41:20.774301-04:00,9-iron,105.21037274104262,81.96956975463868,13.622482602974086,-10.1744233981421,radar,0.95,0.733,3154.6308787190706,10.847,10.1,0.262,0.747,config/iwr6843_l3dump_dense_36f2ms_32bin_iq8.cfg,332036,,,/Users/john.pacino/openflight_sessions/session_20260809_103715_trackman.jsonl,/Users/john.pacino/openflight_sessions/terminal_logs/kiosk_20260809_103707.log,/Users/john.pacino/openflight_sessions/iwr6843/iwr6843_20260809_104120_777_005.l3dump,/Users/john.pacino/openflight_sessions/trackman/camera/camera_20260809_104120_777_005,/Users/john.pacino/openflight_sessions/trackman/camera/camera_20260809_104120_777_005/first.pgm;/Users/john.pacino/openflight_sessions/trackman/camera/camera_20260809_104120_777_005/frames.npz;/Users/john.pacino/openflight_sessions/trackman/camera/camera_20260809_104120_777_005/last.pgm;/Users/john.pacino/openflight_sessions/trackman/camera/camera_20260809_104120_777_005/metadata.json;/Users/john.pacino/openflight_sessions/trackman/camera/camera_20260809_104120_777_005/trigger.pgm,-1.0463380678334175,2.1019963831283945,-5.489517397025908,-7.5784233981421
matched,-705.5883407592773,6,2,1,9cfd4507-fd93-f111-9ed5-c6cbf142edef,23713f77-5c3d-45f3-96ea-0269d7781141,2026-08-09T14:41:40.44955+00:00,2026-08-09T10:41:40.449550-04:00,9Iron,Premium,104.88323192555468,79.63716893342868,23.24800000000001,4.269,-3.753,3.649,4.43,0.782,6136.569999999999,0.3090000000000027,145.67704249272307,20260809_103715,6,2026-08-09T10:41:39.743962-04:00,9-iron,104.43183502747772,79.42393094238282,20.52327539714577,1.6397136578511673,radar,0.95,0.921,5047.055461095243,10.907,10.1,0.322,0.807,config/iwr6843_l3dump_dense_36f2ms_32bin_iq8.cfg,332036,,,/Users/john.pacino/openflight_sessions/session_20260809_103715_trackman.jsonl,/Users/john.pacino/openflight_sessions/terminal_logs/kiosk_20260809_103707.log,/Users/john.pacino/openflight_sessions/iwr6843/iwr6843_20260809_104139_745_006.l3dump,/Users/john.pacino/openflight_sessions/trackman/camera/camera_20260809_104139_745_006,/Users/john.pacino/openflight_sessions/trackman/camera/camera_20260809_104139_745_006/first.pgm;/Users/john.pacino/openflight_sessions/trackman/camera/camera_20260809_104139_745_006/frames.npz;/Users/john.pacino/openflight_sessions/trackman/camera/camera_20260809_104139_745_006/last.pgm;/Users/john.pacino/openflight_sessions/trackman/camera/camera_20260809_104139_745_006/metadata.json;/Users/john.pacino/openflight_sessions/trackman/camera/camera_20260809_104139_745_006/trigger.pgm,-0.4513968980769647,-0.21323799104585817,-2.7247246028542413,-2.629286342148833
matched,-710.0586891174316,7,2,35,9cfd4507-fd93-f111-9ed5-c6cbf142edef,a5b87c76-f37c-45a9-aa94-65dbaff786cc,2026-08-09T14:42:04.704998+00:00,2026-08-09T10:42:04.704998-04:00,9Iron,Premium,102.48076234788824,80.2008768790264,21.186999999999983,2.2750000000000017,-3.897,2.089,2.323,0.234,5702.969999999993,-4.036999999999999,143.25116744315918,20260809_103715,7,2026-08-09T10:42:03.994939-04:00,9-iron,101.41661287490257,79.32210538989257,16.953549315811753,2.570107971146866,radar,0.95,0.919,3929.1305802153665,10.847,10.1,0.262,0.747,config/iwr6843_l3dump_dense_36f2ms_32bin_iq8.cfg,332036,,,/Users/john.pacino/openflight_sessions/session_20260809_103715_trackman.jsonl,/Users/john.pacino/openflight_sessions/terminal_logs/kiosk_20260809_103707.log,/Users/john.pacino/openflight_sessions/iwr6843/iwr6843_20260809_104204_001_007.l3dump,/Users/john.pacino/openflight_sessions/trackman/camera/camera_20260809_104204_001_007,/Users/john.pacino/openflight_sessions/trackman/camera/camera_20260809_104204_001_007/first.pgm;/Users/john.pacino/openflight_sessions/trackman/camera/camera_20260809_104204_001_007/frames.npz;/Users/john.pacino/openflight_sessions/trackman/camera/camera_20260809_104204_001_007/last.pgm;/Users/john.pacino/openflight_sessions/trackman/camera/camera_20260809_104204_001_007/metadata.json;/Users/john.pacino/openflight_sessions/trackman/camera/camera_20260809_104204_001_007/trigger.pgm,-1.064149472985676,-0.8787714891338254,-4.233450684188231,0.2951079711468645
matched,-708.4641456604004,8,2,41,9cfd4507-fd93-f111-9ed5-c6cbf142edef,d93f6fe6-ae21-4c75-8167-6feebaa505ef,2026-08-09T14:42:29.936652+00:00,2026-08-09T10:42:29.936652-04:00,9Iron,Premium,106.8673944166069,81.67054402290613,21.837999999999997,3.904000000000001,-6.486,1.024,4.659,3.635,6736.239999999998,3.2780000000000027,147.19598020774532,20260809_103715,8,2026-08-09T10:42:29.228188-04:00,9-iron,106.04023321295858,81.1549653347168,19.398418054810328,3.65164927596449,radar,0.95,0.911,4802.83102888424,10.847,10.1,0.262,0.747,config/iwr6843_l3dump_dense_36f2ms_32bin_iq8.cfg,332036,,,/Users/john.pacino/openflight_sessions/session_20260809_103715_trackman.jsonl,/Users/john.pacino/openflight_sessions/terminal_logs/kiosk_20260809_103707.log,/Users/john.pacino/openflight_sessions/iwr6843/iwr6843_20260809_104229_232_008.l3dump,/Users/john.pacino/openflight_sessions/trackman/camera/camera_20260809_104229_232_008,/Users/john.pacino/openflight_sessions/trackman/camera/camera_20260809_104229_232_008/first.pgm;/Users/john.pacino/openflight_sessions/trackman/camera/camera_20260809_104229_232_008/frames.npz;/Users/john.pacino/openflight_sessions/trackman/camera/camera_20260809_104229_232_008/last.pgm;/Users/john.pacino/openflight_sessions/trackman/camera/camera_20260809_104229_232_008/metadata.json;/Users/john.pacino/openflight_sessions/trackman/camera/camera_20260809_104229_232_008/trigger.pgm,-0.8271612036483162,-0.5155786881893221,-2.439581945189669,-0.25235072403551095
matched,-709.4204425811768,9,2,15,9cfd4507-fd93-f111-9ed5-c6cbf142edef,86c04443-1a2e-4a64-a92b-355418491d78,2026-08-09T14:42:51.383616+00:00,2026-08-09T10:42:51.383616-04:00,9Iron,Premium,101.11623120973505,,19.82799999999998,-1.1899999999999882,,1.878,-1.611,-3.489,3062.129999999997,-27.78599999999999,144.24104644137404,20260809_103715,9,2026-08-09T10:42:50.674196-04:00,9-iron,100.39405288497474,82.88599972705079,15.06524953526808,-3.569803346028225,radar,0.95,0.823,3388.1476240920833,10.79,10.1,0.205,0.69,config/iwr6843_l3dump_dense_36f2ms_32bin_iq8.cfg,332036,,,/Users/john.pacino/openflight_sessions/session_20260809_103715_trackman.jsonl,/Users/john.pacino/openflight_sessions/terminal_logs/kiosk_20260809_103707.log,/Users/john.pacino/openflight_sessions/iwr6843/iwr6843_20260809_104250_675_009.l3dump,/Users/john.pacino/openflight_sessions/trackman/camera/camera_20260809_104250_675_009,/Users/john.pacino/openflight_sessions/trackman/camera/camera_20260809_104250_675_009/first.pgm;/Users/john.pacino/openflight_sessions/trackman/camera/camera_20260809_104250_675_009/frames.npz;/Users/john.pacino/openflight_sessions/trackman/camera/camera_20260809_104250_675_009/last.pgm;/Users/john.pacino/openflight_sessions/trackman/camera/camera_20260809_104250_675_009/metadata.json;/Users/john.pacino/openflight_sessions/trackman/camera/camera_20260809_104250_675_009/trigger.pgm,-0.7221783247603071,,-4.7627504647319014,-2.379803346028237
matched,-707.9176902770996,10,2,49,9cfd4507-fd93-f111-9ed5-c6cbf142edef,462e309d-79d1-4388-b92e-79a863152c33,2026-08-09T14:43:11.435318+00:00,2026-08-09T10:43:11.435318-04:00,9Iron,Premium,83.24087329992834,,16.92099999999999,23.772,,1.276,32.769,31.493,8967.589999999998,56.04000000000002,80.50987668993588,20260809_103715,10,2026-08-09T10:43:10.727400-04:00,9-iron,83.92126034944832,75.86003660522462,28.4829714218595,16.24925450951439,radar,0.69,0.289,5867.201844345608,10.846,10.1,0.261,0.746,config/iwr6843_l3dump_dense_36f2ms_32bin_iq8.cfg,332036,,,/Users/john.pacino/openflight_sessions/session_20260809_103715_trackman.jsonl,/Users/john.pacino/openflight_sessions/terminal_logs/kiosk_20260809_103707.log,/Users/john.pacino/openflight_sessions/iwr6843/iwr6843_20260809_104310_730_010.l3dump,/Users/john.pacino/openflight_sessions/trackman/camera/camera_20260809_104310_730_010,/Users/john.pacino/openflight_sessions/trackman/camera/camera_20260809_104310_730_010/first.pgm;/Users/john.pacino/openflight_sessions/trackman/camera/camera_20260809_104310_730_010/frames.npz;/Users/john.pacino/openflight_sessions/trackman/camera/camera_20260809_104310_730_010/last.pgm;/Users/john.pacino/openflight_sessions/trackman/camera/camera_20260809_104310_730_010/metadata.json;/Users/john.pacino/openflight_sessions/trackman/camera/camera_20260809_104310_730_010/trigger.pgm,0.6803870495199789,,11.56197142185951,-7.522745490485608
matched,-696.922779083252,11,2,40,9cfd4507-fd93-f111-9ed5-c6cbf142edef,67ee4cbb-4a8a-4810-bc1f-6f210d0feb21,2026-08-09T14:43:35.623749+00:00,2026-08-09T10:43:35.623749-04:00,9Iron,Premium,106.46474588403711,81.78686471009296,20.986999999999995,0.46800000000000014,,0.749,0.405,-0.343,6334.299999999999,-0.11599999999999992,148.2178721947055,20260809_103715,11,2026-08-09T10:43:34.926826-04:00,9-iron,105.23802570515836,83.08965083203127,14.764877060414333,1.725475474358847,radar,0.95,0.903,3468.721152249194,10.818,10.1,0.233,0.718,config/iwr6843_l3dump_dense_36f2ms_32bin_iq8.cfg,332036,,,/Users/john.pacino/openflight_sessions/session_20260809_103715_trackman.jsonl,/Users/john.pacino/openflight_sessions/terminal_logs/kiosk_20260809_103707.log,/Users/john.pacino/openflight_sessions/iwr6843/iwr6843_20260809_104334_921_011.l3dump,/Users/john.pacino/openflight_sessions/trackman/camera/camera_20260809_104334_921_011,/Users/john.pacino/openflight_sessions/trackman/camera/camera_20260809_104334_921_011/first.pgm;/Users/john.pacino/openflight_sessions/trackman/camera/camera_20260809_104334_921_011/frames.npz;/Users/john.pacino/openflight_sessions/trackman/camera/camera_20260809_104334_921_011/last.pgm;/Users/john.pacino/openflight_sessions/trackman/camera/camera_20260809_104334_921_011/metadata.json;/Users/john.pacino/openflight_sessions/trackman/camera/camera_20260809_104334_921_011/trigger.pgm,-1.2267201788787503,1.3027861219383112,-6.222122939585661,1.2574754743588468
trackman_only,,12,2,83,9cfd4507-fd93-f111-9ed5-c6cbf142edef,8486b470-2bbf-4109-a5da-f0b9b5bda245,2026-08-09T14:52:06.941884+00:00,2026-08-09T10:52:06.941884-04:00,9Iron,Premium,95.90864352183239,76.2907122405153,21.08400000000001,3.274000000000001,-4.868,1.832,3.713,1.881,6462.930000000001,3.3080000000000025,128.54593635188388,,,,,,,,,,,,,,,,,,,,,,,,,,,,,
matched,-691.0107135772705,13,2,17,9cfd4507-fd93-f111-9ed5-c6cbf142edef,269d4c40-ae9f-4851-9f02-3be2ada5c27f,2026-08-09T14:53:00.341706+00:00,2026-08-09T10:53:00.341706-04:00,9Iron,Premium,100.99319971367206,78.5276485325697,18.199,-0.3720000000000001,,3.424,-1.391,-4.815,6345.530000000002,-0.27700000000000014,137.43563888646548,20260809_105136,1,2026-08-09T10:52:59.650695-04:00,9-iron,100.12145460819843,79.52575649487306,13.575865231677948,-6.548277828169521,radar,0.95,0.874,2989.952733569433,10.847,10.1,0.262,0.747,config/iwr6843_l3dump_dense_36f2ms_32bin_iq8.cfg,332036,,,/Users/john.pacino/openflight_sessions/session_20260809_105136_trackman.jsonl,/Users/john.pacino/openflight_sessions/terminal_logs/kiosk_20260809_105128.log,/Users/john.pacino/openflight_sessions/iwr6843/iwr6843_20260809_105259_654_003.l3dump,/Users/john.pacino/openflight_sessions/trackman/camera/camera_20260809_105259_654_003,/Users/john.pacino/openflight_sessions/trackman/camera/camera_20260809_105259_654_003/first.pgm;/Users/john.pacino/openflight_sessions/trackman/camera/camera_20260809_105259_654_003/frames.npz;/Users/john.pacino/openflight_sessions/trackman/camera/camera_20260809_105259_654_003/last.pgm;/Users/john.pacino/openflight_sessions/trackman/camera/camera_20260809_105259_654_003/metadata.json;/Users/john.pacino/openflight_sessions/trackman/camera/camera_20260809_105259_654_003/trigger.pgm,-0.8717451054736216,0.9981079623033651,-4.623134768322053,-6.176277828169521
matched,-695.0547695159912,14,2,56,9cfd4507-fd93-f111-9ed5-c6cbf142edef,4d35799a-2979-4d54-9d5b-933574e10c5f,2026-08-09T14:53:18.359519+00:00,2026-08-09T10:53:18.359519-04:00,9Iron,Premium,105.33285612025757,82.45347172512517,23.280999999999988,2.9379999999999997,-3.228,0.836,3.512,2.676,6382.559999999997,2.5149999999999975,145.44118587511227,20260809_105136,2,2026-08-09T10:53:17.664464-04:00,9-iron,104.6560146344629,82.47869751708986,19.745233186379068,0.678604361708343,radar,0.95,0.923,4837.9786748891,10.906,10.1,0.321,0.806,config/iwr6843_l3dump_dense_36f2ms_32bin_iq8.cfg,332036,,,/Users/john.pacino/openflight_sessions/session_20260809_105136_trackman.jsonl,/Users/john.pacino/openflight_sessions/terminal_logs/kiosk_20260809_105128.log,/Users/john.pacino/openflight_sessions/iwr6843/iwr6843_20260809_105317_669_004.l3dump,/Users/john.pacino/openflight_sessions/trackman/camera/camera_20260809_105317_669_004,/Users/john.pacino/openflight_sessions/trackman/camera/camera_20260809_105317_669_004/first.pgm;/Users/john.pacino/openflight_sessions/trackman/camera/camera_20260809_105317_669_004/frames.npz;/Users/john.pacino/openflight_sessions/trackman/camera/camera_20260809_105317_669_004/last.pgm;/Users/john.pacino/openflight_sessions/trackman/camera/camera_20260809_105317_669_004/metadata.json;/Users/john.pacino/openflight_sessions/trackman/camera/camera_20260809_105317_669_004/trigger.pgm,-0.6768414857946681,0.02522579196468655,-3.5357668136209206,-2.2593956382916565
matched,-684.8382949829102,15,2,57,9cfd4507-fd93-f111-9ed5-c6cbf142edef,dcc4503b-9c49-4b5b-981e-93d718306e80,2026-08-09T14:57:23.68618+00:00,2026-08-09T10:57:23.686180-04:00,9Iron,Premium,108.74642090193261,81.69962419470285,21.110999999999994,-0.965999999999999,-5.446,2.622,-1.903,-4.525,6513.6500000000015,-6.194000000000003,151.32697155100388,20260809_105706,1,2026-08-09T10:57:23.001342-04:00,9-iron,107.75231188510291,81.25679088720705,18.30405897283116,-1.4629622421242936,radar,0.95,0.93,4563.417428261843,10.905,10.1,0.32,0.805,config/iwr6843_l3dump_dense_36f2ms_32bin_iq8.cfg,332036,,,/Users/john.pacino/openflight_sessions/session_20260809_105706_trackman.jsonl,/Users/john.pacino/openflight_sessions/terminal_logs/kiosk_20260809_105655.log,/Users/john.pacino/openflight_sessions/iwr6843/iwr6843_20260809_105723_005_001.l3dump,/Users/john.pacino/openflight_sessions/trackman/camera/camera_20260809_105723_005_001,/Users/john.pacino/openflight_sessions/trackman/camera/camera_20260809_105723_005_001/first.pgm;/Users/john.pacino/openflight_sessions/trackman/camera/camera_20260809_105723_005_001/frames.npz;/Users/john.pacino/openflight_sessions/trackman/camera/camera_20260809_105723_005_001/last.pgm;/Users/john.pacino/openflight_sessions/trackman/camera/camera_20260809_105723_005_001/metadata.json;/Users/john.pacino/openflight_sessions/trackman/camera/camera_20260809_105723_005_001/trigger.pgm,-0.9941090168296967,-0.4428333074958033,-2.8069410271688326,-0.49696224212429463
matched,-681.9822788238525,16,2,54,9cfd4507-fd93-f111-9ed5-c6cbf142edef,cf1faeef-5f25-4eba-b4d0-86015e78045f,2026-08-09T14:57:46.057773+00:00,2026-08-09T10:57:46.057773-04:00,9Iron,Premium,102.183249821045,80.25903722261981,20.846,4.222000000000001,-4.551,2.614,4.762,2.148,7423.379999999998,3.362000000000002,137.30690096676986,20260809_105706,2,2026-08-09T10:57:45.375791-04:00,9-iron,101.4756922822653,79.83123315234374,18.43979505938553,4.348228783739771,radar,0.95,0.91,4334.541520119954,10.993,10.1,0.408,0.893,config/iwr6843_l3dump_dense_36f2ms_32bin_iq8.cfg,332036,,,/Users/john.pacino/openflight_sessions/session_20260809_105706_trackman.jsonl,/Users/john.pacino/openflight_sessions/terminal_logs/kiosk_20260809_105655.log,/Users/john.pacino/openflight_sessions/iwr6843/iwr6843_20260809_105745_377_002.l3dump,/Users/john.pacino/openflight_sessions/trackman/camera/camera_20260809_105745_377_002,/Users/john.pacino/openflight_sessions/trackman/camera/camera_20260809_105745_377_002/first.pgm;/Users/john.pacino/openflight_sessions/trackman/camera/camera_20260809_105745_377_002/frames.npz;/Users/john.pacino/openflight_sessions/trackman/camera/camera_20260809_105745_377_002/last.pgm;/Users/john.pacino/openflight_sessions/trackman/camera/camera_20260809_105745_377_002/metadata.json;/Users/john.pacino/openflight_sessions/trackman/camera/camera_20260809_105745_377_002/trigger.pgm,-0.707557538779696,-0.4278040702760677,-2.4062049406144688,0.1262287837397693
matched,-676.9804954528809,17,2,34,9cfd4507-fd93-f111-9ed5-c6cbf142edef,d74e6247-3711-4d8a-a707-5f2396cada76,2026-08-09T14:58:07.59222+00:00,2026-08-09T10:58:07.592220-04:00,9Iron,Premium,100.56818181818169,80.6862920544022,21.75000000000001,2.4450000000000016,-7.625,0.938,2.889,1.951,7299.740000000007,6.803000000000002,134.69922578485998,20260809_105706,3,2026-08-09T10:58:06.915240-04:00,9-iron,99.74422309395194,79.83123315234374,17.442763138504098,1.0455456646872796,radar,0.95,0.932,3994.411181288923,10.935,10.1,0.35,0.835,config/iwr6843_l3dump_dense_36f2ms_32bin_iq8.cfg,332036,,,/Users/john.pacino/openflight_sessions/session_20260809_105706_trackman.jsonl,/Users/john.pacino/openflight_sessions/terminal_logs/kiosk_20260809_105655.log,/Users/john.pacino/openflight_sessions/iwr6843/iwr6843_20260809_105806_912_003.l3dump,/Users/john.pacino/openflight_sessions/trackman/camera/camera_20260809_105806_912_003,/Users/john.pacino/openflight_sessions/trackman/camera/camera_20260809_105806_912_003/first.pgm;/Users/john.pacino/openflight_sessions/trackman/camera/camera_20260809_105806_912_003/frames.npz;/Users/john.pacino/openflight_sessions/trackman/camera/camera_20260809_105806_912_003/last.pgm;/Users/john.pacino/openflight_sessions/trackman/camera/camera_20260809_105806_912_003/metadata.json;/Users/john.pacino/openflight_sessions/trackman/camera/camera_20260809_105806_912_003/trigger.pgm,-0.8239587242297404,-0.8550589020584596,-4.3072368614959124,-1.399454335312722
matched,-733.8027954101562,18,2,69,9cfd4507-fd93-f111-9ed5-c6cbf142edef,f6200490-0c90-4888-b859-b613e16feb14,2026-08-09T15:02:04.212401+00:00,2026-08-09T11:02:04.212401-04:00,9Iron,Premium,100.6777916964924,79.66177523264129,11.933999999999989,-2.7810000000000006,-6.412,0.756,-3.899,-4.655,5568.629999999994,-0.08700000000000019,129.75379077735224,20260809_105706,4,2026-08-09T11:02:03.478598-04:00,9-iron,100.9648736616812,79.22027983740236,12.963266138084764,-7.237131474238169,radar,0.69,0.881,2855.456118248397,10.817,10.1,0.232,0.717,config/iwr6843_l3dump_dense_36f2ms_32bin_iq8.cfg,332036,,,/Users/john.pacino/openflight_sessions/session_20260809_105706_trackman.jsonl,/Users/john.pacino/openflight_sessions/terminal_logs/kiosk_20260809_105655.log,/Users/john.pacino/openflight_sessions/iwr6843/iwr6843_20260809_110203_483_004.l3dump,/Users/john.pacino/openflight_sessions/trackman/camera/camera_20260809_110203_483_004,/Users/john.pacino/openflight_sessions/trackman/camera/camera_20260809_110203_483_004/first.pgm;/Users/john.pacino/openflight_sessions/trackman/camera/camera_20260809_110203_483_004/frames.npz;/Users/john.pacino/openflight_sessions/trackman/camera/camera_20260809_110203_483_004/last.pgm;/Users/john.pacino/openflight_sessions/trackman/camera/camera_20260809_110203_483_004/metadata.json;/Users/john.pacino/openflight_sessions/trackman/camera/camera_20260809_110203_483_004/trigger.pgm,0.2870819651887899,-0.4414953952389311,1.0292661380847754,-4.456131474238169
matched,-739.032506942749,19,2,31,9cfd4507-fd93-f111-9ed5-c6cbf142edef,bb8eb7fa-4a97-4f26-b3db-58a9c761d399,2026-08-09T15:02:17.524248+00:00,2026-08-09T11:02:17.524248-04:00,9Iron,Premium,105.33061918396554,81.2902648532569,21.618000000000006,1.2840000000000005,-4.771,-0.416,1.713,2.129,6006.919999999999,0.5369999999999997,147.3906566443018,20260809_105706,5,2026-08-09T11:02:16.785215-04:00,9-iron,104.4950063146116,80.95131422973634,19.17187066016805,-1.0803687053044675,radar,0.95,0.949,4669.09749850034,10.789,10.1,0.204,0.689,config/iwr6843_l3dump_dense_36f2ms_32bin_iq8.cfg,332036,,,/Users/john.pacino/openflight_sessions/session_20260809_105706_trackman.jsonl,/Users/john.pacino/openflight_sessions/terminal_logs/kiosk_20260809_105655.log,/Users/john.pacino/openflight_sessions/iwr6843/iwr6843_20260809_110216_790_005.l3dump,/Users/john.pacino/openflight_sessions/trackman/camera/camera_20260809_110216_790_005,/Users/john.pacino/openflight_sessions/trackman/camera/camera_20260809_110216_790_005/first.pgm;/Users/john.pacino/openflight_sessions/trackman/camera/camera_20260809_110216_790_005/frames.npz;/Users/john.pacino/openflight_sessions/trackman/camera/camera_20260809_110216_790_005/last.pgm;/Users/john.pacino/openflight_sessions/trackman/camera/camera_20260809_110216_790_005/metadata.json;/Users/john.pacino/openflight_sessions/trackman/camera/camera_20260809_110216_790_005/trigger.pgm,-0.8356128693539375,-0.33895062352056016,-2.4461293398319555,-2.364368705304468
matched,-736.6447448730469,20,2,36,9cfd4507-fd93-f111-9ed5-c6cbf142edef,dc91658b-66e0-41b0-8c21-6ab73a389fb5,2026-08-09T15:02:39.692169+00:00,2026-08-09T11:02:39.692169-04:00,9Iron,Premium,88.18897637795266,,15.913999999999985,-1.7059999999999977,,3.844,-2.971,-6.815,4881.27,-16.169000000000008,108.32085268493947,20260809_105706,6,2026-08-09T11:02:38.955524-04:00,9-iron,88.94800752539993,69.03772458837891,13.711877133639462,-4.618917256281991,radar,0.95,0.932,2687.633815371976,10.876,10.1,0.291,0.776,config/iwr6843_l3dump_dense_36f2ms_32bin_iq8.cfg,332036,,,/Users/john.pacino/openflight_sessions/session_20260809_105706_trackman.jsonl,/Users/john.pacino/openflight_sessions/terminal_logs/kiosk_20260809_105655.log,/Users/john.pacino/openflight_sessions/iwr6843/iwr6843_20260809_110238_956_006.l3dump,/Users/john.pacino/openflight_sessions/trackman/camera/camera_20260809_110238_956_006,/Users/john.pacino/openflight_sessions/trackman/camera/camera_20260809_110238_956_006/first.pgm;/Users/john.pacino/openflight_sessions/trackman/camera/camera_20260809_110238_956_006/frames.npz;/Users/john.pacino/openflight_sessions/trackman/camera/camera_20260809_110238_956_006/last.pgm;/Users/john.pacino/openflight_sessions/trackman/camera/camera_20260809_110238_956_006/metadata.json;/Users/john.pacino/openflight_sessions/trackman/camera/camera_20260809_110238_956_006/trigger.pgm,0.7590311474472742,,-2.202122866360524,-2.912917256281993
matched,-744.9936866760254,21,2,4,9cfd4507-fd93-f111-9ed5-c6cbf142edef,604bba13-9f06-4564-95cd-0e7a735b0f00,2026-08-09T15:02:52.567331+00:00,2026-08-09T11:02:52.567331-04:00,9Iron,Premium,108.7419470293485,82.03069076592689,21.541000000000007,2.0909999999999997,-5.514,3.792,1.69,-2.102,5946.47,-2.057,153.69155253480557,20260809_105706,7,2026-08-09T11:02:51.822337-04:00,9-iron,107.89298959623004,81.76591864965822,18.676596964127405,2.7760753478714797,radar,0.95,0.898,4677.245491450448,10.847,10.1,0.262,0.747,config/iwr6843_l3dump_dense_36f2ms_32bin_iq8.cfg,332036,,,/Users/john.pacino/openflight_sessions/session_20260809_105706_trackman.jsonl,/Users/john.pacino/openflight_sessions/terminal_logs/kiosk_20260809_105655.log,/Users/john.pacino/openflight_sessions/iwr6843/iwr6843_20260809_110251_829_007.l3dump,/Users/john.pacino/openflight_sessions/trackman/camera/camera_20260809_110251_829_007,/Users/john.pacino/openflight_sessions/trackman/camera/camera_20260809_110251_829_007/first.pgm;/Users/john.pacino/openflight_sessions/trackman/camera/camera_20260809_110251_829_007/frames.npz;/Users/john.pacino/openflight_sessions/trackman/camera/camera_20260809_110251_829_007/last.pgm;/Users/john.pacino/openflight_sessions/trackman/camera/camera_20260809_110251_829_007/metadata.json;/Users/john.pacino/openflight_sessions/trackman/camera/camera_20260809_110251_829_007/trigger.pgm,-0.8489574331184571,-0.2647721162686736,-2.864403035872602,0.68507534787148
matched,-747.1175193786621,22,2,11,9cfd4507-fd93-f111-9ed5-c6cbf142edef,c82308ca-be07-44a4-8a37-2671a4e5b8ba,2026-08-09T15:03:12.837689+00:00,2026-08-09T11:03:12.837689-04:00,9Iron,Premium,101.44953471725115,75.89701145311373,19.436999999999987,-1.0409999999999977,-6.357,2.444,-1.715,-4.159,4509.789999999995,-10.053999999999998,144.27603500322425,20260809_105706,8,2026-08-09T11:03:12.090571-04:00,9-iron,100.5442769416439,81.25679088720705,13.717000573773968,-3.467155267079547,radar,0.95,0.837,3039.3603091682444,10.847,10.1,0.262,0.747,config/iwr6843_l3dump_dense_36f2ms_32bin_iq8.cfg,332036,,,/Users/john.pacino/openflight_sessions/session_20260809_105706_trackman.jsonl,/Users/john.pacino/openflight_sessions/terminal_logs/kiosk_20260809_105655.log,/Users/john.pacino/openflight_sessions/iwr6843/iwr6843_20260809_110312_094_008.l3dump,/Users/john.pacino/openflight_sessions/trackman/camera/camera_20260809_110312_094_008,/Users/john.pacino/openflight_sessions/trackman/camera/camera_20260809_110312_094_008/first.pgm;/Users/john.pacino/openflight_sessions/trackman/camera/camera_20260809_110312_094_008/frames.npz;/Users/john.pacino/openflight_sessions/trackman/camera/camera_20260809_110312_094_008/last.pgm;/Users/john.pacino/openflight_sessions/trackman/camera/camera_20260809_110312_094_008/metadata.json;/Users/john.pacino/openflight_sessions/trackman/camera/camera_20260809_110312_094_008/trigger.pgm,-0.9052577756072537,5.359779434093312,-5.719999426226019,-2.426155267079549
matched,-742.34938621521,23,2,52,9cfd4507-fd93-f111-9ed5-c6cbf142edef,ca9f4b3f-16e0-43a6-bd25-81014cf66f5b,2026-08-09T15:03:25.055929+00:00,2026-08-09T11:03:25.055929-04:00,9Iron,Premium,110.57623478883309,81.23434144595552,19.85000000000001,-2.647000000000001,-3.97,-0.429,-3.191,-2.762,5686.700000000001,-7.701999999999999,158.11275252573853,20260809_105706,9,2026-08-09T11:03:24.313580-04:00,9-iron,109.1923634629203,82.27504641210939,14.686665743729792,-5.601165077527371,radar,0.95,0.87,3576.6976559713457,10.876,10.1,0.291,0.776,config/iwr6843_l3dump_dense_36f2ms_32bin_iq8.cfg,332036,,,/Users/john.pacino/openflight_sessions/session_20260809_105706_trackman.jsonl,/Users/john.pacino/openflight_sessions/terminal_logs/kiosk_20260809_105655.log,/Users/john.pacino/openflight_sessions/iwr6843/iwr6843_20260809_110324_313_009.l3dump,/Users/john.pacino/openflight_sessions/trackman/camera/camera_20260809_110324_313_009,/Users/john.pacino/openflight_sessions/trackman/camera/camera_20260809_110324_313_009/first.pgm;/Users/john.pacino/openflight_sessions/trackman/camera/camera_20260809_110324_313_009/frames.npz;/Users/john.pacino/openflight_sessions/trackman/camera/camera_20260809_110324_313_009/last.pgm;/Users/john.pacino/openflight_sessions/trackman/camera/camera_20260809_110324_313_009/metadata.json;/Users/john.pacino/openflight_sessions/trackman/camera/camera_20260809_110324_313_009/trigger.pgm,-1.3838713259127928,1.0407049661538679,-5.1633342562702165,-2.95416507752737
matched,-742.9046630859375,24,2,62,9cfd4507-fd93-f111-9ed5-c6cbf142edef,ce260909-dd41-4293-9841-a370eb43484c,2026-08-09T15:03:39.403318+00:00,2026-08-09T11:03:39.403318-04:00,9Iron,Premium,109.51592698639931,82.70400858983527,21.001999999999992,5.447000000000001,-5.793,4.398,5.708,1.31,6255.49,-0.17699999999999783,153.84355849599874,20260809_105706,10,2026-08-09T11:03:38.660413-04:00,9-iron,108.39414415587746,81.25679088720705,15.749863321753772,2.403583663924608,radar,0.95,0.767,3853.539488028334,10.848,10.1,0.263,0.748,config/iwr6843_l3dump_dense_36f2ms_32bin_iq8.cfg,332036,,,/Users/john.pacino/openflight_sessions/session_20260809_105706_trackman.jsonl,/Users/john.pacino/openflight_sessions/terminal_logs/kiosk_20260809_105655.log,/Users/john.pacino/openflight_sessions/iwr6843/iwr6843_20260809_110338_659_010.l3dump,/Users/john.pacino/openflight_sessions/trackman/camera/camera_20260809_110338_659_010,/Users/john.pacino/openflight_sessions/trackman/camera/camera_20260809_110338_659_010/first.pgm;/Users/john.pacino/openflight_sessions/trackman/camera/camera_20260809_110338_659_010/frames.npz;/Users/john.pacino/openflight_sessions/trackman/camera/camera_20260809_110338_659_010/last.pgm;/Users/john.pacino/openflight_sessions/trackman/camera/camera_20260809_110338_659_010/metadata.json;/Users/john.pacino/openflight_sessions/trackman/camera/camera_20260809_110338_659_010/trigger.pgm,-1.1217828305218518,-1.4472177026282225,-5.25213667824622,-3.043416336075393
matched,-746.3572025299072,25,2,30,9cfd4507-fd93-f111-9ed5-c6cbf142edef,10aa8c38-a4b8-45c4-a5e1-57d024da1881,2026-08-09T15:03:57.071181+00:00,2026-08-09T11:03:57.071181-04:00,9Iron,Premium,109.07077666428049,83.7173407301359,18.271999999999995,0.8150000000000001,,-0.094,1.031,1.125,6181.570000000002,-1.251,153.31831970043183,20260809_105706,11,2026-08-09T11:03:56.324824-04:00,9-iron,107.90736217254677,80.54401201977541,13.198076547858893,0.001979039456073704,radar,0.95,0.869,3117.084709775145,10.789,10.1,0.204,0.689,config/iwr6843_l3dump_dense_36f2ms_32bin_iq8.cfg,332036,,,/Users/john.pacino/openflight_sessions/session_20260809_105706_trackman.jsonl,/Users/john.pacino/openflight_sessions/terminal_logs/kiosk_20260809_105655.log,/Users/john.pacino/openflight_sessions/iwr6843/iwr6843_20260809_110356_324_011.l3dump,/Users/john.pacino/openflight_sessions/trackman/camera/camera_20260809_110356_324_011,/Users/john.pacino/openflight_sessions/trackman/camera/camera_20260809_110356_324_011/first.pgm;/Users/john.pacino/openflight_sessions/trackman/camera/camera_20260809_110356_324_011/frames.npz;/Users/john.pacino/openflight_sessions/trackman/camera/camera_20260809_110356_324_011/last.pgm;/Users/john.pacino/openflight_sessions/trackman/camera/camera_20260809_110356_324_011/metadata.json;/Users/john.pacino/openflight_sessions/trackman/camera/camera_20260809_110356_324_011/trigger.pgm,-1.1634144917337181,-3.1733287103604937,-5.073923452141102,-0.8130209605439264
matched,-752.9211044311523,26,2,68,9cfd4507-fd93-f111-9ed5-c6cbf142edef,f3343351-a591-4703-8d09-b1a7e3a50e1c,2026-08-09T15:04:17.048258+00:00,2026-08-09T11:04:17.048258-04:00,9Iron,Premium,113.20239799570494,83.13350035790972,17.694000000000003,2.508,-6.579,5.106,1.861,-3.246,6136.540000000004,-2.8880000000000017,160.91518141133236,20260809_105706,12,2026-08-09T11:04:16.295337-04:00,9-iron,112.08049977350836,79.933058704834,14.155754048020945,0.4239587748193244,radar,0.95,0.878,3515.9173578895256,10.848,10.1,0.263,0.748,config/iwr6843_l3dump_dense_36f2ms_32bin_iq8.cfg,332036,,,/Users/john.pacino/openflight_sessions/session_20260809_105706_trackman.jsonl,/Users/john.pacino/openflight_sessions/terminal_logs/kiosk_20260809_105655.log,/Users/john.pacino/openflight_sessions/iwr6843/iwr6843_20260809_110416_300_012.l3dump,/Users/john.pacino/openflight_sessions/trackman/camera/camera_20260809_110416_300_012,/Users/john.pacino/openflight_sessions/trackman/camera/camera_20260809_110416_300_012/first.pgm;/Users/john.pacino/openflight_sessions/trackman/camera/camera_20260809_110416_300_012/frames.npz;/Users/john.pacino/openflight_sessions/trackman/camera/camera_20260809_110416_300_012/last.pgm;/Users/john.pacino/openflight_sessions/trackman/camera/camera_20260809_110416_300_012/metadata.json;/Users/john.pacino/openflight_sessions/trackman/camera/camera_20260809_110416_300_012/trigger.pgm,-1.1218982221965774,-3.2004416530757283,-3.5382459519790572,-2.0840412251806755
matched,-748.2218742370605,27,2,84,9cfd4507-fd93-f111-9ed5-c6cbf142edef,16939b44-4535-4ba9-a84a-f25796e971d3,2026-08-09T15:04:31.701336+00:00,2026-08-09T11:04:31.701336-04:00,9Iron,Premium,101.4070329277021,82.54294917680735,15.733000000000004,3.651,,3.988,3.551,-0.437,7072.949999999999,6.739000000000001,134.42872904616593,20260809_105706,13,2026-08-09T11:04:30.953114-04:00,9-iron,100.89220550629915,79.933058704834,14.087828977526023,4.452455491726453,radar,0.895,0.928,3147.0993756235193,10.818,10.1,0.233,0.718,config/iwr6843_l3dump_dense_36f2ms_32bin_iq8.cfg,332036,,,/Users/john.pacino/openflight_sessions/session_20260809_105706_trackman.jsonl,/Users/john.pacino/openflight_sessions/terminal_logs/kiosk_20260809_105655.log,/Users/john.pacino/openflight_sessions/iwr6843/iwr6843_20260809_110430_952_013.l3dump,/Users/john.pacino/openflight_sessions/trackman/camera/camera_20260809_110430_952_013,/Users/john.pacino/openflight_sessions/trackman/camera/camera_20260809_110430_952_013/first.pgm;/Users/john.pacino/openflight_sessions/trackman/camera/camera_20260809_110430_952_013/frames.npz;/Users/john.pacino/openflight_sessions/trackman/camera/camera_20260809_110430_952_013/last.pgm;/Users/john.pacino/openflight_sessions/trackman/camera/camera_20260809_110430_952_013/metadata.json;/Users/john.pacino/openflight_sessions/trackman/camera/camera_20260809_110430_952_013/trigger.pgm,-0.5148274214029556,-2.609890471973358,-1.6451710224739813,0.8014554917264531
matched,-749.7568130493164,28,2,76,9cfd4507-fd93-f111-9ed5-c6cbf142edef,4136c5c4-17d1-46cf-9b42-d1f746637067,2026-08-09T15:04:52.65728+00:00,2026-08-09T11:04:52.657280-04:00,9Iron,Premium,111.31889763779517,80.43351825340005,3.7129999999999934,0.6829999999999999,,3.609,-0.215,-3.824,4948.069999999993,4.295000000000002,119.97947866681096,20260809_105706,14,2026-08-09T11:04:51.907523-04:00,9-iron,112.58352062885588,84.31155746191408,11.411355048045374,-15.512513951078368,radar,0.69,0.626,2738.6166994521795,10.76,10.1,0.175,0.66,config/iwr6843_l3dump_dense_36f2ms_32bin_iq8.cfg,332036,,,/Users/john.pacino/openflight_sessions/session_20260809_105706_trackman.jsonl,/Users/john.pacino/openflight_sessions/terminal_logs/kiosk_20260809_105655.log,/Users/john.pacino/openflight_sessions/iwr6843/iwr6843_20260809_110451_906_014.l3dump,/Users/john.pacino/openflight_sessions/trackman/camera/camera_20260809_110451_906_014,/Users/john.pacino/openflight_sessions/trackman/camera/camera_20260809_110451_906_014/first.pgm;/Users/john.pacino/openflight_sessions/trackman/camera/camera_20260809_110451_906_014/frames.npz;/Users/john.pacino/openflight_sessions/trackman/camera/camera_20260809_110451_906_014/last.pgm;/Users/john.pacino/openflight_sessions/trackman/camera/camera_20260809_110451_906_014/metadata.json;/Users/john.pacino/openflight_sessions/trackman/camera/camera_20260809_110451_906_014/trigger.pgm,1.2646229910607047,3.878039208514025,7.69835504804538,-16.195513951078368
matched,-752.5088787078857,29,2,7,9cfd4507-fd93-f111-9ed5-c6cbf142edef,0fb34bfd-b9dd-474d-976e-13c5a435d97e,2026-08-09T15:05:05.639998+00:00,2026-08-09T11:05:05.639998-04:00,9Iron,Premium,108.07981388690037,83.13350035790972,22.051999999999992,3.5029999999999992,-4.815,3.032,3.62,0.588,6134.3200000000015,-1.782,151.5855126786738,20260809_105706,15,2026-08-09T11:05:04.887489-04:00,9-iron,106.72315504247265,82.17322085961915,18.165749097154013,0.9017804441716971,radar,0.95,0.897,4480.265108626201,10.847,10.1,0.262,0.747,config/iwr6843_l3dump_dense_36f2ms_32bin_iq8.cfg,332036,,,/Users/john.pacino/openflight_sessions/session_20260809_105706_trackman.jsonl,/Users/john.pacino/openflight_sessions/terminal_logs/kiosk_20260809_105655.log,/Users/john.pacino/openflight_sessions/iwr6843/iwr6843_20260809_110504_888_015.l3dump,/Users/john.pacino/openflight_sessions/trackman/camera/camera_20260809_110504_888_015,/Users/john.pacino/openflight_sessions/trackman/camera/camera_20260809_110504_888_015/first.pgm;/Users/john.pacino/openflight_sessions/trackman/camera/camera_20260809_110504_888_015/frames.npz;/Users/john.pacino/openflight_sessions/trackman/camera/camera_20260809_110504_888_015/last.pgm;/Users/john.pacino/openflight_sessions/trackman/camera/camera_20260809_110504_888_015/metadata.json;/Users/john.pacino/openflight_sessions/trackman/camera/camera_20260809_110504_888_015/trigger.pgm,-1.356658844427713,-0.9602794982905749,-3.8862509028459797,-2.601219555828302
matched,-775.3205299377441,30,2,58,9cfd4507-fd93-f111-9ed5-c6cbf142edef,c5d349b0-a5d4-4bf3-9f0e-94a0465aefe0,2026-08-09T15:13:05.648765+00:00,2026-08-09T11:13:05.648765-04:00,9Iron,Premium,99.82104509663554,76.72244094488181,19.563,-0.2869999999999992,,1.518,-0.659,-2.177,5596.020000000006,-7.5360000000000005,137.72953566354377,20260809_111239,1,2026-08-09T11:13:04.873445-04:00,9-iron,98.98984321419704,77.38741989257814,17.044794695642945,-3.4887690220692082,radar,0.95,0.887,3859.160134159986,12.084,12.0,0.349,0.084,config/iwr6843_l3dump_dense_36f2ms_32bin_iq8.cfg,332036,,,/Users/john.pacino/openflight_sessions/session_20260809_111239_trackman.jsonl,/Users/john.pacino/openflight_sessions/terminal_logs/kiosk_20260809_111227.log,/Users/john.pacino/openflight_sessions/iwr6843/iwr6843_20260809_111304_873_001.l3dump,/Users/john.pacino/openflight_sessions/trackman/camera/camera_20260809_111304_873_001,/Users/john.pacino/openflight_sessions/trackman/camera/camera_20260809_111304_873_001/first.pgm;/Users/john.pacino/openflight_sessions/trackman/camera/camera_20260809_111304_873_001/frames.npz;/Users/john.pacino/openflight_sessions/trackman/camera/camera_20260809_111304_873_001/last.pgm;/Users/john.pacino/openflight_sessions/trackman/camera/camera_20260809_111304_873_001/metadata.json;/Users/john.pacino/openflight_sessions/trackman/camera/camera_20260809_111304_873_001/trigger.pgm,-0.8312018824385063,0.6649789476963264,-2.5182053043570534,-3.201769022069209
matched,-775.2594947814941,31,2,47,9cfd4507-fd93-f111-9ed5-c6cbf142edef,c0231ee1-6b99-479f-a91c-783b2aeec6a1,2026-08-09T15:13:38.484286+00:00,2026-08-09T11:13:38.484286-04:00,9Iron,Premium,108.95445597709366,81.25447387258401,19.862000000000002,-1.975,-1.21,0.699,-2.73,-3.429,5743.660000000003,-8.804,154.79423151055957,20260809_111239,2,2026-08-09T11:13:37.709027-04:00,9-iron,108.4315836831951,81.35861643969726,18.984197017326636,-8.040283146898387,radar,0.95,0.812,4790.24119032679,12.142,12.0,0.407,0.142,config/iwr6843_l3dump_dense_36f2ms_32bin_iq8.cfg,332036,,,/Users/john.pacino/openflight_sessions/session_20260809_111239_trackman.jsonl,/Users/john.pacino/openflight_sessions/terminal_logs/kiosk_20260809_111227.log,/Users/john.pacino/openflight_sessions/iwr6843/iwr6843_20260809_111337_707_002.l3dump,/Users/john.pacino/openflight_sessions/trackman/camera/camera_20260809_111337_707_002,/Users/john.pacino/openflight_sessions/trackman/camera/camera_20260809_111337_707_002/first.pgm;/Users/john.pacino/openflight_sessions/trackman/camera/camera_20260809_111337_707_002/frames.npz;/Users/john.pacino/openflight_sessions/trackman/camera/camera_20260809_111337_707_002/last.pgm;/Users/john.pacino/openflight_sessions/trackman/camera/camera_20260809_111337_707_002/metadata.json;/Users/john.pacino/openflight_sessions/trackman/camera/camera_20260809_111337_707_002/trigger.pgm,-0.5228722938985584,0.10414256711324299,-0.8778029826733658,-6.065283146898388
matched,-786.2348556518555,32,2,19,9cfd4507-fd93-f111-9ed5-c6cbf142edef,5763d61c-cee9-4d3a-b30b-41364576a14b,2026-08-09T15:14:03.16566+00:00,2026-08-09T11:14:03.165660-04:00,9Iron,Premium,106.49829992841794,81.83607730851817,20.518999999999995,2.692000000000001,-2.242,5.066,2.106,-2.959,5250.500000000003,-6.537999999999999,152.5120200848761,20260809_111239,3,2026-08-09T11:14:02.379425-04:00,9-iron,105.90482859462304,81.1549653347168,20.056181712130236,1.0850646902839713,radar,0.95,0.868,4984.5801373162485,12.172,12.0,0.437,0.172,config/iwr6843_l3dump_dense_36f2ms_32bin_iq8.cfg,332036,,,/Users/john.pacino/openflight_sessions/session_20260809_111239_trackman.jsonl,/Users/john.pacino/openflight_sessions/terminal_logs/kiosk_20260809_111227.log,/Users/john.pacino/openflight_sessions/iwr6843/iwr6843_20260809_111402_385_003.l3dump,/Users/john.pacino/openflight_sessions/trackman/camera/camera_20260809_111402_385_003,/Users/john.pacino/openflight_sessions/trackman/camera/camera_20260809_111402_385_003/first.pgm;/Users/john.pacino/openflight_sessions/trackman/camera/camera_20260809_111402_385_003/frames.npz;/Users/john.pacino/openflight_sessions/trackman/camera/camera_20260809_111402_385_003/last.pgm;/Users/john.pacino/openflight_sessions/trackman/camera/camera_20260809_111402_385_003/metadata.json;/Users/john.pacino/openflight_sessions/trackman/camera/camera_20260809_111402_385_003/trigger.pgm,-0.5934713337948949,-0.6811119738013645,-0.46281828786975865,-1.6069353097160297
matched,-784.2388153076172,33,2,70,9cfd4507-fd93-f111-9ed5-c6cbf142edef,275e21ac-d524-4dc6-a9eb-bab37bc20e58,2026-08-09T15:14:33.550099+00:00,2026-08-09T11:14:33.550099-04:00,9Iron,Premium,96.1636542591266,78.50080529706506,16.297999999999995,8.571999999999997,,6.363,9.142,2.779,5955.329999999996,10.511000000000001,126.0931339501654,20260809_111239,4,2026-08-09T11:14:32.765860-04:00,9-iron,95.65732551391244,78.40567541748048,14.534221194367236,10.940358271937336,radar,0.93,0.399,3095.2008767482744,12.026,12.0,0.291,0.026,config/iwr6843_l3dump_dense_36f2ms_32bin_iq8.cfg,332036,,,/Users/john.pacino/openflight_sessions/session_20260809_111239_trackman.jsonl,/Users/john.pacino/openflight_sessions/terminal_logs/kiosk_20260809_111227.log,/Users/john.pacino/openflight_sessions/iwr6843/iwr6843_20260809_111432_771_004.l3dump,/Users/john.pacino/openflight_sessions/trackman/camera/camera_20260809_111432_771_004,/Users/john.pacino/openflight_sessions/trackman/camera/camera_20260809_111432_771_004/first.pgm;/Users/john.pacino/openflight_sessions/trackman/camera/camera_20260809_111432_771_004/frames.npz;/Users/john.pacino/openflight_sessions/trackman/camera/camera_20260809_111432_771_004/last.pgm;/Users/john.pacino/openflight_sessions/trackman/camera/camera_20260809_111432_771_004/metadata.json;/Users/john.pacino/openflight_sessions/trackman/camera/camera_20260809_111432_771_004/trigger.pgm,-0.5063287452141623,-0.09512987958457586,-1.763778805632759,2.368358271937339
matched,-777.5223255157471,34,2,39,9cfd4507-fd93-f111-9ed5-c6cbf142edef,34bb1d4e-f960-4a11-8ec6-6de9c17a49f2,2026-08-09T15:14:46.801654+00:00,2026-08-09T11:14:46.801654-04:00,9Iron,Premium,106.66383321402995,80.7355046528274,21.578999999999997,2.443,-4.623,-0.023,3.137,3.16,6709.5199999999995,1.8789999999999993,147.04512520875954,20260809_111239,5,2026-08-09T11:14:46.024132-04:00,9-iron,105.73783979807092,79.72940759985353,20.404986064014324,0.16878632342015953,radar,0.95,0.882,5076.359335555285,11.998,12.0,0.263,-0.002,config/iwr6843_l3dump_dense_36f2ms_32bin_iq8.cfg,332036,,,/Users/john.pacino/openflight_sessions/session_20260809_111239_trackman.jsonl,/Users/john.pacino/openflight_sessions/terminal_logs/kiosk_20260809_111227.log,/Users/john.pacino/openflight_sessions/iwr6843/iwr6843_20260809_111446_022_005.l3dump,/Users/john.pacino/openflight_sessions/trackman/camera/camera_20260809_111446_022_005,/Users/john.pacino/openflight_sessions/trackman/camera/camera_20260809_111446_022_005/first.pgm;/Users/john.pacino/openflight_sessions/trackman/camera/camera_20260809_111446_022_005/frames.npz;/Users/john.pacino/openflight_sessions/trackman/camera/camera_20260809_111446_022_005/last.pgm;/Users/john.pacino/openflight_sessions/trackman/camera/camera_20260809_111446_022_005/metadata.json;/Users/john.pacino/openflight_sessions/trackman/camera/camera_20260809_111446_022_005/trigger.pgm,-0.9259934159590273,-1.006097052973871,-1.1740139359856734,-2.2742136765798406
matched,-784.0015888214111,35,2,78,9cfd4507-fd93-f111-9ed5-c6cbf142edef,d3e3f01d-1c88-4d37-a374-d739e801abd9,2026-08-09T15:15:06.900537+00:00,2026-08-09T11:15:06.900537-04:00,9Iron,Premium,109.21170365067994,82.47807802433778,19.87499999999999,-3.6969999999999983,-0.543,0.572,-4.861,-5.432,5479.58,-11.616000000000005,156.1540088461115,20260809_111239,6,2026-08-09T11:15:06.116535-04:00,9-iron,107.80834101100582,83.59877859448244,15.968096906429306,-4.41035758161368,radar,0.95,0.805,3894.878483403097,12.082,12.0,0.347,0.082,config/iwr6843_l3dump_dense_36f2ms_32bin_iq8.cfg,332036,,,/Users/john.pacino/openflight_sessions/session_20260809_111239_trackman.jsonl,/Users/john.pacino/openflight_sessions/terminal_logs/kiosk_20260809_111227.log,/Users/john.pacino/openflight_sessions/iwr6843/iwr6843_20260809_111506_120_006.l3dump,/Users/john.pacino/openflight_sessions/trackman/camera/camera_20260809_111506_120_006,/Users/john.pacino/openflight_sessions/trackman/camera/camera_20260809_111506_120_006/first.pgm;/Users/john.pacino/openflight_sessions/trackman/camera/camera_20260809_111506_120_006/frames.npz;/Users/john.pacino/openflight_sessions/trackman/camera/camera_20260809_111506_120_006/last.pgm;/Users/john.pacino/openflight_sessions/trackman/camera/camera_20260809_111506_120_006/metadata.json;/Users/john.pacino/openflight_sessions/trackman/camera/camera_20260809_111506_120_006/trigger.pgm,-1.4033626396741141,1.1207005701446633,-3.9069030935706834,-0.7133575816136819
matched,-785.5072021484375,36,2,73,9cfd4507-fd93-f111-9ed5-c6cbf142edef,d3547f36-d30b-4c15-a56c-c47aec115658,2026-08-09T15:15:21.092266+00:00,2026-08-09T11:15:21.092266-04:00,9Iron,Premium,108.38851109520391,80.89656406585532,17.875,0.37599999999999956,-3.874,4.714,-0.686,-5.4,5275.790000000001,-14.076000000000004,154.15778095323128,20260809_111239,7,2026-08-09T11:15:20.306759-04:00,9-iron,107.63207902326926,78.50750096997072,15.283252049654674,-2.450559687255097,radar,0.95,0.894,3694.0904553198493,11.968,12.0,0.233,-0.032,config/iwr6843_l3dump_dense_36f2ms_32bin_iq8.cfg,332036,,,/Users/john.pacino/openflight_sessions/session_20260809_111239_trackman.jsonl,/Users/john.pacino/openflight_sessions/terminal_logs/kiosk_20260809_111227.log,/Users/john.pacino/openflight_sessions/iwr6843/iwr6843_20260809_111520_310_007.l3dump,/Users/john.pacino/openflight_sessions/trackman/camera/camera_20260809_111520_310_007,/Users/john.pacino/openflight_sessions/trackman/camera/camera_20260809_111520_310_007/first.pgm;/Users/john.pacino/openflight_sessions/trackman/camera/camera_20260809_111520_310_007/frames.npz;/Users/john.pacino/openflight_sessions/trackman/camera/camera_20260809_111520_310_007/last.pgm;/Users/john.pacino/openflight_sessions/trackman/camera/camera_20260809_111520_310_007/metadata.json;/Users/john.pacino/openflight_sessions/trackman/camera/camera_20260809_111520_310_007/trigger.pgm,-0.756432071934654,-2.3890630958845946,-2.591747950345326,-2.8265596872550964
matched,-782.8257083892822,37,2,59,9cfd4507-fd93-f111-9ed5-c6cbf142edef,04f03f63-2c18-4c1c-a56b-9de8f31bf9fc,2026-08-09T15:15:36.789631+00:00,2026-08-09T11:15:36.789631-04:00,9Iron,Premium,104.74677881173936,81.45579813886891,19.61399999999999,0.7980000000000013,,4.013,0.084,-3.93,5675.879999999996,-12.288999999999998,146.69313447827884,20260809_111239,8,2026-08-09T11:15:36.006805-04:00,9-iron,104.10625703565331,79.83123315234374,19.333278138584216,-2.045492740625913,radar,0.95,0.911,4696.969673524505,12.056,12.0,0.321,0.056,config/iwr6843_l3dump_dense_36f2ms_32bin_iq8.cfg,332036,,,/Users/john.pacino/openflight_sessions/session_20260809_111239_trackman.jsonl,/Users/john.pacino/openflight_sessions/terminal_logs/kiosk_20260809_111227.log,/Users/john.pacino/openflight_sessions/iwr6843/iwr6843_20260809_111536_008_008.l3dump,/Users/john.pacino/openflight_sessions/trackman/camera/camera_20260809_111536_008_008,/Users/john.pacino/openflight_sessions/trackman/camera/camera_20260809_111536_008_008/first.pgm;/Users/john.pacino/openflight_sessions/trackman/camera/camera_20260809_111536_008_008/frames.npz;/Users/john.pacino/openflight_sessions/trackman/camera/camera_20260809_111536_008_008/last.pgm;/Users/john.pacino/openflight_sessions/trackman/camera/camera_20260809_111536_008_008/metadata.json;/Users/john.pacino/openflight_sessions/trackman/camera/camera_20260809_111536_008_008/trigger.pgm,-0.6405217760860467,-1.6245649865251721,-0.28072186141577404,-2.8434927406259143
matched,-789.3047332763672,38,2,74,9cfd4507-fd93-f111-9ed5-c6cbf142edef,9c3f436e-6715-4473-bd89-c9903c103bcd,2026-08-09T15:15:52.081307+00:00,2026-08-09T11:15:52.081307-04:00,9Iron,Premium,109.85370436649954,81.45356120257685,19.239999999999984,0.15000000000000255,-5.269,7.308,-1.393,-8.701,5338.909999999994,-16.130999999999997,157.16445845167968,20260809_111239,9,2026-08-09T11:15:51.292002-04:00,9-iron,109.35027406318791,83.70060414697267,17.087859680586675,-2.4667333591433365,radar,0.95,0.876,4275.609057864255,12.084,12.0,0.349,0.084,config/iwr6843_l3dump_dense_36f2ms_32bin_iq8.cfg,332036,,,/Users/john.pacino/openflight_sessions/session_20260809_111239_trackman.jsonl,/Users/john.pacino/openflight_sessions/terminal_logs/kiosk_20260809_111227.log,/Users/john.pacino/openflight_sessions/iwr6843/iwr6843_20260809_111551_296_009.l3dump,/Users/john.pacino/openflight_sessions/trackman/camera/camera_20260809_111551_296_009,/Users/john.pacino/openflight_sessions/trackman/camera/camera_20260809_111551_296_009/first.pgm;/Users/john.pacino/openflight_sessions/trackman/camera/camera_20260809_111551_296_009/frames.npz;/Users/john.pacino/openflight_sessions/trackman/camera/camera_20260809_111551_296_009/last.pgm;/Users/john.pacino/openflight_sessions/trackman/camera/camera_20260809_111551_296_009/metadata.json;/Users/john.pacino/openflight_sessions/trackman/camera/camera_20260809_111551_296_009/trigger.pgm,-0.5034303033116316,2.2470429443958153,-2.1521403194133093,-2.616733359143339
matched,-790.3804779052734,39,2,24,9cfd4507-fd93-f111-9ed5-c6cbf142edef,ffa73857-e19c-440b-be13-4b5ea5703f44,2026-08-09T15:16:10.981808+00:00,2026-08-09T11:16:10.981808-04:00,9Iron,Premium,104.81164996420891,79.65730136005718,18.15099999999999,-4.236999999999999,-6.89,4.087,-6.079,-10.167,5458.6500000000015,-20.596000000000007,145.06621654800523,20260809_111239,10,2026-08-09T11:16:10.191427-04:00,9-iron,103.8536673150781,82.27504641210939,15.109237636506181,-6.718139044528195,radar,0.95,0.853,3516.902746199997,11.998,12.0,0.263,-0.002,config/iwr6843_l3dump_dense_36f2ms_32bin_iq8.cfg,332036,,,/Users/john.pacino/openflight_sessions/session_20260809_111239_trackman.jsonl,/Users/john.pacino/openflight_sessions/terminal_logs/kiosk_20260809_111227.log,/Users/john.pacino/openflight_sessions/iwr6843/iwr6843_20260809_111610_198_010.l3dump,/Users/john.pacino/openflight_sessions/trackman/camera/camera_20260809_111610_198_010,/Users/john.pacino/openflight_sessions/trackman/camera/camera_20260809_111610_198_010/first.pgm;/Users/john.pacino/openflight_sessions/trackman/camera/camera_20260809_111610_198_010/frames.npz;/Users/john.pacino/openflight_sessions/trackman/camera/camera_20260809_111610_198_010/last.pgm;/Users/john.pacino/openflight_sessions/trackman/camera/camera_20260809_111610_198_010/metadata.json;/Users/john.pacino/openflight_sessions/trackman/camera/camera_20260809_111610_198_010/trigger.pgm,-0.9579826491308125,2.6177450520522143,-3.041762363493808,-2.481139044528196
matched,-790.8053398132324,40,2,82,9cfd4507-fd93-f111-9ed5-c6cbf142edef,1ada7a95-92bd-4e80-9398-efaae346d7b5,2026-08-09T15:16:24.623597+00:00,2026-08-09T11:16:24.623597-04:00,9Iron,Premium,102.92591267000707,77.23246241947021,17.771999999999984,1.5270000000000015,-7.823,5.329,0.758,-4.571,4827.23,-8.588999999999999,145.07864409823978,20260809_111239,11,2026-08-09T11:16:23.832792-04:00,9-iron,102.65552172543838,79.32210538989257,17.13913007537211,-0.4790701011481054,radar,0.95,0.927,4027.8662874122515,12.055,12.0,0.32,0.055,config/iwr6843_l3dump_dense_36f2ms_32bin_iq8.cfg,332036,,,/Users/john.pacino/openflight_sessions/session_20260809_111239_trackman.jsonl,/Users/john.pacino/openflight_sessions/terminal_logs/kiosk_20260809_111227.log,/Users/john.pacino/openflight_sessions/iwr6843/iwr6843_20260809_111623_837_011.l3dump,/Users/john.pacino/openflight_sessions/trackman/camera/camera_20260809_111623_837_011,/Users/john.pacino/openflight_sessions/trackman/camera/camera_20260809_111623_837_011/first.pgm;/Users/john.pacino/openflight_sessions/trackman/camera/camera_20260809_111623_837_011/frames.npz;/Users/john.pacino/openflight_sessions/trackman/camera/camera_20260809_111623_837_011/last.pgm;/Users/john.pacino/openflight_sessions/trackman/camera/camera_20260809_111623_837_011/metadata.json;/Users/john.pacino/openflight_sessions/trackman/camera/camera_20260809_111623_837_011/trigger.pgm,-0.27039094456868895,2.0896429704223607,-0.632869924627876,-2.006070101148107
matched,-788.6419296264648,41,2,18,9cfd4507-fd93-f111-9ed5-c6cbf142edef,e4135cb3-eb5d-4843-a4fa-3ccc0e468cd5,2026-08-09T15:16:45.421697+00:00,2026-08-09T11:16:45.421697-04:00,9Iron,Premium,95.19729778095912,,17.134999999999987,-2.4189999999999854,,6.101,-3.687,-9.789,3127.6599999999944,-51.29799999999999,111.3583491259156,20260809_111239,12,2026-08-09T11:16:44.633055-04:00,9-iron,95.82286444944258,80.74766312475587,16.87346116287779,-6.995352575183518,radar,0.95,0.947,3691.9929311213764,12.026,12.0,0.291,0.026,config/iwr6843_l3dump_dense_36f2ms_32bin_iq8.cfg,332036,,,/Users/john.pacino/openflight_sessions/session_20260809_111239_trackman.jsonl,/Users/john.pacino/openflight_sessions/terminal_logs/kiosk_20260809_111227.log,/Users/john.pacino/openflight_sessions/iwr6843/iwr6843_20260809_111644_633_012.l3dump,/Users/john.pacino/openflight_sessions/trackman/camera/camera_20260809_111644_633_012,/Users/john.pacino/openflight_sessions/trackman/camera/camera_20260809_111644_633_012/first.pgm;/Users/john.pacino/openflight_sessions/trackman/camera/camera_20260809_111644_633_012/frames.npz;/Users/john.pacino/openflight_sessions/trackman/camera/camera_20260809_111644_633_012/last.pgm;/Users/john.pacino/openflight_sessions/trackman/camera/camera_20260809_111644_633_012/metadata.json;/Users/john.pacino/openflight_sessions/trackman/camera/camera_20260809_111644_633_012/trigger.pgm,0.625566668483458,,-0.26153883712219894,-4.576352575183533
matched,-788.8503074645996,42,2,27,9cfd4507-fd93-f111-9ed5-c6cbf142edef,bc8a6a57-7f13-4c76-b4ce-51b813db4237,2026-08-09T15:17:00.547067+00:00,2026-08-09T11:17:00.547067-04:00,9Iron,Premium,108.81129205440217,83.92313886900493,19.181999999999995,-0.3469999999999999,-5.856,0.529,-0.57,-1.098,6087.900000000003,-3.104000000000002,153.34236922529394,20260809_111239,13,2026-08-09T11:16:59.758217-04:00,9-iron,107.64905321813876,82.27504641210939,16.370072281832627,-1.9962937405816346,radar,0.95,0.756,4003.712719622664,12.055,12.0,0.32,0.055,config/iwr6843_l3dump_dense_36f2ms_32bin_iq8.cfg,332036,,,/Users/john.pacino/openflight_sessions/session_20260809_111239_trackman.jsonl,/Users/john.pacino/openflight_sessions/terminal_logs/kiosk_20260809_111227.log,/Users/john.pacino/openflight_sessions/iwr6843/iwr6843_20260809_111659_763_013.l3dump,/Users/john.pacino/openflight_sessions/trackman/camera/camera_20260809_111659_763_013,/Users/john.pacino/openflight_sessions/trackman/camera/camera_20260809_111659_763_013/first.pgm;/Users/john.pacino/openflight_sessions/trackman/camera/camera_20260809_111659_763_013/frames.npz;/Users/john.pacino/openflight_sessions/trackman/camera/camera_20260809_111659_763_013/last.pgm;/Users/john.pacino/openflight_sessions/trackman/camera/camera_20260809_111659_763_013/metadata.json;/Users/john.pacino/openflight_sessions/trackman/camera/camera_20260809_111659_763_013/trigger.pgm,-1.1622388362634126,-1.6480924568955402,-2.811927718167368,-1.6492937405816346
matched,-788.2773876190186,43,2,79,9cfd4507-fd93-f111-9ed5-c6cbf142edef,54bad020-e360-4b9c-b2b0-daae74640b80,2026-08-09T15:19:26.93826+00:00,2026-08-09T11:19:26.938260-04:00,9Iron,Premium,110.71716177523251,80.39325340014308,20.186999999999983,-1.0529999999999968,,3.256,-1.918,-5.174,5753.559999999997,-8.386999999999999,158.02518868608027,20260809_111902,1,2026-08-09T11:19:26.149983-04:00,9-iron,110.30557522114398,81.46044199218751,20.46099666887387,-3.4822113699480473,radar,0.95,0.85,5312.3524811459765,12.084,12.0,0.349,0.084,config/iwr6843_l3dump_wide_24f3ms_53bin_iq16.cfg,732812,,,/Users/john.pacino/openflight_sessions/session_20260809_111902_trackman.jsonl,/Users/john.pacino/openflight_sessions/terminal_logs/kiosk_20260809_111853.log,/Users/john.pacino/openflight_sessions/iwr6843/iwr6843_20260809_111926_148_001.l3dump,/Users/john.pacino/openflight_sessions/trackman/camera/camera_20260809_111926_148_001,/Users/john.pacino/openflight_sessions/trackman/camera/camera_20260809_111926_148_001/first.pgm;/Users/john.pacino/openflight_sessions/trackman/camera/camera_20260809_111926_148_001/frames.npz;/Users/john.pacino/openflight_sessions/trackman/camera/camera_20260809_111926_148_001/last.pgm;/Users/john.pacino/openflight_sessions/trackman/camera/camera_20260809_111926_148_001/metadata.json;/Users/john.pacino/openflight_sessions/trackman/camera/camera_20260809_111926_148_001/trigger.pgm,-0.4115865540885295,1.067188592044431,0.2739966688738882,-2.4292113699480504
matched,-799.6470928192139,44,2,33,9cfd4507-fd93-f111-9ed5-c6cbf142edef,f5a1927b-e9d8-4da0-9fce-5d798b74c7dc,2026-08-09T15:19:48.799396+00:00,2026-08-09T11:19:48.799396-04:00,9Iron,Premium,108.27890121689323,82.69282390837499,19.703999999999997,0.4990000000000001,-7.009,2.677,0.0,-2.676,5795.920000000003,-2.428000000000001,153.62053490739845,20260809_111902,2,2026-08-09T11:19:47.999749-04:00,9-iron,107.8909638513362,82.47869751708986,19.64508131152467,-1.609375949036879,radar,0.95,0.921,4958.381268355822,12.113,12.0,0.378,0.113,config/iwr6843_l3dump_wide_24f3ms_53bin_iq16.cfg,732812,,,/Users/john.pacino/openflight_sessions/session_20260809_111902_trackman.jsonl,/Users/john.pacino/openflight_sessions/terminal_logs/kiosk_20260809_111853.log,/Users/john.pacino/openflight_sessions/iwr6843/iwr6843_20260809_111948_007_002.l3dump,/Users/john.pacino/openflight_sessions/trackman/camera/camera_20260809_111948_007_002,/Users/john.pacino/openflight_sessions/trackman/camera/camera_20260809_111948_007_002/first.pgm;/Users/john.pacino/openflight_sessions/trackman/camera/camera_20260809_111948_007_002/frames.npz;/Users/john.pacino/openflight_sessions/trackman/camera/camera_20260809_111948_007_002/last.pgm;/Users/john.pacino/openflight_sessions/trackman/camera/camera_20260809_111948_007_002/metadata.json;/Users/john.pacino/openflight_sessions/trackman/camera/camera_20260809_111948_007_002/trigger.pgm,-0.3879373655570362,-0.21412639128513433,-0.058918688475326775,-2.108375949036879
trackman_only,,45,2,8,9cfd4507-fd93-f111-9ed5-c6cbf142edef,25ef84ba-e4b6-4df4-bfea-1b1456160d4c,2026-08-09T15:20:27.584089+00:00,2026-08-09T11:20:27.584089-04:00,9Iron,Premium,108.06191839656394,82.0597709377236,21.692999999999998,3.5669999999999997,-5.657,2.024,3.944,1.92,6149.779999999998,1.4610000000000032,151.5975684417906,,,,,,,,,,,,,,,,,,,,,,,,,,,,,
matched,-795.5665588378906,46,2,51,9cfd4507-fd93-f111-9ed5-c6cbf142edef,498ebeff-0923-44ec-8b8d-7f56a73beb86,2026-08-09T15:21:08.455584+00:00,2026-08-09T11:21:08.455584-04:00,9Iron,Premium,115.629473872584,84.87831066571215,19.142999999999997,-1.8519999999999992,-5.812,2.882,-2.976,-5.858,6132.919999999993,-8.337999999999997,165.02636407562773,20260809_111902,3,2026-08-09T11:21:07.660017-04:00,9-iron,114.8572282316191,84.82068522436525,19.32916371095745,-1.8774580778556424,radar,0.95,0.885,5180.749275449346,12.026,12.0,0.291,0.026,config/iwr6843_l3dump_wide_24f3ms_53bin_iq16.cfg,732812,,,/Users/john.pacino/openflight_sessions/session_20260809_111902_trackman.jsonl,/Users/john.pacino/openflight_sessions/terminal_logs/kiosk_20260809_111853.log,/Users/john.pacino/openflight_sessions/iwr6843/iwr6843_20260809_112107_663_004.l3dump,/Users/john.pacino/openflight_sessions/trackman/camera/camera_20260809_112107_663_004,/Users/john.pacino/openflight_sessions/trackman/camera/camera_20260809_112107_663_004/first.pgm;/Users/john.pacino/openflight_sessions/trackman/camera/camera_20260809_112107_663_004/frames.npz;/Users/john.pacino/openflight_sessions/trackman/camera/camera_20260809_112107_663_004/last.pgm;/Users/john.pacino/openflight_sessions/trackman/camera/camera_20260809_112107_663_004/metadata.json;/Users/john.pacino/openflight_sessions/trackman/camera/camera_20260809_112107_663_004/trigger.pgm,-0.772245640964897,-0.057625441346900175,0.18616371095745166,-0.025458077855643246
matched,-800.2376556396484,47,2,2,9cfd4507-fd93-f111-9ed5-c6cbf142edef,faf56eaf-f97a-423d-9d46-05c1679df64b,2026-08-09T15:22:23.466375+00:00,2026-08-09T11:22:23.466375-04:00,9Iron,Premium,108.49364710093045,81.21197208303498,20.176000000000002,1.4870000000000003,-5.982,3.233,1.047,-2.186,6205.730000000006,-1.7919999999999976,152.36542636126478,20260809_111902,4,2026-08-09T11:22:22.666137-04:00,9-iron,107.69909629976264,80.54401201977541,19.753410395168977,1.8527808304964164,radar,0.95,0.908,4981.028029741593,12.025,12.0,0.29,0.025,config/iwr6843_l3dump_wide_24f3ms_53bin_iq16.cfg,732812,,,/Users/john.pacino/openflight_sessions/session_20260809_111902_trackman.jsonl,/Users/john.pacino/openflight_sessions/terminal_logs/kiosk_20260809_111853.log,/Users/john.pacino/openflight_sessions/iwr6843/iwr6843_20260809_112222_669_005.l3dump,/Users/john.pacino/openflight_sessions/trackman/camera/camera_20260809_112222_669_005,/Users/john.pacino/openflight_sessions/trackman/camera/camera_20260809_112222_669_005/first.pgm;/Users/john.pacino/openflight_sessions/trackman/camera/camera_20260809_112222_669_005/frames.npz;/Users/john.pacino/openflight_sessions/trackman/camera/camera_20260809_112222_669_005/last.pgm;/Users/john.pacino/openflight_sessions/trackman/camera/camera_20260809_112222_669_005/metadata.json;/Users/john.pacino/openflight_sessions/trackman/camera/camera_20260809_112222_669_005/trigger.pgm,-0.7945508011678015,-0.6679600632595708,-0.4225896048310247,0.3657808304964161
matched,-804.1999340057373,48,2,13,9cfd4507-fd93-f111-9ed5-c6cbf142edef,3f83342b-48bf-4970-b52a-2b3888c8d3b1,2026-08-09T15:23:03.073427+00:00,2026-08-09T11:23:03.073427-04:00,9Iron,Premium,99.54590193271284,,18.461999999999996,-2.560999999999999,,3.096,-3.166,-6.262,2532.279999999998,-31.566999999999986,136.76278914877628,20260809_111902,5,2026-08-09T11:23:02.269227-04:00,9-iron,99.53143332455726,81.66409309716798,18.287897090705197,-5.412594212908656,radar,0.95,0.901,4210.941891035458,12.142,12.0,0.407,0.142,config/iwr6843_l3dump_wide_24f3ms_53bin_iq16.cfg,732812,,,/Users/john.pacino/openflight_sessions/session_20260809_111902_trackman.jsonl,/Users/john.pacino/openflight_sessions/terminal_logs/kiosk_20260809_111853.log,/Users/john.pacino/openflight_sessions/iwr6843/iwr6843_20260809_112302_270_006.l3dump,/Users/john.pacino/openflight_sessions/trackman/camera/camera_20260809_112302_270_006,/Users/john.pacino/openflight_sessions/trackman/camera/camera_20260809_112302_270_006/first.pgm;/Users/john.pacino/openflight_sessions/trackman/camera/camera_20260809_112302_270_006/frames.npz;/Users/john.pacino/openflight_sessions/trackman/camera/camera_20260809_112302_270_006/last.pgm;/Users/john.pacino/openflight_sessions/trackman/camera/camera_20260809_112302_270_006/metadata.json;/Users/john.pacino/openflight_sessions/trackman/camera/camera_20260809_112302_270_006/trigger.pgm,-0.014468608155581819,,-0.174102909294799,-2.8515942129086573
matched,-794.8269844055176,49,2,32,9cfd4507-fd93-f111-9ed5-c6cbf142edef,0cc22ab6-3233-47ed-894a-5cf54bf43ed8,2026-08-09T15:23:21.699711+00:00,2026-08-09T11:23:21.699711-04:00,9Iron,Premium,110.31451324266274,84.70159269863986,18.522000000000006,-0.5240000000000008,-6.798,3.809,-1.549,-5.358,5930.259999999999,-8.379000000000003,156.33261934326268,20260809_111902,6,2026-08-09T11:23:20.904884-04:00,9-iron,109.56452758615924,83.8024296994629,17.196225779496203,-1.9082426537255486,radar,0.95,0.863,4315.625539170528,11.997,12.0,0.262,-0.003,config/iwr6843_l3dump_wide_24f3ms_53bin_iq16.cfg,732812,,,/Users/john.pacino/openflight_sessions/session_20260809_111902_trackman.jsonl,/Users/john.pacino/openflight_sessions/terminal_logs/kiosk_20260809_111853.log,/Users/john.pacino/openflight_sessions/iwr6843/iwr6843_20260809_112320_901_007.l3dump,/Users/john.pacino/openflight_sessions/trackman/camera/camera_20260809_112320_901_007,/Users/john.pacino/openflight_sessions/trackman/camera/camera_20260809_112320_901_007/first.pgm;/Users/john.pacino/openflight_sessions/trackman/camera/camera_20260809_112320_901_007/frames.npz;/Users/john.pacino/openflight_sessions/trackman/camera/camera_20260809_112320_901_007/last.pgm;/Users/john.pacino/openflight_sessions/trackman/camera/camera_20260809_112320_901_007/metadata.json;/Users/john.pacino/openflight_sessions/trackman/camera/camera_20260809_112320_901_007/trigger.pgm,-0.7499856565034975,-0.8991629991769514,-1.3257742205038028,-1.384242653725548
matched,-804.826021194458,50,2,21,9cfd4507-fd93-f111-9ed5-c6cbf142edef,97301fbd-ae80-4c61-96cc-47226c9e8c49,2026-08-09T15:23:46.188037+00:00,2026-08-09T11:23:46.188037-04:00,9Iron,Premium,111.15112741589107,83.28561202576941,20.358999999999995,-0.8639999999999991,-5.648,2.603,-1.671,-4.273,5890.4000000000015,-6.512000000000002,158.27737217054244,20260809_111902,7,2026-08-09T11:23:45.383211-04:00,9-iron,110.33312662136805,82.5805230695801,19.72738777813287,-3.450167265722687,radar,0.95,0.902,5095.106271805017,12.055,12.0,0.32,0.055,config/iwr6843_l3dump_wide_24f3ms_53bin_iq16.cfg,732812,,,/Users/john.pacino/openflight_sessions/session_20260809_111902_trackman.jsonl,/Users/john.pacino/openflight_sessions/terminal_logs/kiosk_20260809_111853.log,/Users/john.pacino/openflight_sessions/iwr6843/iwr6843_20260809_112345_386_008.l3dump,/Users/john.pacino/openflight_sessions/trackman/camera/camera_20260809_112345_386_008,/Users/john.pacino/openflight_sessions/trackman/camera/camera_20260809_112345_386_008/first.pgm;/Users/john.pacino/openflight_sessions/trackman/camera/camera_20260809_112345_386_008/frames.npz;/Users/john.pacino/openflight_sessions/trackman/camera/camera_20260809_112345_386_008/last.pgm;/Users/john.pacino/openflight_sessions/trackman/camera/camera_20260809_112345_386_008/metadata.json;/Users/john.pacino/openflight_sessions/trackman/camera/camera_20260809_112345_386_008/trigger.pgm,-0.8180007945230159,-0.7050889561893143,-0.6316122218671261,-2.586167265722688
matched,-808.6843490600586,51,2,42,9cfd4507-fd93-f111-9ed5-c6cbf142edef,322add72-7060-46c2-8f00-703d34ec2644,2026-08-09T15:24:11.375799+00:00,2026-08-09T11:24:11.375799-04:00,9Iron,Premium,108.6569434502504,79.53650680028623,17.565000000000023,0.2789999999999982,-6.834,4.686,-0.67,-5.356,5204.649999999997,-11.072999999999999,155.231783107211,20260809_111902,8,2026-08-09T11:24:10.567115-04:00,9-iron,108.16396761599452,78.91480317993165,17.392493419318328,-2.1972992217823477,radar,0.95,0.823,4317.080280118809,12.229,12.0,0.494,0.229,config/iwr6843_l3dump_wide_24f3ms_53bin_iq16.cfg,732812,,,/Users/john.pacino/openflight_sessions/session_20260809_111902_trackman.jsonl,/Users/john.pacino/openflight_sessions/terminal_logs/kiosk_20260809_111853.log,/Users/john.pacino/openflight_sessions/iwr6843/iwr6843_20260809_112410_572_009.l3dump,/Users/john.pacino/openflight_sessions/trackman/camera/camera_20260809_112410_572_009,/Users/john.pacino/openflight_sessions/trackman/camera/camera_20260809_112410_572_009/first.pgm;/Users/john.pacino/openflight_sessions/trackman/camera/camera_20260809_112410_572_009/frames.npz;/Users/john.pacino/openflight_sessions/trackman/camera/camera_20260809_112410_572_009/last.pgm;/Users/john.pacino/openflight_sessions/trackman/camera/camera_20260809_112410_572_009/metadata.json;/Users/john.pacino/openflight_sessions/trackman/camera/camera_20260809_112410_572_009/trigger.pgm,-0.49297583425587277,-0.6217036203545803,-0.172506580681695,-2.476299221782346
matched,-804.5318126678467,52,2,53,9cfd4507-fd93-f111-9ed5-c6cbf142edef,572c67a1-a4b5-4081-8d22-82a2667e8bb8,2026-08-09T15:24:37.039964+00:00,2026-08-09T11:24:37.039964-04:00,9Iron,Premium,110.15569076592686,83.96340372226189,19.44699999999999,1.5450000000000006,-5.368,1.607,1.53,-0.078,5838.669999999998,-3.279999999999999,156.8567483576302,20260809_111902,9,2026-08-09T11:24:36.235432-04:00,9-iron,109.68894452617843,84.10790635693361,20.376606987048604,-2.0736022009736605,radar,0.95,0.921,5257.633923404789,12.171,12.0,0.436,0.171,config/iwr6843_l3dump_wide_24f3ms_53bin_iq16.cfg,732812,,,/Users/john.pacino/openflight_sessions/session_20260809_111902_trackman.jsonl,/Users/john.pacino/openflight_sessions/terminal_logs/kiosk_20260809_111853.log,/Users/john.pacino/openflight_sessions/iwr6843/iwr6843_20260809_112436_236_010.l3dump,/Users/john.pacino/openflight_sessions/trackman/camera/camera_20260809_112436_236_010,/Users/john.pacino/openflight_sessions/trackman/camera/camera_20260809_112436_236_010/first.pgm;/Users/john.pacino/openflight_sessions/trackman/camera/camera_20260809_112436_236_010/frames.npz;/Users/john.pacino/openflight_sessions/trackman/camera/camera_20260809_112436_236_010/last.pgm;/Users/john.pacino/openflight_sessions/trackman/camera/camera_20260809_112436_236_010/metadata.json;/Users/john.pacino/openflight_sessions/trackman/camera/camera_20260809_112436_236_010/trigger.pgm,-0.46674623974843144,0.1445026346717242,0.929606987048615,-3.618602200973661
matched,-806.4064979553223,53,2,66,9cfd4507-fd93-f111-9ed5-c6cbf142edef,34a771b5-51a4-4037-885d-ae9b51458527,2026-08-09T15:25:07.790966+00:00,2026-08-09T11:25:07.790966-04:00,9Iron,Premium,110.43754473872573,82.99033643521824,19.762999999999995,1.754000000000001,-4.071,2.933,1.445,-1.488,6043.989999999994,-6.233,156.37629607928895,20260809_111902,10,2026-08-09T11:25:06.984560-04:00,9-iron,110.19314259405368,82.47869751708986,19.345032134952604,-0.2721566281012762,radar,0.95,0.921,4975.080579190129,12.086,12.0,0.351,0.086,config/iwr6843_l3dump_wide_24f3ms_53bin_iq16.cfg,732812,,,/Users/john.pacino/openflight_sessions/session_20260809_111902_trackman.jsonl,/Users/john.pacino/openflight_sessions/terminal_logs/kiosk_20260809_111853.log,/Users/john.pacino/openflight_sessions/iwr6843/iwr6843_20260809_112506_986_011.l3dump,/Users/john.pacino/openflight_sessions/trackman/camera/camera_20260809_112506_986_011,/Users/john.pacino/openflight_sessions/trackman/camera/camera_20260809_112506_986_011/first.pgm;/Users/john.pacino/openflight_sessions/trackman/camera/camera_20260809_112506_986_011/frames.npz;/Users/john.pacino/openflight_sessions/trackman/camera/camera_20260809_112506_986_011/last.pgm;/Users/john.pacino/openflight_sessions/trackman/camera/camera_20260809_112506_986_011/metadata.json;/Users/john.pacino/openflight_sessions/trackman/camera/camera_20260809_112506_986_011/trigger.pgm,-0.24440214467205124,-0.5116389181283836,-0.41796786504739103,-2.026156628101277
matched,-800.3196716308594,54,2,85,9cfd4507-fd93-f111-9ed5-c6cbf142edef,6d13ed99-4f20-4e1b-8fff-f3a3462a2c86,2026-08-09T15:25:33.755132+00:00,2026-08-09T11:25:33.755132-04:00,9Iron,Premium,105.75787401574793,83.0708661417322,20.082999999999995,2.8979999999999997,-6.628,1.577,3.244,1.666,6389.529999999997,2.857000000000002,146.76000389001155,20260809_111902,11,2026-08-09T11:25:32.954812-04:00,9-iron,105.1536403799002,82.88599972705079,19.652975372893387,1.9160949955697548,radar,0.95,0.911,4834.819439755264,12.085,12.0,0.35,0.085,config/iwr6843_l3dump_wide_24f3ms_53bin_iq16.cfg,732812,,,/Users/john.pacino/openflight_sessions/session_20260809_111902_trackman.jsonl,/Users/john.pacino/openflight_sessions/terminal_logs/kiosk_20260809_111853.log,/Users/john.pacino/openflight_sessions/iwr6843/iwr6843_20260809_112532_956_012.l3dump,/Users/john.pacino/openflight_sessions/trackman/camera/camera_20260809_112532_956_012,/Users/john.pacino/openflight_sessions/trackman/camera/camera_20260809_112532_956_012/first.pgm;/Users/john.pacino/openflight_sessions/trackman/camera/camera_20260809_112532_956_012/frames.npz;/Users/john.pacino/openflight_sessions/trackman/camera/camera_20260809_112532_956_012/last.pgm;/Users/john.pacino/openflight_sessions/trackman/camera/camera_20260809_112532_956_012/metadata.json;/Users/john.pacino/openflight_sessions/trackman/camera/camera_20260809_112532_956_012/trigger.pgm,-0.6042336358477343,-0.18486641468140874,-0.43002462710660794,-0.9819050044302449
matched,-791.1832332611084,55,2,55,9cfd4507-fd93-f111-9ed5-c6cbf142edef,00ce724a-48b3-4049-9b2b-8ba59b40707d,2026-08-09T15:26:18.649366+00:00,2026-08-09T11:26:18.649366-04:00,9Iron,Premium,101.0983357193986,83.43324982104501,17.520999999999997,1.1819999999999986,-6.431,0.615,1.359,0.744,6673.47,4.894999999999999,136.2574597339942,20260809_111902,12,2026-08-09T11:26:17.858183-04:00,9-iron,100.78969999244192,82.17322085961915,16.792748539378636,-2.46125573682839,radar,0.95,0.907,3861.724678476019,12.026,12.0,0.291,0.026,config/iwr6843_l3dump_wide_24f3ms_53bin_iq16.cfg,732812,,,/Users/john.pacino/openflight_sessions/session_20260809_111902_trackman.jsonl,/Users/john.pacino/openflight_sessions/terminal_logs/kiosk_20260809_111853.log,/Users/john.pacino/openflight_sessions/iwr6843/iwr6843_20260809_112617_860_013.l3dump,/Users/john.pacino/openflight_sessions/trackman/camera/camera_20260809_112617_860_013,/Users/john.pacino/openflight_sessions/trackman/camera/camera_20260809_112617_860_013/first.pgm;/Users/john.pacino/openflight_sessions/trackman/camera/camera_20260809_112617_860_013/frames.npz;/Users/john.pacino/openflight_sessions/trackman/camera/camera_20260809_112617_860_013/last.pgm;/Users/john.pacino/openflight_sessions/trackman/camera/camera_20260809_112617_860_013/metadata.json;/Users/john.pacino/openflight_sessions/trackman/camera/camera_20260809_112617_860_013/trigger.pgm,-0.3086357269566804,-1.26002896142586,-0.7282514606213617,-3.6432557368283884
matched,-783.7657928466797,56,2,38,9cfd4507-fd93-f111-9ed5-c6cbf142edef,876d61d6-f025-4824-bbbe-6d5bb6156210,2026-08-09T15:26:42.944862+00:00,2026-08-09T11:26:42.944862-04:00,9Iron,Premium,111.30994989262695,83.49812097351457,18.683999999999983,-1.158999999999999,-6.705,2.954,-2.093,-5.047,5753.870000000003,-8.450000000000001,158.9601393029378,20260809_111902,13,2026-08-09T11:26:42.161096-04:00,9-iron,110.6200643133031,82.3768719645996,17.583296725571635,-5.74823635088024,radar,0.95,0.86,4471.465580600357,12.084,12.0,0.349,0.084,config/iwr6843_l3dump_wide_24f3ms_53bin_iq16.cfg,732812,,,/Users/john.pacino/openflight_sessions/session_20260809_111902_trackman.jsonl,/Users/john.pacino/openflight_sessions/terminal_logs/kiosk_20260809_111853.log,/Users/john.pacino/openflight_sessions/iwr6843/iwr6843_20260809_112642_160_014.l3dump,/Users/john.pacino/openflight_sessions/trackman/camera/camera_20260809_112642_160_014,/Users/john.pacino/openflight_sessions/trackman/camera/camera_20260809_112642_160_014/first.pgm;/Users/john.pacino/openflight_sessions/trackman/camera/camera_20260809_112642_160_014/frames.npz;/Users/john.pacino/openflight_sessions/trackman/camera/camera_20260809_112642_160_014/last.pgm;/Users/john.pacino/openflight_sessions/trackman/camera/camera_20260809_112642_160_014/metadata.json;/Users/john.pacino/openflight_sessions/trackman/camera/camera_20260809_112642_160_014/trigger.pgm,-0.6898855793238425,-1.1212490089149725,-1.1007032744283478,-4.589236350880241
matched,-782.444953918457,57,2,23,9cfd4507-fd93-f111-9ed5-c6cbf142edef,0a35babf-66dc-42d6-af5e-4b5dc995e1d3,2026-08-09T15:27:06.839378+00:00,2026-08-09T11:27:06.839378-04:00,9Iron,Premium,113.12857909806716,82.97691481746591,17.842999999999986,0.22900000000000081,-3.721,3.309,-0.57,-3.879,5720.5099999999975,-9.59,162.1690131025822,20260809_111902,14,2026-08-09T11:27:06.056933-04:00,9-iron,113.07930649696956,79.11845428491212,17.80522566290949,-1.3318554020162356,radar,0.95,0.895,4637.95575383923,12.085,12.0,0.35,0.085,config/iwr6843_l3dump_wide_24f3ms_53bin_iq16.cfg,732812,,,/Users/john.pacino/openflight_sessions/session_20260809_111902_trackman.jsonl,/Users/john.pacino/openflight_sessions/terminal_logs/kiosk_20260809_111853.log,/Users/john.pacino/openflight_sessions/iwr6843/iwr6843_20260809_112706_058_015.l3dump,/Users/john.pacino/openflight_sessions/trackman/camera/camera_20260809_112706_058_015,/Users/john.pacino/openflight_sessions/trackman/camera/camera_20260809_112706_058_015/first.pgm;/Users/john.pacino/openflight_sessions/trackman/camera/camera_20260809_112706_058_015/frames.npz;/Users/john.pacino/openflight_sessions/trackman/camera/camera_20260809_112706_058_015/last.pgm;/Users/john.pacino/openflight_sessions/trackman/camera/camera_20260809_112706_058_015/metadata.json;/Users/john.pacino/openflight_sessions/trackman/camera/camera_20260809_112706_058_015/trigger.pgm,-0.04927260109759857,-3.858460532553792,-0.0377743370904966,-1.5608554020162364
matched,-761.3458633422852,58,2,61,9cfd4507-fd93-f111-9ed5-c6cbf142edef,732a172c-7140-484c-b2d3-a311bbebd5d4,2026-08-09T15:29:20.818396+00:00,2026-08-09T11:29:20.818396-04:00,9Iron,Premium,101.33097709377223,83.26547959914092,19.710000000000008,3.095000000000001,-6.292,1.332,3.585,2.253,6363.600000000007,4.4860000000000015,138.58727404737533,20260809_111902,15,2026-08-09T11:29:20.057050-04:00,9-iron,100.88430363381455,82.68234862207032,16.729348354377137,-1.2828358629717869,radar,0.895,0.844,3848.3450054530213,12.027,12.0,0.292,0.027,config/iwr6843_l3dump_wide_24f3ms_53bin_iq16.cfg,732812,,,/Users/john.pacino/openflight_sessions/session_20260809_111902_trackman.jsonl,/Users/john.pacino/openflight_sessions/terminal_logs/kiosk_20260809_111853.log,/Users/john.pacino/openflight_sessions/iwr6843/iwr6843_20260809_112920_053_016.l3dump,/Users/john.pacino/openflight_sessions/trackman/camera/camera_20260809_112920_053_016,/Users/john.pacino/openflight_sessions/trackman/camera/camera_20260809_112920_053_016/first.pgm;/Users/john.pacino/openflight_sessions/trackman/camera/camera_20260809_112920_053_016/frames.npz;/Users/john.pacino/openflight_sessions/trackman/camera/camera_20260809_112920_053_016/last.pgm;/Users/john.pacino/openflight_sessions/trackman/camera/camera_20260809_112920_053_016/metadata.json;/Users/john.pacino/openflight_sessions/trackman/camera/camera_20260809_112920_053_016/trigger.pgm,-0.4466734599576796,-0.5831309770705957,-2.9806516456228707,-4.3778358629717875
trackman_only,,59,2,45,9cfd4507-fd93-f111-9ed5-c6cbf142edef,54bda013-0eae-4dd5-ab5b-764b3809b41d,2026-08-09T15:30:28.284125+00:00,2026-08-09T11:30:28.284125-04:00,9Iron,Premium,83.09547244094479,,15.253999999999998,21.634999999999998,,1.214,28.706,27.492,8604.44,47.038000000000004,82.31848110295866,,,,,,,,,,,,,,,,,,,,,,,,,,,,,
matched,-765.8350467681885,60,2,20,9cfd4507-fd93-f111-9ed5-c6cbf142edef,40bdbcd6-b3a3-4725-9fa2-42ddc4a1270b,2026-08-09T15:30:47.29788+00:00,2026-08-09T11:30:47.297880-04:00,9Iron,Premium,105.95919828203283,85.0125268432354,21.039999999999996,3.7070000000000007,-4.207,1.021,4.424,3.403,6161.989999999996,2.273999999999999,147.95474238542783,20260809_111902,16,2026-08-09T11:30:46.532045-04:00,9-iron,105.45150189549362,84.20973190942384,20.581868054103225,1.2195096579416296,radar,0.95,0.898,5113.042461773963,12.055,12.0,0.32,0.055,config/iwr6843_l3dump_wide_24f3ms_53bin_iq16.cfg,732812,,,/Users/john.pacino/openflight_sessions/session_20260809_111902_trackman.jsonl,/Users/john.pacino/openflight_sessions/terminal_logs/kiosk_20260809_111853.log,/Users/john.pacino/openflight_sessions/iwr6843/iwr6843_20260809_113046_536_018.l3dump,/Users/john.pacino/openflight_sessions/trackman/camera/camera_20260809_113046_536_018,/Users/john.pacino/openflight_sessions/trackman/camera/camera_20260809_113046_536_018/first.pgm;/Users/john.pacino/openflight_sessions/trackman/camera/camera_20260809_113046_536_018/frames.npz;/Users/john.pacino/openflight_sessions/trackman/camera/camera_20260809_113046_536_018/last.pgm;/Users/john.pacino/openflight_sessions/trackman/camera/camera_20260809_113046_536_018/metadata.json;/Users/john.pacino/openflight_sessions/trackman/camera/camera_20260809_113046_536_018/trigger.pgm,-0.5076963865392088,-0.802794933811569,-0.45813194589677053,-2.487490342058371
trackman_only,,61,2,14,9cfd4507-fd93-f111-9ed5-c6cbf142edef,973c75f7-cbc0-49cb-b98e-31537c31c271,2026-08-09T15:31:25.499371+00:00,2026-08-09T11:31:25.499371-04:00,9Iron,Premium,100.95740873299918,81.24776306370785,19.476999999999975,-2.340999999999999,,0.832,-3.136,-3.969,6260.1999999999925,-1.2459999999999978,138.19096014339314,,,,,,,,,,,,,,,,,,,,,,,,,,,,,
matched,-756.7911148071289,62,2,46,9cfd4507-fd93-f111-9ed5-c6cbf142edef,3b9f982e-d010-49b0-b1e9-775c6ef92f45,2026-08-09T15:31:47.735346+00:00,2026-08-09T11:31:47.735346-04:00,9Iron,Premium,112.17340730135993,81.31710808876153,17.558999999999997,0.21099999999999958,-3.96,3.012,-0.561,-3.573,6008.860000000001,-7.139000000000001,159.28998702025123,20260809_111902,17,2026-08-09T11:31:46.978555-04:00,9-iron,111.5361744904084,78.60932652246093,16.64201556744624,-5.251898220534997,radar,0.95,0.882,4228.788595032194,12.084,12.0,0.349,0.084,config/iwr6843_l3dump_wide_24f3ms_53bin_iq16.cfg,732812,,,/Users/john.pacino/openflight_sessions/session_20260809_111902_trackman.jsonl,/Users/john.pacino/openflight_sessions/terminal_logs/kiosk_20260809_111853.log,/Users/john.pacino/openflight_sessions/iwr6843/iwr6843_20260809_113146_980_020.l3dump,/Users/john.pacino/openflight_sessions/trackman/camera/camera_20260809_113146_980_020,/Users/john.pacino/openflight_sessions/trackman/camera/camera_20260809_113146_980_020/first.pgm;/Users/john.pacino/openflight_sessions/trackman/camera/camera_20260809_113146_980_020/frames.npz;/Users/john.pacino/openflight_sessions/trackman/camera/camera_20260809_113146_980_020/last.pgm;/Users/john.pacino/openflight_sessions/trackman/camera/camera_20260809_113146_980_020/metadata.json;/Users/john.pacino/openflight_sessions/trackman/camera/camera_20260809_113146_980_020/trigger.pgm,-0.6372328109515308,-2.7077815663005964,-0.9169844325537575,-5.4628982205349965
matched,-762.1889114379883,63,2,86,9cfd4507-fd93-f111-9ed5-c6cbf142edef,ea0f15c8-99e2-40c5-a7cf-ffb2854e2b1d,2026-08-09T15:32:09.409899+00:00,2026-08-09T11:32:09.409899-04:00,9Iron,Premium,110.58518253400132,82.65703292770213,21.94699999999997,-0.5169999999999985,,0.312,-0.695,-1.007,6057.429999999998,-3.9900000000000007,156.20638115614454,20260809_111902,18,2026-08-09T11:32:08.647710-04:00,9-iron,109.86127534081625,83.59877859448244,21.086226720517587,0.9294367727245325,radar,0.95,0.878,5476.803407386063,12.027,12.0,0.292,0.027,config/iwr6843_l3dump_wide_24f3ms_53bin_iq16.cfg,732812,,,/Users/john.pacino/openflight_sessions/session_20260809_111902_trackman.jsonl,/Users/john.pacino/openflight_sessions/terminal_logs/kiosk_20260809_111853.log,/Users/john.pacino/openflight_sessions/iwr6843/iwr6843_20260809_113208_656_021.l3dump,/Users/john.pacino/openflight_sessions/trackman/camera/camera_20260809_113208_656_021,/Users/john.pacino/openflight_sessions/trackman/camera/camera_20260809_113208_656_021/first.pgm;/Users/john.pacino/openflight_sessions/trackman/camera/camera_20260809_113208_656_021/frames.npz;/Users/john.pacino/openflight_sessions/trackman/camera/camera_20260809_113208_656_021/last.pgm;/Users/john.pacino/openflight_sessions/trackman/camera/camera_20260809_113208_656_021/metadata.json;/Users/john.pacino/openflight_sessions/trackman/camera/camera_20260809_113208_656_021/trigger.pgm,-0.7239071931850702,0.9417456667803066,-0.8607732794823839,1.4464367727245309
matched,-754.3103694915771,64,2,16,9cfd4507-fd93-f111-9ed5-c6cbf142edef,23f3547d-9938-4f24-b477-3b5d47cc37b7,2026-08-09T15:34:50.321414+00:00,2026-08-09T11:34:50.321414-04:00,9Iron,Premium,106.17841803865414,83.33929849677872,20.032000000000004,0.1809999999999994,-3.794,1.279,-0.107,-1.386,5797.120000000003,-4.078,149.69651933647398,20260809_113433,1,2026-08-09T11:34:49.567104-04:00,9-iron,105.60721153735325,83.1914763845215,19.137689345183503,-3.5864774284223655,radar,0.95,0.933,4709.078193819962,11.968,12.0,0.233,-0.032,config/iwr6843_l3dump_wide_24f3ms_53bin_iq16.cfg,732812,,,/Users/john.pacino/openflight_sessions/session_20260809_113433_trackman.jsonl,/Users/john.pacino/openflight_sessions/terminal_logs/kiosk_20260809_113424.log,/Users/john.pacino/openflight_sessions/iwr6843/iwr6843_20260809_113449_571_001.l3dump,/Users/john.pacino/openflight_sessions/trackman/camera/camera_20260809_113449_571_001,/Users/john.pacino/openflight_sessions/trackman/camera/camera_20260809_113449_571_001/first.pgm;/Users/john.pacino/openflight_sessions/trackman/camera/camera_20260809_113449_571_001/frames.npz;/Users/john.pacino/openflight_sessions/trackman/camera/camera_20260809_113449_571_001/last.pgm;/Users/john.pacino/openflight_sessions/trackman/camera/camera_20260809_113449_571_001/metadata.json;/Users/john.pacino/openflight_sessions/trackman/camera/camera_20260809_113449_571_001/trigger.pgm,-0.5712065013008925,-0.14782211225723074,-0.8943106548165005,-3.767477428422365
matched,-748.5828399658203,65,2,6,9cfd4507-fd93-f111-9ed5-c6cbf142edef,b3829587-074a-46fc-bcac-12d57859adfe,2026-08-09T15:35:17.501928+00:00,2026-08-09T11:35:17.501928-04:00,9Iron,Premium,107.40649606299202,83.18271295633491,21.833999999999996,2.858999999999999,-6.006,1.387,3.233,1.847,6455.340000000004,1.9839999999999995,149.18795777938683,20260809_113433,2,2026-08-09T11:35:16.753345-04:00,9-iron,106.72284469188048,81.96956975463868,22.142353816039765,0.4017732903068499,radar,0.95,0.899,5625.876709930482,12.201,12.0,0.466,0.201,config/iwr6843_l3dump_wide_24f3ms_53bin_iq16.cfg,732812,,,/Users/john.pacino/openflight_sessions/session_20260809_113433_trackman.jsonl,/Users/john.pacino/openflight_sessions/terminal_logs/kiosk_20260809_113424.log,/Users/john.pacino/openflight_sessions/iwr6843/iwr6843_20260809_113516_751_002.l3dump,/Users/john.pacino/openflight_sessions/trackman/camera/camera_20260809_113516_751_002,/Users/john.pacino/openflight_sessions/trackman/camera/camera_20260809_113516_751_002/first.pgm;/Users/john.pacino/openflight_sessions/trackman/camera/camera_20260809_113516_751_002/frames.npz;/Users/john.pacino/openflight_sessions/trackman/camera/camera_20260809_113516_751_002/last.pgm;/Users/john.pacino/openflight_sessions/trackman/camera/camera_20260809_113516_751_002/metadata.json;/Users/john.pacino/openflight_sessions/trackman/camera/camera_20260809_113516_751_002/trigger.pgm,-0.6836513711115373,-1.2131432016962265,0.3083538160397694,-2.457226709693149
matched,-756.3498020172119,66,2,29,9cfd4507-fd93-f111-9ed5-c6cbf142edef,a55966d9-1589-4eb9-9f29-5562d616f2d4,2026-08-09T15:35:47.264274+00:00,2026-08-09T11:35:47.264274-04:00,9Iron,Premium,110.82677165354319,85.16240157480306,21.64999999999998,0.5170000000000009,-3.581,1.749,0.2,-1.548,6165.109999999993,-3.177000000000001,156.25130446325005,20260809_113433,3,2026-08-09T11:35:46.507924-04:00,9-iron,110.14735988190789,84.82068522436525,21.932738724844313,-0.8300197850183801,radar,0.95,0.906,5743.765449083134,12.085,12.0,0.35,0.085,config/iwr6843_l3dump_wide_24f3ms_53bin_iq16.cfg,732812,,,/Users/john.pacino/openflight_sessions/session_20260809_113433_trackman.jsonl,/Users/john.pacino/openflight_sessions/terminal_logs/kiosk_20260809_113424.log,/Users/john.pacino/openflight_sessions/iwr6843/iwr6843_20260809_113546_514_003.l3dump,/Users/john.pacino/openflight_sessions/trackman/camera/camera_20260809_113546_514_003,/Users/john.pacino/openflight_sessions/trackman/camera/camera_20260809_113546_514_003/first.pgm;/Users/john.pacino/openflight_sessions/trackman/camera/camera_20260809_113546_514_003/frames.npz;/Users/john.pacino/openflight_sessions/trackman/camera/camera_20260809_113546_514_003/last.pgm;/Users/john.pacino/openflight_sessions/trackman/camera/camera_20260809_113546_514_003/metadata.json;/Users/john.pacino/openflight_sessions/trackman/camera/camera_20260809_113546_514_003/trigger.pgm,-0.6794117716353014,-0.3417163504378067,0.28273872484433227,-1.347019785018381
matched,-753.7522315979004,67,2,5,9cfd4507-fd93-f111-9ed5-c6cbf142edef,9c775f81-65ab-44fc-8719-102635aea5d3,2026-08-09T15:36:34.142349+00:00,2026-08-09T11:36:34.142349-04:00,9Iron,Premium,111.06836077308508,85.68808160343583,20.68699999999998,-0.9309999999999982,-3.025,1.316,-1.504,-2.82,5862.279999999999,-5.773,158.24659941135272,20260809_113433,4,2026-08-09T11:36:33.388597-04:00,9-iron,110.13750923206798,85.22798743432618,19.799033903400364,-1.9698879456082303,radar,0.95,0.927,5107.35850104476,12.055,12.0,0.32,0.055,config/iwr6843_l3dump_wide_24f3ms_53bin_iq16.cfg,732812,,,/Users/john.pacino/openflight_sessions/session_20260809_113433_trackman.jsonl,/Users/john.pacino/openflight_sessions/terminal_logs/kiosk_20260809_113424.log,/Users/john.pacino/openflight_sessions/iwr6843/iwr6843_20260809_113633_392_004.l3dump,/Users/john.pacino/openflight_sessions/trackman/camera/camera_20260809_113633_392_004,/Users/john.pacino/openflight_sessions/trackman/camera/camera_20260809_113633_392_004/first.pgm;/Users/john.pacino/openflight_sessions/trackman/camera/camera_20260809_113633_392_004/frames.npz;/Users/john.pacino/openflight_sessions/trackman/camera/camera_20260809_113633_392_004/last.pgm;/Users/john.pacino/openflight_sessions/trackman/camera/camera_20260809_113633_392_004/metadata.json;/Users/john.pacino/openflight_sessions/trackman/camera/camera_20260809_113633_392_004/trigger.pgm,-0.9308515410170912,-0.4600941691096523,-0.8879660965996159,-1.038887945608232
matched,-743.7789440155029,68,2,9,9cfd4507-fd93-f111-9ed5-c6cbf142edef,54ee0f65-21d6-482f-b0c3-1b9eb05ff0d1,2026-08-09T15:36:58.28864+00:00,2026-08-09T11:36:58.288640-04:00,9Iron,Premium,110.67913385826758,84.48237294201853,20.854999999999997,1.2139999999999995,-4.919,1.203,1.217,0.014,6521.330000000002,-0.30300000000000027,154.74863168793155,20260809_113433,5,2026-08-09T11:36:57.544861-04:00,9-iron,109.70653353686909,84.51520856689454,19.54643323314094,0.7428716381714554,radar,0.95,0.921,5012.644048258818,11.997,12.0,0.262,-0.003,config/iwr6843_l3dump_wide_24f3ms_53bin_iq16.cfg,732812,,,/Users/john.pacino/openflight_sessions/session_20260809_113433_trackman.jsonl,/Users/john.pacino/openflight_sessions/terminal_logs/kiosk_20260809_113424.log,/Users/john.pacino/openflight_sessions/iwr6843/iwr6843_20260809_113657_539_005.l3dump,/Users/john.pacino/openflight_sessions/trackman/camera/camera_20260809_113657_539_005,/Users/john.pacino/openflight_sessions/trackman/camera/camera_20260809_113657_539_005/first.pgm;/Users/john.pacino/openflight_sessions/trackman/camera/camera_20260809_113657_539_005/frames.npz;/Users/john.pacino/openflight_sessions/trackman/camera/camera_20260809_113657_539_005/last.pgm;/Users/john.pacino/openflight_sessions/trackman/camera/camera_20260809_113657_539_005/metadata.json;/Users/john.pacino/openflight_sessions/trackman/camera/camera_20260809_113657_539_005/trigger.pgm,-0.9726003213984882,0.032835624876014435,-1.3085667668590553,-0.4711283618285441
matched,-761.5635395050049,69,2,63,9cfd4507-fd93-f111-9ed5-c6cbf142edef,38d81c85-2628-4800-9d8c-a63eb28f46de,2026-08-09T15:37:29.606501+00:00,2026-08-09T11:37:29.606501-04:00,9Iron,Premium,103.57462419470285,,16.327999999999996,-4.886999999999991,,5.661,-6.601,-12.262,3674.5399999999954,-46.545,129.2844666263388,20260809_113433,6,2026-08-09T11:37:28.844938-04:00,9-iron,103.69272452340675,84.00608080444337,14.581364691254933,-8.915081971650693,radar,0.95,0.911,3367.9846578115867,12.054,12.0,0.319,0.054,config/iwr6843_l3dump_wide_24f3ms_53bin_iq16.cfg,732812,,,/Users/john.pacino/openflight_sessions/session_20260809_113433_trackman.jsonl,/Users/john.pacino/openflight_sessions/terminal_logs/kiosk_20260809_113424.log,/Users/john.pacino/openflight_sessions/iwr6843/iwr6843_20260809_113728_852_006.l3dump,/Users/john.pacino/openflight_sessions/trackman/camera/camera_20260809_113728_852_006,/Users/john.pacino/openflight_sessions/trackman/camera/camera_20260809_113728_852_006/first.pgm;/Users/john.pacino/openflight_sessions/trackman/camera/camera_20260809_113728_852_006/frames.npz;/Users/john.pacino/openflight_sessions/trackman/camera/camera_20260809_113728_852_006/last.pgm;/Users/john.pacino/openflight_sessions/trackman/camera/camera_20260809_113728_852_006/metadata.json;/Users/john.pacino/openflight_sessions/trackman/camera/camera_20260809_113728_852_006/trigger.pgm,0.1181003287039033,,-1.7466353087450628,-4.028081971650702
matched,-757.4279308319092,70,2,28,9cfd4507-fd93-f111-9ed5-c6cbf142edef,a0d7340e-5104-490d-b884-533766457f53,2026-08-09T15:37:48.229907+00:00,2026-08-09T11:37:48.229907-04:00,9Iron,Premium,108.79787043664987,82.41768074445231,20.496999999999996,0.8130000000000012,,2.876,0.417,-2.459,5624.1299999999965,-6.8359999999999985,155.19291310544986,20260809_113433,7,2026-08-09T11:37:47.472479-04:00,9-iron,107.92951868475959,83.70060414697267,20.0243998640162,0.6813303211320701,radar,0.95,0.899,5070.613955466056,12.085,12.0,0.35,0.085,config/iwr6843_l3dump_wide_24f3ms_53bin_iq16.cfg,732812,,,/Users/john.pacino/openflight_sessions/session_20260809_113433_trackman.jsonl,/Users/john.pacino/openflight_sessions/terminal_logs/kiosk_20260809_113424.log,/Users/john.pacino/openflight_sessions/iwr6843/iwr6843_20260809_113747_478_007.l3dump,/Users/john.pacino/openflight_sessions/trackman/camera/camera_20260809_113747_478_007,/Users/john.pacino/openflight_sessions/trackman/camera/camera_20260809_113747_478_007/first.pgm;/Users/john.pacino/openflight_sessions/trackman/camera/camera_20260809_113747_478_007/frames.npz;/Users/john.pacino/openflight_sessions/trackman/camera/camera_20260809_113747_478_007/last.pgm;/Users/john.pacino/openflight_sessions/trackman/camera/camera_20260809_113747_478_007/metadata.json;/Users/john.pacino/openflight_sessions/trackman/camera/camera_20260809_113747_478_007/trigger.pgm,-0.8683517518902875,1.2829234025203533,-0.4726001359837966,-0.13166967886793102
matched,-755.6765079498291,71,2,48,9cfd4507-fd93-f111-9ed5-c6cbf142edef,83e6f226-4e7d-4109-8c2f-78b1f61adfbb,2026-08-09T15:38:31.476568+00:00,2026-08-09T11:38:31.476568-04:00,9Iron,Premium,107.87848962061548,84.05511811023612,20.32499999999999,1.116,,0.738,1.207,0.469,6312.320000000001,-0.43599999999999967,150.8574607506041,20260809_113433,8,2026-08-09T11:38:30.720891-04:00,9-iron,107.55639550385747,84.4133830144043,20.34153068259824,1.7336210691454932,radar,0.95,0.9,5145.220016133935,12.113,12.0,0.378,0.113,config/iwr6843_l3dump_wide_24f3ms_53bin_iq16.cfg,732812,,,/Users/john.pacino/openflight_sessions/session_20260809_113433_trackman.jsonl,/Users/john.pacino/openflight_sessions/terminal_logs/kiosk_20260809_113424.log,/Users/john.pacino/openflight_sessions/iwr6843/iwr6843_20260809_113830_727_009.l3dump,/Users/john.pacino/openflight_sessions/trackman/camera/camera_20260809_113830_727_009,/Users/john.pacino/openflight_sessions/trackman/camera/camera_20260809_113830_727_009/first.pgm;/Users/john.pacino/openflight_sessions/trackman/camera/camera_20260809_113830_727_009/frames.npz;/Users/john.pacino/openflight_sessions/trackman/camera/camera_20260809_113830_727_009/last.pgm;/Users/john.pacino/openflight_sessions/trackman/camera/camera_20260809_113830_727_009/metadata.json;/Users/john.pacino/openflight_sessions/trackman/camera/camera_20260809_113830_727_009/trigger.pgm,-0.32209411675800936,0.35826490416818046,0.01653068259825119,0.6176210691454931
matched,-745.4769611358643,72,2,43,9cfd4507-fd93-f111-9ed5-c6cbf142edef,61db95f6-1778-49dd-8f97-753d9dbb75af,2026-08-09T15:39:11.102965+00:00,2026-08-09T11:39:11.102965-04:00,9Iron,Premium,110.14226914817455,86.03704366499633,19.690999999999978,0.08900000000000066,-6.992,1.683,-0.332,-2.014,6735.019999999998,-4.246999999999999,153.16372175005353,20260809_113433,9,2026-08-09T11:39:10.357488-04:00,9-iron,109.03904578513759,86.24624295922852,18.972697612522097,0.4023559811557112,radar,0.95,0.905,4813.705086811388,12.23,12.0,0.495,0.23,config/iwr6843_l3dump_wide_24f3ms_53bin_iq16.cfg,732812,,,/Users/john.pacino/openflight_sessions/session_20260809_113433_trackman.jsonl,/Users/john.pacino/openflight_sessions/terminal_logs/kiosk_20260809_113424.log,/Users/john.pacino/openflight_sessions/iwr6843/iwr6843_20260809_113910_354_010.l3dump,/Users/john.pacino/openflight_sessions/trackman/camera/camera_20260809_113910_354_010,/Users/john.pacino/openflight_sessions/trackman/camera/camera_20260809_113910_354_010/first.pgm;/Users/john.pacino/openflight_sessions/trackman/camera/camera_20260809_113910_354_010/frames.npz;/Users/john.pacino/openflight_sessions/trackman/camera/camera_20260809_113910_354_010/last.pgm;/Users/john.pacino/openflight_sessions/trackman/camera/camera_20260809_113910_354_010/metadata.json;/Users/john.pacino/openflight_sessions/trackman/camera/camera_20260809_113910_354_010/trigger.pgm,-1.1032233630369603,0.2091992942321923,-0.7183023874778804,0.3133559811557105
matched,-752.551794052124,73,2,12,9cfd4507-fd93-f111-9ed5-c6cbf142edef,4d727c45-9a46-4f2c-a249-2af8bc37df67,2026-08-09T15:39:31.273394+00:00,2026-08-09T11:39:31.273394-04:00,9Iron,Premium,108.2207408732998,83.82471367215452,18.82699999999999,0.3530000000000008,-7.325,3.188,-0.301,-3.489,5791.0999999999985,-5.064000000000001,153.26540085057397,20260809_113433,10,2026-08-09T11:39:30.520842-04:00,9-iron,107.67294791595651,82.78417417456056,18.5142567280012,-1.8658222694037347,radar,0.95,0.901,4620.773306608508,12.085,12.0,0.35,0.085,config/iwr6843_l3dump_wide_24f3ms_53bin_iq16.cfg,732812,,,/Users/john.pacino/openflight_sessions/session_20260809_113433_trackman.jsonl,/Users/john.pacino/openflight_sessions/terminal_logs/kiosk_20260809_113424.log,/Users/john.pacino/openflight_sessions/iwr6843/iwr6843_20260809_113930_522_011.l3dump,/Users/john.pacino/openflight_sessions/trackman/camera/camera_20260809_113930_522_011,/Users/john.pacino/openflight_sessions/trackman/camera/camera_20260809_113930_522_011/first.pgm;/Users/john.pacino/openflight_sessions/trackman/camera/camera_20260809_113930_522_011/frames.npz;/Users/john.pacino/openflight_sessions/trackman/camera/camera_20260809_113930_522_011/last.pgm;/Users/john.pacino/openflight_sessions/trackman/camera/camera_20260809_113930_522_011/metadata.json;/Users/john.pacino/openflight_sessions/trackman/camera/camera_20260809_113930_522_011/trigger.pgm,-0.5477929573432903,-1.0405394975939544,-0.3127432719987908,-2.2188222694037356
matched,-746.3254928588867,74,2,3,9cfd4507-fd93-f111-9ed5-c6cbf142edef,1f3ac4d1-d369-445e-84b3-0bc2b60bd5a6,2026-08-09T15:39:49.739456+00:00,2026-08-09T11:39:49.739456-04:00,9Iron,Premium,113.77729062276296,83.72181460272002,19.51499999999999,-0.6259999999999974,-4.841,2.147,-1.285,-3.432,5828.49,-8.813,163.16634752990544,20260809_113433,11,2026-08-09T11:39:48.993130-04:00,9-iron,112.92125731005667,84.51520856689454,17.263928194504857,-1.854475853259767,radar,0.95,0.877,4468.226330251391,12.114,12.0,0.379,0.114,config/iwr6843_l3dump_wide_24f3ms_53bin_iq16.cfg,732812,,,/Users/john.pacino/openflight_sessions/session_20260809_113433_trackman.jsonl,/Users/john.pacino/openflight_sessions/terminal_logs/kiosk_20260809_113424.log,/Users/john.pacino/openflight_sessions/iwr6843/iwr6843_20260809_113948_990_012.l3dump,/Users/john.pacino/openflight_sessions/trackman/camera/camera_20260809_113948_990_012,/Users/john.pacino/openflight_sessions/trackman/camera/camera_20260809_113948_990_012/first.pgm;/Users/john.pacino/openflight_sessions/trackman/camera/camera_20260809_113948_990_012/frames.npz;/Users/john.pacino/openflight_sessions/trackman/camera/camera_20260809_113948_990_012/last.pgm;/Users/john.pacino/openflight_sessions/trackman/camera/camera_20260809_113948_990_012/metadata.json;/Users/john.pacino/openflight_sessions/trackman/camera/camera_20260809_113948_990_012/trigger.pgm,-0.8560333127062876,0.7933939641745269,-2.2510718054951333,-1.2284758532597695
matched,-754.8120021820068,75,2,64,9cfd4507-fd93-f111-9ed5-c6cbf142edef,62e17f63-f650-4a87-a8c2-aad058bfee3a,2026-08-09T15:40:10.601771+00:00,2026-08-09T11:40:10.601771-04:00,9Iron,Premium,109.545007158196,86.07507158196125,23.20599999999999,6.256,-3.467,2.134,7.441,5.307,7076.0400000000045,4.301000000000002,149.5610268914217,20260809_113433,12,2026-08-09T11:40:09.846959-04:00,9-iron,108.94921504531901,84.10790635693361,24.21568268210998,4.942507689968762,radar,0.95,0.815,6356.720291511958,12.172,12.0,0.437,0.172,config/iwr6843_l3dump_wide_24f3ms_53bin_iq16.cfg,732812,,,/Users/john.pacino/openflight_sessions/session_20260809_113433_trackman.jsonl,/Users/john.pacino/openflight_sessions/terminal_logs/kiosk_20260809_113424.log,/Users/john.pacino/openflight_sessions/iwr6843/iwr6843_20260809_114009_851_013.l3dump,/Users/john.pacino/openflight_sessions/trackman/camera/camera_20260809_114009_851_013,/Users/john.pacino/openflight_sessions/trackman/camera/camera_20260809_114009_851_013/first.pgm;/Users/john.pacino/openflight_sessions/trackman/camera/camera_20260809_114009_851_013/frames.npz;/Users/john.pacino/openflight_sessions/trackman/camera/camera_20260809_114009_851_013/last.pgm;/Users/john.pacino/openflight_sessions/trackman/camera/camera_20260809_114009_851_013/metadata.json;/Users/john.pacino/openflight_sessions/trackman/camera/camera_20260809_114009_851_013/trigger.pgm,-0.5957921128769925,-1.9671652250276424,1.0096826821099896,-1.3134923100312381
matched,-751.5671253204346,76,2,50,9cfd4507-fd93-f111-9ed5-c6cbf142edef,0ed6993a-dc48-433a-b1fa-7eef2f7c022f,2026-08-09T15:40:30.688417+00:00,2026-08-09T11:40:30.688417-04:00,9Iron,Premium,103.40461703650669,,19.06699999999998,-3.3009999999999806,,2.981,-3.957,-6.938,2630.4199999999983,-39.63399999999999,142.865168571941,20260809_113433,13,2026-08-09T11:40:29.936850-04:00,9-iron,103.07777811766925,86.85719627416994,17.290264479265517,-7.296132028370099,radar,0.95,0.884,4085.9655444126756,12.144,12.0,0.409,0.144,config/iwr6843_l3dump_wide_24f3ms_53bin_iq16.cfg,732812,,,/Users/john.pacino/openflight_sessions/session_20260809_113433_trackman.jsonl,/Users/john.pacino/openflight_sessions/terminal_logs/kiosk_20260809_113424.log,/Users/john.pacino/openflight_sessions/iwr6843/iwr6843_20260809_114029_936_014.l3dump,/Users/john.pacino/openflight_sessions/trackman/camera/camera_20260809_114029_936_014,/Users/john.pacino/openflight_sessions/trackman/camera/camera_20260809_114029_936_014/first.pgm;/Users/john.pacino/openflight_sessions/trackman/camera/camera_20260809_114029_936_014/frames.npz;/Users/john.pacino/openflight_sessions/trackman/camera/camera_20260809_114029_936_014/last.pgm;/Users/john.pacino/openflight_sessions/trackman/camera/camera_20260809_114029_936_014/metadata.json;/Users/john.pacino/openflight_sessions/trackman/camera/camera_20260809_114029_936_014/trigger.pgm,-0.32683891883743854,,-1.7767355207344622,-3.9951320283701186
matched,-756.5364837646484,77,2,60,9cfd4507-fd93-f111-9ed5-c6cbf142edef,29733c92-f172-42b6-9d0d-a281828dd7f1,2026-08-09T15:40:49.146618+00:00,2026-08-09T11:40:49.146618-04:00,9Iron,Premium,111.71707229778087,85.79545454545445,18.83999999999998,1.253000000000002,-4.183,4.293,0.503,-3.79,5671.639999999997,-9.675,160.00242102551508,20260809_113433,14,2026-08-09T11:40:48.390081-04:00,9-iron,110.90018140688889,82.78417417456056,17.350731342921318,-2.3296111177188874,radar,0.95,0.889,4413.9308453329,12.055,12.0,0.32,0.055,config/iwr6843_l3dump_wide_24f3ms_53bin_iq16.cfg,732812,,,/Users/john.pacino/openflight_sessions/session_20260809_113433_trackman.jsonl,/Users/john.pacino/openflight_sessions/terminal_logs/kiosk_20260809_113424.log,/Users/john.pacino/openflight_sessions/iwr6843/iwr6843_20260809_114048_395_015.l3dump,/Users/john.pacino/openflight_sessions/trackman/camera/camera_20260809_114048_395_015,/Users/john.pacino/openflight_sessions/trackman/camera/camera_20260809_114048_395_015/first.pgm;/Users/john.pacino/openflight_sessions/trackman/camera/camera_20260809_114048_395_015/frames.npz;/Users/john.pacino/openflight_sessions/trackman/camera/camera_20260809_114048_395_015/last.pgm;/Users/john.pacino/openflight_sessions/trackman/camera/camera_20260809_114048_395_015/metadata.json;/Users/john.pacino/openflight_sessions/trackman/camera/camera_20260809_114048_395_015/trigger.pgm,-0.8168908908919832,-3.0112803708938856,-1.4892686570786609,-3.5826111177188893
matched,-752.0785331726074,78,2,25,9cfd4507-fd93-f111-9ed5-c6cbf142edef,ee6810fe-df5b-4d7c-8347-4bfde21c78d0,2026-08-09T15:41:07.432346+00:00,2026-08-09T11:41:07.432346-04:00,9Iron,Premium,108.27890121689323,85.14674302075868,18.435999999999996,1.0550000000000002,-5.323,2.71,0.655,-2.055,5542.290000000001,-4.296999999999999,154.2653342349838,20260809_113433,15,2026-08-09T11:41:06.680268-04:00,9-iron,107.58771490374865,81.66409309716798,16.747554672678465,-2.4619137275153418,radar,0.95,0.869,4109.260933920478,12.055,12.0,0.32,0.055,config/iwr6843_l3dump_wide_24f3ms_53bin_iq16.cfg,732812,,,/Users/john.pacino/openflight_sessions/session_20260809_113433_trackman.jsonl,/Users/john.pacino/openflight_sessions/terminal_logs/kiosk_20260809_113424.log,/Users/john.pacino/openflight_sessions/iwr6843/iwr6843_20260809_114106_681_016.l3dump,/Users/john.pacino/openflight_sessions/trackman/camera/camera_20260809_114106_681_016,/Users/john.pacino/openflight_sessions/trackman/camera/camera_20260809_114106_681_016/first.pgm;/Users/john.pacino/openflight_sessions/trackman/camera/camera_20260809_114106_681_016/frames.npz;/Users/john.pacino/openflight_sessions/trackman/camera/camera_20260809_114106_681_016/last.pgm;/Users/john.pacino/openflight_sessions/trackman/camera/camera_20260809_114106_681_016/metadata.json;/Users/john.pacino/openflight_sessions/trackman/camera/camera_20260809_114106_681_016/trigger.pgm,-0.6911863131445841,-3.4826499235906994,-1.6884453273215314,-3.516913727515342
matched,-751.7104148864746,79,2,81,9cfd4507-fd93-f111-9ed5-c6cbf142edef,e01296f0-f0c6-4cc4-8cf6-eed740a9a481,2026-08-09T15:41:26.562774+00:00,2026-08-09T11:41:26.562774-04:00,9Iron,Premium,114.32310307802423,83.01046886184673,18.220999999999986,-0.11599999999999763,-6.761,3.209,-0.88,-4.089,5879.610000000002,-8.371999999999996,163.87133783281288,20260809_113433,16,2026-08-09T11:41:25.811064-04:00,9-iron,113.79023321732512,81.66409309716798,16.835124547894406,-1.473473647885495,radar,0.95,0.823,4372.659690228915,12.172,12.0,0.437,0.172,config/iwr6843_l3dump_wide_24f3ms_53bin_iq16.cfg,732812,,,/Users/john.pacino/openflight_sessions/session_20260809_113433_trackman.jsonl,/Users/john.pacino/openflight_sessions/terminal_logs/kiosk_20260809_113424.log,/Users/john.pacino/openflight_sessions/iwr6843/iwr6843_20260809_114125_814_017.l3dump,/Users/john.pacino/openflight_sessions/trackman/camera/camera_20260809_114125_814_017,/Users/john.pacino/openflight_sessions/trackman/camera/camera_20260809_114125_814_017/first.pgm;/Users/john.pacino/openflight_sessions/trackman/camera/camera_20260809_114125_814_017/frames.npz;/Users/john.pacino/openflight_sessions/trackman/camera/camera_20260809_114125_814_017/last.pgm;/Users/john.pacino/openflight_sessions/trackman/camera/camera_20260809_114125_814_017/metadata.json;/Users/john.pacino/openflight_sessions/trackman/camera/camera_20260809_114125_814_017/trigger.pgm,-0.5328698606991082,-1.3463757646787542,-1.38587545210558,-1.3574736478854974
matched,-748.4276294708252,80,2,80,9cfd4507-fd93-f111-9ed5-c6cbf142edef,49b21feb-896f-41da-9ad1-e9ad897e5710,2026-08-09T15:41:43.743393+00:00,2026-08-09T11:41:43.743393-04:00,9Iron,Premium,112.84225125268418,83.82471367215452,17.821999999999996,-0.5729999999999991,-5.958,3.927,-1.618,-5.545,5664.27,-11.089999999999996,161.69166088822647,20260809_113433,17,2026-08-09T11:41:42.994965-04:00,9-iron,112.19607702958594,81.35861643969726,17.12185135849575,-3.8525889151566566,radar,0.95,0.892,4397.040813678898,12.142,12.0,0.407,0.142,config/iwr6843_l3dump_wide_24f3ms_53bin_iq16.cfg,732812,,,/Users/john.pacino/openflight_sessions/session_20260809_113433_trackman.jsonl,/Users/john.pacino/openflight_sessions/terminal_logs/kiosk_20260809_113424.log,/Users/john.pacino/openflight_sessions/iwr6843/iwr6843_20260809_114142_992_018.l3dump,/Users/john.pacino/openflight_sessions/trackman/camera/camera_20260809_114142_992_018,/Users/john.pacino/openflight_sessions/trackman/camera/camera_20260809_114142_992_018/first.pgm;/Users/john.pacino/openflight_sessions/trackman/camera/camera_20260809_114142_992_018/frames.npz;/Users/john.pacino/openflight_sessions/trackman/camera/camera_20260809_114142_992_018/last.pgm;/Users/john.pacino/openflight_sessions/trackman/camera/camera_20260809_114142_992_018/metadata.json;/Users/john.pacino/openflight_sessions/trackman/camera/camera_20260809_114142_992_018/trigger.pgm,-0.6461742230982424,-2.4660972324572583,-0.7001486415042457,-3.2795889151566575
matched,-755.7713985443115,81,2,44,9cfd4507-fd93-f111-9ed5-c6cbf142edef,8c832caf-bb5a-412b-a8c7-76452c0bc38e,2026-08-09T15:42:03.951614+00:00,2026-08-09T11:42:03.951614-04:00,9Iron,Premium,108.03060128847517,,21.593999999999998,-0.47099999999999975,,0.984,-0.846,-1.831,5818.9100000000035,-4.874000000000001,152.92476071756082,20260809_113433,18,2026-08-09T11:42:03.195843-04:00,9-iron,107.3150016228021,83.1914763845215,20.96530789654998,0.369224701009615,radar,0.95,0.921,5314.734345125048,12.172,12.0,0.437,0.172,config/iwr6843_l3dump_wide_24f3ms_53bin_iq16.cfg,732812,,,/Users/john.pacino/openflight_sessions/session_20260809_113433_trackman.jsonl,/Users/john.pacino/openflight_sessions/terminal_logs/kiosk_20260809_113424.log,/Users/john.pacino/openflight_sessions/iwr6843/iwr6843_20260809_114203_200_019.l3dump,/Users/john.pacino/openflight_sessions/trackman/camera/camera_20260809_114203_200_019,/Users/john.pacino/openflight_sessions/trackman/camera/camera_20260809_114203_200_019/first.pgm;/Users/john.pacino/openflight_sessions/trackman/camera/camera_20260809_114203_200_019/frames.npz;/Users/john.pacino/openflight_sessions/trackman/camera/camera_20260809_114203_200_019/last.pgm;/Users/john.pacino/openflight_sessions/trackman/camera/camera_20260809_114203_200_019/metadata.json;/Users/john.pacino/openflight_sessions/trackman/camera/camera_20260809_114203_200_019/trigger.pgm,-0.7155996656730679,,-0.6286921034500175,0.8402247010096148
matched,-748.7607002258301,82,2,75,9cfd4507-fd93-f111-9ed5-c6cbf142edef,f8a54d26-21ea-432a-b696-c9abfec276ac,2026-08-09T15:42:21.313625+00:00,2026-08-09T11:42:21.313625-04:00,9Iron,Premium,100.17895490336426,77.16311739441652,18.13100000000001,-4.477,-7.654,3.043,-5.56,-8.602,3514.0299999999975,-26.78199999999999,138.38263199703852,20260809_113433,19,2026-08-09T11:42:20.564864-04:00,9-iron,100.4246056001821,85.02433632934572,17.163745061668067,-4.4926641206716615,radar,0.95,0.793,3946.9200216561026,12.201,12.0,0.466,0.201,config/iwr6843_l3dump_wide_24f3ms_53bin_iq16.cfg,732812,,,/Users/john.pacino/openflight_sessions/session_20260809_113433_trackman.jsonl,/Users/john.pacino/openflight_sessions/terminal_logs/kiosk_20260809_113424.log,/Users/john.pacino/openflight_sessions/iwr6843/iwr6843_20260809_114220_561_020.l3dump,/Users/john.pacino/openflight_sessions/trackman/camera/camera_20260809_114220_561_020,/Users/john.pacino/openflight_sessions/trackman/camera/camera_20260809_114220_561_020/first.pgm;/Users/john.pacino/openflight_sessions/trackman/camera/camera_20260809_114220_561_020/frames.npz;/Users/john.pacino/openflight_sessions/trackman/camera/camera_20260809_114220_561_020/last.pgm;/Users/john.pacino/openflight_sessions/trackman/camera/camera_20260809_114220_561_020/metadata.json;/Users/john.pacino/openflight_sessions/trackman/camera/camera_20260809_114220_561_020/trigger.pgm,0.24565069681784735,7.861218934929198,-0.9672549383319442,-0.01566412067166123
matched,-758.1050395965576,83,2,71,9cfd4507-fd93-f111-9ed5-c6cbf142edef,0726bd1b-e743-432e-927c-bd726b1282f8,2026-08-09T15:42:38.142376+00:00,2026-08-09T11:42:38.142376-04:00,9Iron,Premium,102.87222619899778,76.44058697208294,18.48299999999998,-1.8139999999999932,-7.313,5.703,-3.254,-8.956,4722.969999999995,-19.787000000000003,143.92896489300853,20260809_113433,20,2026-08-09T11:42:37.384271-04:00,9-iron,102.5959494406465,82.88599972705079,17.530680918060334,-4.049102142209891,radar,0.95,0.924,4132.697037941551,12.026,12.0,0.291,0.026,config/iwr6843_l3dump_wide_24f3ms_53bin_iq16.cfg,732812,,,/Users/john.pacino/openflight_sessions/session_20260809_113433_trackman.jsonl,/Users/john.pacino/openflight_sessions/terminal_logs/kiosk_20260809_113424.log,/Users/john.pacino/openflight_sessions/iwr6843/iwr6843_20260809_114237_390_021.l3dump,/Users/john.pacino/openflight_sessions/trackman/camera/camera_20260809_114237_390_021,/Users/john.pacino/openflight_sessions/trackman/camera/camera_20260809_114237_390_021/first.pgm;/Users/john.pacino/openflight_sessions/trackman/camera/camera_20260809_114237_390_021/frames.npz;/Users/john.pacino/openflight_sessions/trackman/camera/camera_20260809_114237_390_021/last.pgm;/Users/john.pacino/openflight_sessions/trackman/camera/camera_20260809_114237_390_021/metadata.json;/Users/john.pacino/openflight_sessions/trackman/camera/camera_20260809_114237_390_021/trigger.pgm,-0.27627675835127263,6.4454127549678475,-0.9523190819396454,-2.2351021422098984
matched,-749.4189739227295,84,2,77,9cfd4507-fd93-f111-9ed5-c6cbf142edef,5fd5bda1-4815-4aa9-a0f6-d38c6ba9cac2,2026-08-09T15:42:53.62132+00:00,2026-08-09T11:42:53.621320-04:00,9Iron,Premium,108.4914101646384,82.84493557623469,18.932999999999993,0.33300000000000085,-6.525,2.737,-0.24,-2.976,5814.289999999999,-7.854999999999999,153.53554314135067,20260809_113433,21,2026-08-09T11:42:52.871901-04:00,9-iron,107.95122051954704,82.17322085961915,18.26551440958017,-3.14986166961102,radar,0.95,0.801,4560.685335397088,12.115,12.0,0.38,0.115,config/iwr6843_l3dump_wide_24f3ms_53bin_iq16.cfg,732812,,,/Users/john.pacino/openflight_sessions/session_20260809_113433_trackman.jsonl,/Users/john.pacino/openflight_sessions/terminal_logs/kiosk_20260809_113424.log,/Users/john.pacino/openflight_sessions/iwr6843/iwr6843_20260809_114252_872_022.l3dump,/Users/john.pacino/openflight_sessions/trackman/camera/camera_20260809_114252_872_022,/Users/john.pacino/openflight_sessions/trackman/camera/camera_20260809_114252_872_022/first.pgm;/Users/john.pacino/openflight_sessions/trackman/camera/camera_20260809_114252_872_022/frames.npz;/Users/john.pacino/openflight_sessions/trackman/camera/camera_20260809_114252_872_022/last.pgm;/Users/john.pacino/openflight_sessions/trackman/camera/camera_20260809_114252_872_022/metadata.json;/Users/john.pacino/openflight_sessions/trackman/camera/camera_20260809_114252_872_022/trigger.pgm,-0.5401896450913597,-0.6717147166155399,-0.6674855904198225,-3.4828616696110206
matched,-751.6529560089111,85,2,26,9cfd4507-fd93-f111-9ed5-c6cbf142edef,ab09698b-cec5-472a-baa2-5127a5f3f1d1,2026-08-09T15:43:08.303216+00:00,2026-08-09T11:43:08.303216-04:00,9Iron,Premium,108.37508947745158,84.62106299212589,20.15499999999999,0.5749999999999997,-5.758,0.55,0.581,0.031,6065.99,-3.384000000000002,152.68564139575292,20260809_113433,22,2026-08-09T11:43:07.551563-04:00,9-iron,107.7298042517261,83.90425525195313,20.0544626549327,0.39938149672779877,radar,0.95,0.921,5069.9754926837995,12.084,12.0,0.349,0.084,config/iwr6843_l3dump_wide_24f3ms_53bin_iq16.cfg,732812,,,/Users/john.pacino/openflight_sessions/session_20260809_113433_trackman.jsonl,/Users/john.pacino/openflight_sessions/terminal_logs/kiosk_20260809_113424.log,/Users/john.pacino/openflight_sessions/iwr6843/iwr6843_20260809_114307_552_023.l3dump,/Users/john.pacino/openflight_sessions/trackman/camera/camera_20260809_114307_552_023,/Users/john.pacino/openflight_sessions/trackman/camera/camera_20260809_114307_552_023/first.pgm;/Users/john.pacino/openflight_sessions/trackman/camera/camera_20260809_114307_552_023/frames.npz;/Users/john.pacino/openflight_sessions/trackman/camera/camera_20260809_114307_552_023/last.pgm;/Users/john.pacino/openflight_sessions/trackman/camera/camera_20260809_114307_552_023/metadata.json;/Users/john.pacino/openflight_sessions/trackman/camera/camera_20260809_114307_552_023/trigger.pgm,-0.6452852257254875,-0.7168077401727544,-0.10053734506729128,-0.17561850327220097
matched,-748.4486103057861,86,2,65,9cfd4507-fd93-f111-9ed5-c6cbf142edef,e9f62c41-07ef-4efc-9632-adb6bf1ac53c,2026-08-09T15:43:33.4281+00:00,2026-08-09T11:43:33.428100-04:00,9Iron,Premium,115.19103435934132,84.68817108088753,18.308000000000007,-0.37200000000000194,-5.84,5.114,-1.71,-6.823,6175.180000000001,-13.568000000000001,163.53194722954046,20260809_113433,23,2026-08-09T11:43:32.679651-04:00,9-iron,114.7887368831898,81.96956975463868,19.661018883620127,-1.7948742418268664,radar,0.95,0.925,5280.317578579593,12.056,12.0,0.321,0.056,config/iwr6843_l3dump_wide_24f3ms_53bin_iq16.cfg,732812,,,/Users/john.pacino/openflight_sessions/session_20260809_113433_trackman.jsonl,/Users/john.pacino/openflight_sessions/terminal_logs/kiosk_20260809_113424.log,/Users/john.pacino/openflight_sessions/iwr6843/iwr6843_20260809_114332_680_024.l3dump,/Users/john.pacino/openflight_sessions/trackman/camera/camera_20260809_114332_680_024,/Users/john.pacino/openflight_sessions/trackman/camera/camera_20260809_114332_680_024/first.pgm;/Users/john.pacino/openflight_sessions/trackman/camera/camera_20260809_114332_680_024/frames.npz;/Users/john.pacino/openflight_sessions/trackman/camera/camera_20260809_114332_680_024/last.pgm;/Users/john.pacino/openflight_sessions/trackman/camera/camera_20260809_114332_680_024/metadata.json;/Users/john.pacino/openflight_sessions/trackman/camera/camera_20260809_114332_680_024/trigger.pgm,-0.40229747615151723,-2.7186013262488444,1.3530188836201198,-1.4228742418268645
matched,-755.0156116485596,87,1,9,9cfd4507-fd93-f111-9ed5-c6cbf142edef,b448bb4b-caf0-4d10-8cb7-4cf33f089567,2026-08-09T15:44:07.868532+00:00,2026-08-09T11:44:07.868532-04:00,7Iron,Premium,118.84618826055821,88.81979241231201,15.797999999999995,2.9359999999999995,-4.61,3.608,2.778,-0.83,5226.65,-0.47199999999999925,175.0905335442981,20260809_113433,24,2026-08-09T11:44:07.113516-04:00,7-iron,118.69079899937967,83.8024296994629,18.105412079466433,1.8930876425329257,radar,0.94,0.731,4963.4828861868045,12.202,12.0,0.467,0.202,config/iwr6843_l3dump_wide_24f3ms_53bin_iq16.cfg,732812,,,/Users/john.pacino/openflight_sessions/session_20260809_113433_trackman.jsonl,/Users/john.pacino/openflight_sessions/terminal_logs/kiosk_20260809_113424.log,/Users/john.pacino/openflight_sessions/iwr6843/iwr6843_20260809_114407_119_025.l3dump,/Users/john.pacino/openflight_sessions/trackman/camera/camera_20260809_114407_119_025,/Users/john.pacino/openflight_sessions/trackman/camera/camera_20260809_114407_119_025/first.pgm;/Users/john.pacino/openflight_sessions/trackman/camera/camera_20260809_114407_119_025/frames.npz;/Users/john.pacino/openflight_sessions/trackman/camera/camera_20260809_114407_119_025/last.pgm;/Users/john.pacino/openflight_sessions/trackman/camera/camera_20260809_114407_119_025/metadata.json;/Users/john.pacino/openflight_sessions/trackman/camera/camera_20260809_114407_119_025/trigger.pgm,-0.15538926117854146,-5.017362712849106,2.307412079466438,-1.0429123574670738
matched,-752.9287338256836,88,1,2,9cfd4507-fd93-f111-9ed5-c6cbf142edef,122924ae-40d6-41ea-a88c-21957f00626e,2026-08-09T15:44:26.204805+00:00,2026-08-09T11:44:26.204805-04:00,7Iron,Premium,117.78588045812444,87.71250894774506,17.067000000000004,3.608000000000002,,0.246,4.367,4.121,6180.079999999998,7.066000000000001,168.63484667834285,20260809_113433,25,2026-08-09T11:44:25.451876-04:00,7-iron,117.09560967771648,83.08965083203127,17.38790204608099,5.990175494073776,radar,0.95,0.764,4672.12855059593,12.114,12.0,0.379,0.114,config/iwr6843_l3dump_wide_24f3ms_53bin_iq16.cfg,732812,,,/Users/john.pacino/openflight_sessions/session_20260809_113433_trackman.jsonl,/Users/john.pacino/openflight_sessions/terminal_logs/kiosk_20260809_113424.log,/Users/john.pacino/openflight_sessions/iwr6843/iwr6843_20260809_114425_456_026.l3dump,/Users/john.pacino/openflight_sessions/trackman/camera/camera_20260809_114425_456_026,/Users/john.pacino/openflight_sessions/trackman/camera/camera_20260809_114425_456_026/first.pgm;/Users/john.pacino/openflight_sessions/trackman/camera/camera_20260809_114425_456_026/frames.npz;/Users/john.pacino/openflight_sessions/trackman/camera/camera_20260809_114425_456_026/last.pgm;/Users/john.pacino/openflight_sessions/trackman/camera/camera_20260809_114425_456_026/metadata.json;/Users/john.pacino/openflight_sessions/trackman/camera/camera_20260809_114425_456_026/trigger.pgm,-0.6902707804079569,-4.622858115713797,0.3209020460809846,2.3821754940737745
matched,-752.5303363800049,89,1,3,9cfd4507-fd93-f111-9ed5-c6cbf142edef,3fabe1b5-831a-4c1c-834e-3803b141aa70,2026-08-09T15:44:45.264751+00:00,2026-08-09T11:44:45.264751-04:00,7Iron,Premium,112.20696134574074,83.32363994273435,12.382000000000001,-4.979999999999999,,0.846,-6.018,-6.864,4141.799999999995,-15.283999999999997,157.17318140543583,20260809_113433,26,2026-08-09T11:44:44.512221-04:00,7-iron,112.56142987189011,84.61703411938478,12.997311101454127,-3.2936685822125975,radar,0.95,0.81,3193.2889094017023,12.085,12.0,0.35,0.085,config/iwr6843_l3dump_wide_24f3ms_53bin_iq16.cfg,732812,,,/Users/john.pacino/openflight_sessions/session_20260809_113433_trackman.jsonl,/Users/john.pacino/openflight_sessions/terminal_logs/kiosk_20260809_113424.log,/Users/john.pacino/openflight_sessions/iwr6843/iwr6843_20260809_114444_514_027.l3dump,/Users/john.pacino/openflight_sessions/trackman/camera/camera_20260809_114444_514_027,/Users/john.pacino/openflight_sessions/trackman/camera/camera_20260809_114444_514_027/first.pgm;/Users/john.pacino/openflight_sessions/trackman/camera/camera_20260809_114444_514_027/frames.npz;/Users/john.pacino/openflight_sessions/trackman/camera/camera_20260809_114444_514_027/last.pgm;/Users/john.pacino/openflight_sessions/trackman/camera/camera_20260809_114444_514_027/metadata.json;/Users/john.pacino/openflight_sessions/trackman/camera/camera_20260809_114444_514_027/trigger.pgm,0.3544685261493754,1.2933941766504375,0.6153111014541253,1.6863314177874011
matched,-756.9835186004639,90,1,18,9cfd4507-fd93-f111-9ed5-c6cbf142edef,9740efd8-0801-4496-8b9f-faee93676a30,2026-08-09T15:45:00.915667+00:00,2026-08-09T11:45:00.915667-04:00,7Iron,Premium,106.82041875447376,81.71304581245518,15.15,1.0740000000000003,,1.56,1.014,-0.546,2998.739999999999,-3.6430000000000002,154.52285642689023,20260809_113433,27,2026-08-09T11:45:00.158684-04:00,7-iron,106.91784623412505,82.98782527954103,14.340145573249355,-3.0129446504787936,radar,0.95,0.893,3405.366520388809,12.206,12.0,0.471,0.206,config/iwr6843_l3dump_wide_24f3ms_53bin_iq16.cfg,732812,,,/Users/john.pacino/openflight_sessions/session_20260809_113433_trackman.jsonl,/Users/john.pacino/openflight_sessions/terminal_logs/kiosk_20260809_113424.log,/Users/john.pacino/openflight_sessions/iwr6843/iwr6843_20260809_114500_163_028.l3dump,/Users/john.pacino/openflight_sessions/trackman/camera/camera_20260809_114500_163_028,/Users/john.pacino/openflight_sessions/trackman/camera/camera_20260809_114500_163_028/first.pgm;/Users/john.pacino/openflight_sessions/trackman/camera/camera_20260809_114500_163_028/frames.npz;/Users/john.pacino/openflight_sessions/trackman/camera/camera_20260809_114500_163_028/last.pgm;/Users/john.pacino/openflight_sessions/trackman/camera/camera_20260809_114500_163_028/metadata.json;/Users/john.pacino/openflight_sessions/trackman/camera/camera_20260809_114500_163_028/trigger.pgm,0.09742747965128729,1.2747794670858497,-0.8098544267506451,-4.086944650478793
matched,-751.4736652374268,91,1,1,9cfd4507-fd93-f111-9ed5-c6cbf142edef,5157d8fd-8fb7-44c7-a4cf-17cb78522394,2026-08-09T15:45:20.275648+00:00,2026-08-09T11:45:20.275648-04:00,7Iron,Premium,119.0721188260557,86.56719756621321,14.649999999999995,-0.6159999999999993,-7.505,-0.876,-0.564,0.312,4825.110000000005,-2.351,176.52760287240017,20260809_113433,28,2026-08-09T11:45:19.524174-04:00,7-iron,118.2175375005088,84.92251077685548,11.75533150959292,-5.40294516371273,radar,0.69,0.799,2978.544615720123,12.173,12.0,0.438,0.173,config/iwr6843_l3dump_wide_24f3ms_53bin_iq16.cfg,732812,,,/Users/john.pacino/openflight_sessions/session_20260809_113433_trackman.jsonl,/Users/john.pacino/openflight_sessions/terminal_logs/kiosk_20260809_113424.log,/Users/john.pacino/openflight_sessions/iwr6843/iwr6843_20260809_114519_526_029.l3dump,/Users/john.pacino/openflight_sessions/trackman/camera/camera_20260809_114519_526_029,/Users/john.pacino/openflight_sessions/trackman/camera/camera_20260809_114519_526_029/first.pgm;/Users/john.pacino/openflight_sessions/trackman/camera/camera_20260809_114519_526_029/frames.npz;/Users/john.pacino/openflight_sessions/trackman/camera/camera_20260809_114519_526_029/last.pgm;/Users/john.pacino/openflight_sessions/trackman/camera/camera_20260809_114519_526_029/metadata.json;/Users/john.pacino/openflight_sessions/trackman/camera/camera_20260809_114519_526_029/trigger.pgm,-0.8545813255469028,-1.6446867893577348,-2.8946684904070743,-4.786945163712731
matched,-752.2180080413818,92,1,7,9cfd4507-fd93-f111-9ed5-c6cbf142edef,4563bb1f-b2e4-496d-af09-437893c84237,2026-08-09T15:45:39.978647+00:00,2026-08-09T11:45:39.978647-04:00,7Iron,Premium,109.3839477451681,84.1938081603435,15.321999999999994,2.474,,3.466,2.326,-1.14,3676.429999999995,1.2810000000000046,160.26805727708862,20260809_113433,29,2026-08-09T11:45:39.226429-04:00,7-iron,109.68430195319027,83.70060414697267,15.4675477224732,2.067100264884195,radar,0.95,0.877,3817.740684958744,12.114,12.0,0.379,0.114,config/iwr6843_l3dump_wide_24f3ms_53bin_iq16.cfg,732812,,,/Users/john.pacino/openflight_sessions/session_20260809_113433_trackman.jsonl,/Users/john.pacino/openflight_sessions/terminal_logs/kiosk_20260809_113424.log,/Users/john.pacino/openflight_sessions/iwr6843/iwr6843_20260809_114539_230_030.l3dump,/Users/john.pacino/openflight_sessions/trackman/camera/camera_20260809_114539_230_030,/Users/john.pacino/openflight_sessions/trackman/camera/camera_20260809_114539_230_030/first.pgm;/Users/john.pacino/openflight_sessions/trackman/camera/camera_20260809_114539_230_030/frames.npz;/Users/john.pacino/openflight_sessions/trackman/camera/camera_20260809_114539_230_030/last.pgm;/Users/john.pacino/openflight_sessions/trackman/camera/camera_20260809_114539_230_030/metadata.json;/Users/john.pacino/openflight_sessions/trackman/camera/camera_20260809_114539_230_030/trigger.pgm,0.3003542080221706,-0.4932040133708284,0.14554772247320535,-0.40689973511580524
matched,-753.4065246582031,93,1,14,9cfd4507-fd93-f111-9ed5-c6cbf142edef,fae8c342-9540-4999-ab8e-cd652fa38c99,2026-08-09T15:45:55.813629+00:00,2026-08-09T11:45:55.813629-04:00,7Iron,Premium,119.85057265569063,,15.319000000000008,1.0779999999999996,,,,,4925.720000000003,-5.470999999999995,178.03505598346956,20260809_113433,30,2026-08-09T11:45:55.060222-04:00,7-iron,119.16368087112424,84.82068522436525,14.823583862095969,-1.0068020287900652,radar,0.949,0.851,3946.0492039613373,12.23,12.0,0.495,0.23,config/iwr6843_l3dump_wide_24f3ms_53bin_iq16.cfg,732812,,,/Users/john.pacino/openflight_sessions/session_20260809_113433_trackman.jsonl,/Users/john.pacino/openflight_sessions/terminal_logs/kiosk_20260809_113424.log,/Users/john.pacino/openflight_sessions/iwr6843/iwr6843_20260809_114555_064_031.l3dump,/Users/john.pacino/openflight_sessions/trackman/camera/camera_20260809_114555_064_031,/Users/john.pacino/openflight_sessions/trackman/camera/camera_20260809_114555_064_031/first.pgm;/Users/john.pacino/openflight_sessions/trackman/camera/camera_20260809_114555_064_031/frames.npz;/Users/john.pacino/openflight_sessions/trackman/camera/camera_20260809_114555_064_031/last.pgm;/Users/john.pacino/openflight_sessions/trackman/camera/camera_20260809_114555_064_031/metadata.json;/Users/john.pacino/openflight_sessions/trackman/camera/camera_20260809_114555_064_031/trigger.pgm,-0.6868917845663844,,-0.49541613790403893,-2.084802028790065
matched,-747.042179107666,94,1,4,9cfd4507-fd93-f111-9ed5-c6cbf142edef,cec884b4-1377-4cbb-86b1-3987b794b83b,2026-08-09T15:46:27.696765+00:00,2026-08-09T11:46:27.696765-04:00,7Iron,Premium,120.5350751610593,86.60522548317815,15.71399999999999,-0.00499999999999702,-6.557,4.39,-0.857,-5.247,4867.970000000003,-10.541999999999996,179.37715716163737,20260809_113433,31,2026-08-09T11:46:26.949723-04:00,7-iron,120.00652839549691,85.12616188183596,15.10841925824185,-6.786398189027784,radar,0.95,0.832,4063.6455802896244,12.171,12.0,0.436,0.171,config/iwr6843_l3dump_wide_24f3ms_53bin_iq16.cfg,732812,,,/Users/john.pacino/openflight_sessions/session_20260809_113433_trackman.jsonl,/Users/john.pacino/openflight_sessions/terminal_logs/kiosk_20260809_113424.log,/Users/john.pacino/openflight_sessions/iwr6843/iwr6843_20260809_114626_947_032.l3dump,/Users/john.pacino/openflight_sessions/trackman/camera/camera_20260809_114626_947_032,/Users/john.pacino/openflight_sessions/trackman/camera/camera_20260809_114626_947_032/first.pgm;/Users/john.pacino/openflight_sessions/trackman/camera/camera_20260809_114626_947_032/frames.npz;/Users/john.pacino/openflight_sessions/trackman/camera/camera_20260809_114626_947_032/last.pgm;/Users/john.pacino/openflight_sessions/trackman/camera/camera_20260809_114626_947_032/metadata.json;/Users/john.pacino/openflight_sessions/trackman/camera/camera_20260809_114626_947_032/trigger.pgm,-0.5285467655623819,-1.4790636013421903,-0.6055807417581391,-6.781398189027787
matched,-758.2051753997803,95,1,8,9cfd4507-fd93-f111-9ed5-c6cbf142edef,be495653-34d1-4d7e-9d92-48280bb765b5,2026-08-09T15:46:43.366313+00:00,2026-08-09T11:46:43.366313-04:00,7Iron,Premium,104.94586614173218,,14.629999999999947,2.2170000000000267,,6.143,1.779,-4.364,1995.079999999985,-30.01299999999999,134.96576837903197,20260809_113433,32,2026-08-09T11:46:42.608108-04:00,7-iron,104.86880265637377,84.00608080444337,14.192616641289554,-2.226381950971504,radar,0.95,0.87,3299.761133928295,12.144,12.0,0.409,0.144,config/iwr6843_l3dump_wide_24f3ms_53bin_iq16.cfg,732812,,,/Users/john.pacino/openflight_sessions/session_20260809_113433_trackman.jsonl,/Users/john.pacino/openflight_sessions/terminal_logs/kiosk_20260809_113424.log,/Users/john.pacino/openflight_sessions/iwr6843/iwr6843_20260809_114642_614_033.l3dump,/Users/john.pacino/openflight_sessions/trackman/camera/camera_20260809_114642_614_033,/Users/john.pacino/openflight_sessions/trackman/camera/camera_20260809_114642_614_033/first.pgm;/Users/john.pacino/openflight_sessions/trackman/camera/camera_20260809_114642_614_033/frames.npz;/Users/john.pacino/openflight_sessions/trackman/camera/camera_20260809_114642_614_033/last.pgm;/Users/john.pacino/openflight_sessions/trackman/camera/camera_20260809_114642_614_033/metadata.json;/Users/john.pacino/openflight_sessions/trackman/camera/camera_20260809_114642_614_033/trigger.pgm,-0.07706348535840846,,-0.43738335871039347,-4.443381950971531
matched,-755.3403377532959,96,1,12,9cfd4507-fd93-f111-9ed5-c6cbf142edef,cf2fb8a5-0af4-4c48-ab05-95e33f70f439,2026-08-09T15:47:00.497818+00:00,2026-08-09T11:47:00.497818-04:00,7Iron,Premium,107.43781317108078,,15.256999999999973,1.430000000000003,,,,,3030.709999999997,-6.0109999999999975,156.12017776837976,20260809_113433,33,2026-08-09T11:46:59.742478-04:00,7-iron,107.45419269623653,84.31155746191408,14.59233105542458,-2.2202447353486963,radar,0.95,0.883,3493.2404854511215,12.056,12.0,0.321,0.056,config/iwr6843_l3dump_wide_24f3ms_53bin_iq16.cfg,732812,,,/Users/john.pacino/openflight_sessions/session_20260809_113433_trackman.jsonl,/Users/john.pacino/openflight_sessions/terminal_logs/kiosk_20260809_113424.log,/Users/john.pacino/openflight_sessions/iwr6843/iwr6843_20260809_114659_747_034.l3dump,/Users/john.pacino/openflight_sessions/trackman/camera/camera_20260809_114659_747_034,/Users/john.pacino/openflight_sessions/trackman/camera/camera_20260809_114659_747_034/first.pgm;/Users/john.pacino/openflight_sessions/trackman/camera/camera_20260809_114659_747_034/frames.npz;/Users/john.pacino/openflight_sessions/trackman/camera/camera_20260809_114659_747_034/last.pgm;/Users/john.pacino/openflight_sessions/trackman/camera/camera_20260809_114659_747_034/metadata.json;/Users/john.pacino/openflight_sessions/trackman/camera/camera_20260809_114659_747_034/trigger.pgm,0.016379525155755914,,-0.6646689445753928,-3.650244735348699
matched,-750.5018711090088,97,1,15,9cfd4507-fd93-f111-9ed5-c6cbf142edef,c5dc4ae3-ec4a-4195-b778-d398ff301d09,2026-08-09T15:47:18.955432+00:00,2026-08-09T11:47:18.955432-04:00,7Iron,Premium,106.82936649964198,,16.633999999999983,0.48999999999999844,,-0.876,0.698,1.574,3033.189999999997,3.4499999999999993,157.9404332620988,20260809_113433,34,2026-08-09T11:47:18.204930-04:00,7-iron,106.78865004973107,84.61703411938478,15.930913263828067,-3.1762639376609427,radar,0.95,0.89,3847.5405791102685,12.26,12.0,0.525,0.26,config/iwr6843_l3dump_wide_24f3ms_53bin_iq16.cfg,732812,,,/Users/john.pacino/openflight_sessions/session_20260809_113433_trackman.jsonl,/Users/john.pacino/openflight_sessions/terminal_logs/kiosk_20260809_113424.log,/Users/john.pacino/openflight_sessions/iwr6843/iwr6843_20260809_114718_204_035.l3dump,/Users/john.pacino/openflight_sessions/trackman/camera/camera_20260809_114718_204_035,/Users/john.pacino/openflight_sessions/trackman/camera/camera_20260809_114718_204_035/first.pgm;/Users/john.pacino/openflight_sessions/trackman/camera/camera_20260809_114718_204_035/frames.npz;/Users/john.pacino/openflight_sessions/trackman/camera/camera_20260809_114718_204_035/last.pgm;/Users/john.pacino/openflight_sessions/trackman/camera/camera_20260809_114718_204_035/metadata.json;/Users/john.pacino/openflight_sessions/trackman/camera/camera_20260809_114718_204_035/trigger.pgm,-0.04071644991090295,,-0.7030867361719153,-3.666263937660941
matched,-745.1663017272949,98,1,11,9cfd4507-fd93-f111-9ed5-c6cbf142edef,8dd74f1d-a956-480e-80ea-69a69d0805f5,2026-08-09T15:47:34.467442+00:00,2026-08-09T11:47:34.467442-04:00,7Iron,Premium,106.61238367931269,,14.661999999999976,-0.44799999999999623,,1.99,-0.676,-2.666,2172.3499999999967,-7.629,148.28846234532315,20260809_113433,35,2026-08-09T11:47:33.722276-04:00,7-iron,106.8596090292479,84.51520856689454,14.726338458664912,-1.9340060303897946,radar,0.95,0.775,3511.384711767726,12.087,12.0,0.352,0.087,config/iwr6843_l3dump_wide_24f3ms_53bin_iq16.cfg,732812,,,/Users/john.pacino/openflight_sessions/session_20260809_113433_trackman.jsonl,/Users/john.pacino/openflight_sessions/terminal_logs/kiosk_20260809_113424.log,/Users/john.pacino/openflight_sessions/iwr6843/iwr6843_20260809_114733_718_036.l3dump,/Users/john.pacino/openflight_sessions/trackman/camera/camera_20260809_114733_718_036,/Users/john.pacino/openflight_sessions/trackman/camera/camera_20260809_114733_718_036/first.pgm;/Users/john.pacino/openflight_sessions/trackman/camera/camera_20260809_114733_718_036/frames.npz;/Users/john.pacino/openflight_sessions/trackman/camera/camera_20260809_114733_718_036/last.pgm;/Users/john.pacino/openflight_sessions/trackman/camera/camera_20260809_114733_718_036/metadata.json;/Users/john.pacino/openflight_sessions/trackman/camera/camera_20260809_114733_718_036/trigger.pgm,0.2472253499352206,,0.06433845866493648,-1.4860060303897984
matched,-747.1685409545898,99,1,13,9cfd4507-fd93-f111-9ed5-c6cbf142edef,ca02049a-c3c0-4f8e-b4aa-bc1a5d6563a0,2026-08-09T15:47:52.526018+00:00,2026-08-09T11:47:52.526018-04:00,7Iron,Premium,114.73022548317813,,12.329,-0.65,,,,,4680.89,-4.017,164.11858304584769,20260809_113433,36,2026-08-09T11:47:51.778849-04:00,7-iron,115.01042879993197,83.70060414697267,13.997300446149776,0.40572388473834275,radar,0.95,0.78,3560.3923785506145,12.231,12.0,0.496,0.231,config/iwr6843_l3dump_wide_24f3ms_53bin_iq16.cfg,732812,,,/Users/john.pacino/openflight_sessions/session_20260809_113433_trackman.jsonl,/Users/john.pacino/openflight_sessions/terminal_logs/kiosk_20260809_113424.log,/Users/john.pacino/openflight_sessions/iwr6843/iwr6843_20260809_114751_777_037.l3dump,/Users/john.pacino/openflight_sessions/trackman/camera/camera_20260809_114751_777_037,/Users/john.pacino/openflight_sessions/trackman/camera/camera_20260809_114751_777_037/first.pgm;/Users/john.pacino/openflight_sessions/trackman/camera/camera_20260809_114751_777_037/frames.npz;/Users/john.pacino/openflight_sessions/trackman/camera/camera_20260809_114751_777_037/last.pgm;/Users/john.pacino/openflight_sessions/trackman/camera/camera_20260809_114751_777_037/metadata.json;/Users/john.pacino/openflight_sessions/trackman/camera/camera_20260809_114751_777_037/trigger.pgm,0.28020331675384114,,1.6683004461497752,1.0557238847383428
matched,-749.3891716003418,100,1,16,9cfd4507-fd93-f111-9ed5-c6cbf142edef,b86aa0d1-dc99-464f-b8d4-e7ba9262d507,2026-08-09T15:48:10.781105+00:00,2026-08-09T11:48:10.781105-04:00,7Iron,Premium,113.32319255547587,83.5808876163206,16.244999999999997,-0.14600000000000019,-3.55,0.282,-0.241,-0.523,4550.4,-3.728999999999999,167.1895054109894,20260809_113433,37,2026-08-09T11:48:10.031716-04:00,7-iron,112.84331686675652,83.29330193701173,15.563639833367148,-3.8825849589745762,radar,0.95,0.89,3956.2721423304283,12.23,12.0,0.495,0.23,config/iwr6843_l3dump_wide_24f3ms_53bin_iq16.cfg,732812,,,/Users/john.pacino/openflight_sessions/session_20260809_113433_trackman.jsonl,/Users/john.pacino/openflight_sessions/terminal_logs/kiosk_20260809_113424.log,/Users/john.pacino/openflight_sessions/iwr6843/iwr6843_20260809_114810_031_038.l3dump,/Users/john.pacino/openflight_sessions/trackman/camera/camera_20260809_114810_031_038,/Users/john.pacino/openflight_sessions/trackman/camera/camera_20260809_114810_031_038/first.pgm;/Users/john.pacino/openflight_sessions/trackman/camera/camera_20260809_114810_031_038/frames.npz;/Users/john.pacino/openflight_sessions/trackman/camera/camera_20260809_114810_031_038/last.pgm;/Users/john.pacino/openflight_sessions/trackman/camera/camera_20260809_114810_031_038/metadata.json;/Users/john.pacino/openflight_sessions/trackman/camera/camera_20260809_114810_031_038/trigger.pgm,-0.47987568871934627,-0.2875856793088616,-0.6813601666328495,-3.736584958974576
matched,-749.1593360900879,101,1,6,9cfd4507-fd93-f111-9ed5-c6cbf142edef,fb976269-2e13-40b4-baaa-4310bc428121,2026-08-09T15:48:26.362605+00:00,2026-08-09T11:48:26.362605-04:00,7Iron,Premium,111.2450787401574,81.26789549033634,14.76499999999999,-4.393999999999997,-7.661,1.889,-5.453,-7.342,4055.5499999999997,-17.109000000000005,159.8298072832703,20260809_113433,38,2026-08-09T11:48:25.613446-04:00,7-iron,111.36629913355287,85.83894074926759,16.953192891607202,-6.55131861510366,radar,0.945,0.773,4314.500395937286,12.172,12.0,0.437,0.172,config/iwr6843_l3dump_wide_24f3ms_53bin_iq16.cfg,732812,,,/Users/john.pacino/openflight_sessions/session_20260809_113433_trackman.jsonl,/Users/john.pacino/openflight_sessions/terminal_logs/kiosk_20260809_113424.log,/Users/john.pacino/openflight_sessions/iwr6843/iwr6843_20260809_114825_615_039.l3dump,/Users/john.pacino/openflight_sessions/trackman/camera/camera_20260809_114825_615_039,/Users/john.pacino/openflight_sessions/trackman/camera/camera_20260809_114825_615_039/first.pgm;/Users/john.pacino/openflight_sessions/trackman/camera/camera_20260809_114825_615_039/frames.npz;/Users/john.pacino/openflight_sessions/trackman/camera/camera_20260809_114825_615_039/last.pgm;/Users/john.pacino/openflight_sessions/trackman/camera/camera_20260809_114825_615_039/metadata.json;/Users/john.pacino/openflight_sessions/trackman/camera/camera_20260809_114825_615_039/trigger.pgm,0.12122039339547541,4.57104525893125,2.188192891607212,-2.157318615103663
matched,-747.5762367248535,102,1,5,9cfd4507-fd93-f111-9ed5-c6cbf142edef,c09fe396-d46b-44d8-8f76-3ea198aabb7b,2026-08-09T15:48:41.577062+00:00,2026-08-09T11:48:41.577062-04:00,7Iron,Premium,104.16741231209724,,15.913000000000004,3.037999999999997,,6.64,2.692,-3.948,2268.7099999999914,-19.697000000000003,144.44473511086747,20260809_113433,39,2026-08-09T11:48:40.829486-04:00,7-iron,104.16884470927124,85.32981298681642,15.20278464972247,-0.09302607901354333,radar,0.95,0.629,3553.1840255317943,12.201,12.0,0.466,0.201,config/iwr6843_l3dump_wide_24f3ms_53bin_iq16.cfg,732812,,,/Users/john.pacino/openflight_sessions/session_20260809_113433_trackman.jsonl,/Users/john.pacino/openflight_sessions/terminal_logs/kiosk_20260809_113424.log,/Users/john.pacino/openflight_sessions/iwr6843/iwr6843_20260809_114840_825_040.l3dump,/Users/john.pacino/openflight_sessions/trackman/camera/camera_20260809_114840_825_040,/Users/john.pacino/openflight_sessions/trackman/camera/camera_20260809_114840_825_040/first.pgm;/Users/john.pacino/openflight_sessions/trackman/camera/camera_20260809_114840_825_040/frames.npz;/Users/john.pacino/openflight_sessions/trackman/camera/camera_20260809_114840_825_040/last.pgm;/Users/john.pacino/openflight_sessions/trackman/camera/camera_20260809_114840_825_040/metadata.json;/Users/john.pacino/openflight_sessions/trackman/camera/camera_20260809_114840_825_040/trigger.pgm,0.0014323971739997887,,-0.710215350277533,-3.1310260790135405
matched,-748.3813762664795,103,1,17,9cfd4507-fd93-f111-9ed5-c6cbf142edef,9d147006-fd03-4018-b7c3-ec2fa1920533,2026-08-09T15:48:54.425122+00:00,2026-08-09T11:48:54.425122-04:00,7Iron,Premium,108.76207945597702,85.58518253400133,19.524999999999995,5.347999999999999,-2.923,1.652,6.355,4.703,5917.029999999994,5.720000000000001,153.87787089983436,20260809_113433,40,2026-08-09T11:48:53.676741-04:00,7-iron,108.07908906859826,86.55171961669923,18.517070045707715,5.22533635413464,radar,0.95,0.75,4639.018926152994,12.201,12.0,0.466,0.201,config/iwr6843_l3dump_wide_24f3ms_53bin_iq16.cfg,732812,,,/Users/john.pacino/openflight_sessions/session_20260809_113433_trackman.jsonl,/Users/john.pacino/openflight_sessions/terminal_logs/kiosk_20260809_113424.log,/Users/john.pacino/openflight_sessions/iwr6843/iwr6843_20260809_114853_678_041.l3dump,/Users/john.pacino/openflight_sessions/trackman/camera/camera_20260809_114853_678_041,/Users/john.pacino/openflight_sessions/trackman/camera/camera_20260809_114853_678_041/first.pgm;/Users/john.pacino/openflight_sessions/trackman/camera/camera_20260809_114853_678_041/frames.npz;/Users/john.pacino/openflight_sessions/trackman/camera/camera_20260809_114853_678_041/last.pgm;/Users/john.pacino/openflight_sessions/trackman/camera/camera_20260809_114853_678_041/metadata.json;/Users/john.pacino/openflight_sessions/trackman/camera/camera_20260809_114853_678_041/trigger.pgm,-0.6829903873787515,0.9665370826978972,-1.0079299542922797,-0.12266364586535872
matched,-753.7555694580078,104,1,10,9cfd4507-fd93-f111-9ed5-c6cbf142edef,c6c048d4-4bc5-4d34-9eb0-5eac636a612e,2026-08-09T15:49:08.02421+00:00,2026-08-09T11:49:08.024210-04:00,7Iron,Premium,108.82247673586245,79.18083392984958,15.07599999999998,-3.2689999999999975,-6.711,0.28,-3.874,-4.154,3795.0499999999993,-6.812,157.77199735935912,20260809_113433,41,2026-08-09T11:49:07.270454-04:00,7-iron,108.68816902956004,84.00608080444337,14.72113009297587,-9.271440564069298,radar,0.95,0.85,3569.9885994813503,12.114,12.0,0.379,0.114,config/iwr6843_l3dump_wide_24f3ms_53bin_iq16.cfg,732812,,,/Users/john.pacino/openflight_sessions/session_20260809_113433_trackman.jsonl,/Users/john.pacino/openflight_sessions/terminal_logs/kiosk_20260809_113424.log,/Users/john.pacino/openflight_sessions/iwr6843/iwr6843_20260809_114907_277_042.l3dump,/Users/john.pacino/openflight_sessions/trackman/camera/camera_20260809_114907_277_042,/Users/john.pacino/openflight_sessions/trackman/camera/camera_20260809_114907_277_042/first.pgm;/Users/john.pacino/openflight_sessions/trackman/camera/camera_20260809_114907_277_042/frames.npz;/Users/john.pacino/openflight_sessions/trackman/camera/camera_20260809_114907_277_042/last.pgm;/Users/john.pacino/openflight_sessions/trackman/camera/camera_20260809_114907_277_042/metadata.json;/Users/john.pacino/openflight_sessions/trackman/camera/camera_20260809_114907_277_042/trigger.pgm,-0.1343077063024083,4.8252468745937875,-0.3548699070241099,-6.002440564069301
