date,category,archive_path,source_path,size_bytes,sha256
cross-session,comparison,openflight_trackman_sessions/comparisons_and_analysis/20260809/alignment_summary_2026-08-09.json,/Users/john.pacino/openflight_sessions/trackman/20260809/alignment_summary_2026-08-09.json,285,ebfc6932a95f007e8156da54c5494efa0112e5f3a5f6d28abe8dfbeb51ca48d6
cross-session,comparison,openflight_trackman_sessions/comparisons_and_analysis/20260809/artifact_manifest_2026-08-09.csv,/Users/john.pacino/openflight_sessions/trackman/20260809/artifact_manifest_2026-08-09.csv,167383,40b7ecfc235b4e70abfca118bb499a498b9f38fc7f2ffa9f6062009ca05c1e65
cross-session,comparison,openflight_trackman_sessions/comparisons_and_analysis/20260809/corrected_32bin_crop_summary_2026-08-09.csv,/Users/john.pacino/openflight_sessions/trackman/20260809/corrected_32bin_crop_summary_2026-08-09.csv,801,2f75bf65f4b82f2c6ebcceb907b54d30559fe88787ff8d0a609ba8a70fce16a6
cross-session,comparison,openflight_trackman_sessions/comparisons_and_analysis/20260809/horizontal_estimator_replay.csv,/Users/john.pacino/openflight_sessions/trackman/20260809/horizontal_estimator_replay.csv,25802,e1c7be4332729a8fa9495289375ca0f2115eb8ac1b8cf8445cc584f63f344004
cross-session,comparison,openflight_trackman_sessions/comparisons_and_analysis/20260809/iq8_crop_ab_per_shot_2026-08-09.csv,/Users/john.pacino/openflight_sessions/trackman/20260809/iq8_crop_ab_per_shot_2026-08-09.csv,59404,65a068444d4862ccdd4d1834569b143ee771be26947f474a918dbb4f5a6cb05c
cross-session,comparison,openflight_trackman_sessions/comparisons_and_analysis/20260809/iq8_crop_ab_summary_2026-08-09.csv,/Users/john.pacino/openflight_sessions/trackman/20260809/iq8_crop_ab_summary_2026-08-09.csv,4960,e7d83084cf8627368f3001cfcb6083424412bc06fc8d4767215dce70f9d88200
cross-session,comparison,openflight_trackman_sessions/comparisons_and_analysis/20260809/iwr_horizontal_model_sweep.csv,/Users/john.pacino/openflight_sessions/trackman/20260809/iwr_horizontal_model_sweep.csv,113424,0a5e4908bec0277e55cd7686d48acb7d685f61b8849668054feb5b959cafebb9
cross-session,comparison,openflight_trackman_sessions/comparisons_and_analysis/20260809/iwr_horizontal_model_sweep_per_shot.csv,/Users/john.pacino/openflight_sessions/trackman/20260809/iwr_horizontal_model_sweep_per_shot.csv,47985,f676bf5fda94eb8e6e3b8896e97222e2bfc34231e8ca74d35b89b551553bd747
cross-session,comparison,openflight_trackman_sessions/comparisons_and_analysis/20260809/iwr_horizontal_model_sweep_tm_speed.csv,/Users/john.pacino/openflight_sessions/trackman/20260809/iwr_horizontal_model_sweep_tm_speed.csv,67564,d54591f2f4c1dcd8021931d1141eb6621faf58be7d383e6609a45f3bdd95db62
cross-session,comparison,openflight_trackman_sessions/comparisons_and_analysis/20260809/iwr_horizontal_model_sweep_tm_speed_per_shot.csv,/Users/john.pacino/openflight_sessions/trackman/20260809/iwr_horizontal_model_sweep_tm_speed_per_shot.csv,47967,f75ffd9e2ee5824e857091740563db8b91b258989376c4f456a442d2fdab1102
cross-session,comparison,openflight_trackman_sessions/comparisons_and_analysis/20260809/ops_multitrack_validation_2026-08-09.csv,/Users/john.pacino/openflight_sessions/trackman/20260809/ops_multitrack_validation_2026-08-09.csv,35669,fc03d2a5d09f831ba069d7c1ef55a6b755916922cd4f93bddd72784fbaded391
cross-session,comparison,openflight_trackman_sessions/comparisons_and_analysis/20260809/spin_oracle_eval/README.md,/Users/john.pacino/openflight_sessions/trackman/20260809/spin_oracle_eval/README.md,2287,c3896be9ad291386b387c33f7827d22252bd39e82961ac1cdfae7fe15c68ecb1
cross-session,comparison,openflight_trackman_sessions/comparisons_and_analysis/20260809/spin_oracle_eval/blind_candidates.json,/Users/john.pacino/openflight_sessions/trackman/20260809/spin_oracle_eval/blind_candidates.json,625387,61c087b3246e16ccc64d6fe1bfe6e31938c204e2e277a9f8bdb8ad9af34f8565
cross-session,comparison,openflight_trackman_sessions/comparisons_and_analysis/20260809/spin_oracle_eval/scorecard.json,/Users/john.pacino/openflight_sessions/trackman/20260809/spin_oracle_eval/scorecard.json,2070,6d5ec064388b8ff347f495ad0c020d62ea04f1f114e04152694ef1631474cdf2
cross-session,comparison,openflight_trackman_sessions/comparisons_and_analysis/20260809/spin_oracle_eval/scored_candidates.csv,/Users/john.pacino/openflight_sessions/trackman/20260809/spin_oracle_eval/scored_candidates.csv,11379,0dec88604f84404c9a1ff0a14121f28cf4a2715cb5a2f8069110b8ef19dc37bc
cross-session,comparison,openflight_trackman_sessions/comparisons_and_analysis/20260809/trackman_shots_2026-08-09.csv,/Users/john.pacino/openflight_sessions/trackman/20260809/trackman_shots_2026-08-09.csv,32456,2d53aed3f2e0a7d3c30167c6c0b94fc63853cad57a75d48e11661582390923a7
cross-session,comparison,openflight_trackman_sessions/comparisons_and_analysis/20260809/vertical_config_comparison_12deg_2026-08-09.csv,/Users/john.pacino/openflight_sessions/trackman/20260809/vertical_config_comparison_12deg_2026-08-09.csv,30480,641732950cebcc42826d191a40ee87ea51205652a700ea8dd48fcb01e39466a2
cross-session,comparison,openflight_trackman_sessions/comparisons_and_analysis/20260809/vertical_config_summary_12deg_2026-08-09.csv,/Users/john.pacino/openflight_sessions/trackman/20260809/vertical_config_summary_12deg_2026-08-09.csv,536,ea2b772b0366d5ddac5121379ad486ff6d25dc79a69ba605af9aca221a562e12
cross-session,comparison,openflight_trackman_sessions/comparisons_and_analysis/20260809/vertical_replay_12deg_2026-08-09.csv,/Users/john.pacino/openflight_sessions/trackman/20260809/vertical_replay_12deg_2026-08-09.csv,48026,71c3e434b4c95caed46491f10f363bbf14415d1d21ecbf0df6cc3703cb607f27
cross-session,comparison,openflight_trackman_sessions/comparisons_and_analysis/20260824/TRACKMAN_COMPARISON_CONTEXT_2026-08-24.md,/Users/john.pacino/openflight_sessions/trackman/20260824/TRACKMAN_COMPARISON_CONTEXT_2026-08-24.md,2038,03c29f80475d2f706af81e40e50884079236bedcb749b0db43407769f6e1b80b
cross-session,comparison,openflight_trackman_sessions/comparisons_and_analysis/20260824/alignment_summary_2026-08-24.json,/Users/john.pacino/openflight_sessions/trackman/20260824/alignment_summary_2026-08-24.json,2609,0911ec29c09f31b761ad95216881c5e12e200db738e42688755ae91fb3139a4c
cross-session,comparison,openflight_trackman_sessions/comparisons_and_analysis/20260824/artifact_manifest_2026-08-24.csv,/Users/john.pacino/openflight_sessions/trackman/20260824/artifact_manifest_2026-08-24.csv,85246,daf1b181f690e4696e93dde1e98cad6e624de0d037d3595c8131670844c12ce0
cross-session,comparison,openflight_trackman_sessions/comparisons_and_analysis/20260824/camera_fusion_replay/baseline.csv,/Users/john.pacino/openflight_sessions/trackman/20260824/camera_fusion_replay/baseline.csv,167770,3cd13bf8783246b1963df49fcb871036337858355b53dce470aad033fbef8011
cross-session,comparison,openflight_trackman_sessions/comparisons_and_analysis/20260824/camera_fusion_replay/baseline_summary.json,/Users/john.pacino/openflight_sessions/trackman/20260824/camera_fusion_replay/baseline_summary.json,5092,9597fddb0e5601e5977dab45ff18d7fe86bd73a79d46948004a32b71f0ba8dd3
cross-session,comparison,openflight_trackman_sessions/comparisons_and_analysis/20260824/camera_fusion_replay/camera_ops.csv,/Users/john.pacino/openflight_sessions/trackman/20260824/camera_fusion_replay/camera_ops.csv,164538,c9fd771a8e1741094141b01e933445f964c63fa21cee45f482e0757ad92e3ccb
cross-session,comparison,openflight_trackman_sessions/comparisons_and_analysis/20260824/camera_fusion_replay/camera_ops_summary.json,/Users/john.pacino/openflight_sessions/trackman/20260824/camera_fusion_replay/camera_ops_summary.json,5016,b25ef9564f43359e83bffa95685367fa635e8c0653fd8ff2a37f410be634dac8
cross-session,comparison,openflight_trackman_sessions/comparisons_and_analysis/20260824/camera_fusion_replay/checked_in_head_all_metrics.csv,/Users/john.pacino/openflight_sessions/trackman/20260824/camera_fusion_replay/checked_in_head_all_metrics.csv,176084,bae742dd299e01b6c0fd25b3270d8593469afbf939239e8040a88df936d06458
cross-session,comparison,openflight_trackman_sessions/comparisons_and_analysis/20260824/camera_fusion_replay/checked_in_head_all_metrics_summary.json,/Users/john.pacino/openflight_sessions/trackman/20260824/camera_fusion_replay/checked_in_head_all_metrics_summary.json,3728,39327be8e8eaeeff3b3df10472cbff27e24a101492b161e1e2ef70100f9d54fa
cross-session,comparison,openflight_trackman_sessions/comparisons_and_analysis/20260824/camera_fusion_replay/impact_plus1_fallback_selector.csv,/Users/john.pacino/openflight_sessions/trackman/20260824/camera_fusion_replay/impact_plus1_fallback_selector.csv,170115,17e2eaad1ba6854795215fc26d945221b86c051d6939db886b67fed597fcefd8
cross-session,comparison,openflight_trackman_sessions/comparisons_and_analysis/20260824/camera_fusion_replay/impact_plus1_fallback_selector_summary.json,/Users/john.pacino/openflight_sessions/trackman/20260824/camera_fusion_replay/impact_plus1_fallback_selector_summary.json,1105,144b681f7e400c6d4a0e035b10c6b9106b4343be631f9d5202b2cf2b2a32ef3e
cross-session,comparison,openflight_trackman_sessions/comparisons_and_analysis/20260824/camera_fusion_replay/impact_plus1_last_resort_selector.csv,/Users/john.pacino/openflight_sessions/trackman/20260824/camera_fusion_replay/impact_plus1_last_resort_selector.csv,170109,7fcad3d1c948cd691eed02661f4394fb06bbbaa94206520921582e056410b2ee
cross-session,comparison,openflight_trackman_sessions/comparisons_and_analysis/20260824/camera_fusion_replay/impact_plus1_last_resort_selector_summary.json,/Users/john.pacino/openflight_sessions/trackman/20260824/camera_fusion_replay/impact_plus1_last_resort_selector_summary.json,1069,c6d1afaa0680dde5b9aa4a0beab2dfe2c3e7dea8018b92bea8231ca579b3c36e
cross-session,comparison,openflight_trackman_sessions/comparisons_and_analysis/20260824/camera_fusion_replay/impact_plus1_paired_policy.csv,/Users/john.pacino/openflight_sessions/trackman/20260824/camera_fusion_replay/impact_plus1_paired_policy.csv,171510,2780aa10c91eaa46dc45bc3338dfa9d4c5c158f9cf0132d671dd99d2fbd10ae0
cross-session,comparison,openflight_trackman_sessions/comparisons_and_analysis/20260824/camera_fusion_replay/impact_plus1_paired_policy_summary.json,/Users/john.pacino/openflight_sessions/trackman/20260824/camera_fusion_replay/impact_plus1_paired_policy_summary.json,1923,8be98b2ed2111573dd4cb4534cb33420ae0204b4d938b0d374448f323b443902
cross-session,comparison,openflight_trackman_sessions/comparisons_and_analysis/20260824/camera_fusion_replay/impact_plus1_selector.csv,/Users/john.pacino/openflight_sessions/trackman/20260824/camera_fusion_replay/impact_plus1_selector.csv,171848,4f5485c8a237f067d52c77a7ab9a3a869cacf24ea4a140e92c11451315bedd29
cross-session,comparison,openflight_trackman_sessions/comparisons_and_analysis/20260824/camera_fusion_replay/impact_plus1_selector_summary.json,/Users/john.pacino/openflight_sessions/trackman/20260824/camera_fusion_replay/impact_plus1_selector_summary.json,1134,7823496035f6afd66259f2ecce8be47d8c1a8367d274f040fdf1c3b877d7f857
cross-session,comparison,openflight_trackman_sessions/comparisons_and_analysis/20260824/camera_fusion_replay/minus2_plus1_selector_summary.json,/Users/john.pacino/openflight_sessions/trackman/20260824/camera_fusion_replay/minus2_plus1_selector_summary.json,1092,382d627b5de54f4049e2a0ec5bfca2dd72a1f72434ca13f97fc7f82b0ecfe6ad
cross-session,comparison,openflight_trackman_sessions/comparisons_and_analysis/20260824/clubhead_annotation_experiment/annotations.json,/Users/john.pacino/openflight_sessions/trackman/20260824/clubhead_annotation_experiment/annotations.json,12175,3573972f8c69776b9c9f690083f89e83889a366e5335dc4a78f81c922a3a1ac8
cross-session,comparison,openflight_trackman_sessions/comparisons_and_analysis/20260824/clubhead_annotation_experiment/annotations_report.csv,/Users/john.pacino/openflight_sessions/trackman/20260824/clubhead_annotation_experiment/annotations_report.csv,1564,fcd01dccfb5cd527f7408134681e22cce54bda3acd6d72a2f6685401697460c4
cross-session,comparison,openflight_trackman_sessions/comparisons_and_analysis/20260824/clubhead_annotation_experiment/manual_interval_shots.csv,/Users/john.pacino/openflight_sessions/trackman/20260824/clubhead_annotation_experiment/manual_interval_shots.csv,5165,7af2ed708079b5f9c682529fd368781fe27d4ad3555e75a0220c7499a6a989cb
cross-session,comparison,openflight_trackman_sessions/comparisons_and_analysis/20260824/clubhead_annotation_experiment/manual_interval_summary.json,/Users/john.pacino/openflight_sessions/trackman/20260824/clubhead_annotation_experiment/manual_interval_summary.json,2194,e98869061468e46ab6288e92b0c9e0f3bf31caa288d6be387c376f16a244ddac
cross-session,comparison,openflight_trackman_sessions/comparisons_and_analysis/20260824/clubhead_annotation_experiment/manual_iwr_depth_impact_plus1.csv,/Users/john.pacino/openflight_sessions/trackman/20260824/clubhead_annotation_experiment/manual_iwr_depth_impact_plus1.csv,2857,74a940d078c59f1509bd66bf6cd1f2dd1cf71f3d38fc04d1f05dfa8e6795c217
cross-session,comparison,openflight_trackman_sessions/comparisons_and_analysis/20260824/excluded_screen_trigger_shots_2026-08-24.csv,/Users/john.pacino/openflight_sessions/trackman/20260824/excluded_screen_trigger_shots_2026-08-24.csv,18144,1588b2eae412aaf2e3aa6f5e0338c8310665b55cb02abbba844bd918e071c3ca
cross-session,comparison,openflight_trackman_sessions/comparisons_and_analysis/20260824/height_ab_late_frame_sweep_2026-08-24.csv,/Users/john.pacino/openflight_sessions/trackman/20260824/height_ab_late_frame_sweep_2026-08-24.csv,99931,8702bb121ad06e6defbae8617e81947041037365296153620e3ffa6bec9ddaeb
cross-session,comparison,openflight_trackman_sessions/comparisons_and_analysis/20260824/height_ab_manifold_sweep_2026-08-24.csv,/Users/john.pacino/openflight_sessions/trackman/20260824/height_ab_manifold_sweep_2026-08-24.csv,120390,c4b78f2eccf28e48f81a51b0634988b447226c831c6a943bba644a2a4e9c966d
cross-session,comparison,openflight_trackman_sessions/comparisons_and_analysis/20260824/height_ab_manifold_sweep_corrected_2026-08-24.csv,/Users/john.pacino/openflight_sessions/trackman/20260824/height_ab_manifold_sweep_corrected_2026-08-24.csv,126196,899241f83d26cb9ff8d1df8cd4f20312e459eb80f444fa4cacc9495de70f16f8
cross-session,comparison,openflight_trackman_sessions/comparisons_and_analysis/20260824/height_ab_models_configured_vs_physical_2026-08-24.csv,/Users/john.pacino/openflight_sessions/trackman/20260824/height_ab_models_configured_vs_physical_2026-08-24.csv,17137,504fb365b84b74b3817d9b421cb16d509b67644b09059d2bc172a8c032866187
cross-session,comparison,openflight_trackman_sessions/comparisons_and_analysis/20260824/height_ab_models_configured_vs_physical_summary_2026-08-24.json,/Users/john.pacino/openflight_sessions/trackman/20260824/height_ab_models_configured_vs_physical_summary_2026-08-24.json,9192,41912ab2febcc2c077651b8770d1e40889ec9cd95a1d3ae4ceeb35aced97198c
cross-session,comparison,openflight_trackman_sessions/comparisons_and_analysis/20260824/height_ab_physical_geometry_replay_2026-08-24.json,/Users/john.pacino/openflight_sessions/trackman/20260824/height_ab_physical_geometry_replay_2026-08-24.json,18156,c6f6e359926f8e65ce2506eb570862020a0d99e5a8480f507a205f004d3e63e9
cross-session,comparison,openflight_trackman_sessions/comparisons_and_analysis/20260824/height_ab_physical_models_2026-08-24.csv,/Users/john.pacino/openflight_sessions/trackman/20260824/height_ab_physical_models_2026-08-24.csv,17649,f32cbda0f8cd704903736b93a23df556c527f0181421e688a7d74eca157a27da
cross-session,comparison,openflight_trackman_sessions/comparisons_and_analysis/20260824/height_ab_physical_models_summary_2026-08-24.json,/Users/john.pacino/openflight_sessions/trackman/20260824/height_ab_physical_models_summary_2026-08-24.json,7718,d51d81eda1927597f04e3f35faac061798015cc85534ec2e3b8906c65101032d
cross-session,comparison,openflight_trackman_sessions/comparisons_and_analysis/20260824/height_ab_summary_2026-08-24.json,/Users/john.pacino/openflight_sessions/trackman/20260824/height_ab_summary_2026-08-24.json,2101,6758799000af0bb8d405405c0b55fc4c96ff386391699733ad84816f69a262f8
cross-session,comparison,openflight_trackman_sessions/comparisons_and_analysis/20260824/height_ab_trajectory_model_baselines_2026-08-24.csv,/Users/john.pacino/openflight_sessions/trackman/20260824/height_ab_trajectory_model_baselines_2026-08-24.csv,25136,87449be65b88efa094c319c69d3c2c5d42494fce97be34e37222a69cb0abfe47
cross-session,comparison,openflight_trackman_sessions/comparisons_and_analysis/20260824/lcmf_v2/camera_range_validation/lcmf_v2_camera_trackman_2026-08-24.csv,/Users/john.pacino/openflight_sessions/trackman/20260824/lcmf_v2/camera_range_validation/lcmf_v2_camera_trackman_2026-08-24.csv,237799,c38b77fdb6da987beb237df7c3c7cd56e26cd6a5d1c4d867d2609feb0476bc8d
cross-session,comparison,openflight_trackman_sessions/comparisons_and_analysis/20260824/lcmf_v2/camera_range_validation/lcmf_v2_camera_trackman_2026-08-24_summary.json,/Users/john.pacino/openflight_sessions/trackman/20260824/lcmf_v2/camera_range_validation/lcmf_v2_camera_trackman_2026-08-24_summary.json,3825,ec8d14100b1525c29352ca3403c53da508d3e4e72a39cba668ac46f44dac5e2a
cross-session,comparison,openflight_trackman_sessions/comparisons_and_analysis/20260824/lcmf_v2/camera_stack_corrected/lcmf_v2_camera_trackman_2026-08-24.csv,/Users/john.pacino/openflight_sessions/trackman/20260824/lcmf_v2/camera_stack_corrected/lcmf_v2_camera_trackman_2026-08-24.csv,237569,401475f76b75141e88e4f6ddcb38ab879495fd918a212d49695fd51e675460bd
cross-session,comparison,openflight_trackman_sessions/comparisons_and_analysis/20260824/lcmf_v2/camera_stack_corrected/lcmf_v2_camera_trackman_2026-08-24_summary.json,/Users/john.pacino/openflight_sessions/trackman/20260824/lcmf_v2/camera_stack_corrected/lcmf_v2_camera_trackman_2026-08-24_summary.json,3820,4bf448871d900429271d7b38310aa50f2d60f2969cb772ec9b0559b0c00e9529
cross-session,comparison,openflight_trackman_sessions/comparisons_and_analysis/20260824/lcmf_v2/candidate_speed/lcmf_v2_camera_trackman_2026-08-24.csv,/Users/john.pacino/openflight_sessions/trackman/20260824/lcmf_v2/candidate_speed/lcmf_v2_camera_trackman_2026-08-24.csv,219192,ceeb3e393a230ecb65c55dd974b2ffcac5886f3e515d31bc53c8d0c9f8c68f17
cross-session,comparison,openflight_trackman_sessions/comparisons_and_analysis/20260824/lcmf_v2/candidate_speed/lcmf_v2_camera_trackman_2026-08-24_summary.json,/Users/john.pacino/openflight_sessions/trackman/20260824/lcmf_v2/candidate_speed/lcmf_v2_camera_trackman_2026-08-24_summary.json,3561,b0cbc7fd4c59f06cfb51bf3da525aa2ecd7757766d118aade6725346bce55a00
cross-session,comparison,openflight_trackman_sessions/comparisons_and_analysis/20260824/lcmf_v2/final_conservative/lcmf_v2_camera_trackman_2026-08-24.csv,/Users/john.pacino/openflight_sessions/trackman/20260824/lcmf_v2/final_conservative/lcmf_v2_camera_trackman_2026-08-24.csv,239198,b9556db002a15c52401c96c9affecd2f14706276d9e200082c0023bcf9264513
cross-session,comparison,openflight_trackman_sessions/comparisons_and_analysis/20260824/lcmf_v2/final_conservative/lcmf_v2_camera_trackman_2026-08-24_summary.json,/Users/john.pacino/openflight_sessions/trackman/20260824/lcmf_v2/final_conservative/lcmf_v2_camera_trackman_2026-08-24_summary.json,4685,01dbf8be6ac5c664444eac489fec1dccc26995950763c678db866b91e9ad4742
cross-session,comparison,openflight_trackman_sessions/comparisons_and_analysis/20260824/lcmf_v2/lcmf_v2_camera_trackman_2026-08-24.csv,/Users/john.pacino/openflight_sessions/trackman/20260824/lcmf_v2/lcmf_v2_camera_trackman_2026-08-24.csv,230076,30493fdebd88a885b4fbe516bd5f76ec0158d82cfd537a5b51c54f55a7c5b6f5
cross-session,comparison,openflight_trackman_sessions/comparisons_and_analysis/20260824/lcmf_v2/lcmf_v2_camera_trackman_2026-08-24_summary.json,/Users/john.pacino/openflight_sessions/trackman/20260824/lcmf_v2/lcmf_v2_camera_trackman_2026-08-24_summary.json,3778,8e1f82d158d4aef9bd328ee71381c135393acf9efd345fb701be854e666acaae
cross-session,comparison,openflight_trackman_sessions/comparisons_and_analysis/20260824/lcmf_v2/temporal_prediction/lcmf_v2_camera_trackman_2026-08-24.csv,/Users/john.pacino/openflight_sessions/trackman/20260824/lcmf_v2/temporal_prediction/lcmf_v2_camera_trackman_2026-08-24.csv,225974,21258f21661d695124b08944bf2c477d83f846ac994c25c0011fe9a05a8ac649
cross-session,comparison,openflight_trackman_sessions/comparisons_and_analysis/20260824/lcmf_v2/temporal_prediction/lcmf_v2_camera_trackman_2026-08-24_summary.json,/Users/john.pacino/openflight_sessions/trackman/20260824/lcmf_v2/temporal_prediction/lcmf_v2_camera_trackman_2026-08-24_summary.json,3586,a684818e77bfa110e9113c71b532a8e3329ca6aa53e321f267885eb845c7fefb
cross-session,comparison,openflight_trackman_sessions/comparisons_and_analysis/20260824/lcmf_v2/tilt_sweep_good_shots/aug24_lcmf_v2_tilt_sweep.csv,/Users/john.pacino/openflight_sessions/trackman/20260824/lcmf_v2/tilt_sweep_good_shots/aug24_lcmf_v2_tilt_sweep.csv,103217,55ee7d605404912d9b9ff0b4d5a45cca069a1a262c6721320df6457c5881261c
cross-session,comparison,openflight_trackman_sessions/comparisons_and_analysis/20260824/lcmf_v2/tilt_sweep_good_shots/aug24_lcmf_v2_tilt_sweep_summary.json,/Users/john.pacino/openflight_sessions/trackman/20260824/lcmf_v2/tilt_sweep_good_shots/aug24_lcmf_v2_tilt_sweep_summary.json,65735,f424e899fd702e2c19897ee9d5a8961c8f3499fc3fbb31cb2951df3893f4486c
cross-session,comparison,openflight_trackman_sessions/comparisons_and_analysis/20260824/lcmf_v2/tx13_quality_aug24.csv,/Users/john.pacino/openflight_sessions/trackman/20260824/lcmf_v2/tx13_quality_aug24.csv,15909,75bb11871d5eec8f0b10fa38ba7fdd80b1533779a5a20958ae8045f52de5a234
cross-session,comparison,openflight_trackman_sessions/comparisons_and_analysis/20260824/trackman_openflight_aligned_2026-08-24.pre-ti-height-data.csv,/Users/john.pacino/openflight_sessions/trackman/20260824/trackman_openflight_aligned_2026-08-24.pre-ti-height-data.csv,152329,278b2264908269993da1c23e31f66ccf5e633348c180e60bf4d077acede95260
cross-session,comparison,openflight_trackman_sessions/comparisons_and_analysis/20260824/trackman_openflight_aligned_2026-08-24_height_ab.csv,/Users/john.pacino/openflight_sessions/trackman/20260824/trackman_openflight_aligned_2026-08-24_height_ab.csv,162183,0b6e907aa730e63e758cbe1f3c47689d09a672adc482424ed8913c5d690d0eed
cross-session,comparison,openflight_trackman_sessions/comparisons_and_analysis/20260824/trackman_openflight_aligned_2026-08-24_with_totals.csv,/Users/john.pacino/openflight_sessions/trackman/20260824/trackman_openflight_aligned_2026-08-24_with_totals.csv,174749,fd2318771b2579a832d2f06cc9603f931ab787136364ffe15da6312438abd7d6
cross-session,comparison,openflight_trackman_sessions/comparisons_and_analysis/20260824/trackman_shots_2026-08-24.csv,/Users/john.pacino/openflight_sessions/trackman/20260824/trackman_shots_2026-08-24.csv,31599,3f61a16c1470f01bdc1a79abe698b018fb054a62dded2956e5b53fdc614bd9cf
cross-session,comparison,openflight_trackman_sessions/comparisons_and_analysis/club_delivery_5-iron/results.json,/Users/john.pacino/openflight_sessions/trackman/club_delivery_5-iron/results.json,1672,d08484158861459e82e7c360279505392927f899060eddbe7243ba1956b3a146
cross-session,comparison,openflight_trackman_sessions/comparisons_and_analysis/club_delivery_7-iron/results.json,/Users/john.pacino/openflight_sessions/trackman/club_delivery_7-iron/results.json,2353,c15dfab4927aff75840898f739aebce3923393bafbbeaebb6cf37cf6abdee6e0
cross-session,comparison,openflight_trackman_sessions/comparisons_and_analysis/club_delivery_driver/results.json,/Users/john.pacino/openflight_sessions/trackman/club_delivery_driver/results.json,513,0931a51fab5188552bb6653a099a2402e1925c2d0f5f0c2bc43c8a38deab2faf
cross-session,comparison,openflight_trackman_sessions/comparisons_and_analysis/club_motion_9i/aoa_v10_results.json,/Users/john.pacino/openflight_sessions/trackman/club_motion_9i/aoa_v10_results.json,4297,8a4844d40030c8315af16dbb6a555f9c8a8553bfe6c424f2eb3222194a937441
cross-session,comparison,openflight_trackman_sessions/comparisons_and_analysis/club_motion_9i/aoa_v2_results.json,/Users/john.pacino/openflight_sessions/trackman/club_motion_9i/aoa_v2_results.json,7204,3f1d3197b360224b09cda1e09dd17a34617a9a6948f686e8d25a99c473c8d667
cross-session,comparison,openflight_trackman_sessions/comparisons_and_analysis/club_motion_9i/aoa_v3_results.json,/Users/john.pacino/openflight_sessions/trackman/club_motion_9i/aoa_v3_results.json,8492,e5e98c3bb84025afa7b512d60de4d9dd19d80e18dbedafbbc550f62789ba9353
cross-session,comparison,openflight_trackman_sessions/comparisons_and_analysis/club_motion_9i/aoa_v4_results.json,/Users/john.pacino/openflight_sessions/trackman/club_motion_9i/aoa_v4_results.json,21032,1809e208b4743cd179e32dddc02e0c3ce0425784ebbaa1d0f33b76eca84c028e
cross-session,comparison,openflight_trackman_sessions/comparisons_and_analysis/club_motion_9i/aoa_v5_results.json,/Users/john.pacino/openflight_sessions/trackman/club_motion_9i/aoa_v5_results.json,18904,87621aec31274ddf6302e1673d01f364d1229d73c74f87f6be7efe51a71f5bbb
cross-session,comparison,openflight_trackman_sessions/comparisons_and_analysis/club_motion_9i/aoa_v6_results.json,/Users/john.pacino/openflight_sessions/trackman/club_motion_9i/aoa_v6_results.json,18913,f8e847b9b4d98106f3a5c28458c40db78411c33826ebeb13bcdb1d97877babc1
cross-session,comparison,openflight_trackman_sessions/comparisons_and_analysis/club_motion_9i/aoa_v7_results.json,/Users/john.pacino/openflight_sessions/trackman/club_motion_9i/aoa_v7_results.json,18597,f39393ae0e0e10626f1641c7fe2af51e085c45eb8e171ff703d767ed10884a7b
cross-session,comparison,openflight_trackman_sessions/comparisons_and_analysis/club_motion_9i/aoa_v8_results.json,/Users/john.pacino/openflight_sessions/trackman/club_motion_9i/aoa_v8_results.json,680,6a5088c97e7c12007ee3d5606332287e00409f5357d1e11bae416597e9f374bd
cross-session,comparison,openflight_trackman_sessions/comparisons_and_analysis/club_motion_9i/aoa_v9_results.json,/Users/john.pacino/openflight_sessions/trackman/club_motion_9i/aoa_v9_results.json,6550,3f3470b27e215a42809926cae8a616848a8f302e2dcb11d3a3033c827df0e839
cross-session,comparison,openflight_trackman_sessions/comparisons_and_analysis/club_motion_9i/results.json,/Users/john.pacino/openflight_sessions/trackman/club_motion_9i/results.json,12517,a37ff49f0327cfbf28211688bb4a460fbf274e7032e9ca2876c1149c20550664
cross-session,comparison,openflight_trackman_sessions/comparisons_and_analysis/club_motion_9i/v12_results.json,/Users/john.pacino/openflight_sessions/trackman/club_motion_9i/v12_results.json,10839,3894f5f2f03ac222a8a10f392c5b5e4052f461fe0b2c168420cf0a44e10333e6
cross-session,comparison,openflight_trackman_sessions/comparisons_and_analysis/club_motion_9i/v13_results.json,/Users/john.pacino/openflight_sessions/trackman/club_motion_9i/v13_results.json,12833,4eff3ae1e57136873ffc8751f83ff790ea795e723aa1cb7bb30436325d7bd25f
cross-session,comparison,openflight_trackman_sessions/comparisons_and_analysis/club_path_2ms/coherent_likelihood_shots.csv,/Users/john.pacino/openflight_sessions/analysis_20260805_club_path_2ms/coherent_likelihood_shots.csv,2508418,356227c74dbe0249f9d1f4ae715a42e4c33d608fb82ee763dbe30cb3be094d61
cross-session,comparison,openflight_trackman_sessions/comparisons_and_analysis/club_path_2ms/coherent_likelihood_summary.csv,/Users/john.pacino/openflight_sessions/analysis_20260805_club_path_2ms/coherent_likelihood_summary.csv,14702,a2da661ad7f03937e0cd80a7be068cabf1fa7807c3bbce56d5d3289261d3af84
cross-session,comparison,openflight_trackman_sessions/comparisons_and_analysis/club_path_2ms/differential_phase_preparation.json,/Users/john.pacino/openflight_sessions/analysis_20260805_club_path_2ms/differential_phase_preparation.json,6565,78ff6bd3c8b36113b88df800df21803b77ab4f0698afacea1ae019449561263d
cross-session,comparison,openflight_trackman_sessions/comparisons_and_analysis/club_path_2ms/differential_phase_shots.csv,/Users/john.pacino/openflight_sessions/analysis_20260805_club_path_2ms/differential_phase_shots.csv,658583,b8b7f0c943b65140e7cbcb1fa8aa66d324351f0fa85f648956d49b941346c194
cross-session,comparison,openflight_trackman_sessions/comparisons_and_analysis/club_path_2ms/differential_phase_summary.csv,/Users/john.pacino/openflight_sessions/analysis_20260805_club_path_2ms/differential_phase_summary.csv,4299,8c7623726b047fd02d3470b4d547b5ce3fa361bde7bbd55f3ec2602f54a319a6
cross-session,comparison,openflight_trackman_sessions/comparisons_and_analysis/club_path_2ms/intraframe_phase_rate_shots.csv,/Users/john.pacino/openflight_sessions/analysis_20260805_club_path_2ms/intraframe_phase_rate_shots.csv,4103981,c3a176102104d2087fe2acf5efac77e2eec28e00f61e039148e3aa8023a1a139
cross-session,comparison,openflight_trackman_sessions/comparisons_and_analysis/club_path_2ms/intraframe_phase_rate_summary.csv,/Users/john.pacino/openflight_sessions/analysis_20260805_club_path_2ms/intraframe_phase_rate_summary.csv,25929,168aac401b419b928c8dfa5d0886d92ac4b0e2af72558f7087304a5d7378803f
cross-session,comparison,openflight_trackman_sessions/comparisons_and_analysis/club_path_2ms/joint_3tx_velocity_angle_shots.csv,/Users/john.pacino/openflight_sessions/analysis_20260805_club_path_2ms/joint_3tx_velocity_angle_shots.csv,8511,617d84f3653de828f5d007d567eae60e30f0023cc791754ac7e6c7a7a30cd398
cross-session,comparison,openflight_trackman_sessions/comparisons_and_analysis/club_path_2ms/joint_3tx_velocity_angle_summary.json,/Users/john.pacino/openflight_sessions/analysis_20260805_club_path_2ms/joint_3tx_velocity_angle_summary.json,1347,3927b4ef65f11e4c8cd0d2a050d68da659e8a0f407779f57ac1db3b755d8b922
cross-session,comparison,openflight_trackman_sessions/comparisons_and_analysis/club_path_2ms/loop_aligned_scatter_center_shots.csv,/Users/john.pacino/openflight_sessions/analysis_20260805_club_path_2ms/loop_aligned_scatter_center_shots.csv,1007825,c1de16b06ee8409933ec97047c209ad25a97367b23266084e2e740f8908ca003
cross-session,comparison,openflight_trackman_sessions/comparisons_and_analysis/club_path_2ms/loop_aligned_scatter_center_summary.csv,/Users/john.pacino/openflight_sessions/analysis_20260805_club_path_2ms/loop_aligned_scatter_center_summary.csv,33395,5f2eedc88152d830204fb1e4755ef77b09847e2877e4c3d16909493c40e05ea4
cross-session,comparison,openflight_trackman_sessions/comparisons_and_analysis/club_path_2ms/temporal_range_doppler_club_path_shots.csv,/Users/john.pacino/openflight_sessions/analysis_20260805_club_path_2ms/temporal_range_doppler_club_path_shots.csv,2867055,3ad00a8981bd5bb982808420bbd60f246c577fba7a989780f8fb80e1141cecbb
cross-session,comparison,openflight_trackman_sessions/comparisons_and_analysis/club_path_2ms/temporal_range_doppler_club_path_summary.csv,/Users/john.pacino/openflight_sessions/analysis_20260805_club_path_2ms/temporal_range_doppler_club_path_summary.csv,24951,4e8dadb52707ce593b6b59a2b32bf31d540a521b7e0285bce512330fca45fa7d
cross-session,comparison,openflight_trackman_sessions/comparisons_and_analysis/club_path_2ms/trackman_20260722_window_validation.csv,/Users/john.pacino/openflight_sessions/analysis_20260805_club_path_2ms/trackman_20260722_window_validation.csv,37809,0cbf71330ab88007943be0234a0aa69e90568aa002d7213080b7528d553c25b8
cross-session,comparison,openflight_trackman_sessions/comparisons_and_analysis/club_path_2ms/trackman_definition_ablation.csv,/Users/john.pacino/openflight_sessions/analysis_20260805_club_path_2ms/trackman_definition_ablation.csv,176539,8dadf57f10facea7a44c4c7a017aec6abcf6703ed126d86634a39bbcbc5b7b5e
cross-session,comparison,openflight_trackman_sessions/comparisons_and_analysis/club_path_2ms/trackman_definition_shot_diagnostics.json,/Users/john.pacino/openflight_sessions/analysis_20260805_club_path_2ms/trackman_definition_shot_diagnostics.json,4419,e35e9cab67cd7e935342c3b68b0d62b5c6a37b0b915ba386567c1e3c313975b3
cross-session,comparison,openflight_trackman_sessions/comparisons_and_analysis/club_path_2ms/velocity_resolved_scatter_center_shots.csv,/Users/john.pacino/openflight_sessions/analysis_20260805_club_path_2ms/velocity_resolved_scatter_center_shots.csv,6136098,c97c872c3ac69bfa37e5f607cac116eb1a6e22c037446338dc6c69c92bbcdadf
cross-session,comparison,openflight_trackman_sessions/comparisons_and_analysis/club_path_2ms/velocity_resolved_scatter_center_summary.csv,/Users/john.pacino/openflight_sessions/analysis_20260805_club_path_2ms/velocity_resolved_scatter_center_summary.csv,155905,60b65c8245afa24eba9809d6aabe464c4fa17344305e66b958dc502616f88c6f
cross-session,comparison,openflight_trackman_sessions/comparisons_and_analysis/july_2026/lcmf_v2_6p5in/july_lcmf_v1_6p5in_replay.csv,/Users/john.pacino/openflight_sessions/trackman/july_2026/lcmf_v2_6p5in/july_lcmf_v1_6p5in_replay.csv,69276,46cb3838af93302f9420e379c73b6f4bf7ad20d5a9d63ac1ee8dc460ef732611
cross-session,comparison,openflight_trackman_sessions/comparisons_and_analysis/july_2026/lcmf_v2_6p5in/july_lcmf_v2_5p25in_sensitivity.csv,/Users/john.pacino/openflight_sessions/trackman/july_2026/lcmf_v2_6p5in/july_lcmf_v2_5p25in_sensitivity.csv,58707,c3d928bcac286f4b3e723fb6d1ded8e9ade11702a4cc418f8b1689be503c614e
cross-session,comparison,openflight_trackman_sessions/comparisons_and_analysis/july_2026/lcmf_v2_6p5in/july_lcmf_v2_height_replay.csv,/Users/john.pacino/openflight_sessions/trackman/july_2026/lcmf_v2_6p5in/july_lcmf_v2_height_replay.csv,118831,adf01a9861f0a9178a5e84cc7450a6fe4eaf333f1f22cd27cb402c7a561020a5
cross-session,comparison,openflight_trackman_sessions/comparisons_and_analysis/july_2026/lcmf_v2_6p5in/july_lcmf_v2_height_replay_summary.json,/Users/john.pacino/openflight_sessions/trackman/july_2026/lcmf_v2_6p5in/july_lcmf_v2_height_replay_summary.json,10991,db9c1149a47fa5e89d4d2172f49abd09643150b51e090cb0ad73e79448314523
cross-session,comparison,openflight_trackman_sessions/comparisons_and_analysis/july_2026/lcmf_v2_6p5in/tx13_quality_july.csv,/Users/john.pacino/openflight_sessions/trackman/july_2026/lcmf_v2_6p5in/tx13_quality_july.csv,50787,6c3684f02dba6164baf17b0ad5324af11f69aadb4fe66e4fbee8daab7cd07e3e
cross-session,comparison,openflight_trackman_sessions/comparisons_and_analysis/supplemental/session_20260717_112858_home_attack.csv,/Users/john.pacino/Projects/openflight/artifacts/attack_replay_20260717/session_20260717_112858_home_attack.csv,3337,c9f4dbbe53ff2086706e7c11eca7727cb57e08f16d98b279698011bd4c056014
cross-session,comparison,openflight_trackman_sessions/comparisons_and_analysis/supplemental/session_20260717_113510_trackman_attack.csv,/Users/john.pacino/Projects/openflight/artifacts/attack_replay_20260717/session_20260717_113510_trackman_attack.csv,1511,ce9e51a3fb9bf8cb5712038c1639903f6c69dbd65cc184591d57502a787779f6
cross-session,comparison,openflight_trackman_sessions/comparisons_and_analysis/supplemental/session_20260717_114039_trackman_attack.csv,/Users/john.pacino/Projects/openflight/artifacts/attack_replay_20260717/session_20260717_114039_trackman_attack.csv,4634,aa84dcd7052d67b9677e4cbac478065f5fbc6797c958b1c03eace2fdac534fe6
cross-session,comparison,openflight_trackman_sessions/comparisons_and_analysis/supplemental/session_20260717_114744_home_attack.csv,/Users/john.pacino/Projects/openflight/artifacts/attack_replay_20260717/session_20260717_114744_home_attack.csv,3605,1bdc10fd8dd6eca86674cab675d4a39f761c4d5f5834884808529c714363a038
cross-session,comparison,openflight_trackman_sessions/comparisons_and_analysis/supplemental/session_20260717_115322_home_attack.csv,/Users/john.pacino/Projects/openflight/artifacts/attack_replay_20260717/session_20260717_115322_home_attack.csv,5971,2482aeace13d1695443d5227810bba05e30879cf1cbc4569b431288a01a39e9c
cross-session,comparison,openflight_trackman_sessions/comparisons_and_analysis/supplemental/session_20260717_120737_home_attack.csv,/Users/john.pacino/Projects/openflight/artifacts/attack_replay_20260717/session_20260717_120737_home_attack.csv,5428,fceadf3392014729db19291e6d289126c5ad1b2e4c12cf0d46fa3493e7e5de7b
cross-session,comparison,openflight_trackman_sessions/comparisons_and_analysis/supplemental/session_20260717_121802_home_attack.csv,/Users/john.pacino/Projects/openflight/artifacts/attack_replay_20260717/session_20260717_121802_home_attack.csv,4635,be21318c7848f87ea7130b8ccac635351877ca803a757f49ad5ed92998ea9f0e
cross-session,comparison,openflight_trackman_sessions/comparisons_and_analysis/supplemental/session_aligned_2026-07-17_no_shanks.csv,/Users/john.pacino/Projects/openflight/scripts/analysis/tm0717/session_aligned_2026-07-17_no_shanks.csv,30830,03f54f2e84068f76e1406ffc7949f2966fc4387d7f6c1157328f1304d052e27b
cross-session,comparison,openflight_trackman_sessions/comparisons_and_analysis/supplemental/session_aligned_corrected.csv,/Users/john.pacino/Projects/openflight/artifacts/tm0722_horizontal_offset_3p5in/session_aligned_corrected.csv,16427,beacd14a4d4d40d2c31b5aa2c2d728a4120b1cf8ec5021e75cf878adf18240f3
cross-session,comparison,openflight_trackman_sessions/comparisons_and_analysis/supplemental/tm0717_attack_joined.csv,/Users/john.pacino/Projects/openflight/artifacts/attack_replay_20260717/tm0717_attack_joined.csv,59863,cb8e0629bd0c1f79da5fcc05948023d04d7939e2d3cb55467454c38951c6dea8
cross-session,comparison,openflight_trackman_sessions/comparisons_and_analysis/sweep_20260808_17shots/sweep.json,/Users/john.pacino/openflight_sessions/trackman/sweep_20260808_17shots/sweep.json,22204,7f8ca69683d867bc9aa20a5e5835dde5c6455c763f96d7f03566e1f83b6df302
cross-session,comparison,openflight_trackman_sessions/comparisons_and_analysis/windowing_replay_20260826/range_fft_window_replay_shots.csv,/Users/john.pacino/openflight_sessions/trackman/windowing_replay_20260826/range_fft_window_replay_shots.csv,168941,2488b01aad1fdf8681f79ab6e7faf81c250178ba5647614d54bcbd41f8440153
cross-session,comparison,openflight_trackman_sessions/comparisons_and_analysis/windowing_replay_20260826/range_fft_window_replay_summary.json,/Users/john.pacino/openflight_sessions/trackman/windowing_replay_20260826/range_fft_window_replay_summary.json,8209,f8b161b71d1b525777669f011d902ce1309b0fe4a8d56617b30d3e2a9a833ad6
cross-session,comparison,openflight_trackman_sessions/comparisons_and_analysis/windowing_replay_20260826_hybrid/range_fft_window_replay_shots.csv,/Users/john.pacino/openflight_sessions/trackman/windowing_replay_20260826_hybrid/range_fft_window_replay_shots.csv,291767,285844232a6c1a67c320ab7b302d443449e94e8c9e05d8de40cec709a4deabbb
cross-session,comparison,openflight_trackman_sessions/comparisons_and_analysis/windowing_replay_20260826_hybrid/range_fft_window_replay_summary.json,/Users/john.pacino/openflight_sessions/trackman/windowing_replay_20260826_hybrid/range_fft_window_replay_summary.json,14886,1859c0e199a073153c6f764be6f86de84fbf47c43bef181af2b54227e00d1ea7
cross-session,comparison,openflight_trackman_sessions/cross_session_analysis/july_2026/trackman_vs_openflight_ops.csv,/Users/john.pacino/Projects/openflight/artifacts/OpenFlight_OPS243_TrackMan_sessions_2026-07-14_to_2026-07-22/combined/trackman_vs_openflight_ops.csv,55858,59d1582ad39c5fd1a0a5575ab21f683be285f9fe6841878b87d50f2b441c0cf3
2026-07-14,comparison,openflight_trackman_sessions/sessions/2026-07-14/comparisons/session_aligned_2026-07-14.csv,/Users/john.pacino/Projects/openflight/artifacts/OpenFlight_OPS243_TrackMan_sessions_2026-07-14_to_2026-07-22/sessions/2026-07-14/comparison/session_aligned_2026-07-14.csv,16730,e76e788a231a946c29f472e8435f743d435d902a9593bde66547411a59076c7b
2026-07-14,iwr_dump,openflight_trackman_sessions/sessions/2026-07-14/openflight/iwr6843/shot_vB_062.l3dump,/Users/john.pacino/openflight_sessions/tm_0714/shot_vB_062.l3dump,786452,fdcccde910c9f30f05422e4e3a81b28ed54aeb792d4e1a90d4b4afe6fd595f88
2026-07-14,iwr_dump,openflight_trackman_sessions/sessions/2026-07-14/openflight/iwr6843/shot_vB_063.l3dump,/Users/john.pacino/openflight_sessions/tm_0714/shot_vB_063.l3dump,786452,5bcb72ec0ea8e7b6056b431263f678fc20243adb49212d1693bb648fd7f8c98c
2026-07-14,iwr_dump,openflight_trackman_sessions/sessions/2026-07-14/openflight/iwr6843/shot_vB_064.l3dump,/Users/john.pacino/openflight_sessions/tm_0714/shot_vB_064.l3dump,786452,9f9869731d34118798747b6b9f6577d395cfa193aaf7ed06fd68b9285e2e63ae
2026-07-14,iwr_dump,openflight_trackman_sessions/sessions/2026-07-14/openflight/iwr6843/shot_vB_065.l3dump,/Users/john.pacino/openflight_sessions/tm_0714/shot_vB_065.l3dump,786452,33e709570bb5753e6a7a5c2eaf099377fe975773b12f53ed19a00146d4306419
2026-07-14,iwr_dump,openflight_trackman_sessions/sessions/2026-07-14/openflight/iwr6843/shot_vB_066.l3dump,/Users/john.pacino/openflight_sessions/tm_0714/shot_vB_066.l3dump,786452,20dd884bdd5381dea02c4d3b4a7ca26310f68ce242070e492035d0464b33f84b
2026-07-14,iwr_dump,openflight_trackman_sessions/sessions/2026-07-14/openflight/iwr6843/shot_vB_067.l3dump,/Users/john.pacino/openflight_sessions/tm_0714/shot_vB_067.l3dump,786452,f40d6f16d14e10e96c6dac2f56fbd62f9d0273c4b32e73e6e0bef527d385ce98
2026-07-14,iwr_dump,openflight_trackman_sessions/sessions/2026-07-14/openflight/iwr6843/shot_vB_068.l3dump,/Users/john.pacino/openflight_sessions/tm_0714/shot_vB_068.l3dump,786452,862d46caffad59a01f6e0dc4118dd7cef27d8cfe7e55071bf08a9cb66f938bff
2026-07-14,iwr_dump,openflight_trackman_sessions/sessions/2026-07-14/openflight/iwr6843/shot_vB_069.l3dump,/Users/john.pacino/openflight_sessions/tm_0714/shot_vB_069.l3dump,786452,8ff1189630635a0b3a0b05b607d4f4eef3dbd518b028f13fb98211b7d3e9859d
2026-07-14,iwr_dump,openflight_trackman_sessions/sessions/2026-07-14/openflight/iwr6843/shot_vB_070.l3dump,/Users/john.pacino/openflight_sessions/tm_0714/shot_vB_070.l3dump,786452,ad3e94d42c47cc2c885ac2de41463b0330e7256cb4cb529607c5e445e6e22e18
2026-07-14,iwr_dump,openflight_trackman_sessions/sessions/2026-07-14/openflight/iwr6843/shot_vB_071.l3dump,/Users/john.pacino/openflight_sessions/tm_0714/shot_vB_071.l3dump,786452,4fd22d77c1e6517f15ae6500784e4a7f8cc8da1418648ed6fe08d5c98357060d
2026-07-14,iwr_dump,openflight_trackman_sessions/sessions/2026-07-14/openflight/iwr6843/shot_vB_072.l3dump,/Users/john.pacino/openflight_sessions/tm_0714/shot_vB_072.l3dump,786452,11328cc200cf94b6fa6c130f4985b52b52d9336690eacae145d720e5c4ed54b0
2026-07-14,iwr_dump,openflight_trackman_sessions/sessions/2026-07-14/openflight/iwr6843/shot_vB_073.l3dump,/Users/john.pacino/openflight_sessions/tm_0714/shot_vB_073.l3dump,786452,1123669204adedac9b954923d14dbb71b6bc62cff62070721f45decd1768498e
2026-07-14,iwr_dump,openflight_trackman_sessions/sessions/2026-07-14/openflight/iwr6843/shot_vB_074.l3dump,/Users/john.pacino/openflight_sessions/tm_0714/shot_vB_074.l3dump,786452,df2eb68111b02616bc7bd262139616e20b6c5ae9dcfa30267336594e8e5fbd7d
2026-07-14,iwr_dump,openflight_trackman_sessions/sessions/2026-07-14/openflight/iwr6843/shot_vB_075.l3dump,/Users/john.pacino/openflight_sessions/tm_0714/shot_vB_075.l3dump,786452,0ee504b78996987a9109ae4b54cc0988eae7b39b63402591c3bb8692a8eaea90
2026-07-14,iwr_dump,openflight_trackman_sessions/sessions/2026-07-14/openflight/iwr6843/shot_vB_076.l3dump,/Users/john.pacino/openflight_sessions/tm_0714/shot_vB_076.l3dump,786452,1ebb3317cc7db44ec63cbecf7514f389ba0fcbeb3e7b82ce75acf99143addc5d
2026-07-14,iwr_dump,openflight_trackman_sessions/sessions/2026-07-14/openflight/iwr6843/shot_vB_077.l3dump,/Users/john.pacino/openflight_sessions/tm_0714/shot_vB_077.l3dump,786452,080592818580dfaf89b2d6866fea52341b32888ffdd807b770e7220f960fec7c
2026-07-14,iwr_dump,openflight_trackman_sessions/sessions/2026-07-14/openflight/iwr6843/shot_vB_078.l3dump,/Users/john.pacino/openflight_sessions/tm_0714/shot_vB_078.l3dump,786452,bb4b7595255ab96f8662d828d3dd3c0e46c480f1ebc94de0f8bfd9fdb588cce8
2026-07-14,iwr_dump,openflight_trackman_sessions/sessions/2026-07-14/openflight/iwr6843/shot_vB_079.l3dump,/Users/john.pacino/openflight_sessions/tm_0714/shot_vB_079.l3dump,786452,763fc14cc871e3ce60f0a9ea5dc98aa94c72441ac844d464be8c7004cde20e3e
2026-07-14,iwr_dump,openflight_trackman_sessions/sessions/2026-07-14/openflight/iwr6843/shot_vB_080.l3dump,/Users/john.pacino/openflight_sessions/tm_0714/shot_vB_080.l3dump,786452,427c0e896833a35916a16dd3b69961460a4f9bf407cb8257829873dd1816f667
2026-07-14,iwr_dump,openflight_trackman_sessions/sessions/2026-07-14/openflight/iwr6843/shot_vB_081.l3dump,/Users/john.pacino/openflight_sessions/tm_0714/shot_vB_081.l3dump,786452,a607c60526021462d5b787ba5e71cf2afd5fb4fa70c826a7f28f2858d59b16b0
2026-07-14,iwr_dump,openflight_trackman_sessions/sessions/2026-07-14/openflight/iwr6843/shot_vB_082.l3dump,/Users/john.pacino/openflight_sessions/tm_0714/shot_vB_082.l3dump,786452,2fe961fb69d709b8bc591d20a5012c7b64b6f15cbc201535fd58080dbeb4edd9
2026-07-14,iwr_dump,openflight_trackman_sessions/sessions/2026-07-14/openflight/iwr6843/shot_vB_083.l3dump,/Users/john.pacino/openflight_sessions/tm_0714/shot_vB_083.l3dump,786452,2c512dbb25e138a0039264e94015e663a1dea7df37be1345820e4b65b70a8977
2026-07-14,iwr_dump,openflight_trackman_sessions/sessions/2026-07-14/openflight/iwr6843/shot_vB_084.l3dump,/Users/john.pacino/openflight_sessions/tm_0714/shot_vB_084.l3dump,786452,a93932652fee5c7466a6b47b0a46258639d3e3982d4383c10e90727011e0aad8
2026-07-14,iwr_dump,openflight_trackman_sessions/sessions/2026-07-14/openflight/iwr6843/shot_vB_086.l3dump,/Users/john.pacino/openflight_sessions/tm_0714/shot_vB_086.l3dump,786452,f7c3b67d1224faa8c1e0aae3c32ccf834f1ba7bceadde3da0968cc55e9be4a8b
2026-07-14,iwr_dump,openflight_trackman_sessions/sessions/2026-07-14/openflight/iwr6843/shot_vB_087.l3dump,/Users/john.pacino/openflight_sessions/tm_0714/shot_vB_087.l3dump,786452,22dd013b97f8935119b41f4e272de43d934cc40db8934276e3fdffd1ee7bb939
2026-07-14,iwr_dump,openflight_trackman_sessions/sessions/2026-07-14/openflight/iwr6843/shot_vB_088.l3dump,/Users/john.pacino/openflight_sessions/tm_0714/shot_vB_088.l3dump,786452,089069d06cc09045049ecb0f578a55b209dbaa77ab2e4ddfedc2fc4f20e78745
2026-07-14,iwr_dump,openflight_trackman_sessions/sessions/2026-07-14/openflight/iwr6843/shot_vB_089.l3dump,/Users/john.pacino/openflight_sessions/tm_0714/shot_vB_089.l3dump,786452,f819c4c627dc8016d9608a3fcf7827f42acbfe9b8f263a66868c9becae492467
2026-07-14,iwr_dump,openflight_trackman_sessions/sessions/2026-07-14/openflight/iwr6843/shot_vB_090.l3dump,/Users/john.pacino/openflight_sessions/tm_0714/shot_vB_090.l3dump,786452,c1a81b7ccc4e621fff9598bfecac315091eec9e870ebd869e223d6959ef43703
2026-07-14,iwr_dump,openflight_trackman_sessions/sessions/2026-07-14/openflight/iwr6843/shot_vB_091.l3dump,/Users/john.pacino/openflight_sessions/tm_0714/shot_vB_091.l3dump,786452,060ea83d1767a781b863b9961650ec5752597e8568aff0a3bfb80243bf1f7b58
2026-07-14,iwr_dump,openflight_trackman_sessions/sessions/2026-07-14/openflight/iwr6843/shot_vB_092.l3dump,/Users/john.pacino/openflight_sessions/tm_0714/shot_vB_092.l3dump,786452,73e3a7545a7de87ca24ce423f2b9ac0f7a6cd89b0e1fd9b281d710453b4950bb
2026-07-14,iwr_dump,openflight_trackman_sessions/sessions/2026-07-14/openflight/iwr6843/shot_vB_093.l3dump,/Users/john.pacino/openflight_sessions/tm_0714/shot_vB_093.l3dump,786452,6a0191da65839a88b33488e869609e0985e0dd3c603bfe14431874766fbcdcac
2026-07-14,iwr_dump,openflight_trackman_sessions/sessions/2026-07-14/openflight/iwr6843/shot_vB_094.l3dump,/Users/john.pacino/openflight_sessions/tm_0714/shot_vB_094.l3dump,786452,e050e348f3c8d439ab76c8b6c74f3b41619f4d06cc8051293e78105bb4002dee
2026-07-14,iwr_dump,openflight_trackman_sessions/sessions/2026-07-14/openflight/iwr6843/shot_vB_095.l3dump,/Users/john.pacino/openflight_sessions/tm_0714/shot_vB_095.l3dump,786452,f50298a72653afb6f224670466696b8f2fda42b58b631ceb30248a3f50d241b8
2026-07-14,iwr_dump,openflight_trackman_sessions/sessions/2026-07-14/openflight/iwr6843/shot_vB_096.l3dump,/Users/john.pacino/openflight_sessions/tm_0714/shot_vB_096.l3dump,786452,c78f8e9d8976eeda0a8926e6fb813c690c91305417431ecd88d3c2b24618acec
2026-07-14,iwr_dump,openflight_trackman_sessions/sessions/2026-07-14/openflight/iwr6843/shot_vB_097.l3dump,/Users/john.pacino/openflight_sessions/tm_0714/shot_vB_097.l3dump,786452,edd4adfc8c8783dfab3ab0f55032e659ffecc4002f47ce9d8eadacaf2af9998e
2026-07-14,iwr_dump,openflight_trackman_sessions/sessions/2026-07-14/openflight/iwr6843/shot_vB_098.l3dump,/Users/john.pacino/openflight_sessions/tm_0714/shot_vB_098.l3dump,786452,ee7cf47d80986a9d18bdce1ac0726fd813533cd1b5751baaf440f918576d4d39
2026-07-14,iwr_dump,openflight_trackman_sessions/sessions/2026-07-14/openflight/iwr6843/shot_vB_099.l3dump,/Users/john.pacino/openflight_sessions/tm_0714/shot_vB_099.l3dump,786452,f6052ec7cc5ef7f498677e88381f8800440ee51e9e12bf99823795a1371d3ef1
2026-07-14,iwr_dump,openflight_trackman_sessions/sessions/2026-07-14/openflight/iwr6843/shot_vB_100.l3dump,/Users/john.pacino/openflight_sessions/tm_0714/shot_vB_100.l3dump,786452,ec6dca1e1aeecb6b41da7677e4f3172b6f632fbaa7d47b3e4c62e7338083142c
2026-07-14,iwr_dump,openflight_trackman_sessions/sessions/2026-07-14/openflight/iwr6843/shot_vB_101.l3dump,/Users/john.pacino/openflight_sessions/tm_0714/shot_vB_101.l3dump,786452,bb5b1316351af1399bf0b7ba81ba8db323b769eb84e4fbfc2fa707aca362df03
2026-07-14,iwr_dump,openflight_trackman_sessions/sessions/2026-07-14/openflight/iwr6843/shot_vB_102.l3dump,/Users/john.pacino/openflight_sessions/tm_0714/shot_vB_102.l3dump,786452,d863f81e46910e1654ba87032f94b2aae0cf71d0f88e27fcc3a28e46c2444590
2026-07-14,iwr_dump,openflight_trackman_sessions/sessions/2026-07-14/openflight/iwr6843/shot_vB_103.l3dump,/Users/john.pacino/openflight_sessions/tm_0714/shot_vB_103.l3dump,786452,34009529237e5256710aadf02a24d962d9a3bb0a8089abd96ec65ddaf3b4deab
2026-07-14,iwr_dump,openflight_trackman_sessions/sessions/2026-07-14/openflight/iwr6843/shot_vB_104.l3dump,/Users/john.pacino/openflight_sessions/tm_0714/shot_vB_104.l3dump,786452,c6fe213318605437bdec963bd2aca0ffed0c5e2a3eadf37fc7870afb3e2117de
2026-07-14,iwr_dump,openflight_trackman_sessions/sessions/2026-07-14/openflight/iwr6843/shot_vB_105.l3dump,/Users/john.pacino/openflight_sessions/tm_0714/shot_vB_105.l3dump,786452,dffa8671932f92495c052c879e9aa5d4ffecb5e42ea81c24232c9f5ba0d0c997
2026-07-14,iwr_dump,openflight_trackman_sessions/sessions/2026-07-14/openflight/iwr6843/shot_vB_106.l3dump,/Users/john.pacino/openflight_sessions/tm_0714/shot_vB_106.l3dump,786452,4bb5a8f4c88362fe2a597c9b86e4ac782f3966922377efe96f876c587022f4e6
2026-07-14,iwr_dump,openflight_trackman_sessions/sessions/2026-07-14/openflight/iwr6843/shot_vB_109.l3dump,/Users/john.pacino/openflight_sessions/tm_0714/shot_vB_109.l3dump,786452,bd05ac36be5dc0fef0dbe9b01700f513be8c67a0042f52a7854a59b253a23356
2026-07-14,iwr_dump,openflight_trackman_sessions/sessions/2026-07-14/openflight/iwr6843/shot_vB_110.l3dump,/Users/john.pacino/openflight_sessions/tm_0714/shot_vB_110.l3dump,786452,a5337f1d3609ec6caba2a27381f7472d2f95297c476eb8080c4263a7057c171f
2026-07-14,iwr_dump,openflight_trackman_sessions/sessions/2026-07-14/openflight/iwr6843/shot_vB_111.l3dump,/Users/john.pacino/openflight_sessions/tm_0714/shot_vB_111.l3dump,786452,9401eeaa0b995f63deab262c3268490c04d79f69946508fdf75fbc8f4c0e4054
2026-07-14,iwr_dump,openflight_trackman_sessions/sessions/2026-07-14/openflight/iwr6843/shot_vB_112.l3dump,/Users/john.pacino/openflight_sessions/tm_0714/shot_vB_112.l3dump,786452,f40e6c614308fba998c3ee2deae516eb3eaa7f339e73678708314f718132c128
2026-07-14,iwr_dump,openflight_trackman_sessions/sessions/2026-07-14/openflight/iwr6843/shot_vB_113.l3dump,/Users/john.pacino/openflight_sessions/tm_0714/shot_vB_113.l3dump,786452,40541115047b16cf8497c6f28b8df0e4fc70c2e321c0bf8607d74fef1c35e294
2026-07-14,iwr_dump,openflight_trackman_sessions/sessions/2026-07-14/openflight/iwr6843/shot_vB_114.l3dump,/Users/john.pacino/openflight_sessions/tm_0714/shot_vB_114.l3dump,786452,91ea82a88d9012a318cb9c8368d7f5c55dbeebd16070d315f5b0c1a1cd2d1bd2
2026-07-14,iwr_dump,openflight_trackman_sessions/sessions/2026-07-14/openflight/iwr6843/shot_vB_115.l3dump,/Users/john.pacino/openflight_sessions/tm_0714/shot_vB_115.l3dump,786452,d0adf442d42e6ec754238d892af998315279b5353f267b10f5393ba149e72ddc
2026-07-14,iwr_dump,openflight_trackman_sessions/sessions/2026-07-14/openflight/iwr6843/shot_vB_116.l3dump,/Users/john.pacino/openflight_sessions/tm_0714/shot_vB_116.l3dump,786452,545c691082def746253d38f830f4684d4eafd24ed14c4ea34072a213e5c5d2ab
2026-07-14,iwr_dump,openflight_trackman_sessions/sessions/2026-07-14/openflight/iwr6843/shot_vB_117.l3dump,/Users/john.pacino/openflight_sessions/tm_0714/shot_vB_117.l3dump,786452,520364152377d41ef252e9da039699cc18d7a92af0e9f11c25573e894ef72d99
2026-07-14,iwr_dump,openflight_trackman_sessions/sessions/2026-07-14/openflight/iwr6843/shot_vB_118.l3dump,/Users/john.pacino/openflight_sessions/tm_0714/shot_vB_118.l3dump,786452,1fd02b10e8143433b54a637e62c5a653c7ee1090691903734ddaa5e4a393c3f0
2026-07-14,iwr_dump,openflight_trackman_sessions/sessions/2026-07-14/openflight/iwr6843/shot_vB_119.l3dump,/Users/john.pacino/openflight_sessions/tm_0714/shot_vB_119.l3dump,786452,c9a46fa23b023b4cd5ec8591cf77997c4add81134b762828c4a2b9f9fdcf720f
2026-07-14,iwr_dump,openflight_trackman_sessions/sessions/2026-07-14/openflight/iwr6843/shot_vB_120.l3dump,/Users/john.pacino/openflight_sessions/tm_0714/shot_vB_120.l3dump,786452,eb695c4273847c41ca866237e711533551690e124ef7cbae9f34c37c8d5ee95c
2026-07-14,iwr_dump,openflight_trackman_sessions/sessions/2026-07-14/openflight/iwr6843/shot_vB_121.l3dump,/Users/john.pacino/openflight_sessions/tm_0714/shot_vB_121.l3dump,786452,8b4fbbc275d4b212d11d2f88bd15676d8f07eaedcec54b0423d5ac9b978e93f9
2026-07-14,iwr_dump,openflight_trackman_sessions/sessions/2026-07-14/openflight/iwr6843/shot_vB_122.l3dump,/Users/john.pacino/openflight_sessions/tm_0714/shot_vB_122.l3dump,786452,0db5f80fad0bb25042e4eef03f86e5cdf939f9a93c9139f80609333f6c7d4ce7
2026-07-14,iwr_dump,openflight_trackman_sessions/sessions/2026-07-14/openflight/iwr6843/shot_vB_123.l3dump,/Users/john.pacino/openflight_sessions/tm_0714/shot_vB_123.l3dump,786452,3456a8a711fc85fe9e57724dc339b614bb13e527529c2906d4f4741c57d6c35e
2026-07-14,iwr_dump,openflight_trackman_sessions/sessions/2026-07-14/openflight/iwr6843/shot_vB_124.l3dump,/Users/john.pacino/openflight_sessions/tm_0714/shot_vB_124.l3dump,786452,68beb8f05065472fc25edeecdb421bb46afb3bb544042d5606709328c9af5425
2026-07-14,iwr_dump,openflight_trackman_sessions/sessions/2026-07-14/openflight/iwr6843/shot_vB_130.l3dump,/Users/john.pacino/openflight_sessions/tm_0714/shot_vB_130.l3dump,786452,b659fcfe5adf7386cbcc98753e9359b74282ff31cff83c4d7d6f9ec8bccc3545
2026-07-14,iwr_dump,openflight_trackman_sessions/sessions/2026-07-14/openflight/iwr6843/shot_vB_131.l3dump,/Users/john.pacino/openflight_sessions/tm_0714/shot_vB_131.l3dump,786452,e9522d9941207cedd42b2c3660b6911d4842a9c225450c483819f01ff762d725
2026-07-14,iwr_dump,openflight_trackman_sessions/sessions/2026-07-14/openflight/iwr6843/shot_vB_132.l3dump,/Users/john.pacino/openflight_sessions/tm_0714/shot_vB_132.l3dump,786452,7d40bf3db4b82f69c94686b8051b4e361aae4bf1bee992cd506154d861e46bca
2026-07-14,iwr_dump,openflight_trackman_sessions/sessions/2026-07-14/openflight/iwr6843/shot_vB_133.l3dump,/Users/john.pacino/openflight_sessions/tm_0714/shot_vB_133.l3dump,786452,1f23967558f5195dce2e7bb5bf5287e3b1c6b2c15e93a57637bd75456dea3192
2026-07-14,iwr_dump,openflight_trackman_sessions/sessions/2026-07-14/openflight/iwr6843/shot_vB_134.l3dump,/Users/john.pacino/openflight_sessions/tm_0714/shot_vB_134.l3dump,786452,39cd988978aae80b4ef27629419b927af88df7b6acc2d8c8242fb44ae83daddc
2026-07-14,iwr_dump,openflight_trackman_sessions/sessions/2026-07-14/openflight/iwr6843/shot_vB_135.l3dump,/Users/john.pacino/openflight_sessions/tm_0714/shot_vB_135.l3dump,786452,79a16f0cbf6117532a51f21e424dddc1cf689186422d330de62f8f6e3b29fb0f
2026-07-14,iwr_dump,openflight_trackman_sessions/sessions/2026-07-14/openflight/iwr6843/shot_vB_136.l3dump,/Users/john.pacino/openflight_sessions/tm_0714/shot_vB_136.l3dump,786452,611800c2719cb1e798d8f39c72d734724bb313f82c0f12f45bd5ad7654233a2f
2026-07-14,iwr_dump,openflight_trackman_sessions/sessions/2026-07-14/openflight/iwr6843/shot_vB_137.l3dump,/Users/john.pacino/openflight_sessions/tm_0714/shot_vB_137.l3dump,786452,a7febc101761c03094d4c0bfeed89a2cd4d8a0e7d6e6b4e62e791da5a863b90f
2026-07-14,iwr_dump,openflight_trackman_sessions/sessions/2026-07-14/openflight/iwr6843/shot_vB_142.l3dump,/Users/john.pacino/openflight_sessions/tm_0714/shot_vB_142.l3dump,786452,d4d25822a783dcd4beb6551fa990ab6162548b2acac1aa61dd2fd505e837d26a
2026-07-14,iwr_dump,openflight_trackman_sessions/sessions/2026-07-14/openflight/iwr6843/shot_vB_143.l3dump,/Users/john.pacino/openflight_sessions/tm_0714/shot_vB_143.l3dump,786452,5618869f6d6d0e5c1d733f325eeaccd3e990a3dc12477ebdb4be3fd6ed75bd65
2026-07-14,iwr_dump,openflight_trackman_sessions/sessions/2026-07-14/openflight/iwr6843/shot_vB_144.l3dump,/Users/john.pacino/openflight_sessions/tm_0714/shot_vB_144.l3dump,786452,d2a9f666daf55683781a8840728bb90a1331cd070682097100da9c3eceec031c
2026-07-14,iwr_dump,openflight_trackman_sessions/sessions/2026-07-14/openflight/iwr6843/shot_vB_145.l3dump,/Users/john.pacino/openflight_sessions/tm_0714/shot_vB_145.l3dump,786452,e365c4a8a644dd1c6ae06b21d59428d93a0633d86555e1819768c6a8afd39e3d
2026-07-14,iwr_dump,openflight_trackman_sessions/sessions/2026-07-14/openflight/iwr6843/shot_vB_146.l3dump,/Users/john.pacino/openflight_sessions/tm_0714/shot_vB_146.l3dump,786452,07258b78de873c21a067adb6f456339b38df7ff4db36bf9881a19df23b6daf24
2026-07-14,iwr_dump,openflight_trackman_sessions/sessions/2026-07-14/openflight/iwr6843/shot_vB_147.l3dump,/Users/john.pacino/openflight_sessions/tm_0714/shot_vB_147.l3dump,786452,400643b4c0e4fe2035935422332cae90afb01297c7d12531b400899c6e611deb
2026-07-14,iwr_dump,openflight_trackman_sessions/sessions/2026-07-14/openflight/iwr6843/shot_vB_148.l3dump,/Users/john.pacino/openflight_sessions/tm_0714/shot_vB_148.l3dump,786452,19741baeda483222301956129480b5e83017171b177fb66ed32838935a0c3a34
2026-07-14,iwr_dump,openflight_trackman_sessions/sessions/2026-07-14/openflight/iwr6843/shot_vB_149.l3dump,/Users/john.pacino/openflight_sessions/tm_0714/shot_vB_149.l3dump,786452,488306d7311b98068a753d28a71632711d0a62e1838c8436727815c15fdd7d59
2026-07-14,iwr_dump,openflight_trackman_sessions/sessions/2026-07-14/openflight/iwr6843/shot_vB_150.l3dump,/Users/john.pacino/openflight_sessions/tm_0714/shot_vB_150.l3dump,786452,03c3afe265b91fc3de6f0e5c46c7e5a8751f646fc0685a0277994516e7451a4a
2026-07-14,iwr_dump,openflight_trackman_sessions/sessions/2026-07-14/openflight/iwr6843/shot_vB_151.l3dump,/Users/john.pacino/openflight_sessions/tm_0714/shot_vB_151.l3dump,786452,dfb336022a142385f783ca16f31485743ebc2d1564f08e53d63dd394fc492cd0
2026-07-14,iwr_dump,openflight_trackman_sessions/sessions/2026-07-14/openflight/iwr6843/shot_vB_152.l3dump,/Users/john.pacino/openflight_sessions/tm_0714/shot_vB_152.l3dump,786452,414507bba689f978a2473a49df18564a51666a03c90cc5714dccde0c64ef70c8
2026-07-14,iwr_dump,openflight_trackman_sessions/sessions/2026-07-14/openflight/iwr6843/shot_vB_153.l3dump,/Users/john.pacino/openflight_sessions/tm_0714/shot_vB_153.l3dump,786452,991580a47bad8b5fbf8f9e403155310d8d39e1512f80ab3dd56a37db05e7fe8d
2026-07-14,iwr_dump,openflight_trackman_sessions/sessions/2026-07-14/openflight/iwr6843/shot_vB_154.l3dump,/Users/john.pacino/openflight_sessions/tm_0714/shot_vB_154.l3dump,786452,fdc47e5f783a4d5ff2b3fb50c0a7a20deecb6a79e20dd3130603dd8aad2d7c61
2026-07-14,iwr_dump,openflight_trackman_sessions/sessions/2026-07-14/openflight/iwr6843/shot_vB_155.l3dump,/Users/john.pacino/openflight_sessions/tm_0714/shot_vB_155.l3dump,786452,aaa22ac8b0494500e961b3fb0405bd54b0fe17f06bd738c6514a53fbbdba5fcd
2026-07-14,iwr_dump,openflight_trackman_sessions/sessions/2026-07-14/openflight/iwr6843/shot_vB_156.l3dump,/Users/john.pacino/openflight_sessions/tm_0714/shot_vB_156.l3dump,786452,5934a84226e56a457522f7d5caa2700a2788d6e92bb6c7869e11e2170e5e0470
2026-07-14,iwr_dump,openflight_trackman_sessions/sessions/2026-07-14/openflight/iwr6843/shot_vB_157.l3dump,/Users/john.pacino/openflight_sessions/tm_0714/shot_vB_157.l3dump,786452,10e0e850e383eb1be24d61c2c1b2b11b7d386d262733a0be7224eb6511e525a5
2026-07-14,iwr_dump,openflight_trackman_sessions/sessions/2026-07-14/openflight/iwr6843/shot_vB_158.l3dump,/Users/john.pacino/openflight_sessions/tm_0714/shot_vB_158.l3dump,786452,870f7428402e9841db6fe7dbcc65ca3cdfbe34cfddba9c2753f406d45d3529a1
2026-07-14,iwr_dump,openflight_trackman_sessions/sessions/2026-07-14/openflight/iwr6843/shot_vB_159.l3dump,/Users/john.pacino/openflight_sessions/tm_0714/shot_vB_159.l3dump,786452,3728cdf0508b3470a59ecbbbf2825516869350f3445cb3245387944b5247fbd7
2026-07-14,iwr_dump,openflight_trackman_sessions/sessions/2026-07-14/openflight/iwr6843/shot_vB_160.l3dump,/Users/john.pacino/openflight_sessions/tm_0714/shot_vB_160.l3dump,786452,dacc6ef4f5f4c8c63d0d57999f33b9f264a312c99233926b27e9ff64ed305996
2026-07-14,iwr_dump,openflight_trackman_sessions/sessions/2026-07-14/openflight/iwr6843/shot_vB_161.l3dump,/Users/john.pacino/openflight_sessions/tm_0714/shot_vB_161.l3dump,786452,b5fa0ffcde472b4f43b190abbf37a7406d3bd14f72f50e50e3885342478e759f
2026-07-14,iwr_dump,openflight_trackman_sessions/sessions/2026-07-14/openflight/iwr6843/shot_vB_162.l3dump,/Users/john.pacino/openflight_sessions/tm_0714/shot_vB_162.l3dump,786452,9392a5f38e39f189432f221137dd38caaf420ef535a956af78ea40679a89661b
2026-07-14,iwr_dump,openflight_trackman_sessions/sessions/2026-07-14/openflight/iwr6843/shot_vB_163.l3dump,/Users/john.pacino/openflight_sessions/tm_0714/shot_vB_163.l3dump,786452,7cc32395678fefa245601068a9bb25a39707c3dc90f5851b8352c13f472ce002
2026-07-14,iwr_dump,openflight_trackman_sessions/sessions/2026-07-14/openflight/iwr6843/shot_vB_164.l3dump,/Users/john.pacino/openflight_sessions/tm_0714/shot_vB_164.l3dump,786452,3214c547c58ac2c3c22e33efb3fe596b3968bbc1b9f3473e74155a1439979766
2026-07-14,iwr_dump,openflight_trackman_sessions/sessions/2026-07-14/openflight/iwr6843/shot_vB_165.l3dump,/Users/john.pacino/openflight_sessions/tm_0714/shot_vB_165.l3dump,786452,2bdbdc423a0e6e48b1b99c55ab0aeca169b76cc369dc819c5b42c05f71392ed1
2026-07-14,iwr_dump,openflight_trackman_sessions/sessions/2026-07-14/openflight/iwr6843/shot_vB_166.l3dump,/Users/john.pacino/openflight_sessions/tm_0714/shot_vB_166.l3dump,786452,9e98adcad06b2433cf50b7f77ace7335aae1cf8e002e41d995cc77ce526b4cd1
2026-07-14,iwr_dump,openflight_trackman_sessions/sessions/2026-07-14/openflight/iwr6843/shot_vB_167.l3dump,/Users/john.pacino/openflight_sessions/tm_0714/shot_vB_167.l3dump,786452,9607d67b8a2b328493542c8d43be501c32633d8aefa0c483e81cb31bedaf0f3b
2026-07-14,iwr_dump,openflight_trackman_sessions/sessions/2026-07-14/openflight/iwr6843/shot_vB_168.l3dump,/Users/john.pacino/openflight_sessions/tm_0714/shot_vB_168.l3dump,786452,b589060e9f9f5f91d93816a80fa071fc67b40320ad0df6aead0abd5b094449ee
2026-07-14,iwr_dump,openflight_trackman_sessions/sessions/2026-07-14/openflight/iwr6843/shot_vB_169.l3dump,/Users/john.pacino/openflight_sessions/tm_0714/shot_vB_169.l3dump,786452,b3a0988d5c7369980d8bea4ff68638172f8f0b256fa5d78f4fef8d9742d4ae8f
2026-07-14,iwr_dump,openflight_trackman_sessions/sessions/2026-07-14/openflight/iwr6843/shot_vB_170.l3dump,/Users/john.pacino/openflight_sessions/tm_0714/shot_vB_170.l3dump,786452,e964c768a7274fdbcd0df34bb4ef2f74b7be622001241a028b9b5d889e490771
2026-07-14,iwr_dump,openflight_trackman_sessions/sessions/2026-07-14/openflight/iwr6843/shot_vB_171.l3dump,/Users/john.pacino/openflight_sessions/tm_0714/shot_vB_171.l3dump,786452,5b7546b4d4e7721db0ae22a789d40754241849363312346b0d3174b2c4033eee
2026-07-14,iwr_dump,openflight_trackman_sessions/sessions/2026-07-14/openflight/iwr6843/shot_vB_172.l3dump,/Users/john.pacino/openflight_sessions/tm_0714/shot_vB_172.l3dump,786452,cc8ddbd12975a8284238423ddeb85abf984d860d3170cc02848f330a3c7b179e
2026-07-14,iwr_dump,openflight_trackman_sessions/sessions/2026-07-14/openflight/iwr6843/shot_vB_173.l3dump,/Users/john.pacino/openflight_sessions/tm_0714/shot_vB_173.l3dump,786452,4bb6c2368d19817fb6cf7792a45e387702e00c87f22abc3b912f8a4d59f273be
2026-07-14,iwr_dump,openflight_trackman_sessions/sessions/2026-07-14/openflight/iwr6843/shot_vB_174.l3dump,/Users/john.pacino/openflight_sessions/tm_0714/shot_vB_174.l3dump,786452,61c2cab49c1ca2f44ff56e1b7ff4a5f12eef64f7ef86ac276ff7fd9089896976
2026-07-14,session_log,openflight_trackman_sessions/sessions/2026-07-14/openflight/session_logs/session_20260714_202608_range.jsonl,/Users/john.pacino/openflight_sessions/tm_0714/logs/session_20260714_202608_range.jsonl,68317,e4e6204f9402cc6e413e16158c2bb4c91467bd53a1f161ab4cdc1b70ffa12270
2026-07-14,session_log,openflight_trackman_sessions/sessions/2026-07-14/openflight/session_logs/session_20260714_202753_range.jsonl,/Users/john.pacino/openflight_sessions/tm_0714/logs/session_20260714_202753_range.jsonl,603086,5c706f90d6b014c592d3b9b2cb60811c00d2a44c3e6177799e5b76ef8c3cad63
2026-07-14,session_log,openflight_trackman_sessions/sessions/2026-07-14/openflight/session_logs/session_20260714_203945_range.jsonl,/Users/john.pacino/openflight_sessions/tm_0714/logs/session_20260714_203945_range.jsonl,782679,3dccc76bd2b70516ec3ddbf09f0405f08c6bfeec2629d891a2a3cd7dadfedd81
2026-07-14,session_log,openflight_trackman_sessions/sessions/2026-07-14/openflight/session_logs/session_20260714_205445_range.jsonl,/Users/john.pacino/openflight_sessions/tm_0714/logs/session_20260714_205445_range.jsonl,1025985,5b0dacbd05cea64dbf71ab48c601fdede00fe22630733d3e614aad77bf953526
2026-07-14,session_log,openflight_trackman_sessions/sessions/2026-07-14/openflight/session_logs/session_20260714_211405_range.jsonl,/Users/john.pacino/openflight_sessions/tm_0714/logs/session_20260714_211405_range.jsonl,722718,e21ee4ff3a6dfc3ce5a4b99eca897c7f525d13916b8c8c729635b04eb7508c02
2026-07-14,session_log,openflight_trackman_sessions/sessions/2026-07-14/openflight/session_logs/session_20260714_213142_range.jsonl,/Users/john.pacino/openflight_sessions/tm_0714/logs/session_20260714_213142_range.jsonl,616948,82741bef2c2973df02d548625a94a7e440b1fe02c8de1907e15945c53520a720
2026-07-14,session_log,openflight_trackman_sessions/sessions/2026-07-14/openflight/session_logs/session_20260714_214042_range.jsonl,/Users/john.pacino/openflight_sessions/tm_0714/logs/session_20260714_214042_range.jsonl,522620,7f13b5adabc4be65e52d9a632be0dcd0451e6d627a167ab096bb61c5e871712d
2026-07-14,session_log,openflight_trackman_sessions/sessions/2026-07-14/openflight/session_logs/session_20260714_214837_range.jsonl,/Users/john.pacino/openflight_sessions/tm_0714/logs/session_20260714_214837_range.jsonl,1948927,8f4dcb3c28e3c8b95b194d2a16b6431a400df8677c601a4cc3aa7a5958a4e246
2026-07-14,trackman_source,openflight_trackman_sessions/sessions/2026-07-14/trackman/trackman_session_data_7_14.json,/Users/john.pacino/Projects/openflight/artifacts/OpenFlight_OPS243_TrackMan_sessions_2026-07-14_to_2026-07-22/sessions/2026-07-14/trackman/trackman_session_data_7_14.json,2177760,c47cbd6a27e8663ef9265b0a84f73dea4f039e964d3b30e944efb045f9c6a125
2026-07-17,comparison,openflight_trackman_sessions/sessions/2026-07-17/comparisons/session_aligned_2026-07-17.csv,/Users/john.pacino/Projects/openflight/artifacts/OpenFlight_OPS243_TrackMan_sessions_2026-07-14_to_2026-07-22/sessions/2026-07-17/comparison/session_aligned_2026-07-17.csv,32276,fc651fac085b47795e0bd69b58b686cb1776f66f16c5874cafa11479df34cdbe
2026-07-17,iwr_dump,openflight_trackman_sessions/sessions/2026-07-17/openflight/iwr6843/iwr6843_20260717_112928_947_001.l3dump,/Users/john.pacino/Projects/openflight/artifacts/pi_sync_20260717/openflight_sessions/iwr6843/iwr6843_20260717_112928_947_001.l3dump,786452,1a82db30842259b0580245d9d3f17e704d4872036e4f8227e8fa82a0f12d7cf3
2026-07-17,iwr_dump,openflight_trackman_sessions/sessions/2026-07-17/openflight/iwr6843/iwr6843_20260717_112946_449_002.l3dump,/Users/john.pacino/Projects/openflight/artifacts/pi_sync_20260717/openflight_sessions/iwr6843/iwr6843_20260717_112946_449_002.l3dump,786452,b9f02fdcfd8b60969de3622a6e586fccbae9d7c0ff02941d4b241e2b5b62e895
2026-07-17,iwr_dump,openflight_trackman_sessions/sessions/2026-07-17/openflight/iwr6843/iwr6843_20260717_113006_286_003.l3dump,/Users/john.pacino/Projects/openflight/artifacts/pi_sync_20260717/openflight_sessions/iwr6843/iwr6843_20260717_113006_286_003.l3dump,786452,7d8b7ab25a75a9d0337614c23757f99ebcd31abc4f54e8e5967aa6fd4ce96efd
2026-07-17,iwr_dump,openflight_trackman_sessions/sessions/2026-07-17/openflight/iwr6843/iwr6843_20260717_113029_308_004.l3dump,/Users/john.pacino/Projects/openflight/artifacts/pi_sync_20260717/openflight_sessions/iwr6843/iwr6843_20260717_113029_308_004.l3dump,786452,f8455275e6e2d1d19b1eb19f85056679f7f256f98eec0314d24e774efacb5d7c
2026-07-17,iwr_dump,openflight_trackman_sessions/sessions/2026-07-17/openflight/iwr6843/iwr6843_20260717_113103_793_005.l3dump,/Users/john.pacino/Projects/openflight/artifacts/pi_sync_20260717/openflight_sessions/iwr6843/iwr6843_20260717_113103_793_005.l3dump,786452,f724b80ad002736fb3eb11733107da7333dad44b71a5833a1c87b5b6f2fa2750
2026-07-17,iwr_dump,openflight_trackman_sessions/sessions/2026-07-17/openflight/iwr6843/iwr6843_20260717_113123_298_006.l3dump,/Users/john.pacino/Projects/openflight/artifacts/pi_sync_20260717/openflight_sessions/iwr6843/iwr6843_20260717_113123_298_006.l3dump,786452,f43d4defe735bcff68d0dca336716cb4373d8856a0f6a16c6bbe5073a7c205a9
2026-07-17,iwr_dump,openflight_trackman_sessions/sessions/2026-07-17/openflight/iwr6843/iwr6843_20260717_113140_333_007.l3dump,/Users/john.pacino/Projects/openflight/artifacts/pi_sync_20260717/openflight_sessions/iwr6843/iwr6843_20260717_113140_333_007.l3dump,786452,5408acb5a9266a875165f28221888ad38803bdf792f14155ef813e355da02bfd
2026-07-17,iwr_dump,openflight_trackman_sessions/sessions/2026-07-17/openflight/iwr6843/iwr6843_20260717_113203_465_008.l3dump,/Users/john.pacino/Projects/openflight/artifacts/pi_sync_20260717/openflight_sessions/iwr6843/iwr6843_20260717_113203_465_008.l3dump,786452,34e45553ec963a9a7d06292e378304ddc2d9b8a49e47ee6ef39319893475535c
2026-07-17,iwr_dump,openflight_trackman_sessions/sessions/2026-07-17/openflight/iwr6843/iwr6843_20260717_113222_651_009.l3dump,/Users/john.pacino/Projects/openflight/artifacts/pi_sync_20260717/openflight_sessions/iwr6843/iwr6843_20260717_113222_651_009.l3dump,786452,0a78410022405762edf346afd2ccc4d99f0d4f75edcf2dba288ddbd26370bcda
2026-07-17,iwr_dump,openflight_trackman_sessions/sessions/2026-07-17/openflight/iwr6843/iwr6843_20260717_113243_742_010.l3dump,/Users/john.pacino/Projects/openflight/artifacts/pi_sync_20260717/openflight_sessions/iwr6843/iwr6843_20260717_113243_742_010.l3dump,786452,aba320614681f494e2c7ee089b05c34149f2aacc94136b0ebdaff0df6bab3530
2026-07-17,iwr_dump,openflight_trackman_sessions/sessions/2026-07-17/openflight/iwr6843/iwr6843_20260717_113843_003_001.l3dump,/Users/john.pacino/Projects/openflight/artifacts/pi_sync_20260717/openflight_sessions/iwr6843/iwr6843_20260717_113843_003_001.l3dump,786452,5ddbaba2c6d1e2d3ce8f9c9136aee374db22ae156be5efbddd0a0df0ceb8c625
2026-07-17,iwr_dump,openflight_trackman_sessions/sessions/2026-07-17/openflight/iwr6843/iwr6843_20260717_113904_950_002.l3dump,/Users/john.pacino/Projects/openflight/artifacts/pi_sync_20260717/openflight_sessions/iwr6843/iwr6843_20260717_113904_950_002.l3dump,786452,8477130e01337d1b8bfafd8af2fa6c25c1f1eda54363d6732baf048b7ecb1a4b
2026-07-17,iwr_dump,openflight_trackman_sessions/sessions/2026-07-17/openflight/iwr6843/iwr6843_20260717_113923_910_003.l3dump,/Users/john.pacino/Projects/openflight/artifacts/pi_sync_20260717/openflight_sessions/iwr6843/iwr6843_20260717_113923_910_003.l3dump,786452,a301af00b8465d83e96c86bc64e28ed9b1a1e3402cb58cc325acca28c51542b4
2026-07-17,iwr_dump,openflight_trackman_sessions/sessions/2026-07-17/openflight/iwr6843/iwr6843_20260717_114107_880_002.l3dump,/Users/john.pacino/Projects/openflight/artifacts/pi_sync_20260717/openflight_sessions/iwr6843/iwr6843_20260717_114107_880_002.l3dump,786452,a0c1c52a9b85265002ea1a0ec565ae3ecc166c4de81c05fe9e2df13fe0ec147a
2026-07-17,iwr_dump,openflight_trackman_sessions/sessions/2026-07-17/openflight/iwr6843/iwr6843_20260717_114135_097_003.l3dump,/Users/john.pacino/Projects/openflight/artifacts/pi_sync_20260717/openflight_sessions/iwr6843/iwr6843_20260717_114135_097_003.l3dump,786452,2a24a497ce7ade0f53757256257745f1b117b2da7ec70de72749928fbcc235da
2026-07-17,iwr_dump,openflight_trackman_sessions/sessions/2026-07-17/openflight/iwr6843/iwr6843_20260717_114210_520_004.l3dump,/Users/john.pacino/Projects/openflight/artifacts/pi_sync_20260717/openflight_sessions/iwr6843/iwr6843_20260717_114210_520_004.l3dump,786452,10d8bc9734891c55853ef5063cb9ceb27e91540407389c5a459966c41acefa58
2026-07-17,iwr_dump,openflight_trackman_sessions/sessions/2026-07-17/openflight/iwr6843/iwr6843_20260717_114230_732_005.l3dump,/Users/john.pacino/Projects/openflight/artifacts/pi_sync_20260717/openflight_sessions/iwr6843/iwr6843_20260717_114230_732_005.l3dump,786452,3d41d6f6a823f708c5abe03a82be15373ea5fce2372b726de3e7545ca3a326c2
2026-07-17,iwr_dump,openflight_trackman_sessions/sessions/2026-07-17/openflight/iwr6843/iwr6843_20260717_114255_061_006.l3dump,/Users/john.pacino/Projects/openflight/artifacts/pi_sync_20260717/openflight_sessions/iwr6843/iwr6843_20260717_114255_061_006.l3dump,786452,bcc00241f2b97b5d0e3e16de7ab9c71dc3110b7d3a96c3c277951e32ec887873
2026-07-17,iwr_dump,openflight_trackman_sessions/sessions/2026-07-17/openflight/iwr6843/iwr6843_20260717_114313_071_007.l3dump,/Users/john.pacino/Projects/openflight/artifacts/pi_sync_20260717/openflight_sessions/iwr6843/iwr6843_20260717_114313_071_007.l3dump,786452,9239b91c06a452c3d631670918d0fab5b6fbc617a639c05b7b95763457e59b2a
2026-07-17,iwr_dump,openflight_trackman_sessions/sessions/2026-07-17/openflight/iwr6843/iwr6843_20260717_114335_703_008.l3dump,/Users/john.pacino/Projects/openflight/artifacts/pi_sync_20260717/openflight_sessions/iwr6843/iwr6843_20260717_114335_703_008.l3dump,786452,576a670b27083c312a87e41709579d88af9b762bcda2e3c2b756b961ad17438c
2026-07-17,iwr_dump,openflight_trackman_sessions/sessions/2026-07-17/openflight/iwr6843/iwr6843_20260717_114359_847_009.l3dump,/Users/john.pacino/Projects/openflight/artifacts/pi_sync_20260717/openflight_sessions/iwr6843/iwr6843_20260717_114359_847_009.l3dump,786452,30e6cd2bba341fde2184b1b9bd386c4a76cd806d3e34f4646663317225a07dc4
2026-07-17,iwr_dump,openflight_trackman_sessions/sessions/2026-07-17/openflight/iwr6843/iwr6843_20260717_114440_907_012.l3dump,/Users/john.pacino/Projects/openflight/artifacts/pi_sync_20260717/openflight_sessions/iwr6843/iwr6843_20260717_114440_907_012.l3dump,786452,82bc8f0ccf995f302177e42bc6d31774fe19bc4bff001fc2793ff406173ca127
2026-07-17,iwr_dump,openflight_trackman_sessions/sessions/2026-07-17/openflight/iwr6843/iwr6843_20260717_114503_274_013.l3dump,/Users/john.pacino/Projects/openflight/artifacts/pi_sync_20260717/openflight_sessions/iwr6843/iwr6843_20260717_114503_274_013.l3dump,786452,b7799ff1783ed339dac9bb24d9237c9e5e865df3b7180525f9b09a9569bd4b71
2026-07-17,iwr_dump,openflight_trackman_sessions/sessions/2026-07-17/openflight/iwr6843/iwr6843_20260717_114522_201_014.l3dump,/Users/john.pacino/Projects/openflight/artifacts/pi_sync_20260717/openflight_sessions/iwr6843/iwr6843_20260717_114522_201_014.l3dump,786452,7db947d363524b5a0e824c8749c55c5ea41814c9f28949bd7fc0b03040e5958c
2026-07-17,iwr_dump,openflight_trackman_sessions/sessions/2026-07-17/openflight/iwr6843/iwr6843_20260717_114543_832_015.l3dump,/Users/john.pacino/Projects/openflight/artifacts/pi_sync_20260717/openflight_sessions/iwr6843/iwr6843_20260717_114543_832_015.l3dump,786452,0af58fd38c8c4089a0cbf86ff1ac40a69d45b0d8f656f1fc964b7a23a4b55efa
2026-07-17,iwr_dump,openflight_trackman_sessions/sessions/2026-07-17/openflight/iwr6843/iwr6843_20260717_114603_238_016.l3dump,/Users/john.pacino/Projects/openflight/artifacts/pi_sync_20260717/openflight_sessions/iwr6843/iwr6843_20260717_114603_238_016.l3dump,786452,d346fb59c81e56a9bf4170895e9b84871a1e61c24ff0b1ce1994e27ae97b7df1
2026-07-17,iwr_dump,openflight_trackman_sessions/sessions/2026-07-17/openflight/iwr6843/iwr6843_20260717_114620_627_017.l3dump,/Users/john.pacino/Projects/openflight/artifacts/pi_sync_20260717/openflight_sessions/iwr6843/iwr6843_20260717_114620_627_017.l3dump,786452,8620e9b582c8bd6b65d5b2be57270df87bb5a8cfcdca62f3a53013938d9b2c34
2026-07-17,iwr_dump,openflight_trackman_sessions/sessions/2026-07-17/openflight/iwr6843/iwr6843_20260717_114641_193_018.l3dump,/Users/john.pacino/Projects/openflight/artifacts/pi_sync_20260717/openflight_sessions/iwr6843/iwr6843_20260717_114641_193_018.l3dump,786452,c186644f9ecf55d279d98cbb16939536a25657d9a89d36ca6111ddd727e2a1fc
2026-07-17,iwr_dump,openflight_trackman_sessions/sessions/2026-07-17/openflight/iwr6843/iwr6843_20260717_114807_350_001.l3dump,/Users/john.pacino/Projects/openflight/artifacts/pi_sync_20260717/openflight_sessions/iwr6843/iwr6843_20260717_114807_350_001.l3dump,786452,811efac237d0f50ad18c4c2cde0ac46032dd944fdb252340180165c99b5dfa17
2026-07-17,iwr_dump,openflight_trackman_sessions/sessions/2026-07-17/openflight/iwr6843/iwr6843_20260717_114824_439_002.l3dump,/Users/john.pacino/Projects/openflight/artifacts/pi_sync_20260717/openflight_sessions/iwr6843/iwr6843_20260717_114824_439_002.l3dump,786452,c87f626ff8df1f86aca681eeb2c4e9abd67a3da8e6b6c9a37270c62a259e61fc
2026-07-17,iwr_dump,openflight_trackman_sessions/sessions/2026-07-17/openflight/iwr6843/iwr6843_20260717_114845_092_003.l3dump,/Users/john.pacino/Projects/openflight/artifacts/pi_sync_20260717/openflight_sessions/iwr6843/iwr6843_20260717_114845_092_003.l3dump,786452,995dc86cba4bf9882512062d65485c406cfb9661e58e71bc9204b4daf93cc6e5
2026-07-17,iwr_dump,openflight_trackman_sessions/sessions/2026-07-17/openflight/iwr6843/iwr6843_20260717_114906_734_004.l3dump,/Users/john.pacino/Projects/openflight/artifacts/pi_sync_20260717/openflight_sessions/iwr6843/iwr6843_20260717_114906_734_004.l3dump,786452,afb0aa57518145d0bfddc1fda9ce84ddfb21df5f1c36c677b1776dc0130e71d1
2026-07-17,iwr_dump,openflight_trackman_sessions/sessions/2026-07-17/openflight/iwr6843/iwr6843_20260717_114929_221_005.l3dump,/Users/john.pacino/Projects/openflight/artifacts/pi_sync_20260717/openflight_sessions/iwr6843/iwr6843_20260717_114929_221_005.l3dump,786452,046dff3b6c2586d5d3c922bf2f484f4228a217631c97c5030e27b1c2edef246d
2026-07-17,iwr_dump,openflight_trackman_sessions/sessions/2026-07-17/openflight/iwr6843/iwr6843_20260717_115027_091_007.l3dump,/Users/john.pacino/Projects/openflight/artifacts/pi_sync_20260717/openflight_sessions/iwr6843/iwr6843_20260717_115027_091_007.l3dump,786452,31d8757f24f3a592b0882bec6054efa19b7503dbb378e5f2d119631b840adad2
2026-07-17,iwr_dump,openflight_trackman_sessions/sessions/2026-07-17/openflight/iwr6843/iwr6843_20260717_115100_415_009.l3dump,/Users/john.pacino/Projects/openflight/artifacts/pi_sync_20260717/openflight_sessions/iwr6843/iwr6843_20260717_115100_415_009.l3dump,786452,cfb46ddee6befe453f58eb71ce24d7d43639a81dc7fc2992996d4291361570de
2026-07-17,iwr_dump,openflight_trackman_sessions/sessions/2026-07-17/openflight/iwr6843/iwr6843_20260717_115119_123_010.l3dump,/Users/john.pacino/Projects/openflight/artifacts/pi_sync_20260717/openflight_sessions/iwr6843/iwr6843_20260717_115119_123_010.l3dump,786452,37adba9250ac0703924c8dc23da2f018dd19282f998ccf64d8fc58cfe5f20010
2026-07-17,iwr_dump,openflight_trackman_sessions/sessions/2026-07-17/openflight/iwr6843/iwr6843_20260717_115206_270_013.l3dump,/Users/john.pacino/Projects/openflight/artifacts/pi_sync_20260717/openflight_sessions/iwr6843/iwr6843_20260717_115206_270_013.l3dump,786452,fe6b9afb1ff6b593056912cb6ed929e975036c4058f71c8a36e92c51ad530b7d
2026-07-17,iwr_dump,openflight_trackman_sessions/sessions/2026-07-17/openflight/iwr6843/iwr6843_20260717_115226_374_014.l3dump,/Users/john.pacino/Projects/openflight/artifacts/pi_sync_20260717/openflight_sessions/iwr6843/iwr6843_20260717_115226_374_014.l3dump,786452,ab5cadce2954c8f3651838a7a2f9c89067556f4e528cbef4690f23843cf72660
2026-07-17,iwr_dump,openflight_trackman_sessions/sessions/2026-07-17/openflight/iwr6843/iwr6843_20260717_115403_200_001.l3dump,/Users/john.pacino/Projects/openflight/artifacts/pi_sync_20260717/openflight_sessions/iwr6843/iwr6843_20260717_115403_200_001.l3dump,786452,5f709a882c8f873a933d87bbc82a7dd51cf1ac2af3e5118c11dd05f007c85af7
2026-07-17,iwr_dump,openflight_trackman_sessions/sessions/2026-07-17/openflight/iwr6843/iwr6843_20260717_115422_850_002.l3dump,/Users/john.pacino/Projects/openflight/artifacts/pi_sync_20260717/openflight_sessions/iwr6843/iwr6843_20260717_115422_850_002.l3dump,786452,b7100362f164dfbb77fba986c4f25aae65003c7693e231e37b3056bc16403567
2026-07-17,iwr_dump,openflight_trackman_sessions/sessions/2026-07-17/openflight/iwr6843/iwr6843_20260717_115459_659_004.l3dump,/Users/john.pacino/Projects/openflight/artifacts/pi_sync_20260717/openflight_sessions/iwr6843/iwr6843_20260717_115459_659_004.l3dump,786452,ab093ebf3d23f753152c2237c78dceaf87571bf635251a3fefefe4d4f61ca52e
2026-07-17,iwr_dump,openflight_trackman_sessions/sessions/2026-07-17/openflight/iwr6843/iwr6843_20260717_115520_351_005.l3dump,/Users/john.pacino/Projects/openflight/artifacts/pi_sync_20260717/openflight_sessions/iwr6843/iwr6843_20260717_115520_351_005.l3dump,786452,749346ba9ac271d5b08c02f0f231c9986b73c956d709e6b0b022fe1eec2f1890
2026-07-17,iwr_dump,openflight_trackman_sessions/sessions/2026-07-17/openflight/iwr6843/iwr6843_20260717_115540_973_006.l3dump,/Users/john.pacino/Projects/openflight/artifacts/pi_sync_20260717/openflight_sessions/iwr6843/iwr6843_20260717_115540_973_006.l3dump,786452,ec7cbc773efab03c6009256e54daebab297c800ed453c1c538e6de5ec4188134
2026-07-17,iwr_dump,openflight_trackman_sessions/sessions/2026-07-17/openflight/iwr6843/iwr6843_20260717_115559_044_007.l3dump,/Users/john.pacino/Projects/openflight/artifacts/pi_sync_20260717/openflight_sessions/iwr6843/iwr6843_20260717_115559_044_007.l3dump,786452,fc3e9422feef98e016c186e6c39d1fefa28ba059c6fdbc922c859cc2cd247dd7
2026-07-17,iwr_dump,openflight_trackman_sessions/sessions/2026-07-17/openflight/iwr6843/iwr6843_20260717_115625_775_008.l3dump,/Users/john.pacino/Projects/openflight/artifacts/pi_sync_20260717/openflight_sessions/iwr6843/iwr6843_20260717_115625_775_008.l3dump,786452,495604add32fce19cfa4487cd90b92632654c176978e0198639e20042cbf5397
2026-07-17,iwr_dump,openflight_trackman_sessions/sessions/2026-07-17/openflight/iwr6843/iwr6843_20260717_115650_587_009.l3dump,/Users/john.pacino/Projects/openflight/artifacts/pi_sync_20260717/openflight_sessions/iwr6843/iwr6843_20260717_115650_587_009.l3dump,786452,a1567b574e5cab27796672d17c8a5a288b4b63e5aeffe32a55ffc1adc08f20c3
2026-07-17,iwr_dump,openflight_trackman_sessions/sessions/2026-07-17/openflight/iwr6843/iwr6843_20260717_115728_239_011.l3dump,/Users/john.pacino/Projects/openflight/artifacts/pi_sync_20260717/openflight_sessions/iwr6843/iwr6843_20260717_115728_239_011.l3dump,786452,41fc9af6fdd8d75ab61529d8788d7f7383057a6c28f2a9ae646bf4e4bce8059e
2026-07-17,iwr_dump,openflight_trackman_sessions/sessions/2026-07-17/openflight/iwr6843/iwr6843_20260717_115753_889_012.l3dump,/Users/john.pacino/Projects/openflight/artifacts/pi_sync_20260717/openflight_sessions/iwr6843/iwr6843_20260717_115753_889_012.l3dump,786452,c1d4705f8eefc7b1f625df128f016285f73913d86b9f8d9f5223474b8d79cbf9
2026-07-17,iwr_dump,openflight_trackman_sessions/sessions/2026-07-17/openflight/iwr6843/iwr6843_20260717_120007_601_015.l3dump,/Users/john.pacino/Projects/openflight/artifacts/pi_sync_20260717/openflight_sessions/iwr6843/iwr6843_20260717_120007_601_015.l3dump,786452,df8924dce0022e66a24b2270cf068741ba0539eacb414e56797d293f63581f64
2026-07-17,iwr_dump,openflight_trackman_sessions/sessions/2026-07-17/openflight/iwr6843/iwr6843_20260717_120027_859_016.l3dump,/Users/john.pacino/Projects/openflight/artifacts/pi_sync_20260717/openflight_sessions/iwr6843/iwr6843_20260717_120027_859_016.l3dump,786452,155aa16fce2bcd7f4c0db149831bf9599ed555e214e301aa7302756f67349c08
2026-07-17,iwr_dump,openflight_trackman_sessions/sessions/2026-07-17/openflight/iwr6843/iwr6843_20260717_120043_225_017.l3dump,/Users/john.pacino/Projects/openflight/artifacts/pi_sync_20260717/openflight_sessions/iwr6843/iwr6843_20260717_120043_225_017.l3dump,786452,15ca552698516a862790d05ddee6034bd1f9bdc10dc70bf6decd0a47717d5107
2026-07-17,iwr_dump,openflight_trackman_sessions/sessions/2026-07-17/openflight/iwr6843/iwr6843_20260717_120105_500_018.l3dump,/Users/john.pacino/Projects/openflight/artifacts/pi_sync_20260717/openflight_sessions/iwr6843/iwr6843_20260717_120105_500_018.l3dump,786452,aed60b6cd5c45ace3ba98ea267a73a4740d34903bb9308c1de361f8829357501
2026-07-17,iwr_dump,openflight_trackman_sessions/sessions/2026-07-17/openflight/iwr6843/iwr6843_20260717_120303_171_023.l3dump,/Users/john.pacino/Projects/openflight/artifacts/pi_sync_20260717/openflight_sessions/iwr6843/iwr6843_20260717_120303_171_023.l3dump,786452,b5c2baac20790998f1146c276c0a0162106ba13af6bebd20e1c7461ab655e529
2026-07-17,iwr_dump,openflight_trackman_sessions/sessions/2026-07-17/openflight/iwr6843/iwr6843_20260717_120325_842_024.l3dump,/Users/john.pacino/Projects/openflight/artifacts/pi_sync_20260717/openflight_sessions/iwr6843/iwr6843_20260717_120325_842_024.l3dump,786452,ef784dcc7b3c9140946132cd5151a79b9bd7b6e4017041c4588b70932a732a1e
2026-07-17,iwr_dump,openflight_trackman_sessions/sessions/2026-07-17/openflight/iwr6843/iwr6843_20260717_120343_217_025.l3dump,/Users/john.pacino/Projects/openflight/artifacts/pi_sync_20260717/openflight_sessions/iwr6843/iwr6843_20260717_120343_217_025.l3dump,786452,ca9f2849d7f10f6a4b1b31531440dbc36e2afaab44e51ae8ce9caeb9d89a01c9
2026-07-17,iwr_dump,openflight_trackman_sessions/sessions/2026-07-17/openflight/iwr6843/iwr6843_20260717_120430_094_028.l3dump,/Users/john.pacino/Projects/openflight/artifacts/pi_sync_20260717/openflight_sessions/iwr6843/iwr6843_20260717_120430_094_028.l3dump,786452,8f82c5d6768f23fd428cbe9eb8a89d784b079bf57a0a557da04f2e291a8cbc01
2026-07-17,iwr_dump,openflight_trackman_sessions/sessions/2026-07-17/openflight/iwr6843/iwr6843_20260717_120453_936_029.l3dump,/Users/john.pacino/Projects/openflight/artifacts/pi_sync_20260717/openflight_sessions/iwr6843/iwr6843_20260717_120453_936_029.l3dump,786452,d4192cbecd5966fcf201619d308e1d78fab0755572407aa649529134be5e7278
2026-07-17,iwr_dump,openflight_trackman_sessions/sessions/2026-07-17/openflight/iwr6843/iwr6843_20260717_120527_255_031.l3dump,/Users/john.pacino/Projects/openflight/artifacts/pi_sync_20260717/openflight_sessions/iwr6843/iwr6843_20260717_120527_255_031.l3dump,786452,76339011e66c25860da727152c363da1fd1f95c17cab8538e723b2e70837d736
2026-07-17,iwr_dump,openflight_trackman_sessions/sessions/2026-07-17/openflight/iwr6843/iwr6843_20260717_120753_167_002.l3dump,/Users/john.pacino/Projects/openflight/artifacts/pi_sync_20260717/openflight_sessions/iwr6843/iwr6843_20260717_120753_167_002.l3dump,786452,4e4800ada67cd6bad1e02221b56f25eb0aebdf362ce7a9bb1b5f7646a324f458
2026-07-17,iwr_dump,openflight_trackman_sessions/sessions/2026-07-17/openflight/iwr6843/iwr6843_20260717_120823_650_004.l3dump,/Users/john.pacino/Projects/openflight/artifacts/pi_sync_20260717/openflight_sessions/iwr6843/iwr6843_20260717_120823_650_004.l3dump,786452,36010dc326d43c3c2671f4cfaaeb0474560c956ec438889b3e132db37419ce43
2026-07-17,iwr_dump,openflight_trackman_sessions/sessions/2026-07-17/openflight/iwr6843/iwr6843_20260717_120849_851_006.l3dump,/Users/john.pacino/Projects/openflight/artifacts/pi_sync_20260717/openflight_sessions/iwr6843/iwr6843_20260717_120849_851_006.l3dump,786452,7b022fdfbbb69137068f19f25fea151768bba14c3050040f62bacc4f08b797a8
2026-07-17,iwr_dump,openflight_trackman_sessions/sessions/2026-07-17/openflight/iwr6843/iwr6843_20260717_120910_820_007.l3dump,/Users/john.pacino/Projects/openflight/artifacts/pi_sync_20260717/openflight_sessions/iwr6843/iwr6843_20260717_120910_820_007.l3dump,786452,7d3d19ddd33c06cab74381a44be286f7f001f1654b16a4aec55fa486914f5040
2026-07-17,iwr_dump,openflight_trackman_sessions/sessions/2026-07-17/openflight/iwr6843/iwr6843_20260717_120937_977_009.l3dump,/Users/john.pacino/Projects/openflight/artifacts/pi_sync_20260717/openflight_sessions/iwr6843/iwr6843_20260717_120937_977_009.l3dump,786452,014a6c3b4372738530a7a647d088026848ab5e5fe0d2209a3f12fbe10f5017a8
2026-07-17,iwr_dump,openflight_trackman_sessions/sessions/2026-07-17/openflight/iwr6843/iwr6843_20260717_121039_661_012.l3dump,/Users/john.pacino/Projects/openflight/artifacts/pi_sync_20260717/openflight_sessions/iwr6843/iwr6843_20260717_121039_661_012.l3dump,786452,4fdebe06ee48c9ead010bcb52be632d7d524aa23b1396e939f2ea0194fa933fd
2026-07-17,iwr_dump,openflight_trackman_sessions/sessions/2026-07-17/openflight/iwr6843/iwr6843_20260717_121055_162_013.l3dump,/Users/john.pacino/Projects/openflight/artifacts/pi_sync_20260717/openflight_sessions/iwr6843/iwr6843_20260717_121055_162_013.l3dump,786452,2874e2ad8900aaa8dffa96062752410f0c950563a4b213a735a4a0c3879f658f
2026-07-17,iwr_dump,openflight_trackman_sessions/sessions/2026-07-17/openflight/iwr6843/iwr6843_20260717_121117_373_015.l3dump,/Users/john.pacino/Projects/openflight/artifacts/pi_sync_20260717/openflight_sessions/iwr6843/iwr6843_20260717_121117_373_015.l3dump,786452,96ec23f96dc995eff4f2f7b532e924e827417bd1b107dec4e90927e541e5da97
2026-07-17,iwr_dump,openflight_trackman_sessions/sessions/2026-07-17/openflight/iwr6843/iwr6843_20260717_121204_092_018.l3dump,/Users/john.pacino/Projects/openflight/artifacts/pi_sync_20260717/openflight_sessions/iwr6843/iwr6843_20260717_121204_092_018.l3dump,786452,026d409e2c67589b8dbc935de1441eb742f090374cbc052bbd93a77af8c4db83
2026-07-17,iwr_dump,openflight_trackman_sessions/sessions/2026-07-17/openflight/iwr6843/iwr6843_20260717_121222_280_019.l3dump,/Users/john.pacino/Projects/openflight/artifacts/pi_sync_20260717/openflight_sessions/iwr6843/iwr6843_20260717_121222_280_019.l3dump,786452,2a73ace09ad4d17dd75b189063a6c1952562df2dd4ffb6a415475609aacfab10
2026-07-17,iwr_dump,openflight_trackman_sessions/sessions/2026-07-17/openflight/iwr6843/iwr6843_20260717_121257_460_022.l3dump,/Users/john.pacino/Projects/openflight/artifacts/pi_sync_20260717/openflight_sessions/iwr6843/iwr6843_20260717_121257_460_022.l3dump,786452,31ce1ead5dffdf0728119efd250fe1ec7ea77b9efd657548979e185ca41d4009
2026-07-17,iwr_dump,openflight_trackman_sessions/sessions/2026-07-17/openflight/iwr6843/iwr6843_20260717_121320_732_024.l3dump,/Users/john.pacino/Projects/openflight/artifacts/pi_sync_20260717/openflight_sessions/iwr6843/iwr6843_20260717_121320_732_024.l3dump,786452,48608e1451c524ec57691a1ffdc338264afa45a6474eac8976a6f2aceb8102ce
2026-07-17,iwr_dump,openflight_trackman_sessions/sessions/2026-07-17/openflight/iwr6843/iwr6843_20260717_121351_239_026.l3dump,/Users/john.pacino/Projects/openflight/artifacts/pi_sync_20260717/openflight_sessions/iwr6843/iwr6843_20260717_121351_239_026.l3dump,786452,1266ea0bdbfcae0f7658135778640c43a0335365240681465902317e6eca4950
2026-07-17,iwr_dump,openflight_trackman_sessions/sessions/2026-07-17/openflight/iwr6843/iwr6843_20260717_121414_496_028.l3dump,/Users/john.pacino/Projects/openflight/artifacts/pi_sync_20260717/openflight_sessions/iwr6843/iwr6843_20260717_121414_496_028.l3dump,786452,bacfc5cc6d2add8e8f06024a4a82e0529c26140660b3db27e4c6dc4fed4f3028
2026-07-17,iwr_dump,openflight_trackman_sessions/sessions/2026-07-17/openflight/iwr6843/iwr6843_20260717_121439_150_030.l3dump,/Users/john.pacino/Projects/openflight/artifacts/pi_sync_20260717/openflight_sessions/iwr6843/iwr6843_20260717_121439_150_030.l3dump,786452,ba80d62bc32d367359541f262c1aad801232aeaa599842a4d55de94f7dba1c55
2026-07-17,iwr_dump,openflight_trackman_sessions/sessions/2026-07-17/openflight/iwr6843/iwr6843_20260717_121511_227_033.l3dump,/Users/john.pacino/Projects/openflight/artifacts/pi_sync_20260717/openflight_sessions/iwr6843/iwr6843_20260717_121511_227_033.l3dump,786452,6918f2fc00c91b6bf5a2dd001fd94c1948b80110ad9a590a83a323020c7d8e56
2026-07-17,iwr_dump,openflight_trackman_sessions/sessions/2026-07-17/openflight/iwr6843/iwr6843_20260717_121602_028_036.l3dump,/Users/john.pacino/Projects/openflight/artifacts/pi_sync_20260717/openflight_sessions/iwr6843/iwr6843_20260717_121602_028_036.l3dump,786452,a7b91ab72c922fd94a01ac19efd1bb03c78b7e59d0480f6c06e430b06ed76017
2026-07-17,iwr_dump,openflight_trackman_sessions/sessions/2026-07-17/openflight/iwr6843/iwr6843_20260717_121616_891_037.l3dump,/Users/john.pacino/Projects/openflight/artifacts/pi_sync_20260717/openflight_sessions/iwr6843/iwr6843_20260717_121616_891_037.l3dump,786452,c3d17ed4de5159cf1d45e98b27aee33cedc21ee0d4eddf91574b9b1017e93a9b
2026-07-17,iwr_dump,openflight_trackman_sessions/sessions/2026-07-17/openflight/iwr6843/iwr6843_20260717_121817_738_002.l3dump,/Users/john.pacino/Projects/openflight/artifacts/pi_sync_20260717/openflight_sessions/iwr6843/iwr6843_20260717_121817_738_002.l3dump,786452,e5d3e2322b4906ba7f53a7783fa86f00e1c7698e34eea1ebb3a3ae3a15c4cd55
2026-07-17,iwr_dump,openflight_trackman_sessions/sessions/2026-07-17/openflight/iwr6843/iwr6843_20260717_121853_553_005.l3dump,/Users/john.pacino/Projects/openflight/artifacts/pi_sync_20260717/openflight_sessions/iwr6843/iwr6843_20260717_121853_553_005.l3dump,786452,9b74b31658ff4e5dbd3e0ca6ad92c8deadf05724420240d16e7f0fe3fa27d240
2026-07-17,iwr_dump,openflight_trackman_sessions/sessions/2026-07-17/openflight/iwr6843/iwr6843_20260717_121928_251_007.l3dump,/Users/john.pacino/Projects/openflight/artifacts/pi_sync_20260717/openflight_sessions/iwr6843/iwr6843_20260717_121928_251_007.l3dump,786452,b4fe77da6c8317d9c79561f65817c954aee776b636d7c48ad91e380868261b19
2026-07-17,iwr_dump,openflight_trackman_sessions/sessions/2026-07-17/openflight/iwr6843/iwr6843_20260717_122018_436_011.l3dump,/Users/john.pacino/Projects/openflight/artifacts/pi_sync_20260717/openflight_sessions/iwr6843/iwr6843_20260717_122018_436_011.l3dump,786452,e1d222102b111666f124edf40a332f5e179cd1487d9ae6d5f0a9c08ecf6100cc
2026-07-17,iwr_dump,openflight_trackman_sessions/sessions/2026-07-17/openflight/iwr6843/iwr6843_20260717_122053_344_014.l3dump,/Users/john.pacino/Projects/openflight/artifacts/pi_sync_20260717/openflight_sessions/iwr6843/iwr6843_20260717_122053_344_014.l3dump,786452,f08abf19730b4ba58ba1a6e17614eda0700336b94a663ad7916e10c85a8b65b7
2026-07-17,iwr_dump,openflight_trackman_sessions/sessions/2026-07-17/openflight/iwr6843/iwr6843_20260717_122143_307_017.l3dump,/Users/john.pacino/Projects/openflight/artifacts/pi_sync_20260717/openflight_sessions/iwr6843/iwr6843_20260717_122143_307_017.l3dump,786452,08a8745089506ab5476a1c49802427c4acce479f36b4880282931cf80f7805b0
2026-07-17,iwr_dump,openflight_trackman_sessions/sessions/2026-07-17/openflight/iwr6843/iwr6843_20260717_122219_263_019.l3dump,/Users/john.pacino/Projects/openflight/artifacts/pi_sync_20260717/openflight_sessions/iwr6843/iwr6843_20260717_122219_263_019.l3dump,786452,305be68f8e021784abcef6cbb3781e54a77ac78d38afd457d5aaaca537ef2980
2026-07-17,iwr_dump,openflight_trackman_sessions/sessions/2026-07-17/openflight/iwr6843/iwr6843_20260717_122256_361_021.l3dump,/Users/john.pacino/Projects/openflight/artifacts/pi_sync_20260717/openflight_sessions/iwr6843/iwr6843_20260717_122256_361_021.l3dump,786452,93ffcbcdcd1dc47a288cd45717dd5f1277fb47fa914b3242df4369646ed92eb7
2026-07-17,iwr_dump,openflight_trackman_sessions/sessions/2026-07-17/openflight/iwr6843/iwr6843_20260717_122330_650_023.l3dump,/Users/john.pacino/Projects/openflight/artifacts/pi_sync_20260717/openflight_sessions/iwr6843/iwr6843_20260717_122330_650_023.l3dump,786452,e76a753dded55750bcb89286ab7553fd97c66759bde6a38b3394ce4c93695b69
2026-07-17,iwr_dump,openflight_trackman_sessions/sessions/2026-07-17/openflight/iwr6843/iwr6843_20260717_122414_762_025.l3dump,/Users/john.pacino/Projects/openflight/artifacts/pi_sync_20260717/openflight_sessions/iwr6843/iwr6843_20260717_122414_762_025.l3dump,786452,ef5ea061ee660c758f02e4118bd62e7ee750cf393e9670e91ea622aab8b13746
2026-07-17,iwr_dump,openflight_trackman_sessions/sessions/2026-07-17/openflight/iwr6843/iwr6843_20260717_122445_215_026.l3dump,/Users/john.pacino/Projects/openflight/artifacts/pi_sync_20260717/openflight_sessions/iwr6843/iwr6843_20260717_122445_215_026.l3dump,786452,7f5fb42985f7121c6399bf2680555f788a9d0466f5da87f43e225071b90fcfde
2026-07-17,iwr_dump,openflight_trackman_sessions/sessions/2026-07-17/openflight/iwr6843/iwr6843_20260717_122534_138_029.l3dump,/Users/john.pacino/Projects/openflight/artifacts/pi_sync_20260717/openflight_sessions/iwr6843/iwr6843_20260717_122534_138_029.l3dump,786452,3dbb9f3e1e8326f82f41c8f8e4162304f7f89e7d67115bed423e4af38a1e1246
2026-07-17,iwr_dump,openflight_trackman_sessions/sessions/2026-07-17/openflight/iwr6843/iwr6843_20260717_122603_943_030.l3dump,/Users/john.pacino/Projects/openflight/artifacts/pi_sync_20260717/openflight_sessions/iwr6843/iwr6843_20260717_122603_943_030.l3dump,786452,dc113bff97df89b758b9976fdb75509cdb72841b383727a67783c40d2fed5bf2
2026-07-17,iwr_dump,openflight_trackman_sessions/sessions/2026-07-17/openflight/iwr6843/iwr6843_20260717_122633_215_032.l3dump,/Users/john.pacino/Projects/openflight/artifacts/pi_sync_20260717/openflight_sessions/iwr6843/iwr6843_20260717_122633_215_032.l3dump,786452,570bee39950fa5b1bd44fde07fd759bfc3ef0665b558840e270434b3895c36ff
2026-07-17,iwr_dump,openflight_trackman_sessions/sessions/2026-07-17/openflight/iwr6843/iwr6843_20260717_122659_214_034.l3dump,/Users/john.pacino/Projects/openflight/artifacts/pi_sync_20260717/openflight_sessions/iwr6843/iwr6843_20260717_122659_214_034.l3dump,786452,e0d7367c3421d24bf5923a70f24ca5afebabb89d996fe0669dd978154bf28e98
2026-07-17,session_log,openflight_trackman_sessions/sessions/2026-07-17/openflight/session_logs/session_20260717_112858_home.jsonl,/Users/john.pacino/Projects/openflight/artifacts/pi_sync_20260717/openflight_sessions/session_20260717_112858_home.jsonl,609454,ba759ae7e58bb9bdb9859261b708ad149ba742505c5340846a33555c1ba5ff50
2026-07-17,session_log,openflight_trackman_sessions/sessions/2026-07-17/openflight/session_logs/session_20260717_113510_trackman.jsonl,/Users/john.pacino/Projects/openflight/artifacts/pi_sync_20260717/openflight_sessions/session_20260717_113510_trackman.jsonl,210083,96f84626bb3fb9b85a424800af33a3ff7d5069ed0ee1c70ab5d73351c66278f3
2026-07-17,session_log,openflight_trackman_sessions/sessions/2026-07-17/openflight/session_logs/session_20260717_114039_trackman.jsonl,/Users/john.pacino/Projects/openflight/artifacts/pi_sync_20260717/openflight_sessions/session_20260717_114039_trackman.jsonl,924706,df1fa7d36191552de77af5c79c69f8945faab217ccb072253c2dec3e74435150
2026-07-17,session_log,openflight_trackman_sessions/sessions/2026-07-17/openflight/session_logs/session_20260717_114744_home.jsonl,/Users/john.pacino/Projects/openflight/artifacts/pi_sync_20260717/openflight_sessions/session_20260717_114744_home.jsonl,684425,1f497ca35216681073b1c08150fb8536f1bf432d026a5c19d32566a04b041be2
2026-07-17,session_log,openflight_trackman_sessions/sessions/2026-07-17/openflight/session_logs/session_20260717_115322_home.jsonl,/Users/john.pacino/Projects/openflight/artifacts/pi_sync_20260717/openflight_sessions/session_20260717_115322_home.jsonl,1210323,06a4f5500e3377b1d9e059a2a771fa48ac08dba38787bc2f9658c35fce4183de
2026-07-17,session_log,openflight_trackman_sessions/sessions/2026-07-17/openflight/session_logs/session_20260717_120737_home.jsonl,/Users/john.pacino/Projects/openflight/artifacts/pi_sync_20260717/openflight_sessions/session_20260717_120737_home.jsonl,1110188,d8d66b66e1baf867d3a06de1067790415f7f1b427297c28e6999bd7660217c6c
2026-07-17,session_log,openflight_trackman_sessions/sessions/2026-07-17/openflight/session_logs/session_20260717_121802_home.jsonl,/Users/john.pacino/Projects/openflight/artifacts/pi_sync_20260717/openflight_sessions/session_20260717_121802_home.jsonl,917260,b4d60cf903ec0d3a40a88d4c0dcc1786fbf33e5a988f612c29e997ac6f4a4bc8
2026-07-17,trackman_source,openflight_trackman_sessions/sessions/2026-07-17/trackman/trackman_session_data_7_17_40shots.json,/Users/john.pacino/Projects/openflight/artifacts/OpenFlight_OPS243_TrackMan_sessions_2026-07-14_to_2026-07-22/sessions/2026-07-17/trackman/trackman_session_data_7_17_40shots.json,731757,1032cbdebbfe84dcb1d578ce4e1ac5de6be8f1833d011984e506deeb096ab0ac
2026-07-17,trackman_source,openflight_trackman_sessions/sessions/2026-07-17/trackman/trackman_session_data_7_17_55shots.json,/Users/john.pacino/Projects/openflight/artifacts/OpenFlight_OPS243_TrackMan_sessions_2026-07-14_to_2026-07-22/sessions/2026-07-17/trackman/trackman_session_data_7_17_55shots.json,991362,eb7f14735a27c9472cbb08defb1fa56922423eb8defaa0886ede60e56cd1ca8d
2026-07-22,comparison,openflight_trackman_sessions/sessions/2026-07-22/comparisons/session_aligned_2026-07-22.csv,/Users/john.pacino/Projects/openflight/artifacts/OpenFlight_OPS243_TrackMan_sessions_2026-07-14_to_2026-07-22/sessions/2026-07-22/comparison/session_aligned_2026-07-22.csv,13917,76d4fa73248bdb90d4c26420ab711c6b9abc623f79d68395c79c737454249903
2026-07-22,iwr_dump,openflight_trackman_sessions/sessions/2026-07-22/openflight/iwr6843/iwr6843_20260722_121505_197_002.l3dump,/Users/john.pacino/Projects/openflight/artifacts/tm0722_raw/iwr6843/iwr6843_20260722_121505_197_002.l3dump,549542,ea0a52e887edfe0ac25ef13439684a8d63a5cf40e9292216c05302277a51692f
2026-07-22,iwr_dump,openflight_trackman_sessions/sessions/2026-07-22/openflight/iwr6843/iwr6843_20260722_121532_950_004.l3dump,/Users/john.pacino/Projects/openflight/artifacts/tm0722_raw/iwr6843/iwr6843_20260722_121532_950_004.l3dump,549542,9dfaa30a7f96d41bb7074a4b734442671ed9245dfe478a4fa9c04998cabc63ca
2026-07-22,iwr_dump,openflight_trackman_sessions/sessions/2026-07-22/openflight/iwr6843/iwr6843_20260722_121551_648_006.l3dump,/Users/john.pacino/Projects/openflight/artifacts/tm0722_raw/iwr6843/iwr6843_20260722_121551_648_006.l3dump,549542,517bb5be9ab178d98d4ecc0b527a0eca89fba304efe976b00db6502598f96834
2026-07-22,iwr_dump,openflight_trackman_sessions/sessions/2026-07-22/openflight/iwr6843/iwr6843_20260722_121617_481_008.l3dump,/Users/john.pacino/Projects/openflight/artifacts/tm0722_raw/iwr6843/iwr6843_20260722_121617_481_008.l3dump,549542,1cdaf692af2c14e51b62f6c1b75da1bd1516dde18cceb63ba370946165e1f100
2026-07-22,iwr_dump,openflight_trackman_sessions/sessions/2026-07-22/openflight/iwr6843/iwr6843_20260722_121640_120_009.l3dump,/Users/john.pacino/Projects/openflight/artifacts/tm0722_raw/iwr6843/iwr6843_20260722_121640_120_009.l3dump,549542,12012cca9725119b85da550fa96d0a97839358fa260c9a522e6fb6b85de174f1
2026-07-22,iwr_dump,openflight_trackman_sessions/sessions/2026-07-22/openflight/iwr6843/iwr6843_20260722_121715_647_011.l3dump,/Users/john.pacino/Projects/openflight/artifacts/tm0722_raw/iwr6843/iwr6843_20260722_121715_647_011.l3dump,549542,90ca162630a267be55562dd503adb3416bf8ef48dd9dcac65435063dba642098
2026-07-22,iwr_dump,openflight_trackman_sessions/sessions/2026-07-22/openflight/iwr6843/iwr6843_20260722_122452_564_002.l3dump,/Users/john.pacino/Projects/openflight/artifacts/tm0722_raw/iwr6843/iwr6843_20260722_122452_564_002.l3dump,549542,d578130f6cf86f0c0ee4d784dc926b99fbe87d061e4efc6b57a6f10c419d2648
2026-07-22,iwr_dump,openflight_trackman_sessions/sessions/2026-07-22/openflight/iwr6843/iwr6843_20260722_122519_092_004.l3dump,/Users/john.pacino/Projects/openflight/artifacts/tm0722_raw/iwr6843/iwr6843_20260722_122519_092_004.l3dump,549542,66fae1690468115eff24399945352640ebcf0756ae37d1c1c6e5fe274828978d
2026-07-22,iwr_dump,openflight_trackman_sessions/sessions/2026-07-22/openflight/iwr6843/iwr6843_20260722_122552_906_005.l3dump,/Users/john.pacino/Projects/openflight/artifacts/tm0722_raw/iwr6843/iwr6843_20260722_122552_906_005.l3dump,549542,5612a35998b0768ab43217b5dba259220ec78e84fc7d448fe12870ccdc15e880
2026-07-22,iwr_dump,openflight_trackman_sessions/sessions/2026-07-22/openflight/iwr6843/iwr6843_20260722_122623_999_006.l3dump,/Users/john.pacino/Projects/openflight/artifacts/tm0722_raw/iwr6843/iwr6843_20260722_122623_999_006.l3dump,549542,4f5ff25e8fc871271633e9b8ebceb80359b7fc63ba874c912583d40fcfdaacb5
2026-07-22,iwr_dump,openflight_trackman_sessions/sessions/2026-07-22/openflight/iwr6843/iwr6843_20260722_122643_177_007.l3dump,/Users/john.pacino/Projects/openflight/artifacts/tm0722_raw/iwr6843/iwr6843_20260722_122643_177_007.l3dump,549542,1c96a2798ce870df1584c8f9573c9925044589371411ecd4bc8e81d11f805f02
2026-07-22,iwr_dump,openflight_trackman_sessions/sessions/2026-07-22/openflight/iwr6843/iwr6843_20260722_122713_101_009.l3dump,/Users/john.pacino/Projects/openflight/artifacts/tm0722_raw/iwr6843/iwr6843_20260722_122713_101_009.l3dump,549542,4a17a9ed7e3e64215b446e0878657316dc6ce2458720715ce2d761faf70f6432
2026-07-22,iwr_dump,openflight_trackman_sessions/sessions/2026-07-22/openflight/iwr6843/iwr6843_20260722_122736_169_011.l3dump,/Users/john.pacino/Projects/openflight/artifacts/tm0722_raw/iwr6843/iwr6843_20260722_122736_169_011.l3dump,549542,93fabdc336d31e36eb712cf17ea52a6b2471953dd5cc80e122380612db078387
2026-07-22,iwr_dump,openflight_trackman_sessions/sessions/2026-07-22/openflight/iwr6843/iwr6843_20260722_122815_014_013.l3dump,/Users/john.pacino/Projects/openflight/artifacts/tm0722_raw/iwr6843/iwr6843_20260722_122815_014_013.l3dump,549542,fbf7cab9d05e46a3c849de2347f5d9f12806930e85f9f7051a79a6d1d93c7623
2026-07-22,iwr_dump,openflight_trackman_sessions/sessions/2026-07-22/openflight/iwr6843/iwr6843_20260722_122843_673_015.l3dump,/Users/john.pacino/Projects/openflight/artifacts/tm0722_raw/iwr6843/iwr6843_20260722_122843_673_015.l3dump,549542,f645a7229fd35a92888a4c3a8cf4cbafc5f5c4b33272e70f795d4af2e3076eab
2026-07-22,iwr_dump,openflight_trackman_sessions/sessions/2026-07-22/openflight/iwr6843/iwr6843_20260722_122919_953_017.l3dump,/Users/john.pacino/Projects/openflight/artifacts/tm0722_raw/iwr6843/iwr6843_20260722_122919_953_017.l3dump,549542,67c6686f87d3a219263490593eb797d519b7a5f3382a1c0f9b8329edad5761d6
2026-07-22,iwr_dump,openflight_trackman_sessions/sessions/2026-07-22/openflight/iwr6843/iwr6843_20260722_122941_985_018.l3dump,/Users/john.pacino/Projects/openflight/artifacts/tm0722_raw/iwr6843/iwr6843_20260722_122941_985_018.l3dump,549542,8c4075af3c948ad7a2fe982dbf47a9625e4e10b1ad30b1032aefac40b2bcbc93
2026-07-22,iwr_dump,openflight_trackman_sessions/sessions/2026-07-22/openflight/iwr6843/iwr6843_20260722_123000_400_019.l3dump,/Users/john.pacino/Projects/openflight/artifacts/tm0722_raw/iwr6843/iwr6843_20260722_123000_400_019.l3dump,549542,5d06c8345c93cfe08056279916c944b3cda20d5df984b95ee2e7566be9eedb30
2026-07-22,iwr_dump,openflight_trackman_sessions/sessions/2026-07-22/openflight/iwr6843/iwr6843_20260722_123051_094_022.l3dump,/Users/john.pacino/Projects/openflight/artifacts/tm0722_raw/iwr6843/iwr6843_20260722_123051_094_022.l3dump,549542,8625261d5fc5e715a25c04aa3a20025243c54334b51faf947a2090ea4fa5d177
2026-07-22,iwr_dump,openflight_trackman_sessions/sessions/2026-07-22/openflight/iwr6843/iwr6843_20260722_123124_477_023.l3dump,/Users/john.pacino/Projects/openflight/artifacts/tm0722_raw/iwr6843/iwr6843_20260722_123124_477_023.l3dump,549542,88a03ca767b017f5808b7a65fef0244933ece8af3f55e87cba0abbb1527ce32d
2026-07-22,session_log,openflight_trackman_sessions/sessions/2026-07-22/openflight/session_logs/session_20260722_120946_trackman.jsonl,/Users/john.pacino/Projects/openflight/artifacts/tm0722_raw/pi_sessions/session_20260722_120946_trackman.jsonl,310275,182a166baabb8b0ba52c7ebcfe2a7bb6e2e2b12b304d6a0a8af723efcbe5c6ac
2026-07-22,session_log,openflight_trackman_sessions/sessions/2026-07-22/openflight/session_logs/session_20260722_121448_trackman.jsonl,/Users/john.pacino/Projects/openflight/artifacts/tm0722_raw/pi_sessions/session_20260722_121448_trackman.jsonl,671808,bc1c8d713749d7dab4cc2d1b821534f8bf0d27f565c1c15d08161cbb734bdf8a
2026-07-22,session_log,openflight_trackman_sessions/sessions/2026-07-22/openflight/session_logs/session_20260722_122417_trackman.jsonl,/Users/john.pacino/Projects/openflight/artifacts/tm0722_raw/pi_sessions/session_20260722_122417_trackman.jsonl,867217,529192b2c8d83763a73bea47b1ae720061b2fc4963e32038694ca336f245f992
2026-07-22,trackman_source,openflight_trackman_sessions/sessions/2026-07-22/trackman/trackman_multi_group_report_2026-07-22.json,/Users/john.pacino/Projects/openflight/artifacts/OpenFlight_OPS243_TrackMan_sessions_2026-07-14_to_2026-07-22/sessions/2026-07-22/trackman/trackman_multi_group_report_2026-07-22.json,440884,e205822c3c9b93e05ab31f81d8bd1bfe27b22be75283378e5fe1cdf3d0c4c286
2026-08-09,comparison,openflight_trackman_sessions/sessions/2026-08-09/comparisons/trackman_openflight_aligned_2026-08-09.csv,/Users/john.pacino/openflight_sessions/trackman/20260809/trackman_openflight_aligned_2026-08-09.csv,149978,0e9398f51f69a092f96d5d22135ae44b3effdd288157688d9d6f420725e4e792
2026-08-09,iwr_dump,openflight_trackman_sessions/sessions/2026-08-09/openflight/iwr6843/iwr6843_20260809_103852_642_001.l3dump,/Users/john.pacino/openflight_sessions/iwr6843/iwr6843_20260809_103852_642_001.l3dump,332036,b859849e53dc2cde4b2be81bdab34d49000ad7112810f00bf1c1766384e821f1
2026-08-09,iwr_dump,openflight_trackman_sessions/sessions/2026-08-09/openflight/iwr6843/iwr6843_20260809_103940_737_002.l3dump,/Users/john.pacino/openflight_sessions/iwr6843/iwr6843_20260809_103940_737_002.l3dump,332036,87678d6aeacf94d90698e1fff50810ad92fa7616a849c0a0fb128b6637ed666d
2026-08-09,iwr_dump,openflight_trackman_sessions/sessions/2026-08-09/openflight/iwr6843/iwr6843_20260809_104041_799_003.l3dump,/Users/john.pacino/openflight_sessions/iwr6843/iwr6843_20260809_104041_799_003.l3dump,332036,d2f006290fdd4ea54bcc75170e0b750609227a3b444677fd0ea941f82e2f031f
2026-08-09,iwr_dump,openflight_trackman_sessions/sessions/2026-08-09/openflight/iwr6843/iwr6843_20260809_104056_141_004.l3dump,/Users/john.pacino/openflight_sessions/iwr6843/iwr6843_20260809_104056_141_004.l3dump,332036,9532c6f39e841046775ac23700ddb4b576cd395bba7a2704eb11a9d163ceda77
2026-08-09,iwr_dump,openflight_trackman_sessions/sessions/2026-08-09/openflight/iwr6843/iwr6843_20260809_104120_777_005.l3dump,/Users/john.pacino/openflight_sessions/iwr6843/iwr6843_20260809_104120_777_005.l3dump,332036,6dc7e7e02bea9d8ef8a5e60deaacf3e4d06029cef8c17b344ba61b9655477492
2026-08-09,iwr_dump,openflight_trackman_sessions/sessions/2026-08-09/openflight/iwr6843/iwr6843_20260809_104139_745_006.l3dump,/Users/john.pacino/openflight_sessions/iwr6843/iwr6843_20260809_104139_745_006.l3dump,332036,bab694ae1a70add00b75e9989411ebdf4067aff8652808ec10651112a4a905f6
2026-08-09,iwr_dump,openflight_trackman_sessions/sessions/2026-08-09/openflight/iwr6843/iwr6843_20260809_104204_001_007.l3dump,/Users/john.pacino/openflight_sessions/iwr6843/iwr6843_20260809_104204_001_007.l3dump,332036,529c62400e9b4dc03d69ba79e9d47e10be988cb2669b4189bb65a61412616e80
2026-08-09,iwr_dump,openflight_trackman_sessions/sessions/2026-08-09/openflight/iwr6843/iwr6843_20260809_104229_232_008.l3dump,/Users/john.pacino/openflight_sessions/iwr6843/iwr6843_20260809_104229_232_008.l3dump,332036,0fa1f93a3fb5a075d9908282023475a564b5d228186bff0d6f84da3e12855c21
2026-08-09,iwr_dump,openflight_trackman_sessions/sessions/2026-08-09/openflight/iwr6843/iwr6843_20260809_104250_675_009.l3dump,/Users/john.pacino/openflight_sessions/iwr6843/iwr6843_20260809_104250_675_009.l3dump,332036,bc380773a75eb6462f2a5372670fd1760344baf5e6951ec7544e38cea203620b
2026-08-09,iwr_dump,openflight_trackman_sessions/sessions/2026-08-09/openflight/iwr6843/iwr6843_20260809_104310_730_010.l3dump,/Users/john.pacino/openflight_sessions/iwr6843/iwr6843_20260809_104310_730_010.l3dump,332036,6d37336c840a3c0b3d7deab569de836f2a060955d3b050457226688a27910380
2026-08-09,iwr_dump,openflight_trackman_sessions/sessions/2026-08-09/openflight/iwr6843/iwr6843_20260809_104334_921_011.l3dump,/Users/john.pacino/openflight_sessions/iwr6843/iwr6843_20260809_104334_921_011.l3dump,332036,eb355f9538b2b504b77fa4b6b6f0ee99fd4bbf44cfeec08da7ad5c2575c915f7
2026-08-09,iwr_dump,openflight_trackman_sessions/sessions/2026-08-09/openflight/iwr6843/iwr6843_20260809_105259_654_003.l3dump,/Users/john.pacino/openflight_sessions/iwr6843/iwr6843_20260809_105259_654_003.l3dump,332036,0c0f2757767142714d1d044128a3080789f7d0875c60c2e45848df6917172c6c
2026-08-09,iwr_dump,openflight_trackman_sessions/sessions/2026-08-09/openflight/iwr6843/iwr6843_20260809_105317_669_004.l3dump,/Users/john.pacino/openflight_sessions/iwr6843/iwr6843_20260809_105317_669_004.l3dump,332036,b34e0b9ec27a76a74b6c36886078177a520acb770ada9650d54e67943991d796
2026-08-09,iwr_dump,openflight_trackman_sessions/sessions/2026-08-09/openflight/iwr6843/iwr6843_20260809_105723_005_001.l3dump,/Users/john.pacino/openflight_sessions/iwr6843/iwr6843_20260809_105723_005_001.l3dump,332036,aaf2b3960b2a0c2cfcd183478e4f852474bfe91567ab4f440502b935ecad3bca
2026-08-09,iwr_dump,openflight_trackman_sessions/sessions/2026-08-09/openflight/iwr6843/iwr6843_20260809_105745_377_002.l3dump,/Users/john.pacino/openflight_sessions/iwr6843/iwr6843_20260809_105745_377_002.l3dump,332036,eec97bc401c671615015558b761b500ad0b3e6bf4f86b76f02db885e9af7cb80
2026-08-09,iwr_dump,openflight_trackman_sessions/sessions/2026-08-09/openflight/iwr6843/iwr6843_20260809_105806_912_003.l3dump,/Users/john.pacino/openflight_sessions/iwr6843/iwr6843_20260809_105806_912_003.l3dump,332036,8a2d4b7a0f106dc49d630cd615224a4627a27544a972fc3bb41eaa34b8578ff4
2026-08-09,iwr_dump,openflight_trackman_sessions/sessions/2026-08-09/openflight/iwr6843/iwr6843_20260809_110203_483_004.l3dump,/Users/john.pacino/openflight_sessions/iwr6843/iwr6843_20260809_110203_483_004.l3dump,332036,4228caf73ba0c9069183a1f7b758f7cd99ffce38a00696511437f59e7eaac165
2026-08-09,iwr_dump,openflight_trackman_sessions/sessions/2026-08-09/openflight/iwr6843/iwr6843_20260809_110216_790_005.l3dump,/Users/john.pacino/openflight_sessions/iwr6843/iwr6843_20260809_110216_790_005.l3dump,332036,28ae27aeb5d554ed6dce8f043631e320856e60640aed63050eec9065f9d6c0e7
2026-08-09,iwr_dump,openflight_trackman_sessions/sessions/2026-08-09/openflight/iwr6843/iwr6843_20260809_110238_956_006.l3dump,/Users/john.pacino/openflight_sessions/iwr6843/iwr6843_20260809_110238_956_006.l3dump,332036,d46137ec102f278cce3c8458fb3ae2d96bbb985d4dd9be75b64c0d251317142a
2026-08-09,iwr_dump,openflight_trackman_sessions/sessions/2026-08-09/openflight/iwr6843/iwr6843_20260809_110251_829_007.l3dump,/Users/john.pacino/openflight_sessions/iwr6843/iwr6843_20260809_110251_829_007.l3dump,332036,c543480ebee2e55e85d9b134f97340b510db16f44c218074bc74bc13656c3ad9
2026-08-09,iwr_dump,openflight_trackman_sessions/sessions/2026-08-09/openflight/iwr6843/iwr6843_20260809_110312_094_008.l3dump,/Users/john.pacino/openflight_sessions/iwr6843/iwr6843_20260809_110312_094_008.l3dump,332036,529893bbfc8e3f37b9e6a11fe4dc2b9615f42d3c48dba09f120965ce36b61923
2026-08-09,iwr_dump,openflight_trackman_sessions/sessions/2026-08-09/openflight/iwr6843/iwr6843_20260809_110324_313_009.l3dump,/Users/john.pacino/openflight_sessions/iwr6843/iwr6843_20260809_110324_313_009.l3dump,332036,dfaa611bac9e38007b12575c3ef5a2ac46f42bdbecc4bd93fa5e1b5609ff6dec
2026-08-09,iwr_dump,openflight_trackman_sessions/sessions/2026-08-09/openflight/iwr6843/iwr6843_20260809_110338_659_010.l3dump,/Users/john.pacino/openflight_sessions/iwr6843/iwr6843_20260809_110338_659_010.l3dump,332036,449908cb30ffd3eb146381f92870381c289552aa38ebb99b6fc28f03f3405ced
2026-08-09,iwr_dump,openflight_trackman_sessions/sessions/2026-08-09/openflight/iwr6843/iwr6843_20260809_110356_324_011.l3dump,/Users/john.pacino/openflight_sessions/iwr6843/iwr6843_20260809_110356_324_011.l3dump,332036,a194ebd3a1880ede326a3a348a52325b4b41f9f4079e2e639869380ca4ea4778
2026-08-09,iwr_dump,openflight_trackman_sessions/sessions/2026-08-09/openflight/iwr6843/iwr6843_20260809_110416_300_012.l3dump,/Users/john.pacino/openflight_sessions/iwr6843/iwr6843_20260809_110416_300_012.l3dump,332036,0a0eb0cc3893792dc183efd43973cd529d2c5c46b99ca3d95e6ff8dc07f30069
2026-08-09,iwr_dump,openflight_trackman_sessions/sessions/2026-08-09/openflight/iwr6843/iwr6843_20260809_110430_952_013.l3dump,/Users/john.pacino/openflight_sessions/iwr6843/iwr6843_20260809_110430_952_013.l3dump,332036,d2a9ae16adaa577f3f14ae8476cb6b469b300ec6b8ea8ed135ac0738e6cc963f
2026-08-09,iwr_dump,openflight_trackman_sessions/sessions/2026-08-09/openflight/iwr6843/iwr6843_20260809_110451_906_014.l3dump,/Users/john.pacino/openflight_sessions/iwr6843/iwr6843_20260809_110451_906_014.l3dump,332036,ce64c8dca42611a7f3e1746aecaf10482ac089345aa7a91b8e832ff1712755c6
2026-08-09,iwr_dump,openflight_trackman_sessions/sessions/2026-08-09/openflight/iwr6843/iwr6843_20260809_110504_888_015.l3dump,/Users/john.pacino/openflight_sessions/iwr6843/iwr6843_20260809_110504_888_015.l3dump,332036,3ab104de944d035d72cda91bb6000fea996dd39c738212a78e30370838bbd93b
2026-08-09,iwr_dump,openflight_trackman_sessions/sessions/2026-08-09/openflight/iwr6843/iwr6843_20260809_111304_873_001.l3dump,/Users/john.pacino/openflight_sessions/iwr6843/iwr6843_20260809_111304_873_001.l3dump,332036,781d96b683b954c3319298d907e35b7f95e770cae6dc506db5e1d1bfa47484a2
2026-08-09,iwr_dump,openflight_trackman_sessions/sessions/2026-08-09/openflight/iwr6843/iwr6843_20260809_111337_707_002.l3dump,/Users/john.pacino/openflight_sessions/iwr6843/iwr6843_20260809_111337_707_002.l3dump,332036,767b8be845307d286a5efca058050c92eb1fbe613948d618ef6317fb9ca3b712
2026-08-09,iwr_dump,openflight_trackman_sessions/sessions/2026-08-09/openflight/iwr6843/iwr6843_20260809_111402_385_003.l3dump,/Users/john.pacino/openflight_sessions/iwr6843/iwr6843_20260809_111402_385_003.l3dump,332036,964c5ea49106cd8de18aa5a41d905274da500640eafad06b21ab9da1431605bc
2026-08-09,iwr_dump,openflight_trackman_sessions/sessions/2026-08-09/openflight/iwr6843/iwr6843_20260809_111432_771_004.l3dump,/Users/john.pacino/openflight_sessions/iwr6843/iwr6843_20260809_111432_771_004.l3dump,332036,3e392784f701f5c62678365a4288c70b6deace68d8aa3eea4138bfab8dce7bee
2026-08-09,iwr_dump,openflight_trackman_sessions/sessions/2026-08-09/openflight/iwr6843/iwr6843_20260809_111446_022_005.l3dump,/Users/john.pacino/openflight_sessions/iwr6843/iwr6843_20260809_111446_022_005.l3dump,332036,241480fa737ccbca4e8c67a2f7590e3ba10d8465a9b1ef0add08b70d44ead908
2026-08-09,iwr_dump,openflight_trackman_sessions/sessions/2026-08-09/openflight/iwr6843/iwr6843_20260809_111506_120_006.l3dump,/Users/john.pacino/openflight_sessions/iwr6843/iwr6843_20260809_111506_120_006.l3dump,332036,3c21698c18d5b4cac74995d5c802a840faa9b839a5e1cfde3fd8dd8e06271f13
2026-08-09,iwr_dump,openflight_trackman_sessions/sessions/2026-08-09/openflight/iwr6843/iwr6843_20260809_111520_310_007.l3dump,/Users/john.pacino/openflight_sessions/iwr6843/iwr6843_20260809_111520_310_007.l3dump,332036,f7ebc10f13cd11dddc4ebbccd9aae16aff38dd850b90b8a63f747588ff642acb
2026-08-09,iwr_dump,openflight_trackman_sessions/sessions/2026-08-09/openflight/iwr6843/iwr6843_20260809_111536_008_008.l3dump,/Users/john.pacino/openflight_sessions/iwr6843/iwr6843_20260809_111536_008_008.l3dump,332036,011f8ef9055dc7e32db3fbef7c13c1604abf1081b96dec6b46ea2469b8cad386
2026-08-09,iwr_dump,openflight_trackman_sessions/sessions/2026-08-09/openflight/iwr6843/iwr6843_20260809_111551_296_009.l3dump,/Users/john.pacino/openflight_sessions/iwr6843/iwr6843_20260809_111551_296_009.l3dump,332036,b11b88d2c9b05614bfe32923261144af7808656c2740daeb619a637f5d553442
2026-08-09,iwr_dump,openflight_trackman_sessions/sessions/2026-08-09/openflight/iwr6843/iwr6843_20260809_111610_198_010.l3dump,/Users/john.pacino/openflight_sessions/iwr6843/iwr6843_20260809_111610_198_010.l3dump,332036,a9d749480bdbb487d6ffe151dd164fc2d8e35e99c90cbae8116a25a9cdb27245
2026-08-09,iwr_dump,openflight_trackman_sessions/sessions/2026-08-09/openflight/iwr6843/iwr6843_20260809_111623_837_011.l3dump,/Users/john.pacino/openflight_sessions/iwr6843/iwr6843_20260809_111623_837_011.l3dump,332036,146621c6dfc9f9976679371586c1fc9b1a8f91963f80a6cfc0bb3404256a0b4f
2026-08-09,iwr_dump,openflight_trackman_sessions/sessions/2026-08-09/openflight/iwr6843/iwr6843_20260809_111644_633_012.l3dump,/Users/john.pacino/openflight_sessions/iwr6843/iwr6843_20260809_111644_633_012.l3dump,332036,f56b23279dc7120eacfc8fb63bac8f9de0ae1ba96fcf0d768dfafbea909021b1
2026-08-09,iwr_dump,openflight_trackman_sessions/sessions/2026-08-09/openflight/iwr6843/iwr6843_20260809_111659_763_013.l3dump,/Users/john.pacino/openflight_sessions/iwr6843/iwr6843_20260809_111659_763_013.l3dump,332036,2fca4ec68834eb40543680fd454fcebeb350d3315f7c3789f975513735a11a9e
2026-08-09,iwr_dump,openflight_trackman_sessions/sessions/2026-08-09/openflight/iwr6843/iwr6843_20260809_111926_148_001.l3dump,/Users/john.pacino/openflight_sessions/iwr6843/iwr6843_20260809_111926_148_001.l3dump,732812,8b1c591bf190247be24bdff0bf64d8819fdc4c98600da2b01ef0468532e16aa8
2026-08-09,iwr_dump,openflight_trackman_sessions/sessions/2026-08-09/openflight/iwr6843/iwr6843_20260809_111948_007_002.l3dump,/Users/john.pacino/openflight_sessions/iwr6843/iwr6843_20260809_111948_007_002.l3dump,732812,b7444302ee7670545c589c48e317b3537205218e9cf469c6f268548075779799
2026-08-09,iwr_dump,openflight_trackman_sessions/sessions/2026-08-09/openflight/iwr6843/iwr6843_20260809_112107_663_004.l3dump,/Users/john.pacino/openflight_sessions/iwr6843/iwr6843_20260809_112107_663_004.l3dump,732812,fa3e962369da3ebf576c6c8f7b0cbc09977a8e43300496025f3ba7da9189b1fb
2026-08-09,iwr_dump,openflight_trackman_sessions/sessions/2026-08-09/openflight/iwr6843/iwr6843_20260809_112222_669_005.l3dump,/Users/john.pacino/openflight_sessions/iwr6843/iwr6843_20260809_112222_669_005.l3dump,732812,e6cb2a432c90b88bd992e133930ef1eddd328fa644c11670477975a806f83f97
2026-08-09,iwr_dump,openflight_trackman_sessions/sessions/2026-08-09/openflight/iwr6843/iwr6843_20260809_112302_270_006.l3dump,/Users/john.pacino/openflight_sessions/iwr6843/iwr6843_20260809_112302_270_006.l3dump,732812,ae5dfa0cee95e48b310834f745a0a1c4d6a9acb31d0aeefd70b84e0d22c51c57
2026-08-09,iwr_dump,openflight_trackman_sessions/sessions/2026-08-09/openflight/iwr6843/iwr6843_20260809_112320_901_007.l3dump,/Users/john.pacino/openflight_sessions/iwr6843/iwr6843_20260809_112320_901_007.l3dump,732812,e44720ef1323cb38d822ede587df270e87ad3b276b88c73a163ed69a48211ad8
2026-08-09,iwr_dump,openflight_trackman_sessions/sessions/2026-08-09/openflight/iwr6843/iwr6843_20260809_112345_386_008.l3dump,/Users/john.pacino/openflight_sessions/iwr6843/iwr6843_20260809_112345_386_008.l3dump,732812,e9d164c793f0e877c0eebd2426d0cc021e2aac6af554b892ed976a5b7a5667fe
2026-08-09,iwr_dump,openflight_trackman_sessions/sessions/2026-08-09/openflight/iwr6843/iwr6843_20260809_112410_572_009.l3dump,/Users/john.pacino/openflight_sessions/iwr6843/iwr6843_20260809_112410_572_009.l3dump,732812,93e068ab242d193bc87fe5d969ca30e92e51e034f5ccccb7a6d49afbaf815ba7
2026-08-09,iwr_dump,openflight_trackman_sessions/sessions/2026-08-09/openflight/iwr6843/iwr6843_20260809_112436_236_010.l3dump,/Users/john.pacino/openflight_sessions/iwr6843/iwr6843_20260809_112436_236_010.l3dump,732812,14ed50fbb6ac7e3276e2971fdb9e52df5c823aec21478da1639ff108a5a95d7e
2026-08-09,iwr_dump,openflight_trackman_sessions/sessions/2026-08-09/openflight/iwr6843/iwr6843_20260809_112506_986_011.l3dump,/Users/john.pacino/openflight_sessions/iwr6843/iwr6843_20260809_112506_986_011.l3dump,732812,0161a198925eb8095485eedd845331a517849aa3c6cb2f9af4400ec58d47a2be
2026-08-09,iwr_dump,openflight_trackman_sessions/sessions/2026-08-09/openflight/iwr6843/iwr6843_20260809_112532_956_012.l3dump,/Users/john.pacino/openflight_sessions/iwr6843/iwr6843_20260809_112532_956_012.l3dump,732812,f08890a7d0cbe995eb6e9cbd9e39698702e7691c5e3559d7ef9876db7309aa40
2026-08-09,iwr_dump,openflight_trackman_sessions/sessions/2026-08-09/openflight/iwr6843/iwr6843_20260809_112617_860_013.l3dump,/Users/john.pacino/openflight_sessions/iwr6843/iwr6843_20260809_112617_860_013.l3dump,732812,1e1b29ddfb28599fab2ab6923ce572c5a03635cff70285191590e344900227ca
2026-08-09,iwr_dump,openflight_trackman_sessions/sessions/2026-08-09/openflight/iwr6843/iwr6843_20260809_112642_160_014.l3dump,/Users/john.pacino/openflight_sessions/iwr6843/iwr6843_20260809_112642_160_014.l3dump,732812,9c94574bacef9d387ef90e8d0ffa3b04c64a3ce0ead1e17f57c5c926f366c73e
2026-08-09,iwr_dump,openflight_trackman_sessions/sessions/2026-08-09/openflight/iwr6843/iwr6843_20260809_112706_058_015.l3dump,/Users/john.pacino/openflight_sessions/iwr6843/iwr6843_20260809_112706_058_015.l3dump,732812,1e0fe711fdb612ee8802bdfe42a86b9a5ba25a65658728346db72388c93c58c0
2026-08-09,iwr_dump,openflight_trackman_sessions/sessions/2026-08-09/openflight/iwr6843/iwr6843_20260809_112920_053_016.l3dump,/Users/john.pacino/openflight_sessions/iwr6843/iwr6843_20260809_112920_053_016.l3dump,732812,96fc3127b960f210cfd949bbfc4d1a928e90981f8eba8dd315cfa1b1a37358b3
2026-08-09,iwr_dump,openflight_trackman_sessions/sessions/2026-08-09/openflight/iwr6843/iwr6843_20260809_113046_536_018.l3dump,/Users/john.pacino/openflight_sessions/iwr6843/iwr6843_20260809_113046_536_018.l3dump,732812,6c499d0e55e5e9866745363ebd90e9dc71e44552b239a0be7302d5f5a752da27
2026-08-09,iwr_dump,openflight_trackman_sessions/sessions/2026-08-09/openflight/iwr6843/iwr6843_20260809_113146_980_020.l3dump,/Users/john.pacino/openflight_sessions/iwr6843/iwr6843_20260809_113146_980_020.l3dump,732812,83270946b4a3d8e1fa3d3a5985d5a14ef57ba8dc75038ae97a3937531a5201e9
2026-08-09,iwr_dump,openflight_trackman_sessions/sessions/2026-08-09/openflight/iwr6843/iwr6843_20260809_113208_656_021.l3dump,/Users/john.pacino/openflight_sessions/iwr6843/iwr6843_20260809_113208_656_021.l3dump,732812,f1a989642afef86513f5bd795e979a5d8056843ada74b0602ef67ae7ceb98329
2026-08-09,iwr_dump,openflight_trackman_sessions/sessions/2026-08-09/openflight/iwr6843/iwr6843_20260809_113449_571_001.l3dump,/Users/john.pacino/openflight_sessions/iwr6843/iwr6843_20260809_113449_571_001.l3dump,732812,25408ef36eed74f001a5933ba9f7d05c17a90ed7f6fda45198d3dd422403f643
2026-08-09,iwr_dump,openflight_trackman_sessions/sessions/2026-08-09/openflight/iwr6843/iwr6843_20260809_113516_751_002.l3dump,/Users/john.pacino/openflight_sessions/iwr6843/iwr6843_20260809_113516_751_002.l3dump,732812,60c95f1f15714a586bc57a1d44a10828ee7d9affbe24aa217d4fa1891e314e97
2026-08-09,iwr_dump,openflight_trackman_sessions/sessions/2026-08-09/openflight/iwr6843/iwr6843_20260809_113546_514_003.l3dump,/Users/john.pacino/openflight_sessions/iwr6843/iwr6843_20260809_113546_514_003.l3dump,732812,dfc903150243988ab0dd9e61dde49702503faf10715449063b18bd8a0d0c5162
2026-08-09,iwr_dump,openflight_trackman_sessions/sessions/2026-08-09/openflight/iwr6843/iwr6843_20260809_113633_392_004.l3dump,/Users/john.pacino/openflight_sessions/iwr6843/iwr6843_20260809_113633_392_004.l3dump,732812,477516b6da07580e57633e5fc34022a9a99cfe1c49aedfeed895518ffdd35f74
2026-08-09,iwr_dump,openflight_trackman_sessions/sessions/2026-08-09/openflight/iwr6843/iwr6843_20260809_113657_539_005.l3dump,/Users/john.pacino/openflight_sessions/iwr6843/iwr6843_20260809_113657_539_005.l3dump,732812,b7f45bebe67960eb4c31c60abbbe42ce3a1d85cd124716d1f3fa426d253c2ed3
2026-08-09,iwr_dump,openflight_trackman_sessions/sessions/2026-08-09/openflight/iwr6843/iwr6843_20260809_113728_852_006.l3dump,/Users/john.pacino/openflight_sessions/iwr6843/iwr6843_20260809_113728_852_006.l3dump,732812,38d65dab9160fd5dfcf26d598e61afb3c798c8198d4c836ea2f8f6f86573c99e
2026-08-09,iwr_dump,openflight_trackman_sessions/sessions/2026-08-09/openflight/iwr6843/iwr6843_20260809_113747_478_007.l3dump,/Users/john.pacino/openflight_sessions/iwr6843/iwr6843_20260809_113747_478_007.l3dump,732812,b283a2bebe5be4b4f0bbaf330f7af8776d348820605011cf0b6dc0211d448b8d
2026-08-09,iwr_dump,openflight_trackman_sessions/sessions/2026-08-09/openflight/iwr6843/iwr6843_20260809_113830_727_009.l3dump,/Users/john.pacino/openflight_sessions/iwr6843/iwr6843_20260809_113830_727_009.l3dump,732812,db7f86608f477d6324ac117159f6f3ff63335c326fccb5fe1f2f31838060f3d4
2026-08-09,iwr_dump,openflight_trackman_sessions/sessions/2026-08-09/openflight/iwr6843/iwr6843_20260809_113910_354_010.l3dump,/Users/john.pacino/openflight_sessions/iwr6843/iwr6843_20260809_113910_354_010.l3dump,732812,f08d13f9902ef000929976861aa6bd54e33106734b6f9efde2c479fce258662d
2026-08-09,iwr_dump,openflight_trackman_sessions/sessions/2026-08-09/openflight/iwr6843/iwr6843_20260809_113930_522_011.l3dump,/Users/john.pacino/openflight_sessions/iwr6843/iwr6843_20260809_113930_522_011.l3dump,732812,dd34621a70e0a145ce153c6de79d95fa193489b0915a076d99c6e7e2ea51c8d9
2026-08-09,iwr_dump,openflight_trackman_sessions/sessions/2026-08-09/openflight/iwr6843/iwr6843_20260809_113948_990_012.l3dump,/Users/john.pacino/openflight_sessions/iwr6843/iwr6843_20260809_113948_990_012.l3dump,732812,c758cee487a1fe453152cfca4da7edd27c1597dc44970ff54327e9b4655b1e3b
2026-08-09,iwr_dump,openflight_trackman_sessions/sessions/2026-08-09/openflight/iwr6843/iwr6843_20260809_114009_851_013.l3dump,/Users/john.pacino/openflight_sessions/iwr6843/iwr6843_20260809_114009_851_013.l3dump,732812,6a22b8e5135a9b6c68f860d252e705671bbeb4a2faa6394a5bc253f0d4b90609
2026-08-09,iwr_dump,openflight_trackman_sessions/sessions/2026-08-09/openflight/iwr6843/iwr6843_20260809_114029_936_014.l3dump,/Users/john.pacino/openflight_sessions/iwr6843/iwr6843_20260809_114029_936_014.l3dump,732812,c1e1c31bcd5e8dff3811ac09b7b8ceec3c5dc6fe844a45efef88447ad24bc99c
2026-08-09,iwr_dump,openflight_trackman_sessions/sessions/2026-08-09/openflight/iwr6843/iwr6843_20260809_114048_395_015.l3dump,/Users/john.pacino/openflight_sessions/iwr6843/iwr6843_20260809_114048_395_015.l3dump,732812,83ca3ee58661aefa07cde60e0ebe54e9165ca6f1ff9c7ef56428ddcb4ce169d7
2026-08-09,iwr_dump,openflight_trackman_sessions/sessions/2026-08-09/openflight/iwr6843/iwr6843_20260809_114106_681_016.l3dump,/Users/john.pacino/openflight_sessions/iwr6843/iwr6843_20260809_114106_681_016.l3dump,732812,2f46c669ef7a900b295c81102180e60bd3ca94b8797e79532c3b2574c6e7f619
2026-08-09,iwr_dump,openflight_trackman_sessions/sessions/2026-08-09/openflight/iwr6843/iwr6843_20260809_114125_814_017.l3dump,/Users/john.pacino/openflight_sessions/iwr6843/iwr6843_20260809_114125_814_017.l3dump,732812,75915eeab21c0899e512ffb3106053127195ae51eed053c9d3606e23990757c7
2026-08-09,iwr_dump,openflight_trackman_sessions/sessions/2026-08-09/openflight/iwr6843/iwr6843_20260809_114142_992_018.l3dump,/Users/john.pacino/openflight_sessions/iwr6843/iwr6843_20260809_114142_992_018.l3dump,732812,aafbc86f7fd7300931009d669cc6366df5cbfae0f3e169913f43b04c51cbdb80
2026-08-09,iwr_dump,openflight_trackman_sessions/sessions/2026-08-09/openflight/iwr6843/iwr6843_20260809_114203_200_019.l3dump,/Users/john.pacino/openflight_sessions/iwr6843/iwr6843_20260809_114203_200_019.l3dump,732812,136c1304838eeaf156dcbc94a2a0fba61a3025cfe915252173c7c7dd5e400a24
2026-08-09,iwr_dump,openflight_trackman_sessions/sessions/2026-08-09/openflight/iwr6843/iwr6843_20260809_114220_561_020.l3dump,/Users/john.pacino/openflight_sessions/iwr6843/iwr6843_20260809_114220_561_020.l3dump,732812,8eaa3bfc703a2ec0f451eabff6c046741735d76d03fe7e2b64eff6ead77560a2
2026-08-09,iwr_dump,openflight_trackman_sessions/sessions/2026-08-09/openflight/iwr6843/iwr6843_20260809_114237_390_021.l3dump,/Users/john.pacino/openflight_sessions/iwr6843/iwr6843_20260809_114237_390_021.l3dump,732812,b508caf2d3858669177c1c0904747c56c66282d1d48bb55ad1313bec0cff624d
2026-08-09,iwr_dump,openflight_trackman_sessions/sessions/2026-08-09/openflight/iwr6843/iwr6843_20260809_114252_872_022.l3dump,/Users/john.pacino/openflight_sessions/iwr6843/iwr6843_20260809_114252_872_022.l3dump,732812,958306d81948f646e81a7ea9782752eb48ebdaedf7f4fbf1c8376266bbd2dab8
2026-08-09,iwr_dump,openflight_trackman_sessions/sessions/2026-08-09/openflight/iwr6843/iwr6843_20260809_114307_552_023.l3dump,/Users/john.pacino/openflight_sessions/iwr6843/iwr6843_20260809_114307_552_023.l3dump,732812,8111fe9c8b5d8b560494a7f185280d33defc57ff905cd302acb792f4b988eda3
2026-08-09,iwr_dump,openflight_trackman_sessions/sessions/2026-08-09/openflight/iwr6843/iwr6843_20260809_114332_680_024.l3dump,/Users/john.pacino/openflight_sessions/iwr6843/iwr6843_20260809_114332_680_024.l3dump,732812,7cc2f94b95b3292c15a9d31e0899ce6ffb541796a1e85bc21471c2069d57b009
2026-08-09,iwr_dump,openflight_trackman_sessions/sessions/2026-08-09/openflight/iwr6843/iwr6843_20260809_114407_119_025.l3dump,/Users/john.pacino/openflight_sessions/iwr6843/iwr6843_20260809_114407_119_025.l3dump,732812,ac432d3f3671ea7d1e0140f86911be712826232e62c46db40442edc350096a1e
2026-08-09,iwr_dump,openflight_trackman_sessions/sessions/2026-08-09/openflight/iwr6843/iwr6843_20260809_114425_456_026.l3dump,/Users/john.pacino/openflight_sessions/iwr6843/iwr6843_20260809_114425_456_026.l3dump,732812,eeaa19402f024f9fa7baa2056eaf192e55183b174e0adfb6a21ef04942e9a6ce
2026-08-09,iwr_dump,openflight_trackman_sessions/sessions/2026-08-09/openflight/iwr6843/iwr6843_20260809_114444_514_027.l3dump,/Users/john.pacino/openflight_sessions/iwr6843/iwr6843_20260809_114444_514_027.l3dump,732812,7517effb5b12e3d810f360c7418db659e8a3032c349aeb04dfe66cb356e8668d
2026-08-09,iwr_dump,openflight_trackman_sessions/sessions/2026-08-09/openflight/iwr6843/iwr6843_20260809_114500_163_028.l3dump,/Users/john.pacino/openflight_sessions/iwr6843/iwr6843_20260809_114500_163_028.l3dump,732812,5c483e3472899416919207e4d9ef5878f206b03c72af2aee25aaf50c2dc99ac7
2026-08-09,iwr_dump,openflight_trackman_sessions/sessions/2026-08-09/openflight/iwr6843/iwr6843_20260809_114519_526_029.l3dump,/Users/john.pacino/openflight_sessions/iwr6843/iwr6843_20260809_114519_526_029.l3dump,732812,2e0a3b8862c57368a49a14c58f93955c1590f697821a2360813f090158610258
2026-08-09,iwr_dump,openflight_trackman_sessions/sessions/2026-08-09/openflight/iwr6843/iwr6843_20260809_114539_230_030.l3dump,/Users/john.pacino/openflight_sessions/iwr6843/iwr6843_20260809_114539_230_030.l3dump,732812,7563c0c6f93fbdf904ee476400809ea1882542c02b8bbd148f94c771195c2092
2026-08-09,iwr_dump,openflight_trackman_sessions/sessions/2026-08-09/openflight/iwr6843/iwr6843_20260809_114555_064_031.l3dump,/Users/john.pacino/openflight_sessions/iwr6843/iwr6843_20260809_114555_064_031.l3dump,732812,84bb726e0ef2476ff6b5ed3bd7cb83f9d021c83918133b51d5ab61a4e19cfc51
2026-08-09,iwr_dump,openflight_trackman_sessions/sessions/2026-08-09/openflight/iwr6843/iwr6843_20260809_114626_947_032.l3dump,/Users/john.pacino/openflight_sessions/iwr6843/iwr6843_20260809_114626_947_032.l3dump,732812,d581ce4c051ffb8b2c71875645a85e1865d2f8cb7e86cc57da682f9e197ea9f8
2026-08-09,iwr_dump,openflight_trackman_sessions/sessions/2026-08-09/openflight/iwr6843/iwr6843_20260809_114642_614_033.l3dump,/Users/john.pacino/openflight_sessions/iwr6843/iwr6843_20260809_114642_614_033.l3dump,732812,b0078da7a8a0c77be27d41f517ca492c4f4c0780c418ae2d1d85ea691aafa094
2026-08-09,iwr_dump,openflight_trackman_sessions/sessions/2026-08-09/openflight/iwr6843/iwr6843_20260809_114659_747_034.l3dump,/Users/john.pacino/openflight_sessions/iwr6843/iwr6843_20260809_114659_747_034.l3dump,732812,e383aa6887627119d25f7e7dbd091d2207222e628120e44e0bf52b1d957ca857
2026-08-09,iwr_dump,openflight_trackman_sessions/sessions/2026-08-09/openflight/iwr6843/iwr6843_20260809_114718_204_035.l3dump,/Users/john.pacino/openflight_sessions/iwr6843/iwr6843_20260809_114718_204_035.l3dump,732812,c1808b44019fece2b8b27d8b6d4515bc2b46b848cf3b2f1d699a32f751f104aa
2026-08-09,iwr_dump,openflight_trackman_sessions/sessions/2026-08-09/openflight/iwr6843/iwr6843_20260809_114733_718_036.l3dump,/Users/john.pacino/openflight_sessions/iwr6843/iwr6843_20260809_114733_718_036.l3dump,732812,6102c9e0d177d2e574405b7baa16447a74f0b61cddfba8d615b5883b51177572
2026-08-09,iwr_dump,openflight_trackman_sessions/sessions/2026-08-09/openflight/iwr6843/iwr6843_20260809_114751_777_037.l3dump,/Users/john.pacino/openflight_sessions/iwr6843/iwr6843_20260809_114751_777_037.l3dump,732812,85b6b0c40720e4106d1f22ba1524dd0862c92f9c70ab115a134206d8b0957d3e
2026-08-09,iwr_dump,openflight_trackman_sessions/sessions/2026-08-09/openflight/iwr6843/iwr6843_20260809_114810_031_038.l3dump,/Users/john.pacino/openflight_sessions/iwr6843/iwr6843_20260809_114810_031_038.l3dump,732812,02516132426482b025ce7854d3e586fc13f0305bde41fe2b83ace9bf0c04525d
2026-08-09,iwr_dump,openflight_trackman_sessions/sessions/2026-08-09/openflight/iwr6843/iwr6843_20260809_114825_615_039.l3dump,/Users/john.pacino/openflight_sessions/iwr6843/iwr6843_20260809_114825_615_039.l3dump,732812,547091082769c852e0b1bd82f72d352974824c37d8d8a1167502c172fdf78c90
2026-08-09,iwr_dump,openflight_trackman_sessions/sessions/2026-08-09/openflight/iwr6843/iwr6843_20260809_114840_825_040.l3dump,/Users/john.pacino/openflight_sessions/iwr6843/iwr6843_20260809_114840_825_040.l3dump,732812,f7468f859375d2e5595e920c1e05f14480f409cf824517967aafe375656c66f8
2026-08-09,iwr_dump,openflight_trackman_sessions/sessions/2026-08-09/openflight/iwr6843/iwr6843_20260809_114853_678_041.l3dump,/Users/john.pacino/openflight_sessions/iwr6843/iwr6843_20260809_114853_678_041.l3dump,732812,9a7ea0dacf3216c9db47c2ab5455c390a34604eaa3b8b539d0451c4508c641f1
2026-08-09,iwr_dump,openflight_trackman_sessions/sessions/2026-08-09/openflight/iwr6843/iwr6843_20260809_114907_277_042.l3dump,/Users/john.pacino/openflight_sessions/iwr6843/iwr6843_20260809_114907_277_042.l3dump,732812,0de0d2fd8993f5f9588f5582b50f4968878066c5f18fa2f021c62d3eb620f207
2026-08-09,session_log,openflight_trackman_sessions/sessions/2026-08-09/openflight/session_logs/session_20260809_103715_trackman.jsonl,/Users/john.pacino/openflight_sessions/session_20260809_103715_trackman.jsonl,723973,0c9e51af179caf9620090eed342a0d2be78647def59422a3348619366f285cf2
2026-08-09,session_log,openflight_trackman_sessions/sessions/2026-08-09/openflight/session_logs/session_20260809_105136_trackman.jsonl,/Users/john.pacino/openflight_sessions/session_20260809_105136_trackman.jsonl,151784,9260b9deff5582ef388dd4c5c2abbdb3134e1e38c08191fc4812be733f90b292
2026-08-09,session_log,openflight_trackman_sessions/sessions/2026-08-09/openflight/session_logs/session_20260809_105706_trackman.jsonl,/Users/john.pacino/openflight_sessions/session_20260809_105706_trackman.jsonl,972836,7cd6410f0254a6c360da087beb676587e3c3c4f5895b9099b720bf94a2057d71
2026-08-09,session_log,openflight_trackman_sessions/sessions/2026-08-09/openflight/session_logs/session_20260809_111239_trackman.jsonl,/Users/john.pacino/openflight_sessions/session_20260809_111239_trackman.jsonl,827413,58da34867c785e0e34e2005e64b1dc3878d72b455d9ee367f0219f87761f0427
2026-08-09,session_log,openflight_trackman_sessions/sessions/2026-08-09/openflight/session_logs/session_20260809_111902_trackman.jsonl,/Users/john.pacino/openflight_sessions/session_20260809_111902_trackman.jsonl,1142359,41eb2e2baeea0184c5b6550851da0fbca5e99fb905c9eb55cc654ed70034fbd4
2026-08-09,session_log,openflight_trackman_sessions/sessions/2026-08-09/openflight/session_logs/session_20260809_113433_trackman.jsonl,/Users/john.pacino/openflight_sessions/session_20260809_113433_trackman.jsonl,2589057,31f348b8d3e9d844c64ef5da8f2025c9bc98d2e929748bb8a27cfa96efe7fcdd
2026-08-09,terminal_log,openflight_trackman_sessions/sessions/2026-08-09/openflight/terminal_logs/kiosk_20260809_103707.log,/Users/john.pacino/openflight_sessions/terminal_logs/kiosk_20260809_103707.log,79064,c2e609412346240253c32e3cfd3ca8137d1f5c649825f2f85830bc00046fbc81
2026-08-09,terminal_log,openflight_trackman_sessions/sessions/2026-08-09/openflight/terminal_logs/kiosk_20260809_105128.log,/Users/john.pacino/openflight_sessions/terminal_logs/kiosk_20260809_105128.log,29424,7e33d00d07747089e7bc1fcee8321bc3baa01264a0ce74076c48dbd01a02ef45
2026-08-09,terminal_log,openflight_trackman_sessions/sessions/2026-08-09/openflight/terminal_logs/kiosk_20260809_105655.log,/Users/john.pacino/openflight_sessions/terminal_logs/kiosk_20260809_105655.log,90151,1c7464e579763cfefdc3c94685deb8f5556a9bfc01ad5113b6dbe46fa3a14155
2026-08-09,terminal_log,openflight_trackman_sessions/sessions/2026-08-09/openflight/terminal_logs/kiosk_20260809_111227.log,/Users/john.pacino/openflight_sessions/terminal_logs/kiosk_20260809_111227.log,71645,05d4186629782faac29d61a9ef16640522ce23358a9bf2d1b66fc5206d3f8ed9
2026-08-09,terminal_log,openflight_trackman_sessions/sessions/2026-08-09/openflight/terminal_logs/kiosk_20260809_111853.log,/Users/john.pacino/openflight_sessions/terminal_logs/kiosk_20260809_111853.log,108014,153b5c440126b6207ffbd228b611876fc0a72f143b8c78c34421b6b1c39b61f1
2026-08-09,terminal_log,openflight_trackman_sessions/sessions/2026-08-09/openflight/terminal_logs/kiosk_20260809_113424.log,/Users/john.pacino/openflight_sessions/terminal_logs/kiosk_20260809_113424.log,210308,d78bf6197b18f1b8edb2ce14f8044edcd3109b933eeeadec878cc95a85027748
2026-08-09,trackman_source,openflight_trackman_sessions/sessions/2026-08-09/trackman/trackman_activity_9cfd4507-fd93-f111-9ed5-c6cbf142edef.json,/Users/john.pacino/openflight_sessions/trackman/20260809/trackman_activity_9cfd4507-fd93-f111-9ed5-c6cbf142edef.json,635200,9448cdda54f0067d4b5d8d3137ef1332ffddea50a6b1b387dec3645916c27f83
2026-08-24,comparison,openflight_trackman_sessions/sessions/2026-08-24/comparisons/trackman_openflight_aligned_2026-08-24.csv,/Users/john.pacino/openflight_sessions/trackman/20260824/trackman_openflight_aligned_2026-08-24.csv,162183,0b6e907aa730e63e758cbe1f3c47689d09a672adc482424ed8913c5d690d0eed
2026-08-24,iwr_dump,openflight_trackman_sessions/sessions/2026-08-24/openflight/iwr6843/iwr6843_20260824_104747_544_001.l3dump,/Users/john.pacino/openflight_sessions/iwr6843/iwr6843_20260824_104747_544_001.l3dump,549764,a7cefa1845fd02cf0a2332f4b086c626aae9b526beea0e8498cd200f97a0f36e
2026-08-24,iwr_dump,openflight_trackman_sessions/sessions/2026-08-24/openflight/iwr6843/iwr6843_20260824_104907_741_002.l3dump,/Users/john.pacino/openflight_sessions/iwr6843/iwr6843_20260824_104907_741_002.l3dump,549764,27228c432b75115b918a90a1e9abfb634a8186577438b0d1d386e8be7b1be950
2026-08-24,iwr_dump,openflight_trackman_sessions/sessions/2026-08-24/openflight/iwr6843/iwr6843_20260824_110538_535_003.l3dump,/Users/john.pacino/openflight_sessions/iwr6843/iwr6843_20260824_110538_535_003.l3dump,549764,c949d8c35596f5fedf2383f08162ddccd0084068a2102b6a101cc749100b4b82
2026-08-24,iwr_dump,openflight_trackman_sessions/sessions/2026-08-24/openflight/iwr6843/iwr6843_20260824_111428_580_003.l3dump,/Users/john.pacino/openflight_sessions/iwr6843/iwr6843_20260824_111428_580_003.l3dump,732812,13a1e69712f96c81def6b08eb947b3190e8508cc1ece05d7a983f90b6f1a6783
2026-08-24,iwr_dump,openflight_trackman_sessions/sessions/2026-08-24/openflight/iwr6843/iwr6843_20260824_111602_285_006.l3dump,/Users/john.pacino/openflight_sessions/iwr6843/iwr6843_20260824_111602_285_006.l3dump,732812,b321c59c4669d59faa5c6c36b140a961ca887d8db7309aaecc13c310cc8b2e0d
2026-08-24,iwr_dump,openflight_trackman_sessions/sessions/2026-08-24/openflight/iwr6843/iwr6843_20260824_111633_789_007.l3dump,/Users/john.pacino/openflight_sessions/iwr6843/iwr6843_20260824_111633_789_007.l3dump,732812,4efe96f04ba48fe055f31a8ef553f8fba59e7133c26b7e8bfb914cff1add567a
2026-08-24,iwr_dump,openflight_trackman_sessions/sessions/2026-08-24/openflight/iwr6843/iwr6843_20260824_112902_835_015.l3dump,/Users/john.pacino/openflight_sessions/iwr6843/iwr6843_20260824_112902_835_015.l3dump,732812,694547aaabedbc23b36129b26554dc7c0e41f70b1a9e973d82aeb258e7d19b62
2026-08-24,iwr_dump,openflight_trackman_sessions/sessions/2026-08-24/openflight/iwr6843/iwr6843_20260824_112940_807_016.l3dump,/Users/john.pacino/openflight_sessions/iwr6843/iwr6843_20260824_112940_807_016.l3dump,732812,4c8086ac44a5c22b50b35fc0ab356c170100d74695ce517eec172586b58ca8a0
2026-08-24,iwr_dump,openflight_trackman_sessions/sessions/2026-08-24/openflight/iwr6843/iwr6843_20260824_113017_589_017.l3dump,/Users/john.pacino/openflight_sessions/iwr6843/iwr6843_20260824_113017_589_017.l3dump,732812,a539a5bc658b67cba602b424795ea78ed6b39be8441c472b39b09ebac152a299
2026-08-24,iwr_dump,openflight_trackman_sessions/sessions/2026-08-24/openflight/iwr6843/iwr6843_20260824_113047_998_018.l3dump,/Users/john.pacino/openflight_sessions/iwr6843/iwr6843_20260824_113047_998_018.l3dump,732812,0f7d7f20975286f569672f88b485883b0aa920f479a4fb8346be5bfcdc58ab6e
2026-08-24,iwr_dump,openflight_trackman_sessions/sessions/2026-08-24/openflight/iwr6843/iwr6843_20260824_115147_304_020.l3dump,/Users/john.pacino/openflight_sessions/iwr6843/iwr6843_20260824_115147_304_020.l3dump,732812,5ca1c8b536d4be67b382fcaec723aeffacdabbce25f2eaf496e6c79d7644c3ad
2026-08-24,iwr_dump,openflight_trackman_sessions/sessions/2026-08-24/openflight/iwr6843/iwr6843_20260824_115211_975_021.l3dump,/Users/john.pacino/openflight_sessions/iwr6843/iwr6843_20260824_115211_975_021.l3dump,732812,e901d3a1ba44d4492e7e14516c8a35fcc1761c2ba0848ca8ca67bf07de7eb34b
2026-08-24,iwr_dump,openflight_trackman_sessions/sessions/2026-08-24/openflight/iwr6843/iwr6843_20260824_115239_835_022.l3dump,/Users/john.pacino/openflight_sessions/iwr6843/iwr6843_20260824_115239_835_022.l3dump,732812,8a39ab0c77f40ace5c8d05c4dd78a9e4d1d73edefaffa0fc54c4a38e4c9b02f6
2026-08-24,iwr_dump,openflight_trackman_sessions/sessions/2026-08-24/openflight/iwr6843/iwr6843_20260824_115302_698_023.l3dump,/Users/john.pacino/openflight_sessions/iwr6843/iwr6843_20260824_115302_698_023.l3dump,732812,57df4db34e1dd6bd89060adf5c712772d42034db99524e6f0220770c2fcea933
2026-08-24,iwr_dump,openflight_trackman_sessions/sessions/2026-08-24/openflight/iwr6843/iwr6843_20260824_115331_321_024.l3dump,/Users/john.pacino/openflight_sessions/iwr6843/iwr6843_20260824_115331_321_024.l3dump,732812,895a0641eff6b1306502327d9ad3a72526b827f0ee98080c3510137d3856b5e6
2026-08-24,iwr_dump,openflight_trackman_sessions/sessions/2026-08-24/openflight/iwr6843/iwr6843_20260824_115406_329_025.l3dump,/Users/john.pacino/openflight_sessions/iwr6843/iwr6843_20260824_115406_329_025.l3dump,732812,352ffd1575edfcbb907fb567bce36828fbb205a4b514432d16f90f5043b46c47
2026-08-24,iwr_dump,openflight_trackman_sessions/sessions/2026-08-24/openflight/iwr6843/iwr6843_20260824_115438_061_026.l3dump,/Users/john.pacino/openflight_sessions/iwr6843/iwr6843_20260824_115438_061_026.l3dump,732812,41c42c7da24cfbbd53cef20bb9682d3c4f145908feb05987f4c292cd92268f85
2026-08-24,iwr_dump,openflight_trackman_sessions/sessions/2026-08-24/openflight/iwr6843/iwr6843_20260824_115508_005_027.l3dump,/Users/john.pacino/openflight_sessions/iwr6843/iwr6843_20260824_115508_005_027.l3dump,732812,b39dca346d390e9f5c91a8816fedc48cc381825133937340b2f0b51e115269bf
2026-08-24,iwr_dump,openflight_trackman_sessions/sessions/2026-08-24/openflight/iwr6843/iwr6843_20260824_115540_522_028.l3dump,/Users/john.pacino/openflight_sessions/iwr6843/iwr6843_20260824_115540_522_028.l3dump,732812,4dc86f21444ab7ea5db25f787b66149d189f1e8801272dc516cdd19b1c5b922e
2026-08-24,iwr_dump,openflight_trackman_sessions/sessions/2026-08-24/openflight/iwr6843/iwr6843_20260824_115609_916_029.l3dump,/Users/john.pacino/openflight_sessions/iwr6843/iwr6843_20260824_115609_916_029.l3dump,732812,0d20b14e172aaf958f7bf0c6c574568e29a21e22c0bb0ddafc6ab1cc6d794230
2026-08-24,iwr_dump,openflight_trackman_sessions/sessions/2026-08-24/openflight/iwr6843/iwr6843_20260824_120408_601_001.l3dump,/Users/john.pacino/openflight_sessions/iwr6843/iwr6843_20260824_120408_601_001.l3dump,732812,aedda384c359020e0d84d32678a32fc165e691201943295c507388631ff7d2c3
2026-08-24,iwr_dump,openflight_trackman_sessions/sessions/2026-08-24/openflight/iwr6843/iwr6843_20260824_120539_800_002.l3dump,/Users/john.pacino/openflight_sessions/iwr6843/iwr6843_20260824_120539_800_002.l3dump,732812,b4402e39f0dbcaa4485d31a89ec5dd52213db53e22500dcf6a62cfdc6b4f11c2
2026-08-24,iwr_dump,openflight_trackman_sessions/sessions/2026-08-24/openflight/iwr6843/iwr6843_20260824_120615_852_003.l3dump,/Users/john.pacino/openflight_sessions/iwr6843/iwr6843_20260824_120615_852_003.l3dump,732812,71a1bb64385ef25f0ba2110436902a003b1f7ce33b02069e3f913ff92611f5a6
2026-08-24,iwr_dump,openflight_trackman_sessions/sessions/2026-08-24/openflight/iwr6843/iwr6843_20260824_120638_798_004.l3dump,/Users/john.pacino/openflight_sessions/iwr6843/iwr6843_20260824_120638_798_004.l3dump,732812,71b7cda5d3860ca0bc408b1f3c6c4d256497d94877a5b38437f6bdce2ed27a70
2026-08-24,iwr_dump,openflight_trackman_sessions/sessions/2026-08-24/openflight/iwr6843/iwr6843_20260824_120707_478_005.l3dump,/Users/john.pacino/openflight_sessions/iwr6843/iwr6843_20260824_120707_478_005.l3dump,732812,b69ff918d6e0ea84b93c8e9d22b80473e1839decadbc17284766cca8f572e16d
2026-08-24,iwr_dump,openflight_trackman_sessions/sessions/2026-08-24/openflight/iwr6843/iwr6843_20260824_120724_299_006.l3dump,/Users/john.pacino/openflight_sessions/iwr6843/iwr6843_20260824_120724_299_006.l3dump,732812,3268a00d93eb7f8607ba83d656837cd79fdaffd4fd96eabd3f2421085ede3442
2026-08-24,iwr_dump,openflight_trackman_sessions/sessions/2026-08-24/openflight/iwr6843/iwr6843_20260824_120746_889_007.l3dump,/Users/john.pacino/openflight_sessions/iwr6843/iwr6843_20260824_120746_889_007.l3dump,732812,8b71f264b109893650a80d242936c6b1e72ed92737383849968a28aa4fa1cadd
2026-08-24,iwr_dump,openflight_trackman_sessions/sessions/2026-08-24/openflight/iwr6843/iwr6843_20260824_120814_285_008.l3dump,/Users/john.pacino/openflight_sessions/iwr6843/iwr6843_20260824_120814_285_008.l3dump,732812,c518415b16152c001d4d700b4e24722a33efd41c53629667fa427de8b096ecb6
2026-08-24,iwr_dump,openflight_trackman_sessions/sessions/2026-08-24/openflight/iwr6843/iwr6843_20260824_120840_278_009.l3dump,/Users/john.pacino/openflight_sessions/iwr6843/iwr6843_20260824_120840_278_009.l3dump,732812,e075ee25db6784cb5669df414dd8d0e62bb335d0e3bbd29b9002653fe55685b7
2026-08-24,iwr_dump,openflight_trackman_sessions/sessions/2026-08-24/openflight/iwr6843/iwr6843_20260824_120913_402_010.l3dump,/Users/john.pacino/openflight_sessions/iwr6843/iwr6843_20260824_120913_402_010.l3dump,732812,8dc92856087779602c8b4f60de976d4f88522e23440142ea82ba8f1fddb88ab0
2026-08-24,iwr_dump,openflight_trackman_sessions/sessions/2026-08-24/openflight/iwr6843/iwr6843_20260824_120934_201_011.l3dump,/Users/john.pacino/openflight_sessions/iwr6843/iwr6843_20260824_120934_201_011.l3dump,732812,2d1022c226ea9be47886650731b7b30d6633fb8939898149f85f53e2c93d6a66
2026-08-24,iwr_dump,openflight_trackman_sessions/sessions/2026-08-24/openflight/iwr6843/iwr6843_20260824_120958_896_012.l3dump,/Users/john.pacino/openflight_sessions/iwr6843/iwr6843_20260824_120958_896_012.l3dump,732812,df4ce50ed9c98f17f00366160d2c8fa6a9d175a6a2c4f44a6f78d8ae34227974
2026-08-24,iwr_dump,openflight_trackman_sessions/sessions/2026-08-24/openflight/iwr6843/iwr6843_20260824_121024_299_013.l3dump,/Users/john.pacino/openflight_sessions/iwr6843/iwr6843_20260824_121024_299_013.l3dump,732812,20007581a4c46ad3d406a35725c865776ed9b7ac05e595a8175e11c0ca142432
2026-08-24,iwr_dump,openflight_trackman_sessions/sessions/2026-08-24/openflight/iwr6843/iwr6843_20260824_121049_233_014.l3dump,/Users/john.pacino/openflight_sessions/iwr6843/iwr6843_20260824_121049_233_014.l3dump,732812,827c21eca0d408dd3cc279606eac7bff0a9defbcdd8137e1c7c143b3d8945e61
2026-08-24,iwr_dump,openflight_trackman_sessions/sessions/2026-08-24/openflight/iwr6843/iwr6843_20260824_121116_485_015.l3dump,/Users/john.pacino/openflight_sessions/iwr6843/iwr6843_20260824_121116_485_015.l3dump,732812,002f548c5f0c4fbcd3e132117412b948ec1db26f708c8a95210e5902ffd4d700
2026-08-24,iwr_dump,openflight_trackman_sessions/sessions/2026-08-24/openflight/iwr6843/iwr6843_20260824_121144_793_016.l3dump,/Users/john.pacino/openflight_sessions/iwr6843/iwr6843_20260824_121144_793_016.l3dump,732812,8b75808d4baba33ba964402da0e534a929c9626659f0e6b7666ae11a0daec142
2026-08-24,iwr_dump,openflight_trackman_sessions/sessions/2026-08-24/openflight/iwr6843/iwr6843_20260824_121226_625_017.l3dump,/Users/john.pacino/openflight_sessions/iwr6843/iwr6843_20260824_121226_625_017.l3dump,732812,5d4f8435541205e911aeb993f7e2a228f42cf54ac19a73e9298fb14a68441975
2026-08-24,iwr_dump,openflight_trackman_sessions/sessions/2026-08-24/openflight/iwr6843/iwr6843_20260824_121250_800_018.l3dump,/Users/john.pacino/openflight_sessions/iwr6843/iwr6843_20260824_121250_800_018.l3dump,732812,c1fcdc289525ee7efe6344995796e39e1944d755bcba23ce94b60f01dc4d0809
2026-08-24,iwr_dump,openflight_trackman_sessions/sessions/2026-08-24/openflight/iwr6843/iwr6843_20260824_121317_498_019.l3dump,/Users/john.pacino/openflight_sessions/iwr6843/iwr6843_20260824_121317_498_019.l3dump,732812,d1040fb0ccc9aee87ede5e21e210e24210bbf60abc2c63e08351975d2a2523a6
2026-08-24,iwr_dump,openflight_trackman_sessions/sessions/2026-08-24/openflight/iwr6843/iwr6843_20260824_121350_078_020.l3dump,/Users/john.pacino/openflight_sessions/iwr6843/iwr6843_20260824_121350_078_020.l3dump,732812,7b2bce3e9a6403514f888ccc00ad8a2dd743c486c8f5a4f5311055b908d02870
2026-08-24,iwr_dump,openflight_trackman_sessions/sessions/2026-08-24/openflight/iwr6843/iwr6843_20260824_121425_990_021.l3dump,/Users/john.pacino/openflight_sessions/iwr6843/iwr6843_20260824_121425_990_021.l3dump,732812,701afc78f1c3afe49d8a02d21a3ef0cab8643926ba2e173e445ed9af70843446
2026-08-24,iwr_dump,openflight_trackman_sessions/sessions/2026-08-24/openflight/iwr6843/iwr6843_20260824_121452_248_022.l3dump,/Users/john.pacino/openflight_sessions/iwr6843/iwr6843_20260824_121452_248_022.l3dump,732812,4f9be5aeac53f9a1032dc45e40ec1bf06cb1448e974a21fcacf0b37de45b9eab
2026-08-24,iwr_dump,openflight_trackman_sessions/sessions/2026-08-24/openflight/iwr6843/iwr6843_20260824_121518_833_023.l3dump,/Users/john.pacino/openflight_sessions/iwr6843/iwr6843_20260824_121518_833_023.l3dump,732812,2362c8590376ad66e61dce9446ea15fa93cfefebae5f358da19b429b6ed51cdc
2026-08-24,iwr_dump,openflight_trackman_sessions/sessions/2026-08-24/openflight/iwr6843/iwr6843_20260824_121543_505_024.l3dump,/Users/john.pacino/openflight_sessions/iwr6843/iwr6843_20260824_121543_505_024.l3dump,732812,f49ce0f4c2c97d9556eaac6818e0c30e1a776e59f279b76ad28e1f989b3d75a2
2026-08-24,iwr_dump,openflight_trackman_sessions/sessions/2026-08-24/openflight/iwr6843/iwr6843_20260824_121610_806_025.l3dump,/Users/john.pacino/openflight_sessions/iwr6843/iwr6843_20260824_121610_806_025.l3dump,732812,73d0a043970704313da32e23788be26f33e0b0ab4cdb648234d8bf4bc2934243
2026-08-24,iwr_dump,openflight_trackman_sessions/sessions/2026-08-24/openflight/iwr6843/iwr6843_20260824_121634_869_026.l3dump,/Users/john.pacino/openflight_sessions/iwr6843/iwr6843_20260824_121634_869_026.l3dump,732812,a211ae853bceacfa7bd0baa9b2b9294cfa98a586d5bb1f5fd98471050e3a067b
2026-08-24,iwr_dump,openflight_trackman_sessions/sessions/2026-08-24/openflight/iwr6843/iwr6843_20260824_121700_622_027.l3dump,/Users/john.pacino/openflight_sessions/iwr6843/iwr6843_20260824_121700_622_027.l3dump,732812,84d5936523e059e9c6c2f7409cd8992541f1e5d2baae89a9bfeca60037b93c6b
2026-08-24,iwr_dump,openflight_trackman_sessions/sessions/2026-08-24/openflight/iwr6843/iwr6843_20260824_121728_185_028.l3dump,/Users/john.pacino/openflight_sessions/iwr6843/iwr6843_20260824_121728_185_028.l3dump,732812,3e7913bebe1f8ba6052ebad8e334002db9016e74575c673ad9017e10ac906de8
2026-08-24,iwr_dump,openflight_trackman_sessions/sessions/2026-08-24/openflight/iwr6843/iwr6843_20260824_121752_363_029.l3dump,/Users/john.pacino/openflight_sessions/iwr6843/iwr6843_20260824_121752_363_029.l3dump,732812,16c9894282afa5744abab7b4374a89c3ea26cdd2ab7406a56e0d8693b138e4b2
2026-08-24,iwr_dump,openflight_trackman_sessions/sessions/2026-08-24/openflight/iwr6843/iwr6843_20260824_121817_864_030.l3dump,/Users/john.pacino/openflight_sessions/iwr6843/iwr6843_20260824_121817_864_030.l3dump,732812,80886d1138557964a13f44d2005e556e78216179e90d503e3ca748eb984e85c6
2026-08-24,iwr_dump,openflight_trackman_sessions/sessions/2026-08-24/openflight/iwr6843/iwr6843_20260824_121837_765_031.l3dump,/Users/john.pacino/openflight_sessions/iwr6843/iwr6843_20260824_121837_765_031.l3dump,732812,915f206e104eab6787814c10dbacf136d2517e224a1cdb846cafb0f02f2f61fe
2026-08-24,iwr_dump,openflight_trackman_sessions/sessions/2026-08-24/openflight/iwr6843/iwr6843_20260824_122030_056_001.l3dump,/Users/john.pacino/openflight_sessions/iwr6843/iwr6843_20260824_122030_056_001.l3dump,732812,ec1d934854aec383db32c658bae9354ca7b1f8f61be01bb974624ac5d4d6afd3
2026-08-24,iwr_dump,openflight_trackman_sessions/sessions/2026-08-24/openflight/iwr6843/iwr6843_20260824_122048_417_002.l3dump,/Users/john.pacino/openflight_sessions/iwr6843/iwr6843_20260824_122048_417_002.l3dump,732812,dfc8ea7a1cf1312cf6cad35e0c27c8a215fc0ba8019a793a9b8e6d171f4b4ffe
2026-08-24,iwr_dump,openflight_trackman_sessions/sessions/2026-08-24/openflight/iwr6843/iwr6843_20260824_122118_819_003.l3dump,/Users/john.pacino/openflight_sessions/iwr6843/iwr6843_20260824_122118_819_003.l3dump,732812,9cf85d1d811e7860ae9d65ae3124d860e9d4f5b9b9604c5c49ba4a20de58e8b5
2026-08-24,iwr_dump,openflight_trackman_sessions/sessions/2026-08-24/openflight/iwr6843/iwr6843_20260824_122142_347_004.l3dump,/Users/john.pacino/openflight_sessions/iwr6843/iwr6843_20260824_122142_347_004.l3dump,732812,6253163a4ad66a0097f8cf0b8b172736fe90dce20a68f4d60ffbd8d27c3dab6b
2026-08-24,iwr_dump,openflight_trackman_sessions/sessions/2026-08-24/openflight/iwr6843/iwr6843_20260824_122204_491_005.l3dump,/Users/john.pacino/openflight_sessions/iwr6843/iwr6843_20260824_122204_491_005.l3dump,732812,01b24afe4bc7f11640c08bd76dd79abcb7d4ad6197e77a71ddffd6be5649dbd9
2026-08-24,iwr_dump,openflight_trackman_sessions/sessions/2026-08-24/openflight/iwr6843/iwr6843_20260824_122226_693_006.l3dump,/Users/john.pacino/openflight_sessions/iwr6843/iwr6843_20260824_122226_693_006.l3dump,732812,65a0570c2cd18164bdb76148182dd19c9d9db51fbeac00888959f1e6d9b6bf2a
2026-08-24,iwr_dump,openflight_trackman_sessions/sessions/2026-08-24/openflight/iwr6843/iwr6843_20260824_122248_630_007.l3dump,/Users/john.pacino/openflight_sessions/iwr6843/iwr6843_20260824_122248_630_007.l3dump,732812,df79ab0fba5415d80478566f3f8e386750bcd4768a71c83dfc371a01b0b6840f
2026-08-24,iwr_dump,openflight_trackman_sessions/sessions/2026-08-24/openflight/iwr6843/iwr6843_20260824_122331_678_008.l3dump,/Users/john.pacino/openflight_sessions/iwr6843/iwr6843_20260824_122331_678_008.l3dump,732812,59afa84c7cd0f3c323101f6a1ed95ce6e66070b53c4ce78a60b93cd318862093
2026-08-24,iwr_dump,openflight_trackman_sessions/sessions/2026-08-24/openflight/iwr6843/iwr6843_20260824_122355_561_009.l3dump,/Users/john.pacino/openflight_sessions/iwr6843/iwr6843_20260824_122355_561_009.l3dump,732812,9c494a6ec54fede4dc5b1410b18861cdbcc329b174a8fa338e2857fe4a35962b
2026-08-24,iwr_dump,openflight_trackman_sessions/sessions/2026-08-24/openflight/iwr6843/iwr6843_20260824_122418_415_010.l3dump,/Users/john.pacino/openflight_sessions/iwr6843/iwr6843_20260824_122418_415_010.l3dump,732812,8ef5cc06e7a1b2c61d5d7db4648e78cf10e4806eb3aa978b42a12ecb9c5ff87d
2026-08-24,iwr_dump,openflight_trackman_sessions/sessions/2026-08-24/openflight/iwr6843/iwr6843_20260824_122441_407_011.l3dump,/Users/john.pacino/openflight_sessions/iwr6843/iwr6843_20260824_122441_407_011.l3dump,732812,e62cea5e191e54b8bb5bfbed5984416cffd5146b8e2633d4698e45e5eeec917f
2026-08-24,iwr_dump,openflight_trackman_sessions/sessions/2026-08-24/openflight/iwr6843/iwr6843_20260824_122458_698_012.l3dump,/Users/john.pacino/openflight_sessions/iwr6843/iwr6843_20260824_122458_698_012.l3dump,732812,ecabcbc7dd5b07ba39aae83e7d625b36415bb768da052fcd17e8a731af1e49c7
2026-08-24,iwr_dump,openflight_trackman_sessions/sessions/2026-08-24/openflight/iwr6843/iwr6843_20260824_122529_011_013.l3dump,/Users/john.pacino/openflight_sessions/iwr6843/iwr6843_20260824_122529_011_013.l3dump,732812,98a42f99b684c8f7512e68f986ff0eac3bc9c108656e73d9aa473b51f8f34781
2026-08-24,iwr_dump,openflight_trackman_sessions/sessions/2026-08-24/openflight/iwr6843/iwr6843_20260824_122658_231_014.l3dump,/Users/john.pacino/openflight_sessions/iwr6843/iwr6843_20260824_122658_231_014.l3dump,732812,923f79f438f94413e68c232362898eef38bac1b3be3e28cbebf35a1518c5f2d8
2026-08-24,iwr_dump,openflight_trackman_sessions/sessions/2026-08-24/openflight/iwr6843/iwr6843_20260824_122731_235_015.l3dump,/Users/john.pacino/openflight_sessions/iwr6843/iwr6843_20260824_122731_235_015.l3dump,732812,62dd60dc1fe2d751408ada4f9082c049ff1195b89b06926216f3e64daf73d42e
2026-08-24,iwr_dump,openflight_trackman_sessions/sessions/2026-08-24/openflight/iwr6843/iwr6843_20260824_122810_230_016.l3dump,/Users/john.pacino/openflight_sessions/iwr6843/iwr6843_20260824_122810_230_016.l3dump,732812,42aa39af067b826fa4f1181610c4d42ce898ee7a61cf52f768b81a94ead6601a
2026-08-24,iwr_dump,openflight_trackman_sessions/sessions/2026-08-24/openflight/iwr6843/iwr6843_20260824_122841_611_017.l3dump,/Users/john.pacino/openflight_sessions/iwr6843/iwr6843_20260824_122841_611_017.l3dump,732812,0e0b33da237288234d72b56c19095573df1e2f72ba3226f03260a86f3cafd4e8
2026-08-24,iwr_dump,openflight_trackman_sessions/sessions/2026-08-24/openflight/iwr6843/iwr6843_20260824_122916_845_018.l3dump,/Users/john.pacino/openflight_sessions/iwr6843/iwr6843_20260824_122916_845_018.l3dump,732812,cf4efcc5ef47bb4b08bc6fc21ab4d914fa43c28c2681ee59b33dd07dbd5337fe
2026-08-24,iwr_dump,openflight_trackman_sessions/sessions/2026-08-24/openflight/iwr6843/iwr6843_20260824_122953_432_019.l3dump,/Users/john.pacino/openflight_sessions/iwr6843/iwr6843_20260824_122953_432_019.l3dump,732812,c4514fb40c3a09fa4c3d8434595c2264afc1dc16711a301159d59dc8a9decfaa
2026-08-24,iwr_dump,openflight_trackman_sessions/sessions/2026-08-24/openflight/iwr6843/iwr6843_20260824_123025_035_020.l3dump,/Users/john.pacino/openflight_sessions/iwr6843/iwr6843_20260824_123025_035_020.l3dump,732812,c688c2478b70baeed0e938be3866a665aad319e7643e791bf4439a0745a17dd7
2026-08-24,iwr_dump,openflight_trackman_sessions/sessions/2026-08-24/openflight/iwr6843/iwr6843_20260824_123100_201_021.l3dump,/Users/john.pacino/openflight_sessions/iwr6843/iwr6843_20260824_123100_201_021.l3dump,732812,5dfd349cdf17b91662ed31a309622a42f6a45eb1d536ca789bb63707078daff5
2026-08-24,iwr_dump,openflight_trackman_sessions/sessions/2026-08-24/openflight/iwr6843/iwr6843_20260824_123121_381_022.l3dump,/Users/john.pacino/openflight_sessions/iwr6843/iwr6843_20260824_123121_381_022.l3dump,732812,5738083fa7bd5a02de01dd5a0a864222784c9f9e49f1c8ab60ddd8cbd49a6ac1
2026-08-24,iwr_dump,openflight_trackman_sessions/sessions/2026-08-24/openflight/iwr6843/iwr6843_20260824_123155_558_023.l3dump,/Users/john.pacino/openflight_sessions/iwr6843/iwr6843_20260824_123155_558_023.l3dump,732812,6406c4340fec38bb7d9799c56a550f6066a03874a45a1ae515f4285a9de3b584
2026-08-24,iwr_dump,openflight_trackman_sessions/sessions/2026-08-24/openflight/iwr6843/iwr6843_20260824_123401_365_025.l3dump,/Users/john.pacino/openflight_sessions/iwr6843/iwr6843_20260824_123401_365_025.l3dump,732812,3b17082fb7c32d4cb081aeb62f24a81d7533df5fd23cfbc28b95377523022d0d
2026-08-24,iwr_dump,openflight_trackman_sessions/sessions/2026-08-24/openflight/iwr6843/iwr6843_20260824_123439_993_026.l3dump,/Users/john.pacino/openflight_sessions/iwr6843/iwr6843_20260824_123439_993_026.l3dump,732812,9f9f03917fa5278a24ea213b1d7a505b7f170c10438680ec939a4ec6d5a06471
2026-08-24,iwr_dump,openflight_trackman_sessions/sessions/2026-08-24/openflight/iwr6843/iwr6843_20260824_123514_365_027.l3dump,/Users/john.pacino/openflight_sessions/iwr6843/iwr6843_20260824_123514_365_027.l3dump,732812,2647a4e26f86cd830ecd5713d447cdaaad9209b8d1deffe4943e1d928ec81ed5
2026-08-24,iwr_dump,openflight_trackman_sessions/sessions/2026-08-24/openflight/iwr6843/iwr6843_20260824_123535_746_028.l3dump,/Users/john.pacino/openflight_sessions/iwr6843/iwr6843_20260824_123535_746_028.l3dump,732812,4fc92c11baf217a95ccbe9c5670e64cbf41db2a601294c8e35ebb3eee6fe7fe7
2026-08-24,iwr_dump,openflight_trackman_sessions/sessions/2026-08-24/openflight/iwr6843/iwr6843_20260824_123556_774_029.l3dump,/Users/john.pacino/openflight_sessions/iwr6843/iwr6843_20260824_123556_774_029.l3dump,732812,15c41a2126bad401ed46935af44fbfe4e1c25121aac4bc5cf467ecbcca644ed2
2026-08-24,iwr_dump,openflight_trackman_sessions/sessions/2026-08-24/openflight/iwr6843/iwr6843_20260824_123627_243_030.l3dump,/Users/john.pacino/openflight_sessions/iwr6843/iwr6843_20260824_123627_243_030.l3dump,732812,4aa513eae3e74c2f31fd0319a4038aec9fd2b32a35abb902f7ec473bc779989b
2026-08-24,iwr_dump,openflight_trackman_sessions/sessions/2026-08-24/openflight/iwr6843/iwr6843_20260824_123655_687_031.l3dump,/Users/john.pacino/openflight_sessions/iwr6843/iwr6843_20260824_123655_687_031.l3dump,732812,136b023b46fb41afaca88fa23fc0eaa29581d85e50e2b441a59a81d11df7acf7
2026-08-24,iwr_dump,openflight_trackman_sessions/sessions/2026-08-24/openflight/iwr6843/iwr6843_20260824_123728_441_032.l3dump,/Users/john.pacino/openflight_sessions/iwr6843/iwr6843_20260824_123728_441_032.l3dump,732812,e3f6b53b31678fdf47c986f73b4d6d99841f615c61c30b6318395eb756fa2337
2026-08-24,iwr_dump,openflight_trackman_sessions/sessions/2026-08-24/openflight/iwr6843/iwr6843_20260824_123758_233_033.l3dump,/Users/john.pacino/openflight_sessions/iwr6843/iwr6843_20260824_123758_233_033.l3dump,732812,46a81fb36759e98dd5324d2edb7e529e4313cb8581df27babfc832bef74afd8c
2026-08-24,iwr_dump,openflight_trackman_sessions/sessions/2026-08-24/openflight/iwr6843/iwr6843_20260824_123830_182_034.l3dump,/Users/john.pacino/openflight_sessions/iwr6843/iwr6843_20260824_123830_182_034.l3dump,732812,d86772a78e0f68d4f3db498a796c811b738347640e85df80591379233d024d29
2026-08-24,iwr_dump,openflight_trackman_sessions/sessions/2026-08-24/openflight/iwr6843/iwr6843_20260824_123859_327_035.l3dump,/Users/john.pacino/openflight_sessions/iwr6843/iwr6843_20260824_123859_327_035.l3dump,732812,208d1707af24bfe3944c5b2f2cd1087a5f1058792077deb8e42d47959081dde5
2026-08-24,iwr_dump,openflight_trackman_sessions/sessions/2026-08-24/openflight/iwr6843/iwr6843_20260824_123927_477_036.l3dump,/Users/john.pacino/openflight_sessions/iwr6843/iwr6843_20260824_123927_477_036.l3dump,732812,2dcc3dee574f3a68501d21a9b2a40724d00991517c71912cc38a93c022173e9e
2026-08-24,iwr_dump,openflight_trackman_sessions/sessions/2026-08-24/openflight/iwr6843/iwr6843_20260824_123950_874_037.l3dump,/Users/john.pacino/openflight_sessions/iwr6843/iwr6843_20260824_123950_874_037.l3dump,732812,0b3596d543d66e154f11adbfaf674ba1c2abc26aa58c516d67f52def91b83948
2026-08-24,iwr_dump,openflight_trackman_sessions/sessions/2026-08-24/openflight/iwr6843/iwr6843_20260824_124024_181_038.l3dump,/Users/john.pacino/openflight_sessions/iwr6843/iwr6843_20260824_124024_181_038.l3dump,732812,a0f71f654ffc79143b714c95a17a5f2eb9a5b57ca9213e1fca0e629a92028787
2026-08-24,iwr_dump,openflight_trackman_sessions/sessions/2026-08-24/openflight/iwr6843/iwr6843_20260824_124054_128_039.l3dump,/Users/john.pacino/openflight_sessions/iwr6843/iwr6843_20260824_124054_128_039.l3dump,732812,02cd0cc08e206af796d80f407a60bfbbc704da05057507b8fe4ce688ea4a0abf
2026-08-24,iwr_dump,openflight_trackman_sessions/sessions/2026-08-24/openflight/iwr6843/iwr6843_20260824_124123_978_040.l3dump,/Users/john.pacino/openflight_sessions/iwr6843/iwr6843_20260824_124123_978_040.l3dump,732812,6f6681053a69ce7a077dd89dfd802edf998c9eca97887a52cf8a19cfab231f6f
2026-08-24,iwr_dump,openflight_trackman_sessions/sessions/2026-08-24/openflight/iwr6843/iwr6843_20260824_124155_931_041.l3dump,/Users/john.pacino/openflight_sessions/iwr6843/iwr6843_20260824_124155_931_041.l3dump,732812,7f6515919192fe43102fc8fd73658f104e664ed2c8c88cc4b2559537b45c71e8
2026-08-24,session_log,openflight_trackman_sessions/sessions/2026-08-24/openflight/session_logs/session_20260824_104617_trackman.jsonl,/Users/john.pacino/openflight_sessions/session_20260824_104617_trackman.jsonl,142085,d0ce23ca8f8a07115a8024d6647776058cf5bba8b895961119a255f9f8c1583f
2026-08-24,session_log,openflight_trackman_sessions/sessions/2026-08-24/openflight/session_logs/session_20260824_110351_trackman.jsonl,/Users/john.pacino/openflight_sessions/session_20260824_110351_trackman.jsonl,248173,e752c2aab89dce435670d7e3e02d95b09f9e538933b33e44905fc76f427fb93a
2026-08-24,session_log,openflight_trackman_sessions/sessions/2026-08-24/openflight/session_logs/session_20260824_111222_trackman.jsonl,/Users/john.pacino/openflight_sessions/session_20260824_111222_trackman.jsonl,1574404,9a2a36bf1546b81a4e25b2b04ec07094acb6038a3ec1482e48143ce941354797
2026-08-24,session_log,openflight_trackman_sessions/sessions/2026-08-24/openflight/session_logs/session_20260824_120337_trackman.jsonl,/Users/john.pacino/openflight_sessions/session_20260824_120337_trackman.jsonl,1967597,54a4dc1fc2fca69c06b2bc5dcb324e060a791024d7059f1b83fc303038b5d465
2026-08-24,session_log,openflight_trackman_sessions/sessions/2026-08-24/openflight/session_logs/session_20260824_121914_trackman.jsonl,/Users/john.pacino/openflight_sessions/session_20260824_121914_trackman.jsonl,2521326,0bbd79c53adaa8dbdf8dc9c65105d9fc37725068261ac872a0e4516d4c2512c2
2026-08-24,terminal_log,openflight_trackman_sessions/sessions/2026-08-24/openflight/terminal_logs/kiosk_20260824_104604.log,/Users/john.pacino/openflight_sessions/terminal_logs/kiosk_20260824_104604.log,25713,6a77039b50cabc783d54cb980d05173e2e97dbba46bac477c4888d9c1c99e2f7
2026-08-24,terminal_log,openflight_trackman_sessions/sessions/2026-08-24/openflight/terminal_logs/kiosk_20260824_110340.log,/Users/john.pacino/openflight_sessions/terminal_logs/kiosk_20260824_110340.log,36632,15b7f1e1fff714eeb7128d550720aad1812409a10c37c31cae6ed7045ef75fa2
2026-08-24,terminal_log,openflight_trackman_sessions/sessions/2026-08-24/openflight/terminal_logs/kiosk_20260824_111211.log,/Users/john.pacino/openflight_sessions/terminal_logs/kiosk_20260824_111211.log,162224,dba839af2c5710e21ebfece97cc6fd9b7fdf890de80c37515f8a17b2494c41d6
2026-08-24,terminal_log,openflight_trackman_sessions/sessions/2026-08-24/openflight/terminal_logs/kiosk_20260824_120326.log,/Users/john.pacino/openflight_sessions/terminal_logs/kiosk_20260824_120326.log,162286,49d4663ab05bbf6ca1acc38b320f794a47cd84cb8a803557b9ab36a6d2ad6199
2026-08-24,terminal_log,openflight_trackman_sessions/sessions/2026-08-24/openflight/terminal_logs/kiosk_20260824_121905.log,/Users/john.pacino/openflight_sessions/terminal_logs/kiosk_20260824_121905.log,210078,838130e0d4d976f89e23fb91525ff369d0b0af63748b1569968cc39cb542394a
2026-08-24,trackman_source,openflight_trackman_sessions/sessions/2026-08-24/trackman/trackman_activity_08862338-ca9f-f111-9edb-83ad45319c98.json,/Users/john.pacino/openflight_sessions/trackman/20260824/trackman_activity_08862338-ca9f-f111-9edb-83ad45319c98.json,622661,35c8867654394b45bdeed6206be061c87b829c221a329afde132aca007e596ca
