artifact_type,bytes,modified_utc,relative_path,absolute_path
iwr_dump,332036,2026-08-09T13:01:47+00:00,iwr6843/iwr6843_20260809_090144_337_002.l3dump,/Users/john.pacino/openflight_sessions/iwr6843/iwr6843_20260809_090144_337_002.l3dump
iwr_dump,332036,2026-08-09T13:02:01+00:00,iwr6843/iwr6843_20260809_090158_244_003.l3dump,/Users/john.pacino/openflight_sessions/iwr6843/iwr6843_20260809_090158_244_003.l3dump
iwr_dump,332036,2026-08-09T14:38:55+00:00,iwr6843/iwr6843_20260809_103852_642_001.l3dump,/Users/john.pacino/openflight_sessions/iwr6843/iwr6843_20260809_103852_642_001.l3dump
iwr_dump,332036,2026-08-09T14:39:43+00:00,iwr6843/iwr6843_20260809_103940_737_002.l3dump,/Users/john.pacino/openflight_sessions/iwr6843/iwr6843_20260809_103940_737_002.l3dump
iwr_dump,332036,2026-08-09T14:40:45+00:00,iwr6843/iwr6843_20260809_104041_799_003.l3dump,/Users/john.pacino/openflight_sessions/iwr6843/iwr6843_20260809_104041_799_003.l3dump
iwr_dump,332036,2026-08-09T14:40:59+00:00,iwr6843/iwr6843_20260809_104056_141_004.l3dump,/Users/john.pacino/openflight_sessions/iwr6843/iwr6843_20260809_104056_141_004.l3dump
iwr_dump,332036,2026-08-09T14:41:24+00:00,iwr6843/iwr6843_20260809_104120_777_005.l3dump,/Users/john.pacino/openflight_sessions/iwr6843/iwr6843_20260809_104120_777_005.l3dump
iwr_dump,332036,2026-08-09T14:41:42+00:00,iwr6843/iwr6843_20260809_104139_745_006.l3dump,/Users/john.pacino/openflight_sessions/iwr6843/iwr6843_20260809_104139_745_006.l3dump
iwr_dump,332036,2026-08-09T14:42:07+00:00,iwr6843/iwr6843_20260809_104204_001_007.l3dump,/Users/john.pacino/openflight_sessions/iwr6843/iwr6843_20260809_104204_001_007.l3dump
iwr_dump,332036,2026-08-09T14:42:32+00:00,iwr6843/iwr6843_20260809_104229_232_008.l3dump,/Users/john.pacino/openflight_sessions/iwr6843/iwr6843_20260809_104229_232_008.l3dump
iwr_dump,332036,2026-08-09T14:42:53+00:00,iwr6843/iwr6843_20260809_104250_675_009.l3dump,/Users/john.pacino/openflight_sessions/iwr6843/iwr6843_20260809_104250_675_009.l3dump
iwr_dump,332036,2026-08-09T14:43:13+00:00,iwr6843/iwr6843_20260809_104310_730_010.l3dump,/Users/john.pacino/openflight_sessions/iwr6843/iwr6843_20260809_104310_730_010.l3dump
iwr_dump,332036,2026-08-09T14:43:38+00:00,iwr6843/iwr6843_20260809_104334_921_011.l3dump,/Users/john.pacino/openflight_sessions/iwr6843/iwr6843_20260809_104334_921_011.l3dump
iwr_dump,332036,2026-08-09T14:52:09+00:00,iwr6843/iwr6843_20260809_105206_252_001.l3dump,/Users/john.pacino/openflight_sessions/iwr6843/iwr6843_20260809_105206_252_001.l3dump
iwr_dump,332036,2026-08-09T14:53:02+00:00,iwr6843/iwr6843_20260809_105259_654_003.l3dump,/Users/john.pacino/openflight_sessions/iwr6843/iwr6843_20260809_105259_654_003.l3dump
iwr_dump,332036,2026-08-09T14:53:20+00:00,iwr6843/iwr6843_20260809_105317_669_004.l3dump,/Users/john.pacino/openflight_sessions/iwr6843/iwr6843_20260809_105317_669_004.l3dump
iwr_dump,332036,2026-08-09T14:57:26+00:00,iwr6843/iwr6843_20260809_105723_005_001.l3dump,/Users/john.pacino/openflight_sessions/iwr6843/iwr6843_20260809_105723_005_001.l3dump
iwr_dump,332036,2026-08-09T14:57:48+00:00,iwr6843/iwr6843_20260809_105745_377_002.l3dump,/Users/john.pacino/openflight_sessions/iwr6843/iwr6843_20260809_105745_377_002.l3dump
iwr_dump,332036,2026-08-09T14:58:10+00:00,iwr6843/iwr6843_20260809_105806_912_003.l3dump,/Users/john.pacino/openflight_sessions/iwr6843/iwr6843_20260809_105806_912_003.l3dump
iwr_dump,332036,2026-08-09T15:02:06+00:00,iwr6843/iwr6843_20260809_110203_483_004.l3dump,/Users/john.pacino/openflight_sessions/iwr6843/iwr6843_20260809_110203_483_004.l3dump
iwr_dump,332036,2026-08-09T15:02:20+00:00,iwr6843/iwr6843_20260809_110216_790_005.l3dump,/Users/john.pacino/openflight_sessions/iwr6843/iwr6843_20260809_110216_790_005.l3dump
iwr_dump,332036,2026-08-09T15:02:42+00:00,iwr6843/iwr6843_20260809_110238_956_006.l3dump,/Users/john.pacino/openflight_sessions/iwr6843/iwr6843_20260809_110238_956_006.l3dump
iwr_dump,332036,2026-08-09T15:02:55+00:00,iwr6843/iwr6843_20260809_110251_829_007.l3dump,/Users/john.pacino/openflight_sessions/iwr6843/iwr6843_20260809_110251_829_007.l3dump
iwr_dump,332036,2026-08-09T15:03:15+00:00,iwr6843/iwr6843_20260809_110312_094_008.l3dump,/Users/john.pacino/openflight_sessions/iwr6843/iwr6843_20260809_110312_094_008.l3dump
iwr_dump,332036,2026-08-09T15:03:27+00:00,iwr6843/iwr6843_20260809_110324_313_009.l3dump,/Users/john.pacino/openflight_sessions/iwr6843/iwr6843_20260809_110324_313_009.l3dump
iwr_dump,332036,2026-08-09T15:03:41+00:00,iwr6843/iwr6843_20260809_110338_659_010.l3dump,/Users/john.pacino/openflight_sessions/iwr6843/iwr6843_20260809_110338_659_010.l3dump
iwr_dump,332036,2026-08-09T15:03:59+00:00,iwr6843/iwr6843_20260809_110356_324_011.l3dump,/Users/john.pacino/openflight_sessions/iwr6843/iwr6843_20260809_110356_324_011.l3dump
iwr_dump,332036,2026-08-09T15:04:19+00:00,iwr6843/iwr6843_20260809_110416_300_012.l3dump,/Users/john.pacino/openflight_sessions/iwr6843/iwr6843_20260809_110416_300_012.l3dump
iwr_dump,332036,2026-08-09T15:04:34+00:00,iwr6843/iwr6843_20260809_110430_952_013.l3dump,/Users/john.pacino/openflight_sessions/iwr6843/iwr6843_20260809_110430_952_013.l3dump
iwr_dump,332036,2026-08-09T15:04:55+00:00,iwr6843/iwr6843_20260809_110451_906_014.l3dump,/Users/john.pacino/openflight_sessions/iwr6843/iwr6843_20260809_110451_906_014.l3dump
iwr_dump,332036,2026-08-09T15:05:08+00:00,iwr6843/iwr6843_20260809_110504_888_015.l3dump,/Users/john.pacino/openflight_sessions/iwr6843/iwr6843_20260809_110504_888_015.l3dump
iwr_dump,332036,2026-08-09T15:13:08+00:00,iwr6843/iwr6843_20260809_111304_873_001.l3dump,/Users/john.pacino/openflight_sessions/iwr6843/iwr6843_20260809_111304_873_001.l3dump
iwr_dump,332036,2026-08-09T15:13:40+00:00,iwr6843/iwr6843_20260809_111337_707_002.l3dump,/Users/john.pacino/openflight_sessions/iwr6843/iwr6843_20260809_111337_707_002.l3dump
iwr_dump,332036,2026-08-09T15:14:05+00:00,iwr6843/iwr6843_20260809_111402_385_003.l3dump,/Users/john.pacino/openflight_sessions/iwr6843/iwr6843_20260809_111402_385_003.l3dump
iwr_dump,332036,2026-08-09T15:14:36+00:00,iwr6843/iwr6843_20260809_111432_771_004.l3dump,/Users/john.pacino/openflight_sessions/iwr6843/iwr6843_20260809_111432_771_004.l3dump
iwr_dump,332036,2026-08-09T15:14:49+00:00,iwr6843/iwr6843_20260809_111446_022_005.l3dump,/Users/john.pacino/openflight_sessions/iwr6843/iwr6843_20260809_111446_022_005.l3dump
iwr_dump,332036,2026-08-09T15:15:09+00:00,iwr6843/iwr6843_20260809_111506_120_006.l3dump,/Users/john.pacino/openflight_sessions/iwr6843/iwr6843_20260809_111506_120_006.l3dump
iwr_dump,332036,2026-08-09T15:15:23+00:00,iwr6843/iwr6843_20260809_111520_310_007.l3dump,/Users/john.pacino/openflight_sessions/iwr6843/iwr6843_20260809_111520_310_007.l3dump
iwr_dump,332036,2026-08-09T15:15:39+00:00,iwr6843/iwr6843_20260809_111536_008_008.l3dump,/Users/john.pacino/openflight_sessions/iwr6843/iwr6843_20260809_111536_008_008.l3dump
iwr_dump,332036,2026-08-09T15:15:54+00:00,iwr6843/iwr6843_20260809_111551_296_009.l3dump,/Users/john.pacino/openflight_sessions/iwr6843/iwr6843_20260809_111551_296_009.l3dump
iwr_dump,332036,2026-08-09T15:16:13+00:00,iwr6843/iwr6843_20260809_111610_198_010.l3dump,/Users/john.pacino/openflight_sessions/iwr6843/iwr6843_20260809_111610_198_010.l3dump
iwr_dump,332036,2026-08-09T15:16:27+00:00,iwr6843/iwr6843_20260809_111623_837_011.l3dump,/Users/john.pacino/openflight_sessions/iwr6843/iwr6843_20260809_111623_837_011.l3dump
iwr_dump,332036,2026-08-09T15:16:47+00:00,iwr6843/iwr6843_20260809_111644_633_012.l3dump,/Users/john.pacino/openflight_sessions/iwr6843/iwr6843_20260809_111644_633_012.l3dump
iwr_dump,332036,2026-08-09T15:17:03+00:00,iwr6843/iwr6843_20260809_111659_763_013.l3dump,/Users/john.pacino/openflight_sessions/iwr6843/iwr6843_20260809_111659_763_013.l3dump
iwr_dump,732812,2026-08-09T15:19:33+00:00,iwr6843/iwr6843_20260809_111926_148_001.l3dump,/Users/john.pacino/openflight_sessions/iwr6843/iwr6843_20260809_111926_148_001.l3dump
iwr_dump,732812,2026-08-09T15:19:55+00:00,iwr6843/iwr6843_20260809_111948_007_002.l3dump,/Users/john.pacino/openflight_sessions/iwr6843/iwr6843_20260809_111948_007_002.l3dump
iwr_dump,732812,2026-08-09T15:20:33+00:00,iwr6843/iwr6843_20260809_112026_790_003.l3dump,/Users/john.pacino/openflight_sessions/iwr6843/iwr6843_20260809_112026_790_003.l3dump
iwr_dump,732812,2026-08-09T15:21:14+00:00,iwr6843/iwr6843_20260809_112107_663_004.l3dump,/Users/john.pacino/openflight_sessions/iwr6843/iwr6843_20260809_112107_663_004.l3dump
iwr_dump,732812,2026-08-09T15:22:29+00:00,iwr6843/iwr6843_20260809_112222_669_005.l3dump,/Users/john.pacino/openflight_sessions/iwr6843/iwr6843_20260809_112222_669_005.l3dump
iwr_dump,732812,2026-08-09T15:23:09+00:00,iwr6843/iwr6843_20260809_112302_270_006.l3dump,/Users/john.pacino/openflight_sessions/iwr6843/iwr6843_20260809_112302_270_006.l3dump
iwr_dump,732812,2026-08-09T15:23:27+00:00,iwr6843/iwr6843_20260809_112320_901_007.l3dump,/Users/john.pacino/openflight_sessions/iwr6843/iwr6843_20260809_112320_901_007.l3dump
iwr_dump,732812,2026-08-09T15:23:52+00:00,iwr6843/iwr6843_20260809_112345_386_008.l3dump,/Users/john.pacino/openflight_sessions/iwr6843/iwr6843_20260809_112345_386_008.l3dump
iwr_dump,732812,2026-08-09T15:24:17+00:00,iwr6843/iwr6843_20260809_112410_572_009.l3dump,/Users/john.pacino/openflight_sessions/iwr6843/iwr6843_20260809_112410_572_009.l3dump
iwr_dump,732812,2026-08-09T15:24:43+00:00,iwr6843/iwr6843_20260809_112436_236_010.l3dump,/Users/john.pacino/openflight_sessions/iwr6843/iwr6843_20260809_112436_236_010.l3dump
iwr_dump,732812,2026-08-09T15:25:14+00:00,iwr6843/iwr6843_20260809_112506_986_011.l3dump,/Users/john.pacino/openflight_sessions/iwr6843/iwr6843_20260809_112506_986_011.l3dump
iwr_dump,732812,2026-08-09T15:25:40+00:00,iwr6843/iwr6843_20260809_112532_956_012.l3dump,/Users/john.pacino/openflight_sessions/iwr6843/iwr6843_20260809_112532_956_012.l3dump
iwr_dump,732812,2026-08-09T15:26:24+00:00,iwr6843/iwr6843_20260809_112617_860_013.l3dump,/Users/john.pacino/openflight_sessions/iwr6843/iwr6843_20260809_112617_860_013.l3dump
iwr_dump,732812,2026-08-09T15:26:49+00:00,iwr6843/iwr6843_20260809_112642_160_014.l3dump,/Users/john.pacino/openflight_sessions/iwr6843/iwr6843_20260809_112642_160_014.l3dump
iwr_dump,732812,2026-08-09T15:27:13+00:00,iwr6843/iwr6843_20260809_112706_058_015.l3dump,/Users/john.pacino/openflight_sessions/iwr6843/iwr6843_20260809_112706_058_015.l3dump
iwr_dump,732812,2026-08-09T15:29:27+00:00,iwr6843/iwr6843_20260809_112920_053_016.l3dump,/Users/john.pacino/openflight_sessions/iwr6843/iwr6843_20260809_112920_053_016.l3dump
iwr_dump,732812,2026-08-09T15:30:34+00:00,iwr6843/iwr6843_20260809_113027_523_017.l3dump,/Users/john.pacino/openflight_sessions/iwr6843/iwr6843_20260809_113027_523_017.l3dump
iwr_dump,732812,2026-08-09T15:30:53+00:00,iwr6843/iwr6843_20260809_113046_536_018.l3dump,/Users/john.pacino/openflight_sessions/iwr6843/iwr6843_20260809_113046_536_018.l3dump
iwr_dump,732812,2026-08-09T15:31:31+00:00,iwr6843/iwr6843_20260809_113124_742_019.l3dump,/Users/john.pacino/openflight_sessions/iwr6843/iwr6843_20260809_113124_742_019.l3dump
iwr_dump,732812,2026-08-09T15:31:54+00:00,iwr6843/iwr6843_20260809_113146_980_020.l3dump,/Users/john.pacino/openflight_sessions/iwr6843/iwr6843_20260809_113146_980_020.l3dump
iwr_dump,732812,2026-08-09T15:32:15+00:00,iwr6843/iwr6843_20260809_113208_656_021.l3dump,/Users/john.pacino/openflight_sessions/iwr6843/iwr6843_20260809_113208_656_021.l3dump
iwr_dump,732812,2026-08-09T15:34:56+00:00,iwr6843/iwr6843_20260809_113449_571_001.l3dump,/Users/john.pacino/openflight_sessions/iwr6843/iwr6843_20260809_113449_571_001.l3dump
iwr_dump,732812,2026-08-09T15:35:23+00:00,iwr6843/iwr6843_20260809_113516_751_002.l3dump,/Users/john.pacino/openflight_sessions/iwr6843/iwr6843_20260809_113516_751_002.l3dump
iwr_dump,732812,2026-08-09T15:35:53+00:00,iwr6843/iwr6843_20260809_113546_514_003.l3dump,/Users/john.pacino/openflight_sessions/iwr6843/iwr6843_20260809_113546_514_003.l3dump
iwr_dump,732812,2026-08-09T15:36:40+00:00,iwr6843/iwr6843_20260809_113633_392_004.l3dump,/Users/john.pacino/openflight_sessions/iwr6843/iwr6843_20260809_113633_392_004.l3dump
iwr_dump,732812,2026-08-09T15:37:04+00:00,iwr6843/iwr6843_20260809_113657_539_005.l3dump,/Users/john.pacino/openflight_sessions/iwr6843/iwr6843_20260809_113657_539_005.l3dump
iwr_dump,732812,2026-08-09T15:37:35+00:00,iwr6843/iwr6843_20260809_113728_852_006.l3dump,/Users/john.pacino/openflight_sessions/iwr6843/iwr6843_20260809_113728_852_006.l3dump
iwr_dump,732812,2026-08-09T15:37:54+00:00,iwr6843/iwr6843_20260809_113747_478_007.l3dump,/Users/john.pacino/openflight_sessions/iwr6843/iwr6843_20260809_113747_478_007.l3dump
iwr_dump,732812,2026-08-09T15:38:37+00:00,iwr6843/iwr6843_20260809_113830_727_009.l3dump,/Users/john.pacino/openflight_sessions/iwr6843/iwr6843_20260809_113830_727_009.l3dump
iwr_dump,732812,2026-08-09T15:39:17+00:00,iwr6843/iwr6843_20260809_113910_354_010.l3dump,/Users/john.pacino/openflight_sessions/iwr6843/iwr6843_20260809_113910_354_010.l3dump
iwr_dump,732812,2026-08-09T15:39:37+00:00,iwr6843/iwr6843_20260809_113930_522_011.l3dump,/Users/john.pacino/openflight_sessions/iwr6843/iwr6843_20260809_113930_522_011.l3dump
iwr_dump,732812,2026-08-09T15:39:56+00:00,iwr6843/iwr6843_20260809_113948_990_012.l3dump,/Users/john.pacino/openflight_sessions/iwr6843/iwr6843_20260809_113948_990_012.l3dump
iwr_dump,732812,2026-08-09T15:40:16+00:00,iwr6843/iwr6843_20260809_114009_851_013.l3dump,/Users/john.pacino/openflight_sessions/iwr6843/iwr6843_20260809_114009_851_013.l3dump
iwr_dump,732812,2026-08-09T15:40:37+00:00,iwr6843/iwr6843_20260809_114029_936_014.l3dump,/Users/john.pacino/openflight_sessions/iwr6843/iwr6843_20260809_114029_936_014.l3dump
iwr_dump,732812,2026-08-09T15:40:55+00:00,iwr6843/iwr6843_20260809_114048_395_015.l3dump,/Users/john.pacino/openflight_sessions/iwr6843/iwr6843_20260809_114048_395_015.l3dump
iwr_dump,732812,2026-08-09T15:41:13+00:00,iwr6843/iwr6843_20260809_114106_681_016.l3dump,/Users/john.pacino/openflight_sessions/iwr6843/iwr6843_20260809_114106_681_016.l3dump
iwr_dump,732812,2026-08-09T15:41:32+00:00,iwr6843/iwr6843_20260809_114125_814_017.l3dump,/Users/john.pacino/openflight_sessions/iwr6843/iwr6843_20260809_114125_814_017.l3dump
iwr_dump,732812,2026-08-09T15:41:50+00:00,iwr6843/iwr6843_20260809_114142_992_018.l3dump,/Users/john.pacino/openflight_sessions/iwr6843/iwr6843_20260809_114142_992_018.l3dump
iwr_dump,732812,2026-08-09T15:42:10+00:00,iwr6843/iwr6843_20260809_114203_200_019.l3dump,/Users/john.pacino/openflight_sessions/iwr6843/iwr6843_20260809_114203_200_019.l3dump
iwr_dump,732812,2026-08-09T15:42:27+00:00,iwr6843/iwr6843_20260809_114220_561_020.l3dump,/Users/john.pacino/openflight_sessions/iwr6843/iwr6843_20260809_114220_561_020.l3dump
iwr_dump,732812,2026-08-09T15:42:44+00:00,iwr6843/iwr6843_20260809_114237_390_021.l3dump,/Users/john.pacino/openflight_sessions/iwr6843/iwr6843_20260809_114237_390_021.l3dump
iwr_dump,732812,2026-08-09T15:42:59+00:00,iwr6843/iwr6843_20260809_114252_872_022.l3dump,/Users/john.pacino/openflight_sessions/iwr6843/iwr6843_20260809_114252_872_022.l3dump
iwr_dump,732812,2026-08-09T15:43:14+00:00,iwr6843/iwr6843_20260809_114307_552_023.l3dump,/Users/john.pacino/openflight_sessions/iwr6843/iwr6843_20260809_114307_552_023.l3dump
iwr_dump,732812,2026-08-09T15:43:39+00:00,iwr6843/iwr6843_20260809_114332_680_024.l3dump,/Users/john.pacino/openflight_sessions/iwr6843/iwr6843_20260809_114332_680_024.l3dump
iwr_dump,732812,2026-08-09T15:44:14+00:00,iwr6843/iwr6843_20260809_114407_119_025.l3dump,/Users/john.pacino/openflight_sessions/iwr6843/iwr6843_20260809_114407_119_025.l3dump
iwr_dump,732812,2026-08-09T15:44:32+00:00,iwr6843/iwr6843_20260809_114425_456_026.l3dump,/Users/john.pacino/openflight_sessions/iwr6843/iwr6843_20260809_114425_456_026.l3dump
iwr_dump,732812,2026-08-09T15:44:51+00:00,iwr6843/iwr6843_20260809_114444_514_027.l3dump,/Users/john.pacino/openflight_sessions/iwr6843/iwr6843_20260809_114444_514_027.l3dump
iwr_dump,732812,2026-08-09T15:45:07+00:00,iwr6843/iwr6843_20260809_114500_163_028.l3dump,/Users/john.pacino/openflight_sessions/iwr6843/iwr6843_20260809_114500_163_028.l3dump
iwr_dump,732812,2026-08-09T15:45:26+00:00,iwr6843/iwr6843_20260809_114519_526_029.l3dump,/Users/john.pacino/openflight_sessions/iwr6843/iwr6843_20260809_114519_526_029.l3dump
iwr_dump,732812,2026-08-09T15:45:46+00:00,iwr6843/iwr6843_20260809_114539_230_030.l3dump,/Users/john.pacino/openflight_sessions/iwr6843/iwr6843_20260809_114539_230_030.l3dump
iwr_dump,732812,2026-08-09T15:46:02+00:00,iwr6843/iwr6843_20260809_114555_064_031.l3dump,/Users/john.pacino/openflight_sessions/iwr6843/iwr6843_20260809_114555_064_031.l3dump
iwr_dump,732812,2026-08-09T15:46:34+00:00,iwr6843/iwr6843_20260809_114626_947_032.l3dump,/Users/john.pacino/openflight_sessions/iwr6843/iwr6843_20260809_114626_947_032.l3dump
iwr_dump,732812,2026-08-09T15:46:49+00:00,iwr6843/iwr6843_20260809_114642_614_033.l3dump,/Users/john.pacino/openflight_sessions/iwr6843/iwr6843_20260809_114642_614_033.l3dump
iwr_dump,732812,2026-08-09T15:47:06+00:00,iwr6843/iwr6843_20260809_114659_747_034.l3dump,/Users/john.pacino/openflight_sessions/iwr6843/iwr6843_20260809_114659_747_034.l3dump
iwr_dump,732812,2026-08-09T15:47:25+00:00,iwr6843/iwr6843_20260809_114718_204_035.l3dump,/Users/john.pacino/openflight_sessions/iwr6843/iwr6843_20260809_114718_204_035.l3dump
iwr_dump,732812,2026-08-09T15:47:40+00:00,iwr6843/iwr6843_20260809_114733_718_036.l3dump,/Users/john.pacino/openflight_sessions/iwr6843/iwr6843_20260809_114733_718_036.l3dump
iwr_dump,732812,2026-08-09T15:47:58+00:00,iwr6843/iwr6843_20260809_114751_777_037.l3dump,/Users/john.pacino/openflight_sessions/iwr6843/iwr6843_20260809_114751_777_037.l3dump
iwr_dump,732812,2026-08-09T15:48:17+00:00,iwr6843/iwr6843_20260809_114810_031_038.l3dump,/Users/john.pacino/openflight_sessions/iwr6843/iwr6843_20260809_114810_031_038.l3dump
iwr_dump,732812,2026-08-09T15:48:32+00:00,iwr6843/iwr6843_20260809_114825_615_039.l3dump,/Users/john.pacino/openflight_sessions/iwr6843/iwr6843_20260809_114825_615_039.l3dump
iwr_dump,732812,2026-08-09T15:48:47+00:00,iwr6843/iwr6843_20260809_114840_825_040.l3dump,/Users/john.pacino/openflight_sessions/iwr6843/iwr6843_20260809_114840_825_040.l3dump
iwr_dump,732812,2026-08-09T15:49:00+00:00,iwr6843/iwr6843_20260809_114853_678_041.l3dump,/Users/john.pacino/openflight_sessions/iwr6843/iwr6843_20260809_114853_678_041.l3dump
iwr_dump,732812,2026-08-09T15:49:14+00:00,iwr6843/iwr6843_20260809_114907_277_042.l3dump,/Users/john.pacino/openflight_sessions/iwr6843/iwr6843_20260809_114907_277_042.l3dump
camera,129186,2026-08-09T15:22:30.667526+00:00,pi-screen-20260809-1119.png,/Users/john.pacino/openflight_sessions/pi-screen-20260809-1119.png
other,2947,2026-08-09T13:05:36+00:00,radar_raw_20260809_090102.log,/Users/john.pacino/openflight_sessions/radar_raw_20260809_090102.log
other,152,2026-08-09T13:06:10+00:00,radar_raw_20260809_090609.log,/Users/john.pacino/openflight_sessions/radar_raw_20260809_090609.log
other,214,2026-08-09T13:06:36+00:00,radar_raw_20260809_090625.log,/Users/john.pacino/openflight_sessions/radar_raw_20260809_090625.log
other,444,2026-08-09T14:24:17+00:00,radar_raw_20260809_102333.log,/Users/john.pacino/openflight_sessions/radar_raw_20260809_102333.log
other,1100,2026-08-09T14:27:17+00:00,radar_raw_20260809_102512.log,/Users/john.pacino/openflight_sessions/radar_raw_20260809_102512.log
other,221,2026-08-09T14:28:02+00:00,radar_raw_20260809_102747.log,/Users/john.pacino/openflight_sessions/radar_raw_20260809_102747.log
other,382,2026-08-09T14:29:52+00:00,radar_raw_20260809_102921.log,/Users/john.pacino/openflight_sessions/radar_raw_20260809_102921.log
other,222,2026-08-09T14:31:32+00:00,radar_raw_20260809_103122.log,/Users/john.pacino/openflight_sessions/radar_raw_20260809_103122.log
other,883,2026-08-09T14:34:32+00:00,radar_raw_20260809_103244.log,/Users/john.pacino/openflight_sessions/radar_raw_20260809_103244.log
other,662,2026-08-09T14:36:17+00:00,radar_raw_20260809_103507.log,/Users/john.pacino/openflight_sessions/radar_raw_20260809_103507.log
other,8578,2026-08-09T14:50:47+00:00,radar_raw_20260809_103715.log,/Users/john.pacino/openflight_sessions/radar_raw_20260809_103715.log
other,2984,2026-08-09T14:56:32+00:00,radar_raw_20260809_105136.log,/Users/john.pacino/openflight_sessions/radar_raw_20260809_105136.log
other,8420,2026-08-09T15:07:17+00:00,radar_raw_20260809_105706.log,/Users/john.pacino/openflight_sessions/radar_raw_20260809_105706.log
other,5452,2026-08-09T15:17:47+00:00,radar_raw_20260809_111239.log,/Users/john.pacino/openflight_sessions/radar_raw_20260809_111239.log
other,10405,2026-08-09T15:33:18+00:00,radar_raw_20260809_111902.log,/Users/john.pacino/openflight_sessions/radar_raw_20260809_111902.log
other,16889,2026-08-09T15:49:17+00:00,radar_raw_20260809_113433.log,/Users/john.pacino/openflight_sessions/radar_raw_20260809_113433.log
camera,1980975,2026-08-09T15:32:39+00:00,screen_recordings/openflight_20260809_113107.mp4,/Users/john.pacino/openflight_sessions/screen_recordings/openflight_20260809_113107.mp4
session_log,111691,2026-08-09T13:05:36+00:00,session_20260809_090102_trackman.jsonl,/Users/john.pacino/openflight_sessions/session_20260809_090102_trackman.jsonl
other,123,2026-08-09T13:01:40+00:00,session_20260809_090102_trackman.jsonl.pushed,/Users/john.pacino/openflight_sessions/session_20260809_090102_trackman.jsonl.pushed
session_log,15763,2026-08-09T13:06:10+00:00,session_20260809_090609_trackman.jsonl,/Users/john.pacino/openflight_sessions/session_20260809_090609_trackman.jsonl
other,123,2026-08-09T13:06:11+00:00,session_20260809_090609_trackman.jsonl.pushed,/Users/john.pacino/openflight_sessions/session_20260809_090609_trackman.jsonl.pushed
session_log,12317,2026-08-09T13:06:26+00:00,session_20260809_090625_trackman.jsonl,/Users/john.pacino/openflight_sessions/session_20260809_090625_trackman.jsonl
other,123,2026-08-09T14:18:10+00:00,session_20260809_090625_trackman.jsonl.pushed,/Users/john.pacino/openflight_sessions/session_20260809_090625_trackman.jsonl.pushed
session_log,22542,2026-08-09T14:24:20+00:00,session_20260809_102333_trackman.jsonl,/Users/john.pacino/openflight_sessions/session_20260809_102333_trackman.jsonl
other,123,2026-08-09T14:24:23+00:00,session_20260809_102333_trackman.jsonl.pushed,/Users/john.pacino/openflight_sessions/session_20260809_102333_trackman.jsonl.pushed
session_log,7156,2026-08-09T14:27:33+00:00,session_20260809_102512_trackman.jsonl,/Users/john.pacino/openflight_sessions/session_20260809_102512_trackman.jsonl
other,123,2026-08-09T14:27:35+00:00,session_20260809_102512_trackman.jsonl.pushed,/Users/john.pacino/openflight_sessions/session_20260809_102512_trackman.jsonl.pushed
session_log,5735,2026-08-09T14:28:15+00:00,session_20260809_102747_trackman.jsonl,/Users/john.pacino/openflight_sessions/session_20260809_102747_trackman.jsonl
other,123,2026-08-09T14:28:16+00:00,session_20260809_102747_trackman.jsonl.pushed,/Users/john.pacino/openflight_sessions/session_20260809_102747_trackman.jsonl.pushed
session_log,11597,2026-08-09T14:29:56+00:00,session_20260809_102921_trackman.jsonl,/Users/john.pacino/openflight_sessions/session_20260809_102921_trackman.jsonl
other,123,2026-08-09T14:29:57+00:00,session_20260809_102921_trackman.jsonl.pushed,/Users/john.pacino/openflight_sessions/session_20260809_102921_trackman.jsonl.pushed
session_log,17769,2026-08-09T14:31:43+00:00,session_20260809_103122_trackman.jsonl,/Users/john.pacino/openflight_sessions/session_20260809_103122_trackman.jsonl
other,123,2026-08-09T14:31:44+00:00,session_20260809_103122_trackman.jsonl.pushed,/Users/john.pacino/openflight_sessions/session_20260809_103122_trackman.jsonl.pushed
session_log,22475,2026-08-09T14:34:32+00:00,session_20260809_103244_trackman.jsonl,/Users/john.pacino/openflight_sessions/session_20260809_103244_trackman.jsonl
other,123,2026-08-09T14:34:34+00:00,session_20260809_103244_trackman.jsonl.pushed,/Users/john.pacino/openflight_sessions/session_20260809_103244_trackman.jsonl.pushed
session_log,21319,2026-08-09T14:36:09+00:00,session_20260809_103507_trackman.jsonl,/Users/john.pacino/openflight_sessions/session_20260809_103507_trackman.jsonl
other,123,2026-08-09T14:39:05+00:00,session_20260809_103507_trackman.jsonl.pushed,/Users/john.pacino/openflight_sessions/session_20260809_103507_trackman.jsonl.pushed
camera,1229719,2026-08-09T14:48:49.469675+00:00,session_20260809_103715_trackman/camera_impact_contact_sheet.jpg,/Users/john.pacino/openflight_sessions/session_20260809_103715_trackman/camera_impact_contact_sheet.jpg
iwr_dump,332036,2026-08-09T14:38:55+00:00,session_20260809_103715_trackman/iwr6843/iwr6843_20260809_103852_642_001.l3dump,/Users/john.pacino/openflight_sessions/session_20260809_103715_trackman/iwr6843/iwr6843_20260809_103852_642_001.l3dump
iwr_dump,332036,2026-08-09T14:39:43+00:00,session_20260809_103715_trackman/iwr6843/iwr6843_20260809_103940_737_002.l3dump,/Users/john.pacino/openflight_sessions/session_20260809_103715_trackman/iwr6843/iwr6843_20260809_103940_737_002.l3dump
iwr_dump,332036,2026-08-09T14:40:45+00:00,session_20260809_103715_trackman/iwr6843/iwr6843_20260809_104041_799_003.l3dump,/Users/john.pacino/openflight_sessions/session_20260809_103715_trackman/iwr6843/iwr6843_20260809_104041_799_003.l3dump
iwr_dump,332036,2026-08-09T14:40:59+00:00,session_20260809_103715_trackman/iwr6843/iwr6843_20260809_104056_141_004.l3dump,/Users/john.pacino/openflight_sessions/session_20260809_103715_trackman/iwr6843/iwr6843_20260809_104056_141_004.l3dump
iwr_dump,332036,2026-08-09T14:41:24+00:00,session_20260809_103715_trackman/iwr6843/iwr6843_20260809_104120_777_005.l3dump,/Users/john.pacino/openflight_sessions/session_20260809_103715_trackman/iwr6843/iwr6843_20260809_104120_777_005.l3dump
iwr_dump,332036,2026-08-09T14:41:42+00:00,session_20260809_103715_trackman/iwr6843/iwr6843_20260809_104139_745_006.l3dump,/Users/john.pacino/openflight_sessions/session_20260809_103715_trackman/iwr6843/iwr6843_20260809_104139_745_006.l3dump
iwr_dump,332036,2026-08-09T14:42:07+00:00,session_20260809_103715_trackman/iwr6843/iwr6843_20260809_104204_001_007.l3dump,/Users/john.pacino/openflight_sessions/session_20260809_103715_trackman/iwr6843/iwr6843_20260809_104204_001_007.l3dump
iwr_dump,332036,2026-08-09T14:42:32+00:00,session_20260809_103715_trackman/iwr6843/iwr6843_20260809_104229_232_008.l3dump,/Users/john.pacino/openflight_sessions/session_20260809_103715_trackman/iwr6843/iwr6843_20260809_104229_232_008.l3dump
iwr_dump,332036,2026-08-09T14:42:53+00:00,session_20260809_103715_trackman/iwr6843/iwr6843_20260809_104250_675_009.l3dump,/Users/john.pacino/openflight_sessions/session_20260809_103715_trackman/iwr6843/iwr6843_20260809_104250_675_009.l3dump
iwr_dump,332036,2026-08-09T14:43:13+00:00,session_20260809_103715_trackman/iwr6843/iwr6843_20260809_104310_730_010.l3dump,/Users/john.pacino/openflight_sessions/session_20260809_103715_trackman/iwr6843/iwr6843_20260809_104310_730_010.l3dump
iwr_dump,332036,2026-08-09T14:43:38+00:00,session_20260809_103715_trackman/iwr6843/iwr6843_20260809_104334_921_011.l3dump,/Users/john.pacino/openflight_sessions/session_20260809_103715_trackman/iwr6843/iwr6843_20260809_104334_921_011.l3dump
other,6219,2026-08-09T14:45:17+00:00,session_20260809_103715_trackman/radar_raw_20260809_103715.log,/Users/john.pacino/openflight_sessions/session_20260809_103715_trackman/radar_raw_20260809_103715.log
session_log,718757,2026-08-09T14:45:11+00:00,session_20260809_103715_trackman/session_20260809_103715_trackman.jsonl,/Users/john.pacino/openflight_sessions/session_20260809_103715_trackman/session_20260809_103715_trackman.jsonl
terminal_log,68581,2026-08-09T14:45:17+00:00,session_20260809_103715_trackman/terminal_logs/kiosk_20260809_103707.log,/Users/john.pacino/openflight_sessions/session_20260809_103715_trackman/terminal_logs/kiosk_20260809_103707.log
camera,256015,2026-08-09T14:38:53+00:00,session_20260809_103715_trackman/trackman/camera/camera_20260809_103852_642_001/first.pgm,/Users/john.pacino/openflight_sessions/session_20260809_103715_trackman/trackman/camera/camera_20260809_103852_642_001/first.pgm
camera,10750707,2026-08-09T14:38:53+00:00,session_20260809_103715_trackman/trackman/camera/camera_20260809_103852_642_001/frames.npz,/Users/john.pacino/openflight_sessions/session_20260809_103715_trackman/trackman/camera/camera_20260809_103852_642_001/frames.npz
camera,256015,2026-08-09T14:38:53+00:00,session_20260809_103715_trackman/trackman/camera/camera_20260809_103852_642_001/last.pgm,/Users/john.pacino/openflight_sessions/session_20260809_103715_trackman/trackman/camera/camera_20260809_103852_642_001/last.pgm
camera,836,2026-08-09T14:38:53+00:00,session_20260809_103715_trackman/trackman/camera/camera_20260809_103852_642_001/metadata.json,/Users/john.pacino/openflight_sessions/session_20260809_103715_trackman/trackman/camera/camera_20260809_103852_642_001/metadata.json
camera,256015,2026-08-09T14:38:53+00:00,session_20260809_103715_trackman/trackman/camera/camera_20260809_103852_642_001/trigger.pgm,/Users/john.pacino/openflight_sessions/session_20260809_103715_trackman/trackman/camera/camera_20260809_103852_642_001/trigger.pgm
camera,256015,2026-08-09T14:39:41+00:00,session_20260809_103715_trackman/trackman/camera/camera_20260809_103940_737_002/first.pgm,/Users/john.pacino/openflight_sessions/session_20260809_103715_trackman/trackman/camera/camera_20260809_103940_737_002/first.pgm
camera,10881593,2026-08-09T14:39:41+00:00,session_20260809_103715_trackman/trackman/camera/camera_20260809_103940_737_002/frames.npz,/Users/john.pacino/openflight_sessions/session_20260809_103715_trackman/trackman/camera/camera_20260809_103940_737_002/frames.npz
camera,256015,2026-08-09T14:39:41+00:00,session_20260809_103715_trackman/trackman/camera/camera_20260809_103940_737_002/last.pgm,/Users/john.pacino/openflight_sessions/session_20260809_103715_trackman/trackman/camera/camera_20260809_103940_737_002/last.pgm
camera,834,2026-08-09T14:39:41+00:00,session_20260809_103715_trackman/trackman/camera/camera_20260809_103940_737_002/metadata.json,/Users/john.pacino/openflight_sessions/session_20260809_103715_trackman/trackman/camera/camera_20260809_103940_737_002/metadata.json
camera,256015,2026-08-09T14:39:41+00:00,session_20260809_103715_trackman/trackman/camera/camera_20260809_103940_737_002/trigger.pgm,/Users/john.pacino/openflight_sessions/session_20260809_103715_trackman/trackman/camera/camera_20260809_103940_737_002/trigger.pgm
camera,256015,2026-08-09T14:40:42+00:00,session_20260809_103715_trackman/trackman/camera/camera_20260809_104041_799_003/first.pgm,/Users/john.pacino/openflight_sessions/session_20260809_103715_trackman/trackman/camera/camera_20260809_104041_799_003/first.pgm
camera,10863545,2026-08-09T14:40:42+00:00,session_20260809_103715_trackman/trackman/camera/camera_20260809_104041_799_003/frames.npz,/Users/john.pacino/openflight_sessions/session_20260809_103715_trackman/trackman/camera/camera_20260809_104041_799_003/frames.npz
camera,256015,2026-08-09T14:40:42+00:00,session_20260809_103715_trackman/trackman/camera/camera_20260809_104041_799_003/last.pgm,/Users/john.pacino/openflight_sessions/session_20260809_103715_trackman/trackman/camera/camera_20260809_104041_799_003/last.pgm
camera,836,2026-08-09T14:40:42+00:00,session_20260809_103715_trackman/trackman/camera/camera_20260809_104041_799_003/metadata.json,/Users/john.pacino/openflight_sessions/session_20260809_103715_trackman/trackman/camera/camera_20260809_104041_799_003/metadata.json
camera,256015,2026-08-09T14:40:42+00:00,session_20260809_103715_trackman/trackman/camera/camera_20260809_104041_799_003/trigger.pgm,/Users/john.pacino/openflight_sessions/session_20260809_103715_trackman/trackman/camera/camera_20260809_104041_799_003/trigger.pgm
camera,256015,2026-08-09T14:40:57+00:00,session_20260809_103715_trackman/trackman/camera/camera_20260809_104056_141_004/first.pgm,/Users/john.pacino/openflight_sessions/session_20260809_103715_trackman/trackman/camera/camera_20260809_104056_141_004/first.pgm
camera,10899293,2026-08-09T14:40:57+00:00,session_20260809_103715_trackman/trackman/camera/camera_20260809_104056_141_004/frames.npz,/Users/john.pacino/openflight_sessions/session_20260809_103715_trackman/trackman/camera/camera_20260809_104056_141_004/frames.npz
camera,256015,2026-08-09T14:40:57+00:00,session_20260809_103715_trackman/trackman/camera/camera_20260809_104056_141_004/last.pgm,/Users/john.pacino/openflight_sessions/session_20260809_103715_trackman/trackman/camera/camera_20260809_104056_141_004/last.pgm
camera,837,2026-08-09T14:40:57+00:00,session_20260809_103715_trackman/trackman/camera/camera_20260809_104056_141_004/metadata.json,/Users/john.pacino/openflight_sessions/session_20260809_103715_trackman/trackman/camera/camera_20260809_104056_141_004/metadata.json
camera,256015,2026-08-09T14:40:57+00:00,session_20260809_103715_trackman/trackman/camera/camera_20260809_104056_141_004/trigger.pgm,/Users/john.pacino/openflight_sessions/session_20260809_103715_trackman/trackman/camera/camera_20260809_104056_141_004/trigger.pgm
camera,256015,2026-08-09T14:41:21+00:00,session_20260809_103715_trackman/trackman/camera/camera_20260809_104120_777_005/first.pgm,/Users/john.pacino/openflight_sessions/session_20260809_103715_trackman/trackman/camera/camera_20260809_104120_777_005/first.pgm
camera,10856945,2026-08-09T14:41:21+00:00,session_20260809_103715_trackman/trackman/camera/camera_20260809_104120_777_005/frames.npz,/Users/john.pacino/openflight_sessions/session_20260809_103715_trackman/trackman/camera/camera_20260809_104120_777_005/frames.npz
camera,256015,2026-08-09T14:41:21+00:00,session_20260809_103715_trackman/trackman/camera/camera_20260809_104120_777_005/last.pgm,/Users/john.pacino/openflight_sessions/session_20260809_103715_trackman/trackman/camera/camera_20260809_104120_777_005/last.pgm
camera,836,2026-08-09T14:41:21+00:00,session_20260809_103715_trackman/trackman/camera/camera_20260809_104120_777_005/metadata.json,/Users/john.pacino/openflight_sessions/session_20260809_103715_trackman/trackman/camera/camera_20260809_104120_777_005/metadata.json
camera,256015,2026-08-09T14:41:21+00:00,session_20260809_103715_trackman/trackman/camera/camera_20260809_104120_777_005/trigger.pgm,/Users/john.pacino/openflight_sessions/session_20260809_103715_trackman/trackman/camera/camera_20260809_104120_777_005/trigger.pgm
camera,256015,2026-08-09T14:41:40+00:00,session_20260809_103715_trackman/trackman/camera/camera_20260809_104139_745_006/first.pgm,/Users/john.pacino/openflight_sessions/session_20260809_103715_trackman/trackman/camera/camera_20260809_104139_745_006/first.pgm
camera,10855496,2026-08-09T14:41:40+00:00,session_20260809_103715_trackman/trackman/camera/camera_20260809_104139_745_006/frames.npz,/Users/john.pacino/openflight_sessions/session_20260809_103715_trackman/trackman/camera/camera_20260809_104139_745_006/frames.npz
camera,256015,2026-08-09T14:41:40+00:00,session_20260809_103715_trackman/trackman/camera/camera_20260809_104139_745_006/last.pgm,/Users/john.pacino/openflight_sessions/session_20260809_103715_trackman/trackman/camera/camera_20260809_104139_745_006/last.pgm
camera,836,2026-08-09T14:41:40+00:00,session_20260809_103715_trackman/trackman/camera/camera_20260809_104139_745_006/metadata.json,/Users/john.pacino/openflight_sessions/session_20260809_103715_trackman/trackman/camera/camera_20260809_104139_745_006/metadata.json
camera,256015,2026-08-09T14:41:40+00:00,session_20260809_103715_trackman/trackman/camera/camera_20260809_104139_745_006/trigger.pgm,/Users/john.pacino/openflight_sessions/session_20260809_103715_trackman/trackman/camera/camera_20260809_104139_745_006/trigger.pgm
camera,256015,2026-08-09T14:42:04+00:00,session_20260809_103715_trackman/trackman/camera/camera_20260809_104204_001_007/first.pgm,/Users/john.pacino/openflight_sessions/session_20260809_103715_trackman/trackman/camera/camera_20260809_104204_001_007/first.pgm
camera,10846804,2026-08-09T14:42:04+00:00,session_20260809_103715_trackman/trackman/camera/camera_20260809_104204_001_007/frames.npz,/Users/john.pacino/openflight_sessions/session_20260809_103715_trackman/trackman/camera/camera_20260809_104204_001_007/frames.npz
camera,256015,2026-08-09T14:42:04+00:00,session_20260809_103715_trackman/trackman/camera/camera_20260809_104204_001_007/last.pgm,/Users/john.pacino/openflight_sessions/session_20260809_103715_trackman/trackman/camera/camera_20260809_104204_001_007/last.pgm
camera,836,2026-08-09T14:42:04+00:00,session_20260809_103715_trackman/trackman/camera/camera_20260809_104204_001_007/metadata.json,/Users/john.pacino/openflight_sessions/session_20260809_103715_trackman/trackman/camera/camera_20260809_104204_001_007/metadata.json
camera,256015,2026-08-09T14:42:04+00:00,session_20260809_103715_trackman/trackman/camera/camera_20260809_104204_001_007/trigger.pgm,/Users/john.pacino/openflight_sessions/session_20260809_103715_trackman/trackman/camera/camera_20260809_104204_001_007/trigger.pgm
camera,256015,2026-08-09T14:42:30+00:00,session_20260809_103715_trackman/trackman/camera/camera_20260809_104229_232_008/first.pgm,/Users/john.pacino/openflight_sessions/session_20260809_103715_trackman/trackman/camera/camera_20260809_104229_232_008/first.pgm
camera,10879424,2026-08-09T14:42:30+00:00,session_20260809_103715_trackman/trackman/camera/camera_20260809_104229_232_008/frames.npz,/Users/john.pacino/openflight_sessions/session_20260809_103715_trackman/trackman/camera/camera_20260809_104229_232_008/frames.npz
camera,256015,2026-08-09T14:42:30+00:00,session_20260809_103715_trackman/trackman/camera/camera_20260809_104229_232_008/last.pgm,/Users/john.pacino/openflight_sessions/session_20260809_103715_trackman/trackman/camera/camera_20260809_104229_232_008/last.pgm
camera,834,2026-08-09T14:42:30+00:00,session_20260809_103715_trackman/trackman/camera/camera_20260809_104229_232_008/metadata.json,/Users/john.pacino/openflight_sessions/session_20260809_103715_trackman/trackman/camera/camera_20260809_104229_232_008/metadata.json
camera,256015,2026-08-09T14:42:30+00:00,session_20260809_103715_trackman/trackman/camera/camera_20260809_104229_232_008/trigger.pgm,/Users/john.pacino/openflight_sessions/session_20260809_103715_trackman/trackman/camera/camera_20260809_104229_232_008/trigger.pgm
camera,256015,2026-08-09T14:42:51+00:00,session_20260809_103715_trackman/trackman/camera/camera_20260809_104250_675_009/first.pgm,/Users/john.pacino/openflight_sessions/session_20260809_103715_trackman/trackman/camera/camera_20260809_104250_675_009/first.pgm
camera,10892962,2026-08-09T14:42:51+00:00,session_20260809_103715_trackman/trackman/camera/camera_20260809_104250_675_009/frames.npz,/Users/john.pacino/openflight_sessions/session_20260809_103715_trackman/trackman/camera/camera_20260809_104250_675_009/frames.npz
camera,256015,2026-08-09T14:42:51+00:00,session_20260809_103715_trackman/trackman/camera/camera_20260809_104250_675_009/last.pgm,/Users/john.pacino/openflight_sessions/session_20260809_103715_trackman/trackman/camera/camera_20260809_104250_675_009/last.pgm
camera,835,2026-08-09T14:42:51+00:00,session_20260809_103715_trackman/trackman/camera/camera_20260809_104250_675_009/metadata.json,/Users/john.pacino/openflight_sessions/session_20260809_103715_trackman/trackman/camera/camera_20260809_104250_675_009/metadata.json
camera,256015,2026-08-09T14:42:51+00:00,session_20260809_103715_trackman/trackman/camera/camera_20260809_104250_675_009/trigger.pgm,/Users/john.pacino/openflight_sessions/session_20260809_103715_trackman/trackman/camera/camera_20260809_104250_675_009/trigger.pgm
camera,256015,2026-08-09T14:43:11+00:00,session_20260809_103715_trackman/trackman/camera/camera_20260809_104310_730_010/first.pgm,/Users/john.pacino/openflight_sessions/session_20260809_103715_trackman/trackman/camera/camera_20260809_104310_730_010/first.pgm
camera,10847819,2026-08-09T14:43:11+00:00,session_20260809_103715_trackman/trackman/camera/camera_20260809_104310_730_010/frames.npz,/Users/john.pacino/openflight_sessions/session_20260809_103715_trackman/trackman/camera/camera_20260809_104310_730_010/frames.npz
camera,256015,2026-08-09T14:43:11+00:00,session_20260809_103715_trackman/trackman/camera/camera_20260809_104310_730_010/last.pgm,/Users/john.pacino/openflight_sessions/session_20260809_103715_trackman/trackman/camera/camera_20260809_104310_730_010/last.pgm
camera,834,2026-08-09T14:43:11+00:00,session_20260809_103715_trackman/trackman/camera/camera_20260809_104310_730_010/metadata.json,/Users/john.pacino/openflight_sessions/session_20260809_103715_trackman/trackman/camera/camera_20260809_104310_730_010/metadata.json
camera,256015,2026-08-09T14:43:11+00:00,session_20260809_103715_trackman/trackman/camera/camera_20260809_104310_730_010/trigger.pgm,/Users/john.pacino/openflight_sessions/session_20260809_103715_trackman/trackman/camera/camera_20260809_104310_730_010/trigger.pgm
camera,256015,2026-08-09T14:43:35+00:00,session_20260809_103715_trackman/trackman/camera/camera_20260809_104334_921_011/first.pgm,/Users/john.pacino/openflight_sessions/session_20260809_103715_trackman/trackman/camera/camera_20260809_104334_921_011/first.pgm
camera,10876216,2026-08-09T14:43:35+00:00,session_20260809_103715_trackman/trackman/camera/camera_20260809_104334_921_011/frames.npz,/Users/john.pacino/openflight_sessions/session_20260809_103715_trackman/trackman/camera/camera_20260809_104334_921_011/frames.npz
camera,256015,2026-08-09T14:43:35+00:00,session_20260809_103715_trackman/trackman/camera/camera_20260809_104334_921_011/last.pgm,/Users/john.pacino/openflight_sessions/session_20260809_103715_trackman/trackman/camera/camera_20260809_104334_921_011/last.pgm
camera,838,2026-08-09T14:43:35+00:00,session_20260809_103715_trackman/trackman/camera/camera_20260809_104334_921_011/metadata.json,/Users/john.pacino/openflight_sessions/session_20260809_103715_trackman/trackman/camera/camera_20260809_104334_921_011/metadata.json
camera,256015,2026-08-09T14:43:35+00:00,session_20260809_103715_trackman/trackman/camera/camera_20260809_104334_921_011/trigger.pgm,/Users/john.pacino/openflight_sessions/session_20260809_103715_trackman/trackman/camera/camera_20260809_104334_921_011/trigger.pgm
session_log,723973,2026-08-09T14:50:56+00:00,session_20260809_103715_trackman.jsonl,/Users/john.pacino/openflight_sessions/session_20260809_103715_trackman.jsonl
other,123,2026-08-09T14:39:06+00:00,session_20260809_103715_trackman.jsonl.pushed,/Users/john.pacino/openflight_sessions/session_20260809_103715_trackman.jsonl.pushed
camera,348083,2026-08-09T14:55:29.428377+00:00,session_20260809_105136_trackman/camera_impact_contact_sheet_800us.jpg,/Users/john.pacino/openflight_sessions/session_20260809_105136_trackman/camera_impact_contact_sheet_800us.jpg
iwr_dump,332036,2026-08-09T14:52:09+00:00,session_20260809_105136_trackman/iwr6843/iwr6843_20260809_105206_252_001.l3dump,/Users/john.pacino/openflight_sessions/session_20260809_105136_trackman/iwr6843/iwr6843_20260809_105206_252_001.l3dump
iwr_dump,332036,2026-08-09T14:53:02+00:00,session_20260809_105136_trackman/iwr6843/iwr6843_20260809_105259_654_003.l3dump,/Users/john.pacino/openflight_sessions/session_20260809_105136_trackman/iwr6843/iwr6843_20260809_105259_654_003.l3dump
iwr_dump,332036,2026-08-09T14:53:20+00:00,session_20260809_105136_trackman/iwr6843/iwr6843_20260809_105317_669_004.l3dump,/Users/john.pacino/openflight_sessions/session_20260809_105136_trackman/iwr6843/iwr6843_20260809_105317_669_004.l3dump
other,2104,2026-08-09T14:54:32+00:00,session_20260809_105136_trackman/radar_raw_20260809_105136.log,/Users/john.pacino/openflight_sessions/session_20260809_105136_trackman/radar_raw_20260809_105136.log
session_log,149723,2026-08-09T14:54:23+00:00,session_20260809_105136_trackman/session_20260809_105136_trackman.jsonl,/Users/john.pacino/openflight_sessions/session_20260809_105136_trackman/session_20260809_105136_trackman.jsonl
terminal_log,24241,2026-08-09T14:54:32+00:00,session_20260809_105136_trackman/terminal_logs/kiosk_20260809_105128.log,/Users/john.pacino/openflight_sessions/session_20260809_105136_trackman/terminal_logs/kiosk_20260809_105128.log
camera,256015,2026-08-09T14:52:07+00:00,session_20260809_105136_trackman/trackman/camera/camera_20260809_105206_252_001/first.pgm,/Users/john.pacino/openflight_sessions/session_20260809_105136_trackman/trackman/camera/camera_20260809_105206_252_001/first.pgm
camera,10784141,2026-08-09T14:52:07+00:00,session_20260809_105136_trackman/trackman/camera/camera_20260809_105206_252_001/frames.npz,/Users/john.pacino/openflight_sessions/session_20260809_105136_trackman/trackman/camera/camera_20260809_105206_252_001/frames.npz
camera,256015,2026-08-09T14:52:07+00:00,session_20260809_105136_trackman/trackman/camera/camera_20260809_105206_252_001/last.pgm,/Users/john.pacino/openflight_sessions/session_20260809_105136_trackman/trackman/camera/camera_20260809_105206_252_001/last.pgm
camera,835,2026-08-09T14:52:07+00:00,session_20260809_105136_trackman/trackman/camera/camera_20260809_105206_252_001/metadata.json,/Users/john.pacino/openflight_sessions/session_20260809_105136_trackman/trackman/camera/camera_20260809_105206_252_001/metadata.json
camera,256015,2026-08-09T14:52:07+00:00,session_20260809_105136_trackman/trackman/camera/camera_20260809_105206_252_001/trigger.pgm,/Users/john.pacino/openflight_sessions/session_20260809_105136_trackman/trackman/camera/camera_20260809_105206_252_001/trigger.pgm
camera,256015,2026-08-09T14:53:00+00:00,session_20260809_105136_trackman/trackman/camera/camera_20260809_105259_654_003/first.pgm,/Users/john.pacino/openflight_sessions/session_20260809_105136_trackman/trackman/camera/camera_20260809_105259_654_003/first.pgm
camera,10801683,2026-08-09T14:53:00+00:00,session_20260809_105136_trackman/trackman/camera/camera_20260809_105259_654_003/frames.npz,/Users/john.pacino/openflight_sessions/session_20260809_105136_trackman/trackman/camera/camera_20260809_105259_654_003/frames.npz
camera,256015,2026-08-09T14:53:00+00:00,session_20260809_105136_trackman/trackman/camera/camera_20260809_105259_654_003/last.pgm,/Users/john.pacino/openflight_sessions/session_20260809_105136_trackman/trackman/camera/camera_20260809_105259_654_003/last.pgm
camera,832,2026-08-09T14:53:00+00:00,session_20260809_105136_trackman/trackman/camera/camera_20260809_105259_654_003/metadata.json,/Users/john.pacino/openflight_sessions/session_20260809_105136_trackman/trackman/camera/camera_20260809_105259_654_003/metadata.json
camera,256015,2026-08-09T14:53:00+00:00,session_20260809_105136_trackman/trackman/camera/camera_20260809_105259_654_003/trigger.pgm,/Users/john.pacino/openflight_sessions/session_20260809_105136_trackman/trackman/camera/camera_20260809_105259_654_003/trigger.pgm
camera,256015,2026-08-09T14:53:18+00:00,session_20260809_105136_trackman/trackman/camera/camera_20260809_105317_669_004/first.pgm,/Users/john.pacino/openflight_sessions/session_20260809_105136_trackman/trackman/camera/camera_20260809_105317_669_004/first.pgm
camera,10787110,2026-08-09T14:53:18+00:00,session_20260809_105136_trackman/trackman/camera/camera_20260809_105317_669_004/frames.npz,/Users/john.pacino/openflight_sessions/session_20260809_105136_trackman/trackman/camera/camera_20260809_105317_669_004/frames.npz
camera,256015,2026-08-09T14:53:18+00:00,session_20260809_105136_trackman/trackman/camera/camera_20260809_105317_669_004/last.pgm,/Users/john.pacino/openflight_sessions/session_20260809_105136_trackman/trackman/camera/camera_20260809_105317_669_004/last.pgm
camera,832,2026-08-09T14:53:18+00:00,session_20260809_105136_trackman/trackman/camera/camera_20260809_105317_669_004/metadata.json,/Users/john.pacino/openflight_sessions/session_20260809_105136_trackman/trackman/camera/camera_20260809_105317_669_004/metadata.json
camera,256015,2026-08-09T14:53:18+00:00,session_20260809_105136_trackman/trackman/camera/camera_20260809_105317_669_004/trigger.pgm,/Users/john.pacino/openflight_sessions/session_20260809_105136_trackman/trackman/camera/camera_20260809_105317_669_004/trigger.pgm
session_log,151784,2026-08-09T14:56:39+00:00,session_20260809_105136_trackman.jsonl,/Users/john.pacino/openflight_sessions/session_20260809_105136_trackman.jsonl
other,123,2026-08-09T14:56:42+00:00,session_20260809_105136_trackman.jsonl.pushed,/Users/john.pacino/openflight_sessions/session_20260809_105136_trackman.jsonl.pushed
camera,359855,2026-08-09T14:59:33.122029+00:00,session_20260809_105706_trackman/camera_impact_contact_sheet_600us.jpg,/Users/john.pacino/openflight_sessions/session_20260809_105706_trackman/camera_impact_contact_sheet_600us.jpg
iwr_dump,332036,2026-08-09T14:57:26+00:00,session_20260809_105706_trackman/iwr6843/iwr6843_20260809_105723_005_001.l3dump,/Users/john.pacino/openflight_sessions/session_20260809_105706_trackman/iwr6843/iwr6843_20260809_105723_005_001.l3dump
iwr_dump,332036,2026-08-09T14:57:48+00:00,session_20260809_105706_trackman/iwr6843/iwr6843_20260809_105745_377_002.l3dump,/Users/john.pacino/openflight_sessions/session_20260809_105706_trackman/iwr6843/iwr6843_20260809_105745_377_002.l3dump
iwr_dump,332036,2026-08-09T14:58:10+00:00,session_20260809_105706_trackman/iwr6843/iwr6843_20260809_105806_912_003.l3dump,/Users/john.pacino/openflight_sessions/session_20260809_105706_trackman/iwr6843/iwr6843_20260809_105806_912_003.l3dump
other,1598,2026-08-09T14:58:47+00:00,session_20260809_105706_trackman/radar_raw_20260809_105706.log,/Users/john.pacino/openflight_sessions/session_20260809_105706_trackman/radar_raw_20260809_105706.log
session_log,212999,2026-08-09T14:58:43+00:00,session_20260809_105706_trackman/session_20260809_105706_trackman.jsonl,/Users/john.pacino/openflight_sessions/session_20260809_105706_trackman/session_20260809_105706_trackman.jsonl
terminal_log,22681,2026-08-09T14:58:47+00:00,session_20260809_105706_trackman/terminal_logs/kiosk_20260809_105655.log,/Users/john.pacino/openflight_sessions/session_20260809_105706_trackman/terminal_logs/kiosk_20260809_105655.log
camera,256015,2026-08-09T14:57:24+00:00,session_20260809_105706_trackman/trackman/camera/camera_20260809_105723_005_001/first.pgm,/Users/john.pacino/openflight_sessions/session_20260809_105706_trackman/trackman/camera/camera_20260809_105723_005_001/first.pgm
camera,10663218,2026-08-09T14:57:24+00:00,session_20260809_105706_trackman/trackman/camera/camera_20260809_105723_005_001/frames.npz,/Users/john.pacino/openflight_sessions/session_20260809_105706_trackman/trackman/camera/camera_20260809_105723_005_001/frames.npz
camera,256015,2026-08-09T14:57:24+00:00,session_20260809_105706_trackman/trackman/camera/camera_20260809_105723_005_001/last.pgm,/Users/john.pacino/openflight_sessions/session_20260809_105706_trackman/trackman/camera/camera_20260809_105723_005_001/last.pgm
camera,837,2026-08-09T14:57:24+00:00,session_20260809_105706_trackman/trackman/camera/camera_20260809_105723_005_001/metadata.json,/Users/john.pacino/openflight_sessions/session_20260809_105706_trackman/trackman/camera/camera_20260809_105723_005_001/metadata.json
camera,256015,2026-08-09T14:57:24+00:00,session_20260809_105706_trackman/trackman/camera/camera_20260809_105723_005_001/trigger.pgm,/Users/john.pacino/openflight_sessions/session_20260809_105706_trackman/trackman/camera/camera_20260809_105723_005_001/trigger.pgm
camera,256015,2026-08-09T14:57:46+00:00,session_20260809_105706_trackman/trackman/camera/camera_20260809_105745_377_002/first.pgm,/Users/john.pacino/openflight_sessions/session_20260809_105706_trackman/trackman/camera/camera_20260809_105745_377_002/first.pgm
camera,10682584,2026-08-09T14:57:46+00:00,session_20260809_105706_trackman/trackman/camera/camera_20260809_105745_377_002/frames.npz,/Users/john.pacino/openflight_sessions/session_20260809_105706_trackman/trackman/camera/camera_20260809_105745_377_002/frames.npz
camera,256015,2026-08-09T14:57:46+00:00,session_20260809_105706_trackman/trackman/camera/camera_20260809_105745_377_002/last.pgm,/Users/john.pacino/openflight_sessions/session_20260809_105706_trackman/trackman/camera/camera_20260809_105745_377_002/last.pgm
camera,836,2026-08-09T14:57:46+00:00,session_20260809_105706_trackman/trackman/camera/camera_20260809_105745_377_002/metadata.json,/Users/john.pacino/openflight_sessions/session_20260809_105706_trackman/trackman/camera/camera_20260809_105745_377_002/metadata.json
camera,256015,2026-08-09T14:57:46+00:00,session_20260809_105706_trackman/trackman/camera/camera_20260809_105745_377_002/trigger.pgm,/Users/john.pacino/openflight_sessions/session_20260809_105706_trackman/trackman/camera/camera_20260809_105745_377_002/trigger.pgm
camera,256015,2026-08-09T14:58:08+00:00,session_20260809_105706_trackman/trackman/camera/camera_20260809_105806_912_003/first.pgm,/Users/john.pacino/openflight_sessions/session_20260809_105706_trackman/trackman/camera/camera_20260809_105806_912_003/first.pgm
camera,10698603,2026-08-09T14:58:08+00:00,session_20260809_105706_trackman/trackman/camera/camera_20260809_105806_912_003/frames.npz,/Users/john.pacino/openflight_sessions/session_20260809_105706_trackman/trackman/camera/camera_20260809_105806_912_003/frames.npz
camera,256015,2026-08-09T14:58:08+00:00,session_20260809_105706_trackman/trackman/camera/camera_20260809_105806_912_003/last.pgm,/Users/john.pacino/openflight_sessions/session_20260809_105706_trackman/trackman/camera/camera_20260809_105806_912_003/last.pgm
camera,835,2026-08-09T14:58:08+00:00,session_20260809_105706_trackman/trackman/camera/camera_20260809_105806_912_003/metadata.json,/Users/john.pacino/openflight_sessions/session_20260809_105706_trackman/trackman/camera/camera_20260809_105806_912_003/metadata.json
camera,256015,2026-08-09T14:58:08+00:00,session_20260809_105706_trackman/trackman/camera/camera_20260809_105806_912_003/trigger.pgm,/Users/john.pacino/openflight_sessions/session_20260809_105706_trackman/trackman/camera/camera_20260809_105806_912_003/trigger.pgm
session_log,972836,2026-08-09T15:07:29+00:00,session_20260809_105706_trackman.jsonl,/Users/john.pacino/openflight_sessions/session_20260809_105706_trackman.jsonl
other,123,2026-08-09T15:00:25+00:00,session_20260809_105706_trackman.jsonl.pushed,/Users/john.pacino/openflight_sessions/session_20260809_105706_trackman.jsonl.pushed
session_log,827413,2026-08-09T15:18:00+00:00,session_20260809_111239_trackman.jsonl,/Users/john.pacino/openflight_sessions/session_20260809_111239_trackman.jsonl
other,124,2026-08-09T15:18:03+00:00,session_20260809_111239_trackman.jsonl.pushed,/Users/john.pacino/openflight_sessions/session_20260809_111239_trackman.jsonl.pushed
session_log,1142359,2026-08-09T15:33:29+00:00,session_20260809_111902_trackman.jsonl,/Users/john.pacino/openflight_sessions/session_20260809_111902_trackman.jsonl
other,123,2026-08-09T15:21:25+00:00,session_20260809_111902_trackman.jsonl.pushed,/Users/john.pacino/openflight_sessions/session_20260809_111902_trackman.jsonl.pushed
session_log,2589057,2026-08-09T15:49:31+00:00,session_20260809_113433_trackman.jsonl,/Users/john.pacino/openflight_sessions/session_20260809_113433_trackman.jsonl
other,124,2026-08-09T15:42:56+00:00,session_20260809_113433_trackman.jsonl.pushed,/Users/john.pacino/openflight_sessions/session_20260809_113433_trackman.jsonl.pushed
terminal_log,32736,2026-08-09T13:05:52+00:00,terminal_logs/kiosk_20260809_090051.log,/Users/john.pacino/openflight_sessions/terminal_logs/kiosk_20260809_090051.log
terminal_log,51,2026-08-09T13:05:57+00:00,terminal_logs/kiosk_20260809_090557.log,/Users/john.pacino/openflight_sessions/terminal_logs/kiosk_20260809_090557.log
terminal_log,2607,2026-08-09T13:06:01+00:00,terminal_logs/kiosk_20260809_090600.log,/Users/john.pacino/openflight_sessions/terminal_logs/kiosk_20260809_090600.log
terminal_log,2533,2026-08-09T13:06:07+00:00,terminal_logs/kiosk_20260809_090606.log,/Users/john.pacino/openflight_sessions/terminal_logs/kiosk_20260809_090606.log
terminal_log,7598,2026-08-09T13:06:36+00:00,terminal_logs/kiosk_20260809_090616.log,/Users/john.pacino/openflight_sessions/terminal_logs/kiosk_20260809_090616.log
terminal_log,10620,2026-08-09T14:24:25+00:00,terminal_logs/kiosk_20260809_102320.log,/Users/john.pacino/openflight_sessions/terminal_logs/kiosk_20260809_102320.log
terminal_log,9337,2026-08-09T14:25:50+00:00,terminal_logs/kiosk_20260809_102504.log,/Users/john.pacino/openflight_sessions/terminal_logs/kiosk_20260809_102504.log
terminal_log,3103,2026-08-09T14:26:19+00:00,terminal_logs/kiosk_20260809_102615.log,/Users/john.pacino/openflight_sessions/terminal_logs/kiosk_20260809_102615.log
terminal_log,7036,2026-08-09T14:27:00+00:00,terminal_logs/kiosk_20260809_102653.log,/Users/john.pacino/openflight_sessions/terminal_logs/kiosk_20260809_102653.log
terminal_log,3103,2026-08-09T14:27:12+00:00,terminal_logs/kiosk_20260809_102708.log,/Users/john.pacino/openflight_sessions/terminal_logs/kiosk_20260809_102708.log
terminal_log,7148,2026-08-09T14:27:25+00:00,terminal_logs/kiosk_20260809_102717.log,/Users/john.pacino/openflight_sessions/terminal_logs/kiosk_20260809_102717.log
terminal_log,9645,2026-08-09T14:28:18+00:00,terminal_logs/kiosk_20260809_102739.log,/Users/john.pacino/openflight_sessions/terminal_logs/kiosk_20260809_102739.log
terminal_log,10197,2026-08-09T14:30:01+00:00,terminal_logs/kiosk_20260809_102912.log,/Users/john.pacino/openflight_sessions/terminal_logs/kiosk_20260809_102912.log
terminal_log,9793,2026-08-09T14:31:48+00:00,terminal_logs/kiosk_20260809_103113.log,/Users/john.pacino/openflight_sessions/terminal_logs/kiosk_20260809_103113.log
terminal_log,15240,2026-08-09T14:34:37+00:00,terminal_logs/kiosk_20260809_103236.log,/Users/john.pacino/openflight_sessions/terminal_logs/kiosk_20260809_103236.log
terminal_log,11765,2026-08-09T14:36:30+00:00,terminal_logs/kiosk_20260809_103459.log,/Users/john.pacino/openflight_sessions/terminal_logs/kiosk_20260809_103459.log
terminal_log,79064,2026-08-09T14:51:01+00:00,terminal_logs/kiosk_20260809_103707.log,/Users/john.pacino/openflight_sessions/terminal_logs/kiosk_20260809_103707.log
terminal_log,29424,2026-08-09T14:56:44+00:00,terminal_logs/kiosk_20260809_105128.log,/Users/john.pacino/openflight_sessions/terminal_logs/kiosk_20260809_105128.log
terminal_log,90151,2026-08-09T15:07:34+00:00,terminal_logs/kiosk_20260809_105655.log,/Users/john.pacino/openflight_sessions/terminal_logs/kiosk_20260809_105655.log
terminal_log,71645,2026-08-09T15:18:05+00:00,terminal_logs/kiosk_20260809_111227.log,/Users/john.pacino/openflight_sessions/terminal_logs/kiosk_20260809_111227.log
terminal_log,108014,2026-08-09T15:32:34+00:00,terminal_logs/kiosk_20260809_111853.log,/Users/john.pacino/openflight_sessions/terminal_logs/kiosk_20260809_111853.log
terminal_log,2958,2026-08-09T15:32:50+00:00,terminal_logs/kiosk_20260809_113248.log,/Users/john.pacino/openflight_sessions/terminal_logs/kiosk_20260809_113248.log
terminal_log,3103,2026-08-09T15:33:08+00:00,terminal_logs/kiosk_20260809_113304.log,/Users/john.pacino/openflight_sessions/terminal_logs/kiosk_20260809_113304.log
terminal_log,7293,2026-08-09T15:33:42+00:00,terminal_logs/kiosk_20260809_113312.log,/Users/john.pacino/openflight_sessions/terminal_logs/kiosk_20260809_113312.log
terminal_log,210308,2026-08-09T15:49:36+00:00,terminal_logs/kiosk_20260809_113424.log,/Users/john.pacino/openflight_sessions/terminal_logs/kiosk_20260809_113424.log
other,635200,2026-08-09T16:43:12.881086+00:00,trackman/20260809/trackman_activity_9cfd4507-fd93-f111-9ed5-c6cbf142edef.json,/Users/john.pacino/openflight_sessions/trackman/20260809/trackman_activity_9cfd4507-fd93-f111-9ed5-c6cbf142edef.json
other,149978,2026-08-09T16:46:50.821905+00:00,trackman/20260809/trackman_openflight_aligned_2026-08-09.csv,/Users/john.pacino/openflight_sessions/trackman/20260809/trackman_openflight_aligned_2026-08-09.csv
other,32456,2026-08-09T16:46:50.818506+00:00,trackman/20260809/trackman_shots_2026-08-09.csv,/Users/john.pacino/openflight_sessions/trackman/20260809/trackman_shots_2026-08-09.csv
camera,10244,2026-08-09T14:16:45.684040+00:00,trackman/camera/.DS_Store,/Users/john.pacino/openflight_sessions/trackman/camera/.DS_Store
camera,256015,2026-08-09T13:01:37+00:00,trackman/camera/camera_20260809_090135_301_001/first.pgm,/Users/john.pacino/openflight_sessions/trackman/camera/camera_20260809_090135_301_001/first.pgm
camera,3829888,2026-08-09T13:01:37+00:00,trackman/camera/camera_20260809_090135_301_001/frames.npz,/Users/john.pacino/openflight_sessions/trackman/camera/camera_20260809_090135_301_001/frames.npz
camera,256015,2026-08-09T13:01:37+00:00,trackman/camera/camera_20260809_090135_301_001/last.pgm,/Users/john.pacino/openflight_sessions/trackman/camera/camera_20260809_090135_301_001/last.pgm
camera,832,2026-08-09T13:01:38+00:00,trackman/camera/camera_20260809_090135_301_001/metadata.json,/Users/john.pacino/openflight_sessions/trackman/camera/camera_20260809_090135_301_001/metadata.json
camera,256015,2026-08-09T13:01:37+00:00,trackman/camera/camera_20260809_090135_301_001/trigger.pgm,/Users/john.pacino/openflight_sessions/trackman/camera/camera_20260809_090135_301_001/trigger.pgm
camera,256015,2026-08-09T13:01:46+00:00,trackman/camera/camera_20260809_090144_337_002/first.pgm,/Users/john.pacino/openflight_sessions/trackman/camera/camera_20260809_090144_337_002/first.pgm
camera,3749876,2026-08-09T13:01:46+00:00,trackman/camera/camera_20260809_090144_337_002/frames.npz,/Users/john.pacino/openflight_sessions/trackman/camera/camera_20260809_090144_337_002/frames.npz
camera,256015,2026-08-09T13:01:46+00:00,trackman/camera/camera_20260809_090144_337_002/last.pgm,/Users/john.pacino/openflight_sessions/trackman/camera/camera_20260809_090144_337_002/last.pgm
camera,832,2026-08-09T13:01:47+00:00,trackman/camera/camera_20260809_090144_337_002/metadata.json,/Users/john.pacino/openflight_sessions/trackman/camera/camera_20260809_090144_337_002/metadata.json
camera,256015,2026-08-09T13:01:46+00:00,trackman/camera/camera_20260809_090144_337_002/trigger.pgm,/Users/john.pacino/openflight_sessions/trackman/camera/camera_20260809_090144_337_002/trigger.pgm
camera,256015,2026-08-09T13:02:00+00:00,trackman/camera/camera_20260809_090158_244_003/first.pgm,/Users/john.pacino/openflight_sessions/trackman/camera/camera_20260809_090158_244_003/first.pgm
camera,6322921,2026-08-09T13:02:00+00:00,trackman/camera/camera_20260809_090158_244_003/frames.npz,/Users/john.pacino/openflight_sessions/trackman/camera/camera_20260809_090158_244_003/frames.npz
camera,256015,2026-08-09T13:02:00+00:00,trackman/camera/camera_20260809_090158_244_003/last.pgm,/Users/john.pacino/openflight_sessions/trackman/camera/camera_20260809_090158_244_003/last.pgm
camera,831,2026-08-09T13:02:00+00:00,trackman/camera/camera_20260809_090158_244_003/metadata.json,/Users/john.pacino/openflight_sessions/trackman/camera/camera_20260809_090158_244_003/metadata.json
camera,256015,2026-08-09T13:02:00+00:00,trackman/camera/camera_20260809_090158_244_003/trigger.pgm,/Users/john.pacino/openflight_sessions/trackman/camera/camera_20260809_090158_244_003/trigger.pgm
camera,256015,2026-08-09T14:38:53+00:00,trackman/camera/camera_20260809_103852_642_001/first.pgm,/Users/john.pacino/openflight_sessions/trackman/camera/camera_20260809_103852_642_001/first.pgm
camera,10750707,2026-08-09T14:38:53+00:00,trackman/camera/camera_20260809_103852_642_001/frames.npz,/Users/john.pacino/openflight_sessions/trackman/camera/camera_20260809_103852_642_001/frames.npz
camera,256015,2026-08-09T14:38:53+00:00,trackman/camera/camera_20260809_103852_642_001/last.pgm,/Users/john.pacino/openflight_sessions/trackman/camera/camera_20260809_103852_642_001/last.pgm
camera,836,2026-08-09T14:38:53+00:00,trackman/camera/camera_20260809_103852_642_001/metadata.json,/Users/john.pacino/openflight_sessions/trackman/camera/camera_20260809_103852_642_001/metadata.json
camera,256015,2026-08-09T14:38:53+00:00,trackman/camera/camera_20260809_103852_642_001/trigger.pgm,/Users/john.pacino/openflight_sessions/trackman/camera/camera_20260809_103852_642_001/trigger.pgm
camera,256015,2026-08-09T14:39:41+00:00,trackman/camera/camera_20260809_103940_737_002/first.pgm,/Users/john.pacino/openflight_sessions/trackman/camera/camera_20260809_103940_737_002/first.pgm
camera,10881593,2026-08-09T14:39:41+00:00,trackman/camera/camera_20260809_103940_737_002/frames.npz,/Users/john.pacino/openflight_sessions/trackman/camera/camera_20260809_103940_737_002/frames.npz
camera,256015,2026-08-09T14:39:41+00:00,trackman/camera/camera_20260809_103940_737_002/last.pgm,/Users/john.pacino/openflight_sessions/trackman/camera/camera_20260809_103940_737_002/last.pgm
camera,834,2026-08-09T14:39:41+00:00,trackman/camera/camera_20260809_103940_737_002/metadata.json,/Users/john.pacino/openflight_sessions/trackman/camera/camera_20260809_103940_737_002/metadata.json
camera,256015,2026-08-09T14:39:41+00:00,trackman/camera/camera_20260809_103940_737_002/trigger.pgm,/Users/john.pacino/openflight_sessions/trackman/camera/camera_20260809_103940_737_002/trigger.pgm
camera,256015,2026-08-09T14:40:42+00:00,trackman/camera/camera_20260809_104041_799_003/first.pgm,/Users/john.pacino/openflight_sessions/trackman/camera/camera_20260809_104041_799_003/first.pgm
camera,10863545,2026-08-09T14:40:42+00:00,trackman/camera/camera_20260809_104041_799_003/frames.npz,/Users/john.pacino/openflight_sessions/trackman/camera/camera_20260809_104041_799_003/frames.npz
camera,256015,2026-08-09T14:40:42+00:00,trackman/camera/camera_20260809_104041_799_003/last.pgm,/Users/john.pacino/openflight_sessions/trackman/camera/camera_20260809_104041_799_003/last.pgm
camera,836,2026-08-09T14:40:42+00:00,trackman/camera/camera_20260809_104041_799_003/metadata.json,/Users/john.pacino/openflight_sessions/trackman/camera/camera_20260809_104041_799_003/metadata.json
camera,256015,2026-08-09T14:40:42+00:00,trackman/camera/camera_20260809_104041_799_003/trigger.pgm,/Users/john.pacino/openflight_sessions/trackman/camera/camera_20260809_104041_799_003/trigger.pgm
camera,256015,2026-08-09T14:40:57+00:00,trackman/camera/camera_20260809_104056_141_004/first.pgm,/Users/john.pacino/openflight_sessions/trackman/camera/camera_20260809_104056_141_004/first.pgm
camera,10899293,2026-08-09T14:40:57+00:00,trackman/camera/camera_20260809_104056_141_004/frames.npz,/Users/john.pacino/openflight_sessions/trackman/camera/camera_20260809_104056_141_004/frames.npz
camera,256015,2026-08-09T14:40:57+00:00,trackman/camera/camera_20260809_104056_141_004/last.pgm,/Users/john.pacino/openflight_sessions/trackman/camera/camera_20260809_104056_141_004/last.pgm
camera,837,2026-08-09T14:40:57+00:00,trackman/camera/camera_20260809_104056_141_004/metadata.json,/Users/john.pacino/openflight_sessions/trackman/camera/camera_20260809_104056_141_004/metadata.json
camera,256015,2026-08-09T14:40:57+00:00,trackman/camera/camera_20260809_104056_141_004/trigger.pgm,/Users/john.pacino/openflight_sessions/trackman/camera/camera_20260809_104056_141_004/trigger.pgm
camera,256015,2026-08-09T14:41:21+00:00,trackman/camera/camera_20260809_104120_777_005/first.pgm,/Users/john.pacino/openflight_sessions/trackman/camera/camera_20260809_104120_777_005/first.pgm
camera,10856945,2026-08-09T14:41:21+00:00,trackman/camera/camera_20260809_104120_777_005/frames.npz,/Users/john.pacino/openflight_sessions/trackman/camera/camera_20260809_104120_777_005/frames.npz
camera,256015,2026-08-09T14:41:21+00:00,trackman/camera/camera_20260809_104120_777_005/last.pgm,/Users/john.pacino/openflight_sessions/trackman/camera/camera_20260809_104120_777_005/last.pgm
camera,836,2026-08-09T14:41:21+00:00,trackman/camera/camera_20260809_104120_777_005/metadata.json,/Users/john.pacino/openflight_sessions/trackman/camera/camera_20260809_104120_777_005/metadata.json
camera,256015,2026-08-09T14:41:21+00:00,trackman/camera/camera_20260809_104120_777_005/trigger.pgm,/Users/john.pacino/openflight_sessions/trackman/camera/camera_20260809_104120_777_005/trigger.pgm
camera,256015,2026-08-09T14:41:40+00:00,trackman/camera/camera_20260809_104139_745_006/first.pgm,/Users/john.pacino/openflight_sessions/trackman/camera/camera_20260809_104139_745_006/first.pgm
camera,10855496,2026-08-09T14:41:40+00:00,trackman/camera/camera_20260809_104139_745_006/frames.npz,/Users/john.pacino/openflight_sessions/trackman/camera/camera_20260809_104139_745_006/frames.npz
camera,256015,2026-08-09T14:41:40+00:00,trackman/camera/camera_20260809_104139_745_006/last.pgm,/Users/john.pacino/openflight_sessions/trackman/camera/camera_20260809_104139_745_006/last.pgm
camera,836,2026-08-09T14:41:40+00:00,trackman/camera/camera_20260809_104139_745_006/metadata.json,/Users/john.pacino/openflight_sessions/trackman/camera/camera_20260809_104139_745_006/metadata.json
camera,256015,2026-08-09T14:41:40+00:00,trackman/camera/camera_20260809_104139_745_006/trigger.pgm,/Users/john.pacino/openflight_sessions/trackman/camera/camera_20260809_104139_745_006/trigger.pgm
camera,256015,2026-08-09T14:42:04+00:00,trackman/camera/camera_20260809_104204_001_007/first.pgm,/Users/john.pacino/openflight_sessions/trackman/camera/camera_20260809_104204_001_007/first.pgm
camera,10846804,2026-08-09T14:42:04+00:00,trackman/camera/camera_20260809_104204_001_007/frames.npz,/Users/john.pacino/openflight_sessions/trackman/camera/camera_20260809_104204_001_007/frames.npz
camera,256015,2026-08-09T14:42:04+00:00,trackman/camera/camera_20260809_104204_001_007/last.pgm,/Users/john.pacino/openflight_sessions/trackman/camera/camera_20260809_104204_001_007/last.pgm
camera,836,2026-08-09T14:42:04+00:00,trackman/camera/camera_20260809_104204_001_007/metadata.json,/Users/john.pacino/openflight_sessions/trackman/camera/camera_20260809_104204_001_007/metadata.json
camera,256015,2026-08-09T14:42:04+00:00,trackman/camera/camera_20260809_104204_001_007/trigger.pgm,/Users/john.pacino/openflight_sessions/trackman/camera/camera_20260809_104204_001_007/trigger.pgm
camera,256015,2026-08-09T14:42:30+00:00,trackman/camera/camera_20260809_104229_232_008/first.pgm,/Users/john.pacino/openflight_sessions/trackman/camera/camera_20260809_104229_232_008/first.pgm
camera,10879424,2026-08-09T14:42:30+00:00,trackman/camera/camera_20260809_104229_232_008/frames.npz,/Users/john.pacino/openflight_sessions/trackman/camera/camera_20260809_104229_232_008/frames.npz
camera,256015,2026-08-09T14:42:30+00:00,trackman/camera/camera_20260809_104229_232_008/last.pgm,/Users/john.pacino/openflight_sessions/trackman/camera/camera_20260809_104229_232_008/last.pgm
camera,834,2026-08-09T14:42:30+00:00,trackman/camera/camera_20260809_104229_232_008/metadata.json,/Users/john.pacino/openflight_sessions/trackman/camera/camera_20260809_104229_232_008/metadata.json
camera,256015,2026-08-09T14:42:30+00:00,trackman/camera/camera_20260809_104229_232_008/trigger.pgm,/Users/john.pacino/openflight_sessions/trackman/camera/camera_20260809_104229_232_008/trigger.pgm
camera,256015,2026-08-09T14:42:51+00:00,trackman/camera/camera_20260809_104250_675_009/first.pgm,/Users/john.pacino/openflight_sessions/trackman/camera/camera_20260809_104250_675_009/first.pgm
camera,10892962,2026-08-09T14:42:51+00:00,trackman/camera/camera_20260809_104250_675_009/frames.npz,/Users/john.pacino/openflight_sessions/trackman/camera/camera_20260809_104250_675_009/frames.npz
camera,256015,2026-08-09T14:42:51+00:00,trackman/camera/camera_20260809_104250_675_009/last.pgm,/Users/john.pacino/openflight_sessions/trackman/camera/camera_20260809_104250_675_009/last.pgm
camera,835,2026-08-09T14:42:51+00:00,trackman/camera/camera_20260809_104250_675_009/metadata.json,/Users/john.pacino/openflight_sessions/trackman/camera/camera_20260809_104250_675_009/metadata.json
camera,256015,2026-08-09T14:42:51+00:00,trackman/camera/camera_20260809_104250_675_009/trigger.pgm,/Users/john.pacino/openflight_sessions/trackman/camera/camera_20260809_104250_675_009/trigger.pgm
camera,256015,2026-08-09T14:43:11+00:00,trackman/camera/camera_20260809_104310_730_010/first.pgm,/Users/john.pacino/openflight_sessions/trackman/camera/camera_20260809_104310_730_010/first.pgm
camera,10847819,2026-08-09T14:43:11+00:00,trackman/camera/camera_20260809_104310_730_010/frames.npz,/Users/john.pacino/openflight_sessions/trackman/camera/camera_20260809_104310_730_010/frames.npz
camera,256015,2026-08-09T14:43:11+00:00,trackman/camera/camera_20260809_104310_730_010/last.pgm,/Users/john.pacino/openflight_sessions/trackman/camera/camera_20260809_104310_730_010/last.pgm
camera,834,2026-08-09T14:43:11+00:00,trackman/camera/camera_20260809_104310_730_010/metadata.json,/Users/john.pacino/openflight_sessions/trackman/camera/camera_20260809_104310_730_010/metadata.json
camera,256015,2026-08-09T14:43:11+00:00,trackman/camera/camera_20260809_104310_730_010/trigger.pgm,/Users/john.pacino/openflight_sessions/trackman/camera/camera_20260809_104310_730_010/trigger.pgm
camera,256015,2026-08-09T14:43:35+00:00,trackman/camera/camera_20260809_104334_921_011/first.pgm,/Users/john.pacino/openflight_sessions/trackman/camera/camera_20260809_104334_921_011/first.pgm
camera,10876216,2026-08-09T14:43:35+00:00,trackman/camera/camera_20260809_104334_921_011/frames.npz,/Users/john.pacino/openflight_sessions/trackman/camera/camera_20260809_104334_921_011/frames.npz
camera,256015,2026-08-09T14:43:35+00:00,trackman/camera/camera_20260809_104334_921_011/last.pgm,/Users/john.pacino/openflight_sessions/trackman/camera/camera_20260809_104334_921_011/last.pgm
camera,838,2026-08-09T14:43:35+00:00,trackman/camera/camera_20260809_104334_921_011/metadata.json,/Users/john.pacino/openflight_sessions/trackman/camera/camera_20260809_104334_921_011/metadata.json
camera,256015,2026-08-09T14:43:35+00:00,trackman/camera/camera_20260809_104334_921_011/trigger.pgm,/Users/john.pacino/openflight_sessions/trackman/camera/camera_20260809_104334_921_011/trigger.pgm
camera,256015,2026-08-09T14:52:07+00:00,trackman/camera/camera_20260809_105206_252_001/first.pgm,/Users/john.pacino/openflight_sessions/trackman/camera/camera_20260809_105206_252_001/first.pgm
camera,10784141,2026-08-09T14:52:07+00:00,trackman/camera/camera_20260809_105206_252_001/frames.npz,/Users/john.pacino/openflight_sessions/trackman/camera/camera_20260809_105206_252_001/frames.npz
camera,256015,2026-08-09T14:52:07+00:00,trackman/camera/camera_20260809_105206_252_001/last.pgm,/Users/john.pacino/openflight_sessions/trackman/camera/camera_20260809_105206_252_001/last.pgm
camera,835,2026-08-09T14:52:07+00:00,trackman/camera/camera_20260809_105206_252_001/metadata.json,/Users/john.pacino/openflight_sessions/trackman/camera/camera_20260809_105206_252_001/metadata.json
camera,256015,2026-08-09T14:52:07+00:00,trackman/camera/camera_20260809_105206_252_001/trigger.pgm,/Users/john.pacino/openflight_sessions/trackman/camera/camera_20260809_105206_252_001/trigger.pgm
camera,256015,2026-08-09T14:52:20+00:00,trackman/camera/camera_20260809_105219_738_002/first.pgm,/Users/john.pacino/openflight_sessions/trackman/camera/camera_20260809_105219_738_002/first.pgm
camera,9866327,2026-08-09T14:52:20+00:00,trackman/camera/camera_20260809_105219_738_002/frames.npz,/Users/john.pacino/openflight_sessions/trackman/camera/camera_20260809_105219_738_002/frames.npz
camera,256015,2026-08-09T14:52:20+00:00,trackman/camera/camera_20260809_105219_738_002/last.pgm,/Users/john.pacino/openflight_sessions/trackman/camera/camera_20260809_105219_738_002/last.pgm
camera,834,2026-08-09T14:52:20+00:00,trackman/camera/camera_20260809_105219_738_002/metadata.json,/Users/john.pacino/openflight_sessions/trackman/camera/camera_20260809_105219_738_002/metadata.json
camera,256015,2026-08-09T14:52:20+00:00,trackman/camera/camera_20260809_105219_738_002/trigger.pgm,/Users/john.pacino/openflight_sessions/trackman/camera/camera_20260809_105219_738_002/trigger.pgm
camera,256015,2026-08-09T14:53:00+00:00,trackman/camera/camera_20260809_105259_654_003/first.pgm,/Users/john.pacino/openflight_sessions/trackman/camera/camera_20260809_105259_654_003/first.pgm
camera,10801683,2026-08-09T14:53:00+00:00,trackman/camera/camera_20260809_105259_654_003/frames.npz,/Users/john.pacino/openflight_sessions/trackman/camera/camera_20260809_105259_654_003/frames.npz
camera,256015,2026-08-09T14:53:00+00:00,trackman/camera/camera_20260809_105259_654_003/last.pgm,/Users/john.pacino/openflight_sessions/trackman/camera/camera_20260809_105259_654_003/last.pgm
camera,832,2026-08-09T14:53:00+00:00,trackman/camera/camera_20260809_105259_654_003/metadata.json,/Users/john.pacino/openflight_sessions/trackman/camera/camera_20260809_105259_654_003/metadata.json
camera,256015,2026-08-09T14:53:00+00:00,trackman/camera/camera_20260809_105259_654_003/trigger.pgm,/Users/john.pacino/openflight_sessions/trackman/camera/camera_20260809_105259_654_003/trigger.pgm
camera,256015,2026-08-09T14:53:18+00:00,trackman/camera/camera_20260809_105317_669_004/first.pgm,/Users/john.pacino/openflight_sessions/trackman/camera/camera_20260809_105317_669_004/first.pgm
camera,10787110,2026-08-09T14:53:18+00:00,trackman/camera/camera_20260809_105317_669_004/frames.npz,/Users/john.pacino/openflight_sessions/trackman/camera/camera_20260809_105317_669_004/frames.npz
camera,256015,2026-08-09T14:53:18+00:00,trackman/camera/camera_20260809_105317_669_004/last.pgm,/Users/john.pacino/openflight_sessions/trackman/camera/camera_20260809_105317_669_004/last.pgm
camera,832,2026-08-09T14:53:18+00:00,trackman/camera/camera_20260809_105317_669_004/metadata.json,/Users/john.pacino/openflight_sessions/trackman/camera/camera_20260809_105317_669_004/metadata.json
camera,256015,2026-08-09T14:53:18+00:00,trackman/camera/camera_20260809_105317_669_004/trigger.pgm,/Users/john.pacino/openflight_sessions/trackman/camera/camera_20260809_105317_669_004/trigger.pgm
camera,256015,2026-08-09T14:57:24+00:00,trackman/camera/camera_20260809_105723_005_001/first.pgm,/Users/john.pacino/openflight_sessions/trackman/camera/camera_20260809_105723_005_001/first.pgm
camera,10663218,2026-08-09T14:57:24+00:00,trackman/camera/camera_20260809_105723_005_001/frames.npz,/Users/john.pacino/openflight_sessions/trackman/camera/camera_20260809_105723_005_001/frames.npz
camera,256015,2026-08-09T14:57:24+00:00,trackman/camera/camera_20260809_105723_005_001/last.pgm,/Users/john.pacino/openflight_sessions/trackman/camera/camera_20260809_105723_005_001/last.pgm
camera,837,2026-08-09T14:57:24+00:00,trackman/camera/camera_20260809_105723_005_001/metadata.json,/Users/john.pacino/openflight_sessions/trackman/camera/camera_20260809_105723_005_001/metadata.json
camera,256015,2026-08-09T14:57:24+00:00,trackman/camera/camera_20260809_105723_005_001/trigger.pgm,/Users/john.pacino/openflight_sessions/trackman/camera/camera_20260809_105723_005_001/trigger.pgm
camera,256015,2026-08-09T14:57:46+00:00,trackman/camera/camera_20260809_105745_377_002/first.pgm,/Users/john.pacino/openflight_sessions/trackman/camera/camera_20260809_105745_377_002/first.pgm
camera,10682584,2026-08-09T14:57:46+00:00,trackman/camera/camera_20260809_105745_377_002/frames.npz,/Users/john.pacino/openflight_sessions/trackman/camera/camera_20260809_105745_377_002/frames.npz
camera,256015,2026-08-09T14:57:46+00:00,trackman/camera/camera_20260809_105745_377_002/last.pgm,/Users/john.pacino/openflight_sessions/trackman/camera/camera_20260809_105745_377_002/last.pgm
camera,836,2026-08-09T14:57:46+00:00,trackman/camera/camera_20260809_105745_377_002/metadata.json,/Users/john.pacino/openflight_sessions/trackman/camera/camera_20260809_105745_377_002/metadata.json
camera,256015,2026-08-09T14:57:46+00:00,trackman/camera/camera_20260809_105745_377_002/trigger.pgm,/Users/john.pacino/openflight_sessions/trackman/camera/camera_20260809_105745_377_002/trigger.pgm
camera,256015,2026-08-09T14:58:08+00:00,trackman/camera/camera_20260809_105806_912_003/first.pgm,/Users/john.pacino/openflight_sessions/trackman/camera/camera_20260809_105806_912_003/first.pgm
camera,10698603,2026-08-09T14:58:08+00:00,trackman/camera/camera_20260809_105806_912_003/frames.npz,/Users/john.pacino/openflight_sessions/trackman/camera/camera_20260809_105806_912_003/frames.npz
camera,256015,2026-08-09T14:58:08+00:00,trackman/camera/camera_20260809_105806_912_003/last.pgm,/Users/john.pacino/openflight_sessions/trackman/camera/camera_20260809_105806_912_003/last.pgm
camera,835,2026-08-09T14:58:08+00:00,trackman/camera/camera_20260809_105806_912_003/metadata.json,/Users/john.pacino/openflight_sessions/trackman/camera/camera_20260809_105806_912_003/metadata.json
camera,256015,2026-08-09T14:58:08+00:00,trackman/camera/camera_20260809_105806_912_003/trigger.pgm,/Users/john.pacino/openflight_sessions/trackman/camera/camera_20260809_105806_912_003/trigger.pgm
camera,256015,2026-08-09T15:02:04+00:00,trackman/camera/camera_20260809_110203_483_004/first.pgm,/Users/john.pacino/openflight_sessions/trackman/camera/camera_20260809_110203_483_004/first.pgm
camera,10608997,2026-08-09T15:02:04+00:00,trackman/camera/camera_20260809_110203_483_004/frames.npz,/Users/john.pacino/openflight_sessions/trackman/camera/camera_20260809_110203_483_004/frames.npz
camera,256015,2026-08-09T15:02:04+00:00,trackman/camera/camera_20260809_110203_483_004/last.pgm,/Users/john.pacino/openflight_sessions/trackman/camera/camera_20260809_110203_483_004/last.pgm
camera,846,2026-08-09T15:02:04+00:00,trackman/camera/camera_20260809_110203_483_004/metadata.json,/Users/john.pacino/openflight_sessions/trackman/camera/camera_20260809_110203_483_004/metadata.json
camera,256015,2026-08-09T15:02:04+00:00,trackman/camera/camera_20260809_110203_483_004/trigger.pgm,/Users/john.pacino/openflight_sessions/trackman/camera/camera_20260809_110203_483_004/trigger.pgm
camera,256015,2026-08-09T15:02:17+00:00,trackman/camera/camera_20260809_110216_790_005/first.pgm,/Users/john.pacino/openflight_sessions/trackman/camera/camera_20260809_110216_790_005/first.pgm
camera,10667407,2026-08-09T15:02:17+00:00,trackman/camera/camera_20260809_110216_790_005/frames.npz,/Users/john.pacino/openflight_sessions/trackman/camera/camera_20260809_110216_790_005/frames.npz
camera,256015,2026-08-09T15:02:17+00:00,trackman/camera/camera_20260809_110216_790_005/last.pgm,/Users/john.pacino/openflight_sessions/trackman/camera/camera_20260809_110216_790_005/last.pgm
camera,836,2026-08-09T15:02:17+00:00,trackman/camera/camera_20260809_110216_790_005/metadata.json,/Users/john.pacino/openflight_sessions/trackman/camera/camera_20260809_110216_790_005/metadata.json
camera,256015,2026-08-09T15:02:17+00:00,trackman/camera/camera_20260809_110216_790_005/trigger.pgm,/Users/john.pacino/openflight_sessions/trackman/camera/camera_20260809_110216_790_005/trigger.pgm
camera,256015,2026-08-09T15:02:39+00:00,trackman/camera/camera_20260809_110238_956_006/first.pgm,/Users/john.pacino/openflight_sessions/trackman/camera/camera_20260809_110238_956_006/first.pgm
camera,10609445,2026-08-09T15:02:39+00:00,trackman/camera/camera_20260809_110238_956_006/frames.npz,/Users/john.pacino/openflight_sessions/trackman/camera/camera_20260809_110238_956_006/frames.npz
camera,256015,2026-08-09T15:02:39+00:00,trackman/camera/camera_20260809_110238_956_006/last.pgm,/Users/john.pacino/openflight_sessions/trackman/camera/camera_20260809_110238_956_006/last.pgm
camera,829,2026-08-09T15:02:39+00:00,trackman/camera/camera_20260809_110238_956_006/metadata.json,/Users/john.pacino/openflight_sessions/trackman/camera/camera_20260809_110238_956_006/metadata.json
camera,256015,2026-08-09T15:02:39+00:00,trackman/camera/camera_20260809_110238_956_006/trigger.pgm,/Users/john.pacino/openflight_sessions/trackman/camera/camera_20260809_110238_956_006/trigger.pgm
camera,256015,2026-08-09T15:02:52+00:00,trackman/camera/camera_20260809_110251_829_007/first.pgm,/Users/john.pacino/openflight_sessions/trackman/camera/camera_20260809_110251_829_007/first.pgm
camera,10623817,2026-08-09T15:02:52+00:00,trackman/camera/camera_20260809_110251_829_007/frames.npz,/Users/john.pacino/openflight_sessions/trackman/camera/camera_20260809_110251_829_007/frames.npz
camera,256015,2026-08-09T15:02:52+00:00,trackman/camera/camera_20260809_110251_829_007/last.pgm,/Users/john.pacino/openflight_sessions/trackman/camera/camera_20260809_110251_829_007/last.pgm
camera,834,2026-08-09T15:02:52+00:00,trackman/camera/camera_20260809_110251_829_007/metadata.json,/Users/john.pacino/openflight_sessions/trackman/camera/camera_20260809_110251_829_007/metadata.json
camera,256015,2026-08-09T15:02:52+00:00,trackman/camera/camera_20260809_110251_829_007/trigger.pgm,/Users/john.pacino/openflight_sessions/trackman/camera/camera_20260809_110251_829_007/trigger.pgm
camera,256015,2026-08-09T15:03:12+00:00,trackman/camera/camera_20260809_110312_094_008/first.pgm,/Users/john.pacino/openflight_sessions/trackman/camera/camera_20260809_110312_094_008/first.pgm
camera,10673710,2026-08-09T15:03:12+00:00,trackman/camera/camera_20260809_110312_094_008/frames.npz,/Users/john.pacino/openflight_sessions/trackman/camera/camera_20260809_110312_094_008/frames.npz
camera,256015,2026-08-09T15:03:12+00:00,trackman/camera/camera_20260809_110312_094_008/last.pgm,/Users/john.pacino/openflight_sessions/trackman/camera/camera_20260809_110312_094_008/last.pgm
camera,835,2026-08-09T15:03:13+00:00,trackman/camera/camera_20260809_110312_094_008/metadata.json,/Users/john.pacino/openflight_sessions/trackman/camera/camera_20260809_110312_094_008/metadata.json
camera,256015,2026-08-09T15:03:12+00:00,trackman/camera/camera_20260809_110312_094_008/trigger.pgm,/Users/john.pacino/openflight_sessions/trackman/camera/camera_20260809_110312_094_008/trigger.pgm
camera,256015,2026-08-09T15:03:25+00:00,trackman/camera/camera_20260809_110324_313_009/first.pgm,/Users/john.pacino/openflight_sessions/trackman/camera/camera_20260809_110324_313_009/first.pgm
camera,10632083,2026-08-09T15:03:25+00:00,trackman/camera/camera_20260809_110324_313_009/frames.npz,/Users/john.pacino/openflight_sessions/trackman/camera/camera_20260809_110324_313_009/frames.npz
camera,256015,2026-08-09T15:03:25+00:00,trackman/camera/camera_20260809_110324_313_009/last.pgm,/Users/john.pacino/openflight_sessions/trackman/camera/camera_20260809_110324_313_009/last.pgm
camera,834,2026-08-09T15:03:25+00:00,trackman/camera/camera_20260809_110324_313_009/metadata.json,/Users/john.pacino/openflight_sessions/trackman/camera/camera_20260809_110324_313_009/metadata.json
camera,256015,2026-08-09T15:03:25+00:00,trackman/camera/camera_20260809_110324_313_009/trigger.pgm,/Users/john.pacino/openflight_sessions/trackman/camera/camera_20260809_110324_313_009/trigger.pgm
camera,256015,2026-08-09T15:03:39+00:00,trackman/camera/camera_20260809_110338_659_010/first.pgm,/Users/john.pacino/openflight_sessions/trackman/camera/camera_20260809_110338_659_010/first.pgm
camera,10633500,2026-08-09T15:03:39+00:00,trackman/camera/camera_20260809_110338_659_010/frames.npz,/Users/john.pacino/openflight_sessions/trackman/camera/camera_20260809_110338_659_010/frames.npz
camera,256015,2026-08-09T15:03:39+00:00,trackman/camera/camera_20260809_110338_659_010/last.pgm,/Users/john.pacino/openflight_sessions/trackman/camera/camera_20260809_110338_659_010/last.pgm
camera,837,2026-08-09T15:03:39+00:00,trackman/camera/camera_20260809_110338_659_010/metadata.json,/Users/john.pacino/openflight_sessions/trackman/camera/camera_20260809_110338_659_010/metadata.json
camera,256015,2026-08-09T15:03:39+00:00,trackman/camera/camera_20260809_110338_659_010/trigger.pgm,/Users/john.pacino/openflight_sessions/trackman/camera/camera_20260809_110338_659_010/trigger.pgm
camera,256015,2026-08-09T15:03:57+00:00,trackman/camera/camera_20260809_110356_324_011/first.pgm,/Users/john.pacino/openflight_sessions/trackman/camera/camera_20260809_110356_324_011/first.pgm
camera,10649424,2026-08-09T15:03:57+00:00,trackman/camera/camera_20260809_110356_324_011/frames.npz,/Users/john.pacino/openflight_sessions/trackman/camera/camera_20260809_110356_324_011/frames.npz
camera,256015,2026-08-09T15:03:57+00:00,trackman/camera/camera_20260809_110356_324_011/last.pgm,/Users/john.pacino/openflight_sessions/trackman/camera/camera_20260809_110356_324_011/last.pgm
camera,843,2026-08-09T15:03:57+00:00,trackman/camera/camera_20260809_110356_324_011/metadata.json,/Users/john.pacino/openflight_sessions/trackman/camera/camera_20260809_110356_324_011/metadata.json
camera,256015,2026-08-09T15:03:57+00:00,trackman/camera/camera_20260809_110356_324_011/trigger.pgm,/Users/john.pacino/openflight_sessions/trackman/camera/camera_20260809_110356_324_011/trigger.pgm
camera,256015,2026-08-09T15:04:17+00:00,trackman/camera/camera_20260809_110416_300_012/first.pgm,/Users/john.pacino/openflight_sessions/trackman/camera/camera_20260809_110416_300_012/first.pgm
camera,10628112,2026-08-09T15:04:17+00:00,trackman/camera/camera_20260809_110416_300_012/frames.npz,/Users/john.pacino/openflight_sessions/trackman/camera/camera_20260809_110416_300_012/frames.npz
camera,256015,2026-08-09T15:04:17+00:00,trackman/camera/camera_20260809_110416_300_012/last.pgm,/Users/john.pacino/openflight_sessions/trackman/camera/camera_20260809_110416_300_012/last.pgm
camera,836,2026-08-09T15:04:17+00:00,trackman/camera/camera_20260809_110416_300_012/metadata.json,/Users/john.pacino/openflight_sessions/trackman/camera/camera_20260809_110416_300_012/metadata.json
camera,256015,2026-08-09T15:04:17+00:00,trackman/camera/camera_20260809_110416_300_012/trigger.pgm,/Users/john.pacino/openflight_sessions/trackman/camera/camera_20260809_110416_300_012/trigger.pgm
camera,256015,2026-08-09T15:04:31+00:00,trackman/camera/camera_20260809_110430_952_013/first.pgm,/Users/john.pacino/openflight_sessions/trackman/camera/camera_20260809_110430_952_013/first.pgm
camera,10611102,2026-08-09T15:04:31+00:00,trackman/camera/camera_20260809_110430_952_013/frames.npz,/Users/john.pacino/openflight_sessions/trackman/camera/camera_20260809_110430_952_013/frames.npz
camera,256015,2026-08-09T15:04:31+00:00,trackman/camera/camera_20260809_110430_952_013/last.pgm,/Users/john.pacino/openflight_sessions/trackman/camera/camera_20260809_110430_952_013/last.pgm
camera,849,2026-08-09T15:04:31+00:00,trackman/camera/camera_20260809_110430_952_013/metadata.json,/Users/john.pacino/openflight_sessions/trackman/camera/camera_20260809_110430_952_013/metadata.json
camera,256015,2026-08-09T15:04:31+00:00,trackman/camera/camera_20260809_110430_952_013/trigger.pgm,/Users/john.pacino/openflight_sessions/trackman/camera/camera_20260809_110430_952_013/trigger.pgm
camera,256015,2026-08-09T15:04:52+00:00,trackman/camera/camera_20260809_110451_906_014/first.pgm,/Users/john.pacino/openflight_sessions/trackman/camera/camera_20260809_110451_906_014/first.pgm
camera,10641100,2026-08-09T15:04:52+00:00,trackman/camera/camera_20260809_110451_906_014/frames.npz,/Users/john.pacino/openflight_sessions/trackman/camera/camera_20260809_110451_906_014/frames.npz
camera,256015,2026-08-09T15:04:52+00:00,trackman/camera/camera_20260809_110451_906_014/last.pgm,/Users/john.pacino/openflight_sessions/trackman/camera/camera_20260809_110451_906_014/last.pgm
camera,836,2026-08-09T15:04:52+00:00,trackman/camera/camera_20260809_110451_906_014/metadata.json,/Users/john.pacino/openflight_sessions/trackman/camera/camera_20260809_110451_906_014/metadata.json
camera,256015,2026-08-09T15:04:52+00:00,trackman/camera/camera_20260809_110451_906_014/trigger.pgm,/Users/john.pacino/openflight_sessions/trackman/camera/camera_20260809_110451_906_014/trigger.pgm
camera,256015,2026-08-09T15:05:05+00:00,trackman/camera/camera_20260809_110504_888_015/first.pgm,/Users/john.pacino/openflight_sessions/trackman/camera/camera_20260809_110504_888_015/first.pgm
camera,10624484,2026-08-09T15:05:05+00:00,trackman/camera/camera_20260809_110504_888_015/frames.npz,/Users/john.pacino/openflight_sessions/trackman/camera/camera_20260809_110504_888_015/frames.npz
camera,256015,2026-08-09T15:05:05+00:00,trackman/camera/camera_20260809_110504_888_015/last.pgm,/Users/john.pacino/openflight_sessions/trackman/camera/camera_20260809_110504_888_015/last.pgm
camera,837,2026-08-09T15:05:05+00:00,trackman/camera/camera_20260809_110504_888_015/metadata.json,/Users/john.pacino/openflight_sessions/trackman/camera/camera_20260809_110504_888_015/metadata.json
camera,256015,2026-08-09T15:05:05+00:00,trackman/camera/camera_20260809_110504_888_015/trigger.pgm,/Users/john.pacino/openflight_sessions/trackman/camera/camera_20260809_110504_888_015/trigger.pgm
camera,256015,2026-08-09T15:13:05+00:00,trackman/camera/camera_20260809_111304_873_001/first.pgm,/Users/john.pacino/openflight_sessions/trackman/camera/camera_20260809_111304_873_001/first.pgm
camera,10671657,2026-08-09T15:13:05+00:00,trackman/camera/camera_20260809_111304_873_001/frames.npz,/Users/john.pacino/openflight_sessions/trackman/camera/camera_20260809_111304_873_001/frames.npz
camera,256015,2026-08-09T15:13:05+00:00,trackman/camera/camera_20260809_111304_873_001/last.pgm,/Users/john.pacino/openflight_sessions/trackman/camera/camera_20260809_111304_873_001/last.pgm
camera,831,2026-08-09T15:13:05+00:00,trackman/camera/camera_20260809_111304_873_001/metadata.json,/Users/john.pacino/openflight_sessions/trackman/camera/camera_20260809_111304_873_001/metadata.json
camera,256015,2026-08-09T15:13:05+00:00,trackman/camera/camera_20260809_111304_873_001/trigger.pgm,/Users/john.pacino/openflight_sessions/trackman/camera/camera_20260809_111304_873_001/trigger.pgm
camera,256015,2026-08-09T15:13:38+00:00,trackman/camera/camera_20260809_111337_707_002/first.pgm,/Users/john.pacino/openflight_sessions/trackman/camera/camera_20260809_111337_707_002/first.pgm
camera,10701145,2026-08-09T15:13:38+00:00,trackman/camera/camera_20260809_111337_707_002/frames.npz,/Users/john.pacino/openflight_sessions/trackman/camera/camera_20260809_111337_707_002/frames.npz
camera,256015,2026-08-09T15:13:38+00:00,trackman/camera/camera_20260809_111337_707_002/last.pgm,/Users/john.pacino/openflight_sessions/trackman/camera/camera_20260809_111337_707_002/last.pgm
camera,836,2026-08-09T15:13:38+00:00,trackman/camera/camera_20260809_111337_707_002/metadata.json,/Users/john.pacino/openflight_sessions/trackman/camera/camera_20260809_111337_707_002/metadata.json
camera,256015,2026-08-09T15:13:38+00:00,trackman/camera/camera_20260809_111337_707_002/trigger.pgm,/Users/john.pacino/openflight_sessions/trackman/camera/camera_20260809_111337_707_002/trigger.pgm
camera,256015,2026-08-09T15:14:03+00:00,trackman/camera/camera_20260809_111402_385_003/first.pgm,/Users/john.pacino/openflight_sessions/trackman/camera/camera_20260809_111402_385_003/first.pgm
camera,10769630,2026-08-09T15:14:03+00:00,trackman/camera/camera_20260809_111402_385_003/frames.npz,/Users/john.pacino/openflight_sessions/trackman/camera/camera_20260809_111402_385_003/frames.npz
camera,256015,2026-08-09T15:14:03+00:00,trackman/camera/camera_20260809_111402_385_003/last.pgm,/Users/john.pacino/openflight_sessions/trackman/camera/camera_20260809_111402_385_003/last.pgm
camera,832,2026-08-09T15:14:03+00:00,trackman/camera/camera_20260809_111402_385_003/metadata.json,/Users/john.pacino/openflight_sessions/trackman/camera/camera_20260809_111402_385_003/metadata.json
camera,256015,2026-08-09T15:14:03+00:00,trackman/camera/camera_20260809_111402_385_003/trigger.pgm,/Users/john.pacino/openflight_sessions/trackman/camera/camera_20260809_111402_385_003/trigger.pgm
camera,256015,2026-08-09T15:14:33+00:00,trackman/camera/camera_20260809_111432_771_004/first.pgm,/Users/john.pacino/openflight_sessions/trackman/camera/camera_20260809_111432_771_004/first.pgm
camera,10695131,2026-08-09T15:14:33+00:00,trackman/camera/camera_20260809_111432_771_004/frames.npz,/Users/john.pacino/openflight_sessions/trackman/camera/camera_20260809_111432_771_004/frames.npz
camera,256015,2026-08-09T15:14:33+00:00,trackman/camera/camera_20260809_111432_771_004/last.pgm,/Users/john.pacino/openflight_sessions/trackman/camera/camera_20260809_111432_771_004/last.pgm
camera,832,2026-08-09T15:14:33+00:00,trackman/camera/camera_20260809_111432_771_004/metadata.json,/Users/john.pacino/openflight_sessions/trackman/camera/camera_20260809_111432_771_004/metadata.json
camera,256015,2026-08-09T15:14:33+00:00,trackman/camera/camera_20260809_111432_771_004/trigger.pgm,/Users/john.pacino/openflight_sessions/trackman/camera/camera_20260809_111432_771_004/trigger.pgm
camera,256015,2026-08-09T15:14:46+00:00,trackman/camera/camera_20260809_111446_022_005/first.pgm,/Users/john.pacino/openflight_sessions/trackman/camera/camera_20260809_111446_022_005/first.pgm
camera,10720405,2026-08-09T15:14:46+00:00,trackman/camera/camera_20260809_111446_022_005/frames.npz,/Users/john.pacino/openflight_sessions/trackman/camera/camera_20260809_111446_022_005/frames.npz
camera,256015,2026-08-09T15:14:46+00:00,trackman/camera/camera_20260809_111446_022_005/last.pgm,/Users/john.pacino/openflight_sessions/trackman/camera/camera_20260809_111446_022_005/last.pgm
camera,834,2026-08-09T15:14:46+00:00,trackman/camera/camera_20260809_111446_022_005/metadata.json,/Users/john.pacino/openflight_sessions/trackman/camera/camera_20260809_111446_022_005/metadata.json
camera,256015,2026-08-09T15:14:46+00:00,trackman/camera/camera_20260809_111446_022_005/trigger.pgm,/Users/john.pacino/openflight_sessions/trackman/camera/camera_20260809_111446_022_005/trigger.pgm
camera,256015,2026-08-09T15:15:07+00:00,trackman/camera/camera_20260809_111506_120_006/first.pgm,/Users/john.pacino/openflight_sessions/trackman/camera/camera_20260809_111506_120_006/first.pgm
camera,10713683,2026-08-09T15:15:07+00:00,trackman/camera/camera_20260809_111506_120_006/frames.npz,/Users/john.pacino/openflight_sessions/trackman/camera/camera_20260809_111506_120_006/frames.npz
camera,256015,2026-08-09T15:15:07+00:00,trackman/camera/camera_20260809_111506_120_006/last.pgm,/Users/john.pacino/openflight_sessions/trackman/camera/camera_20260809_111506_120_006/last.pgm
camera,835,2026-08-09T15:15:07+00:00,trackman/camera/camera_20260809_111506_120_006/metadata.json,/Users/john.pacino/openflight_sessions/trackman/camera/camera_20260809_111506_120_006/metadata.json
camera,256015,2026-08-09T15:15:07+00:00,trackman/camera/camera_20260809_111506_120_006/trigger.pgm,/Users/john.pacino/openflight_sessions/trackman/camera/camera_20260809_111506_120_006/trigger.pgm
camera,256015,2026-08-09T15:15:21+00:00,trackman/camera/camera_20260809_111520_310_007/first.pgm,/Users/john.pacino/openflight_sessions/trackman/camera/camera_20260809_111520_310_007/first.pgm
camera,10699322,2026-08-09T15:15:21+00:00,trackman/camera/camera_20260809_111520_310_007/frames.npz,/Users/john.pacino/openflight_sessions/trackman/camera/camera_20260809_111520_310_007/frames.npz
camera,256015,2026-08-09T15:15:21+00:00,trackman/camera/camera_20260809_111520_310_007/last.pgm,/Users/john.pacino/openflight_sessions/trackman/camera/camera_20260809_111520_310_007/last.pgm
camera,837,2026-08-09T15:15:21+00:00,trackman/camera/camera_20260809_111520_310_007/metadata.json,/Users/john.pacino/openflight_sessions/trackman/camera/camera_20260809_111520_310_007/metadata.json
camera,256015,2026-08-09T15:15:21+00:00,trackman/camera/camera_20260809_111520_310_007/trigger.pgm,/Users/john.pacino/openflight_sessions/trackman/camera/camera_20260809_111520_310_007/trigger.pgm
camera,256015,2026-08-09T15:15:36+00:00,trackman/camera/camera_20260809_111536_008_008/first.pgm,/Users/john.pacino/openflight_sessions/trackman/camera/camera_20260809_111536_008_008/first.pgm
camera,10683319,2026-08-09T15:15:36+00:00,trackman/camera/camera_20260809_111536_008_008/frames.npz,/Users/john.pacino/openflight_sessions/trackman/camera/camera_20260809_111536_008_008/frames.npz
camera,256015,2026-08-09T15:15:36+00:00,trackman/camera/camera_20260809_111536_008_008/last.pgm,/Users/john.pacino/openflight_sessions/trackman/camera/camera_20260809_111536_008_008/last.pgm
camera,834,2026-08-09T15:15:37+00:00,trackman/camera/camera_20260809_111536_008_008/metadata.json,/Users/john.pacino/openflight_sessions/trackman/camera/camera_20260809_111536_008_008/metadata.json
camera,256015,2026-08-09T15:15:36+00:00,trackman/camera/camera_20260809_111536_008_008/trigger.pgm,/Users/john.pacino/openflight_sessions/trackman/camera/camera_20260809_111536_008_008/trigger.pgm
camera,256015,2026-08-09T15:15:52+00:00,trackman/camera/camera_20260809_111551_296_009/first.pgm,/Users/john.pacino/openflight_sessions/trackman/camera/camera_20260809_111551_296_009/first.pgm
camera,10741932,2026-08-09T15:15:52+00:00,trackman/camera/camera_20260809_111551_296_009/frames.npz,/Users/john.pacino/openflight_sessions/trackman/camera/camera_20260809_111551_296_009/frames.npz
camera,256015,2026-08-09T15:15:52+00:00,trackman/camera/camera_20260809_111551_296_009/last.pgm,/Users/john.pacino/openflight_sessions/trackman/camera/camera_20260809_111551_296_009/last.pgm
camera,831,2026-08-09T15:15:52+00:00,trackman/camera/camera_20260809_111551_296_009/metadata.json,/Users/john.pacino/openflight_sessions/trackman/camera/camera_20260809_111551_296_009/metadata.json
camera,256015,2026-08-09T15:15:52+00:00,trackman/camera/camera_20260809_111551_296_009/trigger.pgm,/Users/john.pacino/openflight_sessions/trackman/camera/camera_20260809_111551_296_009/trigger.pgm
camera,256015,2026-08-09T15:16:11+00:00,trackman/camera/camera_20260809_111610_198_010/first.pgm,/Users/john.pacino/openflight_sessions/trackman/camera/camera_20260809_111610_198_010/first.pgm
camera,10731592,2026-08-09T15:16:11+00:00,trackman/camera/camera_20260809_111610_198_010/frames.npz,/Users/john.pacino/openflight_sessions/trackman/camera/camera_20260809_111610_198_010/frames.npz
camera,256015,2026-08-09T15:16:11+00:00,trackman/camera/camera_20260809_111610_198_010/last.pgm,/Users/john.pacino/openflight_sessions/trackman/camera/camera_20260809_111610_198_010/last.pgm
camera,834,2026-08-09T15:16:11+00:00,trackman/camera/camera_20260809_111610_198_010/metadata.json,/Users/john.pacino/openflight_sessions/trackman/camera/camera_20260809_111610_198_010/metadata.json
camera,256015,2026-08-09T15:16:11+00:00,trackman/camera/camera_20260809_111610_198_010/trigger.pgm,/Users/john.pacino/openflight_sessions/trackman/camera/camera_20260809_111610_198_010/trigger.pgm
camera,256015,2026-08-09T15:16:24+00:00,trackman/camera/camera_20260809_111623_837_011/first.pgm,/Users/john.pacino/openflight_sessions/trackman/camera/camera_20260809_111623_837_011/first.pgm
camera,10728833,2026-08-09T15:16:24+00:00,trackman/camera/camera_20260809_111623_837_011/frames.npz,/Users/john.pacino/openflight_sessions/trackman/camera/camera_20260809_111623_837_011/frames.npz
camera,256015,2026-08-09T15:16:24+00:00,trackman/camera/camera_20260809_111623_837_011/last.pgm,/Users/john.pacino/openflight_sessions/trackman/camera/camera_20260809_111623_837_011/last.pgm
camera,835,2026-08-09T15:16:24+00:00,trackman/camera/camera_20260809_111623_837_011/metadata.json,/Users/john.pacino/openflight_sessions/trackman/camera/camera_20260809_111623_837_011/metadata.json
camera,256015,2026-08-09T15:16:24+00:00,trackman/camera/camera_20260809_111623_837_011/trigger.pgm,/Users/john.pacino/openflight_sessions/trackman/camera/camera_20260809_111623_837_011/trigger.pgm
camera,256015,2026-08-09T15:16:45+00:00,trackman/camera/camera_20260809_111644_633_012/first.pgm,/Users/john.pacino/openflight_sessions/trackman/camera/camera_20260809_111644_633_012/first.pgm
camera,10775645,2026-08-09T15:16:45+00:00,trackman/camera/camera_20260809_111644_633_012/frames.npz,/Users/john.pacino/openflight_sessions/trackman/camera/camera_20260809_111644_633_012/frames.npz
camera,256015,2026-08-09T15:16:45+00:00,trackman/camera/camera_20260809_111644_633_012/last.pgm,/Users/john.pacino/openflight_sessions/trackman/camera/camera_20260809_111644_633_012/last.pgm
camera,835,2026-08-09T15:16:45+00:00,trackman/camera/camera_20260809_111644_633_012/metadata.json,/Users/john.pacino/openflight_sessions/trackman/camera/camera_20260809_111644_633_012/metadata.json
camera,256015,2026-08-09T15:16:45+00:00,trackman/camera/camera_20260809_111644_633_012/trigger.pgm,/Users/john.pacino/openflight_sessions/trackman/camera/camera_20260809_111644_633_012/trigger.pgm
camera,256015,2026-08-09T15:17:00+00:00,trackman/camera/camera_20260809_111659_763_013/first.pgm,/Users/john.pacino/openflight_sessions/trackman/camera/camera_20260809_111659_763_013/first.pgm
camera,10651675,2026-08-09T15:17:00+00:00,trackman/camera/camera_20260809_111659_763_013/frames.npz,/Users/john.pacino/openflight_sessions/trackman/camera/camera_20260809_111659_763_013/frames.npz
camera,256015,2026-08-09T15:17:00+00:00,trackman/camera/camera_20260809_111659_763_013/last.pgm,/Users/john.pacino/openflight_sessions/trackman/camera/camera_20260809_111659_763_013/last.pgm
camera,836,2026-08-09T15:17:00+00:00,trackman/camera/camera_20260809_111659_763_013/metadata.json,/Users/john.pacino/openflight_sessions/trackman/camera/camera_20260809_111659_763_013/metadata.json
camera,256015,2026-08-09T15:17:00+00:00,trackman/camera/camera_20260809_111659_763_013/trigger.pgm,/Users/john.pacino/openflight_sessions/trackman/camera/camera_20260809_111659_763_013/trigger.pgm
camera,256015,2026-08-09T15:19:27+00:00,trackman/camera/camera_20260809_111926_148_001/first.pgm,/Users/john.pacino/openflight_sessions/trackman/camera/camera_20260809_111926_148_001/first.pgm
camera,10712185,2026-08-09T15:19:27+00:00,trackman/camera/camera_20260809_111926_148_001/frames.npz,/Users/john.pacino/openflight_sessions/trackman/camera/camera_20260809_111926_148_001/frames.npz
camera,256015,2026-08-09T15:19:27+00:00,trackman/camera/camera_20260809_111926_148_001/last.pgm,/Users/john.pacino/openflight_sessions/trackman/camera/camera_20260809_111926_148_001/last.pgm
camera,836,2026-08-09T15:19:27+00:00,trackman/camera/camera_20260809_111926_148_001/metadata.json,/Users/john.pacino/openflight_sessions/trackman/camera/camera_20260809_111926_148_001/metadata.json
camera,256015,2026-08-09T15:19:27+00:00,trackman/camera/camera_20260809_111926_148_001/trigger.pgm,/Users/john.pacino/openflight_sessions/trackman/camera/camera_20260809_111926_148_001/trigger.pgm
camera,256015,2026-08-09T15:19:48+00:00,trackman/camera/camera_20260809_111948_007_002/first.pgm,/Users/john.pacino/openflight_sessions/trackman/camera/camera_20260809_111948_007_002/first.pgm
camera,10738475,2026-08-09T15:19:48+00:00,trackman/camera/camera_20260809_111948_007_002/frames.npz,/Users/john.pacino/openflight_sessions/trackman/camera/camera_20260809_111948_007_002/frames.npz
camera,256015,2026-08-09T15:19:48+00:00,trackman/camera/camera_20260809_111948_007_002/last.pgm,/Users/john.pacino/openflight_sessions/trackman/camera/camera_20260809_111948_007_002/last.pgm
camera,835,2026-08-09T15:19:48+00:00,trackman/camera/camera_20260809_111948_007_002/metadata.json,/Users/john.pacino/openflight_sessions/trackman/camera/camera_20260809_111948_007_002/metadata.json
camera,256015,2026-08-09T15:19:48+00:00,trackman/camera/camera_20260809_111948_007_002/trigger.pgm,/Users/john.pacino/openflight_sessions/trackman/camera/camera_20260809_111948_007_002/trigger.pgm
camera,256015,2026-08-09T15:20:27+00:00,trackman/camera/camera_20260809_112026_790_003/first.pgm,/Users/john.pacino/openflight_sessions/trackman/camera/camera_20260809_112026_790_003/first.pgm
camera,10694518,2026-08-09T15:20:27+00:00,trackman/camera/camera_20260809_112026_790_003/frames.npz,/Users/john.pacino/openflight_sessions/trackman/camera/camera_20260809_112026_790_003/frames.npz
camera,256015,2026-08-09T15:20:27+00:00,trackman/camera/camera_20260809_112026_790_003/last.pgm,/Users/john.pacino/openflight_sessions/trackman/camera/camera_20260809_112026_790_003/last.pgm
camera,829,2026-08-09T15:20:27+00:00,trackman/camera/camera_20260809_112026_790_003/metadata.json,/Users/john.pacino/openflight_sessions/trackman/camera/camera_20260809_112026_790_003/metadata.json
camera,256015,2026-08-09T15:20:27+00:00,trackman/camera/camera_20260809_112026_790_003/trigger.pgm,/Users/john.pacino/openflight_sessions/trackman/camera/camera_20260809_112026_790_003/trigger.pgm
camera,256015,2026-08-09T15:21:08+00:00,trackman/camera/camera_20260809_112107_663_004/first.pgm,/Users/john.pacino/openflight_sessions/trackman/camera/camera_20260809_112107_663_004/first.pgm
camera,10673034,2026-08-09T15:21:08+00:00,trackman/camera/camera_20260809_112107_663_004/frames.npz,/Users/john.pacino/openflight_sessions/trackman/camera/camera_20260809_112107_663_004/frames.npz
camera,256015,2026-08-09T15:21:08+00:00,trackman/camera/camera_20260809_112107_663_004/last.pgm,/Users/john.pacino/openflight_sessions/trackman/camera/camera_20260809_112107_663_004/last.pgm
camera,831,2026-08-09T15:21:08+00:00,trackman/camera/camera_20260809_112107_663_004/metadata.json,/Users/john.pacino/openflight_sessions/trackman/camera/camera_20260809_112107_663_004/metadata.json
camera,256015,2026-08-09T15:21:08+00:00,trackman/camera/camera_20260809_112107_663_004/trigger.pgm,/Users/john.pacino/openflight_sessions/trackman/camera/camera_20260809_112107_663_004/trigger.pgm
camera,256015,2026-08-09T15:22:23+00:00,trackman/camera/camera_20260809_112222_669_005/first.pgm,/Users/john.pacino/openflight_sessions/trackman/camera/camera_20260809_112222_669_005/first.pgm
camera,10695311,2026-08-09T15:22:23+00:00,trackman/camera/camera_20260809_112222_669_005/frames.npz,/Users/john.pacino/openflight_sessions/trackman/camera/camera_20260809_112222_669_005/frames.npz
camera,256015,2026-08-09T15:22:23+00:00,trackman/camera/camera_20260809_112222_669_005/last.pgm,/Users/john.pacino/openflight_sessions/trackman/camera/camera_20260809_112222_669_005/last.pgm
camera,847,2026-08-09T15:22:23+00:00,trackman/camera/camera_20260809_112222_669_005/metadata.json,/Users/john.pacino/openflight_sessions/trackman/camera/camera_20260809_112222_669_005/metadata.json
camera,256015,2026-08-09T15:22:23+00:00,trackman/camera/camera_20260809_112222_669_005/trigger.pgm,/Users/john.pacino/openflight_sessions/trackman/camera/camera_20260809_112222_669_005/trigger.pgm
camera,256015,2026-08-09T15:23:03+00:00,trackman/camera/camera_20260809_112302_270_006/first.pgm,/Users/john.pacino/openflight_sessions/trackman/camera/camera_20260809_112302_270_006/first.pgm
camera,10703823,2026-08-09T15:23:03+00:00,trackman/camera/camera_20260809_112302_270_006/frames.npz,/Users/john.pacino/openflight_sessions/trackman/camera/camera_20260809_112302_270_006/frames.npz
camera,256015,2026-08-09T15:23:03+00:00,trackman/camera/camera_20260809_112302_270_006/last.pgm,/Users/john.pacino/openflight_sessions/trackman/camera/camera_20260809_112302_270_006/last.pgm
camera,831,2026-08-09T15:23:03+00:00,trackman/camera/camera_20260809_112302_270_006/metadata.json,/Users/john.pacino/openflight_sessions/trackman/camera/camera_20260809_112302_270_006/metadata.json
camera,256015,2026-08-09T15:23:03+00:00,trackman/camera/camera_20260809_112302_270_006/trigger.pgm,/Users/john.pacino/openflight_sessions/trackman/camera/camera_20260809_112302_270_006/trigger.pgm
camera,256015,2026-08-09T15:23:21+00:00,trackman/camera/camera_20260809_112320_901_007/first.pgm,/Users/john.pacino/openflight_sessions/trackman/camera/camera_20260809_112320_901_007/first.pgm
camera,10763269,2026-08-09T15:23:21+00:00,trackman/camera/camera_20260809_112320_901_007/frames.npz,/Users/john.pacino/openflight_sessions/trackman/camera/camera_20260809_112320_901_007/frames.npz
camera,256015,2026-08-09T15:23:21+00:00,trackman/camera/camera_20260809_112320_901_007/last.pgm,/Users/john.pacino/openflight_sessions/trackman/camera/camera_20260809_112320_901_007/last.pgm
camera,833,2026-08-09T15:23:21+00:00,trackman/camera/camera_20260809_112320_901_007/metadata.json,/Users/john.pacino/openflight_sessions/trackman/camera/camera_20260809_112320_901_007/metadata.json
camera,256015,2026-08-09T15:23:21+00:00,trackman/camera/camera_20260809_112320_901_007/trigger.pgm,/Users/john.pacino/openflight_sessions/trackman/camera/camera_20260809_112320_901_007/trigger.pgm
camera,256015,2026-08-09T15:23:46+00:00,trackman/camera/camera_20260809_112345_386_008/first.pgm,/Users/john.pacino/openflight_sessions/trackman/camera/camera_20260809_112345_386_008/first.pgm
camera,10701558,2026-08-09T15:23:46+00:00,trackman/camera/camera_20260809_112345_386_008/frames.npz,/Users/john.pacino/openflight_sessions/trackman/camera/camera_20260809_112345_386_008/frames.npz
camera,256015,2026-08-09T15:23:46+00:00,trackman/camera/camera_20260809_112345_386_008/last.pgm,/Users/john.pacino/openflight_sessions/trackman/camera/camera_20260809_112345_386_008/last.pgm
camera,842,2026-08-09T15:23:46+00:00,trackman/camera/camera_20260809_112345_386_008/metadata.json,/Users/john.pacino/openflight_sessions/trackman/camera/camera_20260809_112345_386_008/metadata.json
camera,256015,2026-08-09T15:23:46+00:00,trackman/camera/camera_20260809_112345_386_008/trigger.pgm,/Users/john.pacino/openflight_sessions/trackman/camera/camera_20260809_112345_386_008/trigger.pgm
camera,256015,2026-08-09T15:24:11+00:00,trackman/camera/camera_20260809_112410_572_009/first.pgm,/Users/john.pacino/openflight_sessions/trackman/camera/camera_20260809_112410_572_009/first.pgm
camera,10734428,2026-08-09T15:24:11+00:00,trackman/camera/camera_20260809_112410_572_009/frames.npz,/Users/john.pacino/openflight_sessions/trackman/camera/camera_20260809_112410_572_009/frames.npz
camera,256015,2026-08-09T15:24:11+00:00,trackman/camera/camera_20260809_112410_572_009/last.pgm,/Users/john.pacino/openflight_sessions/trackman/camera/camera_20260809_112410_572_009/last.pgm
camera,827,2026-08-09T15:24:11+00:00,trackman/camera/camera_20260809_112410_572_009/metadata.json,/Users/john.pacino/openflight_sessions/trackman/camera/camera_20260809_112410_572_009/metadata.json
camera,256015,2026-08-09T15:24:11+00:00,trackman/camera/camera_20260809_112410_572_009/trigger.pgm,/Users/john.pacino/openflight_sessions/trackman/camera/camera_20260809_112410_572_009/trigger.pgm
camera,256015,2026-08-09T15:24:37+00:00,trackman/camera/camera_20260809_112436_236_010/first.pgm,/Users/john.pacino/openflight_sessions/trackman/camera/camera_20260809_112436_236_010/first.pgm
camera,10724984,2026-08-09T15:24:37+00:00,trackman/camera/camera_20260809_112436_236_010/frames.npz,/Users/john.pacino/openflight_sessions/trackman/camera/camera_20260809_112436_236_010/frames.npz
camera,256015,2026-08-09T15:24:37+00:00,trackman/camera/camera_20260809_112436_236_010/last.pgm,/Users/john.pacino/openflight_sessions/trackman/camera/camera_20260809_112436_236_010/last.pgm
camera,835,2026-08-09T15:24:37+00:00,trackman/camera/camera_20260809_112436_236_010/metadata.json,/Users/john.pacino/openflight_sessions/trackman/camera/camera_20260809_112436_236_010/metadata.json
camera,256015,2026-08-09T15:24:37+00:00,trackman/camera/camera_20260809_112436_236_010/trigger.pgm,/Users/john.pacino/openflight_sessions/trackman/camera/camera_20260809_112436_236_010/trigger.pgm
camera,256015,2026-08-09T15:25:07+00:00,trackman/camera/camera_20260809_112506_986_011/first.pgm,/Users/john.pacino/openflight_sessions/trackman/camera/camera_20260809_112506_986_011/first.pgm
camera,10727592,2026-08-09T15:25:07+00:00,trackman/camera/camera_20260809_112506_986_011/frames.npz,/Users/john.pacino/openflight_sessions/trackman/camera/camera_20260809_112506_986_011/frames.npz
camera,256015,2026-08-09T15:25:07+00:00,trackman/camera/camera_20260809_112506_986_011/last.pgm,/Users/john.pacino/openflight_sessions/trackman/camera/camera_20260809_112506_986_011/last.pgm
camera,830,2026-08-09T15:25:07+00:00,trackman/camera/camera_20260809_112506_986_011/metadata.json,/Users/john.pacino/openflight_sessions/trackman/camera/camera_20260809_112506_986_011/metadata.json
camera,256015,2026-08-09T15:25:07+00:00,trackman/camera/camera_20260809_112506_986_011/trigger.pgm,/Users/john.pacino/openflight_sessions/trackman/camera/camera_20260809_112506_986_011/trigger.pgm
camera,256015,2026-08-09T15:25:33+00:00,trackman/camera/camera_20260809_112532_956_012/first.pgm,/Users/john.pacino/openflight_sessions/trackman/camera/camera_20260809_112532_956_012/first.pgm
camera,10723908,2026-08-09T15:25:33+00:00,trackman/camera/camera_20260809_112532_956_012/frames.npz,/Users/john.pacino/openflight_sessions/trackman/camera/camera_20260809_112532_956_012/frames.npz
camera,256015,2026-08-09T15:25:33+00:00,trackman/camera/camera_20260809_112532_956_012/last.pgm,/Users/john.pacino/openflight_sessions/trackman/camera/camera_20260809_112532_956_012/last.pgm
camera,848,2026-08-09T15:25:33+00:00,trackman/camera/camera_20260809_112532_956_012/metadata.json,/Users/john.pacino/openflight_sessions/trackman/camera/camera_20260809_112532_956_012/metadata.json
camera,256015,2026-08-09T15:25:33+00:00,trackman/camera/camera_20260809_112532_956_012/trigger.pgm,/Users/john.pacino/openflight_sessions/trackman/camera/camera_20260809_112532_956_012/trigger.pgm
camera,256015,2026-08-09T15:26:18+00:00,trackman/camera/camera_20260809_112617_860_013/first.pgm,/Users/john.pacino/openflight_sessions/trackman/camera/camera_20260809_112617_860_013/first.pgm
camera,10707649,2026-08-09T15:26:18+00:00,trackman/camera/camera_20260809_112617_860_013/frames.npz,/Users/john.pacino/openflight_sessions/trackman/camera/camera_20260809_112617_860_013/frames.npz
camera,256015,2026-08-09T15:26:18+00:00,trackman/camera/camera_20260809_112617_860_013/last.pgm,/Users/john.pacino/openflight_sessions/trackman/camera/camera_20260809_112617_860_013/last.pgm
camera,834,2026-08-09T15:26:18+00:00,trackman/camera/camera_20260809_112617_860_013/metadata.json,/Users/john.pacino/openflight_sessions/trackman/camera/camera_20260809_112617_860_013/metadata.json
camera,256015,2026-08-09T15:26:18+00:00,trackman/camera/camera_20260809_112617_860_013/trigger.pgm,/Users/john.pacino/openflight_sessions/trackman/camera/camera_20260809_112617_860_013/trigger.pgm
camera,256015,2026-08-09T15:26:43+00:00,trackman/camera/camera_20260809_112642_160_014/first.pgm,/Users/john.pacino/openflight_sessions/trackman/camera/camera_20260809_112642_160_014/first.pgm
camera,10714408,2026-08-09T15:26:43+00:00,trackman/camera/camera_20260809_112642_160_014/frames.npz,/Users/john.pacino/openflight_sessions/trackman/camera/camera_20260809_112642_160_014/frames.npz
camera,256015,2026-08-09T15:26:43+00:00,trackman/camera/camera_20260809_112642_160_014/last.pgm,/Users/john.pacino/openflight_sessions/trackman/camera/camera_20260809_112642_160_014/last.pgm
camera,842,2026-08-09T15:26:43+00:00,trackman/camera/camera_20260809_112642_160_014/metadata.json,/Users/john.pacino/openflight_sessions/trackman/camera/camera_20260809_112642_160_014/metadata.json
camera,256015,2026-08-09T15:26:43+00:00,trackman/camera/camera_20260809_112642_160_014/trigger.pgm,/Users/john.pacino/openflight_sessions/trackman/camera/camera_20260809_112642_160_014/trigger.pgm
camera,256015,2026-08-09T15:27:06+00:00,trackman/camera/camera_20260809_112706_058_015/first.pgm,/Users/john.pacino/openflight_sessions/trackman/camera/camera_20260809_112706_058_015/first.pgm
camera,10681076,2026-08-09T15:27:06+00:00,trackman/camera/camera_20260809_112706_058_015/frames.npz,/Users/john.pacino/openflight_sessions/trackman/camera/camera_20260809_112706_058_015/frames.npz
camera,256015,2026-08-09T15:27:06+00:00,trackman/camera/camera_20260809_112706_058_015/last.pgm,/Users/john.pacino/openflight_sessions/trackman/camera/camera_20260809_112706_058_015/last.pgm
camera,835,2026-08-09T15:27:07+00:00,trackman/camera/camera_20260809_112706_058_015/metadata.json,/Users/john.pacino/openflight_sessions/trackman/camera/camera_20260809_112706_058_015/metadata.json
camera,256015,2026-08-09T15:27:06+00:00,trackman/camera/camera_20260809_112706_058_015/trigger.pgm,/Users/john.pacino/openflight_sessions/trackman/camera/camera_20260809_112706_058_015/trigger.pgm
camera,256015,2026-08-09T15:29:20+00:00,trackman/camera/camera_20260809_112920_053_016/first.pgm,/Users/john.pacino/openflight_sessions/trackman/camera/camera_20260809_112920_053_016/first.pgm
camera,10677096,2026-08-09T15:29:20+00:00,trackman/camera/camera_20260809_112920_053_016/frames.npz,/Users/john.pacino/openflight_sessions/trackman/camera/camera_20260809_112920_053_016/frames.npz
camera,256015,2026-08-09T15:29:20+00:00,trackman/camera/camera_20260809_112920_053_016/last.pgm,/Users/john.pacino/openflight_sessions/trackman/camera/camera_20260809_112920_053_016/last.pgm
camera,835,2026-08-09T15:29:21+00:00,trackman/camera/camera_20260809_112920_053_016/metadata.json,/Users/john.pacino/openflight_sessions/trackman/camera/camera_20260809_112920_053_016/metadata.json
camera,256015,2026-08-09T15:29:20+00:00,trackman/camera/camera_20260809_112920_053_016/trigger.pgm,/Users/john.pacino/openflight_sessions/trackman/camera/camera_20260809_112920_053_016/trigger.pgm
camera,256015,2026-08-09T15:30:28+00:00,trackman/camera/camera_20260809_113027_523_017/first.pgm,/Users/john.pacino/openflight_sessions/trackman/camera/camera_20260809_113027_523_017/first.pgm
camera,10731116,2026-08-09T15:30:28+00:00,trackman/camera/camera_20260809_113027_523_017/frames.npz,/Users/john.pacino/openflight_sessions/trackman/camera/camera_20260809_113027_523_017/frames.npz
camera,256015,2026-08-09T15:30:28+00:00,trackman/camera/camera_20260809_113027_523_017/last.pgm,/Users/john.pacino/openflight_sessions/trackman/camera/camera_20260809_113027_523_017/last.pgm
camera,834,2026-08-09T15:30:28+00:00,trackman/camera/camera_20260809_113027_523_017/metadata.json,/Users/john.pacino/openflight_sessions/trackman/camera/camera_20260809_113027_523_017/metadata.json
camera,256015,2026-08-09T15:30:28+00:00,trackman/camera/camera_20260809_113027_523_017/trigger.pgm,/Users/john.pacino/openflight_sessions/trackman/camera/camera_20260809_113027_523_017/trigger.pgm
camera,256015,2026-08-09T15:30:47+00:00,trackman/camera/camera_20260809_113046_536_018/first.pgm,/Users/john.pacino/openflight_sessions/trackman/camera/camera_20260809_113046_536_018/first.pgm
camera,10749708,2026-08-09T15:30:47+00:00,trackman/camera/camera_20260809_113046_536_018/frames.npz,/Users/john.pacino/openflight_sessions/trackman/camera/camera_20260809_113046_536_018/frames.npz
camera,256015,2026-08-09T15:30:47+00:00,trackman/camera/camera_20260809_113046_536_018/last.pgm,/Users/john.pacino/openflight_sessions/trackman/camera/camera_20260809_113046_536_018/last.pgm
camera,837,2026-08-09T15:30:47+00:00,trackman/camera/camera_20260809_113046_536_018/metadata.json,/Users/john.pacino/openflight_sessions/trackman/camera/camera_20260809_113046_536_018/metadata.json
camera,256015,2026-08-09T15:30:47+00:00,trackman/camera/camera_20260809_113046_536_018/trigger.pgm,/Users/john.pacino/openflight_sessions/trackman/camera/camera_20260809_113046_536_018/trigger.pgm
camera,256015,2026-08-09T15:31:25+00:00,trackman/camera/camera_20260809_113124_742_019/first.pgm,/Users/john.pacino/openflight_sessions/trackman/camera/camera_20260809_113124_742_019/first.pgm
camera,10752419,2026-08-09T15:31:25+00:00,trackman/camera/camera_20260809_113124_742_019/frames.npz,/Users/john.pacino/openflight_sessions/trackman/camera/camera_20260809_113124_742_019/frames.npz
camera,256015,2026-08-09T15:31:25+00:00,trackman/camera/camera_20260809_113124_742_019/last.pgm,/Users/john.pacino/openflight_sessions/trackman/camera/camera_20260809_113124_742_019/last.pgm
camera,848,2026-08-09T15:31:25+00:00,trackman/camera/camera_20260809_113124_742_019/metadata.json,/Users/john.pacino/openflight_sessions/trackman/camera/camera_20260809_113124_742_019/metadata.json
camera,256015,2026-08-09T15:31:25+00:00,trackman/camera/camera_20260809_113124_742_019/trigger.pgm,/Users/john.pacino/openflight_sessions/trackman/camera/camera_20260809_113124_742_019/trigger.pgm
camera,256015,2026-08-09T15:31:48+00:00,trackman/camera/camera_20260809_113146_980_020/first.pgm,/Users/john.pacino/openflight_sessions/trackman/camera/camera_20260809_113146_980_020/first.pgm
camera,10686740,2026-08-09T15:31:48+00:00,trackman/camera/camera_20260809_113146_980_020/frames.npz,/Users/john.pacino/openflight_sessions/trackman/camera/camera_20260809_113146_980_020/frames.npz
camera,256015,2026-08-09T15:31:48+00:00,trackman/camera/camera_20260809_113146_980_020/last.pgm,/Users/john.pacino/openflight_sessions/trackman/camera/camera_20260809_113146_980_020/last.pgm
camera,837,2026-08-09T15:31:48+00:00,trackman/camera/camera_20260809_113146_980_020/metadata.json,/Users/john.pacino/openflight_sessions/trackman/camera/camera_20260809_113146_980_020/metadata.json
camera,256015,2026-08-09T15:31:48+00:00,trackman/camera/camera_20260809_113146_980_020/trigger.pgm,/Users/john.pacino/openflight_sessions/trackman/camera/camera_20260809_113146_980_020/trigger.pgm
camera,256015,2026-08-09T15:32:09+00:00,trackman/camera/camera_20260809_113208_656_021/first.pgm,/Users/john.pacino/openflight_sessions/trackman/camera/camera_20260809_113208_656_021/first.pgm
camera,10689893,2026-08-09T15:32:09+00:00,trackman/camera/camera_20260809_113208_656_021/frames.npz,/Users/john.pacino/openflight_sessions/trackman/camera/camera_20260809_113208_656_021/frames.npz
camera,256015,2026-08-09T15:32:09+00:00,trackman/camera/camera_20260809_113208_656_021/last.pgm,/Users/john.pacino/openflight_sessions/trackman/camera/camera_20260809_113208_656_021/last.pgm
camera,834,2026-08-09T15:32:09+00:00,trackman/camera/camera_20260809_113208_656_021/metadata.json,/Users/john.pacino/openflight_sessions/trackman/camera/camera_20260809_113208_656_021/metadata.json
camera,256015,2026-08-09T15:32:09+00:00,trackman/camera/camera_20260809_113208_656_021/trigger.pgm,/Users/john.pacino/openflight_sessions/trackman/camera/camera_20260809_113208_656_021/trigger.pgm
camera,256015,2026-08-09T15:34:50+00:00,trackman/camera/camera_20260809_113449_571_001/first.pgm,/Users/john.pacino/openflight_sessions/trackman/camera/camera_20260809_113449_571_001/first.pgm
camera,10694591,2026-08-09T15:34:50+00:00,trackman/camera/camera_20260809_113449_571_001/frames.npz,/Users/john.pacino/openflight_sessions/trackman/camera/camera_20260809_113449_571_001/frames.npz
camera,256015,2026-08-09T15:34:50+00:00,trackman/camera/camera_20260809_113449_571_001/last.pgm,/Users/john.pacino/openflight_sessions/trackman/camera/camera_20260809_113449_571_001/last.pgm
camera,836,2026-08-09T15:34:50+00:00,trackman/camera/camera_20260809_113449_571_001/metadata.json,/Users/john.pacino/openflight_sessions/trackman/camera/camera_20260809_113449_571_001/metadata.json
camera,256015,2026-08-09T15:34:50+00:00,trackman/camera/camera_20260809_113449_571_001/trigger.pgm,/Users/john.pacino/openflight_sessions/trackman/camera/camera_20260809_113449_571_001/trigger.pgm
camera,256015,2026-08-09T15:35:17+00:00,trackman/camera/camera_20260809_113516_751_002/first.pgm,/Users/john.pacino/openflight_sessions/trackman/camera/camera_20260809_113516_751_002/first.pgm
camera,10664953,2026-08-09T15:35:17+00:00,trackman/camera/camera_20260809_113516_751_002/frames.npz,/Users/john.pacino/openflight_sessions/trackman/camera/camera_20260809_113516_751_002/frames.npz
camera,256015,2026-08-09T15:35:17+00:00,trackman/camera/camera_20260809_113516_751_002/last.pgm,/Users/john.pacino/openflight_sessions/trackman/camera/camera_20260809_113516_751_002/last.pgm
camera,833,2026-08-09T15:35:17+00:00,trackman/camera/camera_20260809_113516_751_002/metadata.json,/Users/john.pacino/openflight_sessions/trackman/camera/camera_20260809_113516_751_002/metadata.json
camera,256015,2026-08-09T15:35:17+00:00,trackman/camera/camera_20260809_113516_751_002/trigger.pgm,/Users/john.pacino/openflight_sessions/trackman/camera/camera_20260809_113516_751_002/trigger.pgm
camera,256015,2026-08-09T15:35:47+00:00,trackman/camera/camera_20260809_113546_514_003/first.pgm,/Users/john.pacino/openflight_sessions/trackman/camera/camera_20260809_113546_514_003/first.pgm
camera,10742696,2026-08-09T15:35:47+00:00,trackman/camera/camera_20260809_113546_514_003/frames.npz,/Users/john.pacino/openflight_sessions/trackman/camera/camera_20260809_113546_514_003/frames.npz
camera,256015,2026-08-09T15:35:47+00:00,trackman/camera/camera_20260809_113546_514_003/last.pgm,/Users/john.pacino/openflight_sessions/trackman/camera/camera_20260809_113546_514_003/last.pgm
camera,833,2026-08-09T15:35:47+00:00,trackman/camera/camera_20260809_113546_514_003/metadata.json,/Users/john.pacino/openflight_sessions/trackman/camera/camera_20260809_113546_514_003/metadata.json
camera,256015,2026-08-09T15:35:47+00:00,trackman/camera/camera_20260809_113546_514_003/trigger.pgm,/Users/john.pacino/openflight_sessions/trackman/camera/camera_20260809_113546_514_003/trigger.pgm
camera,256015,2026-08-09T15:36:34+00:00,trackman/camera/camera_20260809_113633_392_004/first.pgm,/Users/john.pacino/openflight_sessions/trackman/camera/camera_20260809_113633_392_004/first.pgm
camera,10695462,2026-08-09T15:36:34+00:00,trackman/camera/camera_20260809_113633_392_004/frames.npz,/Users/john.pacino/openflight_sessions/trackman/camera/camera_20260809_113633_392_004/frames.npz
camera,256015,2026-08-09T15:36:34+00:00,trackman/camera/camera_20260809_113633_392_004/last.pgm,/Users/john.pacino/openflight_sessions/trackman/camera/camera_20260809_113633_392_004/last.pgm
camera,837,2026-08-09T15:36:34+00:00,trackman/camera/camera_20260809_113633_392_004/metadata.json,/Users/john.pacino/openflight_sessions/trackman/camera/camera_20260809_113633_392_004/metadata.json
camera,256015,2026-08-09T15:36:34+00:00,trackman/camera/camera_20260809_113633_392_004/trigger.pgm,/Users/john.pacino/openflight_sessions/trackman/camera/camera_20260809_113633_392_004/trigger.pgm
camera,256015,2026-08-09T15:36:58+00:00,trackman/camera/camera_20260809_113657_539_005/first.pgm,/Users/john.pacino/openflight_sessions/trackman/camera/camera_20260809_113657_539_005/first.pgm
camera,10658018,2026-08-09T15:36:58+00:00,trackman/camera/camera_20260809_113657_539_005/frames.npz,/Users/john.pacino/openflight_sessions/trackman/camera/camera_20260809_113657_539_005/frames.npz
camera,256015,2026-08-09T15:36:58+00:00,trackman/camera/camera_20260809_113657_539_005/last.pgm,/Users/john.pacino/openflight_sessions/trackman/camera/camera_20260809_113657_539_005/last.pgm
camera,834,2026-08-09T15:36:58+00:00,trackman/camera/camera_20260809_113657_539_005/metadata.json,/Users/john.pacino/openflight_sessions/trackman/camera/camera_20260809_113657_539_005/metadata.json
camera,256015,2026-08-09T15:36:58+00:00,trackman/camera/camera_20260809_113657_539_005/trigger.pgm,/Users/john.pacino/openflight_sessions/trackman/camera/camera_20260809_113657_539_005/trigger.pgm
camera,256015,2026-08-09T15:37:29+00:00,trackman/camera/camera_20260809_113728_852_006/first.pgm,/Users/john.pacino/openflight_sessions/trackman/camera/camera_20260809_113728_852_006/first.pgm
camera,10717359,2026-08-09T15:37:29+00:00,trackman/camera/camera_20260809_113728_852_006/frames.npz,/Users/john.pacino/openflight_sessions/trackman/camera/camera_20260809_113728_852_006/frames.npz
camera,256015,2026-08-09T15:37:29+00:00,trackman/camera/camera_20260809_113728_852_006/last.pgm,/Users/john.pacino/openflight_sessions/trackman/camera/camera_20260809_113728_852_006/last.pgm
camera,835,2026-08-09T15:37:29+00:00,trackman/camera/camera_20260809_113728_852_006/metadata.json,/Users/john.pacino/openflight_sessions/trackman/camera/camera_20260809_113728_852_006/metadata.json
camera,256015,2026-08-09T15:37:29+00:00,trackman/camera/camera_20260809_113728_852_006/trigger.pgm,/Users/john.pacino/openflight_sessions/trackman/camera/camera_20260809_113728_852_006/trigger.pgm
camera,256015,2026-08-09T15:37:48+00:00,trackman/camera/camera_20260809_113747_478_007/first.pgm,/Users/john.pacino/openflight_sessions/trackman/camera/camera_20260809_113747_478_007/first.pgm
camera,10732224,2026-08-09T15:37:48+00:00,trackman/camera/camera_20260809_113747_478_007/frames.npz,/Users/john.pacino/openflight_sessions/trackman/camera/camera_20260809_113747_478_007/frames.npz
camera,256015,2026-08-09T15:37:48+00:00,trackman/camera/camera_20260809_113747_478_007/last.pgm,/Users/john.pacino/openflight_sessions/trackman/camera/camera_20260809_113747_478_007/last.pgm
camera,835,2026-08-09T15:37:48+00:00,trackman/camera/camera_20260809_113747_478_007/metadata.json,/Users/john.pacino/openflight_sessions/trackman/camera/camera_20260809_113747_478_007/metadata.json
camera,256015,2026-08-09T15:37:48+00:00,trackman/camera/camera_20260809_113747_478_007/trigger.pgm,/Users/john.pacino/openflight_sessions/trackman/camera/camera_20260809_113747_478_007/trigger.pgm
camera,256015,2026-08-09T15:38:04+00:00,trackman/camera/camera_20260809_113803_363_008/first.pgm,/Users/john.pacino/openflight_sessions/trackman/camera/camera_20260809_113803_363_008/first.pgm
camera,9514985,2026-08-09T15:38:04+00:00,trackman/camera/camera_20260809_113803_363_008/frames.npz,/Users/john.pacino/openflight_sessions/trackman/camera/camera_20260809_113803_363_008/frames.npz
camera,256015,2026-08-09T15:38:04+00:00,trackman/camera/camera_20260809_113803_363_008/last.pgm,/Users/john.pacino/openflight_sessions/trackman/camera/camera_20260809_113803_363_008/last.pgm
camera,834,2026-08-09T15:38:04+00:00,trackman/camera/camera_20260809_113803_363_008/metadata.json,/Users/john.pacino/openflight_sessions/trackman/camera/camera_20260809_113803_363_008/metadata.json
camera,256015,2026-08-09T15:38:04+00:00,trackman/camera/camera_20260809_113803_363_008/trigger.pgm,/Users/john.pacino/openflight_sessions/trackman/camera/camera_20260809_113803_363_008/trigger.pgm
camera,256015,2026-08-09T15:38:31+00:00,trackman/camera/camera_20260809_113830_727_009/first.pgm,/Users/john.pacino/openflight_sessions/trackman/camera/camera_20260809_113830_727_009/first.pgm
camera,10748734,2026-08-09T15:38:31+00:00,trackman/camera/camera_20260809_113830_727_009/frames.npz,/Users/john.pacino/openflight_sessions/trackman/camera/camera_20260809_113830_727_009/frames.npz
camera,256015,2026-08-09T15:38:31+00:00,trackman/camera/camera_20260809_113830_727_009/last.pgm,/Users/john.pacino/openflight_sessions/trackman/camera/camera_20260809_113830_727_009/last.pgm
camera,832,2026-08-09T15:38:31+00:00,trackman/camera/camera_20260809_113830_727_009/metadata.json,/Users/john.pacino/openflight_sessions/trackman/camera/camera_20260809_113830_727_009/metadata.json
camera,256015,2026-08-09T15:38:31+00:00,trackman/camera/camera_20260809_113830_727_009/trigger.pgm,/Users/john.pacino/openflight_sessions/trackman/camera/camera_20260809_113830_727_009/trigger.pgm
camera,256015,2026-08-09T15:39:11+00:00,trackman/camera/camera_20260809_113910_354_010/first.pgm,/Users/john.pacino/openflight_sessions/trackman/camera/camera_20260809_113910_354_010/first.pgm
camera,10641146,2026-08-09T15:39:11+00:00,trackman/camera/camera_20260809_113910_354_010/frames.npz,/Users/john.pacino/openflight_sessions/trackman/camera/camera_20260809_113910_354_010/frames.npz
camera,256015,2026-08-09T15:39:11+00:00,trackman/camera/camera_20260809_113910_354_010/last.pgm,/Users/john.pacino/openflight_sessions/trackman/camera/camera_20260809_113910_354_010/last.pgm
camera,836,2026-08-09T15:39:11+00:00,trackman/camera/camera_20260809_113910_354_010/metadata.json,/Users/john.pacino/openflight_sessions/trackman/camera/camera_20260809_113910_354_010/metadata.json
camera,256015,2026-08-09T15:39:11+00:00,trackman/camera/camera_20260809_113910_354_010/trigger.pgm,/Users/john.pacino/openflight_sessions/trackman/camera/camera_20260809_113910_354_010/trigger.pgm
camera,256015,2026-08-09T15:39:31+00:00,trackman/camera/camera_20260809_113930_522_011/first.pgm,/Users/john.pacino/openflight_sessions/trackman/camera/camera_20260809_113930_522_011/first.pgm
camera,10741531,2026-08-09T15:39:31+00:00,trackman/camera/camera_20260809_113930_522_011/frames.npz,/Users/john.pacino/openflight_sessions/trackman/camera/camera_20260809_113930_522_011/frames.npz
camera,256015,2026-08-09T15:39:31+00:00,trackman/camera/camera_20260809_113930_522_011/last.pgm,/Users/john.pacino/openflight_sessions/trackman/camera/camera_20260809_113930_522_011/last.pgm
camera,836,2026-08-09T15:39:31+00:00,trackman/camera/camera_20260809_113930_522_011/metadata.json,/Users/john.pacino/openflight_sessions/trackman/camera/camera_20260809_113930_522_011/metadata.json
camera,256015,2026-08-09T15:39:31+00:00,trackman/camera/camera_20260809_113930_522_011/trigger.pgm,/Users/john.pacino/openflight_sessions/trackman/camera/camera_20260809_113930_522_011/trigger.pgm
camera,256015,2026-08-09T15:39:49+00:00,trackman/camera/camera_20260809_113948_990_012/first.pgm,/Users/john.pacino/openflight_sessions/trackman/camera/camera_20260809_113948_990_012/first.pgm
camera,10724900,2026-08-09T15:39:49+00:00,trackman/camera/camera_20260809_113948_990_012/frames.npz,/Users/john.pacino/openflight_sessions/trackman/camera/camera_20260809_113948_990_012/frames.npz
camera,256015,2026-08-09T15:39:49+00:00,trackman/camera/camera_20260809_113948_990_012/last.pgm,/Users/john.pacino/openflight_sessions/trackman/camera/camera_20260809_113948_990_012/last.pgm
camera,835,2026-08-09T15:39:49+00:00,trackman/camera/camera_20260809_113948_990_012/metadata.json,/Users/john.pacino/openflight_sessions/trackman/camera/camera_20260809_113948_990_012/metadata.json
camera,256015,2026-08-09T15:39:49+00:00,trackman/camera/camera_20260809_113948_990_012/trigger.pgm,/Users/john.pacino/openflight_sessions/trackman/camera/camera_20260809_113948_990_012/trigger.pgm
camera,256015,2026-08-09T15:40:10+00:00,trackman/camera/camera_20260809_114009_851_013/first.pgm,/Users/john.pacino/openflight_sessions/trackman/camera/camera_20260809_114009_851_013/first.pgm
camera,10683147,2026-08-09T15:40:10+00:00,trackman/camera/camera_20260809_114009_851_013/frames.npz,/Users/john.pacino/openflight_sessions/trackman/camera/camera_20260809_114009_851_013/frames.npz
camera,256015,2026-08-09T15:40:10+00:00,trackman/camera/camera_20260809_114009_851_013/last.pgm,/Users/john.pacino/openflight_sessions/trackman/camera/camera_20260809_114009_851_013/last.pgm
camera,835,2026-08-09T15:40:10+00:00,trackman/camera/camera_20260809_114009_851_013/metadata.json,/Users/john.pacino/openflight_sessions/trackman/camera/camera_20260809_114009_851_013/metadata.json
camera,256015,2026-08-09T15:40:10+00:00,trackman/camera/camera_20260809_114009_851_013/trigger.pgm,/Users/john.pacino/openflight_sessions/trackman/camera/camera_20260809_114009_851_013/trigger.pgm
camera,256015,2026-08-09T15:40:30+00:00,trackman/camera/camera_20260809_114029_936_014/first.pgm,/Users/john.pacino/openflight_sessions/trackman/camera/camera_20260809_114029_936_014/first.pgm
camera,10758903,2026-08-09T15:40:30+00:00,trackman/camera/camera_20260809_114029_936_014/frames.npz,/Users/john.pacino/openflight_sessions/trackman/camera/camera_20260809_114029_936_014/frames.npz
camera,256015,2026-08-09T15:40:30+00:00,trackman/camera/camera_20260809_114029_936_014/last.pgm,/Users/john.pacino/openflight_sessions/trackman/camera/camera_20260809_114029_936_014/last.pgm
camera,838,2026-08-09T15:40:30+00:00,trackman/camera/camera_20260809_114029_936_014/metadata.json,/Users/john.pacino/openflight_sessions/trackman/camera/camera_20260809_114029_936_014/metadata.json
camera,256015,2026-08-09T15:40:30+00:00,trackman/camera/camera_20260809_114029_936_014/trigger.pgm,/Users/john.pacino/openflight_sessions/trackman/camera/camera_20260809_114029_936_014/trigger.pgm
camera,256015,2026-08-09T15:40:49+00:00,trackman/camera/camera_20260809_114048_395_015/first.pgm,/Users/john.pacino/openflight_sessions/trackman/camera/camera_20260809_114048_395_015/first.pgm
camera,10720775,2026-08-09T15:40:49+00:00,trackman/camera/camera_20260809_114048_395_015/frames.npz,/Users/john.pacino/openflight_sessions/trackman/camera/camera_20260809_114048_395_015/frames.npz
camera,256015,2026-08-09T15:40:49+00:00,trackman/camera/camera_20260809_114048_395_015/last.pgm,/Users/john.pacino/openflight_sessions/trackman/camera/camera_20260809_114048_395_015/last.pgm
camera,837,2026-08-09T15:40:49+00:00,trackman/camera/camera_20260809_114048_395_015/metadata.json,/Users/john.pacino/openflight_sessions/trackman/camera/camera_20260809_114048_395_015/metadata.json
camera,256015,2026-08-09T15:40:49+00:00,trackman/camera/camera_20260809_114048_395_015/trigger.pgm,/Users/john.pacino/openflight_sessions/trackman/camera/camera_20260809_114048_395_015/trigger.pgm
camera,256015,2026-08-09T15:41:07+00:00,trackman/camera/camera_20260809_114106_681_016/first.pgm,/Users/john.pacino/openflight_sessions/trackman/camera/camera_20260809_114106_681_016/first.pgm
camera,10678946,2026-08-09T15:41:07+00:00,trackman/camera/camera_20260809_114106_681_016/frames.npz,/Users/john.pacino/openflight_sessions/trackman/camera/camera_20260809_114106_681_016/frames.npz
camera,256015,2026-08-09T15:41:07+00:00,trackman/camera/camera_20260809_114106_681_016/last.pgm,/Users/john.pacino/openflight_sessions/trackman/camera/camera_20260809_114106_681_016/last.pgm
camera,834,2026-08-09T15:41:07+00:00,trackman/camera/camera_20260809_114106_681_016/metadata.json,/Users/john.pacino/openflight_sessions/trackman/camera/camera_20260809_114106_681_016/metadata.json
camera,256015,2026-08-09T15:41:07+00:00,trackman/camera/camera_20260809_114106_681_016/trigger.pgm,/Users/john.pacino/openflight_sessions/trackman/camera/camera_20260809_114106_681_016/trigger.pgm
camera,256015,2026-08-09T15:41:26+00:00,trackman/camera/camera_20260809_114125_814_017/first.pgm,/Users/john.pacino/openflight_sessions/trackman/camera/camera_20260809_114125_814_017/first.pgm
camera,10655611,2026-08-09T15:41:26+00:00,trackman/camera/camera_20260809_114125_814_017/frames.npz,/Users/john.pacino/openflight_sessions/trackman/camera/camera_20260809_114125_814_017/frames.npz
camera,256015,2026-08-09T15:41:26+00:00,trackman/camera/camera_20260809_114125_814_017/last.pgm,/Users/john.pacino/openflight_sessions/trackman/camera/camera_20260809_114125_814_017/last.pgm
camera,837,2026-08-09T15:41:26+00:00,trackman/camera/camera_20260809_114125_814_017/metadata.json,/Users/john.pacino/openflight_sessions/trackman/camera/camera_20260809_114125_814_017/metadata.json
camera,256015,2026-08-09T15:41:26+00:00,trackman/camera/camera_20260809_114125_814_017/trigger.pgm,/Users/john.pacino/openflight_sessions/trackman/camera/camera_20260809_114125_814_017/trigger.pgm
camera,256015,2026-08-09T15:41:43+00:00,trackman/camera/camera_20260809_114142_992_018/first.pgm,/Users/john.pacino/openflight_sessions/trackman/camera/camera_20260809_114142_992_018/first.pgm
camera,10736167,2026-08-09T15:41:43+00:00,trackman/camera/camera_20260809_114142_992_018/frames.npz,/Users/john.pacino/openflight_sessions/trackman/camera/camera_20260809_114142_992_018/frames.npz
camera,256015,2026-08-09T15:41:43+00:00,trackman/camera/camera_20260809_114142_992_018/last.pgm,/Users/john.pacino/openflight_sessions/trackman/camera/camera_20260809_114142_992_018/last.pgm
camera,837,2026-08-09T15:41:43+00:00,trackman/camera/camera_20260809_114142_992_018/metadata.json,/Users/john.pacino/openflight_sessions/trackman/camera/camera_20260809_114142_992_018/metadata.json
camera,256015,2026-08-09T15:41:43+00:00,trackman/camera/camera_20260809_114142_992_018/trigger.pgm,/Users/john.pacino/openflight_sessions/trackman/camera/camera_20260809_114142_992_018/trigger.pgm
camera,256015,2026-08-09T15:42:04+00:00,trackman/camera/camera_20260809_114203_200_019/first.pgm,/Users/john.pacino/openflight_sessions/trackman/camera/camera_20260809_114203_200_019/first.pgm
camera,10696398,2026-08-09T15:42:04+00:00,trackman/camera/camera_20260809_114203_200_019/frames.npz,/Users/john.pacino/openflight_sessions/trackman/camera/camera_20260809_114203_200_019/frames.npz
camera,256015,2026-08-09T15:42:04+00:00,trackman/camera/camera_20260809_114203_200_019/last.pgm,/Users/john.pacino/openflight_sessions/trackman/camera/camera_20260809_114203_200_019/last.pgm
camera,837,2026-08-09T15:42:04+00:00,trackman/camera/camera_20260809_114203_200_019/metadata.json,/Users/john.pacino/openflight_sessions/trackman/camera/camera_20260809_114203_200_019/metadata.json
camera,256015,2026-08-09T15:42:04+00:00,trackman/camera/camera_20260809_114203_200_019/trigger.pgm,/Users/john.pacino/openflight_sessions/trackman/camera/camera_20260809_114203_200_019/trigger.pgm
camera,256015,2026-08-09T15:42:21+00:00,trackman/camera/camera_20260809_114220_561_020/first.pgm,/Users/john.pacino/openflight_sessions/trackman/camera/camera_20260809_114220_561_020/first.pgm
camera,10716692,2026-08-09T15:42:21+00:00,trackman/camera/camera_20260809_114220_561_020/frames.npz,/Users/john.pacino/openflight_sessions/trackman/camera/camera_20260809_114220_561_020/frames.npz
camera,256015,2026-08-09T15:42:21+00:00,trackman/camera/camera_20260809_114220_561_020/last.pgm,/Users/john.pacino/openflight_sessions/trackman/camera/camera_20260809_114220_561_020/last.pgm
camera,837,2026-08-09T15:42:21+00:00,trackman/camera/camera_20260809_114220_561_020/metadata.json,/Users/john.pacino/openflight_sessions/trackman/camera/camera_20260809_114220_561_020/metadata.json
camera,256015,2026-08-09T15:42:21+00:00,trackman/camera/camera_20260809_114220_561_020/trigger.pgm,/Users/john.pacino/openflight_sessions/trackman/camera/camera_20260809_114220_561_020/trigger.pgm
camera,256015,2026-08-09T15:42:38+00:00,trackman/camera/camera_20260809_114237_390_021/first.pgm,/Users/john.pacino/openflight_sessions/trackman/camera/camera_20260809_114237_390_021/first.pgm
camera,10786690,2026-08-09T15:42:38+00:00,trackman/camera/camera_20260809_114237_390_021/frames.npz,/Users/john.pacino/openflight_sessions/trackman/camera/camera_20260809_114237_390_021/frames.npz
camera,256015,2026-08-09T15:42:38+00:00,trackman/camera/camera_20260809_114237_390_021/last.pgm,/Users/john.pacino/openflight_sessions/trackman/camera/camera_20260809_114237_390_021/last.pgm
camera,835,2026-08-09T15:42:38+00:00,trackman/camera/camera_20260809_114237_390_021/metadata.json,/Users/john.pacino/openflight_sessions/trackman/camera/camera_20260809_114237_390_021/metadata.json
camera,256015,2026-08-09T15:42:38+00:00,trackman/camera/camera_20260809_114237_390_021/trigger.pgm,/Users/john.pacino/openflight_sessions/trackman/camera/camera_20260809_114237_390_021/trigger.pgm
camera,256015,2026-08-09T15:42:53+00:00,trackman/camera/camera_20260809_114252_872_022/first.pgm,/Users/john.pacino/openflight_sessions/trackman/camera/camera_20260809_114252_872_022/first.pgm
camera,10700192,2026-08-09T15:42:53+00:00,trackman/camera/camera_20260809_114252_872_022/frames.npz,/Users/john.pacino/openflight_sessions/trackman/camera/camera_20260809_114252_872_022/frames.npz
camera,256015,2026-08-09T15:42:53+00:00,trackman/camera/camera_20260809_114252_872_022/last.pgm,/Users/john.pacino/openflight_sessions/trackman/camera/camera_20260809_114252_872_022/last.pgm
camera,837,2026-08-09T15:42:53+00:00,trackman/camera/camera_20260809_114252_872_022/metadata.json,/Users/john.pacino/openflight_sessions/trackman/camera/camera_20260809_114252_872_022/metadata.json
camera,256015,2026-08-09T15:42:53+00:00,trackman/camera/camera_20260809_114252_872_022/trigger.pgm,/Users/john.pacino/openflight_sessions/trackman/camera/camera_20260809_114252_872_022/trigger.pgm
camera,256015,2026-08-09T15:43:08+00:00,trackman/camera/camera_20260809_114307_552_023/first.pgm,/Users/john.pacino/openflight_sessions/trackman/camera/camera_20260809_114307_552_023/first.pgm
camera,10701222,2026-08-09T15:43:08+00:00,trackman/camera/camera_20260809_114307_552_023/frames.npz,/Users/john.pacino/openflight_sessions/trackman/camera/camera_20260809_114307_552_023/frames.npz
camera,256015,2026-08-09T15:43:08+00:00,trackman/camera/camera_20260809_114307_552_023/last.pgm,/Users/john.pacino/openflight_sessions/trackman/camera/camera_20260809_114307_552_023/last.pgm
camera,849,2026-08-09T15:43:08+00:00,trackman/camera/camera_20260809_114307_552_023/metadata.json,/Users/john.pacino/openflight_sessions/trackman/camera/camera_20260809_114307_552_023/metadata.json
camera,256015,2026-08-09T15:43:08+00:00,trackman/camera/camera_20260809_114307_552_023/trigger.pgm,/Users/john.pacino/openflight_sessions/trackman/camera/camera_20260809_114307_552_023/trigger.pgm
camera,256015,2026-08-09T15:43:33+00:00,trackman/camera/camera_20260809_114332_680_024/first.pgm,/Users/john.pacino/openflight_sessions/trackman/camera/camera_20260809_114332_680_024/first.pgm
camera,10695538,2026-08-09T15:43:33+00:00,trackman/camera/camera_20260809_114332_680_024/frames.npz,/Users/john.pacino/openflight_sessions/trackman/camera/camera_20260809_114332_680_024/frames.npz
camera,256015,2026-08-09T15:43:33+00:00,trackman/camera/camera_20260809_114332_680_024/last.pgm,/Users/john.pacino/openflight_sessions/trackman/camera/camera_20260809_114332_680_024/last.pgm
camera,837,2026-08-09T15:43:33+00:00,trackman/camera/camera_20260809_114332_680_024/metadata.json,/Users/john.pacino/openflight_sessions/trackman/camera/camera_20260809_114332_680_024/metadata.json
camera,256015,2026-08-09T15:43:33+00:00,trackman/camera/camera_20260809_114332_680_024/trigger.pgm,/Users/john.pacino/openflight_sessions/trackman/camera/camera_20260809_114332_680_024/trigger.pgm
camera,256015,2026-08-09T15:44:07+00:00,trackman/camera/camera_20260809_114407_119_025/first.pgm,/Users/john.pacino/openflight_sessions/trackman/camera/camera_20260809_114407_119_025/first.pgm
camera,10717585,2026-08-09T15:44:07+00:00,trackman/camera/camera_20260809_114407_119_025/frames.npz,/Users/john.pacino/openflight_sessions/trackman/camera/camera_20260809_114407_119_025/frames.npz
camera,256015,2026-08-09T15:44:07+00:00,trackman/camera/camera_20260809_114407_119_025/last.pgm,/Users/john.pacino/openflight_sessions/trackman/camera/camera_20260809_114407_119_025/last.pgm
camera,848,2026-08-09T15:44:08+00:00,trackman/camera/camera_20260809_114407_119_025/metadata.json,/Users/john.pacino/openflight_sessions/trackman/camera/camera_20260809_114407_119_025/metadata.json
camera,256015,2026-08-09T15:44:07+00:00,trackman/camera/camera_20260809_114407_119_025/trigger.pgm,/Users/john.pacino/openflight_sessions/trackman/camera/camera_20260809_114407_119_025/trigger.pgm
camera,256015,2026-08-09T15:44:26+00:00,trackman/camera/camera_20260809_114425_456_026/first.pgm,/Users/john.pacino/openflight_sessions/trackman/camera/camera_20260809_114425_456_026/first.pgm
camera,10714591,2026-08-09T15:44:26+00:00,trackman/camera/camera_20260809_114425_456_026/frames.npz,/Users/john.pacino/openflight_sessions/trackman/camera/camera_20260809_114425_456_026/frames.npz
camera,256015,2026-08-09T15:44:26+00:00,trackman/camera/camera_20260809_114425_456_026/last.pgm,/Users/john.pacino/openflight_sessions/trackman/camera/camera_20260809_114425_456_026/last.pgm
camera,837,2026-08-09T15:44:26+00:00,trackman/camera/camera_20260809_114425_456_026/metadata.json,/Users/john.pacino/openflight_sessions/trackman/camera/camera_20260809_114425_456_026/metadata.json
camera,256015,2026-08-09T15:44:26+00:00,trackman/camera/camera_20260809_114425_456_026/trigger.pgm,/Users/john.pacino/openflight_sessions/trackman/camera/camera_20260809_114425_456_026/trigger.pgm
camera,256015,2026-08-09T15:44:45+00:00,trackman/camera/camera_20260809_114444_514_027/first.pgm,/Users/john.pacino/openflight_sessions/trackman/camera/camera_20260809_114444_514_027/first.pgm
camera,10740696,2026-08-09T15:44:45+00:00,trackman/camera/camera_20260809_114444_514_027/frames.npz,/Users/john.pacino/openflight_sessions/trackman/camera/camera_20260809_114444_514_027/frames.npz
camera,256015,2026-08-09T15:44:45+00:00,trackman/camera/camera_20260809_114444_514_027/last.pgm,/Users/john.pacino/openflight_sessions/trackman/camera/camera_20260809_114444_514_027/last.pgm
camera,836,2026-08-09T15:44:45+00:00,trackman/camera/camera_20260809_114444_514_027/metadata.json,/Users/john.pacino/openflight_sessions/trackman/camera/camera_20260809_114444_514_027/metadata.json
camera,256015,2026-08-09T15:44:45+00:00,trackman/camera/camera_20260809_114444_514_027/trigger.pgm,/Users/john.pacino/openflight_sessions/trackman/camera/camera_20260809_114444_514_027/trigger.pgm
camera,256015,2026-08-09T15:45:01+00:00,trackman/camera/camera_20260809_114500_163_028/first.pgm,/Users/john.pacino/openflight_sessions/trackman/camera/camera_20260809_114500_163_028/first.pgm
camera,10733166,2026-08-09T15:45:01+00:00,trackman/camera/camera_20260809_114500_163_028/frames.npz,/Users/john.pacino/openflight_sessions/trackman/camera/camera_20260809_114500_163_028/frames.npz
camera,256015,2026-08-09T15:45:01+00:00,trackman/camera/camera_20260809_114500_163_028/last.pgm,/Users/john.pacino/openflight_sessions/trackman/camera/camera_20260809_114500_163_028/last.pgm
camera,837,2026-08-09T15:45:01+00:00,trackman/camera/camera_20260809_114500_163_028/metadata.json,/Users/john.pacino/openflight_sessions/trackman/camera/camera_20260809_114500_163_028/metadata.json
camera,256015,2026-08-09T15:45:01+00:00,trackman/camera/camera_20260809_114500_163_028/trigger.pgm,/Users/john.pacino/openflight_sessions/trackman/camera/camera_20260809_114500_163_028/trigger.pgm
camera,256015,2026-08-09T15:45:20+00:00,trackman/camera/camera_20260809_114519_526_029/first.pgm,/Users/john.pacino/openflight_sessions/trackman/camera/camera_20260809_114519_526_029/first.pgm
camera,10683315,2026-08-09T15:45:20+00:00,trackman/camera/camera_20260809_114519_526_029/frames.npz,/Users/john.pacino/openflight_sessions/trackman/camera/camera_20260809_114519_526_029/frames.npz
camera,256015,2026-08-09T15:45:20+00:00,trackman/camera/camera_20260809_114519_526_029/last.pgm,/Users/john.pacino/openflight_sessions/trackman/camera/camera_20260809_114519_526_029/last.pgm
camera,837,2026-08-09T15:45:20+00:00,trackman/camera/camera_20260809_114519_526_029/metadata.json,/Users/john.pacino/openflight_sessions/trackman/camera/camera_20260809_114519_526_029/metadata.json
camera,256015,2026-08-09T15:45:20+00:00,trackman/camera/camera_20260809_114519_526_029/trigger.pgm,/Users/john.pacino/openflight_sessions/trackman/camera/camera_20260809_114519_526_029/trigger.pgm
camera,256015,2026-08-09T15:45:40+00:00,trackman/camera/camera_20260809_114539_230_030/first.pgm,/Users/john.pacino/openflight_sessions/trackman/camera/camera_20260809_114539_230_030/first.pgm
camera,10693356,2026-08-09T15:45:40+00:00,trackman/camera/camera_20260809_114539_230_030/frames.npz,/Users/john.pacino/openflight_sessions/trackman/camera/camera_20260809_114539_230_030/frames.npz
camera,256015,2026-08-09T15:45:40+00:00,trackman/camera/camera_20260809_114539_230_030/last.pgm,/Users/john.pacino/openflight_sessions/trackman/camera/camera_20260809_114539_230_030/last.pgm
camera,833,2026-08-09T15:45:40+00:00,trackman/camera/camera_20260809_114539_230_030/metadata.json,/Users/john.pacino/openflight_sessions/trackman/camera/camera_20260809_114539_230_030/metadata.json
camera,256015,2026-08-09T15:45:40+00:00,trackman/camera/camera_20260809_114539_230_030/trigger.pgm,/Users/john.pacino/openflight_sessions/trackman/camera/camera_20260809_114539_230_030/trigger.pgm
camera,256015,2026-08-09T15:45:55+00:00,trackman/camera/camera_20260809_114555_064_031/first.pgm,/Users/john.pacino/openflight_sessions/trackman/camera/camera_20260809_114555_064_031/first.pgm
camera,10697327,2026-08-09T15:45:55+00:00,trackman/camera/camera_20260809_114555_064_031/frames.npz,/Users/john.pacino/openflight_sessions/trackman/camera/camera_20260809_114555_064_031/frames.npz
camera,256015,2026-08-09T15:45:55+00:00,trackman/camera/camera_20260809_114555_064_031/last.pgm,/Users/john.pacino/openflight_sessions/trackman/camera/camera_20260809_114555_064_031/last.pgm
camera,838,2026-08-09T15:45:56+00:00,trackman/camera/camera_20260809_114555_064_031/metadata.json,/Users/john.pacino/openflight_sessions/trackman/camera/camera_20260809_114555_064_031/metadata.json
camera,256015,2026-08-09T15:45:55+00:00,trackman/camera/camera_20260809_114555_064_031/trigger.pgm,/Users/john.pacino/openflight_sessions/trackman/camera/camera_20260809_114555_064_031/trigger.pgm
camera,256015,2026-08-09T15:46:27+00:00,trackman/camera/camera_20260809_114626_947_032/first.pgm,/Users/john.pacino/openflight_sessions/trackman/camera/camera_20260809_114626_947_032/first.pgm
camera,10687248,2026-08-09T15:46:27+00:00,trackman/camera/camera_20260809_114626_947_032/frames.npz,/Users/john.pacino/openflight_sessions/trackman/camera/camera_20260809_114626_947_032/frames.npz
camera,256015,2026-08-09T15:46:27+00:00,trackman/camera/camera_20260809_114626_947_032/last.pgm,/Users/john.pacino/openflight_sessions/trackman/camera/camera_20260809_114626_947_032/last.pgm
camera,834,2026-08-09T15:46:27+00:00,trackman/camera/camera_20260809_114626_947_032/metadata.json,/Users/john.pacino/openflight_sessions/trackman/camera/camera_20260809_114626_947_032/metadata.json
camera,256015,2026-08-09T15:46:27+00:00,trackman/camera/camera_20260809_114626_947_032/trigger.pgm,/Users/john.pacino/openflight_sessions/trackman/camera/camera_20260809_114626_947_032/trigger.pgm
camera,256015,2026-08-09T15:46:43+00:00,trackman/camera/camera_20260809_114642_614_033/first.pgm,/Users/john.pacino/openflight_sessions/trackman/camera/camera_20260809_114642_614_033/first.pgm
camera,10779656,2026-08-09T15:46:43+00:00,trackman/camera/camera_20260809_114642_614_033/frames.npz,/Users/john.pacino/openflight_sessions/trackman/camera/camera_20260809_114642_614_033/frames.npz
camera,256015,2026-08-09T15:46:43+00:00,trackman/camera/camera_20260809_114642_614_033/last.pgm,/Users/john.pacino/openflight_sessions/trackman/camera/camera_20260809_114642_614_033/last.pgm
camera,835,2026-08-09T15:46:43+00:00,trackman/camera/camera_20260809_114642_614_033/metadata.json,/Users/john.pacino/openflight_sessions/trackman/camera/camera_20260809_114642_614_033/metadata.json
camera,256015,2026-08-09T15:46:43+00:00,trackman/camera/camera_20260809_114642_614_033/trigger.pgm,/Users/john.pacino/openflight_sessions/trackman/camera/camera_20260809_114642_614_033/trigger.pgm
camera,256015,2026-08-09T15:47:00+00:00,trackman/camera/camera_20260809_114659_747_034/first.pgm,/Users/john.pacino/openflight_sessions/trackman/camera/camera_20260809_114659_747_034/first.pgm
camera,10739366,2026-08-09T15:47:00+00:00,trackman/camera/camera_20260809_114659_747_034/frames.npz,/Users/john.pacino/openflight_sessions/trackman/camera/camera_20260809_114659_747_034/frames.npz
camera,256015,2026-08-09T15:47:00+00:00,trackman/camera/camera_20260809_114659_747_034/last.pgm,/Users/john.pacino/openflight_sessions/trackman/camera/camera_20260809_114659_747_034/last.pgm
camera,838,2026-08-09T15:47:00+00:00,trackman/camera/camera_20260809_114659_747_034/metadata.json,/Users/john.pacino/openflight_sessions/trackman/camera/camera_20260809_114659_747_034/metadata.json
camera,256015,2026-08-09T15:47:00+00:00,trackman/camera/camera_20260809_114659_747_034/trigger.pgm,/Users/john.pacino/openflight_sessions/trackman/camera/camera_20260809_114659_747_034/trigger.pgm
camera,256015,2026-08-09T15:47:19+00:00,trackman/camera/camera_20260809_114718_204_035/first.pgm,/Users/john.pacino/openflight_sessions/trackman/camera/camera_20260809_114718_204_035/first.pgm
camera,10742798,2026-08-09T15:47:19+00:00,trackman/camera/camera_20260809_114718_204_035/frames.npz,/Users/john.pacino/openflight_sessions/trackman/camera/camera_20260809_114718_204_035/frames.npz
camera,256015,2026-08-09T15:47:19+00:00,trackman/camera/camera_20260809_114718_204_035/last.pgm,/Users/john.pacino/openflight_sessions/trackman/camera/camera_20260809_114718_204_035/last.pgm
camera,834,2026-08-09T15:47:19+00:00,trackman/camera/camera_20260809_114718_204_035/metadata.json,/Users/john.pacino/openflight_sessions/trackman/camera/camera_20260809_114718_204_035/metadata.json
camera,256015,2026-08-09T15:47:19+00:00,trackman/camera/camera_20260809_114718_204_035/trigger.pgm,/Users/john.pacino/openflight_sessions/trackman/camera/camera_20260809_114718_204_035/trigger.pgm
camera,256015,2026-08-09T15:47:34+00:00,trackman/camera/camera_20260809_114733_718_036/first.pgm,/Users/john.pacino/openflight_sessions/trackman/camera/camera_20260809_114733_718_036/first.pgm
camera,10682131,2026-08-09T15:47:34+00:00,trackman/camera/camera_20260809_114733_718_036/frames.npz,/Users/john.pacino/openflight_sessions/trackman/camera/camera_20260809_114733_718_036/frames.npz
camera,256015,2026-08-09T15:47:34+00:00,trackman/camera/camera_20260809_114733_718_036/last.pgm,/Users/john.pacino/openflight_sessions/trackman/camera/camera_20260809_114733_718_036/last.pgm
camera,835,2026-08-09T15:47:34+00:00,trackman/camera/camera_20260809_114733_718_036/metadata.json,/Users/john.pacino/openflight_sessions/trackman/camera/camera_20260809_114733_718_036/metadata.json
camera,256015,2026-08-09T15:47:34+00:00,trackman/camera/camera_20260809_114733_718_036/trigger.pgm,/Users/john.pacino/openflight_sessions/trackman/camera/camera_20260809_114733_718_036/trigger.pgm
camera,256015,2026-08-09T15:47:52+00:00,trackman/camera/camera_20260809_114751_777_037/first.pgm,/Users/john.pacino/openflight_sessions/trackman/camera/camera_20260809_114751_777_037/first.pgm
camera,10704825,2026-08-09T15:47:52+00:00,trackman/camera/camera_20260809_114751_777_037/frames.npz,/Users/john.pacino/openflight_sessions/trackman/camera/camera_20260809_114751_777_037/frames.npz
camera,256015,2026-08-09T15:47:52+00:00,trackman/camera/camera_20260809_114751_777_037/last.pgm,/Users/john.pacino/openflight_sessions/trackman/camera/camera_20260809_114751_777_037/last.pgm
camera,833,2026-08-09T15:47:52+00:00,trackman/camera/camera_20260809_114751_777_037/metadata.json,/Users/john.pacino/openflight_sessions/trackman/camera/camera_20260809_114751_777_037/metadata.json
camera,256015,2026-08-09T15:47:52+00:00,trackman/camera/camera_20260809_114751_777_037/trigger.pgm,/Users/john.pacino/openflight_sessions/trackman/camera/camera_20260809_114751_777_037/trigger.pgm
camera,256015,2026-08-09T15:48:10+00:00,trackman/camera/camera_20260809_114810_031_038/first.pgm,/Users/john.pacino/openflight_sessions/trackman/camera/camera_20260809_114810_031_038/first.pgm
camera,10686170,2026-08-09T15:48:10+00:00,trackman/camera/camera_20260809_114810_031_038/frames.npz,/Users/john.pacino/openflight_sessions/trackman/camera/camera_20260809_114810_031_038/frames.npz
camera,256015,2026-08-09T15:48:10+00:00,trackman/camera/camera_20260809_114810_031_038/last.pgm,/Users/john.pacino/openflight_sessions/trackman/camera/camera_20260809_114810_031_038/last.pgm
camera,835,2026-08-09T15:48:10+00:00,trackman/camera/camera_20260809_114810_031_038/metadata.json,/Users/john.pacino/openflight_sessions/trackman/camera/camera_20260809_114810_031_038/metadata.json
camera,256015,2026-08-09T15:48:10+00:00,trackman/camera/camera_20260809_114810_031_038/trigger.pgm,/Users/john.pacino/openflight_sessions/trackman/camera/camera_20260809_114810_031_038/trigger.pgm
camera,256015,2026-08-09T15:48:26+00:00,trackman/camera/camera_20260809_114825_615_039/first.pgm,/Users/john.pacino/openflight_sessions/trackman/camera/camera_20260809_114825_615_039/first.pgm
camera,10688257,2026-08-09T15:48:26+00:00,trackman/camera/camera_20260809_114825_615_039/frames.npz,/Users/john.pacino/openflight_sessions/trackman/camera/camera_20260809_114825_615_039/frames.npz
camera,256015,2026-08-09T15:48:26+00:00,trackman/camera/camera_20260809_114825_615_039/last.pgm,/Users/john.pacino/openflight_sessions/trackman/camera/camera_20260809_114825_615_039/last.pgm
camera,836,2026-08-09T15:48:26+00:00,trackman/camera/camera_20260809_114825_615_039/metadata.json,/Users/john.pacino/openflight_sessions/trackman/camera/camera_20260809_114825_615_039/metadata.json
camera,256015,2026-08-09T15:48:26+00:00,trackman/camera/camera_20260809_114825_615_039/trigger.pgm,/Users/john.pacino/openflight_sessions/trackman/camera/camera_20260809_114825_615_039/trigger.pgm
camera,256015,2026-08-09T15:48:41+00:00,trackman/camera/camera_20260809_114840_825_040/first.pgm,/Users/john.pacino/openflight_sessions/trackman/camera/camera_20260809_114840_825_040/first.pgm
camera,10739515,2026-08-09T15:48:41+00:00,trackman/camera/camera_20260809_114840_825_040/frames.npz,/Users/john.pacino/openflight_sessions/trackman/camera/camera_20260809_114840_825_040/frames.npz
camera,256015,2026-08-09T15:48:41+00:00,trackman/camera/camera_20260809_114840_825_040/last.pgm,/Users/john.pacino/openflight_sessions/trackman/camera/camera_20260809_114840_825_040/last.pgm
camera,847,2026-08-09T15:48:41+00:00,trackman/camera/camera_20260809_114840_825_040/metadata.json,/Users/john.pacino/openflight_sessions/trackman/camera/camera_20260809_114840_825_040/metadata.json
camera,256015,2026-08-09T15:48:41+00:00,trackman/camera/camera_20260809_114840_825_040/trigger.pgm,/Users/john.pacino/openflight_sessions/trackman/camera/camera_20260809_114840_825_040/trigger.pgm
camera,256015,2026-08-09T15:48:54+00:00,trackman/camera/camera_20260809_114853_678_041/first.pgm,/Users/john.pacino/openflight_sessions/trackman/camera/camera_20260809_114853_678_041/first.pgm
camera,10671894,2026-08-09T15:48:54+00:00,trackman/camera/camera_20260809_114853_678_041/frames.npz,/Users/john.pacino/openflight_sessions/trackman/camera/camera_20260809_114853_678_041/frames.npz
camera,256015,2026-08-09T15:48:54+00:00,trackman/camera/camera_20260809_114853_678_041/last.pgm,/Users/john.pacino/openflight_sessions/trackman/camera/camera_20260809_114853_678_041/last.pgm
camera,836,2026-08-09T15:48:54+00:00,trackman/camera/camera_20260809_114853_678_041/metadata.json,/Users/john.pacino/openflight_sessions/trackman/camera/camera_20260809_114853_678_041/metadata.json
camera,256015,2026-08-09T15:48:54+00:00,trackman/camera/camera_20260809_114853_678_041/trigger.pgm,/Users/john.pacino/openflight_sessions/trackman/camera/camera_20260809_114853_678_041/trigger.pgm
camera,256015,2026-08-09T15:49:08+00:00,trackman/camera/camera_20260809_114907_277_042/first.pgm,/Users/john.pacino/openflight_sessions/trackman/camera/camera_20260809_114907_277_042/first.pgm
camera,10694162,2026-08-09T15:49:08+00:00,trackman/camera/camera_20260809_114907_277_042/frames.npz,/Users/john.pacino/openflight_sessions/trackman/camera/camera_20260809_114907_277_042/frames.npz
camera,256015,2026-08-09T15:49:08+00:00,trackman/camera/camera_20260809_114907_277_042/last.pgm,/Users/john.pacino/openflight_sessions/trackman/camera/camera_20260809_114907_277_042/last.pgm
camera,837,2026-08-09T15:49:08+00:00,trackman/camera/camera_20260809_114907_277_042/metadata.json,/Users/john.pacino/openflight_sessions/trackman/camera/camera_20260809_114907_277_042/metadata.json
camera,256015,2026-08-09T15:49:08+00:00,trackman/camera/camera_20260809_114907_277_042/trigger.pgm,/Users/john.pacino/openflight_sessions/trackman/camera/camera_20260809_114907_277_042/trigger.pgm
