model,train_reference_rad,all_wide_reference_rad,train_coverage,train_n,train_mae,train_bias,train_p50,train_p75,train_p90,holdout_coverage,holdout_n,holdout_mae,holdout_bias,holdout_p50,holdout_p75,holdout_p90,dense_coverage,dense_n,dense_mae,dense_bias,dense_p50,dense_p75,dense_p90,all_wide_fit_coverage,all_wide_fit_n,all_wide_fit_mae,all_wide_fit_bias,all_wide_fit_p50,all_wide_fit_p75,all_wide_fit_p90
combined_frame_equal_8,-0.33433739436664234,-0.3650498624263566,1.0,18,0.8719555474388776,-0.11801489214699079,0.7845344074358424,1.1033404687651944,1.7561765101670497,1.0,41,0.9482572413516603,0.44143778534441086,0.7836440449846426,1.3209992212349468,2.083971944156814,1.0,41,2.3024871884829192,-0.7702440382132196,1.0522846996829784,1.490130030642959,3.1355543779445703,1.0,59,0.9945316286727834,-0.2897836189247423,0.6542565785235226,1.4128923031823502,2.019045065112111
combined_frame_coherent_8,-0.33863597148211594,-0.3350478559502347,1.0,18,0.8746054776482839,-0.2226299910993925,0.6937536031292217,1.1686459133129357,1.791856998182838,1.0,41,0.9983269135090461,0.4427885867374624,0.7336204835977211,1.2406825582694925,2.00826199163468,1.0,41,2.475067254006549,-0.8258119251633882,1.0875019023739747,1.4835688814764625,3.3375425068826834,1.0,59,0.9661287553341226,0.3052667766945613,0.6855756862965225,1.1855566819654508,1.8473659096482224
neighbor_combined_frame_equal_8,-0.3577804263931557,-0.3585475845563032,1.0,18,0.9034172417914567,-0.603288736155253,0.5551434666845161,1.4844176936631444,1.9034060362976388,1.0,41,1.0107562781844446,0.2127525910120067,0.5964323588595659,1.4478504618373882,1.6520369749927644,1.0,41,2.3774275580089252,-1.2487604676572137,0.9463567507248425,1.4685138547041507,2.676063341898773,1.0,59,0.9806165480511291,-0.05021136698954617,0.5555702712589432,1.4703432030259904,1.8792683709281557
neighbor_combined_frame_coherent_8,-0.3449728422456448,-0.35253123842011713,1.0,18,0.8440308876101604,-0.4005392526136073,0.560882237668177,1.3160404414309625,1.6303705375634825,1.0,41,1.0143018156755823,0.5101571016550724,0.7103473286485462,1.1326840270928826,1.78272946006719,1.0,41,2.5674265578768907,-1.0774395657122247,1.0412084381799938,1.6225778297252047,3.1640653889280705,1.0,59,0.9589123944101261,0.09435776762597711,0.5981394165976965,1.4012371982101313,1.7109154901772323
combined_frame_coherent_6,-0.35782127415692233,-0.35782127415692233,1.0,18,1.057379017127534,-0.23040084568149016,0.6857861222830243,1.198597276342702,2.567481782617537,1.0,41,1.042176147968818,0.29067897863452724,0.6727804793569845,1.3655135796060518,1.9288747249011444,1.0,41,2.0448243944831086,-0.7201956069038433,0.9610735008808412,2.011880333571703,2.816731909007882,1.0,59,1.0468143114409687,0.13170547291099652,0.6727804793569845,1.3107746777986984,2.0158188220416484
combined_frame_equal_6,-0.3439653180925624,-0.3616481954261313,1.0,18,1.0214881337533608,0.03420136454359072,0.6414452092626566,1.3749205969538316,2.2533704927059817,1.0,41,1.0837600113585948,0.5406402291363046,0.8978440799133707,1.3384648949737552,2.220110159238901,1.0,41,2.0112973433788377,-0.5030362603006351,1.240354679657754,2.1450036068068785,2.9919659341602496,1.0,59,1.0381393437249269,0.06335074931876375,0.6929865617590196,1.3521670980422926,2.252812322968032
neighbor_combined_frame_equal_10,-0.34128945950081857,-0.345603828390645,1.0,18,0.6982827663087637,-0.15698122586412872,0.502150892494643,1.1364768529072862,1.518850284521955,1.0,41,1.1018026963957477,0.7134041082339923,0.44264819587733967,1.1667656690038881,2.519497296987065,1.0,41,2.142261620111941,-1.2487888814742985,0.6086314380583089,1.3536841213418356,2.1108523647512256,1.0,59,0.958673825659176,0.3691264890860648,0.46793250849395496,1.107215965080645,2.179762678101404
neighbor_combined_frame_coherent_10,-0.34420141345333294,-0.3480156132500243,1.0,18,0.6873408962769212,-0.20747020696765697,0.5002872290792619,1.1374591885355834,1.3928530679208868,1.0,41,1.1353988295329602,0.673841078340199,0.5243551452547212,1.2038166870514928,2.9522110918457463,1.0,41,2.297696574438497,-1.2875801640700337,0.6211402405567823,1.684315057071715,2.564704671495937,1.0,59,0.9871277037524616,0.335358034704863,0.4927846252274254,1.1662920578776739,2.449255107701381
neighbor_combined_frame_coherent_6,-0.3531444039221221,-0.37595519141479367,1.0,18,1.02142067285624,-0.29017276794902713,0.7400054555952946,1.152126107248593,2.254490542022413,1.0,41,1.1382652864357654,0.5978362057225419,0.909014747663769,1.6804863096822773,1.998183362514272,1.0,41,2.2190761439641835,-0.8024717014099101,1.169935802928162,1.9602748323585448,3.091791406620609,1.0,59,1.1019899250021286,-0.08950174398433675,0.7042083953043092,1.5181795199297787,2.2497171289135625
combined_frame_coherent_5,-0.3771634878992397,-0.38002932165137193,1.0,18,1.166942431036726,-0.23582670049387064,0.8761816532416118,1.8123655761134216,2.216308348333071,1.0,41,1.1947137972388475,0.08970517844433229,0.9565028797319997,1.5612178141306097,1.9592936479614549,1.0,41,1.988219768232827,-0.6653508011455327,0.8438060288195075,2.516995163512917,3.5968313637662606,1.0,59,1.1895504312944196,-0.061930577343404195,0.9041107266386308,1.6225623783130323,2.133412604077554
neighbor_combined_frame_coherent_4,-0.3721336303063903,-0.41314894771306915,1.0,18,1.3311248240402833,-0.1546282972531018,0.8535359271602614,2.2426433699709825,2.644237658530385,1.0,41,1.2137979702945243,0.24996558598396101,1.072574811602168,1.5804690482647907,2.483751126001221,1.0,41,2.189070645900397,-0.5925621718796951,1.2581421829914792,2.2703863289769206,4.155119443434495,1.0,59,1.2912053332021234,-0.6224951349450076,0.8331202623307874,1.9397503954718067,2.9766527524135307
combined_frame_equal_5,-0.3797051042105224,-0.3297704598076121,1.0,18,1.1595213616956144,-0.26252969761828476,0.9049782170488186,1.7018675396083593,2.1940659685144452,1.0,41,1.228083527493978,0.035285659925312206,1.0894037159696817,1.511599734157425,1.9554289241255653,1.0,41,1.8776838152077344,-0.8127543834482701,0.7848382314068625,2.50771570188172,3.1215817072789145,1.0,59,1.3392737729877777,0.85612401652223,0.9911669371640608,2.059937086133636,2.696294990531635
neighbor_combined_frame_equal_6,-0.33612054268168734,-0.3452953037458957,1.0,18,0.9999873030585545,0.03433807006525015,0.7087513927325573,1.3371217907684905,1.97949238167134,1.0,41,1.2357438152235893,0.8638547331118528,0.8765911279746106,1.4736097789387868,2.297056053475162,1.0,41,2.1309496285699434,-0.4703487080100425,1.0620841847214684,2.26871953614012,3.3100992459748846,1.0,59,1.117409872005522,0.44328759749767627,0.7623080818160456,1.4952935052916612,2.1892876613872154
neighbor_combined_weighted_4,-0.37810342979508654,-0.416431211271901,1.0,18,1.4756990807865062,-0.5300259745919895,1.1212650492496055,2.191508075826505,3.3091240049773725,1.0,41,1.273230930058154,-0.04294136095571012,1.1816890130354907,1.610901129426281,2.6607265837679037,1.0,41,2.4456826562526808,-0.9819004535518921,1.2266034150718053,2.3407013237894203,4.541562867069874,1.0,59,1.4681371493112274,-0.8915448761268537,1.01068057830076,2.1820445367828842,3.350470861653363
neighbor_combined_frame_equal_4,-0.3659136575840038,-0.37200350501775037,1.0,18,1.36542180375634,-0.04839656225043412,0.9420003147164429,2.0675535532356273,2.7539470885336,1.0,41,1.2967148848940568,0.2663873353255398,0.9943894911262781,1.8234483798685457,2.8921690421668003,1.0,41,2.073784569724517,-0.504261054551335,1.2569000749231833,2.0618817596660195,3.9141187486500213,1.0,59,1.2969013497316948,0.059135091056294185,0.8982902646847726,1.981283335946183,2.8963272596900485
neighbor_combined_frame_equal_5,-0.38161153271363757,-0.37079727339756274,1.0,18,1.0483401183242893,-0.4462939223136876,0.7222751136667479,1.729343058654819,2.244988270232971,1.0,41,1.3158035006699487,0.17465159695510638,0.9069159952909955,1.5682814761936128,2.3500529949442064,1.0,41,2.0128378678055987,-0.9674909974067218,1.0170717196879033,1.657882400516555,3.861649305259231,1.0,59,1.2241980794033254,0.18266765650327543,0.7885580798825038,1.6703476539402133,2.556674985114824
combined_weighted_5,-0.3442514774221662,-0.3924480881410791,1.0,18,1.1669127459953696,0.10324925483085072,0.9734135148437651,1.714147932954193,2.3036856284814853,1.0,41,1.3274422071968939,0.619534079416547,1.1901964675905603,1.7915872775416626,2.188595039266734,1.0,41,2.4905284008873503,-0.6536356410768227,1.106269074599207,1.8332850801975549,3.5060716481947303,1.0,59,1.3116068783584685,-0.4179034766806433,1.0327369163391809,1.8876168511605869,2.658424860419066
neighbor_combined_frame_coherent_5,-0.3808186003284401,-0.35859010384370826,1.0,18,1.061807126923261,-0.45092154009435576,0.7457810913277355,1.8210215965025314,2.4291455914726914,1.0,41,1.3346030828273672,0.251569134648319,1.0057210900700155,1.580368318754549,3.007777576653234,1.0,41,2.0799442084276722,-0.9541120113902432,1.0051996923204691,2.285229612597826,3.756168103565539,1.0,59,1.278676141406175,0.4431611772533736,0.8404353000956172,1.7945667211513125,2.823547197573823
combined_frame_coherent_4,-0.4138286319680905,-0.3963080957918,1.0,18,1.5275571323541794,-0.8898667107308111,1.0405501140879405,2.71912689366681,3.22271391004957,1.0,41,1.3391174207674894,-0.7456110244821947,1.0498972588762576,1.9666194642951695,2.721011558926919,1.0,41,2.1206682798005256,-0.9408173871660863,1.43787337844101,2.1147348636048164,4.625414623559838,1.0,59,1.3509598421364417,-0.46967224395509477,0.9808803940763229,2.0599796515080673,3.014859515052341
combined_weighted_8,-0.2925723705825898,-0.2929142727986171,1.0,18,0.6422292096104977,0.031621699349000734,0.42308765727346853,0.7942029547163562,1.4782994348016798,1.0,41,1.3423140484894662,1.147982656552023,0.9329023085795596,1.8383753878953355,2.373896041770291,1.0,41,3.447602305914696,-0.8054129030003576,1.3460251310263256,2.260528894025933,3.8287702470811875,1.0,59,1.1260846004017173,0.8011573562066506,0.6305532226451278,1.5529209375268773,2.138866399299734
combined_frame_median_8,-0.31406725557449033,-0.31858553798456185,1.0,18,1.2182614745540263,0.6572110556013272,0.6988240390321793,1.6175406549566511,2.966517538081311,1.0,41,1.3558848918788076,0.532207341723693,0.9483094082032273,1.8253177353423045,2.7526851660286993,1.0,41,3.371791512469602,-0.5553340289120295,1.827028183401711,2.783365341415136,3.660996020508177,1.0,59,1.2972611365894853,0.48787120517938165,0.8658782343988325,1.7880382116254403,2.872978582108536
combined_frame_coherent_10,-0.30677325021157137,-0.3646140967704953,1.0,18,0.8580330890047976,0.42896187096014604,0.668005951028726,1.1657309739682837,1.6754124261259624,1.0,41,1.3612406173975538,1.1862657606052243,1.0549067061643396,1.6561617579278343,2.4399009966477325,1.0,41,2.3948525365124933,-0.4448354506529129,0.8220568613667512,1.6751243037059262,2.7109556592213493,1.0,59,0.9941602058322684,-0.10029796090335082,0.6414085309426669,1.2302092740104795,1.6743543488097208
neighbor_combined_frame_median_8,-0.3417854575521905,-0.3514349809712549,1.0,18,1.0870517220141938,-0.15801840872065956,0.6885335107329282,1.8994957659215805,2.3414272885381804,1.0,41,1.3646838758202182,0.2997973376580434,1.059301288326584,1.803133928918979,2.4180182160067147,1.0,41,3.2788416062912193,-1.3026598551201807,1.707062625050811,2.397929067295696,4.971864410831804,1.0,59,1.283167957274557,-0.01602956649005492,0.9440151090328786,1.975409806970392,2.515024067532187
combined_frame_equal_10,-0.3027658285957408,-0.35948314212197174,1.0,18,0.8727638620887366,0.49675219120828057,0.6984154104063998,1.3138424413926524,1.6271341612096781,1.0,41,1.3728098150637316,1.2265534114797663,1.096754639149023,1.6323512312700283,2.5068207645026743,1.0,41,2.264591605337755,-0.4369503706383142,0.9162713726235037,1.676664482330462,2.693174586474202,1.0,59,0.9358929416477121,-0.03114601291846086,0.5992271855634481,1.1253702728130166,1.5998679977333243
combined_frame_equal_4,-0.4136678520601855,-0.4074338293023947,1.0,18,1.520407694483075,-0.8783585272285046,1.0367233077860294,2.6939700085988783,3.1860637646303287,1.0,41,1.3955828947523328,-0.7648371205679868,0.9691679695107633,2.257215986887818,3.050383241887901,1.0,41,2.014316228434875,-1.0453025141885788,1.360417230130995,2.2556520579191393,3.759597242591359,1.0,59,1.4046799011850704,-0.6856208873629716,0.9485669418060363,2.1492320935143896,3.229731928165586
combined_weighted_4,-0.40192063713076764,-0.38837694844428794,1.0,18,1.5930473950384714,-0.9250120933090903,1.3502818855087422,2.7639348001356865,3.726758763121413,1.0,41,1.4201996240907044,-0.6934837464744701,1.1503835394745048,2.1570432869742735,2.842506058908832,1.0,41,2.4316647196361303,-1.0876709021781512,1.5567424693018026,2.322097097475215,4.541466058856217,1.0,59,1.4464300912128718,-0.5167893766515507,1.0384260418050313,2.3689263171501507,3.0873411736629
combined_frame_coherent_range_24_44,-0.38000047471735543,-0.38000047471735543,1.0,18,0.8285952140078376,-0.48088993653129436,0.666572205397757,1.0724302568200845,1.5881516752145082,1.0,41,1.4313228368137574,0.29009258120015136,0.7810573087304773,1.6625045175714346,2.5763302539945228,1.0,41,2.4538617050668807,-1.2809280187027796,0.7893963201197853,1.4304639627151312,2.2905813833469013,1.0,59,1.2474398332458496,0.054877575790557735,0.7436107943530293,1.6017261956549467,2.5295079256661213
combined_frame_median_6,-0.31234748052415234,-0.31234748052415234,1.0,18,2.024160546684459,0.9984844174280152,1.354688016175324,2.9532293110190055,3.7103817342639336,1.0,41,1.4684245041252613,0.6904175018686787,1.1324765653385258,1.9963722431444584,3.2297667036898527,1.0,41,2.9905100654120274,0.14272864724122902,1.8197651100437242,2.8851088085883494,4.342325883888465,1.0,59,1.63797109338061,0.7844040184800014,1.192850465856158,2.4141314281084725,3.479110777784311
neighbor_combined_weighted_8,-0.29748374794342725,-0.3245401894838591,1.0,18,0.7554983866478217,-0.10758841078529627,0.4817965564685327,0.8242675646651071,1.6575381653912833,1.0,41,1.469482006657543,1.1908288181026951,1.1039221221491098,1.7109592096611916,3.379802600559886,1.0,41,3.491008458077363,-0.9387311580228409,1.7780140692896222,2.2468380957354217,3.862045481769955,1.0,59,1.1397995626139525,0.30083114542647066,0.6964385358219931,1.2191521789830546,2.7118521272414524
neighbor_combined_weighted_5,-0.3426766711971936,-0.3544056467579587,1.0,18,1.18753939748016,-0.06716455404783145,0.8351193089643083,2.0308483307619642,2.655844839741811,1.0,41,1.5131956245235008,0.8227397420449751,1.145965481809987,2.239618153039865,3.670711239732682,1.0,41,2.4899880353383113,-0.7182519733263986,0.9580575251890098,2.2692707299183086,4.429750351095548,1.0,59,1.3827045545566843,0.33703728497777863,0.9513163127312471,2.069323561987057,3.175100467621028
combined_frame_equal_range_24_44,-0.3874262174267198,-0.37367106076403156,1.0,18,0.9159919802112544,-0.5457153071606156,0.6833133253118605,1.1474828082961617,1.6884173566123604,1.0,41,1.5815498750717005,0.15105511270976418,1.0926797349281552,2.1847762002134514,2.7246130675910227,1.0,41,2.3134904917675976,-1.5575309100468637,0.9126140446693587,1.3772679016060165,1.820244958224043,1.0,59,1.3690476864152628,0.1894900001327369,0.924212199071695,1.9048184536955504,2.785842808971325
combined_frame_median_10,-0.3147366185278623,-0.36473523210542563,1.0,18,1.0854292744333962,0.46806856265591545,0.8648745358196154,1.587128125042026,2.1686703786581703,1.0,41,1.6000082386522503,0.6878121158077831,1.4171698934820454,1.933511708968584,2.9656029498973084,1.0,41,3.1739198448943284,-0.7642189069193006,1.538386630427776,2.397351916225372,3.1421650181057332,1.0,59,1.381085279799561,-0.2916685791763511,1.0647262070669306,1.8507429012048573,2.5457979299657514
neighbor_combined_frame_coherent_range_24_44,-0.3717965961326822,-0.3787198584974133,1.0,18,0.8078506383939792,-0.27527066445556936,0.6865108761698517,1.196769218470763,1.463515138784026,1.0,41,1.6037616520376357,0.5649185113269118,1.1513482812595823,1.8942129681847188,2.809054433640194,1.0,41,2.4494274687858524,-1.1308905133562832,0.7776787532490964,1.3489058896670134,2.7260099414605143,1.0,59,1.3501609383362816,0.18224852545101267,0.8744345984744044,1.6682604754943506,2.412051756954197
neighbor_combined_frame_equal_range_24_44,-0.3696862364984567,-0.38134613678047846,1.0,18,0.8667262006772186,-0.16654479571859918,0.7765914579353617,1.187430429171843,1.5273610912209457,1.0,41,1.6298383892762216,0.4667368582167059,1.3050922092589463,1.9568696681188977,2.9588126169223092,1.0,41,2.2854988690864175,-1.1721313619618585,0.8456056706657071,1.3647277526314658,2.0351271617960025,1.0,59,1.391817921503958,0.06075755296156631,0.888339295886845,1.7532024544655918,2.6285623154318514
neighbor_combined_frame_median_5,-0.33305345843811596,-0.28958271675290126,1.0,18,1.766091904039918,0.49884874587151057,1.1927702680886088,3.2805635132702373,3.5266625194101344,1.0,41,1.6834887981483686,0.8352721619497413,1.6191785645067642,2.1576760717072694,3.428337192365782,1.0,41,2.936780993585285,0.04732807472124499,1.6083192141216172,3.774545953524071,5.309388788390635,1.0,59,1.9999702333753342,1.5269683901581887,1.3337451321748246,2.9480919548230644,4.3046335553434965
neighbor_combined_frame_coherent_3,-0.38979629488610024,-0.3414891232810916,1.0,18,1.2270063053727687,-0.1330257938069142,0.9366079319224541,1.5766835386663756,2.4757254813251963,1.0,41,1.694370688212798,0.31173665716176396,1.5281318084361601,2.1296331637759978,3.676489567369589,1.0,41,2.1809421350709592,-0.71909185811697,1.527905702047791,2.7859850518124536,4.40079357024978,1.0,59,1.7351550953696242,1.0584829759121672,1.1193957773184602,2.3373466647467094,3.814771446577254
combined_weighted_6,-0.2910973548594228,-0.3449998609413412,1.0,18,1.2193024023816676,0.5700061261584743,0.8656933008216773,1.5624119803273107,1.9662036878439568,1.0,41,1.6959598097566497,1.4189837538158867,1.3186444211216477,2.1351474349544857,2.895224152924896,1.0,41,2.959461610548706,-0.2923745997854188,1.4740356037438436,2.4665800360236707,3.600376777925031,1.0,59,1.2165079195153021,0.17591692704203757,0.7640422402603617,1.6192416772408733,2.8776341275145847
combined_weighted_3,-0.3925219234033523,-0.3681047027653567,1.0,18,1.3458932204624166,-0.2629223024760769,0.951090886650128,2.2676061787392725,2.8008396453643143,1.0,41,1.7060671197980604,-0.02451056711308544,1.681057193833524,2.3121778780365965,3.2691986544892404,1.0,41,1.8643230804399638,-0.550295629421884,1.056895173185779,2.5367545461637295,4.3572415861376275,1.0,59,1.60985983490104,0.34872281138179834,1.2565994805216447,2.1921793004371857,3.239416254569961
combined_frame_median_4,-0.33667782256571743,-0.3774189731577225,1.0,18,2.39351597447511,0.929648628950349,1.9236851852231793,3.21594191632684,4.424640474886024,1.0,41,1.7092300703018912,0.2783889396484894,1.5558920180864715,2.411003092567313,3.088193476759969,1.0,41,3.231930270617433,0.6085755302683717,2.0445959384198344,3.9782549371899614,6.034020105432822,1.0,59,1.9109536052519756,-0.26713444318764334,1.5991925604637447,3.1005548906146245,3.5910021502629905
combined_frame_coherent_range_22_42,-0.37276272686948975,-0.40325159847880204,1.0,18,0.7910064875645095,-0.06982212768361527,0.6808898760881754,0.8836245214550236,1.7921601332299328,1.0,41,1.7135405720634806,0.6788240518755732,1.370733697260041,1.9406097431969656,2.8019767862961364,1.0,41,2.4988938043666242,-1.151792947376806,0.6627449094692195,1.3478634898216268,2.6720127819583843,1.0,59,1.409029354113542,-0.10600800201910704,0.8183236213974827,1.8040320417751314,2.7415074401766772
neighbor_combined_frame_median_10,-0.30392091238474395,-0.33640232937931286,1.0,18,1.1269119268629924,0.4686059015276441,0.9228707452287882,1.5830423497535806,2.5175858630798458,1.0,41,1.7196027922468415,1.1676857007181292,1.3981990584900572,2.3157470869537096,3.1144533143061013,1.0,41,3.3740459780698484,-0.8089114218211265,1.6029036637459693,2.390109930392191,4.184603330762904,1.0,59,1.415898746618652,0.36152443902195863,1.0136300755087229,2.0188904358559983,2.5773077831601308
combined_frame_median_5,-0.3460367862517118,-0.3849061406469567,1.0,18,1.6928602730176145,0.6130674527214328,1.3479701768049812,2.7034401627703906,3.4035460068639334,1.0,41,1.7196085988437242,0.1452678375448439,1.7405753949383325,2.519112462685078,3.332409562064498,1.0,41,2.9551484365394116,-0.06084595392015058,1.8225881410879343,3.189348360526693,4.942769074020366,1.0,59,1.7564887259811026,-0.421806501568634,1.4586118188332418,2.635698295027854,3.3477597827857246
combined_frame_coherent_3,-0.3588063214945678,-0.3626569676225248,1.0,18,1.3794271062758412,0.5123704553137565,0.9276593871834502,1.877040845570777,2.98485168974427,1.0,41,1.7528300054717432,0.7015831702574088,1.4178530595805108,2.3428513036869685,3.36170474611651,1.0,41,1.7789070462030923,0.24529754681459648,1.2654564642098105,2.900199680384282,3.518830798902402,1.0,59,1.6232373079267786,0.5735243059714639,1.3027031616532256,2.31529510699556,3.276340235415789
neighbor_combined_frame_median_4,-0.3374987166395057,-0.3389667427063249,1.0,18,2.3130908512617396,0.4425399368795465,1.8095461730136284,3.5478943212931613,4.308548694208668,1.0,41,1.7608281791976015,0.5010256426401478,1.4441395804315995,2.5773138039265953,4.024573316038333,1.0,41,3.1280217300044133,-0.03254895160536429,2.2169837150226788,4.057347695173504,5.737603047487325,1.0,59,1.9261055828099796,0.4563543185678111,1.4709218905174113,2.640341935065349,4.059294080485405
combined_weighted_10,-0.33440030462012377,-0.33417152389113214,1.0,18,0.9011155301523779,-0.3668552523479056,0.5669374287896696,1.5271909207753662,1.7864406578657652,1.0,41,1.764645466349211,0.8691231469846247,0.802596249394097,2.2553200340068664,3.8503932367124505,1.0,41,2.7621258628609153,-1.7538173646044064,0.8108574092196363,1.2713090047202649,2.739499522835578,1.0,59,1.500985082882622,0.496220775189545,0.6430815888715165,1.6834838638631033,2.8091892489650854
combined_frame_median_range_24_44,-0.3604755269380578,-0.3604755269380578,1.0,18,0.7483451497420686,0.11115132561193065,0.5076731090015598,1.3158768789130701,1.6074049386344977,1.0,41,1.7948806820346102,0.4529072019014705,1.4498748747572865,2.426343855414715,4.2424814395612085,1.0,41,2.732292058538496,-1.369836290302493,0.9599735937378409,1.7592987106271227,3.240141709656236,1.0,59,1.4755986552334954,0.3486426972707634,0.980214794138959,1.8747571788118522,2.9626542505452664
neighbor_combined_weighted_3,-0.3911861067525598,-0.3334196409076235,1.0,18,1.2412715493512112,-0.33365222034239017,0.8668128067474095,1.9662517322897404,2.8323513056484653,1.0,41,1.8057180134011994,0.15875300475040754,1.7184247366471639,2.2449393747001407,3.8790026728970615,1.0,41,2.2845144486549196,-0.844649433614707,1.5304256437521184,2.6760752967217893,4.7515577830825055,1.0,59,1.8031751598465426,1.0638562438432246,1.3170321971477483,2.5093635196448956,3.8352044477388283
neighbor_combined_frame_median_6,-0.28912313639973936,-0.34711316624104316,1.0,18,1.956382605418521,0.9574681064870975,1.6234661332669045,3.039892464915111,3.9375947563743736,1.0,41,1.8174516670886556,1.5765918294556747,1.6621043771339141,2.4676294837067454,3.469512841632172,1.0,41,3.1915057766795734,0.39424174083285746,2.157198283826086,3.50297949178396,4.014866667480797,1.0,59,1.5270612538380561,0.3285710633175267,1.1680568478746909,2.1995709715214504,2.85964747803364
combined_frame_equal_3,-0.3526787076126059,-0.3526787076126059,1.0,18,1.3755651221210594,0.6195401198951035,0.9125757536371664,2.0046829187136046,3.031265128432298,1.0,41,1.8536651261893415,0.8213139685097447,1.6597761148293364,2.7689238675075525,3.974053081221805,1.0,41,1.978235162057125,0.23622868738702996,1.509897085007307,3.136671674543415,3.6308025223890823,1.0,59,1.7078041079990183,0.759755845203583,1.0768200576677085,2.6219280269801075,3.802289039138994
neighbor_combined_frame_median_range_22_42,-0.3860901481168197,-0.40133640415355654,1.0,18,1.1606541444570635,-0.5161120785775759,0.7840821187732306,1.5409348802360099,2.386585552072799,1.0,41,1.888025877330273,0.1555734693088582,1.4381667705769745,2.542699275295559,4.033567291758223,1.0,41,2.9470584958859627,-2.12082861897235,0.9419757613006188,1.7653232432661339,2.598607589377873,1.0,59,1.677939042737869,-0.3276005994010961,1.164588850858128,2.437081266628144,3.803021946937207
neighbor_combined_frame_equal_range_22_42,-0.403445001566761,-0.4283158095203369,1.0,18,1.0059884261251173,-0.41661138085860766,0.74761061298487,1.5105442625743524,2.0741060563941507,1.0,41,1.9144041252657293,0.2772653640891109,1.4602849312136121,2.595833389039217,3.5540021149599226,1.0,41,2.4698294895503254,-1.8396194356243107,0.9393544273448349,1.3568293292234324,2.6198770912426066,1.0,59,1.6736060704417886,-0.38836960534832143,1.1103036125963954,2.587953531993473,3.710328574883298
neighbor_combined_frame_equal_3,-0.35266863948082416,-0.3452458685514592,1.0,18,1.2163577911766115,0.519904258067291,0.914288277089695,1.5744408384625173,2.9813264938808888,1.0,41,1.9360803213886046,0.8694559248706055,1.348729749385774,2.8438635418404257,4.676279743103268,1.0,41,2.293833721491366,-0.06199516054349438,1.3116586676964586,3.4414103071315574,4.7363468140607985,1.0,59,1.7544962613463453,0.8984149203689064,1.0917298817368954,2.38697664824333,3.7856203168060274
neighbor_combined_frame_coherent_range_22_42,-0.3627909232717027,-0.4243484481952945,1.0,18,0.8866604374789393,0.14271518831461152,0.5861826232696197,1.2611057595204034,1.9303394563767267,1.0,41,1.9490207685036622,1.0324819979410609,1.622229900187763,2.1899488121012847,3.1939968903812095,1.0,41,2.471991647812074,-0.932953726892286,0.6611205855454084,1.6912283093682492,2.5955747674029306,1.0,59,1.56354611433018,-0.36249726350380895,0.9811977304457289,2.2378502342689055,3.0182008291268536
combined_frame_equal_range_22_42,-0.3962365497882323,-0.43949348526855225,1.0,18,0.9597010835779817,-0.3199925954946934,0.7193976843667048,1.2946782510361041,1.8362544641150231,1.0,41,1.9526183408959068,0.2985443132120373,1.5184036077869498,2.746118282204947,3.5428572284986384,1.0,41,2.546509363725397,-1.7446489530495342,0.845709984803809,1.5952246620377646,2.3801969129352667,1.0,59,1.7760620444076636,-0.679765393761908,1.091740230973711,2.6124103430963106,3.7668685852361583
neighbor_combined_frame_coherent_range_20_40,-0.37103217733057986,-0.3709536954900273,1.0,18,1.0865996832330356,-0.4055515505742726,0.7817677007290195,1.4249163709103234,2.2639225456938963,1.0,41,2.0225202109096045,0.2502022691021624,1.5658673574358344,2.7291963384323523,3.4722012818106625,1.0,41,2.488629827494548,-1.8619082707844856,0.8579777835974671,1.5773383595590835,2.499995464511117,1.0,59,1.737106745660433,0.051574371586884014,1.1231820407998794,2.6394495280189365,3.325576131915054
neighbor_combined_weighted_6,-0.2740887841325703,-0.3511185958408362,1.0,18,1.1484967386338993,0.693177887507963,0.7669302157572502,1.8175107596867028,1.9506550210776419,1.0,41,2.0357126231814133,1.887645723668491,1.68076019150603,2.873000543480002,3.860230739708129,1.0,41,3.2096335950246457,-0.043574911494474254,1.9447222881330226,3.0100750087653356,4.041385928622512,1.0,59,1.297852827348765,0.11671562694221378,0.8025812422327174,1.5845603575002016,2.9353196043178595
combined_frame_coherent_range_20_40,-0.38427929771760894,-0.3718812410206823,1.0,18,1.193362692540735,-0.5168521186865234,0.8834716952925651,1.7881591782281339,2.3165450545944757,1.0,41,2.0739414758904053,0.1594366001760885,1.706374390108134,2.726950689230919,3.666798461860446,1.0,41,2.5698965491889982,-1.8032849633063168,0.8836137118272587,1.4723114033801616,2.154106631058498,1.0,59,1.8059920857801157,0.17943317453488566,1.3875217406924423,2.4620496226962443,3.240088012092214
neighbor_tx1_frame_median_range_22_42,0.5594807219234111,0.534404491022548,1.0,18,1.6485138206453032,1.3017660373114421,0.9746205889109892,2.63953190356741,3.3010904186845624,1.0,41,2.1588458302894233,0.07585209370108371,1.8626668466041045,3.2478745511922726,3.8288139294865022,1.0,41,3.7279946193795763,0.11985958851763005,2.320230551796675,4.413637577703486,7.1016639780745034,1.0,59,1.9510289276163828,-0.00824543209096059,1.5213248276862759,2.8665635589030094,3.8169096472659683
neighbor_combined_weighted_10,-0.3071011500448048,-0.30485691974770185,1.0,18,0.6694858336676724,0.23615708698399152,0.2872408035792705,0.6149072687721855,1.6226922216244253,1.0,41,2.1589656879875685,1.4806092045756807,1.1865562399043235,3.0210778752745293,4.317100340114568,1.0,41,2.922057085979546,-1.3186470816583944,0.7567790375826089,1.9168816312917771,2.9619628647791707,1.0,59,1.720534554925771,1.1419210740824168,0.7636142625708466,2.0386521958158803,4.161020952886927
combined_frame_median_range_22_42,-0.4273102772232399,-0.4042924637051711,1.0,18,1.27207321293682,-0.7585504905877319,0.8559666851795382,1.961735422606019,2.843356865370672,1.0,41,2.1932876847664193,-0.6559008538554596,1.7605809983849672,2.612967868543551,4.696720555429559,1.0,41,3.538873639744587,-2.8266286452583236,1.802630034523764,2.411422592150818,3.067137906243718,1.0,59,1.8368887872574167,-0.26707031810817905,1.327455860979055,2.512906501110825,3.8846016310059923
neighbor_tx1_frame_coherent_range_22_42,0.5050559395399568,0.47610106722192724,1.0,18,1.2136672333656073,0.2519042994470395,0.914650862850988,1.7699640423413525,1.8775554547023612,1.0,41,2.202793649115672,-1.0711019645127722,2.0037850010969684,3.260281831557011,4.29517381324573,1.0,41,3.4053957716583785,-1.260336674476326,1.8207541240639786,2.969094824072478,5.416838945659903,1.0,59,2.0126959575353234,-1.1962834717993616,1.4755800989259042,2.815671851937652,4.170299544939663
neighbor_tx1_frame_equal_range_22_42,0.5007587770812914,0.47903660802354964,1.0,18,1.2534810166427695,0.21863588138313916,0.993781167769565,1.727824546585048,1.9492969859997462,1.0,41,2.249189431078389,-1.1162279606918886,1.988382533756217,3.2738070239868184,3.7546655004843656,1.0,41,3.450880877480503,-1.266012445426538,1.9581162418741445,3.0648533265499536,5.212075509689786,1.0,59,2.016702494275232,-1.1057396035355367,1.5867127945578412,2.749974906052663,4.038656416114282
tx1_frame_coherent_range_20_40,0.6298411213585873,0.5835271152327237,1.0,18,1.3686280123722143,1.1331231203261736,0.8490418185490932,1.912351363285804,2.6774365483726714,1.0,41,2.2525369105367736,-0.13117266200249125,2.176374329000075,3.413838633634432,3.6835555306536714,1.0,41,3.696928529758442,0.05070905981685606,2.296895103047036,3.9468233274321203,5.84649189522589,1.0,59,1.989358857586932,-0.5912886808867386,1.5025217974406953,2.767010462975833,4.270634316219708
neighbor_tx1_weighted_range_22_42,0.6603444491580369,0.6931938042610102,1.0,18,1.1260711447436214,0.49230489072407047,0.6884071707159676,1.532015786133242,2.4788844229415803,1.0,41,2.2532325857577016,-1.0279841932800557,2.065779043143945,2.4820571867944983,4.0944717007361,1.0,41,3.204250904748596,-0.8628132781483837,2.145571522190418,2.8619674958916095,7.9124228628156015,1.0,59,1.901610237946029,0.03576962177660657,1.5665538751184336,2.433511888890002,3.568116945628859
tx1_weighted_range_22_42,0.6605819108031576,0.7264607865853646,1.0,18,1.0847785171450008,0.48217172212024884,0.6472474982277432,1.8055002403272709,2.345936547586247,1.0,41,2.253924392356998,-1.0883666678951551,2.058674961466582,2.3826402175772348,4.423522859949287,1.0,41,3.2208444990365113,-0.9180151994807715,2.090475973166996,2.887634931758388,7.163163645489583,1.0,59,1.9940047790691187,0.5940069511085031,1.3698664804392324,3.1910079783687424,3.8037254508698015
neighbor_tx1_frame_equal_range_24_44,0.45891291054622085,0.47219648627221467,1.0,18,1.133871232955858,0.5766340778403496,0.7224342211013149,1.6759356583211793,2.2375810911180802,1.0,41,2.265210924983433,-0.6681537868178761,2.052386388211598,3.290629145228566,4.054662366190545,1.0,41,3.5320881801149593,-0.9444359208507584,1.8233216603121098,3.3377604903085016,5.571825198858527,1.0,59,1.9286635905734506,-0.04578292213129055,1.4140856454518709,2.7957829805009418,3.8691999668767743
neighbor_tx1_frame_coherent_range_24_44,0.4687507320079688,0.42788685757437006,1.0,18,1.1213883494629797,0.6670296343736188,0.6543071012566627,1.7343722953336893,2.327962576528004,1.0,41,2.28457922652056,-0.6256398979220504,1.975048500340253,3.4521449302966616,3.9930958627436772,1.0,41,3.5112488113076195,-0.8935641632560734,1.5675275403584745,3.3034858107047,5.74543989211414,1.0,59,2.0134517250843653,-0.9775714957899557,1.5057121513184484,3.1206435954761655,4.364221305446052
neighbor_combined_frame_median_3,-0.3666570648399496,-0.3666570648399496,1.0,18,1.65410696754652,0.4589292948571193,0.9937439791474435,2.6668002442969865,3.025854430397768,1.0,41,2.3059227339145965,0.2930662800381356,1.8959943057590234,3.1471382363907425,4.242110519109143,1.0,41,3.2729242310313618,-0.7345695915049938,2.4643952868905394,3.895923646220477,7.001590752878553,1.0,59,2.1070636865480643,0.3436685557456222,1.7326248087413072,2.9449837692863428,4.0339096107939865
neighbor_tx1_frame_coherent_range_18_38,0.6085094376529757,0.5555139165613973,1.0,18,1.2442096343154585,0.8468434947639003,0.9683004585614158,1.8101518253717894,2.5880671838896165,1.0,41,2.31997872416361,-0.7961880813346554,2.289921125558106,3.1676484485120593,3.876245361371834,1.0,41,3.307073525882761,-0.6771158439685337,1.9735606524645586,3.384947071673726,5.2796209867928905,1.0,59,2.1376422378370927,-1.2628280946703045,1.5768837464563399,3.349834416155373,4.3931487595823135
tx1_frame_coherent_range_22_42,0.5011781678234636,0.5167683050651724,1.0,18,1.2279888028204828,0.2162792625298251,0.9809031511971705,1.7919025878482329,1.9342700296365432,1.0,41,2.333285507010556,-1.1520123205846646,2.1437462396067124,3.270814177878024,4.641146877805364,1.0,41,3.4138856235183344,-1.2635138868673519,1.7536509958584092,3.17165330631156,4.815874392505817,1.0,59,1.965690009640715,-0.4498448153599623,1.5769900037575484,2.828396799189452,3.8701668290907585
neighbor_tx1_weighted_range_24_44,0.5621626771176172,0.5215145350871667,1.0,18,0.921346251043691,0.3804004417698748,0.44986732297117427,1.6489023882424239,2.203357035502544,1.0,41,2.3400247887453363,-1.0901231083034908,1.9299328380353309,3.178051513989217,4.829074332432298,1.0,41,3.2008677613146097,-0.9425904120558558,1.7322014915844397,2.8382493209734467,4.923926050601129,1.0,59,2.1109616191243323,-1.3837507838276673,1.368621265157377,2.929707786983849,5.132502983917766
neighbor_tx1_frame_median_range_20_40,0.578928851639194,0.5638529514744371,1.0,18,1.523428545830833,0.8788684843783412,1.2941774563278954,2.202424619493067,3.077458299981823,1.0,41,2.3417181798191886,-0.7367544416770718,2.0007075037167836,3.5200289597805416,4.542271110879421,1.0,41,3.5228154015510427,-0.383733079404068,2.159425182049462,4.458663770404233,7.58200311069711,1.0,59,2.1125522860834627,-0.5193047563104529,1.7351071522993669,3.1254846763740947,4.184514314870476
neighbor_combined_frame_median_range_24_44,-0.298123799469525,-0.373435430091634,1.0,18,1.1126471845403259,0.9241082132106262,0.7330828446880602,1.8093502050333876,2.505528832717543,1.0,41,2.3454690872060593,1.5608962413885277,2.0452029603959603,2.9941540671834543,4.078598149225916,1.0,41,2.979508294611451,-0.36774194585109343,0.9559938479877235,2.4811869399385102,3.9796500899216767,1.0,59,1.6769837098906022,-0.008103522995130742,1.0428981630244691,1.9893915272442166,2.990282133605634
neighbor_tx1_frame_median_range_24_44,0.447725588819145,0.4443143034828091,1.0,18,1.2267614082285492,0.3754134082626186,0.8055698427686494,1.821419434603155,2.1644881194864607,1.0,41,2.3568524016717602,-0.734427259022076,1.8405942813608127,3.4414359052977477,4.296393712886848,1.0,41,3.5662429235638355,-0.8408183615174989,1.625583876539662,3.8320792906435868,5.968789707559408,1.0,59,2.0173622627617167,-0.45814625423676897,1.3771253276810542,3.0422464453944125,4.335055324231132
tx1_frame_coherent_range_18_38,0.6686880292387205,0.5726111950704349,1.0,18,1.4267031886269712,1.2033704186862644,0.9671598895358117,1.9898809720621957,3.250212255145798,1.0,41,2.372528622950333,-0.18802402503351645,2.1551724148317026,3.0585496591422694,3.6429791204136674,1.0,41,3.6292904188776363,0.13367065591072283,2.7898952193339066,4.132710604621846,4.826547119967056,1.0,59,2.2300381196833006,-1.5183054795701416,1.656691522846755,3.4608946050349023,4.552249380049969
tx1_frame_equal_range_20_40,0.627700346221156,0.5642890208483783,1.0,18,1.3168619506808628,1.0326485895989217,0.8947699210506508,1.8496262179109182,2.7067148860576697,1.0,41,2.372918921760231,-0.282110247126357,2.2048042828367804,3.207237024417485,3.7158134039993858,1.0,41,3.6973954353316447,-0.009100584897459279,2.270058522702191,3.920332438887728,5.6752061967006036,1.0,59,2.1067099112845313,-1.039279457012435,1.4496963712049353,2.6304681115621475,4.455928463180828
neighbor_combined_frame_coherent_range_18_38,-0.3589530114166949,-0.37864418606436695,1.0,18,1.1531012553243838,-0.17067101060661938,0.7363543591264453,1.759769244114368,2.4916426840457664,1.0,41,2.3804048849551673,0.6097580259734107,1.595245220203996,3.069705673129664,4.631640902480861,1.0,41,2.680849244180843,-1.7843110306553838,0.7994264459242105,1.744383615427447,2.4027387304344057,1.0,59,1.9734997500486762,0.012147251790558124,1.1234747481267584,3.081367378833893,3.83067015882582
tx1_weighted_range_24_44,0.5808928552738577,0.5213473537314907,1.0,18,1.0992523015606912,0.7064493594415512,0.580641565646493,1.8455070753251146,2.5794079044057736,1.0,41,2.381327356950747,-0.7670180273079283,2.243326803647547,3.5259041579621733,4.710902687262957,1.0,41,3.2328002696949625,-0.5937792674967891,1.9302072674366322,3.30288461960567,4.3231717050536655,1.0,59,2.1935844082149902,-1.404818005094651,1.448076164339982,2.9776443118237816,5.329459941303863
neighbor_tx1_weighted_8,0.34893024060964617,0.39038455092593527,1.0,18,1.221462782917753,-0.3047066448353593,0.5986398766828386,1.5633131850593855,2.3055801853923286,1.0,41,2.3905359615377697,-1.0571175121195528,2.1038484629115386,3.2721201660467045,4.846347577379621,1.0,41,4.4899265158202954,-0.11232096626544254,2.417451446340586,6.1029734573581615,8.407721873388887,1.0,59,1.9189450087811037,-0.07031287387056458,1.3916431690021942,2.7164671831423792,3.988993578604018
neighbor_combined_frame_equal_range_20_40,-0.35315433645024447,-0.36769699251185406,1.0,18,1.3413477474579159,-0.033849896450779154,0.9284619539269614,1.7907090032863882,2.8793339851231132,1.0,41,2.3916990618875196,0.43141611077046166,2.445261161951613,2.940007927705239,4.105646827611715,1.0,41,2.3739171726096004,-1.8989120993179627,0.6565813714100082,1.3864736722704594,2.365636253054319,1.0,59,2.048708325583932,0.02397361176158175,1.6357168085543443,3.002837885846899,4.035961103134888
neighbor_tx1_frame_equal_range_18_38,0.6293705754772713,0.5627358733250698,1.0,18,1.4866265713567879,1.2488037285696332,1.1040058187237594,2.2662971690316773,2.8486589073145994,1.0,41,2.4288096006298896,-0.5204910495219257,2.430794388555335,3.2540444896493748,3.811305020788435,1.0,41,3.4627907249033716,-0.28892245169797437,2.2997612557541283,3.962754645306605,5.447410591228122,1.0,59,2.2172189367874027,-1.1979503310275954,1.4352390043518566,3.156641605609275,4.555277727267864
combined_frame_coherent_range_18_38,-0.3873465405788289,-0.36797331784994264,1.0,18,1.2830159108571968,-0.5301916884310662,0.8199682671558646,1.574628604364284,2.8569076645138436,1.0,41,2.4334878803152367,0.32049861474361924,1.798809509738161,2.8026053738119034,4.12007635898344,1.0,41,2.826583194433004,-1.9928903414530579,1.0560731812274256,1.7839345220576572,2.355364325159319,1.0,59,2.0830000611806008,0.41475183911429525,1.3796091681173634,2.852372472839674,3.664928927041505
tx1_frame_equal_range_24_44,0.4709580236313551,0.47919997885001847,1.0,18,1.232699561275035,0.8367598643101634,0.6495468923573862,1.426260372898592,2.6680358415678147,1.0,41,2.446746893160596,-0.47711282735470456,2.487969719513596,3.4840193324285087,4.28862697353714,1.0,41,3.622793871065631,-0.6618372728621862,1.768768202205941,3.484433117664157,5.370082483717246,1.0,59,2.089758003430983,0.0742683889914805,1.5496088551903113,3.047970386292434,4.18170182716501
tx3_frame_equal_3,-0.9383238306886028,-0.8980125765573215,1.0,18,1.0361838410720394,-0.7793723657281644,0.5166824032663574,1.642269491037757,1.831652756991664,1.0,41,2.4493615573457017,1.312745322811288,1.6876001303220844,3.5811615555635266,4.258068134076556,1.0,41,2.7009542973048712,-0.5500746892675233,2.155229529109562,4.2948630098462015,6.511462826091584,1.0,59,2.1695928033260996,1.4107515307231138,1.1538703098663239,3.117041397138121,4.77461396414251
tx1_frame_coherent_range_24_44,0.4715094339862156,0.41262340393568697,1.0,18,1.2124066650904946,0.7716401227132617,0.6315846394602407,1.647246326383541,2.5602919934839456,1.0,41,2.45502450448596,-0.5815933782916568,2.3274990597665877,3.6095600334746827,4.252284642132318,1.0,41,3.572848785723747,-0.7406571076945598,1.6975306937707577,3.420924069418288,5.3953216213983595,1.0,59,2.2201927028102273,-1.2442667394024294,1.6466906827316123,3.161304563029793,4.823103209273064
tx1_frame_median_range_22_42,0.5591223640569004,0.5245756920531868,1.0,18,1.6587866126554909,1.3424380910506022,1.0631415241795144,2.5926915421722163,3.2937328764358984,1.0,41,2.460717606109143,-0.005956355263434661,2.388623303328003,3.3648605097875484,4.579430042605436,1.0,41,3.90986936138154,0.1715772392417658,3.0322065219485834,4.325998113395599,7.327778405240354,1.0,59,2.203990296368267,-0.22582939303694977,1.6680843718916356,3.0460169863918622,4.790985584065723
combined_frame_median_3,-0.35003883489882315,-0.34705081562256934,1.0,18,1.9600247639520667,1.364414944003162,1.0387528253833151,2.7209390265888813,5.206125756815406,1.0,41,2.4645520129994005,0.4899365301773531,2.10771736691468,3.767882397549156,5.380757369716905,1.0,41,3.1964866106745884,0.4271389794574059,2.3600815471939613,4.236458548526172,5.56933847798627,1.0,59,2.3171536585289427,0.8113358108608396,1.5072232986736807,3.6715849500540054,5.469294192235666
neighbor_tx1_weighted_10,0.4090686095314957,0.45704976338410486,1.0,18,1.209201883370529,-0.25529126778330746,0.7986081179720117,1.6498140645253891,2.623125200491004,1.0,41,2.4737720058150496,-1.5482923466558425,1.8893365058522722,3.447461049689282,5.188419656284622,1.0,41,3.9341819278899144,-0.32094161120259557,2.1903456175276537,4.523037649370963,8.35987117497659,1.0,59,1.9267054475955403,-0.2775695902106746,1.4456750105504796,2.7361506195485035,3.9731140011985726
tx3_frame_coherent_3,-0.9345418425207032,-0.9027509803155027,1.0,18,0.9612657066929844,-0.6492441073018747,0.6521743015443316,1.5820419037385507,1.7081066153956996,1.0,41,2.4749371897842303,1.3749048727892819,1.685135818980448,3.442019907436197,4.470868801890666,1.0,41,2.6725015532802265,-0.40384597295145125,2.077101571667598,4.181570731174761,6.3835489174834725,1.0,59,2.1311014993959425,1.337998358879273,1.0993207552760542,3.20605610874886,4.719539797896079
tx1_weighted_8,0.3715643581285681,0.3710878826673851,1.0,18,1.212733251307936,0.35601002921148683,0.775190479203749,1.3619716446765384,1.81205945850877,1.0,41,2.487260330193921,-0.6257412585708134,2.4842294686136865,3.653932041126715,5.09923014553985,1.0,41,4.608367412457418,0.4964657998009735,2.6567432844650014,5.4220504041482585,8.62681612243622,1.0,59,2.099454474537326,-0.3349280638448474,1.5162587660772868,2.9114561750485843,4.634957307252423
combined_frame_equal_range_20_40,-0.41031896415923064,-0.41031896415923064,1.0,18,1.6281359702796319,-0.965053334540976,1.1742091076750123,2.3691703263444785,3.0484737516324305,1.0,41,2.487280026623709,-0.3646936010997846,2.024245476719266,3.357947632054906,4.975818730377216,1.0,41,2.9135554887398976,-2.671760932063363,1.3937545007014656,2.019669490372126,2.5019907163700568,1.0,59,2.2251682806204305,-0.5478541977428601,1.7443889959874461,2.9121279047130333,4.583632795668705
tx1_frame_median_range_24_44,0.46982563440369607,0.42897298576742027,1.0,18,1.3751413120948857,0.8329311555307798,1.0637760297309518,2.0686886333115626,2.7116631072981385,1.0,41,2.4982428892268564,-0.3581433915518335,2.3466098090692036,3.8055190119512106,5.086405266820019,1.0,41,3.811744053599345,-0.3429336183153242,2.6011153825167717,3.8081833509640566,6.62084999758987,1.0,59,2.2828420486838445,-0.7412023246657929,1.5611950067275706,3.6826173660222787,4.785167424706692
neighbor_tx1_frame_coherent_range_20_40,0.5130670051736277,0.5130670051736277,1.0,18,1.1659509845594807,-0.33301872827560974,0.9062710387410744,1.6090191852310403,2.1575300922917395,1.0,41,2.5034053260932487,-1.8364492865042255,2.2259693403325844,4.048106471990375,5.05827086775135,1.0,41,3.3657515984394792,-1.8571786102054115,1.8742874435370434,3.0306586572004997,6.052050179639178,1.0,59,2.095368408337184,-1.3777755568751562,1.4545391424146885,3.269133494531248,4.278933860840599
neighbor_tx1_frame_median_10,0.3898371439992708,0.3898371439992708,1.0,18,1.8864127171954708,1.1669388279293282,1.1750108746175991,2.7843409569544986,3.923991820083461,1.0,41,2.521955664003111,-0.16065798137865372,2.209972132628131,3.6692697714850486,4.8327937017729505,1.0,41,4.464948799462791,0.795989019347078,3.5125766648267414,6.318835226696225,9.348422180655115,1.0,59,2.328061205655017,0.24437155366445928,1.6565811760526366,3.3754503089297616,4.543530725293901
neighbor_tx1_frame_equal_8,0.3449749923599642,0.38767132384844494,1.0,18,1.6055970989798387,0.950087687190381,1.0645355760759276,1.9119090550743159,2.698000636031438,1.0,41,2.5340736575938125,-0.032634059369655535,2.320779202854589,3.894539238695049,4.276665052458252,1.0,41,4.697603959036879,0.4963606493787149,2.737024094935032,6.733756826052478,8.467957712747266,1.0,59,2.3770653006455693,1.0476335738939269,1.7611841054705344,3.3268586218216836,4.946068619108069
tx1_frame_equal_range_18_38,0.6419370266360045,0.5769718693943776,1.0,18,1.2296045134519042,0.6347828469343507,0.8820231511032872,1.4668313218821927,2.819347936367425,1.0,41,2.5428386787688146,-0.8242029502446955,2.239752325320418,2.9768950304484765,4.018200795408057,1.0,41,3.40033175549417,-0.3926965859032712,2.368968539525454,3.7241017580200633,5.194090578490736,1.0,59,2.30699207353328,-1.5658702312070305,1.6881010695755583,3.376613403584903,4.919891239903948
neighbor_combined_frame_median_range_20_40,-0.3819826388088077,-0.34352759699806634,1.0,18,1.6727733772868263,-1.1444995806535094,1.0175628535326133,2.442813815869303,3.4593773850466003,1.0,41,2.552875845824765,-0.5131156633196129,2.1606288727019987,3.7792645607527264,4.692820655893884,1.0,41,3.623442165949191,-3.2534651771071474,1.7746638971910016,2.619472467155347,3.854928150089238,1.0,59,2.178856551712419,-0.0035987801009520633,1.6401361936882222,3.3548507938327043,4.358695406810112
neighbor_tx1_frame_coherent_8,0.35335932654802094,0.38992719639491946,1.0,18,1.6065740412803908,1.0342884686573652,0.9961120328869992,1.884316508121127,2.7636047003178787,1.0,41,2.559376219320672,-0.003188953373016355,2.3927551015327495,3.8423106490583643,4.4664267216880535,1.0,41,4.773786146699238,0.5702037815870862,2.8766249698204716,6.851785067813045,8.776216798636536,1.0,59,2.3683288369093565,0.9817587611812131,1.7393555948689365,3.2963291220761404,4.996684644887136
neighbor_tx1_frame_equal_range_20_40,0.5162219717663561,0.5162219717663561,1.0,18,1.191157045811769,-0.2444157477503563,0.9173267158669902,1.5347610080231193,2.198622282502674,1.0,41,2.5728235722044914,-1.849108419153542,2.0653669053391868,3.8493993019911743,5.042875736885813,1.0,41,3.3790457735827406,-1.7736961846478,1.9695692702365712,3.109001670437005,6.511777594920428,1.0,59,2.1512981912711187,-1.3595411634712142,1.4771195516951074,3.1869841109596058,4.646825743882871
neighbor_tx1_frame_median_8,0.3687046980624161,0.3941250044413587,1.0,18,2.027677492891085,1.5548820823300522,1.189953492575329,3.022429924276987,4.004179083269321,1.0,41,2.58777790788267,0.715096505934389,1.98721221931771,3.9023706495730135,5.4753606580976,1.0,41,4.781670432045234,1.3859768916254227,3.539932261565129,6.807323828084891,9.568721529770215,1.0,59,2.521101154522457,1.4362642222078426,1.5690972811497792,3.550397622332653,5.392923747681851
tx3_weighted_3,-0.9175911581854075,-0.8896644854984268,1.0,18,0.9124613904889267,-0.31031934825707524,0.5995011135420696,1.295270570035235,2.095227334066684,1.0,41,2.6033304019167067,1.687819824291781,1.7244843293129084,3.7037301843038253,5.495794011230025,1.0,41,2.734867993257333,-0.16020286405982073,1.9662118905852024,3.829073235532546,6.2436130135809815,1.0,59,2.260935545522836,1.5883509276748844,1.2150609539080914,3.677110892923812,5.032576657773123
tx1_frame_equal_range_22_42,0.4551573571926656,0.5393164822908474,1.0,18,1.3785602863806083,-0.5849538007709101,1.0442168261880371,2.250298314632564,2.677904872032957,1.0,41,2.6218673418061385,-1.9751619559356772,2.2157506367755504,3.9679760796269195,4.828178315379322,1.0,41,3.4104592318251017,-2.0672026416188007,2.0552061249997444,2.8609660381216226,5.680078925988412,1.0,59,2.009636690140382,-0.013768649571133107,1.622061031271861,2.954920579145199,3.623837460984554
tx1_frame_median_range_20_40,0.5909282319163577,0.5637767526215106,1.0,18,1.3144045334240717,0.5537015151379266,1.0166587498180526,1.6392436535283745,2.632286396532202,1.0,41,2.6322155151481965,-0.8752512599968246,2.4396765445487496,3.3148417417804263,5.022248209473067,1.0,41,3.56967572779705,-0.46338167471945063,2.3742778907836373,3.5140149051156673,6.621856454756276,1.0,59,2.2686510840960445,-0.9354681046929318,1.6111494346809272,3.458758533674489,4.950182679958312
neighbor_tx1_frame_coherent_10,0.332156832426334,0.36675662610267973,1.0,18,1.5390494586444439,-0.21876809851670295,1.025542896240553,2.215509436773404,2.8372569151948497,1.0,41,2.64970659475693,-1.5615364119776416,1.9360947253984657,3.626973427847178,5.177846462998944,1.0,41,4.248553969407525,-0.7813812731363537,2.449961336523502,4.661220117418688,7.481716713413688,1.0,59,2.133340928754246,-0.519706838431887,1.6272306721055776,3.013223666740146,4.31707160381459
neighbor_tx1_frame_equal_10,0.3233782426194569,0.3233782426194569,1.0,18,1.575362489306235,-0.2991963465099888,1.1922136691222722,2.266499039246881,2.9345520190520396,1.0,41,2.6601318429037164,-1.568307159173767,1.8998624802959332,3.5686275441595177,4.812326507214532,1.0,41,4.220494073896655,-0.8439767818655977,2.218858505038435,4.574077568371816,7.116389745986908,1.0,59,2.3291852604502474,-1.1811208095475296,1.6575950240501638,3.397541330818284,4.786464224164799
tx1_frame_equal_10,0.3450771586650095,0.29962795758083083,1.0,18,1.5532743647179148,0.2193380829561135,1.0551740386957653,2.313108349013876,2.649488339452052,1.0,41,2.697324353817577,-1.1680275834368585,2.5087592093064686,4.115210722765205,4.65748318222573,1.0,41,4.288348996367347,-0.2193142034813205,2.787704017458,5.021067536567459,7.28072701962231,1.0,59,2.623845334280456,-1.5753473723489562,1.8048437882022679,3.914830730574204,5.48094114273967
tx1_weighted_10,0.4003825226268431,0.4246419837276211,1.0,18,1.2930504381868828,-0.33469192131854736,0.8566573208311172,1.788142862981818,3.1901666017992065,1.0,41,2.730204960361031,-1.6781253538666823,2.1524607693391267,3.789936094046983,5.108954993439112,1.0,41,3.9971655754116817,-0.2763733888746595,2.161365389206652,4.156900010262354,7.674326826326746,1.0,59,2.1918074021857175,-0.825169166177844,1.703382708865698,3.2657278268481944,4.274138849939503
neighbor_combined_frame_equal_range_18_38,-0.3609429964803906,-0.4074279647045055,1.0,18,1.4394979901536347,-0.1577763556284476,0.7256536424457736,2.2373197766007267,3.491614684212925,1.0,41,2.73339098646013,0.36092881142124467,2.279834324340167,3.947452564109308,5.38893070392352,1.0,41,2.7620193008881904,-2.2495335296767465,0.8737408737157091,1.676080817843852,2.5510440513918544,1.0,59,2.411089542937839,-0.6461385421267498,1.6611433588923865,3.8993187175638506,4.815608841228999
neighbor_tx1_weighted_6,0.2703665688367103,0.327790593198066,1.0,18,1.7756061283942037,0.02617589962292202,1.006153307312715,2.1386100942624644,3.189339539683542,1.0,41,2.736800552507508,-1.0353171903421527,2.399593157543624,3.621187705643317,5.1969106780996475,1.0,41,4.828125950010952,-0.6603171392548021,3.2705534792863142,5.876387395575284,8.147708634089511,1.0,59,2.274062972012451,0.3380244115541863,1.6882077600711958,3.064313643097522,4.767451369919261
neighbor_tx1_frame_median_6,0.305197947420527,0.3179028505789382,1.0,18,2.74407332109564,1.623143703189661,1.9093901068764982,3.194278654569782,4.47955564484578,1.0,41,2.752401277977848,0.622550354184599,1.9126458190749225,4.393944069237241,5.326269685160729,1.0,41,4.891454571661078,0.9890997895703287,4.373865733061472,6.709672872464319,10.073200129474944,1.0,59,2.7641033302646143,1.1602979376528795,1.8814616558619492,4.14128319269043,5.481969845978773
tx1_frame_coherent_10,0.34395846700209215,0.30020445097275655,1.0,18,1.5620690846677787,0.11188293686584726,1.0666051031550654,2.393194615986242,2.722838573571881,1.0,41,2.7589481863765704,-1.3325421235538888,2.3923226851811705,4.228605053165528,4.988086307196864,1.0,41,4.269243968935464,-0.30405429414697216,2.436256814856614,5.007731812582748,7.258433039178133,1.0,59,2.691633669984315,-1.6914716265507823,1.8510355175586386,3.9371956824424905,5.53801935731452
tx3_frame_equal_5,-0.9184270951435228,-0.9164521548277592,1.0,18,0.7667184846430484,-0.19567301896688014,0.5058413004417586,0.9395907114364705,1.8115394459820737,1.0,41,2.768736895367114,2.0566507154065965,2.0316983074699824,4.008539174982747,5.833604507805055,1.0,41,2.5678212093443844,0.26491698316771967,1.6357138312075934,3.408499043354846,5.6210179890525,1.0,59,2.1683754457599442,1.405578168814583,1.0666252827091904,3.2174414525618706,5.320318451855851
tx1_frame_coherent_8,0.3608569182184879,0.3409211158206873,1.0,18,1.8462834373832824,1.3982883065818952,1.097191049730827,2.3877141117956486,3.5309163342821077,1.0,41,2.783824845103078,0.12706390184095087,2.8347054103053653,4.246617286349228,4.768341331973511,1.0,41,4.877812160353855,0.9795753544611988,3.588700299121035,6.4215085591983,8.686827359241859,1.0,59,2.444997377117609,0.15048729161856358,2.040811250681091,3.755389561962011,4.645393967698119
tx1_frame_equal_8,0.3256147594554675,0.33296719538612407,1.0,18,1.6124850421704007,0.8290521446148402,1.0822177982932797,2.248962315738047,3.0192989680911975,1.0,41,2.792921118260934,-0.3867125857055363,3.0124102811877913,4.062383079907761,4.8520001429186195,1.0,41,4.629170598869629,0.3720623115241445,3.0769350481641657,5.481912297988775,8.077525189509371,1.0,59,2.4396686303316697,0.11859240047962297,1.9954327272189933,3.6668826067678246,4.627102473884813
tx3_frame_coherent_range_20_40,-1.2594996677517805,-1.2761487969255012,1.0,18,1.2615402995283318,-0.7589598695086284,0.6251509291603463,2.2307967152284247,2.7579866558988995,1.0,41,2.8037415959494463,1.3700009798242974,1.8840126354802988,3.6853680332831287,6.90265697283861,1.0,41,2.9517636256314876,-0.47659612716749167,2.3867653248928393,3.4785457776774127,6.06226834601243,1.0,59,2.3106419185316054,0.41647810420304854,1.535554243225083,3.2575285406079795,4.645090314579066
neighbor_tx3_frame_coherent_range_18_38,-1.3409259896982184,-1.3735307715573208,1.0,18,1.8648639016261173,-1.5798085906762056,1.3073698005675225,3.2369611165863805,3.7624861689892217,1.0,41,2.8083904711892718,0.46619514292681835,2.1095261745079803,4.1284541270103015,6.41391023070767,1.0,41,3.3319951826447567,-1.7416979074590786,2.265497505383992,4.386348255533804,6.76524493166878,1.0,59,2.664450426787674,-0.7534397604957805,1.7725376042069492,4.161867364406507,5.261140978249156
tx3_frame_equal_range_20_40,-1.2572119385164746,-1.2437509960067152,1.0,18,1.2470476772560817,-0.7044310470445423,0.6804175571982195,1.9053523057980057,2.7662822166143726,1.0,41,2.80848162072481,1.3345340791834754,1.8192911501243647,3.5343895328852164,7.287368450059979,1.0,41,2.870094531475099,-0.5217561498264701,2.332821489445109,3.1481808773424156,6.009324322501244,1.0,59,2.369794111886447,0.9582992635285119,1.5897574522317357,3.061070954767657,5.293524550085652
tx3_frame_equal_range_18_38,-1.3061354626049895,-1.3028154589021503,1.0,18,1.2572044101887245,-0.8918317005646457,0.9257902428317775,2.260927205321236,2.8451634494726767,1.0,41,2.8213937234655053,1.169485315643418,2.2588238401696326,3.234983168146306,7.292208935906508,1.0,41,3.0074328619087223,-0.903308087220256,2.3867942824911665,3.407485386599202,5.666915556534388,1.0,59,2.3497647502845433,0.601241548552464,1.4318110378397897,3.0787427713427666,5.12424040659297
combined_frame_equal_range_18_38,-0.4189116065328471,-0.4189116065328471,1.0,18,1.7798734196897472,-1.0804686999068494,1.069637430173009,2.655722690607875,3.4500374905355184,1.0,41,2.8513768442135596,-0.30258623163167414,2.272378465692279,4.299488582328894,5.376118638311542,1.0,41,3.241232517290902,-2.9942973940291586,1.536242236003429,2.382342139290153,2.752144523856,1.0,59,2.524477494358837,-0.5399063066986767,1.660902505386188,3.4728648342400685,5.175806049164304
tx3_frame_coherent_range_18_38,-1.2958537753442703,-1.3125430990180396,1.0,18,1.2467522946697258,-0.7174944449875049,0.8335673047114762,2.13371680889258,2.768253212873612,1.0,41,2.8599044940593226,1.4287893305277746,1.9630612840831612,3.368957649143799,6.734410871554336,1.0,41,3.0346901133060546,-0.6527229202017496,2.169184454892804,3.354109727441582,5.550922227603628,1.0,59,2.3365149737785162,0.46920860322717406,1.4287559790012847,3.0456792066645244,5.21768960668799
neighbor_tx3_frame_coherent_range_20_40,-1.266261882782351,-1.2950771235197844,1.0,18,1.5046207645501157,-0.9028274852889895,0.9775488839926249,2.4632798058727707,3.223877600587267,1.0,41,2.8769514503964255,1.1312550522366267,2.335083281124027,3.856531975173095,6.720338159997089,1.0,41,3.025523226224351,-0.83944071279836,2.1168810430997254,3.916948276888304,6.144578358294888,1.0,59,2.4397900394378764,-0.015518906755487697,1.808571382100429,3.430236536376784,4.778072472066457
tx3_frame_coherent_5,-0.9128209945628515,-0.9203470259174669,1.0,18,0.7183335000082486,-0.05395842339827893,0.4749326858665866,0.8349124003731413,1.5300438367829203,1.0,41,2.891018571009852,2.223880677051643,2.1219804213292983,4.463778877800976,5.903827910835542,1.0,41,2.605211182459529,0.439470866198411,1.7195347345379255,3.2432902431135266,5.592903045104531,1.0,59,2.1905753300086603,1.3914578024879785,1.056647197722918,3.2359219564399564,5.529586913055049
tx1_weighted_6,0.2732939683911373,0.32808541532295776,1.0,18,1.8483633459275677,0.4226228430975914,1.1736132466995501,2.0550116016957714,3.4255456037631777,1.0,41,2.8953466787704767,-0.8279198514090551,2.815815895552623,3.80916962897608,5.29159732637855,1.0,41,4.785505603156815,-0.41413615250192787,2.9276893470256784,5.731895742152192,8.006621683934636,1.0,59,2.5323080832072318,0.5550650373655069,2.005301867739383,3.8296545111101326,4.9473360617297155
neighbor_tx1_frame_median_4,0.20825714765139247,0.19188276237455926,1.0,18,3.0596067466274937,0.5566077301497752,2.3706499393455482,3.7196976772680785,5.197339793165149,1.0,41,2.896095175417556,0.06716835907567037,2.020426516861145,3.888937492505209,6.966919517182506,1.0,41,5.081746084936169,-0.4524876469596126,3.9447564320636443,6.385178348170598,9.402045386067124,1.0,59,2.980814911860895,-0.08325008884962358,2.059163645045461,3.8890285734681935,6.639102883197887
tx3_frame_equal_range_22_42,-1.171104734259522,-1.1654088352017664,1.0,18,1.14097525940816,-0.1941855038444544,0.9667090976389616,1.586374884403224,2.4234486683237395,1.0,41,2.898764136709621,1.8441549060804476,2.054370850312862,4.033485601597445,6.910284532097675,1.0,41,2.8157796966711293,0.283175939778123,2.0583396823561424,3.760701957240312,5.50606025094306,1.0,59,2.3855388279475016,1.3263139611226353,1.5843533840414177,2.8826711524503947,6.090688410666327
combined_frame_median_range_20_40,-0.40673478219054415,-0.3649917551153026,1.0,18,1.676053298695791,-0.7049324445140104,0.9854346178276497,2.4569195361023346,3.7230515457013724,1.0,41,2.9117570978502374,-0.47294366856331194,2.0287597857910944,3.8819512206938924,5.888923130156392,1.0,41,3.5948596442406426,-3.0291729464800534,1.6320702873922848,2.7940492952763467,3.5338979833345037,1.0,59,2.4306552491800084,0.2187232142668882,1.7590326633995432,3.444814213386723,5.1406526690607235
tx1_frame_median_10,0.34356105092967687,0.40383474640911754,1.0,18,1.9488603050318067,0.40399858905637287,1.5971243948937828,2.4502772487456976,2.9910634388904818,1.0,41,2.9203567823189083,-1.0022204608320717,2.6126944532548224,4.713617402711307,5.594572179674626,1.0,41,4.530941283884191,0.3578661988073464,3.462557468290707,5.340408658820207,8.687458359444769,1.0,59,2.5768000955639243,0.5287703075427798,2.019598391071744,3.6771197058723613,4.85800488187766
neighbor_tx1_frame_median_5,0.2449811120875504,0.2638265324420365,1.0,18,2.448220554904156,0.7053366964391277,1.6501444914546282,3.317709401052044,3.9861757382194147,1.0,41,2.9204777456970996,0.05658992526346727,2.168303488269456,4.321379536867237,6.184650607230922,1.0,41,5.250630149345603,0.11045034190503093,4.413211271182587,6.971742100743087,9.233003129538874,1.0,59,2.774064311986597,0.599412080490749,1.9010329883077342,3.8687465967156864,5.49347268931641
tx3_frame_coherent_range_22_42,-1.1749557651038731,-1.1648872666812287,1.0,18,1.157359262685083,-0.18668548002891727,0.9505672932896759,1.5582555109545466,2.5066268360735204,1.0,41,2.952438449350248,1.8795265144940763,2.177364852444582,4.156450036396218,6.579782312726815,1.0,41,2.8727865400712322,0.3757149804393366,2.210853475032768,3.8383756905285056,5.593173954750519,1.0,59,2.451052973997401,1.4330476215616292,1.6020114235035297,3.0400840961077398,6.00048310204328
neighbor_tx3_weighted_3,-0.9065102110411533,-0.9523302580359226,1.0,18,1.2511385378558573,-0.11072162091719795,0.7480361706953687,2.005180559322438,2.980130059518841,1.0,41,2.959091714400652,1.9396492948496133,2.515471186755124,4.178403393859411,6.1843586244620585,1.0,41,3.2553643998909476,0.1929706961016386,2.6654141159608953,5.1608644649827395,6.805699003634587,1.0,59,2.375420342116577,0.4769771563419918,1.6766146490139606,3.3462162791729204,4.7427181430938
neighbor_tx1_weighted_range_18_38,0.7130288034619345,0.6852140307684306,1.0,18,1.3661837014240121,0.530064302144428,1.0353085275383815,1.9423552429162918,2.6837283665162928,1.0,41,2.961143031744617,-1.2098351552855067,2.716954798011221,3.9214623492396647,6.207768407745807,1.0,41,3.520367747838295,-1.0235331994953276,1.843267514796685,3.755749646200794,9.702645928986612,1.0,59,2.5371667925294084,-1.1875870078982271,1.7707857167871968,3.4375032745974226,5.2120436849302845
neighbor_tx1_frame_median_3,0.24148682557962495,0.21379505232155024,1.0,18,3.2800606521495506,1.4007941228196883,2.6583325511310822,5.006924207121047,5.502781375259551,1.0,41,2.973546996831736,1.6004359553929095,2.178666334804714,4.165804334084649,5.879700561886506,1.0,41,4.993686891357459,0.49581655100162764,4.36913139403979,7.023296408636724,8.577993635224761,1.0,59,2.9898122764268025,1.0324007941243003,2.054242148821265,4.453826256621291,5.55775110766645
neighbor_tx1_weighted_5,0.33548314402171947,0.37412667389518955,1.0,18,2.6129139103350276,1.8228316146867931,1.3392384468044491,3.145320097202922,5.55388150978695,1.0,41,2.9737269918707523,0.7601014023384453,2.4311308094310418,4.84803208501129,6.294463814602004,1.0,41,5.301007675800959,1.0803391412124643,3.83702178225914,7.846974161509851,9.856120365648598,1.0,59,3.0500224714777815,1.791548402097934,2.045281663362057,4.549758557143891,6.8144932449873625
neighbor_tx3_frame_coherent_3,-0.9032454449676623,-0.9227447698857982,1.0,18,1.233910935282601,-0.0604556641146906,0.8946557114594518,1.9177969303232199,2.689185845864482,1.0,41,2.976075212516808,2.017873595987252,2.263865104345073,4.381985161767284,5.781604126225737,1.0,41,3.279421733894415,0.2975614288988404,2.7621381178211095,5.289252026867505,6.06340938443951,1.0,59,2.361065195615298,1.0275161926926413,1.6758805055832733,3.383574210290389,5.333516242078521
neighbor_combined_weighted_range_24_44,-0.4001048998166591,-0.45498900349676147,1.0,18,1.1963269413301394,-0.47059487293653035,0.8166605518068482,1.8226069703775811,2.3726541572212345,1.0,41,2.992263263309972,1.055480690910342,2.0910185069183713,3.6087947041532757,7.714209708170921,1.0,41,3.247726498867453,-1.0898854225121977,1.4019965963666579,2.3306779193892746,3.589455521875284,1.0,59,2.557095737802202,-0.41250175323324734,1.464040715088806,3.271365788447639,4.674876901347751
neighbor_tx1_frame_equal_6,0.2244762416288183,0.3356887103025719,1.0,18,1.9243988222505166,-0.07939132432784993,1.2988661620803188,2.6075198726134436,3.4577380181228654,1.0,41,2.9950370717676478,-1.146196208331863,2.6099872575195207,4.6125932832888745,5.285387710643263,1.0,41,4.819101016836163,-1.0831909249352638,3.379070377557559,5.2730749903843686,7.791414480223514,1.0,59,2.6516915743823413,1.2126621053977769,2.0284523893930593,3.7897128826537894,5.147286560779358
tx1_frame_median_range_18_38,0.5718309595106643,0.5340096163219784,1.0,18,1.260428073165961,-0.5349568631365872,0.9939174035934415,2.0072752042246154,2.78905122155294,1.0,41,3.0025262235298347,-2.0434237443731567,2.5320327073610356,4.1143890168281985,5.84819159601088,1.0,41,3.306734077992493,-1.4794906970490302,1.8850607275292544,3.028502135036155,7.880783019187344,1.0,59,2.776454334699905,-2.2746771983983964,1.8037751829901918,4.224547510132867,6.02678575685022
neighbor_tx1_weighted_range_20_40,0.6745969380027859,0.6795985736391535,1.0,18,1.2578407838428178,0.10686534537159753,0.9767958664265373,1.8061743750942154,2.603089978879126,1.0,41,3.0037138515335795,-1.591681094938479,2.7986801220260986,3.670235051323796,6.250018315108043,1.0,41,3.512792582180461,-1.4952538728313374,1.5945915305893341,3.8040085291043866,10.057206262166169,1.0,59,2.4601164405855873,-0.9820364434714921,1.7659414307008923,3.5504598895065764,4.861801313636835
tx3_frame_equal_8,-0.945102489476044,-0.9336335023343612,1.0,18,1.0189212209626701,0.02998562730683897,0.6937345159250341,1.3384621629570148,1.9981745903608312,1.0,41,3.018121496011775,2.528503905751315,2.211320527305231,4.880675598282922,6.770538314874926,1.0,41,2.517541766536633,0.5337342283293144,1.4807327764779163,2.9788774886537865,5.932432785205275,1.0,59,2.497178984369435,1.9758285909464453,1.1635315713299894,3.874001117063081,6.283188462946979
tx3_frame_median_range_22_42,-1.1894286420241866,-1.165599160038145,1.0,18,0.973550636823681,-0.13900436611226766,0.578743135075328,1.7462580544153021,2.2326375178109323,1.0,41,3.0213148752449945,1.5019011601563328,2.148245564297219,3.8577274346659323,7.077992252865008,1.0,41,2.77680313778882,0.4636382568549648,2.1107756697811153,3.7352425408047885,5.557063117437632,1.0,59,2.53091234477435,1.4364996886432237,1.5714637846429094,3.4987562945067765,6.995589086623632
neighbor_tx1_frame_coherent_6,0.22957437314164514,0.3389299534656069,1.0,18,1.8967772323581462,-0.013605136123010533,1.298541300141204,2.4747011297723285,3.465740861583941,1.0,41,3.0302532424871176,-1.1599883745579531,2.7343980753551858,4.54567141089914,5.430384769828491,1.0,41,4.847598987150215,-1.0234270894841127,3.35109872671748,5.493656615257184,7.797768510194787,1.0,59,2.6710064921738415,1.1892566250201957,1.9951880025004551,3.882118307776934,5.191909916660755
neighbor_tx3_frame_equal_range_22_42,-1.1839253659876652,-1.1935958619535576,1.0,18,1.3352571198907566,-0.2662789329441461,1.1497303598478361,1.9117537809181229,2.5114392304337296,1.0,41,3.032694075155564,1.854176732998119,2.4555505881908446,3.8974525338365256,6.885426482564415,1.0,41,2.9227507586957566,0.1799219923216011,2.162273582317936,3.509295812839765,5.537400545107145,1.0,59,2.4782248864527197,1.0306281047008505,1.6927974933414198,3.0293218758544973,5.738689238243044
tx3_frame_coherent_4,-0.8719541061799049,-0.9122016044525939,1.0,18,1.002171552139688,0.3055039374655316,0.6257513336620415,1.678419205551748,1.967719984042331,1.0,41,3.041355763644321,2.4965025398614027,2.1848115744366328,4.667617691111335,6.218125531168996,1.0,41,2.5824055628285794,0.9993635462114168,1.5555294814420542,3.4936711910336866,7.538702908590289,1.0,59,2.2037754746163607,1.0928162791598346,1.4506069578499488,2.97687692386519,5.368207559756638
tx3_frame_equal_4,-0.8682217132178898,-0.9184103155858611,1.0,18,1.0533513432444221,0.32822876209156077,0.6619231189391956,1.7059287823513931,2.1046393221288215,1.0,41,3.043754995468907,2.527122950635971,2.2808097705475756,4.776702288389958,6.113874468497913,1.0,41,2.5689320163896765,0.9957282766458078,1.6105187012705224,3.6703315130961736,7.423340100335534,1.0,59,2.172126187738396,0.9394400958137152,1.4417962874568877,3.090285701807121,5.188346413677823
neighbor_tx3_frame_coherent_range_22_42,-1.1880204631429807,-1.199022077896986,1.0,18,1.3480795793205183,-0.25565474198048194,1.1902466685680557,1.952865232264831,2.569911759496701,1.0,41,3.0461519131424875,1.8816168484471487,2.4204109278165444,4.029487779436769,6.449405643794667,1.0,41,2.9525806266361525,0.2931593207873717,2.35071454684835,3.672891339610757,5.621660422874152,1.0,59,2.487595576170084,1.0286279114887367,1.6074028473502948,3.107788056864627,5.65866386657172
tx3_frame_coherent_8,-0.9475026828423672,-0.9279910808188029,1.0,18,1.002665439582904,0.033981893716174244,0.628268839812919,1.2535826854646617,1.9455151865135913,1.0,41,3.055930178442954,2.558887819414906,2.234361995559074,5.007640497442792,7.0772650379687505,1.0,41,2.5383578506925217,0.592516796220423,1.4057757773214523,3.0255461616816937,5.961309384667082,1.0,59,2.5945234399694836,2.145167184420389,1.1814179599455348,3.804095880826733,6.539781080231947
tx3_weighted_5,-0.9159203114828423,-0.9203788771968067,1.0,18,0.6964692769891356,-0.10180978520940936,0.3736593097825632,0.7652003432201385,1.6720855474447864,1.0,41,3.080008645318657,2.335449850299512,2.262410335146469,4.862986758506534,6.81023731357879,1.0,41,2.743579404095212,0.43380696733570356,1.9012702569399853,3.336627100610447,5.943421396475799,1.0,59,2.3345363990510912,1.5104134988922056,1.2144539993385277,3.494036497264962,5.6872738489489825
neighbor_tx1_frame_median_range_18_38,0.5215066570112774,0.6723368854802828,1.0,18,1.5674239190871435,-0.7794838780691838,1.2814060557949378,2.7200176801157268,2.982787491662511,1.0,41,3.0869331326636704,-2.494354050194176,2.7409581707040003,4.158972923733346,5.913686475962656,1.0,41,3.40415504559953,-1.9837386344621026,1.8766262141800159,3.522136063348196,9.687440579221322,1.0,59,2.260622419053325,0.7848317459393053,1.770755856010875,3.2667624329170715,4.586063209999479
combined_weighted_range_24_44,-0.3678645140313686,-0.40027947345266296,1.0,18,1.0660636665551564,0.03553675946443482,0.9202412414974509,1.5805591774516392,2.260231696232555,1.0,41,3.0915997676558225,1.6152569938828247,2.1461135739662875,2.9119013499903867,8.333398627554821,1.0,41,3.353945018317492,-0.5055008036290469,1.273477644782075,2.0483318677270823,4.26429150763048,1.0,59,2.4130388118730286,0.5411685809935475,1.385032804475364,2.7032235212950413,4.860086270263512
neighbor_combined_frame_median_range_18_38,-0.38989671975446,-0.3310177718506581,1.0,18,1.7651180956041426,-1.192016053808146,0.8947550893069922,2.5614227042665014,3.6801788763896104,1.0,41,3.092745108457839,-0.43128242196404715,2.685401516566926,4.412937830744292,5.5409612092543705,1.0,41,4.1322293339584455,-3.7072325866329328,2.1653161931677176,3.0345425647370967,3.8628357152007498,1.0,59,2.5778661011679085,0.4120559021149194,1.9699922773376157,3.6781908556676397,5.3222096664127765
tx1_weighted_range_20_40,0.7290476619120675,0.679619921580556,1.0,18,1.563788181509896,0.15110448347615277,1.3817607386351713,2.1232453893604517,2.84939468262086,1.0,41,3.0928696033930025,-1.730896975299001,2.275806227413332,3.293935787946726,7.0087343751068385,1.0,41,3.4064236705499704,-1.2076137112179157,1.9543344585648654,2.9653866308771772,9.373127981174592,1.0,59,2.7657778406755162,-2.0607226422123412,1.7586225186235815,3.607046347323852,6.99551288674618
tx3_frame_median_6,-0.941933281764639,-0.941933281764639,1.0,18,1.2828387508110508,-0.6058767080239368,0.800493587203688,2.143451221875581,2.545914887244957,1.0,41,3.098834186179767,1.5672124443279338,2.3441768950094586,4.75240554243816,6.416997575791437,1.0,41,3.115222192325832,0.8656811746324787,2.509378878285734,4.148162919607759,5.839682487405069,1.0,59,2.5448016804740567,0.9042360927629564,1.6676925451142828,3.555864205311126,6.280766710224231
neighbor_tx3_frame_equal_3,-0.8893087160990115,-0.9201967759835931,1.0,18,1.2778503036637259,0.12665665470596815,0.9718337867807276,1.99994956548215,2.645983934387766,1.0,41,3.099664264047341,2.301525676782008,2.3576395892878095,4.6655174101127805,6.053250950048211,1.0,41,3.2971486502146785,0.4908089270468513,2.6762934896341606,4.964969896077063,6.008043451744016,1.0,59,2.3863332720255572,1.0735486971734454,1.6184008324169699,3.3527365392231383,5.176144331623503
neighbor_tx3_frame_equal_range_24_44,-1.129800991108067,-1.0889853464685768,1.0,18,1.239709676977676,-0.39453090060736495,0.9123287343132747,1.9407599950096348,2.4377359713132916,1.0,41,3.1009889334984164,1.8362313350625519,2.4276138932809324,4.380965521816673,6.761502565164571,1.0,41,2.982433072121325,0.288813974055092,2.1731491363627145,3.617449357771706,5.544079093115569,1.0,59,2.735211121792269,1.9013540389049135,1.6772652855560066,3.7070139965490583,6.1774227087852465
tx3_frame_median_range_20_40,-1.2415376497259447,-1.2731364564773429,1.0,18,1.380781091076035,-0.10918347511287003,1.225399959732238,2.2386930136726235,2.4891946002491396,1.0,41,3.1083188385324307,1.692528592356201,1.893465741019198,4.347822904752358,8.511601632353296,1.0,41,2.745765823912209,0.26652717389364444,1.9571530461285909,3.638141125628782,5.4006849755647215,1.0,59,2.4773433960189792,0.5657509696180109,1.5857232982375091,3.488544398222098,6.293100492062511
tx3_frame_coherent_range_24_44,-1.1057542833587424,-1.0736026509822907,1.0,18,1.040678403002331,-0.07268483700703661,0.8930144115862649,1.2969582958730397,1.9009589376918594,1.0,41,3.1189734323867544,2.1618603172639173,2.497946154658435,4.575513502413629,6.586903864313923,1.0,41,2.911428587204394,0.7566388806269808,2.1433114872850827,3.61221571275985,5.4364471457630295,1.0,59,2.7043047198161574,2.0675336469352597,1.460804260876198,3.856194276025238,6.099661390373958
neighbor_tx3_frame_median_range_20_40,-1.2609091800456846,-1.3213871654983484,1.0,18,1.4802468116469405,-0.5141590945819096,1.0612130635287382,2.0057152815042745,3.263870132156029,1.0,41,3.1248160299237013,1.3746176176338525,2.609767768225663,4.199142923259663,6.499311192498439,1.0,41,2.9623618122556263,-0.36160939874436737,2.318534856274563,3.52197955150167,5.47678916188374,1.0,59,2.583095142436698,-0.30615003549681,1.8209698402264416,3.655187743712607,5.692788706167316
tx1_weighted_5,0.3060580249570615,0.3392180825567256,1.0,18,2.5689557400287546,1.657044887655335,1.5293504121865118,2.985450200422034,6.0216834547939655,1.0,41,3.132197343609216,0.3699670665035522,3.456974469118708,4.768506519219862,5.710391443851479,1.0,41,5.20100619789051,0.8049928595178328,3.557592714794465,7.045635873462078,9.350842828160191,1.0,59,3.0998349412575945,1.369291411107329,2.219214483298808,4.7844897072517085,6.331106017442356
tx3_frame_median_range_18_38,-1.281972412768831,-1.2825575868685408,1.0,18,1.2617916554276314,-0.04351562281701783,0.624080132407876,2.039223613985948,3.0741615532705255,1.0,41,3.159142612075364,1.7932609402850697,1.9112933439908173,4.648722449203966,8.82300745455337,1.0,41,2.7926363988729306,0.015628885569399488,1.8323047050866887,3.4181608198580493,5.542908283299032,1.0,59,2.577199397928144,1.2221977874641117,1.4103477823315043,3.7664764483895024,6.170841418021062
tx3_weighted_range_22_42,-1.356960313309904,-1.3867579236006597,1.0,18,1.5559881751005509,-0.8491217237220285,1.161461387616751,2.377665322008354,3.3108498316716077,1.0,41,3.1695673319279627,1.3331749149433836,2.1352947726674705,3.8907045998896743,7.734692886348046,1.0,41,3.1613139356181605,-0.6629372950883085,2.332120490945769,4.212647205323745,6.881336830160693,1.0,59,2.678771976824102,0.12316701559462967,1.6215637598767343,4.066594032656112,5.020848480809419
tx1_frame_equal_6,0.21001439279887363,0.33554518029716984,1.0,18,2.0673360664167046,-0.03836715189726528,1.3389821200677627,2.714346065990994,3.7458114834743697,1.0,41,3.1968718490810897,-1.3269697673733036,2.9256626532741183,4.4631902235864285,5.831188033296492,1.0,41,4.685276770258991,-1.094332477542909,3.0131436205116797,5.079523828381405,7.4791315889341945,1.0,59,2.956106055919347,1.3616108537232845,2.289559437437304,4.643771868541958,5.547926436305051
neighbor_tx3_weighted_range_22_42,-1.356818448164611,-1.3986021751537743,1.0,18,1.6617931129665169,-0.7656594377591196,1.3618647013634826,2.442822820994486,3.1949593997459895,1.0,41,3.197832789403955,1.483155524740596,2.239603880135536,3.9590416062952754,7.479153051881092,1.0,41,3.1033650796842474,-0.5861832038530065,2.110805446887009,4.048945180374695,6.6205400554845815,1.0,59,2.679918547194865,0.03389725400730626,1.7468514659174779,3.9529774865866942,5.290464044545052
tx3_frame_median_8,-0.9640103018825515,-0.9422019256174419,1.0,18,1.302128631414839,-0.251581161911373,0.8015219752194962,1.962408898718516,2.5155402330228736,1.0,41,3.2003287544832273,1.9593749585907554,2.3926087413923582,5.2658728359549345,6.230275889510583,1.0,41,2.9400235332731253,0.8224573141786635,2.118461400115575,3.800514151219569,5.951639903042063,1.0,59,2.708869464589193,1.6833370359871611,1.6584515740148236,4.655425510063664,6.096125322332531
neighbor_tx3_frame_equal_range_20_40,-1.2253864625921542,-1.358798008174654,1.0,18,1.6555726247374627,-0.055616935191468375,1.4027749462912689,2.2896768518341704,2.9431004115948025,1.0,41,3.2081424741853395,1.868695854431414,2.438382291812049,4.253490986595615,6.838663814458787,1.0,41,2.9773128670472633,-0.3028785482064024,2.304783665037893,3.4035266211770816,5.334413007294666,1.0,59,2.821194914808563,-1.1550600693426634,1.942330786939012,4.3438228238605765,5.852378985971038
tx3_weighted_4,-0.8617018433970242,-0.8985367700436754,1.0,18,1.0750385994352767,0.4247626089335861,0.558813297234268,1.65233964187758,2.243626666833121,1.0,41,3.2141416963931655,2.675739347173047,2.1640643933269255,4.762285120428687,6.6699550460127774,1.0,41,2.7235205642548377,1.1574946360766645,1.6888115455445463,3.706035068775411,7.714557385089321,1.0,59,2.354010660153624,1.3159604668509797,1.4309925654198579,3.34325802165641,5.85664751920099
tx3_frame_median_3,-0.9017867797082354,-0.9221722238948517,1.0,18,1.8657227251271058,-0.41258344675188563,1.4249190351749528,2.9748752843707607,4.032096446348395,1.0,41,3.227204341003401,1.7412653200295,2.2816045428583864,4.645474462210544,6.816856129519861,1.0,41,3.161833141776958,0.7345902050924656,2.2473813441690815,4.442915190251719,6.875348549539135,1.0,59,2.754817033946354,0.7116321700944103,1.9086326464904246,3.9824673756789295,6.448029700860367
neighbor_tx3_frame_equal_5,-0.9085398847326888,-0.9270721569158873,1.0,18,1.0019870631419687,0.0124214278460001,0.7602137092774082,1.4461284510375836,2.1053442766252415,1.0,41,3.229855544234859,2.532120001955469,2.3920258941126353,4.613223349903099,7.258585040473635,1.0,41,2.9613681879265537,0.6098881713777923,2.1831801535296664,3.352537524192261,6.013030599727189,1.0,59,2.486567840830588,1.4246713106353246,1.3297912692914202,3.588830552916117,6.663747630165383
neighbor_tx3_frame_coherent_range_24_44,-1.1194608902560552,-1.1070629116123745,1.0,18,1.19382563481074,-0.10315292014961164,0.9755914053186623,1.7352795181419447,2.4115678388041393,1.0,41,3.2379057892885674,2.1670337323140676,2.594509852144175,4.668940768708884,6.615603125529913,1.0,41,3.0148063797894786,0.6822228613062868,2.00250677759044,3.4798844491594103,5.848886664273705,1.0,59,2.6797473830971983,1.7009480446584124,1.6307092029821761,3.5628683239740133,6.0898342348612555
tx3_weighted_range_24_44,-1.2577978351407328,-1.3031110983913219,1.0,18,1.50236550740644,-0.9268239492120317,1.1126481333704688,2.5186035195005365,3.1438770218388083,1.0,41,3.2444145812111778,1.4960565157500374,2.820858109491747,4.058747277945742,6.67863669848236,1.0,41,3.10717738568947,-0.25632536921894034,2.678734701832453,4.17567126792456,6.290157269299527,1.0,59,2.727593890963442,-0.0706349504256576,2.0167062510686486,3.7791787776274886,5.626078016828957
tx3_frame_equal_10,-0.9906139708164314,-0.9720122939392535,1.0,18,1.0294141448683423,0.12012822271193617,0.7387796765488117,1.2358399795964132,2.240451976143401,1.0,41,3.2574736363539807,2.5596720288215264,2.5047775614488184,5.464464972078555,7.462643919064185,1.0,41,2.587564414100823,0.18859496341959417,1.4202818040323602,3.074151865442389,5.451276077165742,1.0,59,2.684739570004734,2.1553763216651296,1.277545279489774,4.434162086356709,6.538202966961007
tx1_frame_coherent_6,0.2133838643789293,0.3410427063286612,1.0,18,2.0408031013116865,-0.008329866363561637,1.3518034954163372,2.6386402439473873,3.8019921256321294,1.0,41,3.261877352552941,-1.380101340706482,2.9893227274977408,4.507784024203374,5.9581270277824725,1.0,41,4.676599798753479,-1.030264455143769,3.0984646323558964,5.181733846443863,7.539933127505195,1.0,59,2.9597803476379023,1.3727852637446099,2.3283783159708804,4.687134760685678,5.619339932227972
neighbor_tx3_frame_coherent_5,-0.9008722618220529,-0.9282085064198915,1.0,18,0.9982415058654378,0.1895146539522816,0.7060129552344955,1.5248819312716875,1.9392269261783133,1.0,41,3.2705877323344894,2.680291421406252,2.4680104513424457,4.793799794910124,7.170680315823942,1.0,41,3.007350253267714,0.8294494429687249,2.303792553658694,3.4145451195936003,6.2780571801043,1.0,59,2.4766779238873236,1.4207293465722655,1.3255614787186338,3.6670751885804274,6.352247668738886
neighbor_tx1_frame_coherent_5,0.19369665116504833,0.2814978711880796,1.0,18,2.2633641449007547,-0.2338266304532877,1.6586049701554257,3.5722192336625067,4.2364216494283236,1.0,41,3.289659457825295,-1.2896730753895265,3.127647532027514,4.409146286956196,5.798850531754424,1.0,41,4.821570068032955,-1.2185546590716514,3.3629255458500538,5.544020024704332,7.7702333949566995,1.0,59,2.8956224842323106,0.6386769560168394,2.2216980168112626,4.178534563755371,5.8923026410147745
neighbor_tx3_frame_equal_4,-0.8648648364956767,-0.8864653841517841,1.0,18,1.2534668814532275,0.46950448117364096,0.9024472455464315,1.8256956629289849,2.740690636817673,1.0,41,3.3124550842881137,2.7887725100154426,2.754460974723869,5.084004830939451,7.236934644640463,1.0,41,3.058504646010673,1.1544079846839006,2.4860032661849414,3.700843111007119,7.424912181179676,1.0,59,2.56428051386716,1.6863403391153697,1.467233015176876,3.4191889286738713,6.349369430056273
neighbor_tx3_frame_coherent_8,-0.9556075714026803,-0.9935468060358493,1.0,18,1.2605416316821687,0.06761295256261729,0.7461626701751216,1.6057369316669534,3.370750196205325,1.0,41,3.3237474554254374,2.6392722762791747,2.2919212955700994,5.048889355961729,7.334587640746426,1.0,41,2.825830476526781,0.5577465406563439,1.7734976551036101,3.4799937164099717,5.6911288941507525,1.0,59,2.5662662845078463,1.1613303596593898,1.5995912821365197,3.3867983824046046,6.149986327030516
neighbor_tx3_frame_equal_8,-0.9487656366700848,-0.9486121600352049,1.0,18,1.2619440442709409,0.13646531961352384,0.779231042362118,1.6011045743931156,3.3336065891230215,1.0,41,3.3541475273299755,2.7058423554888478,2.360395432677371,5.056326262785788,7.56035674765601,1.0,41,2.842147303717143,0.5484810080211826,1.6359665694044874,3.402899771176648,5.618119300054225,1.0,59,2.716754783340991,1.9247702037395806,1.5961680547757542,3.9049733506183015,6.949569197553503
neighbor_tx3_weighted_range_24_44,-1.247192122258623,-1.3075564563529087,1.0,18,1.448432636519324,-0.502248887436966,1.242528676246842,2.4396202491129566,2.823076746903759,1.0,41,3.37794080275813,1.8990117665337285,2.875474887014004,4.392009539572453,7.106168579422988,1.0,41,3.1131601568214835,0.07500043845201781,2.5849238579949843,4.055304924692172,5.915572174441519,1.0,59,2.7349707136889028,0.06393290137834483,2.021339435152864,3.7622073512718552,5.545146556802926
tx3_frame_median_4,-0.8726600642971092,-0.9310779902353299,1.0,18,1.626642678957603,0.19058076071650784,1.2049613417891891,2.4629180654810967,3.1235721597389126,1.0,41,3.397453868507121,2.1521482972313413,2.83593511782961,5.15133232502211,6.685964884104088,1.0,41,2.9212890975694967,1.8600785896094436,2.1904017963217655,5.136596965765851,6.757145835610523,1.0,59,2.6364655954650837,0.48628115040700326,1.8806703855832856,4.05678023251354,5.597527916386898
neighbor_tx1_frame_equal_5,0.16348632214588407,0.32993494384370814,1.0,18,2.3534077347161175,-0.7740777950631575,1.5535582568737745,3.6385404737269407,4.653525792412068,1.0,41,3.4098017465538226,-1.7496694660751708,3.0585879872112414,4.403100341405088,6.425984133746501,1.0,41,4.895376833412052,-1.7787640332802928,3.388763574868172,5.536421748487007,7.313312921610164,1.0,59,3.0392797826140616,1.5929743692008569,2.238937799002488,4.446368445800324,6.447598194612271
neighbor_tx3_weighted_5,-0.9005730115377586,-0.9137198563713805,1.0,18,0.9991348737593305,0.18843551369631562,0.5644333896271488,1.1272750467698347,2.2184018821145166,1.0,41,3.420460093109318,2.8378609877956897,2.3710024653777526,5.087568079068531,7.250927039007137,1.0,41,3.0299286083405628,0.8941549617328235,2.280009944685206,3.4900186365563384,6.271611038462453,1.0,59,2.6022496069164878,1.789200385379428,1.4013316593275729,3.8963748149515256,6.622609847914515
neighbor_tx3_frame_median_range_18_38,-1.2633409491879617,-1.3222323716691762,1.0,18,1.608809310879664,0.1580165957317424,1.388416518423086,2.190986653458199,2.917624394283716,1.0,41,3.4311302506291077,2.0672771259772014,2.721390290052226,4.1141540200598286,6.623281335011134,1.0,41,2.9798731757255155,0.0708322585227488,2.1074205015663696,3.4069954683882044,5.209869046324242,1.0,59,2.709606364073068,0.40885671393610945,1.8287317607907927,3.3187878782608715,5.737229732487063
neighbor_tx3_frame_coherent_4,-0.8521715197115048,-0.8760144563260295,1.0,18,1.2751617341058574,0.7471487788532973,0.8385459542319464,1.9979172954177105,2.924138335734406,1.0,41,3.431874522612695,3.016536723467085,2.9173543719951422,5.354610627670503,7.434902466808937,1.0,41,3.1206598668606786,1.4651852686127416,2.708933647219653,3.77564164838069,7.829716366358801,1.0,59,2.6185616328537598,1.8882762025448052,1.3977302888560752,3.7418279015311415,6.5675982774004575
tx3_frame_median_5,-0.8837504227436975,-0.9703757037186684,1.0,18,0.9297784762224884,0.3575406372625401,0.45719931143206505,1.464424619372087,2.169982177503227,1.0,41,3.4333830410561967,2.376581648618532,3.0011259603400586,5.668479386580594,6.457849317934552,1.0,41,3.332193213425712,1.792614083625843,3.0090787998039645,4.420567996678599,6.937270429610962,1.0,59,2.508010518841241,0.17807490320317312,1.6509502974320953,3.4097648940233842,5.170507839999606
tx3_weighted_8,-0.9510019728033035,-0.9409733822433382,1.0,18,1.1167368333804322,0.29277616212818214,0.7486007418797433,1.2629758461866585,2.539642649996111,1.0,41,3.4435592252989764,3.020927243048637,2.302566872835495,5.590982854362215,7.7418522581434654,1.0,41,2.6928994742003294,0.7818090373142589,1.256615141653819,3.096099716212186,6.4144178494361945,1.0,59,2.821296352709766,2.3719644447088912,1.147652522835803,4.348026717068258,7.093231928875641
neighbor_tx3_frame_median_5,-0.9499742899761109,-0.9281803875670718,1.0,18,1.2508895163799387,-0.6315829818441994,0.8006249971832784,1.599598833938757,2.776815154945426,1.0,41,3.4468299195938648,1.7230340650120946,2.9169422333905115,4.810676741731045,6.750114958236672,1.0,41,3.596016318135275,-0.0633606359013202,2.758470264631846,4.423726311213437,6.346834992992696,1.0,59,2.838117252515333,1.4030083322329243,1.8250435635640065,3.9840574805872926,6.001440995362786
neighbor_tx1_frame_equal_4,0.1548007708714379,0.2346012282002839,1.0,18,2.3447485552298444,-0.2466991559326689,1.4032051984762286,3.6495815285938336,4.8338682789925205,1.0,41,3.4489083577943753,-1.3080070344285175,3.147868642260697,4.132977517467404,6.019656908228657,1.0,41,5.097363980298592,-1.6994203212632126,3.6436213241419364,5.445703114773402,8.157047188449479,1.0,59,2.975251630084853,0.47576846679336454,2.502820463140773,4.060607245899547,5.548986305387832
neighbor_tx3_weighted_range_18_38,-1.4404977413234774,-1.4404977413234774,1.0,18,1.9049317910252899,-1.0677561587880406,1.6584441000267724,3.2727843735151705,3.9765938525856837,1.0,41,3.485505082680437,1.1291218244982055,2.4560620965547972,4.849534258234455,7.206952815680923,1.0,41,3.819965812763986,-1.6292875490022476,2.85788391577801,5.47308785986191,7.168022428049691,1.0,59,3.0032962818364934,0.4588878634956219,2.0275077254135425,4.230582440423287,6.812192328274214
neighbor_tx3_weighted_range_20_40,-1.4083164428263575,-1.3930058593748684,1.0,18,1.782659712348189,-0.8404674623945343,1.3196357188521772,3.0956924282663905,3.915386369847921,1.0,41,3.489569041519868,1.3599222518921439,2.7350431457186932,4.995121839549935,7.130903836746541,1.0,41,3.668980302878435,-1.2751624857314268,2.680794859607504,5.256848985387331,6.81179571919825,1.0,59,3.022279984410115,0.9684733580969682,2.0760437275997083,4.13931930139948,6.345224849454627
tx1_weighted_3,0.17070982864441964,0.23298086663452183,1.0,18,2.480035587829269,0.3988108014381047,1.794765648116689,3.7727783606376892,4.419182621676038,1.0,41,3.4898638119727843,-0.5640064693747502,3.618824258990246,5.09959741333911,6.394787361352319,1.0,41,4.838114419766196,-0.5378830274958115,3.482292084230588,5.6835935253998215,8.917795221936263,1.0,59,3.269178677902862,0.86930483730101,2.677708181527013,4.737175471210473,6.252516554164009
tx1_frame_coherent_5,0.18413754984781516,0.3365286940581391,1.0,18,2.3294866552502542,-0.10157813926235956,1.843988542650681,3.821921072159353,4.189015909274882,1.0,41,3.5168047159264475,-1.3949034997572434,3.3375309990738398,5.16735210278072,6.34022653996465,1.0,41,4.682527339490019,-1.0382690426038599,2.9103987248063112,5.683437919878882,7.632944306799706,1.0,59,3.3603833494445707,1.7877673755110375,2.615286305617645,4.887621952585629,6.660829028661126
neighbor_tx1_frame_coherent_4,0.15980855399640187,0.23170261448924723,1.0,18,2.310773941730985,-0.15860589325473542,1.527273985842864,3.494669128155091,4.772099591383263,1.0,41,3.5197716394589227,-1.3024933698705592,3.352460150870452,4.248718588413171,6.94100625012644,1.0,41,5.068861555420732,-1.5567509151511687,3.6654091315989783,5.503777419967611,8.193700249341774,1.0,59,3.043858481853433,0.3620113069390063,2.508695127589222,4.070071078091143,5.645988952797881
combined_frame_median_range_18_38,-0.4476937513235372,-0.3821105546599106,1.0,18,1.9345625979928924,-1.2930462966644665,1.0039366502609963,2.985481220840279,4.2254135562212225,1.0,41,3.5318869037752734,-0.802206812772383,2.6231400512953558,4.681067193189518,7.460736860428142,1.0,41,4.270709108082885,-4.008141050764214,2.093462684395349,3.5455985637797003,4.528760443635896,1.0,59,2.8125832190562132,0.24685820332847655,1.72854835511794,3.884189480265842,5.882380763559777
neighbor_tx3_weighted_8,-0.9709621340373916,-0.9702025668429144,1.0,18,1.332716119064723,0.15870506006820762,0.6987556782200466,1.5150194417922553,3.9530835295199083,1.0,41,3.5355805849617283,2.8719754048060095,2.6586022731513417,5.570713293763962,7.710564084293558,1.0,41,2.876332190664778,0.4953179792181354,2.171392437213383,3.589782697135462,5.726091580259334,1.0,59,2.8684784377248365,2.058085707209807,1.5469557842969675,4.341641414747123,7.196829842535242
tx1_frame_equal_4,0.14508787882758079,0.2968026582316068,1.0,18,2.491156952563769,-0.20042618481637012,1.8572199604966615,3.662385826055529,4.690700850938019,1.0,41,3.5506098049146946,-1.507184328054214,3.3180963829024064,4.953503085919373,6.024224752709917,1.0,41,4.767270527599343,-1.431280802187344,3.1424575662558265,4.844480813101182,7.863841613060325,1.0,59,3.3438579344824175,1.6676732693005667,2.6960041477544063,5.203615558588899,6.272854058797632
tx3_frame_equal_range_24_44,-1.0504440310134289,-1.0722133764338702,1.0,18,1.1763358107464028,0.8398722181542936,0.8697739301100967,1.7453086040950143,2.076031494204153,1.0,41,3.5656438892296185,3.020209987515359,3.2083474798726748,5.392627157428816,7.458193898009828,1.0,41,3.0807374835454038,1.5973009774231341,2.258277821858928,3.766600980079355,6.355621359302221,1.0,59,2.6341265992037233,1.957208201234297,1.441734899817622,3.7284768503346877,5.950770464589136
tx3_frame_equal_6,-0.8672760849449477,-0.9284213380903635,1.0,18,1.1625438091192544,0.6764594690618362,0.9672827735387319,1.6541764252010167,2.225020467922383,1.0,41,3.574658335635226,3.2437331060731642,2.917993854576756,5.325916864387579,6.888274911495573,1.0,41,2.883093389290509,1.4736097787929139,2.344163385672417,3.479574123419778,6.480677997764772,1.0,59,2.3599416892892684,1.34306507952898,1.4569534843038268,3.204498141555161,5.521973166323092
neighbor_tx3_frame_median_4,-0.8864720297763038,-0.9341630565480861,1.0,18,1.5125518646614509,0.4488590623704883,0.9706437844024514,2.1187507613599994,3.139643025011888,1.0,41,3.5760369507519605,2.303623523736563,3.2155252695355996,5.259235393368669,6.668019422782358,1.0,41,3.5135605962816885,0.6170575171577694,2.786633883523686,4.125793985185533,7.17326792425207,1.0,59,2.790960033195003,0.8660879873396782,2.098724912693828,3.8546412999624344,5.742848956596414
tx3_frame_coherent_10,-0.9671921767618631,-0.9671921767618631,1.0,18,1.075042631412079,0.6255466621776841,0.708324497834925,1.3004665688354464,2.084502101083893,1.0,41,3.5764162920763467,3.1009683292279266,2.988320352951791,6.121525605497001,7.927791936924322,1.0,41,2.608165145939924,0.7269553253046224,1.4333783785668515,2.9151480928396754,6.102132477022527,1.0,59,2.8132853447550454,2.345754939280395,1.348839094007212,4.653102726326846,6.746089237404115
tx3_frame_median_range_24_44,-1.0715385111466198,-1.1303498632287428,1.0,18,1.0464473957195426,0.7420601498990772,0.704193001631517,1.7141827533835978,2.23158567214849,1.0,41,3.582611692661921,2.6069048162605566,2.8613768086940237,4.58438599515144,7.842924613688671,1.0,41,3.0943964814978613,1.7018368098220538,2.122755425907,4.000096462405326,6.696340804889317,1.0,59,2.501974442826623,0.9636197011137667,1.5633490585833267,2.953255132024137,6.043299076456816
neighbor_tx3_weighted_4,-0.8382187078928616,-0.8854428898552519,1.0,18,1.358661080516691,0.9275293097232947,0.8622413676406357,1.9163527908729554,3.3351466239146887,1.0,41,3.5988938741627865,3.2459562638484063,2.788791826013977,5.580784474458084,7.921496014627731,1.0,41,3.1441181997651637,1.703683581620357,2.678792509302996,4.280371382297477,7.571687550707253,1.0,59,2.597948131333776,1.6752168022840175,1.5787535765481986,3.6045283728330686,6.44884817175156
tx1_weighted_range_18_38,0.6679410015056675,0.6912258197646719,1.0,18,1.7958792900549203,-1.2903531661062355,1.4392420685275567,3.18252627338385,3.546326410352314,1.0,41,3.6012739059468237,-3.2189506989487735,2.7440035528282234,4.662425463534392,8.746511011687318,1.0,41,3.445502269237776,-2.5966666084092958,1.517412582435381,2.629882414101364,10.513871098183177,1.0,59,2.862720719236949,-2.20446991234784,1.771684758096541,3.51155425020489,7.149357031625547
neighbor_tx3_frame_median_3,-0.8904017167511508,-0.8904017167511508,1.0,18,1.9359016228644121,0.06970780337910594,1.5690824732462774,2.5829482117376537,3.5500863588394074,1.0,41,3.6024747841350853,2.3869662386913357,3.201001433057331,5.488543759325917,7.564271898671667,1.0,41,4.2044704853003445,0.17297036169396757,3.2341432654692834,5.111017911787021,7.909608733059665,1.0,59,3.0940287349338633,1.6800060380876045,2.289192176131414,4.546178098820295,6.694144439707178
neighbor_tx3_frame_coherent_6,-0.8933905770710695,-0.9442636437719459,1.0,18,1.2820061449286353,0.31588669602440994,0.9890580590245404,1.989805873493895,2.467018727392619,1.0,41,3.608580816128953,3.0142094369692236,2.6284374887269024,5.588619453536658,7.881774265143,1.0,41,3.0105547868901312,1.2462117364721927,2.4562990793986668,3.2678501105984132,6.537996339976402,1.0,59,2.628142523780937,1.2610661538849195,1.7069062263188188,3.2514852462490174,6.275136120839553
tx1_frame_coherent_4,0.14837917492648228,0.30127568966758006,1.0,18,2.4992866429273324,-0.16271994604453552,1.9722234031693437,3.537512787380592,4.60997797995219,1.0,41,3.6255596780488055,-1.5369605615279114,3.375562400910737,5.199874557623792,5.930395068563956,1.0,41,4.747837081036723,-1.3108945778654393,3.1389876809924577,4.978794209862109,7.968872058048003,1.0,59,3.382939436642244,1.6802920260988434,2.673075609881474,5.346671881078045,6.445253937307352
neighbor_tx3_frame_median_range_22_42,-1.1424210013753606,-1.1871680266052642,1.0,18,1.3171243296121529,0.8068068361602518,0.750681664037836,2.1012514441579238,2.8825977439942942,1.0,41,3.6319728436187333,2.742914313871589,2.920556353867199,4.977192406334028,7.655423051904348,1.0,41,3.0750597581343797,1.3455390231297233,2.275561921462752,3.419135472186143,5.841823575372796,1.0,59,2.6325854844050163,1.3346168557072564,1.7324481192381724,3.3366397735657016,6.011488331420455
tx3_weighted_range_20_40,-1.4135113221935478,-1.3674286803148643,1.0,18,1.463568243615563,-0.8873053645769999,0.8583290013414713,2.5162909252342707,3.4239363189246776,1.0,41,3.632171558643165,1.834775240699929,2.533695778216541,5.226475357607365,7.276876734307875,1.0,41,3.2746582777249063,-0.7018626773676853,2.563384487985332,3.978695116436971,6.032445237905993,1.0,59,3.1552152944320646,1.846910981970106,1.8048731545935701,3.8388972435132227,7.765579898063158
tx3_frame_median_10,-0.9792213481214952,-1.0123784953722605,1.0,18,1.1007520846969978,0.5628549906593631,0.6007667067271012,1.4117968268255183,2.495813245744772,1.0,41,3.634895566626012,2.616676331924159,2.670284556201094,5.455523097105138,7.162770407097312,1.0,41,2.8559081891043254,0.9418921491331861,1.6570054115353097,3.830225322163094,6.40893562846545,1.0,59,2.7092474151041825,1.3841561365129391,1.4658075821222682,3.937770464469148,6.0659407724884895
tx1_frame_equal_5,0.15062368384962815,0.3402842252640167,1.0,18,2.477708249878002,-0.688579891065636,1.8839338673119315,3.5612725455082135,4.63207281465602,1.0,41,3.6372216084382063,-1.9120862166223653,3.2272191275728788,5.024581211007764,6.897431014704097,1.0,41,4.715067176906479,-1.6666622543028877,2.862393679683861,5.137846793572724,7.020573878455284,1.0,59,3.380462379809746,1.9310769819888913,2.7452361259756675,4.923100186645245,6.707699125482034
neighbor_tx1_weighted_4,0.1629251671262642,0.24254412441131545,1.0,18,2.416024031880495,-0.427920340278374,1.5932146054630785,3.4300742816288525,5.0566546747359284,1.0,41,3.6439051570778083,-1.6619639990081243,3.363746655677769,4.348356619176114,6.888818894750681,1.0,41,5.156404747961801,-1.706848642184635,3.89628351566747,5.622323162800175,7.878706917699393,1.0,59,3.091705898684425,0.17147012283669363,2.4923128285512473,4.385121977449888,5.568870529447883
neighbor_tx1_frame_equal_3,0.10246256375312171,0.22898890436950703,1.0,18,2.3870015297346274,-0.791644689461201,1.6044143599400948,3.937539044309083,5.159756733344216,1.0,41,3.6550182432419174,-1.6707667509689879,3.318714972477089,5.3046168960083175,6.010096547307157,1.0,41,5.386594011362543,-2.3689879037478434,3.9545638360409647,5.221047386848286,8.043329148167656,1.0,59,3.0242590268629432,0.9126039616001039,2.440234162461537,3.8653456299808093,5.923466199105945
neighbor_tx3_frame_equal_range_18_38,-1.2229037974424006,-1.3787967075603635,1.0,18,1.8249103302827834,0.687780487873101,1.5511488985218547,2.510510252576606,3.312100224710469,1.0,41,3.6555369495632046,2.636673532070443,2.8500354555932885,4.636081113777523,7.465464442511797,1.0,41,2.951842702040874,0.22925767669078598,2.3669211674217436,3.5941847331303713,4.979509987513544,1.0,59,2.795581433572399,-0.8059041115953921,1.862011406201184,4.244233224522857,5.654020931358898
tx1_frame_median_8,0.21415022412401194,0.31286015550813895,1.0,18,2.089373228715719,-1.19739738431965,1.2967541585428028,3.8091748562769885,4.504483129473211,1.0,41,3.658204197686715,-2.204037482633679,3.051869383827608,5.885504197619289,7.108346320027152,1.0,41,4.380432779195061,-1.1905173843805443,2.4551681689653675,4.439837060070918,6.911159900975775,1.0,59,2.775662652487423,-0.09132219268570504,2.113478172668217,4.222588493135008,5.649166566178588
tx1_frame_equal_3,0.11583511753547585,0.3063423845769665,1.0,18,2.446519541428329,-0.369212273740171,1.7437112439659188,3.783386977324062,4.40206320512784,1.0,41,3.687024795165366,-1.3224811954308677,3.851768972175111,5.280842514308867,5.989789853410544,1.0,41,5.142084983414153,-1.702650595187689,3.3117645408481664,5.136265159205037,8.137689950968719,1.0,59,3.65926974798751,2.4553038456350156,2.600626908319374,5.357933309850043,7.596406277461299
neighbor_tx3_weighted_6,-0.910098861493884,-0.9333168861628718,1.0,18,1.4677599663489043,-0.05009540383917791,1.1019844502424156,1.9529542860776892,2.5667273956141963,1.0,41,3.6930054793593508,2.921020700878651,2.8302298018097494,5.640235821027549,7.994113900006436,1.0,41,3.002504998620958,1.0845278758418577,2.4102321313990736,3.405491570647171,6.319592066165953,1.0,59,2.886164367734251,1.5900861285218475,1.8396058881301547,3.719002396559172,6.457015575189848
neighbor_tx3_frame_median_range_24_44,-1.094575872323456,-1.1500090740111286,1.0,18,1.1076659978924,0.49976327037443763,0.5999588585527935,1.4479514861647176,2.6554410618233577,1.0,41,3.704911257195227,2.5800643093168993,2.8579319983080755,5.1344246121069785,7.327254376506864,1.0,41,3.067814419587305,1.257024733415408,2.0821404173589526,3.6754820052362396,5.9252985201511645,1.0,59,2.630114964186911,0.9326159936751727,1.842620071238986,3.6194313826074085,6.0365837128334086
tx1_frame_coherent_3,0.11061025471801075,0.2962894183287696,1.0,18,2.4610826845153158,-0.48196610911364324,1.760290625882579,3.8532187203096075,4.642121094871049,1.0,41,3.739180622766763,-1.4614131341574483,4.058693097283354,5.373634079268751,5.926910767542543,1.0,41,4.865053388045099,-1.4895900074533373,3.5471955719991177,5.269376984030398,8.145790616451709,1.0,59,3.6244795972685684,2.23594621955612,2.4959700915072176,5.126673338951529,7.5111653306131725
neighbor_tx1_frame_coherent_3,0.09905782681842991,0.30008162256833687,1.0,18,2.4226757052892203,-0.8705758570798539,1.5522705700663848,3.9590817166397354,5.291457395344879,1.0,41,3.7510140668782204,-1.7868423042493011,3.425745369528466,5.460280771665072,5.777790275938527,1.0,41,5.229863685309963,-2.2249145633916565,3.743080499770938,5.332724650629401,7.97348608667712,1.0,59,3.445849477046799,2.1721393836085454,2.249979543979978,4.801544569564061,7.215746744014307
neighbor_tx3_frame_coherent_10,-0.9767551459587955,-0.9886564861624035,1.0,18,1.2553897809189973,0.6450730769119424,0.6013430669911476,1.6616174051522559,2.919098182348719,1.0,41,3.7562553168910005,3.180705268421446,3.0555866679402737,6.133125612246423,8.062889286270288,1.0,41,2.850893361721018,0.6518610919758393,1.8821268413631311,3.2839953372099373,6.164848659442214,1.0,59,2.9032835640866828,2.189500058507072,1.5713826896967722,4.740905761699992,7.482070298260579
neighbor_tx3_frame_equal_10,-0.9694873482461275,-0.9782102196240796,1.0,18,1.2591060125317688,0.6945890994212331,0.5930664853886812,1.7077860448284676,2.828685123364759,1.0,41,3.7680438355562247,3.213702716175869,3.1246220253523287,6.005925001632015,8.175594333474107,1.0,41,2.857817299322159,0.6571212866041269,1.7977781622388411,3.306037506889983,6.280677428636943,1.0,59,2.927189318529224,2.2856493150584747,1.599439672583245,4.678542284186589,7.561750056288575
tx3_weighted_range_18_38,-1.4015236492290297,-1.456303784202661,1.0,18,1.4673315813854308,-0.30520490213150364,1.0073962774530278,2.0274374575470318,3.3219486233702593,1.0,41,3.8002216247408134,2.4095730153892583,2.869879752455355,4.78001409581169,7.966724960545023,1.0,41,3.215389531231337,-0.24929465215499647,2.6175836087173807,3.997672208004859,6.165510994697954,1.0,59,3.02640118728323,0.5797628470897952,2.014708981343622,3.9595087598209835,6.904232021102725
neighbor_tx3_frame_median_8,-0.9344174124690638,-0.9640903876947298,1.0,18,1.299278639853659,0.5809781782751681,0.7660826549126327,1.952717270238162,2.8763819778126476,1.0,41,3.8372667702904257,2.9372575059483643,2.90560378822111,5.9062679250879,8.127122965890374,1.0,41,3.2310391621022987,1.0678043116264173,2.215904473201895,3.849795945970553,7.139544928234027,1.0,59,2.8618726271454764,1.6758736460930055,1.9332710261991342,3.918391402020055,7.043510428576276
neighbor_tx3_frame_median_10,-0.9924862212013831,-0.9924862212013831,1.0,18,1.1737171929612953,0.5520113201111214,0.6291891523321239,1.6348740927313568,3.1958758998848023,1.0,41,3.910676315045087,2.822242418376541,2.756424609039989,5.549199538894656,8.286751141315396,1.0,41,3.122378917769475,0.52795177478452,2.110951659766294,3.4012866403979145,6.109659912059856,1.0,59,3.075671837121218,2.1296295409396335,1.8171117543187691,4.750491905908653,7.561572120514369
tx1_frame_median_6,0.14599595420147898,0.20830357905792507,1.0,18,2.4860760961958106,-0.9999671815774254,1.3211421713594775,5.008895928241903,5.842871567247165,1.0,41,3.9406460038164233,-2.3598246115105734,3.247388267747552,5.6850464279149895,7.443410045093177,1.0,41,4.705769576658978,-1.9314373816591215,3.1339589756211073,4.344891690263661,7.570469109193146,1.0,59,3.221321383517832,-0.8045307052185225,2.5577219016827595,4.730356122418918,6.3085126991750675
neighbor_tx3_frame_equal_6,-0.8612662023031449,-0.9381521271021926,1.0,18,1.3702725282838788,0.8612540711372492,1.026768495735293,1.9318343253928876,2.9597312026070117,1.0,41,3.9700750115291883,3.5821128596902607,3.2907758454446907,5.913744720211056,8.410241969470036,1.0,41,3.1551808972998705,1.7449488753674816,2.5325002891902653,3.650229541856651,6.972048300506086,1.0,59,2.6402537724852215,1.3462662907064684,1.7603455494422633,3.3378174770713,6.284525331202781
neighbor_tx1_weighted_3,0.07905520365159376,0.2786382148806067,1.0,18,2.765568194865661,-1.4847670035995035,1.9002846134567786,4.314610674603024,5.838406910423739,1.0,41,4.020520652669073,-2.4616915978347276,3.2083731816338905,6.13185554813242,7.303405319398982,1.0,41,5.286732040886771,-2.649037627250836,4.048408932871613,5.6529092218517665,8.536225169071367,1.0,59,3.308441094210853,1.4897406521171137,2.5732062582646806,4.440132091248764,6.561193235259311
tx3_frame_coherent_6,-0.8404493264249512,-0.9292009075126636,1.0,18,1.420033243276287,1.215392662199162,0.9177873275662911,2.1058292497754443,2.8190826853208892,1.0,41,4.039576088422783,3.795893939719081,3.4078621929895467,5.869973357344372,7.450172294316042,1.0,41,3.2076436383227827,2.04906481722526,2.7598318681787477,3.9798578303015497,6.97242601476108,1.0,59,2.393675531509128,1.3862847488911152,1.4789685853733157,3.1162554393454416,5.7940485308944565
neighbor_combined_weighted_range_22_42,-0.44169060415395334,-0.4844249639026319,1.0,18,1.2858244576733442,-0.6578558017887155,0.7815170577248278,1.5524900697152662,2.967581037187588,1.0,41,4.041821290047935,1.7016551215811897,2.5639122191491124,4.095700231968429,8.438458499748046,1.0,41,3.5564752841572433,-1.785205450873816,1.48573011793918,2.66300868819524,4.461295120370096,1.0,59,3.276225950192981,0.1996063240490249,1.7425519305943036,4.467414312534203,6.142372813011116
combined_weighted_range_22_42,-0.4228096905815222,-0.4720272711012291,1.0,18,1.1770186789004948,-0.3095626385824306,0.6706649459886724,1.5539015035337027,3.016308509285419,1.0,41,4.0760108256936345,1.9364703998734272,2.5550566132417605,4.227520830060622,8.280131409800482,1.0,41,3.6073740655948643,-1.44917317635966,1.2337855401927078,2.8262160708473116,5.462510060724796,1.0,59,3.2268305358705796,0.3502870638550618,1.6532961764101644,3.9643697392144217,7.304284705069728
tx3_weighted_10,-1.005062279205756,-1.0065071838271844,1.0,18,1.2563803937775349,0.7936481909383288,0.6707242327713914,1.4853632340008736,3.095859817831725,1.0,41,4.080721253928362,3.4227696287122726,3.5473894836085154,6.606353896693576,8.66555537540152,1.0,41,2.7254629042922005,0.42597965171619595,1.7107894552942944,2.9312124302117066,5.745638089753381,1.0,59,3.2051388252562556,2.594236044532151,1.6004642616130758,5.7110006910292235,7.616411937866529
neighbor_tx3_weighted_10,-1.021152928166151,-1.016182713122964,1.0,18,1.4031856971510186,0.7204559388625731,0.7284684490495332,1.6864039904302979,3.501539972280164,1.0,41,4.09208768215241,3.374857586710313,3.6023074713519425,6.804261086430434,8.462613312138417,1.0,41,2.990316645518972,0.18855809264301415,2.2145575309004615,3.410773074212081,5.554496571293057,1.0,59,3.3122518490030037,2.6559629014509394,1.856667058746118,5.701758036806558,7.6851455950615
tx1_weighted_4,0.10118967729087425,0.2841225499152848,1.0,18,2.8155203633480053,-1.3110746713534895,2.0005994913953744,4.258556851094447,5.759863883938142,1.0,41,4.107084383436625,-2.7642174226175245,4.017048422803499,5.232518686193222,6.951941247543197,1.0,41,5.051101947714493,-2.468229813265463,3.474287684006506,4.815260107144973,7.4931089169379455,1.0,59,3.1985953607485387,1.0266196850750204,2.507459902489611,4.964348107659372,5.649778513212395
neighbor_tx3_frame_median_6,-0.8737677273634825,-0.9363079615793481,1.0,18,1.34382403051867,0.7352518399955995,1.0242251033326188,1.9876600132478637,2.895597574484531,1.0,41,4.150617627680699,3.389446284614977,3.083780016472087,6.554941646802998,8.344860143074191,1.0,41,3.6442570320679284,1.7466151740412847,2.992795312476342,4.770836975828643,6.958752917084164,1.0,59,2.8321540576046016,1.4361177302522574,1.9592650069400217,4.074281097107194,6.682650335663378
tx3_weighted_6,-0.8376802082546884,-0.9064690189030449,1.0,18,1.47033301446593,1.2030069279661444,1.0664074565085446,2.2376628206165736,3.129534333613106,1.0,41,4.373166088643436,4.099819123018238,3.9048323656531654,6.343267222968597,7.919284073848013,1.0,41,3.381317526331863,2.2512589499421054,2.4060761951416425,4.00530867688546,6.945905406652988,1.0,59,2.8104032983085383,1.957973972887231,1.6798701114480528,3.831094985397942,6.417302172157624
tx1_frame_median_4,0.07956029302838041,0.12083119356565736,1.0,18,3.077635590948483,-1.6161565516314622,2.0867113784257216,5.258500080471883,7.24371714996843,1.0,41,4.422745879043474,-2.5397222025203203,3.79017748676408,5.7539643921717945,8.493471897586813,1.0,41,4.855876489754021,-2.2090027847892038,3.2909833219786364,4.2523981076189825,8.729002220232704,1.0,59,3.7588842935674216,-1.5017248942865082,3.0497050900453955,5.760191208555318,7.008939514100147
tx1_frame_median_5,0.0892334778333449,0.14740946056625082,1.0,18,2.76836018720631,-1.6879764987539772,2.037241476823478,4.293360506720395,5.764188011517737,1.0,41,4.443281323666092,-3.0016587727224286,3.5063818433189007,6.812768256870905,8.592632035695791,1.0,41,4.844042781845325,-2.4677339038841546,2.9936877175744763,4.296612313685113,8.878262576438214,1.0,59,3.552075880607477,-1.535289066570814,2.7306827864487553,5.5509032910846905,6.917421729237869
tx1_frame_median_3,0.03107543173846964,0.12207311957805747,1.0,18,3.2374590763939515,-2.1186973311176436,1.9472700010442785,4.956763450320449,7.4181518865976255,1.0,41,4.478960969986997,-2.628994933006335,4.182715487511188,7.1150450920279535,8.407088121562996,1.0,41,5.31257037721238,-2.948245236194826,3.6535246652942934,5.1665470585332525,8.456634374198073,1.0,59,3.735229057556861,-0.8055593238716994,2.741023899948692,5.803563088182049,7.471737349387724
neighbor_combined_weighted_range_20_40,-0.4186064898270599,-0.32501263613967757,1.0,18,1.8818762221067336,-1.1026333589545847,0.988268892021182,2.622432131791874,4.808454648820386,1.0,41,8.292725386501383,-4.60607769212723,3.695674298507823,7.175176891067768,14.296803521081094,1.0,41,5.938528425672942,-5.703762638239872,2.4604918394054986,3.686995555296261,13.506936174524096,1.0,59,6.0184367864438775,-1.7173120964498236,2.4260277589685924,4.874698634222678,9.0760594540908
neighbor_combined_weighted_range_18_38,-0.4186064898270599,-0.38602121117565175,1.0,18,1.9775257346919526,-1.0661382997272932,1.0496208317932467,2.7052328210740595,4.970389461980842,1.0,41,8.88239931565539,-4.930901874135024,4.193839524250219,7.4000529272057936,15.594144422210865,1.0,41,6.119375738742653,-5.875551723074253,2.511655337976517,3.696336222948551,14.0567473076351,1.0,59,6.547043963753963,-3.0792305981054526,2.5458480730118493,6.037746050970753,9.284379726128753
combined_weighted_range_20_40,-0.4415984540618486,-0.336742036846755,1.0,18,2.08664314424443,-1.2892786660332876,1.057347432268803,3.1412721868986986,5.419767513092488,1.0,41,9.446746963495096,4.238415363982999,3.238011720721321,7.018184153502604,21.230515006855768,1.0,41,5.781644216573162,-5.026149199764612,2.2176849283667686,3.914387107146408,9.133713560126548,1.0,59,6.965338562476458,-0.9777343001209919,2.519073070861113,5.127921576272808,9.580879963076736
combined_weighted_range_18_38,-0.40432902264369136,-0.36555501788847067,1.0,18,2.0059034304428014,-0.5558631980297184,1.0071869518451289,3.0857781671886593,5.069545323463069,1.0,41,9.556067056058758,0.9491251540193185,3.60716326403905,6.710528634456059,22.648883373192806,1.0,41,5.594334321435946,-4.474109006485979,1.8280204768349155,3.5681001189566466,8.637436019041063,1.0,59,7.2773650677355555,1.3143257249658125,2.4536524003179983,5.798601606792536,10.168935762664471
