height_block,height_m,tilt_deg,club,shot_type,shot_type_reason,tm_launch_angle_deg,ops_ball_speed_mph,dump_path,status,selected_angle_deg,selected_model,selected_confidence,consensus_angle_deg,n_frames,n_snapshots,direct_only_deg,two8_deg,reciprocal3_no_tdm_deg,four4_path_tdm_deg
low_2.875in,0.073025,10.0,9Iron,good,,20.59999999999998,101.41825028027345,/Users/john.pacino/openflight_sessions/iwr6843/iwr6843_20260824_112902_835_015.l3dump,accepted,10.108942834670783,four4_path_tdm,low,15.741990944392409,8,26,16.893481716069182,16.20323797664451,15.280743912140311,10.108942834670783
low_2.875in,0.073025,10.5,9Iron,good,,20.59999999999998,101.41825028027345,/Users/john.pacino/openflight_sessions/iwr6843/iwr6843_20260824_112902_835_015.l3dump,accepted,11.76078683618355,four4_path_tdm,low,16.90754719321274,8,26,17.92739274391945,17.40423698352615,16.410857402899328,11.76078683618355
low_2.875in,0.073025,11.0,9Iron,good,,20.59999999999998,101.41825028027345,/Users/john.pacino/openflight_sessions/iwr6843/iwr6843_20260824_112902_835_015.l3dump,accepted,13.316050113026836,four4_path_tdm,medium,18.057271185978017,8,26,18.95752174269207,18.59153531184674,17.523007060109297,13.316050113026836
low_2.875in,0.073025,11.5,9Iron,good,,20.59999999999998,101.41825028027345,/Users/john.pacino/openflight_sessions/iwr6843/iwr6843_20260824_112902_835_015.l3dump,accepted,14.800181103131935,four4_path_tdm,medium,19.186806899931135,8,26,19.98319416218771,19.75544952379003,18.61816427607224,14.800181103131935
low_2.875in,0.073025,10.0,9Iron,good,,20.493999999999986,101.72372693774415,/Users/john.pacino/openflight_sessions/iwr6843/iwr6843_20260824_112940_807_016.l3dump,accepted,15.012365792881292,direct_only,high,13.35016002942151,8,28,15.012365792881292,13.910825281370242,12.789494777472777,11.789101212133511
low_2.875in,0.073025,10.5,9Iron,good,,20.493999999999986,101.72372693774415,/Users/john.pacino/openflight_sessions/iwr6843/iwr6843_20260824_112940_807_016.l3dump,accepted,15.665456210226195,direct_only,high,14.86981068025769,8,28,15.665456210226195,15.373200171241171,14.366421189274206,13.331920383961688
low_2.875in,0.073025,11.0,9Iron,good,,20.493999999999986,101.72372693774415,/Users/john.pacino/openflight_sessions/iwr6843/iwr6843_20260824_112940_807_016.l3dump,accepted,16.866896506064876,direct_only,high,16.31503202499424,8,28,16.866896506064876,16.816464397284957,15.813599652703527,14.381200801361553
low_2.875in,0.073025,11.5,9Iron,good,,20.493999999999986,101.72372693774415,/Users/john.pacino/openflight_sessions/iwr6843/iwr6843_20260824_112940_807_016.l3dump,accepted,17.99370648749978,direct_only,high,17.47459158884075,8,28,17.99370648749978,18.27076160461547,16.95547669018172,15.387472736301131
low_2.875in,0.073025,10.0,9Iron,good,,10.839000000000008,95.20689157836915,/Users/john.pacino/openflight_sessions/iwr6843/iwr6843_20260824_113017_589_017.l3dump,accepted,13.93882583445474,four4_path_tdm,medium,8.416577896352518,10,34,3.892185395152857,5.509636247351356,11.32351954535368,13.93882583445474
low_2.875in,0.073025,10.5,9Iron,good,,10.839000000000008,95.20689157836915,/Users/john.pacino/openflight_sessions/iwr6843/iwr6843_20260824_113017_589_017.l3dump,accepted,13.825177890897756,four4_path_tdm,medium,9.02045254302685,10,34,5.052801008511969,6.411205460010307,11.629699626043394,13.825177890897756
low_2.875in,0.073025,11.0,9Iron,good,,10.839000000000008,95.20689157836915,/Users/john.pacino/openflight_sessions/iwr6843/iwr6843_20260824_113017_589_017.l3dump,accepted,13.779594673385787,four4_path_tdm,medium,9.663755272649801,10,34,6.20995940224295,7.273370041856195,12.054140503443408,13.779594673385787
low_2.875in,0.073025,11.5,9Iron,good,,10.839000000000008,95.20689157836915,/Users/john.pacino/openflight_sessions/iwr6843/iwr6843_20260824_113017_589_017.l3dump,accepted,13.803777929449959,four4_path_tdm,medium,10.22078091605033,10,34,7.36552063082116,7.98301465932762,12.458547172773041,13.803777929449959
low_2.875in,0.073025,10.0,9Iron,good,,23.566999999999982,100.39999475537111,/Users/john.pacino/openflight_sessions/iwr6843/iwr6843_20260824_113047_998_018.l3dump,accepted,18.570975314207306,direct_only,high,18.42288917537473,8,25,18.570975314207306,17.88507333647028,19.773287669451893,18.274803036542156
low_2.875in,0.073025,10.5,9Iron,good,,23.566999999999982,100.39999475537111,/Users/john.pacino/openflight_sessions/iwr6843/iwr6843_20260824_113047_998_018.l3dump,accepted,19.70111067315694,direct_only,high,19.49584596174728,8,25,19.70111067315694,19.29058125033762,20.45397538138306,19.013495078397273
low_2.875in,0.073025,11.0,9Iron,good,,23.566999999999982,100.39999475537111,/Users/john.pacino/openflight_sessions/iwr6843/iwr6843_20260824_113047_998_018.l3dump,accepted,20.919423741913633,direct_only,high,20.798741295149753,8,25,20.919423741913633,20.678058848385874,21.28057007060135,19.78499275831212
low_2.875in,0.073025,11.5,9Iron,good,,23.566999999999982,100.39999475537111,/Users/john.pacino/openflight_sessions/iwr6843/iwr6843_20260824_113047_998_018.l3dump,accepted,22.074943253636153,direct_only,high,21.97455629924363,8,25,22.074943253636153,21.993592171533383,21.95552042695388,20.56523807629394
low_2.875in,0.073025,10.0,9Iron,good,,17.37199999999999,91.43934613623048,/Users/john.pacino/openflight_sessions/iwr6843/iwr6843_20260824_115147_304_020.l3dump,accepted,12.920059588784762,direct_only,high,12.973279139658239,10,35,12.920059588784762,12.762316287217459,13.026498690531717,14.054454496639586
low_2.875in,0.073025,10.5,9Iron,good,,17.37199999999999,91.43934613623048,/Users/john.pacino/openflight_sessions/iwr6843/iwr6843_20260824_115147_304_020.l3dump,accepted,14.008884065776533,direct_only,high,13.910003139403155,10,35,14.008884065776533,13.45067827407483,13.811122213029776,14.833549713777673
low_2.875in,0.073025,11.0,9Iron,good,,17.37199999999999,91.43934613623048,/Users/john.pacino/openflight_sessions/iwr6843/iwr6843_20260824_115147_304_020.l3dump,accepted,15.109732237258978,direct_only,high,14.87768377138205,10,35,15.109732237258978,14.213842142715123,14.645635305505118,15.425615751193405
low_2.875in,0.073025,11.5,9Iron,good,,17.37199999999999,91.43934613623048,/Users/john.pacino/openflight_sessions/iwr6843/iwr6843_20260824_115147_304_020.l3dump,accepted,16.262008031198956,direct_only,high,15.91295107654081,10,35,16.262008031198956,15.190944605555607,15.563894121882663,16.263991650167352
low_2.875in,0.073025,10.0,9Iron,good,,23.767,100.19634365039063,/Users/john.pacino/openflight_sessions/iwr6843/iwr6843_20260824_115211_975_021.l3dump,accepted,20.02925927409754,direct_only,medium,20.181525290357758,11,35,20.02925927409754,20.333791306617975,21.086100600530507,19.38134256567973
low_2.875in,0.073025,10.5,9Iron,good,,23.767,100.19634365039063,/Users/john.pacino/openflight_sessions/iwr6843/iwr6843_20260824_115211_975_021.l3dump,accepted,21.103262081923397,direct_only,medium,21.32411756364277,11,35,21.103262081923397,21.54497304536214,21.903360002380015,20.241105081455213
low_2.875in,0.073025,11.0,9Iron,good,,23.767,100.19634365039063,/Users/john.pacino/openflight_sessions/iwr6843/iwr6843_20260824_115211_975_021.l3dump,accepted,22.19584322257149,direct_only,high,22.338813168595685,11,35,22.19584322257149,22.657536696707062,22.481783114619883,21.318537478799993
low_2.875in,0.073025,11.5,9Iron,good,,23.767,100.19634365039063,/Users/john.pacino/openflight_sessions/iwr6843/iwr6843_20260824_115211_975_021.l3dump,accepted,23.29597478208086,direct_only,high,23.237214430489917,11,35,23.29597478208086,23.83019542920776,23.178454078898973,22.25493083284704
low_2.875in,0.073025,10.0,9Iron,good,,20.540999999999997,103.96388909252931,/Users/john.pacino/openflight_sessions/iwr6843/iwr6843_20260824_115239_835_022.l3dump,accepted,17.00903129356469,direct_only,high,15.951133690355796,10,35,17.00903129356469,16.265825931583183,15.636441449128407,14.082279555220898
low_2.875in,0.073025,10.5,9Iron,good,,20.540999999999997,103.96388909252931,/Users/john.pacino/openflight_sessions/iwr6843/iwr6843_20260824_115239_835_022.l3dump,accepted,18.114424952856375,direct_only,high,17.08192594979053,10,35,18.114424952856375,17.439518038389156,16.72433386119191,15.001759617579664
low_2.875in,0.073025,11.0,9Iron,good,,20.540999999999997,103.96388909252931,/Users/john.pacino/openflight_sessions/iwr6843/iwr6843_20260824_115239_835_022.l3dump,accepted,19.25490796044201,direct_only,high,18.270559134092075,10,35,19.25490796044201,18.800267187544254,17.7408510806399,15.935977611139666
low_2.875in,0.073025,11.5,9Iron,good,,20.540999999999997,103.96388909252931,/Users/john.pacino/openflight_sessions/iwr6843/iwr6843_20260824_115239_835_022.l3dump,accepted,20.30549228410364,direct_only,high,19.709218743620486,10,35,20.30549228410364,19.939579332417896,19.478858154823076,16.849404030093595
low_2.875in,0.073025,10.0,9Iron,good,,22.767,102.02920359521485,/Users/john.pacino/openflight_sessions/iwr6843/iwr6843_20260824_115302_698_023.l3dump,accepted,19.724039603347038,direct_only,high,19.042149592012905,10,29,19.724039603347038,19.990503583436986,18.360259580678775,16.113656091121598
low_2.875in,0.073025,10.5,9Iron,good,,22.767,102.02920359521485,/Users/john.pacino/openflight_sessions/iwr6843/iwr6843_20260824_115302_698_023.l3dump,accepted,20.817479507203238,direct_only,high,20.067053227644053,10,29,20.817479507203238,21.149654512396992,19.316626948084863,16.908359027558152
low_2.875in,0.073025,11.0,9Iron,good,,22.767,102.02920359521485,/Users/john.pacino/openflight_sessions/iwr6843/iwr6843_20260824_115302_698_023.l3dump,accepted,21.878148167790336,direct_only,high,21.00113343984747,10,29,21.878148167790336,22.06282020946278,20.12411871190461,17.823057132145646
low_2.875in,0.073025,11.5,9Iron,good,,22.767,102.02920359521485,/Users/john.pacino/openflight_sessions/iwr6843/iwr6843_20260824_115302_698_023.l3dump,accepted,22.9365540533427,direct_only,high,22.0401296177413,10,29,22.9365540533427,23.125209512049846,21.1437051821399,18.756683420577833
low_2.875in,0.073025,10.0,9Iron,good,,23.742999999999988,104.47301685498049,/Users/john.pacino/openflight_sessions/iwr6843/iwr6843_20260824_115331_321_024.l3dump,accepted,20.549591336664623,direct_only,high,19.65425419713082,10,33,20.549591336664623,20.386685983896914,18.921822410364722,16.85273073593064
low_2.875in,0.073025,10.5,9Iron,good,,23.742999999999988,104.47301685498049,/Users/john.pacino/openflight_sessions/iwr6843/iwr6843_20260824_115331_321_024.l3dump,accepted,21.578488220514004,direct_only,high,20.86854007487345,10,33,21.578488220514004,21.69010423115328,20.158591929232898,17.798475005060723
low_2.875in,0.073025,11.0,9Iron,good,,23.742999999999988,104.47301685498049,/Users/john.pacino/openflight_sessions/iwr6843/iwr6843_20260824_115331_321_024.l3dump,accepted,22.60216137606013,direct_only,high,21.88255342971152,10,33,22.60216137606013,22.791478284539743,21.162945483362915,18.73040648115524
low_2.875in,0.073025,11.5,9Iron,good,,23.742999999999988,104.47301685498049,/Users/john.pacino/openflight_sessions/iwr6843/iwr6843_20260824_115331_321_024.l3dump,accepted,23.62051923827681,direct_only,high,22.839199134194317,10,33,23.62051923827681,23.85219918367935,22.05787903011182,19.682766841195612
low_2.875in,0.073025,10.0,9Iron,good,,19.701999999999995,96.2251471032715,/Users/john.pacino/openflight_sessions/iwr6843/iwr6843_20260824_115406_329_025.l3dump,accepted,16.251464555403622,direct_only,medium,16.106451466063916,9,30,16.251464555403622,15.961438376724207,16.761741557934087,15.186136402017336
low_2.875in,0.073025,10.5,9Iron,good,,19.701999999999995,96.2251471032715,/Users/john.pacino/openflight_sessions/iwr6843/iwr6843_20260824_115406_329_025.l3dump,accepted,17.2978689240766,direct_only,medium,17.271779046383642,9,30,17.2978689240766,17.24568916869068,17.536272819979125,16.088805333708635
low_2.875in,0.073025,11.0,9Iron,good,,19.701999999999995,96.2251471032715,/Users/john.pacino/openflight_sessions/iwr6843/iwr6843_20260824_115406_329_025.l3dump,accepted,18.34972152029653,direct_only,high,18.36240224251228,9,30,18.34972152029653,18.382250356556224,18.37508296472803,17.010630148281983
low_2.875in,0.073025,11.5,9Iron,good,,19.701999999999995,96.2251471032715,/Users/john.pacino/openflight_sessions/iwr6843/iwr6843_20260824_115406_329_025.l3dump,accepted,19.407702193058626,direct_only,high,19.355514236123632,9,30,19.407702193058626,19.496865140680782,19.303326279188642,17.946944205383225
low_2.875in,0.073025,10.0,9Iron,good,,23.390999999999988,107.62960898217774,/Users/john.pacino/openflight_sessions/iwr6843/iwr6843_20260824_115438_061_026.l3dump,accepted,19.569486511014848,direct_only,high,19.7376586475708,9,32,19.569486511014848,19.905830784126753,20.401368923228684,14.76921738648041
low_2.875in,0.073025,10.5,9Iron,good,,23.390999999999988,107.62960898217774,/Users/john.pacino/openflight_sessions/iwr6843/iwr6843_20260824_115438_061_026.l3dump,accepted,20.71296194624927,direct_only,high,20.72533763735541,9,32,20.71296194624927,20.737713328461552,21.390254086163917,15.985569689562448
low_2.875in,0.073025,11.0,9Iron,good,,23.390999999999988,107.62960898217774,/Users/john.pacino/openflight_sessions/iwr6843/iwr6843_20260824_115438_061_026.l3dump,accepted,21.842540174572374,direct_only,high,22.020767156845274,9,32,21.842540174572374,22.198994139118174,22.327193864379165,17.207659978303038
low_2.875in,0.073025,11.5,9Iron,good,,23.390999999999988,107.62960898217774,/Users/john.pacino/openflight_sessions/iwr6843/iwr6843_20260824_115438_061_026.l3dump,accepted,23.024005495644733,direct_only,high,22.964688455316768,9,32,23.024005495644733,23.352745926575707,22.9053714149888,18.542006035749754
low_2.875in,0.073025,10.0,9Iron,shank,face_angle>=8,23.193000000000005,95.91967044580079,/Users/john.pacino/openflight_sessions/iwr6843/iwr6843_20260824_115508_005_027.l3dump,accepted,19.3469155178971,direct_only,high,17.571024346903716,8,26,19.3469155178971,18.86817727710153,16.2738714167059,16.117798799980108
low_2.875in,0.073025,10.5,9Iron,shank,face_angle>=8,23.193000000000005,95.91967044580079,/Users/john.pacino/openflight_sessions/iwr6843/iwr6843_20260824_115508_005_027.l3dump,accepted,20.44926745960278,direct_only,high,18.710867827843686,8,26,20.44926745960278,20.052675663533645,17.36905999215373,17.172937040844054
low_2.875in,0.073025,11.0,9Iron,shank,face_angle>=8,23.193000000000005,95.91967044580079,/Users/john.pacino/openflight_sessions/iwr6843/iwr6843_20260824_115508_005_027.l3dump,accepted,21.550009111846858,direct_only,high,20.004801488640545,8,26,21.550009111846858,21.324252881788347,18.68535009549274,18.27670197658699
low_2.875in,0.073025,11.5,9Iron,shank,face_angle>=8,23.193000000000005,95.91967044580079,/Users/john.pacino/openflight_sessions/iwr6843/iwr6843_20260824_115508_005_027.l3dump,accepted,22.621193895135725,direct_only,high,21.482438210348008,8,26,22.621193895135725,22.575130234447254,20.38974618624876,19.39764737109284
low_2.875in,0.073025,10.0,9Iron,good,,22.739999999999995,97.34522818066408,/Users/john.pacino/openflight_sessions/iwr6843/iwr6843_20260824_115540_522_028.l3dump,accepted,18.60128645238774,direct_only,high,18.66925452926168,10,36,18.60128645238774,18.737222606135614,19.010087150458464,18.192177947381644
low_2.875in,0.073025,10.5,9Iron,good,,22.739999999999995,97.34522818066408,/Users/john.pacino/openflight_sessions/iwr6843/iwr6843_20260824_115540_522_028.l3dump,accepted,19.64369988988289,direct_only,high,19.791096642115942,10,36,19.64369988988289,19.938493394348995,20.060120433475834,19.01176258038848
low_2.875in,0.073025,11.0,9Iron,good,,22.739999999999995,97.34522818066408,/Users/john.pacino/openflight_sessions/iwr6843/iwr6843_20260824_115540_522_028.l3dump,accepted,20.71009438457067,direct_only,high,20.849050137204074,10,36,20.71009438457067,20.988005889837478,21.07018175760243,19.692424927617004
low_2.875in,0.073025,11.5,9Iron,good,,22.739999999999995,97.34522818066408,/Users/john.pacino/openflight_sessions/iwr6843/iwr6843_20260824_115540_522_028.l3dump,accepted,21.779469760707258,direct_only,high,21.867355776856904,10,36,21.779469760707258,21.95524179300655,22.047201202577572,20.613634116387832
low_2.875in,0.073025,10.0,9Iron,good,,18.903999999999975,94.59593826342774,/Users/john.pacino/openflight_sessions/iwr6843/iwr6843_20260824_115609_916_029.l3dump,accepted,12.113233656450989,direct_only,medium,11.425831603650312,8,30,12.113233656450989,9.944255085602723,13.510906105516451,10.738429550849638
low_2.875in,0.073025,10.5,9Iron,good,,18.903999999999975,94.59593826342774,/Users/john.pacino/openflight_sessions/iwr6843/iwr6843_20260824_115609_916_029.l3dump,accepted,13.314530555356194,direct_only,high,12.504090588757421,8,30,13.314530555356194,11.345083974732734,14.062450334299164,11.693650622158648
low_2.875in,0.073025,11.0,9Iron,good,,18.903999999999975,94.59593826342774,/Users/john.pacino/openflight_sessions/iwr6843/iwr6843_20260824_115609_916_029.l3dump,accepted,14.511487035528967,direct_only,high,13.675379713393038,8,30,14.511487035528967,12.839272391257108,14.703047271659418,12.681099011464463
low_2.875in,0.073025,11.5,9Iron,good,,18.903999999999975,94.59593826342774,/Users/john.pacino/openflight_sessions/iwr6843/iwr6843_20260824_115609_916_029.l3dump,accepted,15.703421213736382,direct_only,high,14.895400875293642,8,30,15.703421213736382,14.159805601030797,15.630996149556488,13.693632214529153
high_5.25in,0.13335,10.0,9Iron,good,,22.89699999999999,100.80729696533204,/Users/john.pacino/openflight_sessions/iwr6843/iwr6843_20260824_120408_601_001.l3dump,accepted,23.198683141969116,reciprocal3_no_tdm,medium,21.321662207717832,10,32,21.23371855894392,21.409605856491744,23.198683141969116,19.475096265683558
high_5.25in,0.13335,10.5,9Iron,good,,22.89699999999999,100.80729696533204,/Users/john.pacino/openflight_sessions/iwr6843/iwr6843_20260824_120408_601_001.l3dump,accepted,23.97697327170575,reciprocal3_no_tdm,medium,22.42232242639944,10,32,22.204128736601042,22.640516116197837,23.97697327170575,20.104651532327246
high_5.25in,0.13335,11.0,9Iron,good,,22.89699999999999,100.80729696533204,/Users/john.pacino/openflight_sessions/iwr6843/iwr6843_20260824_120408_601_001.l3dump,accepted,21.004322251077213,four4_path_tdm,medium,23.388725099256554,10,32,23.171165735198056,23.60628446331505,24.79343952858618,21.004322251077213
high_5.25in,0.13335,11.5,9Iron,good,,22.89699999999999,100.80729696533204,/Users/john.pacino/openflight_sessions/iwr6843/iwr6843_20260824_120408_601_001.l3dump,accepted,21.91135933442733,four4_path_tdm,medium,24.259668668965794,10,32,24.134788414417564,24.384548923514025,24.86003562813201,21.91135933442733
high_5.25in,0.13335,10.0,9Iron,good,,23.125999999999994,94.29046160595705,/Users/john.pacino/openflight_sessions/iwr6843/iwr6843_20260824_120539_800_002.l3dump,accepted,22.235927687939284,reciprocal3_no_tdm,medium,22.153696414239647,11,38,21.437485065529767,22.09197550959028,22.235927687939284,22.21541731888901
high_5.25in,0.13335,10.5,9Iron,good,,23.125999999999994,94.29046160595705,/Users/john.pacino/openflight_sessions/iwr6843/iwr6843_20260824_120539_800_002.l3dump,accepted,23.248932771907466,reciprocal3_no_tdm,low,22.969423961633588,11,38,22.422691253735994,23.13823056716296,23.248932771907466,22.800617356104215
high_5.25in,0.13335,11.0,9Iron,good,,23.125999999999994,94.29046160595705,/Users/john.pacino/openflight_sessions/iwr6843/iwr6843_20260824_120539_800_002.l3dump,accepted,23.438409102714747,four4_path_tdm,low,23.78648724554187,11,38,23.40401366779902,24.13456538836899,24.176421432637465,23.438409102714747
high_5.25in,0.13335,11.5,9Iron,good,,23.125999999999994,94.29046160595705,/Users/john.pacino/openflight_sessions/iwr6843/iwr6843_20260824_120539_800_002.l3dump,accepted,23.94487976096906,four4_path_tdm,medium,24.695141101194128,11,38,24.39018579501476,25.000096407373498,25.34348878218317,23.94487976096906
high_5.25in,0.13335,10.0,9Iron,good,,21.408000000000012,99.7890414404297,/Users/john.pacino/openflight_sessions/iwr6843/iwr6843_20260824_120615_852_003.l3dump,accepted,11.529601626412022,four4_path_tdm,medium,16.871294469979517,9,28,18.09482889182312,17.50711754912866,16.235471390830373,11.529601626412022
high_5.25in,0.13335,10.5,9Iron,good,,21.408000000000012,99.7890414404297,/Users/john.pacino/openflight_sessions/iwr6843/iwr6843_20260824_120615_852_003.l3dump,accepted,12.102721412495846,four4_path_tdm,medium,18.35544211711494,9,28,19.11314788484803,18.753662893859495,17.957221340370385,12.102721412495846
high_5.25in,0.13335,11.0,9Iron,good,,21.408000000000012,99.7890414404297,/Users/john.pacino/openflight_sessions/iwr6843/iwr6843_20260824_120615_852_003.l3dump,accepted,12.632024935050353,four4_path_tdm,high,19.44275828516892,9,28,20.011762557645678,19.816061647702625,19.06945492263522,12.632024935050353
high_5.25in,0.13335,11.5,9Iron,good,,21.408000000000012,99.7890414404297,/Users/john.pacino/openflight_sessions/iwr6843/iwr6843_20260824_120615_852_003.l3dump,accepted,13.421119110165327,four4_path_tdm,medium,20.453756018563006,9,28,21.017969721953897,20.860328958307065,20.047183078818946,13.421119110165327
high_5.25in,0.13335,10.0,9Iron,good,,20.792000000000005,106.6113534572754,/Users/john.pacino/openflight_sessions/iwr6843/iwr6843_20260824_120638_798_004.l3dump,accepted,20.782267523290393,direct_only,low,20.505623560080885,10,33,20.782267523290393,20.22897959687138,21.164549231947355,17.80613800469809
high_5.25in,0.13335,10.5,9Iron,good,,20.792000000000005,106.6113534572754,/Users/john.pacino/openflight_sessions/iwr6843/iwr6843_20260824_120638_798_004.l3dump,accepted,18.63562385898945,four4_path_tdm,low,21.275469112507572,10,33,21.2433628490293,21.30757537598585,21.47728051220665,18.63562385898945
high_5.25in,0.13335,11.0,9Iron,good,,20.792000000000005,106.6113534572754,/Users/john.pacino/openflight_sessions/iwr6843/iwr6843_20260824_120638_798_004.l3dump,accepted,19.79651733070798,four4_path_tdm,low,22.221099222088355,10,33,22.14573663513686,22.362815096048344,22.29646180903985,19.79651733070798
high_5.25in,0.13335,11.5,9Iron,good,,20.792000000000005,106.6113534572754,/Users/john.pacino/openflight_sessions/iwr6843/iwr6843_20260824_120638_798_004.l3dump,accepted,20.64297520526005,four4_path_tdm,low,23.16801411757728,10,33,23.060617374513917,23.39686992185008,23.275410860640637,20.64297520526005
high_5.25in,0.13335,10.0,9Iron,good,,15.137000000000002,87.87545179907228,/Users/john.pacino/openflight_sessions/iwr6843/iwr6843_20260824_120707_478_005.l3dump,accepted,6.537937032414434,two8,medium,10.787690392721721,8,29,8.5573386317228,6.537937032414434,16.571915583102413,13.018042153720641
high_5.25in,0.13335,10.5,9Iron,good,,15.137000000000002,87.87545179907228,/Users/john.pacino/openflight_sessions/iwr6843/iwr6843_20260824_120707_478_005.l3dump,accepted,13.584563526335742,four4_path_tdm,low,11.567896711764668,8,29,9.551229897193595,7.6950838329099955,16.924138604925684,13.584563526335742
high_5.25in,0.13335,11.0,9Iron,good,,15.137000000000002,87.87545179907228,/Users/john.pacino/openflight_sessions/iwr6843/iwr6843_20260824_120707_478_005.l3dump,accepted,14.255731421079826,four4_path_tdm,low,12.54167037243594,8,29,10.827609323792053,8.806904194809322,17.259430057272755,14.255731421079826
high_5.25in,0.13335,11.5,9Iron,good,,15.137000000000002,87.87545179907228,/Users/john.pacino/openflight_sessions/iwr6843/iwr6843_20260824_120707_478_005.l3dump,accepted,14.965099026903491,four4_path_tdm,low,13.473586981998839,8,29,11.982074937094186,9.994329093871324,17.63428093041126,14.965099026903491
high_5.25in,0.13335,10.0,9Iron,good,,21.271999999999995,99.89086699291994,/Users/john.pacino/openflight_sessions/iwr6843/iwr6843_20260824_120724_299_006.l3dump,accepted,19.362345971085347,direct_only,medium,19.236060158598367,9,32,19.362345971085347,19.161573998320478,19.310546318876256,17.34894884302612
high_5.25in,0.13335,10.5,9Iron,good,,21.271999999999995,99.89086699291994,/Users/john.pacino/openflight_sessions/iwr6843/iwr6843_20260824_120724_299_006.l3dump,accepted,20.228786310902247,direct_only,medium,19.890812261879425,9,32,20.228786310902247,20.280436382297612,19.5528382128566,18.105280588954717
high_5.25in,0.13335,11.0,9Iron,good,,21.271999999999995,99.89086699291994,/Users/john.pacino/openflight_sessions/iwr6843/iwr6843_20260824_120724_299_006.l3dump,accepted,21.01654765600979,direct_only,medium,20.686010150071482,9,32,21.01654765600979,21.29670652644369,20.35547264413317,18.809866332978398
high_5.25in,0.13335,11.5,9Iron,good,,21.271999999999995,99.89086699291994,/Users/john.pacino/openflight_sessions/iwr6843/iwr6843_20260824_120724_299_006.l3dump,accepted,21.212642639307624,reciprocal3_no_tdm,medium,21.553214291468084,9,32,21.893785943628544,22.33913192452783,21.212642639307624,17.390176164181455
high_5.25in,0.13335,10.0,9Iron,good,,22.065000000000005,107.62960898217774,/Users/john.pacino/openflight_sessions/iwr6843/iwr6843_20260824_120746_889_007.l3dump,accepted,20.55324982420466,reciprocal3_no_tdm,medium,20.412216005027123,10,35,20.43795556702788,20.386476443026364,20.55324982420466,20.098696802062882
high_5.25in,0.13335,10.5,9Iron,good,,22.065000000000005,107.62960898217774,/Users/john.pacino/openflight_sessions/iwr6843/iwr6843_20260824_120746_889_007.l3dump,accepted,21.676228669342365,reciprocal3_no_tdm,medium,21.38377516171787,10,35,21.3415026434594,21.426047679976346,21.676228669342365,20.409827090902343
high_5.25in,0.13335,11.0,9Iron,good,,22.065000000000005,107.62960898217774,/Users/john.pacino/openflight_sessions/iwr6843/iwr6843_20260824_120746_889_007.l3dump,accepted,22.581775349084214,reciprocal3_no_tdm,medium,22.40616826289275,10,35,22.241577134682636,22.570759391102865,22.581775349084214,20.52622865444126
high_5.25in,0.13335,11.5,9Iron,good,,22.065000000000005,107.62960898217774,/Users/john.pacino/openflight_sessions/iwr6843/iwr6843_20260824_120746_889_007.l3dump,accepted,23.47691104440521,reciprocal3_no_tdm,medium,23.306243424014593,10,35,23.135575803623976,23.594701440440453,23.47691104440521,20.545886126110396
high_5.25in,0.13335,10.0,9Iron,good,,21.045,99.17808812548829,/Users/john.pacino/openflight_sessions/iwr6843/iwr6843_20260824_120814_285_008.l3dump,accepted,16.73817961221104,direct_only,medium,17.929627570871304,7,27,16.73817961221104,13.417745358135713,21.46163813247761,19.121075529531563
high_5.25in,0.13335,10.5,9Iron,good,,21.045,99.17808812548829,/Users/john.pacino/openflight_sessions/iwr6843/iwr6843_20260824_120814_285_008.l3dump,accepted,17.854357692801255,direct_only,medium,18.47476582992433,7,27,17.854357692801255,17.201980342825316,22.02732410756873,19.09517396704741
high_5.25in,0.13335,11.0,9Iron,good,,21.045,99.17808812548829,/Users/john.pacino/openflight_sessions/iwr6843/iwr6843_20260824_120814_285_008.l3dump,accepted,18.968743575315145,direct_only,medium,19.12069511715827,7,27,18.968743575315145,18.737362892682885,22.7846485046394,19.272646659001392
high_5.25in,0.13335,11.5,9Iron,good,,21.045,99.17808812548829,/Users/john.pacino/openflight_sessions/iwr6843/iwr6843_20260824_120814_285_008.l3dump,accepted,20.086537849314908,direct_only,medium,20.15189434274717,7,27,20.086537849314908,20.21725083617943,23.320858727377907,19.737983082107924
high_5.25in,0.13335,10.0,9Iron,good,,23.75,99.38173923046877,/Users/john.pacino/openflight_sessions/iwr6843/iwr6843_20260824_120840_278_009.l3dump,accepted,23.854855143143457,direct_only,high,22.899994395493408,8,28,23.854855143143457,23.424417330250318,22.375571460736502,20.2577340250277
high_5.25in,0.13335,10.5,9Iron,good,,23.75,99.38173923046877,/Users/john.pacino/openflight_sessions/iwr6843/iwr6843_20260824_120840_278_009.l3dump,accepted,24.877816493285533,direct_only,high,23.94297697405727,8,28,24.877816493285533,24.560299940944958,23.325654007169582,21.439031971432104
high_5.25in,0.13335,11.0,9Iron,good,,23.75,99.38173923046877,/Users/john.pacino/openflight_sessions/iwr6843/iwr6843_20260824_120840_278_009.l3dump,accepted,25.869106507606872,direct_only,high,24.960855245312125,8,28,25.869106507606872,25.622494333770426,24.299216156853827,22.22269034627852
high_5.25in,0.13335,11.5,9Iron,good,,23.75,99.38173923046877,/Users/john.pacino/openflight_sessions/iwr6843/iwr6843_20260824_120840_278_009.l3dump,accepted,26.841072102351472,direct_only,high,26.020473028599756,8,28,26.841072102351472,26.643847170998,25.397098886201512,23.086954499251615
high_5.25in,0.13335,10.0,9Iron,good,,20.669999999999998,106.40770235229493,/Users/john.pacino/openflight_sessions/iwr6843/iwr6843_20260824_120913_402_010.l3dump,accepted,16.25952971112133,four4_path_tdm,low,18.01298319261067,9,28,18.30054215939641,17.725424225824923,18.983857904292798,16.25952971112133
high_5.25in,0.13335,10.5,9Iron,good,,20.669999999999998,106.40770235229493,/Users/john.pacino/openflight_sessions/iwr6843/iwr6843_20260824_120913_402_010.l3dump,accepted,16.825205483071347,four4_path_tdm,low,19.018668384340785,9,28,19.21672611107364,18.820610657607926,19.85968385287676,16.825205483071347
high_5.25in,0.13335,11.0,9Iron,good,,20.669999999999998,106.40770235229493,/Users/john.pacino/openflight_sessions/iwr6843/iwr6843_20260824_120913_402_010.l3dump,accepted,17.40638995321559,four4_path_tdm,low,20.023245117184203,9,28,20.135701218423034,19.910789015945376,20.414930181370817,17.40638995321559
high_5.25in,0.13335,11.5,9Iron,good,,20.669999999999998,106.40770235229493,/Users/john.pacino/openflight_sessions/iwr6843/iwr6843_20260824_120913_402_010.l3dump,accepted,18.051523624713944,four4_path_tdm,medium,20.983990510450962,9,28,21.018935801157856,20.949045219744068,21.520866754652204,18.051523624713944
high_5.25in,0.13335,10.0,9Iron,good,,24.896999999999984,95.41054268334962,/Users/john.pacino/openflight_sessions/iwr6843/iwr6843_20260824_120934_201_011.l3dump,accepted,21.50956260484129,reciprocal3_no_tdm,medium,21.8644745774872,8,24,22.219386550133112,22.444561115734718,21.50956260484129,21.41227495768453
high_5.25in,0.13335,10.5,9Iron,good,,24.896999999999984,95.41054268334962,/Users/john.pacino/openflight_sessions/iwr6843/iwr6843_20260824_120934_201_011.l3dump,accepted,22.397696063141254,reciprocal3_no_tdm,medium,22.788760960945226,8,24,23.1798258587492,23.479993555624766,22.397696063141254,22.08752664448131
high_5.25in,0.13335,11.0,9Iron,good,,24.896999999999984,95.41054268334962,/Users/john.pacino/openflight_sessions/iwr6843/iwr6843_20260824_120934_201_011.l3dump,accepted,22.78429839417327,four4_path_tdm,medium,23.80004391045717,8,24,24.135961504125728,24.474432548516887,23.464126316788608,22.78429839417327
high_5.25in,0.13335,11.5,9Iron,good,,24.896999999999984,95.41054268334962,/Users/john.pacino/openflight_sessions/iwr6843/iwr6843_20260824_120934_201_011.l3dump,accepted,24.394278105389336,reciprocal3_no_tdm,medium,24.741069099529916,8,24,25.0878600936705,25.531693905489266,24.394278105389336,23.493002176282655
high_5.25in,0.13335,10.0,9Iron,shank,face_angle>=8,18.14899999999999,92.25395055615236,/Users/john.pacino/openflight_sessions/iwr6843/iwr6843_20260824_120958_896_012.l3dump,accepted,-1.3314753850076249,two8,high,12.742548221932744,9,32,7.345708154969095,-1.3314753850076249,18.13938828889639,18.36813477691213
high_5.25in,0.13335,10.5,9Iron,shank,face_angle>=8,18.14899999999999,92.25395055615236,/Users/john.pacino/openflight_sessions/iwr6843/iwr6843_20260824_120958_896_012.l3dump,accepted,-1.0387649027182941,two8,high,13.448474264284142,9,32,8.596486440191601,-1.0387649027182941,18.489024742714314,18.300462088376683
high_5.25in,0.13335,11.0,9Iron,shank,face_angle>=8,18.14899999999999,92.25395055615236,/Users/john.pacino/openflight_sessions/iwr6843/iwr6843_20260824_120958_896_012.l3dump,accepted,18.410455241263158,four4_path_tdm,low,14.122838245185283,9,32,9.83522124910741,-0.5303508640955314,18.81326303067564,18.410455241263158
high_5.25in,0.13335,11.5,9Iron,shank,face_angle>=8,18.14899999999999,92.25395055615236,/Users/john.pacino/openflight_sessions/iwr6843/iwr6843_20260824_120958_896_012.l3dump,accepted,18.82305577043814,four4_path_tdm,low,14.941827701984224,9,32,11.06059963353031,1.8255158375710914,19.100673922413595,18.82305577043814
high_5.25in,0.13335,10.0,9Iron,good,,21.017999999999997,106.71317900976564,/Users/john.pacino/openflight_sessions/iwr6843/iwr6843_20260824_121024_299_013.l3dump,accepted,20.62027304086197,reciprocal3_no_tdm,medium,16.169111983433783,8,29,16.153606941778097,15.146835237648855,20.62027304086197,16.18461702508947
high_5.25in,0.13335,10.5,9Iron,good,,21.017999999999997,106.71317900976564,/Users/john.pacino/openflight_sessions/iwr6843/iwr6843_20260824_121024_299_013.l3dump,accepted,21.461739686005103,reciprocal3_no_tdm,medium,16.935932386197386,8,29,17.13951130070258,16.69608265159174,21.461739686005103,16.732353471692196
high_5.25in,0.13335,11.0,9Iron,good,,21.017999999999997,106.71317900976564,/Users/john.pacino/openflight_sessions/iwr6843/iwr6843_20260824_121024_299_013.l3dump,accepted,22.007632692365906,reciprocal3_no_tdm,medium,18.199151750918915,8,29,18.157422085627807,18.24088141621002,22.007632692365906,17.40193206570802
high_5.25in,0.13335,11.5,9Iron,good,,21.017999999999997,106.71317900976564,/Users/john.pacino/openflight_sessions/iwr6843/iwr6843_20260824_121024_299_013.l3dump,accepted,22.762181937156555,reciprocal3_no_tdm,medium,19.440759392553787,8,29,19.19015906205012,19.69135972305745,22.762181937156555,18.058080858917304
high_5.25in,0.13335,10.0,9Iron,good,,22.69499999999999,101.01094807031251,/Users/john.pacino/openflight_sessions/iwr6843/iwr6843_20260824_121049_233_014.l3dump,accepted,21.55509168282015,direct_only,high,20.120803760856468,7,25,21.55509168282015,21.41896193651507,18.822645585197865,16.343301743340884
high_5.25in,0.13335,10.5,9Iron,good,,22.69499999999999,101.01094807031251,/Users/john.pacino/openflight_sessions/iwr6843/iwr6843_20260824_121049_233_014.l3dump,accepted,22.609139191928975,direct_only,high,21.365215861336004,7,25,22.609139191928975,22.498076767454585,20.232354955217424,17.90272684477919
high_5.25in,0.13335,11.0,9Iron,good,,22.69499999999999,101.01094807031251,/Users/john.pacino/openflight_sessions/iwr6843/iwr6843_20260824_121049_233_014.l3dump,accepted,23.63113479775034,direct_only,high,22.634524089432873,7,25,23.63113479775034,23.587973808195205,21.68107437067054,18.990158489564926
high_5.25in,0.13335,11.5,9Iron,good,,22.69499999999999,101.01094807031251,/Users/john.pacino/openflight_sessions/iwr6843/iwr6843_20260824_121049_233_014.l3dump,accepted,24.648929556774128,direct_only,high,23.90420874470186,7,25,24.648929556774128,24.597273789906875,23.211143699496848,20.116375917090277
high_5.25in,0.13335,10.0,9Iron,good,,21.487999999999992,102.13102914770509,/Users/john.pacino/openflight_sessions/iwr6843/iwr6843_20260824_121116_485_015.l3dump,accepted,20.136013798109293,direct_only,high,20.204486876301644,8,28,20.136013798109293,19.753445680547582,21.1332941700705,20.272959954494
high_5.25in,0.13335,10.5,9Iron,good,,21.487999999999992,102.13102914770509,/Users/john.pacino/openflight_sessions/iwr6843/iwr6843_20260824_121116_485_015.l3dump,accepted,21.167991856797293,direct_only,high,20.89344682607573,8,28,21.167991856797293,20.618901795354166,23.00877373797901,19.687229816536494
high_5.25in,0.13335,11.0,9Iron,good,,21.487999999999992,102.13102914770509,/Users/john.pacino/openflight_sessions/iwr6843/iwr6843_20260824_121116_485_015.l3dump,accepted,22.0770064984713,direct_only,high,21.71894852035011,8,28,22.0770064984713,21.360890542228926,23.734414427127298,20.326117862616652
high_5.25in,0.13335,11.5,9Iron,good,,21.487999999999992,102.13102914770509,/Users/john.pacino/openflight_sessions/iwr6843/iwr6843_20260824_121116_485_015.l3dump,accepted,22.759464083552274,direct_only,high,22.467723923784078,8,28,22.759464083552274,22.17598376401588,24.327392219261302,21.167990749426448
high_5.25in,0.13335,10.0,9Iron,good,,22.95899999999999,102.64015691015626,/Users/john.pacino/openflight_sessions/iwr6843/iwr6843_20260824_121144_793_016.l3dump,accepted,21.27821470731198,direct_only,medium,21.33541957855151,10,30,21.27821470731198,21.39262444979104,20.127641352536312,21.514194609453423
high_5.25in,0.13335,10.5,9Iron,good,,22.95899999999999,102.64015691015626,/Users/john.pacino/openflight_sessions/iwr6843/iwr6843_20260824_121144_793_016.l3dump,accepted,22.223057510915282,direct_only,medium,22.352270685375718,10,30,22.223057510915282,22.491620789037732,21.153512607951335,22.481483859836153
high_5.25in,0.13335,11.0,9Iron,good,,22.95899999999999,102.64015691015626,/Users/john.pacino/openflight_sessions/iwr6843/iwr6843_20260824_121144_793_016.l3dump,accepted,23.160963445196714,direct_only,medium,23.206190758534014,10,30,23.160963445196714,23.5938030303657,21.976559074309375,23.251418071871317
high_5.25in,0.13335,11.5,9Iron,good,,22.95899999999999,102.64015691015626,/Users/john.pacino/openflight_sessions/iwr6843/iwr6843_20260824_121144_793_016.l3dump,accepted,24.093368658113853,direct_only,low,24.059218885365244,10,30,24.093368658113853,24.584924436768095,22.544887179613305,24.025069112616634
high_5.25in,0.13335,10.0,5Iron,good,,12.645999999999962,109.36064337451172,/Users/john.pacino/openflight_sessions/iwr6843/iwr6843_20260824_121226_625_017.l3dump,accepted,8.820044648022,direct_only,high,10.112654240559436,8,27,8.820044648022,6.81640984406139,12.83544185455259,11.405263833096875
high_5.25in,0.13335,10.5,5Iron,good,,12.645999999999962,109.36064337451172,/Users/john.pacino/openflight_sessions/iwr6843/iwr6843_20260824_121226_625_017.l3dump,accepted,9.876506632594095,direct_only,high,10.8950193400267,8,27,9.876506632594095,8.008402393398724,13.289763808882132,11.913532047459304
high_5.25in,0.13335,11.0,5Iron,good,,12.645999999999962,109.36064337451172,/Users/john.pacino/openflight_sessions/iwr6843/iwr6843_20260824_121226_625_017.l3dump,accepted,10.92832588680079,direct_only,high,11.708663294907115,8,27,10.92832588680079,9.203111429375962,13.77378197299957,12.489000703013442
high_5.25in,0.13335,11.5,5Iron,good,,12.645999999999962,109.36064337451172,/Users/john.pacino/openflight_sessions/iwr6843/iwr6843_20260824_121226_625_017.l3dump,accepted,11.96622142148593,direct_only,medium,12.5596847362387,8,27,11.96622142148593,10.383728202117451,14.288956720784988,13.153148050991469
high_5.25in,0.13335,10.0,5Iron,good,,12.951000000000041,124.02352293310548,/Users/john.pacino/openflight_sessions/iwr6843/iwr6843_20260824_121250_800_018.l3dump,accepted,6.852776325353031,direct_only,high,8.701891185753814,7,26,6.852776325353031,5.035981465330162,11.383749867741457,10.551006046154596
high_5.25in,0.13335,10.5,5Iron,good,,12.951000000000041,124.02352293310548,/Users/john.pacino/openflight_sessions/iwr6843/iwr6843_20260824_121250_800_018.l3dump,accepted,8.007168354892439,direct_only,high,9.739209527489002,7,26,8.007168354892439,7.105534325099363,12.039662921615882,11.471250700085568
high_5.25in,0.13335,11.0,5Iron,good,,12.951000000000041,124.02352293310548,/Users/john.pacino/openflight_sessions/iwr6843/iwr6843_20260824_121250_800_018.l3dump,accepted,9.159926790923974,direct_only,high,10.79461538610176,7,26,9.159926790923974,8.293488455843596,12.841065403076854,12.429303981279547
high_5.25in,0.13335,11.5,5Iron,good,,12.951000000000041,124.02352293310548,/Users/john.pacino/openflight_sessions/iwr6843/iwr6843_20260824_121250_800_018.l3dump,accepted,10.309869068742506,direct_only,high,11.83707863721268,7,26,10.309869068742506,9.525148686046812,13.67065491867409,13.364288205682858
high_5.25in,0.13335,10.0,5Iron,good,,14.73399999999999,121.27423301586916,/Users/john.pacino/openflight_sessions/iwr6843/iwr6843_20260824_121317_498_019.l3dump,accepted,7.792847911348829,direct_only,high,11.428938457533043,5,20,7.792847911348829,7.363865467662041,19.43708623253734,15.065029003717255
high_5.25in,0.13335,10.5,5Iron,good,,14.73399999999999,121.27423301586916,/Users/john.pacino/openflight_sessions/iwr6843/iwr6843_20260824_121317_498_019.l3dump,accepted,9.094158678388167,direct_only,high,12.318338887301069,5,20,9.094158678388167,8.542399947131308,19.56028713069193,15.54251909621397
high_5.25in,0.13335,11.0,5Iron,good,,14.73399999999999,121.27423301586916,/Users/john.pacino/openflight_sessions/iwr6843/iwr6843_20260824_121317_498_019.l3dump,accepted,10.394615221741724,direct_only,high,13.324365899841508,5,20,10.394615221741724,9.76891008379128,19.75265370398387,16.254116577941293
high_5.25in,0.13335,11.5,5Iron,good,,14.73399999999999,121.27423301586916,/Users/john.pacino/openflight_sessions/iwr6843/iwr6843_20260824_121317_498_019.l3dump,accepted,11.660827405620962,direct_only,high,14.267619061893686,5,20,11.660827405620962,10.922297850469233,19.997963383274826,16.874410718166413
high_5.25in,0.13335,10.0,5Iron,good,,13.445999999999975,114.65557210400392,/Users/john.pacino/openflight_sessions/iwr6843/iwr6843_20260824_121350_078_020.l3dump,accepted,7.070802707045748,direct_only,medium,7.077271136267547,7,28,7.070802707045748,7.0837395654893465,14.382358709884187,4.579935797426239
high_5.25in,0.13335,10.5,5Iron,good,,13.445999999999975,114.65557210400392,/Users/john.pacino/openflight_sessions/iwr6843/iwr6843_20260824_121350_078_020.l3dump,accepted,8.386354538990753,direct_only,medium,8.216525584276823,7,28,8.386354538990753,8.046696629562891,14.738600366461238,3.1436485485421946
high_5.25in,0.13335,11.0,5Iron,good,,13.445999999999975,114.65557210400392,/Users/john.pacino/openflight_sessions/iwr6843/iwr6843_20260824_121350_078_020.l3dump,accepted,9.64849498552668,direct_only,medium,9.486729802228496,7,28,9.64849498552668,9.32496461893031,15.61593450851063,4.598485660718503
high_5.25in,0.13335,11.5,5Iron,good,,13.445999999999975,114.65557210400392,/Users/john.pacino/openflight_sessions/iwr6843/iwr6843_20260824_121350_078_020.l3dump,accepted,10.938631627827775,direct_only,high,10.763233468908577,7,28,10.938631627827775,10.587835309989378,16.06724666528107,4.984053875780269
high_5.25in,0.13335,10.0,5Iron,good,,14.641999999999975,112.92453771166993,/Users/john.pacino/openflight_sessions/iwr6843/iwr6843_20260824_121425_990_021.l3dump,accepted,11.38836496225435,direct_only,high,12.196315118553297,7,26,11.38836496225435,10.323980657778687,13.004265274852244,14.605833339582519
high_5.25in,0.13335,10.5,5Iron,good,,14.641999999999975,112.92453771166993,/Users/john.pacino/openflight_sessions/iwr6843/iwr6843_20260824_121425_990_021.l3dump,accepted,12.571317282425024,direct_only,high,13.246496698938758,7,26,12.571317282425024,11.747345657293593,13.921676115452492,15.237006003119896
high_5.25in,0.13335,11.0,5Iron,good,,14.641999999999975,112.92453771166993,/Users/john.pacino/openflight_sessions/iwr6843/iwr6843_20260824_121425_990_021.l3dump,accepted,13.754232734995627,direct_only,high,14.34694320014787,7,26,13.754232734995627,13.247477911862115,14.93965366530011,15.80268904886847
high_5.25in,0.13335,11.5,5Iron,good,,14.641999999999975,112.92453771166993,/Users/john.pacino/openflight_sessions/iwr6843/iwr6843_20260824_121425_990_021.l3dump,accepted,14.937324143071454,direct_only,high,15.37856095066645,7,26,14.937324143071454,14.619905206140686,15.819797758261446,16.35471906000257
high_5.25in,0.13335,10.0,5Iron,good,,15.292999999999994,113.63731657910158,/Users/john.pacino/openflight_sessions/iwr6843/iwr6843_20260824_121452_248_022.l3dump,accepted,9.819122875317902,direct_only,high,8.178767335141508,6,22,9.819122875317902,6.538411794965115,11.82484344061068,4.362129565587106
high_5.25in,0.13335,10.5,5Iron,good,,15.292999999999994,113.63731657910158,/Users/john.pacino/openflight_sessions/iwr6843/iwr6843_20260824_121452_248_022.l3dump,accepted,11.050818036677331,direct_only,high,9.558053318777123,6,22,11.050818036677331,8.065288600876915,12.703467040473523,6.25107227520856
high_5.25in,0.13335,11.0,5Iron,good,,15.292999999999994,113.63731657910158,/Users/john.pacino/openflight_sessions/iwr6843/iwr6843_20260824_121452_248_022.l3dump,accepted,12.251239389646406,direct_only,high,10.890086177739777,6,22,12.251239389646406,9.528932965833148,13.24731990208792,8.81027930062396
high_5.25in,0.13335,11.5,5Iron,good,,15.292999999999994,113.63731657910158,/Users/john.pacino/openflight_sessions/iwr6843/iwr6843_20260824_121452_248_022.l3dump,accepted,13.44109718749277,direct_only,high,12.203093948907,6,22,13.44109718749277,10.96509071032123,14.25436488484729,10.48002230876233
high_5.25in,0.13335,10.0,5Iron,good,,12.148999999999976,121.37605856835938,/Users/john.pacino/openflight_sessions/iwr6843/iwr6843_20260824_121518_833_023.l3dump,accepted,8.744708138439057,direct_only,low,10.537694934631155,9,24,8.744708138439057,6.80329795899028,14.512993231100305,12.330681730823255
high_5.25in,0.13335,10.5,5Iron,good,,12.148999999999976,121.37605856835938,/Users/john.pacino/openflight_sessions/iwr6843/iwr6843_20260824_121518_833_023.l3dump,accepted,9.813457016102074,direct_only,low,11.519352242978789,9,24,9.813457016102074,8.050144709249286,14.849609313073643,13.225247469855503
high_5.25in,0.13335,11.0,5Iron,good,,12.148999999999976,121.37605856835938,/Users/john.pacino/openflight_sessions/iwr6843/iwr6843_20260824_121518_833_023.l3dump,accepted,10.877484780771994,direct_only,low,12.51452451016321,9,24,10.877484780771994,9.294018027196513,15.23196280703163,14.151564239554425
high_5.25in,0.13335,11.5,5Iron,good,,12.148999999999976,121.37605856835938,/Users/john.pacino/openflight_sessions/iwr6843/iwr6843_20260824_121518_833_023.l3dump,accepted,11.936693119730448,direct_only,low,13.794731160460454,9,24,11.936693119730448,10.52362677441187,15.652769201190463,16.562564984450145
high_5.25in,0.13335,10.0,5Iron,good,,13.886999999999997,109.76794558447267,/Users/john.pacino/openflight_sessions/iwr6843/iwr6843_20260824_121543_505_024.l3dump,accepted,9.851102021210304,direct_only,low,11.460184331339473,10,33,9.851102021210304,8.051756900099157,13.06926664146864,13.116003226946235
high_5.25in,0.13335,10.5,5Iron,good,,13.886999999999997,109.76794558447267,/Users/john.pacino/openflight_sessions/iwr6843/iwr6843_20260824_121543_505_024.l3dump,accepted,10.889740269607035,direct_only,low,12.173187335680474,10,33,10.889740269607035,9.763909810080303,13.456634401753915,13.880547827787135
high_5.25in,0.13335,11.0,5Iron,good,,13.886999999999997,109.76794558447267,/Users/john.pacino/openflight_sessions/iwr6843/iwr6843_20260824_121543_505_024.l3dump,accepted,11.90897854505113,direct_only,medium,13.082850861709428,10,33,11.90897854505113,10.726009730213828,14.256723178367727,14.545899611088014
high_5.25in,0.13335,11.5,5Iron,good,,13.886999999999997,109.76794558447267,/Users/john.pacino/openflight_sessions/iwr6843/iwr6843_20260824_121543_505_024.l3dump,accepted,12.91895296034119,direct_only,medium,13.973543253815256,10,33,12.91895296034119,12.320882591327686,15.028133547289322,15.31439244340232
high_5.25in,0.13335,10.0,5Iron,shank,face_angle>=8,0.669999999999999,112.92453771166993,/Users/john.pacino/openflight_sessions/iwr6843/iwr6843_20260824_121610_806_025.l3dump,accepted,-1.582819134281104,four4_path_tdm,high,-2.831424131069696,12,43,-4.080029127858288,-1.5768549022361131,-5.0,-1.582819134281104
high_5.25in,0.13335,10.5,5Iron,shank,face_angle>=8,0.669999999999999,112.92453771166993,/Users/john.pacino/openflight_sessions/iwr6843/iwr6843_20260824_121610_806_025.l3dump,accepted,-1.6317541767892259,four4_path_tdm,high,-2.3317453089802354,12,43,-3.031736441171245,-1.5197435777180817,-5.0,-1.6317541767892259
high_5.25in,0.13335,11.0,5Iron,shank,face_angle>=8,0.669999999999999,112.92453771166993,/Users/john.pacino/openflight_sessions/iwr6843/iwr6843_20260824_121610_806_025.l3dump,accepted,-1.664526595448242,four4_path_tdm,high,-1.8868709338001928,12,43,-2.1092152721521433,-1.5736355853780015,-5.0,-1.664526595448242
high_5.25in,0.13335,11.5,5Iron,shank,face_angle>=8,0.669999999999999,112.92453771166993,/Users/john.pacino/openflight_sessions/iwr6843/iwr6843_20260824_121610_806_025.l3dump,accepted,-1.69145605384788,four4_path_tdm,high,-1.6514027472483415,12,43,-1.1062830734284586,-1.6113494406488027,-5.0,-1.69145605384788
high_5.25in,0.13335,10.0,5Iron,good,,16.00899999999998,121.78336077832033,/Users/john.pacino/openflight_sessions/iwr6843/iwr6843_20260824_121634_869_026.l3dump,accepted,8.923853257980268,two8,medium,14.011931045760285,5,18,10.066839415194444,8.923853257980268,20.350320931549476,17.957022676326126
high_5.25in,0.13335,10.5,5Iron,good,,16.00899999999998,121.78336077832033,/Users/john.pacino/openflight_sessions/iwr6843/iwr6843_20260824_121634_869_026.l3dump,accepted,11.569034468200215,direct_only,medium,14.854093554547836,5,18,11.569034468200215,10.118842901313213,20.76262393077968,18.139152640895457
high_5.25in,0.13335,11.0,5Iron,good,,16.00899999999998,121.78336077832033,/Users/john.pacino/openflight_sessions/iwr6843/iwr6843_20260824_121634_869_026.l3dump,accepted,11.370621339569615,two8,medium,15.772360578816482,5,18,13.157145403251866,11.370621339569615,21.190410549184538,18.3875757543811
high_5.25in,0.13335,11.5,5Iron,good,,16.00899999999998,121.78336077832033,/Users/john.pacino/openflight_sessions/iwr6843/iwr6843_20260824_121634_869_026.l3dump,accepted,13.006828905988318,two8,medium,16.76022123030203,5,18,14.81629748859264,13.006828905988318,21.64324349852973,18.704144972011417
high_5.25in,0.13335,10.0,5Iron,good,,12.701999999999998,121.9870118833008,/Users/john.pacino/openflight_sessions/iwr6843/iwr6843_20260824_121700_622_027.l3dump,accepted,7.05481930251707,direct_only,high,6.589382424751973,6,22,7.05481930251707,5.684330825939381,7.340776273279977,6.123945546986875
high_5.25in,0.13335,10.5,5Iron,good,,12.701999999999998,121.9870118833008,/Users/john.pacino/openflight_sessions/iwr6843/iwr6843_20260824_121700_622_027.l3dump,accepted,8.197559270591697,direct_only,high,7.812065847966883,6,22,8.197559270591697,7.074757705618155,8.215563236818628,7.426572425342068
high_5.25in,0.13335,11.0,5Iron,good,,12.701999999999998,121.9870118833008,/Users/john.pacino/openflight_sessions/iwr6843/iwr6843_20260824_121700_622_027.l3dump,accepted,9.321401817171433,direct_only,high,8.912042450159088,6,22,9.321401817171433,8.421691898643818,9.106677515845652,8.717407384472523
high_5.25in,0.13335,11.5,5Iron,good,,12.701999999999998,121.9870118833008,/Users/john.pacino/openflight_sessions/iwr6843/iwr6843_20260824_121700_622_027.l3dump,accepted,10.460475516000352,direct_only,high,10.00112462479032,6,22,10.460475516000352,9.745302893527827,10.021744313058035,9.980504936522605
high_5.25in,0.13335,10.0,5Iron,good,,12.355000000000029,122.69979075073243,/Users/john.pacino/openflight_sessions/iwr6843/iwr6843_20260824_121728_185_028.l3dump,accepted,8.303787013064648,direct_only,low,7.801700905094186,8,26,8.303787013064648,5.8447241060446355,11.922463204329114,7.2996147971237235
high_5.25in,0.13335,10.5,5Iron,good,,12.355000000000029,122.69979075073243,/Users/john.pacino/openflight_sessions/iwr6843/iwr6843_20260824_121728_185_028.l3dump,accepted,9.397993106726554,direct_only,low,8.857478558536911,8,26,9.397993106726554,7.1452879439902315,12.017366335273211,8.31696401034727
high_5.25in,0.13335,11.0,5Iron,good,,12.355000000000029,122.69979075073243,/Users/john.pacino/openflight_sessions/iwr6843/iwr6843_20260824_121728_185_028.l3dump,accepted,10.49147716508836,direct_only,medium,9.744884592469855,8,26,10.49147716508836,8.375257941143596,12.535408838128518,8.998292019851348
high_5.25in,0.13335,11.5,5Iron,good,,12.355000000000029,122.69979075073243,/Users/john.pacino/openflight_sessions/iwr6843/iwr6843_20260824_121728_185_028.l3dump,accepted,11.581045647429551,direct_only,medium,10.609309235345945,8,26,11.581045647429551,9.591511829813756,13.244231037058201,9.637572823262339
high_5.25in,0.13335,10.0,5Iron,good,,13.308999999999976,119.44137307104494,/Users/john.pacino/openflight_sessions/iwr6843/iwr6843_20260824_121752_363_029.l3dump,accepted,7.158496251989691,direct_only,high,9.156506054034622,6,21,7.158496251989691,2.378200861459647,14.307995381539422,11.154515856079552
high_5.25in,0.13335,10.5,5Iron,good,,13.308999999999976,119.44137307104494,/Users/john.pacino/openflight_sessions/iwr6843/iwr6843_20260824_121752_363_029.l3dump,accepted,8.344435075472267,direct_only,high,9.961700791656284,6,21,8.344435075472267,4.253411208422232,14.60143898941984,11.578966507840303
high_5.25in,0.13335,11.0,5Iron,good,,13.308999999999976,119.44137307104494,/Users/john.pacino/openflight_sessions/iwr6843/iwr6843_20260824_121752_363_029.l3dump,accepted,9.502554914086403,direct_only,high,10.78181694837425,6,21,9.502554914086403,5.919988978807904,14.933561994696618,12.061078982662094
high_5.25in,0.13335,11.5,5Iron,good,,13.308999999999976,119.44137307104494,/Users/john.pacino/openflight_sessions/iwr6843/iwr6843_20260824_121752_363_029.l3dump,accepted,10.638953340370007,direct_only,high,11.61671354288908,6,21,10.638953340370007,7.50461337868022,15.307897256575128,12.594473745408155
high_5.25in,0.13335,10.0,5Iron,good,,15.307999999999982,120.05232638598633,/Users/john.pacino/openflight_sessions/iwr6843/iwr6843_20260824_121817_864_030.l3dump,accepted,18.081194683548766,four4_path_tdm,medium,12.403997248904256,7,24,6.726799814259746,4.687742081123419,18.297263326114155,18.081194683548766
high_5.25in,0.13335,10.5,5Iron,good,,15.307999999999982,120.05232638598633,/Users/john.pacino/openflight_sessions/iwr6843/iwr6843_20260824_121817_864_030.l3dump,accepted,18.21765686801221,four4_path_tdm,medium,13.06740453563982,7,24,7.91715220326743,5.55126287963079,18.595172418155297,18.21765686801221
high_5.25in,0.13335,11.0,5Iron,good,,15.307999999999982,120.05232638598633,/Users/john.pacino/openflight_sessions/iwr6843/iwr6843_20260824_121817_864_030.l3dump,accepted,18.399087732948193,four4_path_tdm,medium,13.748883251800613,7,24,9.098678770653036,6.475127495362599,18.927264794168924,18.399087732948193
high_5.25in,0.13335,11.5,5Iron,good,,15.307999999999982,120.05232638598633,/Users/john.pacino/openflight_sessions/iwr6843/iwr6843_20260824_121817_864_030.l3dump,accepted,18.630942972365098,four4_path_tdm,medium,14.45140892955499,7,24,10.271874886744884,7.4452710308512575,19.290226056610503,18.630942972365098
high_5.25in,0.13335,10.0,5Iron,good,,14.625999999999978,115.26652541894532,/Users/john.pacino/openflight_sessions/iwr6843/iwr6843_20260824_121837_765_031.l3dump,accepted,11.328722529223146,direct_only,high,13.171592729002931,7,25,11.328722529223146,5.773124038032913,15.875735293547402,15.014462928782718
high_5.25in,0.13335,10.5,5Iron,good,,14.625999999999978,115.26652541894532,/Users/john.pacino/openflight_sessions/iwr6843/iwr6843_20260824_121837_765_031.l3dump,accepted,12.448723271184127,direct_only,medium,13.872015705099702,7,25,12.448723271184127,7.097587820484291,16.475501276273956,15.295308139015276
high_5.25in,0.13335,11.0,5Iron,good,,14.625999999999978,115.26652541894532,/Users/john.pacino/openflight_sessions/iwr6843/iwr6843_20260824_121837_765_031.l3dump,accepted,13.50776693655991,direct_only,high,14.726906484726747,7,25,13.50776693655991,8.732779733772484,17.067175724285367,15.946046032893584
high_5.25in,0.13335,11.5,5Iron,good,,14.625999999999978,115.26652541894532,/Users/john.pacino/openflight_sessions/iwr6843/iwr6843_20260824_121837_765_031.l3dump,accepted,14.764516770889443,direct_only,high,15.708232471126317,7,25,14.764516770889443,10.200117770256762,18.02316971126396,16.65194817136319
low_2.875in,0.073025,10.0,5Iron,shank,launch_direction>=8,11.811000000000005,99.17808812548829,/Users/john.pacino/openflight_sessions/iwr6843/iwr6843_20260824_122030_056_001.l3dump,accepted,16.909917981205172,four4_path_tdm,medium,11.532112570524887,9,29,2.310197035918441,8.885086792642422,14.179138348407351,16.909917981205172
low_2.875in,0.073025,10.5,5Iron,shank,launch_direction>=8,11.811000000000005,99.17808812548829,/Users/john.pacino/openflight_sessions/iwr6843/iwr6843_20260824_122030_056_001.l3dump,accepted,17.028768968934056,four4_path_tdm,medium,11.744270623048127,9,29,3.4658161966897185,9.047319978462145,14.441221267634107,17.028768968934056
low_2.875in,0.073025,11.0,5Iron,shank,launch_direction>=8,11.811000000000005,99.17808812548829,/Users/john.pacino/openflight_sessions/iwr6843/iwr6843_20260824_122030_056_001.l3dump,accepted,17.087503948340153,four4_path_tdm,medium,11.951563632763023,9,29,4.623794701523001,9.15377445293067,14.749352812595378,17.087503948340153
low_2.875in,0.073025,11.5,5Iron,shank,launch_direction>=8,11.811000000000005,99.17808812548829,/Users/john.pacino/openflight_sessions/iwr6843/iwr6843_20260824_122030_056_001.l3dump,accepted,17.201486786951,four4_path_tdm,medium,12.164967655923913,9,29,5.78374250517258,9.421728885859524,14.908206425988304,17.201486786951
low_2.875in,0.073025,10.0,5Iron,good,,13.066999999999979,126.67098729785157,/Users/john.pacino/openflight_sessions/iwr6843/iwr6843_20260824_122048_417_002.l3dump,accepted,5.489786718928391,two8,low,6.715279121507869,6,24,4.846037640862579,5.489786718928391,12.570171090715277,7.9407715240873475
low_2.875in,0.073025,10.5,5Iron,good,,13.066999999999979,126.67098729785157,/Users/john.pacino/openflight_sessions/iwr6843/iwr6843_20260824_122048_417_002.l3dump,accepted,6.404809212735736,two8,low,7.9882811680161865,6,24,5.94647571436533,6.404809212735736,13.243310448438665,9.571753123296638
low_2.875in,0.073025,11.0,5Iron,good,,13.066999999999979,126.67098729785157,/Users/john.pacino/openflight_sessions/iwr6843/iwr6843_20260824_122048_417_002.l3dump,accepted,7.497028615165188,two8,low,9.22271278248385,6,24,7.052800391536336,7.497028615165188,13.88868768439884,10.948396949802513
low_2.875in,0.073025,11.5,5Iron,good,,13.066999999999979,126.67098729785157,/Users/john.pacino/openflight_sessions/iwr6843/iwr6843_20260824_122048_417_002.l3dump,accepted,8.79624818489754,two8,low,10.627389884603542,6,24,8.139321592195632,8.79624818489754,14.244037069291752,12.458531584309544
low_2.875in,0.073025,10.0,5Iron,good,,12.243999999999973,109.97159668945314,/Users/john.pacino/openflight_sessions/iwr6843/iwr6843_20260824_122118_819_003.l3dump,accepted,5.518215483368087,direct_only,medium,7.08718350679797,9,31,5.518215483368087,-5.0,11.715349265379666,8.656151530227852
low_2.875in,0.073025,10.5,5Iron,good,,12.243999999999973,109.97159668945314,/Users/john.pacino/openflight_sessions/iwr6843/iwr6843_20260824_122118_819_003.l3dump,accepted,12.244022317564403,reciprocal3_no_tdm,medium,7.975821253637569,9,31,6.673217675719909,5.484350026238119,12.244022317564403,9.27842483155523
low_2.875in,0.073025,11.0,5Iron,good,,12.243999999999973,109.97159668945314,/Users/john.pacino/openflight_sessions/iwr6843/iwr6843_20260824_122118_819_003.l3dump,accepted,7.9619753513281255,direct_only,medium,9.105064645675135,9,31,7.9619753513281255,6.795499957818056,12.751654789584533,10.248153940022146
low_2.875in,0.073025,11.5,5Iron,good,,12.243999999999973,109.97159668945314,/Users/john.pacino/openflight_sessions/iwr6843/iwr6843_20260824_122118_819_003.l3dump,accepted,9.176979507720029,direct_only,medium,10.331295692964757,9,31,9.176979507720029,8.108410413931889,13.381863109422975,11.485611878209484
low_2.875in,0.073025,10.0,5Iron,good,,14.141000000000004,119.3395475185547,/Users/john.pacino/openflight_sessions/iwr6843/iwr6843_20260824_122142_347_004.l3dump,accepted,5.672820588669548,direct_only,high,6.439416636999857,5,17,5.672820588669548,7.206012685330166,5.330397135951688,17.59340675802357
low_2.875in,0.073025,10.5,5Iron,good,,14.141000000000004,119.3395475185547,/Users/john.pacino/openflight_sessions/iwr6843/iwr6843_20260824_122142_347_004.l3dump,accepted,7.002173602077606,direct_only,high,6.728342197049105,5,17,7.002173602077606,8.174773312982547,6.454510792020603,-1.4937522883905032
low_2.875in,0.073025,11.0,5Iron,good,,14.141000000000004,119.3395475185547,/Users/john.pacino/openflight_sessions/iwr6843/iwr6843_20260824_122142_347_004.l3dump,accepted,8.328215444630697,direct_only,high,7.969172345659162,5,17,8.328215444630697,9.192697133035331,7.6101292466876265,-1.4598660655365312
low_2.875in,0.073025,11.5,5Iron,good,,14.141000000000004,119.3395475185547,/Users/john.pacino/openflight_sessions/iwr6843/iwr6843_20260824_122142_347_004.l3dump,accepted,9.650695658910807,direct_only,high,9.21691320034677,5,17,9.650695658910807,10.050541643312402,8.783130741782731,-1.4213887293339018
low_2.875in,0.073025,10.0,5Iron,shank,face_angle>=8,2.005999999999998,116.3866064963379,/Users/john.pacino/openflight_sessions/iwr6843/iwr6843_20260824_122204_491_005.l3dump,accepted,-1.9791416975822447,two8,high,4.539875342520123,6,23,-2.169624753023794,-1.9791416975822447,11.05889238262249,11.258820797587816
low_2.875in,0.073025,10.5,5Iron,shank,face_angle>=8,2.005999999999998,116.3866064963379,/Users/john.pacino/openflight_sessions/iwr6843/iwr6843_20260824_122204_491_005.l3dump,accepted,-1.8876651186521585,two8,high,5.165763617744699,6,23,-0.916658120563387,-1.8876651186521585,11.89741122155107,11.248185356052785
low_2.875in,0.073025,11.0,5Iron,shank,face_angle>=8,2.005999999999998,116.3866064963379,/Users/john.pacino/openflight_sessions/iwr6843/iwr6843_20260824_122204_491_005.l3dump,accepted,-1.8599746819194836,two8,high,5.903260636998061,6,23,0.4291538167012142,-1.8599746819194836,12.817530335268952,11.377367457294907
low_2.875in,0.073025,11.5,5Iron,shank,face_angle>=8,2.005999999999998,116.3866064963379,/Users/john.pacino/openflight_sessions/iwr6843/iwr6843_20260824_122204_491_005.l3dump,accepted,1.6956157637175278,direct_only,medium,4.716691244502472,6,23,1.6956157637175278,-0.534117711884831,13.197075515135213,7.737766725287415
low_2.875in,0.073025,10.0,5Iron,shank,face_angle>=8,3.534999999999999,112.61906105419924,/Users/john.pacino/openflight_sessions/iwr6843/iwr6843_20260824_122226_693_006.l3dump,accepted,-4.277510992503367,direct_only,high,0.9632410000962617,9,36,-4.277510992503367,-5.0,6.20399299269589,10.051149271686626
low_2.875in,0.073025,10.5,5Iron,shank,face_angle>=8,3.534999999999999,112.61906105419924,/Users/john.pacino/openflight_sessions/iwr6843/iwr6843_20260824_122226_693_006.l3dump,accepted,-3.1335614816153194,direct_only,high,1.345418836449022,9,36,-3.1335614816153194,-5.0,5.8243991545133635,9.530495017377712
low_2.875in,0.073025,11.0,5Iron,shank,face_angle>=8,3.534999999999999,112.61906105419924,/Users/john.pacino/openflight_sessions/iwr6843/iwr6843_20260824_122226_693_006.l3dump,accepted,-1.9820482800699724,direct_only,high,1.7191506238540781,9,36,-1.9820482800699724,-4.735071399019324,5.420349527778129,8.94455692076508
low_2.875in,0.073025,11.5,5Iron,shank,face_angle>=8,3.534999999999999,112.61906105419924,/Users/john.pacino/openflight_sessions/iwr6843/iwr6843_20260824_122226_693_006.l3dump,accepted,-0.7879469558901561,direct_only,high,1.9985669926139464,9,36,-0.7879469558901561,-5.0,4.785080941118049,7.4364175047059575
low_2.875in,0.073025,10.0,5Iron,good,,10.851999999999991,117.50668757373047,/Users/john.pacino/openflight_sessions/iwr6843/iwr6843_20260824_122248_630_007.l3dump,accepted,3.668720210940905,direct_only,medium,8.081903629631238,8,28,3.668720210940905,5.6233090904012695,10.540498168861205,13.418299130298339
low_2.875in,0.073025,10.5,5Iron,good,,10.851999999999991,117.50668757373047,/Users/john.pacino/openflight_sessions/iwr6843/iwr6843_20260824_122248_630_007.l3dump,accepted,4.779962457241557,direct_only,medium,8.577496285051648,8,28,4.779962457241557,6.381151943034723,10.773840627068571,13.898675517653311
low_2.875in,0.073025,11.0,5Iron,good,,10.851999999999991,117.50668757373047,/Users/john.pacino/openflight_sessions/iwr6843/iwr6843_20260824_122248_630_007.l3dump,accepted,5.901090820275097,direct_only,high,9.17935494075333,8,28,5.901090820275097,7.064149654958533,11.294560226548127,14.367455019370034
low_2.875in,0.073025,11.5,5Iron,good,,10.851999999999991,117.50668757373047,/Users/john.pacino/openflight_sessions/iwr6843/iwr6843_20260824_122248_630_007.l3dump,accepted,7.029212812031336,direct_only,high,9.85797220222188,8,28,7.029212812031336,7.909096508147767,11.806847896295992,14.555938058954188
low_2.875in,0.073025,10.0,5Iron,shank,face_to_path>=8,17.65999999999999,112.8227121591797,/Users/john.pacino/openflight_sessions/iwr6843/iwr6843_20260824_122331_678_008.l3dump,accepted,13.116506659807799,direct_only,medium,15.206703220184275,8,27,13.116506659807799,14.410242946339274,18.62483671834574,16.003163494029277
low_2.875in,0.073025,10.5,5Iron,shank,face_to_path>=8,17.65999999999999,112.8227121591797,/Users/john.pacino/openflight_sessions/iwr6843/iwr6843_20260824_122331_678_008.l3dump,accepted,14.255732770669141,direct_only,medium,16.255488620289373,8,27,14.255732770669141,15.547685086293574,19.244595447045374,16.96329215428517
low_2.875in,0.073025,11.0,5Iron,shank,face_to_path>=8,17.65999999999999,112.8227121591797,/Users/john.pacino/openflight_sessions/iwr6843/iwr6843_20260824_122331_678_008.l3dump,accepted,15.44283306218191,direct_only,medium,17.23889853211025,8,27,15.44283306218191,16.696716108793037,19.8761255273408,17.781080955427466
low_2.875in,0.073025,11.5,5Iron,shank,face_to_path>=8,17.65999999999999,112.8227121591797,/Users/john.pacino/openflight_sessions/iwr6843/iwr6843_20260824_122331_678_008.l3dump,accepted,16.58954300324024,direct_only,medium,18.16848329213235,8,27,16.58954300324024,17.719127629146705,20.837983263674534,18.617838955117993
low_2.875in,0.073025,10.0,5Iron,good,,13.530999999999992,125.44908066796876,/Users/john.pacino/openflight_sessions/iwr6843/iwr6843_20260824_122355_561_009.l3dump,accepted,8.327473109638929,two8,medium,8.049624889519617,8,28,7.771776669400304,8.327473109638929,11.028697130374947,-2.07471750845328
low_2.875in,0.073025,10.5,5Iron,good,,13.530999999999992,125.44908066796876,/Users/john.pacino/openflight_sessions/iwr6843/iwr6843_20260824_122355_561_009.l3dump,accepted,9.285870407567261,two8,low,9.055534690984576,8,28,8.825198974401893,9.285870407567261,10.920494941189895,-5.0
low_2.875in,0.073025,11.0,5Iron,good,,13.530999999999992,125.44908066796876,/Users/john.pacino/openflight_sessions/iwr6843/iwr6843_20260824_122355_561_009.l3dump,accepted,10.256892579160548,two8,medium,10.070726006344577,8,28,9.884559433528606,10.256892579160548,11.195899765706576,4.671299970176377
low_2.875in,0.073025,11.5,5Iron,good,,13.530999999999992,125.44908066796876,/Users/john.pacino/openflight_sessions/iwr6843/iwr6843_20260824_122355_561_009.l3dump,accepted,11.292353965074934,two8,medium,11.129802392154158,8,28,10.967250819233382,11.292353965074934,11.567098969301217,6.216655022261313
low_2.875in,0.073025,10.0,5Iron,good,,10.684999999999974,113.94279323657227,/Users/john.pacino/openflight_sessions/iwr6843/iwr6843_20260824_122418_415_010.l3dump,accepted,4.402231472385963,direct_only,high,7.302584297442784,9,36,4.402231472385963,5.7507043353856435,10.652784454540924,8.854464259499924
low_2.875in,0.073025,10.5,5Iron,good,,10.684999999999974,113.94279323657227,/Users/john.pacino/openflight_sessions/iwr6843/iwr6843_20260824_122418_415_010.l3dump,accepted,5.468049234019285,direct_only,high,8.057579724694047,9,36,5.468049234019285,6.540107328973958,11.187340244198003,9.575052120414135
low_2.875in,0.073025,11.0,5Iron,good,,10.684999999999974,113.94279323657227,/Users/john.pacino/openflight_sessions/iwr6843/iwr6843_20260824_122418_415_010.l3dump,accepted,6.521727911297241,direct_only,high,8.918545145310711,9,36,6.521727911297241,7.389435337219388,11.75006973382494,10.447654953402035
low_2.875in,0.073025,11.5,5Iron,good,,10.684999999999974,113.94279323657227,/Users/john.pacino/openflight_sessions/iwr6843/iwr6843_20260824_122418_415_010.l3dump,accepted,7.577958778480063,direct_only,high,9.648408392770303,9,36,7.577958778480063,7.993295469354239,12.324224022196066,11.303521316186366
low_2.875in,0.073025,10.0,5Iron,good,,11.318000000000016,116.3866064963379,/Users/john.pacino/openflight_sessions/iwr6843/iwr6843_20260824_122441_407_011.l3dump,accepted,12.69782552085658,reciprocal3_no_tdm,medium,7.2391337872349775,8,29,4.516125423058732,-0.2043823182101017,12.69782552085658,9.962142151411223
low_2.875in,0.073025,10.5,5Iron,good,,11.318000000000016,116.3866064963379,/Users/john.pacino/openflight_sessions/iwr6843/iwr6843_20260824_122441_407_011.l3dump,accepted,13.273267689223198,reciprocal3_no_tdm,medium,7.671868732934492,8,29,5.650265246388149,2.8354596941135233,13.273267689223198,9.693472219480833
low_2.875in,0.073025,11.0,5Iron,good,,11.318000000000016,116.3866064963379,/Users/john.pacino/openflight_sessions/iwr6843/iwr6843_20260824_122441_407_011.l3dump,accepted,6.781400513786707,direct_only,high,8.179675101750643,8,29,6.781400513786707,5.005100972423206,13.880962502853729,9.57794968971458
low_2.875in,0.073025,11.5,5Iron,good,,11.318000000000016,116.3866064963379,/Users/john.pacino/openflight_sessions/iwr6843/iwr6843_20260824_122441_407_011.l3dump,accepted,8.021033155361271,direct_only,high,9.23147839678658,8,29,8.021033155361271,6.573143810176701,14.35626421767748,10.441923638211888
low_2.875in,0.073025,10.0,5Iron,good,,13.710999999999995,128.70749834765624,/Users/john.pacino/openflight_sessions/iwr6843/iwr6843_20260824_122458_698_012.l3dump,accepted,7.333350708350311,direct_only,medium,7.1047449882128815,8,29,7.333350708350311,6.893904430406737,7.315585546019026,5.215770678151291
low_2.875in,0.073025,10.5,5Iron,good,,13.710999999999995,128.70749834765624,/Users/john.pacino/openflight_sessions/iwr6843/iwr6843_20260824_122458_698_012.l3dump,accepted,8.450944159705822,direct_only,medium,8.312448389697629,8,29,8.450944159705822,8.254239690375938,8.370657089019321,6.420531930931779
low_2.875in,0.073025,11.0,5Iron,good,,13.710999999999995,128.70749834765624,/Users/john.pacino/openflight_sessions/iwr6843/iwr6843_20260824_122458_698_012.l3dump,accepted,9.550449604719141,direct_only,medium,9.38547425860617,8,29,9.550449604719141,9.334310038470573,9.436638478741765,7.629042750201534
low_2.875in,0.073025,11.5,5Iron,good,,13.710999999999995,128.70749834765624,/Users/john.pacino/openflight_sessions/iwr6843/iwr6843_20260824_122458_698_012.l3dump,accepted,10.629250948413533,direct_only,high,10.465564191491008,8,29,10.629250948413533,10.427201840112934,10.503926542869085,8.829453738285162
low_2.875in,0.073025,10.0,5Iron,good,,14.118999999999998,123.81987182812502,/Users/john.pacino/openflight_sessions/iwr6843/iwr6843_20260824_122529_011_013.l3dump,accepted,4.679595250335896,two8,medium,9.840299439442838,6,23,7.67168743545572,4.679595250335896,12.008911443429954,13.253610512653644
low_2.875in,0.073025,10.5,5Iron,good,,14.118999999999998,123.81987182812502,/Users/john.pacino/openflight_sessions/iwr6843/iwr6843_20260824_122529_011_013.l3dump,accepted,6.2838155752205145,two8,medium,10.55604514321347,6,23,8.59128011321985,6.2838155752205145,12.520810173207089,13.696326973443702
low_2.875in,0.073025,11.0,5Iron,good,,14.118999999999998,123.81987182812502,/Users/john.pacino/openflight_sessions/iwr6843/iwr6843_20260824_122529_011_013.l3dump,accepted,9.786604905968758,direct_only,high,11.365071988737444,6,23,9.786604905968758,7.745403581620681,12.943539071506128,14.200797045044169
low_2.875in,0.073025,11.5,5Iron,good,,14.118999999999998,123.81987182812502,/Users/john.pacino/openflight_sessions/iwr6843/iwr6843_20260824_122529_011_013.l3dump,accepted,10.997624036155585,direct_only,high,12.244088241215477,6,23,10.997624036155585,9.21417603759939,13.49055244627537,14.7597199742185
low_2.875in,0.073025,10.0,Driver,good,,11.080999999999968,155.79309531005862,/Users/john.pacino/openflight_sessions/iwr6843/iwr6843_20260824_122731_235_015.l3dump,accepted,19.667805997864782,four4_path_tdm,low,13.82423295979833,11,44,6.373430685365573,7.980659921731877,24.263014998379745,19.667805997864782
low_2.875in,0.073025,10.5,Driver,good,,11.080999999999968,155.79309531005862,/Users/john.pacino/openflight_sessions/iwr6843/iwr6843_20260824_122731_235_015.l3dump,accepted,20.56202375270069,four4_path_tdm,low,14.601552896616937,11,44,7.394103915028221,8.641082040533185,24.020899693794306,20.56202375270069
low_2.875in,0.073025,11.0,Driver,good,,11.080999999999968,155.79309531005862,/Users/john.pacino/openflight_sessions/iwr6843/iwr6843_20260824_122731_235_015.l3dump,accepted,21.281894638224216,four4_path_tdm,low,15.329900625110573,11,44,8.332428502328815,9.37790661199693,23.58280917191993,21.281894638224216
low_2.875in,0.073025,11.5,Driver,good,,11.080999999999968,155.79309531005862,/Users/john.pacino/openflight_sessions/iwr6843/iwr6843_20260824_122731_235_015.l3dump,accepted,22.166713193146364,four4_path_tdm,low,16.151467447142178,11,44,8.930065756683712,10.136221701137991,23.326653997042037,22.166713193146364
low_2.875in,0.073025,10.0,Driver,good,,11.159999999999961,153.45110760278322,/Users/john.pacino/openflight_sessions/iwr6843/iwr6843_20260824_122810_230_016.l3dump,accepted,22.136377971774515,four4_path_tdm,low,13.210801192810983,10,40,6.331075637020225,6.437931908757109,19.983670476864855,22.136377971774515
low_2.875in,0.073025,10.5,Driver,good,,11.159999999999961,153.45110760278322,/Users/john.pacino/openflight_sessions/iwr6843/iwr6843_20260824_122810_230_016.l3dump,accepted,22.836357641666027,four4_path_tdm,low,13.566333234597511,10,40,7.354642254012637,7.311684448931933,19.778024215182388,22.836357641666027
low_2.875in,0.073025,11.0,Driver,good,,11.159999999999961,153.45110760278322,/Users/john.pacino/openflight_sessions/iwr6843/iwr6843_20260824_122810_230_016.l3dump,accepted,23.624780909694206,four4_path_tdm,low,13.820904434032752,10,40,8.382301845980612,8.150132425721894,19.259507022084893,23.624780909694206
low_2.875in,0.073025,11.5,Driver,good,,11.159999999999961,153.45110760278322,/Users/john.pacino/openflight_sessions/iwr6843/iwr6843_20260824_122810_230_016.l3dump,accepted,24.475044443755248,four4_path_tdm,low,14.289775193380892,10,40,9.414802807530009,9.117200817104766,19.164747579231776,24.475044443755248
low_2.875in,0.073025,10.0,Driver,good,,10.941999999999961,152.02554986791992,/Users/john.pacino/openflight_sessions/iwr6843/iwr6843_20260824_122841_611_017.l3dump,accepted,24.661572871311712,four4_path_tdm,low,13.61189620604484,12,44,4.301806438847248,5.331007136662299,21.892785275427382,24.661572871311712
low_2.875in,0.073025,10.5,Driver,good,,10.941999999999961,152.02554986791992,/Users/john.pacino/openflight_sessions/iwr6843/iwr6843_20260824_122841_611_017.l3dump,accepted,25.399892316546804,four4_path_tdm,low,13.987649582470047,12,44,5.27063655986106,5.976942841062724,21.99835632387737,25.399892316546804
low_2.875in,0.073025,11.0,Driver,good,,10.941999999999961,152.02554986791992,/Users/john.pacino/openflight_sessions/iwr6843/iwr6843_20260824_122841_611_017.l3dump,accepted,26.07661192136396,four4_path_tdm,medium,14.619539763305209,12,44,6.32860344155023,6.796108847119891,22.44297067949053,26.07661192136396
low_2.875in,0.073025,11.5,Driver,good,,10.941999999999961,152.02554986791992,/Users/john.pacino/openflight_sessions/iwr6843/iwr6843_20260824_122841_611_017.l3dump,accepted,26.71787856961167,four4_path_tdm,low,15.293227869536109,12,44,7.460354932730112,7.627348420683334,22.959107318388885,26.71787856961167
low_2.875in,0.073025,10.0,Driver,good,,15.639,155.28396754760743,/Users/john.pacino/openflight_sessions/iwr6843/iwr6843_20260824_122916_845_018.l3dump,accepted,21.859454115611832,four4_path_tdm,low,13.494399490420403,12,48,8.803059945466762,8.481554199178746,18.18573903537404,21.859454115611832
low_2.875in,0.073025,10.5,Driver,good,,15.639,155.28396754760743,/Users/john.pacino/openflight_sessions/iwr6843/iwr6843_20260824_122916_845_018.l3dump,accepted,22.44500017234275,four4_path_tdm,medium,14.122070792447882,12,48,9.848479616274165,9.265253429164838,18.3956619686216,22.44500017234275
low_2.875in,0.073025,11.0,Driver,good,,15.639,155.28396754760743,/Users/john.pacino/openflight_sessions/iwr6843/iwr6843_20260824_122916_845_018.l3dump,accepted,23.202441519807614,four4_path_tdm,medium,14.813797938171643,12,48,10.907371776232637,9.873472242814518,18.72022410011065,23.202441519807614
low_2.875in,0.073025,11.5,Driver,good,,15.639,155.28396754760743,/Users/john.pacino/openflight_sessions/iwr6843/iwr6843_20260824_122916_845_018.l3dump,accepted,23.983654962127883,four4_path_tdm,medium,15.592594310674038,12,48,12.00298099834566,10.64238843090519,19.182207623002416,23.983654962127883
low_2.875in,0.073025,10.0,Driver,good,,12.836999999999996,148.8689577407227,/Users/john.pacino/openflight_sessions/iwr6843/iwr6843_20260824_122953_432_019.l3dump,accepted,9.59203980052067,direct_only,medium,9.398368340610086,7,25,9.59203980052067,8.984132558701813,10.174247877594683,9.204696880699501
low_2.875in,0.073025,10.5,Driver,good,,12.836999999999996,148.8689577407227,/Users/john.pacino/openflight_sessions/iwr6843/iwr6843_20260824_122953_432_019.l3dump,accepted,10.72692781666825,direct_only,medium,10.371433186546978,7,25,10.72692781666825,10.015938556425708,10.881832568522013,10.013377229229382
low_2.875in,0.073025,11.0,Driver,good,,12.836999999999996,148.8689577407227,/Users/john.pacino/openflight_sessions/iwr6843/iwr6843_20260824_122953_432_019.l3dump,accepted,11.91130585740277,direct_only,high,10.988254339577786,7,25,11.91130585740277,11.009985015166501,10.96652366398907,10.797473596473965
low_2.875in,0.073025,11.5,Driver,good,,12.836999999999996,148.8689577407227,/Users/john.pacino/openflight_sessions/iwr6843/iwr6843_20260824_122953_432_019.l3dump,accepted,13.011566143640126,direct_only,high,12.517503772849496,7,25,13.011566143640126,12.023441402058866,11.852637466601834,13.234524041284008
low_2.875in,0.073025,10.0,Driver,good,,11.88999999999998,153.349282050293,/Users/john.pacino/openflight_sessions/iwr6843/iwr6843_20260824_123025_035_020.l3dump,accepted,21.662501423660547,four4_path_tdm,low,14.599051816544428,11,43,7.535602209428307,7.191789618010127,22.354596192832272,21.662501423660547
low_2.875in,0.073025,10.5,Driver,good,,11.88999999999998,153.349282050293,/Users/john.pacino/openflight_sessions/iwr6843/iwr6843_20260824_123025_035_020.l3dump,accepted,22.477743250845975,four4_path_tdm,low,15.543507154419611,11,43,8.609271057993249,8.200282050384256,22.535289576732346,22.477743250845975
low_2.875in,0.073025,11.0,Driver,good,,11.88999999999998,153.349282050293,/Users/john.pacino/openflight_sessions/iwr6843/iwr6843_20260824_123025_035_020.l3dump,accepted,23.330999146664805,four4_path_tdm,low,16.129313498388115,11,43,9.670231010385871,8.548271918914903,22.588395986390356,23.330999146664805
low_2.875in,0.073025,11.5,Driver,good,,11.88999999999998,153.349282050293,/Users/john.pacino/openflight_sessions/iwr6843/iwr6843_20260824_123025_035_020.l3dump,accepted,24.13222306178393,four4_path_tdm,low,16.664118643410045,11,43,10.711158142117734,9.421684014041652,22.61707914470236,24.13222306178393
low_2.875in,0.073025,10.0,Driver,skull,launch_angle<8,2.788000000000009,141.02839019897462,/Users/john.pacino/openflight_sessions/iwr6843/iwr6843_20260824_123100_201_021.l3dump,accepted,4.186435126088447,four4_path_tdm,low,-0.40678243695577665,8,28,-5.0,-5.0,8.837438162317408,4.186435126088447
low_2.875in,0.073025,10.5,Driver,skull,launch_angle<8,2.788000000000009,141.02839019897462,/Users/john.pacino/openflight_sessions/iwr6843/iwr6843_20260824_123100_201_021.l3dump,accepted,-4.72188294986228,direct_only,high,-0.7185513915349253,8,28,-4.72188294986228,-5.0,8.366671675818758,3.2847801667924297
low_2.875in,0.073025,11.0,Driver,skull,launch_angle<8,2.788000000000009,141.02839019897462,/Users/john.pacino/openflight_sessions/iwr6843/iwr6843_20260824_123100_201_021.l3dump,accepted,-3.8204572343559513,direct_only,high,-0.46950141921318345,8,28,-3.8204572343559513,-5.0,8.081253065232659,2.8814543959295844
low_2.875in,0.073025,11.5,Driver,skull,launch_angle<8,2.788000000000009,141.02839019897462,/Users/john.pacino/openflight_sessions/iwr6843/iwr6843_20260824_123100_201_021.l3dump,accepted,-2.661599744408644,direct_only,high,0.014556909154332498,8,28,-2.661599744408644,-5.0,8.034894058262632,2.690713562717309
low_2.875in,0.073025,10.0,Driver,good,,8.688000000000006,96.2251471032715,/Users/john.pacino/openflight_sessions/iwr6843/iwr6843_20260824_123121_381_022.l3dump,accepted,26.916681923267465,four4_path_tdm,low,28.73788131555954,12,42,41.79278543681937,9.867282649368345,30.559080707851617,26.916681923267465
low_2.875in,0.073025,10.5,Driver,good,,8.688000000000006,96.2251471032715,/Users/john.pacino/openflight_sessions/iwr6843/iwr6843_20260824_123121_381_022.l3dump,accepted,27.845643241382003,four4_path_tdm,medium,29.20751643991008,12,42,42.742351182858776,10.818501613080016,30.569389638438153,27.845643241382003
low_2.875in,0.073025,11.0,Driver,good,,8.688000000000006,96.2251471032715,/Users/john.pacino/openflight_sessions/iwr6843/iwr6843_20260824_123121_381_022.l3dump,accepted,43.67216569609374,direct_only,medium,29.509622305000658,12,42,43.67216569609374,11.69415257778111,30.671458946578774,28.347785663422542
low_2.875in,0.073025,11.5,Driver,good,,8.688000000000006,96.2251471032715,/Users/john.pacino/openflight_sessions/iwr6843/iwr6843_20260824_123121_381_022.l3dump,accepted,44.571145450827196,direct_only,high,29.898940443922903,12,42,44.571145450827196,12.659405832602118,30.62791765069315,29.169963237152654
low_2.875in,0.073025,10.0,Driver,skull,launch_angle<8,6.836999999999965,149.88721326562504,/Users/john.pacino/openflight_sessions/iwr6843/iwr6843_20260824_123155_558_023.l3dump,accepted,22.393233176377343,four4_path_tdm,low,14.261415617065389,12,48,5.949252046118616,6.1295980577534355,25.44474342620175,22.393233176377343
low_2.875in,0.073025,10.5,Driver,skull,launch_angle<8,6.836999999999965,149.88721326562504,/Users/john.pacino/openflight_sessions/iwr6843/iwr6843_20260824_123155_558_023.l3dump,accepted,23.07367884768129,four4_path_tdm,low,15.033024896832492,12,48,6.992370945983695,6.857859696499336,25.410428195462607,23.07367884768129
low_2.875in,0.073025,11.0,Driver,skull,launch_angle<8,6.836999999999965,149.88721326562504,/Users/john.pacino/openflight_sessions/iwr6843/iwr6843_20260824_123155_558_023.l3dump,accepted,23.66022285076799,four4_path_tdm,medium,15.853331470190982,12,48,8.046440089613974,7.738454304066188,24.093711061894684,23.66022285076799
low_2.875in,0.073025,11.5,Driver,skull,launch_angle<8,6.836999999999965,149.88721326562504,/Users/john.pacino/openflight_sessions/iwr6843/iwr6843_20260824_123155_558_023.l3dump,accepted,24.32295945730579,four4_path_tdm,medium,16.65372632677411,12,48,9.10061661748537,8.745148915394907,24.206836036062846,24.32295945730579
high_5.25in,0.13335,10.0,Driver,good,,9.506999999999971,146.01784227099608,/Users/john.pacino/openflight_sessions/iwr6843/iwr6843_20260824_123401_365_025.l3dump,accepted,5.808049403122637,direct_only,high,9.91025729565479,7,24,5.808049403122637,6.6969403315211595,13.524009801967054,13.123574259788418
high_5.25in,0.13335,10.5,Driver,good,,9.506999999999971,146.01784227099608,/Users/john.pacino/openflight_sessions/iwr6843/iwr6843_20260824_123401_365_025.l3dump,accepted,7.041653774906687,direct_only,high,10.676508195797044,7,24,7.041653774906687,7.721228915809122,13.922921848479604,13.631787475784966
high_5.25in,0.13335,11.0,Driver,good,,9.506999999999971,146.01784227099608,/Users/john.pacino/openflight_sessions/iwr6843/iwr6843_20260824_123401_365_025.l3dump,accepted,8.17073082072303,direct_only,high,11.455787024196761,7,24,8.17073082072303,8.644100948739023,14.356220772275124,14.267473099654499
high_5.25in,0.13335,11.5,Driver,good,,9.506999999999971,146.01784227099608,/Users/john.pacino/openflight_sessions/iwr6843/iwr6843_20260824_123401_365_025.l3dump,accepted,9.329875596982621,direct_only,high,12.20165235464592,7,24,9.329875596982621,9.582276077048629,14.821028632243213,14.990321168082744
high_5.25in,0.13335,10.0,Driver,good,,13.555999999999989,148.05435332080077,/Users/john.pacino/openflight_sessions/iwr6843/iwr6843_20260824_123439_993_026.l3dump,accepted,11.238705162317366,direct_only,high,10.958716537734187,7,22,11.238705162317366,10.67872791315101,13.610134117916997,9.757003138084615
high_5.25in,0.13335,10.5,Driver,good,,13.555999999999989,148.05435332080077,/Users/john.pacino/openflight_sessions/iwr6843/iwr6843_20260824_123439_993_026.l3dump,accepted,12.28056636167688,direct_only,high,11.970885983161867,7,22,12.28056636167688,11.661205604646852,14.507655032041104,10.756596178248113
high_5.25in,0.13335,11.0,Driver,good,,13.555999999999989,148.05435332080077,/Users/john.pacino/openflight_sessions/iwr6843/iwr6843_20260824_123439_993_026.l3dump,accepted,13.318654762139776,direct_only,high,12.983189596165296,7,22,13.318654762139776,12.647724430190818,15.389065780203579,11.729404983796893
high_5.25in,0.13335,11.5,Driver,good,,13.555999999999989,148.05435332080077,/Users/john.pacino/openflight_sessions/iwr6843/iwr6843_20260824_123439_993_026.l3dump,accepted,14.352722171221028,direct_only,high,13.985737632085069,7,22,14.352722171221028,13.61875309294911,16.080830511880585,12.680229957026576
high_5.25in,0.13335,10.0,Driver,skull,launch_angle<8,3.609999999999994,143.0649012487793,/Users/john.pacino/openflight_sessions/iwr6843/iwr6843_20260824_123514_365_027.l3dump,accepted,11.771123912577618,four4_path_tdm,medium,0.5771445720005918,12,38,-1.57855478020272,-5.0,2.7328439242039035,11.771123912577618
high_5.25in,0.13335,10.5,Driver,skull,launch_angle<8,3.609999999999994,143.0649012487793,/Users/john.pacino/openflight_sessions/iwr6843/iwr6843_20260824_123514_365_027.l3dump,accepted,-0.7096992606800211,direct_only,medium,1.0073835166041032,12,38,-0.7096992606800211,-5.0,2.7244662938882276,11.70205458738767
high_5.25in,0.13335,11.0,Driver,skull,launch_angle<8,3.609999999999994,143.0649012487793,/Users/john.pacino/openflight_sessions/iwr6843/iwr6843_20260824_123514_365_027.l3dump,accepted,0.14965244504465042,direct_only,medium,1.5213078232664319,12,38,0.14965244504465042,-5.0,2.892963201488213,11.78317098140358
high_5.25in,0.13335,11.5,Driver,skull,launch_angle<8,3.609999999999994,143.0649012487793,/Users/john.pacino/openflight_sessions/iwr6843/iwr6843_20260824_123514_365_027.l3dump,accepted,1.0260265982093781,direct_only,medium,2.056245955195129,12,38,1.0260265982093781,-5.0,3.0864653121808794,11.909252559185614
high_5.25in,0.13335,10.0,Driver,skull,launch_angle<8,4.880000000000008,98.8726114680176,/Users/john.pacino/openflight_sessions/iwr6843/iwr6843_20260824_123535_746_028.l3dump,accepted,7.902743236352691,four4_path_tdm,medium,4.944585125081688,12,42,1.9864270138106856,-5.0,9.62648080471423,7.902743236352691
high_5.25in,0.13335,10.5,Driver,skull,launch_angle<8,4.880000000000008,98.8726114680176,/Users/john.pacino/openflight_sessions/iwr6843/iwr6843_20260824_123535_746_028.l3dump,accepted,8.314960996591836,four4_path_tdm,low,5.607122972742185,12,42,2.899284948892534,-5.0,9.842319997454913,8.314960996591836
high_5.25in,0.13335,11.0,Driver,skull,launch_angle<8,4.880000000000008,98.8726114680176,/Users/john.pacino/openflight_sessions/iwr6843/iwr6843_20260824_123535_746_028.l3dump,accepted,8.867175216804256,four4_path_tdm,low,6.3470933194338475,12,42,3.8270114220634395,-5.0,10.129407169524839,8.867175216804256
high_5.25in,0.13335,11.5,Driver,skull,launch_angle<8,4.880000000000008,98.8726114680176,/Users/john.pacino/openflight_sessions/iwr6843/iwr6843_20260824_123535_746_028.l3dump,accepted,9.534675996533728,four4_path_tdm,low,7.299822015682145,12,42,4.759778164571357,5.064968034830562,10.483056822365704,9.534675996533728
high_5.25in,0.13335,10.0,Driver,good,,15.597999999999992,151.1091198955078,/Users/john.pacino/openflight_sessions/iwr6843/iwr6843_20260824_123556_774_029.l3dump,accepted,14.116159900387192,direct_only,high,13.879640211500814,8,26,14.116159900387192,10.36989358399443,14.766888738393991,13.643120522614433
high_5.25in,0.13335,10.5,Driver,good,,15.597999999999992,151.1091198955078,/Users/john.pacino/openflight_sessions/iwr6843/iwr6843_20260824_123556_774_029.l3dump,accepted,15.120881148729216,direct_only,high,14.62732838889433,8,26,15.120881148729216,11.81976225417007,15.648209784845994,14.133775629059445
high_5.25in,0.13335,11.0,Driver,good,,15.597999999999992,151.1091198955078,/Users/john.pacino/openflight_sessions/iwr6843/iwr6843_20260824_123556_774_029.l3dump,accepted,16.123743995345084,direct_only,high,15.381997167398605,8,26,16.123743995345084,14.39130370993331,16.516941346324764,14.640250339452125
high_5.25in,0.13335,11.5,Driver,good,,15.597999999999992,151.1091198955078,/Users/john.pacino/openflight_sessions/iwr6843/iwr6843_20260824_123556_774_029.l3dump,accepted,17.122856390306303,direct_only,high,16.492248697928645,8,26,17.122856390306303,15.861641005550986,17.39750509457421,15.100309765324406
high_5.25in,0.13335,10.0,Driver,good,,15.775999999999962,149.17443439819337,/Users/john.pacino/openflight_sessions/iwr6843/iwr6843_20260824_123627_243_030.l3dump,accepted,12.182559697538474,direct_only,high,14.987012217143967,6,22,12.182559697538474,4.031658837227977,22.69787230108316,17.79146473674946
high_5.25in,0.13335,10.5,Driver,good,,15.775999999999962,149.17443439819337,/Users/john.pacino/openflight_sessions/iwr6843/iwr6843_20260824_123627_243_030.l3dump,accepted,17.71458331128564,four4_path_tdm,medium,15.612294563644529,6,22,13.510005816003417,5.426158801291569,23.234872042957765,17.71458331128564
high_5.25in,0.13335,11.0,Driver,good,,15.775999999999962,149.17443439819337,/Users/john.pacino/openflight_sessions/iwr6843/iwr6843_20260824_123627_243_030.l3dump,accepted,18.099860552137216,four4_path_tdm,medium,16.455258158612324,6,22,14.810655765087432,4.9878791433638305,23.313402520230703,18.099860552137216
high_5.25in,0.13335,11.5,Driver,good,,15.775999999999962,149.17443439819337,/Users/john.pacino/openflight_sessions/iwr6843/iwr6843_20260824_123627_243_030.l3dump,accepted,18.54233329986025,four4_path_tdm,medium,17.349934322161474,6,22,16.157535344462698,7.597779614342175,23.616416633536527,18.54233329986025
high_5.25in,0.13335,10.0,Driver,good,,12.73999999999998,151.618247657959,/Users/john.pacino/openflight_sessions/iwr6843/iwr6843_20260824_123655_687_031.l3dump,accepted,22.708698297940686,four4_path_tdm,low,12.488369390876315,11,43,7.5209709803863305,8.752443481564734,16.224295300187897,22.708698297940686
high_5.25in,0.13335,10.5,Driver,good,,12.73999999999998,151.618247657959,/Users/john.pacino/openflight_sessions/iwr6843/iwr6843_20260824_123655_687_031.l3dump,accepted,23.66868661402078,four4_path_tdm,medium,12.641149575927217,11,43,8.571745911508067,9.280009087603577,16.002290064250857,23.66868661402078
high_5.25in,0.13335,11.0,Driver,good,,12.73999999999998,151.618247657959,/Users/john.pacino/openflight_sessions/iwr6843/iwr6843_20260824_123655_687_031.l3dump,accepted,24.631164447575955,four4_path_tdm,medium,12.897583022050416,11,43,9.656800634305863,9.87270944119902,15.922456602901812,24.631164447575955
high_5.25in,0.13335,11.5,Driver,good,,12.73999999999998,151.618247657959,/Users/john.pacino/openflight_sessions/iwr6843/iwr6843_20260824_123655_687_031.l3dump,accepted,25.59477924166261,four4_path_tdm,low,13.362288089365808,11,43,10.558616529744093,10.45259762208496,16.165959648987524,25.59477924166261
high_5.25in,0.13335,10.0,Driver,good,,16.595,145.7123656135254,/Users/john.pacino/openflight_sessions/iwr6843/iwr6843_20260824_123728_441_032.l3dump,accepted,0.4038734330583843,direct_only,low,12.975007847407575,11,44,0.4038734330583843,4.246038062934657,24.04169713991805,21.703977631880495
high_5.25in,0.13335,10.5,Driver,good,,16.595,145.7123656135254,/Users/john.pacino/openflight_sessions/iwr6843/iwr6843_20260824_123728_441_032.l3dump,accepted,4.63941310415282,two8,low,13.529679529233986,11,44,1.4718749552050008,4.63941310415282,23.73342971766326,22.419945954315153
high_5.25in,0.13335,11.0,Driver,good,,16.595,145.7123656135254,/Users/john.pacino/openflight_sessions/iwr6843/iwr6843_20260824_123728_441_032.l3dump,accepted,4.826069523569162,two8,low,13.99341512267399,11,44,2.524735785297235,4.826069523569162,23.30561822234448,23.160760721778818
high_5.25in,0.13335,11.5,Driver,good,,16.595,145.7123656135254,/Users/john.pacino/openflight_sessions/iwr6843/iwr6843_20260824_123728_441_032.l3dump,accepted,5.709150906126202,two8,low,14.582003417960236,11,44,3.654416496452452,5.709150906126202,23.45485592979427,23.856070104770144
high_5.25in,0.13335,10.0,Driver,good,,11.795999999999983,152.43285207788088,/Users/john.pacino/openflight_sessions/iwr6843/iwr6843_20260824_123758_233_033.l3dump,accepted,6.702694116416885,direct_only,high,6.506138680855678,6,23,6.702694116416885,6.309583245294471,12.58916534483118,2.394231182938524
high_5.25in,0.13335,10.5,Driver,good,,11.795999999999983,152.43285207788088,/Users/john.pacino/openflight_sessions/iwr6843/iwr6843_20260824_123758_233_033.l3dump,accepted,8.101031436127311,direct_only,high,7.759145476815394,6,23,8.101031436127311,7.417259517503476,13.229396284896819,3.1530578907014686
high_5.25in,0.13335,11.0,Driver,good,,11.795999999999983,152.43285207788088,/Users/john.pacino/openflight_sessions/iwr6843/iwr6843_20260824_123758_233_033.l3dump,accepted,9.216693518421142,direct_only,high,8.876560037372613,6,23,9.216693518421142,8.536426556324082,13.139574176125185,4.763497229424107
high_5.25in,0.13335,11.5,Driver,good,,11.795999999999983,152.43285207788088,/Users/john.pacino/openflight_sessions/iwr6843/iwr6843_20260824_123758_233_033.l3dump,accepted,10.646187921046469,direct_only,high,10.119584269431417,6,23,10.646187921046469,9.592980617816368,13.801471510557462,7.820318716530272
high_5.25in,0.13335,10.0,Driver,good,,12.783999999999999,152.2292009729004,/Users/john.pacino/openflight_sessions/iwr6843/iwr6843_20260824_123830_182_034.l3dump,accepted,21.515425165576747,four4_path_tdm,low,13.602160370297682,11,44,8.291577008063493,9.350061203247174,17.85425953734819,21.515425165576747
high_5.25in,0.13335,10.5,Driver,good,,12.783999999999999,152.2292009729004,/Users/john.pacino/openflight_sessions/iwr6843/iwr6843_20260824_123830_182_034.l3dump,accepted,22.37770120349742,four4_path_tdm,low,13.70586664695357,11,44,9.343222887404922,10.020992377146063,17.39074091676108,22.37770120349742
high_5.25in,0.13335,11.0,Driver,good,,12.783999999999999,152.2292009729004,/Users/john.pacino/openflight_sessions/iwr6843/iwr6843_20260824_123830_182_034.l3dump,accepted,23.441887114357957,four4_path_tdm,low,13.404787254691069,11,44,10.122405630410848,10.875262400839631,15.934312108542509,23.441887114357957
high_5.25in,0.13335,11.5,Driver,good,,12.783999999999999,152.2292009729004,/Users/john.pacino/openflight_sessions/iwr6843/iwr6843_20260824_123830_182_034.l3dump,accepted,24.211067435923578,four4_path_tdm,low,13.902607917487817,11,44,11.125481643391842,11.701115288724933,16.104100546250702,24.211067435923578
high_5.25in,0.13335,10.0,Driver,good,,16.462999999999987,152.33102652539066,/Users/john.pacino/openflight_sessions/iwr6843/iwr6843_20260824_123859_327_035.l3dump,accepted,17.39060858267734,direct_only,high,16.45671952420316,6,23,17.39060858267734,15.522830465728978,18.195299520181013,11.97759187323877
high_5.25in,0.13335,10.5,Driver,good,,16.462999999999987,152.33102652539066,/Users/john.pacino/openflight_sessions/iwr6843/iwr6843_20260824_123859_327_035.l3dump,accepted,18.415539507229933,direct_only,high,18.088930237488135,6,23,18.415539507229933,17.762320967746334,18.765618709523338,13.15450797728945
high_5.25in,0.13335,11.0,Driver,good,,16.462999999999987,152.33102652539066,/Users/john.pacino/openflight_sessions/iwr6843/iwr6843_20260824_123859_327_035.l3dump,accepted,19.43941498692469,direct_only,high,19.220311387128284,6,23,19.43941498692469,19.001207787331875,19.561203306130167,16.89240587620687
high_5.25in,0.13335,11.5,Driver,good,,16.462999999999987,152.33102652539066,/Users/john.pacino/openflight_sessions/iwr6843/iwr6843_20260824_123859_327_035.l3dump,accepted,20.461294966766324,direct_only,high,20.282713864820174,6,23,20.461294966766324,20.17110667693368,20.39432105270667,17.534169052240255
high_5.25in,0.13335,10.0,Driver,skull,launch_angle<8,0.765999999999999,153.04380539282226,/Users/john.pacino/openflight_sessions/iwr6843/iwr6843_20260824_123927_477_036.l3dump,accepted,21.796822040936085,four4_path_tdm,low,9.822753606848112,10,37,6.672467487545512,7.763997331906526,11.881509881789697,21.796822040936085
high_5.25in,0.13335,10.5,Driver,skull,launch_angle<8,0.765999999999999,153.04380539282226,/Users/john.pacino/openflight_sessions/iwr6843/iwr6843_20260824_123927_477_036.l3dump,accepted,22.910618221424134,four4_path_tdm,low,10.584445809749216,10,37,7.890158781447059,8.715351854548471,12.453539764949962,22.910618221424134
high_5.25in,0.13335,11.0,Driver,skull,launch_angle<8,0.765999999999999,153.04380539282226,/Users/john.pacino/openflight_sessions/iwr6843/iwr6843_20260824_123927_477_036.l3dump,accepted,24.006800833353257,four4_path_tdm,low,11.377277809434894,10,37,9.024484619684893,9.592623808532288,13.161931810337498,24.006800833353257
high_5.25in,0.13335,11.5,Driver,skull,launch_angle<8,0.765999999999999,153.04380539282226,/Users/john.pacino/openflight_sessions/iwr6843/iwr6843_20260824_123927_477_036.l3dump,accepted,25.08144296725858,four4_path_tdm,low,12.265327328563036,10,37,10.16125069766544,10.55756027077245,13.97309438635362,25.08144296725858
high_5.25in,0.13335,10.0,Driver,good,,9.414999999999983,154.67301423266602,/Users/john.pacino/openflight_sessions/iwr6843/iwr6843_20260824_123950_874_037.l3dump,accepted,17.741805500268807,reciprocal3_no_tdm,low,14.503778235169015,11,44,10.745531568007202,11.265750970069224,17.741805500268807,21.13888414075439
high_5.25in,0.13335,10.5,Driver,good,,9.414999999999983,154.67301423266602,/Users/john.pacino/openflight_sessions/iwr6843/iwr6843_20260824_123950_874_037.l3dump,accepted,22.063624489983884,four4_path_tdm,low,15.115263002236919,11,44,11.763745331256462,11.966360991711214,18.26416501276262,22.063624489983884
high_5.25in,0.13335,11.0,Driver,good,,9.414999999999983,154.67301423266602,/Users/john.pacino/openflight_sessions/iwr6843/iwr6843_20260824_123950_874_037.l3dump,accepted,22.90942005539482,four4_path_tdm,low,15.748090790101209,11,44,12.79767375035429,12.903989625076802,18.592191955125617,22.90942005539482
high_5.25in,0.13335,11.5,Driver,good,,9.414999999999983,154.67301423266602,/Users/john.pacino/openflight_sessions/iwr6843/iwr6843_20260824_123950_874_037.l3dump,accepted,23.596672898067794,four4_path_tdm,low,16.420130506291102,11,44,13.786608559917463,13.696135743757232,19.053652452664743,23.596672898067794
high_5.25in,0.13335,10.0,Driver,good,,13.74799999999998,152.33102652539066,/Users/john.pacino/openflight_sessions/iwr6843/iwr6843_20260824_124024_181_038.l3dump,accepted,12.33079712424562,direct_only,medium,13.403829341123346,7,25,12.33079712424562,10.66679155431592,14.476861558001072,14.686716603746778
high_5.25in,0.13335,10.5,Driver,good,,13.74799999999998,152.33102652539066,/Users/john.pacino/openflight_sessions/iwr6843/iwr6843_20260824_124024_181_038.l3dump,accepted,13.51222745675981,direct_only,medium,13.309997467016792,7,25,13.51222745675981,12.226788585363535,15.20307874039194,13.107767477273777
high_5.25in,0.13335,11.0,Driver,good,,13.74799999999998,152.33102652539066,/Users/john.pacino/openflight_sessions/iwr6843/iwr6843_20260824_124024_181_038.l3dump,accepted,14.700288029025,direct_only,high,14.371696854204867,7,25,14.700288029025,14.043105679384736,16.570923295374705,13.418316137826048
high_5.25in,0.13335,11.5,Driver,good,,13.74799999999998,152.33102652539066,/Users/john.pacino/openflight_sessions/iwr6843/iwr6843_20260824_124024_181_038.l3dump,accepted,15.880154101609012,direct_only,high,15.674782006554963,7,25,15.880154101609012,15.469409911500913,17.408363632818975,13.991203879314062
high_5.25in,0.13335,10.0,Driver,good,,14.638999999999966,156.40404862500003,/Users/john.pacino/openflight_sessions/iwr6843/iwr6843_20260824_124054_128_039.l3dump,accepted,21.336338923400625,four4_path_tdm,medium,14.77132452688848,11,41,9.263452034438387,8.889383746668766,20.27919701933857,21.336338923400625
high_5.25in,0.13335,10.5,Driver,good,,14.638999999999966,156.40404862500003,/Users/john.pacino/openflight_sessions/iwr6843/iwr6843_20260824_124054_128_039.l3dump,accepted,22.226848719946826,four4_path_tdm,low,15.553322830381887,11,41,10.357346965412235,9.808544601390642,20.74929869535154,22.226848719946826
high_5.25in,0.13335,11.0,Driver,good,,14.638999999999966,156.40404862500003,/Users/john.pacino/openflight_sessions/iwr6843/iwr6843_20260824_124054_128_039.l3dump,accepted,23.14149973762371,four4_path_tdm,low,16.29078335607958,11,41,11.506568994523631,10.734401767604366,21.07499771763553,23.14149973762371
high_5.25in,0.13335,11.5,Driver,good,,14.638999999999966,156.40404862500003,/Users/john.pacino/openflight_sessions/iwr6843/iwr6843_20260824_124054_128_039.l3dump,accepted,24.064147283856904,four4_path_tdm,low,17.061524207610997,11,41,12.606357922641319,11.66722468518244,21.516690492580675,24.064147283856904
high_5.25in,0.13335,10.0,Driver,good,,11.029000000000005,152.53467763037108,/Users/john.pacino/openflight_sessions/iwr6843/iwr6843_20260824_124123_978_040.l3dump,accepted,8.175531622547924,direct_only,high,10.896398653400066,6,23,8.175531622547924,6.793762142771685,13.862315426888392,13.617265684252207
high_5.25in,0.13335,10.5,Driver,good,,11.029000000000005,152.53467763037108,/Users/john.pacino/openflight_sessions/iwr6843/iwr6843_20260824_124123_978_040.l3dump,accepted,9.324460023474945,direct_only,high,11.594880190286554,6,23,9.324460023474945,7.527403084964973,14.410942425737828,13.865300357098164
high_5.25in,0.13335,11.0,Driver,good,,11.029000000000005,152.53467763037108,/Users/john.pacino/openflight_sessions/iwr6843/iwr6843_20260824_124123_978_040.l3dump,accepted,10.351196445417767,direct_only,high,12.347286300519936,6,23,10.351196445417767,8.514571764298186,14.925173700092754,14.343376155622108
high_5.25in,0.13335,11.5,Driver,good,,11.029000000000005,152.53467763037108,/Users/john.pacino/openflight_sessions/iwr6843/iwr6843_20260824_124123_978_040.l3dump,accepted,14.835647918776552,four4_path_tdm,medium,13.037580829738427,6,23,11.239513740700302,9.62427423504661,15.473160027957833,14.835647918776552
high_5.25in,0.13335,10.0,Driver,good,,10.312000000000001,157.93143191235353,/Users/john.pacino/openflight_sessions/iwr6843/iwr6843_20260824_124155_931_041.l3dump,accepted,19.222315521484433,four4_path_tdm,medium,12.585435417644298,11,41,9.662970050449005,8.847032616278419,15.507900784839592,19.222315521484433
high_5.25in,0.13335,10.5,Driver,good,,10.312000000000001,157.93143191235353,/Users/john.pacino/openflight_sessions/iwr6843/iwr6843_20260824_124155_931_041.l3dump,accepted,20.086898273266815,four4_path_tdm,medium,13.555647298984496,11,41,10.615801601227892,8.98859992931468,16.495492996741103,20.086898273266815
high_5.25in,0.13335,11.0,Driver,good,,10.312000000000001,157.93143191235353,/Users/john.pacino/openflight_sessions/iwr6843/iwr6843_20260824_124155_931_041.l3dump,accepted,21.164278505622754,four4_path_tdm,medium,14.470202370934917,11,41,11.554136477823421,9.625198676624663,17.38626826404641,21.164278505622754
high_5.25in,0.13335,11.5,Driver,good,,10.312000000000001,157.93143191235353,/Users/john.pacino/openflight_sessions/iwr6843/iwr6843_20260824_124155_931_041.l3dump,accepted,22.08420652596891,four4_path_tdm,medium,15.376741487241194,11,41,12.58919579249034,10.702611706266923,18.164287181992048,22.08420652596891
