[0;32m[OpenFlight][0m Grafana Alloy already running (log shipping active)
[0;32m[OpenFlight][0m Starting OpenFlight server on port 8080...
[0;32m[OpenFlight][0m Trigger: sound
[0;32m[OpenFlight][0m Debug mode enabled (verbose output)
[0;32m[OpenFlight][0m Camera disabled
[0;32m[OpenFlight][0m Ballistic carry model enabled (simulator + drag/Magnus)
[0;32m[OpenFlight][0m Waiting for server to start...
[1:41:25.278968057] [6558]  INFO Camera camera_manager.cpp:340 libcamera v0.7.0+rpt20260205
[1:41:25.287800028] [6575]  INFO RPI pisp.cpp:720 libpisp version v1.4.0 23-03-2026 (13:29:05)
[1:41:25.296100677] [6575]  INFO IPAProxy ipa_proxy.cpp:180 Using tuning file /usr/share/libcamera/ipa/rpi/pisp/ov9281_mono.json
[1:41:25.297121708] [6575]  INFO Camera camera_manager.cpp:223 Adding camera '/base/axi/pcie@1000120000/rp1/i2c@88000/ov9281@60' for pipeline handler rpi/pisp
[1:41:25.297135022] [6575]  INFO RPI pisp.cpp:1181 Registered camera /base/axi/pcie@1000120000/rp1/i2c@88000/ov9281@60 to CFE device /dev/media1 and ISP device /dev/media0 using PiSP variant BCM2712_D0
2026-08-24 12:19:07,611 - picamera2.picamera2 - INFO - Initialization successful.
2026-08-24 12:19:07,612 - picamera2.picamera2 - INFO - Camera now open.
2026-08-24 12:19:07,613 - picamera2.picamera2 - INFO - Camera configuration has been adjusted!
[1:41:25.299953380] [6558]  INFO Camera camera.cpp:1215 configuring streams: (0) 320x200-YUV420/SMPTE170M (1) 320x200-R16/RAW
[1:41:25.300040674] [6575]  INFO RPI pisp.cpp:1485 Sensor: /base/axi/pcie@1000120000/rp1/i2c@88000/ov9281@60 - Selected sensor format: 320x200-Y8_1X8/RAW - Selected CFE format: 320x200-Y16 /RAW/Linear/Rec601/Limited
2026-08-24 12:19:07,614 - picamera2.picamera2 - INFO - Configuration successful!
2026-08-24 12:19:07,664 - picamera2.picamera2 - INFO - Camera started
2026-08-24 12:19:07,877 - openflight.camera.capture_runtime - INFO - [CAMERA] Capture armed at 320x200 488.0fps (raw, 74 pre/25 post)
2026-08-24 12:19:07,886 - openflight.server - INFO - [SERVER] Camera capture initialized: {'enabled': True, 'output_dir': '/home/pacinoj/openflight_sessions/trackman/camera', 'gpio_pin_bcm': 17, 'trigger_source': 'iwr6843_fanout', 'width': 320, 'height': 200, 'fps': 488.0, 'pre_ms': 150.0, 'post_ms': 50.0, 'pre_frames': 74, 'post_frames': 25, 'exposure_us': 500, 'gain': 15.0, 'stream': 'raw', 'rotate_180': False, 'mirror_horizontal': True, 'roll_correction_deg': 0.0, 'scaler_crop': None, 'mount_height_m': 0.2032, 'lateral_offset_m': -0.060325, 'horizontal_offset_deg': 0.0, 'alignment_x_pct': 50.0, 'alignment_y_pct': 50.0}
2026-08-24 12:19:12,722 - openflight.gpio_factory - INFO - [GPIO] Pin factory: lgpio on /dev/gpiochip4
2026-08-24 12:19:12,726 - openflight.iwr6843.monitor - INFO - [IWR6843] Configured on BCM17 using /dev/ttyUSB0 (iwr6843_l3dump_wide_24f3ms_53bin_iq16.cfg, waiting for OPS)
2026-08-24 12:19:12,726 - openflight.server - INFO - [SERVER] IWR6843 initialized (port=/dev/ttyUSB0, BCM17, estimator=LCMF-v1, firmware boundary freeze)
2026-08-24 12:19:12,730 - ops243 - INFO - [OPS] Transport=usb port=/dev/serial/by-id/usb-Infineon_IFX_CDC-if00 baud=57600 (nominal)
2026-08-24 12:19:12,730 - ops243 - INFO - [OPS] USB serial latency_timer unavailable: port=/dev/serial/by-id/usb-Infineon_IFX_CDC-if00 resolved=/dev/ttyACM0 (latency_timer not exposed)
2026-08-24 12:19:13,339 - ops243 - INFO - [OPS] Units: MPH
2026-08-24 12:19:13,447 - ops243 - INFO - [OPS] Transmit power: level 3 (reduced to avoid clipping)
2026-08-24 12:19:13,555 - ops243 - INFO - [OPS] Sample rate: 30ksps
2026-08-24 12:19:13,755 - ops243 - INFO - [OPS] Re-arm drain: 0 bytes in 0.2s
2026-08-24 12:19:14,107 - ops243 - INFO - [OPS] Rolling buffer re-armed (S#16)
2026-08-24 12:19:14,107 - ops243 - INFO - [OPS] Persisted rolling buffer prepared (S#16, 30ksps)
2026-08-24 12:19:14,107 - openflight.rolling_buffer.monitor - INFO - [MONITOR] Rolling buffer mode configured with S#16, S=30
2026-08-24 12:19:14,107 - openflight.server - INFO - [SERVER] Starting monitor: mode=rolling-buffer, trigger=sound, sample_rate=30ksps
2026-08-24 12:19:14,673 - ops243 - INFO - [OPS] Clock sync: method=integer_rollover offset=1787582247.668s best_read_latency=0.3ms spread=989.1ms rollover_uncertainty=10.9ms (39/39 valid)
2026-08-24 12:19:14,674 - openflight.rolling_buffer.trigger - INFO - [TRIGGER] Waiting for sound trigger (timeout=30s)...
2026-08-24 12:19:14,674 - openflight.rolling_buffer.monitor - INFO - [MONITOR] Rolling buffer monitor started (trigger: sound)
2026-08-24 12:19:14,675 - openflight.iwr6843.monitor - INFO - [IWR6843] Armed on BCM17
2026-08-24 12:19:14,675 - openflight.server - INFO - [POWER] Battery monitoring enabled with provider=geekworm
2026-08-24 12:19:14,675 - werkzeug - WARNING - Werkzeug appears to be used in a production deployment. Consider switching to a production web server instead.
==================================================
  OpenFlight UI Server
==================================================

Session logging enabled (location: trackman)
Ballistic carry model: ENABLED (simulator + drag/Magnus)
Camera capture enabled: /home/pacinoj/openflight_sessions/trackman/camera
Camera disabled by --no-camera flag
IWR6843 enabled (LCMF-v1 launch angle, BCM17, normal TX order)
IWR6843 raw dumps enabled: /home/pacinoj/openflight_sessions/iwr6843
[MODE] Rolling buffer mode (trigger: sound, sample_rate: 30ksps)
[SESSION] Started logging: /home/pacinoj/openflight_sessions/session_20260824_121914_trackman.jsonl
[SESSION] Mode: rolling-buffer (trigger: sound)
[SESSION] Raw radar log: /home/pacinoj/openflight_sessions/radar_raw_20260824_121914.log
Battery monitoring: ENABLED (geekworm)
Server starting at http://0.0.0.0:8080

 * Serving Flask app 'openflight.server'
 * Debug mode: off
2026-08-24 12:19:14,687 - werkzeug - INFO - [31m[1mWARNING: This is a development server. Do not use it in a production deployment. Use a production WSGI server instead.[0m
 * Running on all addresses (0.0.0.0)
 * Running on http://127.0.0.1:8080
 * Running on http://172.20.10.2:8080
2026-08-24 12:19:14,687 - werkzeug - INFO - [33mPress CTRL+C to quit[0m
2026-08-24 12:19:14,963 - werkzeug - INFO - 127.0.0.1 - - [24/Aug/2026 12:19:14] "GET / HTTP/1.1" 200 -
2026-08-24 12:19:14,976 - werkzeug - INFO - 127.0.0.1 - - [24/Aug/2026 12:19:14] "GET / HTTP/1.1" 200 -
[0;32m[OpenFlight][0m Server is running!
[0;32m[OpenFlight][0m Launching kiosk browser...
[0;32m[OpenFlight][0m OpenFlight is running! Press Ctrl+C to stop.
[6686:6686:0824/121915.439434:ERROR:base/memory/shared_memory_switch.cc:289] Failed global descriptor lookup: 7
Error: unrecognized flag --no-decommit-pooled-pages
Try --help for options
Error: unrecognized flag --no-decommit-pooled-pages
Try --help for options
2026-08-24 12:19:15,698 - werkzeug - INFO - 127.0.0.1 - - [24/Aug/2026 12:19:15] "[36mGET / HTTP/1.1[0m" 304 -
2026-08-24 12:19:15,721 - werkzeug - INFO - 127.0.0.1 - - [24/Aug/2026 12:19:15] "[36mGET /assets/index-HrqFjySq.js HTTP/1.1[0m" 304 -
2026-08-24 12:19:15,723 - werkzeug - INFO - 127.0.0.1 - - [24/Aug/2026 12:19:15] "[36mGET /assets/index-h0PAR9Ke.css HTTP/1.1[0m" 304 -
[6621:6657:0824/121918.847742:ERROR:google_apis/gcm/engine/registration_request.cc:291] Registration response error message: DEPRECATED_ENDPOINT
2026-08-24 12:19:44,681 - ops243 - INFO - [OPS] Hardware trigger: no data received within 30s
2026-08-24 12:19:44,682 - openflight.rolling_buffer.trigger - INFO - [TRIGGER] Sound trigger timeout — no hardware trigger received
2026-08-24 12:19:44,682 - openflight.rolling_buffer.trigger - INFO - [TRIGGER] Waiting for sound trigger (timeout=30s)...
[6621:6657:0824/121945.834224:ERROR:google_apis/gcm/engine/registration_request.cc:291] Registration response error message: DEPRECATED_ENDPOINT
[6762:6762:0824/122004.507482:ERROR:base/memory/shared_memory_switch.cc:289] Failed global descriptor lookup: 7
2026-08-24 12:20:14,690 - ops243 - INFO - [OPS] Hardware trigger: no data received within 30s
2026-08-24 12:20:14,690 - openflight.rolling_buffer.trigger - INFO - [TRIGGER] Sound trigger timeout — no hardware trigger received
2026-08-24 12:20:14,690 - openflight.rolling_buffer.trigger - INFO - [TRIGGER] Waiting for sound trigger (timeout=30s)...
[6621:6657:0824/122027.606154:ERROR:google_apis/gcm/engine/registration_request.cc:291] Registration response error message: DEPRECATED_ENDPOINT
2026-08-24 12:20:30,057 - openflight.iwr6843.monitor - INFO - [IWR6843] Trigger #1: dumping firmware-frozen L3 ring
2026-08-24 12:20:30,129 - ops243 - DEBUG - [OPS] Hardware trigger: first byte after 15.4s
2026-08-24 12:20:30,176 - openflight.camera.capture_runtime - INFO - [CAMERA] Capture #1 saved: 99 frames, 467.6fps, gaps=0 -> /home/pacinoj/openflight_sessions/trackman/camera/camera_20260824_122030_056_001
2026-08-24 12:20:32,869 - ops243 - INFO - [OPS] Hardware trigger: 41035 bytes in 18.2s
2026-08-24 12:20:32,869 - openflight.rolling_buffer.trigger - INFO - [TRIGGER] Sound trigger fired, 41035 bytes received
2026-08-24 12:20:33,662 - ops243 - INFO - [OPS] Clock sync: method=integer_rollover offset=1787582247.656s best_read_latency=0.2ms spread=989.0ms rollover_uncertainty=11.0ms (71/71 valid)
2026-08-24 12:20:33,662 - openflight.rolling_buffer.trigger - INFO - [TRIGGER] OPS clock sync selected: fresh offset=1787582247.656283s age=0.0ms (fresh=valid_integer_rollover, previous=valid_integer_rollover, delta=-11.5ms)
2026-08-24 12:20:33,862 - ops243 - INFO - [OPS] Re-arm drain: 0 bytes in 0.2s
2026-08-24 12:20:34,214 - ops243 - INFO - [OPS] Rolling buffer re-armed (S#16)
2026-08-24 12:20:34,214 - openflight.rolling_buffer.trigger - INFO - [TRIGGER] Sound trigger wall time 1787588430.053 (source=ops_clock_sync, first byte 1787588430.129, post-trigger 68.5ms)
2026-08-24 12:20:34,214 - openflight.rolling_buffer.trigger - INFO - [TRIGGER] Sound trigger accepted — peak 99.2 mph, 35 outbound readings
2026-08-24 12:20:34,233 - openflight.rolling_buffer.processor - INFO - [PROCESSOR] Ball speed: 99.2 mph (mode-based, 35 outbound readings)
2026-08-24 12:20:34,290 - openflight.rolling_buffer.processor - INFO - [PROCESSOR] Club speed: 90.3 mph at 16.0ms before ball
2026-08-24 12:20:34,291 - openflight.rolling_buffer.processor - INFO - [PROCESSOR] Impact estimate: sound_trigger 68.0ms (speed_delta_below_threshold)
2026-08-24 12:20:34,294 - openflight.rolling_buffer.processor - INFO - [PROCESSOR] Multitaper repaired 0.05% clipped I/Q samples
2026-08-24 12:20:34,299 - openflight.rolling_buffer.processor - INFO - [PROCESSOR] Ball signal lost at 120.9ms (window trimmed from 136.5ms)
2026-08-24 12:20:34,381 - openflight.rolling_buffer.processor - INFO - [PROCESSOR] Ungated multitaper spin: 3955 RPM, evidence=2.19, fade=25.00 Hz, window=50.9ms
2026-08-24 12:20:34,382 - openflight.rolling_buffer.processor - INFO - [PROCESSOR] Spin result: 3955 RPM, SNR=2.19, quality=experimental
2026-08-24 12:20:34,382 - openflight.rolling_buffer.monitor - INFO - [MONITOR] process_capture: 166.8ms
2026-08-24 12:20:34,382 - openflight.rolling_buffer.monitor - INFO - [MONITOR] Shot detected: ball=99.2 mph, club=90.3, spin=3955
2026-08-24 12:20:34,384 - openflight.server - INFO - [SERVER] Shot callback: 99.2 mph
2026-08-24 12:20:37,154 - openflight.iwr6843.monitor - INFO - [IWR6843] Capture #1 complete: 732812 bytes in 7.10s
2026-08-24 12:20:37,785 - openflight.iwr6843.club - INFO - [CLUB] track=ops_speed_prior OPS=90.3 mph radial=36.3 m/s ratio=0.90 impact_error=0.112 m inliers=58 rms=0.37 bins
2026-08-24 12:20:37,859 - openflight.server - INFO - [SERVER] IWR6843 LCMF-v1 launch: 13.68° (29 snapshots/9 frames, component std 3.81°)
2026-08-24 12:20:37,860 - openflight.server - INFO - [SERVER] Camera capture #1 matched -> /home/pacinoj/openflight_sessions/trackman/camera/camera_20260824_122030_056_001
2026-08-24 12:20:37,915 - openflight.server - INFO - [SERVER] Camera-assisted horizontal: selected=None camera=None IWR=None delta=None status=camera_withheld_fallback_iwr support=0/27
2026-08-24 12:20:37,992 - openflight.server - INFO - [SERVER] Camera/IWR chained club delivery: AoA None path None (status=rejected_no_impact, features=0, speed_ratio=None, velocity_mad=None mph, path_windows=0, path_mad=None deg, impact_frame=None)
2026-08-24 12:20:37,992 - openflight.server - INFO - [SERVER] Horizontal angle unavailable; no measured trajectory
2026-08-24 12:20:37,992 - openflight.server - INFO - [SERVER] Ball speed cosine correction: 99.2 -> 101.4 mph (LA 13.7)
2026-08-24 12:20:37,992 - openflight.server - INFO - [SERVER] Calculated spin: 3054 rpm (v=101.4 mph, LA=13.7 deg, measured was 3955 rpm)
2026-08-24 12:20:38,011 - openflight.server - INFO - [SERVER] Ballistic carry: 125 yds (spin: 3054 rpm, source: measured)
2026-08-24 12:20:38,012 - openflight.server - INFO - [SERVER] Shot: ball=101.4 mph, carry=133 yds, Launch: 13.7°
2026-08-24 12:20:38,012 - openflight.rolling_buffer.monitor - INFO - [SHOT] #1: ball=101.4 mph, club=90.3, carry=133 yds | trigger=19525ms, process=167ms, callback=3629ms, total=23322ms
2026-08-24 12:20:38,012 - openflight.rolling_buffer.trigger - INFO - [TRIGGER] Waiting for sound trigger (timeout=30s)...
2026-08-24 12:20:48,418 - openflight.iwr6843.monitor - INFO - [IWR6843] Trigger #2: dumping firmware-frozen L3 ring
2026-08-24 12:20:48,495 - ops243 - DEBUG - [OPS] Hardware trigger: first byte after 10.5s
2026-08-24 12:20:48,541 - openflight.camera.capture_runtime - INFO - [CAMERA] Capture #2 saved: 99 frames, 467.6fps, gaps=0 -> /home/pacinoj/openflight_sessions/trackman/camera/camera_20260824_122048_417_002
2026-08-24 12:20:51,231 - ops243 - INFO - [OPS] Hardware trigger: 41037 bytes in 13.2s
2026-08-24 12:20:51,232 - openflight.rolling_buffer.trigger - INFO - [TRIGGER] Sound trigger fired, 41037 bytes received
2026-08-24 12:20:51,663 - ops243 - INFO - [OPS] Clock sync: method=integer_rollover offset=1787582247.657s best_read_latency=0.3ms spread=988.7ms rollover_uncertainty=11.3ms (39/39 valid)
2026-08-24 12:20:51,663 - openflight.rolling_buffer.trigger - INFO - [TRIGGER] OPS clock sync selected: fresh offset=1787582247.657006s age=0.0ms (fresh=valid_integer_rollover, previous=valid_integer_rollover, delta=0.7ms)
2026-08-24 12:20:51,863 - ops243 - INFO - [OPS] Re-arm drain: 0 bytes in 0.2s
2026-08-24 12:20:52,216 - ops243 - INFO - [OPS] Rolling buffer re-armed (S#16)
2026-08-24 12:20:52,216 - openflight.rolling_buffer.trigger - INFO - [TRIGGER] Sound trigger wall time 1787588448.417 (source=ops_clock_sync, first byte 1787588448.496, post-trigger 68.5ms)
2026-08-24 12:20:52,216 - openflight.rolling_buffer.trigger - INFO - [TRIGGER] Sound trigger accepted — peak 126.7 mph, 39 outbound readings
2026-08-24 12:20:52,235 - openflight.rolling_buffer.processor - INFO - [PROCESSOR] Ball speed: 126.7 mph (mode-based, 39 outbound readings)
2026-08-24 12:20:52,301 - openflight.rolling_buffer.processor - INFO - [PROCESSOR] Club speed: 88.2 mph at 13.9ms before ball
2026-08-24 12:20:52,301 - openflight.rolling_buffer.processor - INFO - [PROCESSOR] Impact estimate: OPS transition 60.8ms (club 86.0 mph @ 59.7ms -> ball 125.0 mph @ 61.9ms, delta=39.0 mph)
2026-08-24 12:20:52,302 - openflight.rolling_buffer.processor - INFO - [PROCESSOR] Multitaper repaired 0.02% clipped I/Q samples
2026-08-24 12:20:52,307 - openflight.rolling_buffer.processor - INFO - [PROCESSOR] Ball signal lost at 126.2ms (window trimmed from 136.5ms)
2026-08-24 12:20:52,376 - openflight.rolling_buffer.processor - INFO - [PROCESSOR] Ungated multitaper spin: 10876 RPM, evidence=1.31, fade=25.00 Hz, window=58.3ms
2026-08-24 12:20:52,376 - openflight.rolling_buffer.processor - INFO - [PROCESSOR] Spin result: 10876 RPM, SNR=1.31, quality=experimental
2026-08-24 12:20:52,376 - openflight.rolling_buffer.monitor - INFO - [MONITOR] process_capture: 159.4ms
2026-08-24 12:20:52,377 - openflight.rolling_buffer.monitor - INFO - [MONITOR] Shot detected: ball=126.7 mph, club=88.2, spin=10876
2026-08-24 12:20:52,381 - openflight.server - INFO - [SERVER] Shot callback: 126.7 mph
2026-08-24 12:20:55,513 - openflight.iwr6843.monitor - INFO - [IWR6843] Capture #2 complete: 732812 bytes in 7.09s
2026-08-24 12:20:56,094 - openflight.iwr6843.club - INFO - [CLUB] track=ops_speed_prior OPS=88.2 mph radial=36.3 m/s ratio=0.92 impact_error=0.078 m inliers=55 rms=0.42 bins
2026-08-24 12:20:56,200 - openflight.server - INFO - [SERVER] IWR6843 LCMF-v1 launch: 13.06° (24 snapshots/6 frames, component std 1.33°)
2026-08-24 12:20:56,200 - openflight.server - INFO - [SERVER] Camera capture #2 matched -> /home/pacinoj/openflight_sessions/trackman/camera/camera_20260824_122048_417_002
2026-08-24 12:20:56,257 - openflight.server - INFO - [SERVER] Camera-assisted horizontal: selected=None camera=None IWR=None delta=None status=camera_withheld_fallback_iwr support=0/27
2026-08-24 12:20:56,375 - openflight.server - INFO - [SERVER] Camera/IWR chained club delivery: AoA 10.61 path -6.35 (status=approach_mixed, features=15, speed_ratio=0.939, velocity_mad=0.22 mph, path_windows=1, path_mad=0.0 deg, impact_frame=66)
2026-08-24 12:20:56,375 - openflight.server - INFO - [SERVER] Horizontal angle unavailable; no measured trajectory
2026-08-24 12:20:56,375 - openflight.server - INFO - [SERVER] Ball speed cosine correction: 126.7 -> 128.8 mph (LA 13.1)
2026-08-24 12:20:56,375 - openflight.server - INFO - [SERVER] Calculated spin: 3674 rpm (v=128.8 mph, LA=13.1 deg, measured was 10876 rpm)
2026-08-24 12:20:56,401 - openflight.server - INFO - [SERVER] Ballistic carry: 190 yds (spin: 3674 rpm, source: measured)
2026-08-24 12:20:56,402 - openflight.server - INFO - [SERVER] Shot: ball=128.8 mph, carry=203 yds, Launch: 13.1°
2026-08-24 12:20:56,402 - openflight.rolling_buffer.monitor - INFO - [SHOT] #2: ball=128.8 mph, club=88.2, carry=203 yds | trigger=14204ms, process=159ms, callback=4021ms, total=18390ms
2026-08-24 12:20:56,403 - openflight.rolling_buffer.trigger - INFO - [TRIGGER] Waiting for sound trigger (timeout=30s)...
2026-08-24 12:21:18,819 - openflight.iwr6843.monitor - INFO - [IWR6843] Trigger #3: dumping firmware-frozen L3 ring
2026-08-24 12:21:18,905 - ops243 - DEBUG - [OPS] Hardware trigger: first byte after 22.5s
2026-08-24 12:21:18,974 - openflight.camera.capture_runtime - INFO - [CAMERA] Capture #3 saved: 99 frames, 467.6fps, gaps=0 -> /home/pacinoj/openflight_sessions/trackman/camera/camera_20260824_122118_819_003
2026-08-24 12:21:21,633 - ops243 - INFO - [OPS] Hardware trigger: 41037 bytes in 25.2s
2026-08-24 12:21:21,633 - openflight.rolling_buffer.trigger - INFO - [TRIGGER] Sound trigger fired, 41037 bytes received
2026-08-24 12:21:22,033 - ops243 - INFO - [OPS] Clock sync: method=integer_rollover offset=1787582247.650s best_read_latency=0.3ms spread=989.2ms rollover_uncertainty=10.8ms (36/36 valid)
2026-08-24 12:21:22,034 - openflight.rolling_buffer.trigger - INFO - [TRIGGER] OPS clock sync selected: fresh offset=1787582247.650323s age=0.0ms (fresh=valid_integer_rollover, previous=valid_integer_rollover, delta=-6.7ms)
2026-08-24 12:21:22,234 - ops243 - INFO - [OPS] Re-arm drain: 0 bytes in 0.2s
2026-08-24 12:21:22,585 - ops243 - INFO - [OPS] Rolling buffer re-armed (S#16)
2026-08-24 12:21:22,586 - openflight.rolling_buffer.trigger - INFO - [TRIGGER] Sound trigger wall time 1787588478.814 (source=ops_clock_sync, first byte 1787588478.906, post-trigger 68.5ms)
2026-08-24 12:21:22,586 - openflight.rolling_buffer.trigger - INFO - [TRIGGER] Sound trigger accepted — peak 110.0 mph, 46 outbound readings
2026-08-24 12:21:22,598 - openflight.rolling_buffer.processor - INFO - [PROCESSOR] Ball speed: 110.0 mph (mode-based, 46 outbound readings)
2026-08-24 12:21:22,641 - openflight.rolling_buffer.processor - INFO - [PROCESSOR] Club speed: 89.8 mph at 13.9ms before ball
2026-08-24 12:21:22,641 - openflight.rolling_buffer.processor - INFO - [PROCESSOR] Impact estimate: OPS transition 65.6ms (club 86.9 mph @ 64.0ms -> ball 107.9 mph @ 67.2ms, delta=21.1 mph)
2026-08-24 12:21:22,737 - openflight.rolling_buffer.processor - INFO - [PROCESSOR] Ungated multitaper spin: 6372 RPM, evidence=18.24, fade=30.45 Hz, window=59.1ms
2026-08-24 12:21:22,737 - openflight.rolling_buffer.processor - INFO - [PROCESSOR] Spin result: 6372 RPM, SNR=18.24, quality=experimental
2026-08-24 12:21:22,738 - openflight.rolling_buffer.monitor - INFO - [MONITOR] process_capture: 151.6ms
2026-08-24 12:21:22,738 - openflight.rolling_buffer.monitor - INFO - [MONITOR] Shot detected: ball=110.0 mph, club=89.8, spin=6372
2026-08-24 12:21:22,739 - openflight.server - INFO - [SERVER] Shot callback: 110.0 mph
2026-08-24 12:21:25,916 - openflight.iwr6843.monitor - INFO - [IWR6843] Capture #3 complete: 732812 bytes in 7.10s
2026-08-24 12:21:26,507 - openflight.iwr6843.club - INFO - [CLUB] track=ops_speed_prior OPS=89.8 mph radial=38.6 m/s ratio=0.96 impact_error=0.078 m inliers=57 rms=0.27 bins
2026-08-24 12:21:26,582 - openflight.server - INFO - [SERVER] IWR6843 TX2 horizontal proxy: -3.57° (coherence 96%, status=hlcmf_v1_accepted)
2026-08-24 12:21:26,582 - openflight.server - INFO - [SERVER] IWR6843 LCMF-v1 launch: 11.95° (31 snapshots/9 frames, component std 1.09°)
2026-08-24 12:21:26,582 - openflight.server - INFO - [SERVER] Camera capture #3 matched -> /home/pacinoj/openflight_sessions/trackman/camera/camera_20260824_122118_819_003
2026-08-24 12:21:29,132 - openflight.server - INFO - [SERVER] Camera-assisted horizontal: selected=-3.569002950339213 camera=1.5505237512219026 IWR=-3.569002950339213 delta=5.119526701561114 status=camera_experimental_disagreement_fallback_iwr support=17/27
2026-08-24 12:21:29,233 - openflight.server - INFO - [SERVER] Camera/IWR chained club delivery: AoA None path -11.87 (status=approach_path_only, features=0, speed_ratio=None, velocity_mad=None mph, path_windows=1, path_mad=0.0 deg, impact_frame=67)
2026-08-24 12:21:29,233 - openflight.server - INFO - [SERVER] Ball speed cosine correction: 110.0 -> 112.0 mph (LA 12.0)
2026-08-24 12:21:29,233 - openflight.server - INFO - [SERVER] Calculated spin: 2876 rpm (v=112.0 mph, LA=12.0 deg, measured was 6372 rpm)
2026-08-24 12:21:29,252 - openflight.server - INFO - [SERVER] Ballistic carry: 140 yds (spin: 2876 rpm, source: measured)
2026-08-24 12:21:29,253 - openflight.server - INFO - [SERVER] Shot: ball=112.0 mph, carry=158 yds, Launch: 12.0°
2026-08-24 12:21:29,254 - openflight.rolling_buffer.monitor - INFO - [SHOT] #3: ball=112.0 mph, club=89.8, carry=158 yds | trigger=26183ms, process=152ms, callback=6514ms, total=32851ms
2026-08-24 12:21:29,254 - openflight.rolling_buffer.trigger - INFO - [TRIGGER] Waiting for sound trigger (timeout=30s)...
2026-08-24 12:21:42,347 - openflight.iwr6843.monitor - INFO - [IWR6843] Trigger #4: dumping firmware-frozen L3 ring
2026-08-24 12:21:42,421 - ops243 - DEBUG - [OPS] Hardware trigger: first byte after 13.2s
2026-08-24 12:21:42,465 - openflight.camera.capture_runtime - INFO - [CAMERA] Capture #4 saved: 99 frames, 467.6fps, gaps=0 -> /home/pacinoj/openflight_sessions/trackman/camera/camera_20260824_122142_347_004
2026-08-24 12:21:45,159 - ops243 - INFO - [OPS] Hardware trigger: 41035 bytes in 15.9s
2026-08-24 12:21:45,159 - openflight.rolling_buffer.trigger - INFO - [TRIGGER] Sound trigger fired, 41035 bytes received
2026-08-24 12:21:45,660 - ops243 - INFO - [OPS] Clock sync: method=integer_rollover offset=1787582247.654s best_read_latency=0.2ms spread=988.9ms rollover_uncertainty=11.1ms (45/45 valid)
2026-08-24 12:21:45,660 - openflight.rolling_buffer.trigger - INFO - [TRIGGER] OPS clock sync selected: fresh offset=1787582247.654031s age=0.0ms (fresh=valid_integer_rollover, previous=valid_integer_rollover, delta=3.7ms)
2026-08-24 12:21:45,860 - ops243 - INFO - [OPS] Re-arm drain: 0 bytes in 0.2s
2026-08-24 12:21:46,212 - ops243 - INFO - [OPS] Rolling buffer re-armed (S#16)
2026-08-24 12:21:46,212 - openflight.rolling_buffer.trigger - INFO - [TRIGGER] Sound trigger wall time 1787588502.348 (source=ops_clock_sync, first byte 1787588502.422, post-trigger 68.5ms)
2026-08-24 12:21:46,212 - openflight.rolling_buffer.trigger - INFO - [TRIGGER] Sound trigger accepted — peak 119.3 mph, 40 outbound readings
2026-08-24 12:21:46,228 - openflight.rolling_buffer.processor - INFO - [PROCESSOR] Ball speed: 119.3 mph (mode-based, 40 outbound readings)
2026-08-24 12:21:46,270 - openflight.rolling_buffer.processor - INFO - [PROCESSOR] Club speed: 89.2 mph at 13.9ms before ball
2026-08-24 12:21:46,271 - openflight.rolling_buffer.processor - INFO - [PROCESSOR] Impact estimate: OPS transition 61.3ms (club 88.9 mph @ 60.8ms -> ball 117.9 mph @ 61.9ms, delta=29.0 mph)
2026-08-24 12:21:46,277 - openflight.rolling_buffer.processor - INFO - [PROCESSOR] Ball signal lost at 130.4ms (window trimmed from 136.5ms)
2026-08-24 12:21:46,346 - openflight.rolling_buffer.processor - INFO - [PROCESSOR] Ungated multitaper spin: 5273 RPM, evidence=4.19, fade=25.00 Hz, window=62.6ms
2026-08-24 12:21:46,346 - openflight.rolling_buffer.processor - INFO - [PROCESSOR] Spin result: 5273 RPM, SNR=4.19, quality=experimental
2026-08-24 12:21:46,346 - openflight.rolling_buffer.monitor - INFO - [MONITOR] process_capture: 133.1ms
2026-08-24 12:21:46,346 - openflight.rolling_buffer.monitor - INFO - [MONITOR] Shot detected: ball=119.3 mph, club=89.2, spin=5273
2026-08-24 12:21:46,348 - openflight.server - INFO - [SERVER] Shot callback: 119.3 mph
2026-08-24 12:21:49,445 - openflight.iwr6843.monitor - INFO - [IWR6843] Capture #4 complete: 732812 bytes in 7.10s
2026-08-24 12:21:50,011 - openflight.iwr6843.club - INFO - [CLUB] track=ops_speed_prior OPS=89.2 mph radial=37.1 m/s ratio=0.93 impact_error=0.094 m inliers=57 rms=0.28 bins
2026-08-24 12:21:50,089 - openflight.server - INFO - [SERVER] IWR6843 LCMF-v1 launch: 12.49° (17 snapshots/5 frames, component std 7.15°)
2026-08-24 12:21:50,089 - openflight.server - INFO - [SERVER] Camera capture #4 matched -> /home/pacinoj/openflight_sessions/trackman/camera/camera_20260824_122142_347_004
2026-08-24 12:21:52,845 - openflight.server - INFO - [SERVER] Camera-assisted horizontal: selected=-4.393104497020346 camera=-4.393104497020346 IWR=None delta=None status=camera_assisted_high support=18/27
2026-08-24 12:21:52,956 - openflight.server - INFO - [SERVER] Camera/IWR chained club delivery: AoA None path 9.61 (status=approach_path_only, features=0, speed_ratio=None, velocity_mad=None mph, path_windows=1, path_mad=0.0 deg, impact_frame=66)
2026-08-24 12:21:52,957 - openflight.server - INFO - [SERVER] Ball speed cosine correction: 119.3 -> 121.4 mph (LA 12.5)
2026-08-24 12:21:52,957 - openflight.server - INFO - [SERVER] Calculated spin: 3286 rpm (v=121.4 mph, LA=12.5 deg, measured was 5273 rpm)
2026-08-24 12:21:52,979 - openflight.server - INFO - [SERVER] Ballistic carry: 168 yds (spin: 3286 rpm, source: measured)
2026-08-24 12:21:52,980 - openflight.server - INFO - [SERVER] Shot: ball=121.4 mph, carry=187 yds, Launch: 12.5°
2026-08-24 12:21:52,980 - openflight.rolling_buffer.monitor - INFO - [SHOT] #4: ball=121.4 mph, club=89.2, carry=187 yds | trigger=16959ms, process=133ms, callback=6632ms, total=23726ms
2026-08-24 12:21:52,981 - openflight.rolling_buffer.trigger - INFO - [TRIGGER] Waiting for sound trigger (timeout=30s)...
[6621:6657:0824/122201.967259:ERROR:google_apis/gcm/engine/registration_request.cc:291] Registration response error message: DEPRECATED_ENDPOINT
2026-08-24 12:22:04,491 - openflight.iwr6843.monitor - INFO - [IWR6843] Trigger #5: dumping firmware-frozen L3 ring
2026-08-24 12:22:04,577 - ops243 - DEBUG - [OPS] Hardware trigger: first byte after 11.6s
2026-08-24 12:22:04,606 - openflight.camera.capture_runtime - INFO - [CAMERA] Capture #5 saved: 99 frames, 467.6fps, gaps=0 -> /home/pacinoj/openflight_sessions/trackman/camera/camera_20260824_122204_491_005
2026-08-24 12:22:07,300 - ops243 - INFO - [OPS] Hardware trigger: 41037 bytes in 14.3s
2026-08-24 12:22:07,300 - openflight.rolling_buffer.trigger - INFO - [TRIGGER] Sound trigger fired, 41037 bytes received
2026-08-24 12:22:07,703 - ops243 - INFO - [OPS] Clock sync: method=integer_rollover offset=1787582247.653s best_read_latency=0.4ms spread=989.0ms rollover_uncertainty=11.0ms (36/36 valid)
2026-08-24 12:22:07,703 - openflight.rolling_buffer.trigger - INFO - [TRIGGER] OPS clock sync selected: fresh offset=1787582247.653284s age=0.0ms (fresh=valid_integer_rollover, previous=valid_integer_rollover, delta=-0.7ms)
2026-08-24 12:22:07,903 - ops243 - INFO - [OPS] Re-arm drain: 0 bytes in 0.2s
2026-08-24 12:22:08,255 - ops243 - INFO - [OPS] Rolling buffer re-armed (S#16)
2026-08-24 12:22:08,256 - openflight.rolling_buffer.trigger - INFO - [TRIGGER] Sound trigger wall time 1787588524.493 (source=ops_clock_sync, first byte 1787588524.577, post-trigger 68.5ms)
2026-08-24 12:22:08,256 - openflight.rolling_buffer.trigger - INFO - [TRIGGER] Sound trigger accepted — peak 116.4 mph, 37 outbound readings
2026-08-24 12:22:08,272 - openflight.rolling_buffer.processor - INFO - [PROCESSOR] Ball speed: 116.4 mph (mode-based, 37 outbound readings)
2026-08-24 12:22:08,328 - openflight.rolling_buffer.processor - INFO - [PROCESSOR] Club speed: 91.4 mph at 18.1ms before ball
2026-08-24 12:22:08,328 - openflight.rolling_buffer.processor - INFO - [PROCESSOR] Impact estimate: OPS transition 67.2ms (club 90.8 mph @ 62.9ms -> ball 115.9 mph @ 71.5ms, delta=25.0 mph)
2026-08-24 12:22:08,331 - openflight.rolling_buffer.processor - INFO - [PROCESSOR] Multitaper repaired 0.02% clipped I/Q samples
2026-08-24 12:22:08,381 - openflight.rolling_buffer.processor - INFO - [PROCESSOR] Ungated multitaper spin: 8130 RPM, evidence=0.63, fade=89.97 Hz, window=60.1ms
2026-08-24 12:22:08,382 - openflight.rolling_buffer.processor - INFO - [PROCESSOR] Spin result: 8130 RPM, SNR=0.63, quality=experimental
2026-08-24 12:22:08,382 - openflight.rolling_buffer.monitor - INFO - [MONITOR] process_capture: 125.5ms
2026-08-24 12:22:08,382 - openflight.rolling_buffer.monitor - INFO - [MONITOR] Shot detected: ball=116.4 mph, club=91.4, spin=8130
2026-08-24 12:22:08,384 - openflight.server - INFO - [SERVER] Shot callback: 116.4 mph
2026-08-24 12:22:11,588 - openflight.iwr6843.monitor - INFO - [IWR6843] Capture #5 complete: 732812 bytes in 7.10s
2026-08-24 12:22:12,170 - openflight.iwr6843.club - INFO - [CLUB] track=ops_speed_prior OPS=91.4 mph radial=38.0 m/s ratio=0.93 impact_error=0.091 m inliers=60 rms=0.27 bins
2026-08-24 12:22:12,242 - openflight.server - INFO - [SERVER] IWR6843 TX2 horizontal proxy: 34.12° (coherence 96%, status=hlcmf_v1_accepted)
2026-08-24 12:22:12,242 - openflight.server - INFO - [SERVER] IWR6843 LCMF-v1 launch: 8.46° (23 snapshots/6 frames, component std 5.15°)
2026-08-24 12:22:12,243 - openflight.server - INFO - [SERVER] Camera capture #5 matched -> /home/pacinoj/openflight_sessions/trackman/camera/camera_20260824_122204_491_005
2026-08-24 12:22:19,329 - openflight.server - INFO - [SERVER] Camera-assisted horizontal: selected=34.11601061925152 camera=None IWR=34.11601061925152 delta=None status=camera_withheld_fallback_iwr support=9/27
2026-08-24 12:22:19,437 - openflight.server - INFO - [SERVER] Camera/IWR chained club delivery: AoA 25.29 path -5.7 (status=approach_mixed, features=12, speed_ratio=1.007, velocity_mad=0.61 mph, path_windows=2, path_mad=8.37 deg, impact_frame=66)
2026-08-24 12:22:19,437 - openflight.server - INFO - [SERVER] Ball speed cosine correction: 116.4 -> 118.0 mph (LA 8.5)
2026-08-24 12:22:19,437 - openflight.server - INFO - [SERVER] Calculated spin: 2011 rpm (v=118.0 mph, LA=8.5 deg, measured was 8130 rpm)
2026-08-24 12:22:19,452 - openflight.server - INFO - [SERVER] Ballistic carry: 99 yds (spin: 2011 rpm, source: measured)
2026-08-24 12:22:19,453 - openflight.server - INFO - [SERVER] Shot: ball=118.0 mph, carry=172 yds, Launch: 8.5°
2026-08-24 12:22:19,453 - openflight.rolling_buffer.monitor - INFO - [SHOT] #5: ball=118.0 mph, club=91.4, carry=172 yds | trigger=15275ms, process=126ms, callback=11069ms, total=26472ms
2026-08-24 12:22:19,453 - openflight.rolling_buffer.trigger - INFO - [TRIGGER] Waiting for sound trigger (timeout=30s)...
2026-08-24 12:22:26,693 - openflight.iwr6843.monitor - INFO - [IWR6843] Trigger #6: dumping firmware-frozen L3 ring
2026-08-24 12:22:26,774 - ops243 - DEBUG - [OPS] Hardware trigger: first byte after 7.3s
2026-08-24 12:22:26,810 - openflight.camera.capture_runtime - INFO - [CAMERA] Capture #6 saved: 99 frames, 467.6fps, gaps=0 -> /home/pacinoj/openflight_sessions/trackman/camera/camera_20260824_122226_693_006
2026-08-24 12:22:29,502 - ops243 - INFO - [OPS] Hardware trigger: 41035 bytes in 10.0s
2026-08-24 12:22:29,504 - openflight.rolling_buffer.trigger - INFO - [TRIGGER] Sound trigger fired, 41035 bytes received
2026-08-24 12:22:29,905 - ops243 - INFO - [OPS] Clock sync: method=integer_rollover offset=1787582247.642s best_read_latency=0.1ms spread=989.0ms rollover_uncertainty=11.0ms (36/36 valid)
2026-08-24 12:22:29,905 - openflight.rolling_buffer.trigger - INFO - [TRIGGER] OPS clock sync selected: fresh offset=1787582247.642192s age=0.0ms (fresh=valid_integer_rollover, previous=valid_integer_rollover, delta=-11.1ms)
2026-08-24 12:22:30,105 - ops243 - INFO - [OPS] Re-arm drain: 0 bytes in 0.2s
2026-08-24 12:22:30,457 - ops243 - INFO - [OPS] Rolling buffer re-armed (S#16)
2026-08-24 12:22:30,458 - openflight.rolling_buffer.trigger - INFO - [TRIGGER] Sound trigger wall time 1787588546.685 (source=ops_clock_sync, first byte 1787588546.774, post-trigger 68.5ms)
2026-08-24 12:22:30,458 - openflight.rolling_buffer.trigger - INFO - [TRIGGER] Sound trigger accepted — peak 112.6 mph, 39 outbound readings
2026-08-24 12:22:30,474 - openflight.rolling_buffer.processor - INFO - [PROCESSOR] Ball speed: 112.6 mph (mode-based, 39 outbound readings)
2026-08-24 12:22:30,529 - openflight.rolling_buffer.processor - INFO - [PROCESSOR] Club speed: 89.5 mph at 14.9ms before ball
2026-08-24 12:22:30,529 - openflight.rolling_buffer.processor - INFO - [PROCESSOR] Impact estimate: OPS transition 63.5ms (club 89.2 mph @ 59.7ms -> ball 112.5 mph @ 67.2ms, delta=23.3 mph)
2026-08-24 12:22:30,531 - openflight.rolling_buffer.processor - INFO - [PROCESSOR] Multitaper repaired 0.05% clipped I/Q samples
2026-08-24 12:22:30,590 - openflight.rolling_buffer.processor - INFO - [PROCESSOR] Ungated multitaper spin: 9119 RPM, evidence=1.73, fade=25.00 Hz, window=62.3ms
2026-08-24 12:22:30,590 - openflight.rolling_buffer.processor - INFO - [PROCESSOR] Spin result: 9119 RPM, SNR=1.73, quality=experimental
2026-08-24 12:22:30,590 - openflight.rolling_buffer.monitor - INFO - [MONITOR] process_capture: 131.9ms
2026-08-24 12:22:30,591 - openflight.rolling_buffer.monitor - INFO - [MONITOR] Shot detected: ball=112.6 mph, club=89.5, spin=9119
2026-08-24 12:22:30,593 - openflight.server - INFO - [SERVER] Shot callback: 112.6 mph
2026-08-24 12:22:33,789 - openflight.iwr6843.monitor - INFO - [IWR6843] Capture #6 complete: 732812 bytes in 7.10s
2026-08-24 12:22:34,489 - openflight.iwr6843.club - INFO - [CLUB] track=ops_speed_prior OPS=89.5 mph radial=35.9 m/s ratio=0.90 impact_error=0.080 m inliers=54 rms=0.44 bins
2026-08-24 12:22:34,574 - openflight.server - INFO - [SERVER] IWR6843 LCMF-v1 launch: 7.56° (36 snapshots/9 frames, component std 0.00°)
2026-08-24 12:22:34,575 - openflight.server - INFO - [SERVER] Camera capture #6 matched -> /home/pacinoj/openflight_sessions/trackman/camera/camera_20260824_122226_693_006
2026-08-24 12:22:37,748 - openflight.server - INFO - [SERVER] Camera-assisted horizontal: selected=-4.0756762682748615 camera=-4.0756762682748615 IWR=None delta=None status=camera_experimental_no_iwr support=15/27
2026-08-24 12:22:37,853 - openflight.server - INFO - [SERVER] Camera/IWR chained club delivery: AoA None path 0.28 (status=approach_path_only, features=0, speed_ratio=None, velocity_mad=None mph, path_windows=1, path_mad=0.0 deg, impact_frame=66)
2026-08-24 12:22:37,854 - openflight.server - INFO - [SERVER] Ball speed cosine correction: 112.6 -> 114.1 mph (LA 7.6)
2026-08-24 12:22:37,854 - openflight.server - INFO - [SERVER] Calculated spin: 1700 rpm (v=114.1 mph, LA=7.6 deg, measured was 9119 rpm)
2026-08-24 12:22:37,866 - openflight.server - INFO - [SERVER] Ballistic carry: 100 yds (spin: 1700 rpm, source: measured)
2026-08-24 12:22:37,867 - openflight.server - INFO - [SERVER] Shot: ball=114.1 mph, carry=161 yds, Launch: 7.6°
2026-08-24 12:22:37,868 - openflight.rolling_buffer.monitor - INFO - [SHOT] #6: ball=114.1 mph, club=89.5, carry=161 yds | trigger=11005ms, process=132ms, callback=7275ms, total=18415ms
2026-08-24 12:22:37,868 - openflight.rolling_buffer.trigger - INFO - [TRIGGER] Waiting for sound trigger (timeout=30s)...
2026-08-24 12:22:48,630 - openflight.iwr6843.monitor - INFO - [IWR6843] Trigger #7: dumping firmware-frozen L3 ring
2026-08-24 12:22:48,715 - ops243 - DEBUG - [OPS] Hardware trigger: first byte after 10.8s
2026-08-24 12:22:48,747 - openflight.camera.capture_runtime - INFO - [CAMERA] Capture #7 saved: 99 frames, 467.6fps, gaps=0 -> /home/pacinoj/openflight_sessions/trackman/camera/camera_20260824_122248_630_007
2026-08-24 12:22:51,439 - ops243 - INFO - [OPS] Hardware trigger: 41037 bytes in 13.6s
2026-08-24 12:22:51,439 - openflight.rolling_buffer.trigger - INFO - [TRIGGER] Sound trigger fired, 41037 bytes received
2026-08-24 12:22:51,845 - ops243 - INFO - [OPS] Clock sync: method=integer_rollover offset=1787582247.650s best_read_latency=0.3ms spread=988.9ms rollover_uncertainty=11.1ms (36/36 valid)
2026-08-24 12:22:51,845 - openflight.rolling_buffer.trigger - INFO - [TRIGGER] OPS clock sync selected: fresh offset=1787582247.650377s age=0.0ms (fresh=valid_integer_rollover, previous=valid_integer_rollover, delta=8.2ms)
2026-08-24 12:22:52,045 - ops243 - INFO - [OPS] Re-arm drain: 0 bytes in 0.2s
2026-08-24 12:22:52,397 - ops243 - INFO - [OPS] Rolling buffer re-armed (S#16)
2026-08-24 12:22:52,398 - openflight.rolling_buffer.trigger - INFO - [TRIGGER] Sound trigger wall time 1787588568.632 (source=ops_clock_sync, first byte 1787588568.715, post-trigger 68.5ms)
2026-08-24 12:22:52,398 - openflight.rolling_buffer.trigger - INFO - [TRIGGER] Sound trigger accepted — peak 117.5 mph, 38 outbound readings
2026-08-24 12:22:52,416 - openflight.rolling_buffer.processor - INFO - [PROCESSOR] Ball speed: 117.5 mph (mode-based, 38 outbound readings)
2026-08-24 12:22:52,477 - openflight.rolling_buffer.processor - INFO - [PROCESSOR] Club speed: 89.5 mph at 13.9ms before ball
2026-08-24 12:22:52,478 - openflight.rolling_buffer.processor - INFO - [PROCESSOR] Impact estimate: OPS transition 62.9ms (club 85.9 mph @ 61.9ms -> ball 115.9 mph @ 64.0ms, delta=29.9 mph)
2026-08-24 12:22:52,479 - openflight.rolling_buffer.processor - INFO - [PROCESSOR] Multitaper repaired 0.12% clipped I/Q samples
2026-08-24 12:22:52,534 - openflight.rolling_buffer.processor - INFO - [PROCESSOR] Ungated multitaper spin: 3735 RPM, evidence=7.02, fade=25.00 Hz, window=65.5ms
2026-08-24 12:22:52,534 - openflight.rolling_buffer.processor - INFO - [PROCESSOR] Spin result: 3735 RPM, SNR=7.02, quality=experimental
2026-08-24 12:22:52,534 - openflight.rolling_buffer.monitor - INFO - [MONITOR] process_capture: 136.3ms
2026-08-24 12:22:52,534 - openflight.rolling_buffer.monitor - INFO - [MONITOR] Shot detected: ball=117.5 mph, club=89.5, spin=3735
2026-08-24 12:22:52,536 - openflight.server - INFO - [SERVER] Shot callback: 117.5 mph
2026-08-24 12:22:55,726 - openflight.iwr6843.monitor - INFO - [IWR6843] Capture #7 complete: 732812 bytes in 7.10s
2026-08-24 12:22:56,385 - openflight.iwr6843.club - INFO - [CLUB] track=ops_speed_prior OPS=89.5 mph radial=37.7 m/s ratio=0.94 impact_error=0.097 m inliers=53 rms=0.35 bins
2026-08-24 12:22:56,465 - openflight.server - INFO - [SERVER] IWR6843 LCMF-v1 launch: 12.47° (28 snapshots/8 frames, component std 2.81°)
2026-08-24 12:22:56,465 - openflight.server - INFO - [SERVER] Camera capture #7 matched -> /home/pacinoj/openflight_sessions/trackman/camera/camera_20260824_122248_630_007
2026-08-24 12:23:00,029 - openflight.server - INFO - [SERVER] Camera-assisted horizontal: selected=0.40748616554026285 camera=0.40748616554026285 IWR=None delta=None status=camera_assisted_high support=11/27
2026-08-24 12:23:00,155 - openflight.server - INFO - [SERVER] Camera/IWR chained club delivery: AoA None path -6.6 (status=approach_path_only, features=0, speed_ratio=None, velocity_mad=None mph, path_windows=2, path_mad=0.12 deg, impact_frame=66)
2026-08-24 12:23:00,156 - openflight.server - INFO - [SERVER] Ball speed cosine correction: 117.5 -> 119.5 mph (LA 12.5)
2026-08-24 12:23:00,156 - openflight.server - INFO - [SERVER] Calculated spin: 3229 rpm (v=119.5 mph, LA=12.5 deg, measured was 3735 rpm)
2026-08-24 12:23:00,179 - openflight.server - INFO - [SERVER] Ballistic carry: 164 yds (spin: 3229 rpm, source: measured)
2026-08-24 12:23:00,180 - openflight.server - INFO - [SERVER] Shot: ball=119.5 mph, carry=180 yds, Launch: 12.5°
2026-08-24 12:23:00,180 - openflight.rolling_buffer.monitor - INFO - [SHOT] #7: ball=119.5 mph, club=89.5, carry=180 yds | trigger=14530ms, process=136ms, callback=7644ms, total=22312ms
2026-08-24 12:23:00,180 - openflight.rolling_buffer.trigger - INFO - [TRIGGER] Waiting for sound trigger (timeout=30s)...
2026-08-24 12:23:30,189 - ops243 - INFO - [OPS] Hardware trigger: no data received within 30s
2026-08-24 12:23:30,189 - openflight.rolling_buffer.trigger - INFO - [TRIGGER] Sound trigger timeout — no hardware trigger received
2026-08-24 12:23:30,189 - openflight.rolling_buffer.trigger - INFO - [TRIGGER] Waiting for sound trigger (timeout=30s)...
2026-08-24 12:23:31,678 - openflight.iwr6843.monitor - INFO - [IWR6843] Trigger #8: dumping firmware-frozen L3 ring
2026-08-24 12:23:31,760 - ops243 - DEBUG - [OPS] Hardware trigger: first byte after 1.6s
2026-08-24 12:23:31,787 - openflight.camera.capture_runtime - INFO - [CAMERA] Capture #8 saved: 99 frames, 467.6fps, gaps=0 -> /home/pacinoj/openflight_sessions/trackman/camera/camera_20260824_122331_678_008
2026-08-24 12:23:34,491 - ops243 - INFO - [OPS] Hardware trigger: 41035 bytes in 4.3s
2026-08-24 12:23:34,491 - openflight.rolling_buffer.trigger - INFO - [TRIGGER] Sound trigger fired, 41035 bytes received
2026-08-24 12:23:34,893 - ops243 - INFO - [OPS] Clock sync: method=integer_rollover offset=1787582247.641s best_read_latency=0.2ms spread=989.0ms rollover_uncertainty=11.0ms (36/36 valid)
2026-08-24 12:23:34,893 - openflight.rolling_buffer.trigger - INFO - [TRIGGER] OPS clock sync selected: fresh offset=1787582247.641196s age=0.0ms (fresh=valid_integer_rollover, previous=valid_integer_rollover, delta=-9.2ms)
2026-08-24 12:23:35,294 - ops243 - INFO - [OPS] Re-arm drain: 2 bytes in 0.4s
2026-08-24 12:23:35,645 - ops243 - INFO - [OPS] Rolling buffer re-armed (S#16)
2026-08-24 12:23:35,646 - openflight.rolling_buffer.trigger - INFO - [TRIGGER] Sound trigger wall time 1787588611.675 (source=ops_clock_sync, first byte 1787588611.761, post-trigger 68.5ms)
2026-08-24 12:23:35,646 - openflight.rolling_buffer.trigger - INFO - [TRIGGER] Sound trigger accepted — peak 112.8 mph, 41 outbound readings
2026-08-24 12:23:35,664 - openflight.rolling_buffer.processor - INFO - [PROCESSOR] Ball speed: 112.8 mph (mode-based, 41 outbound readings)
2026-08-24 12:23:35,731 - openflight.rolling_buffer.processor - INFO - [PROCESSOR] Club speed: 87.6 mph at 14.9ms before ball
2026-08-24 12:23:35,731 - openflight.rolling_buffer.processor - INFO - [PROCESSOR] Impact estimate: OPS transition 60.8ms (club 91.6 mph @ 59.7ms -> ball 109.9 mph @ 61.9ms, delta=18.2 mph)
2026-08-24 12:23:35,732 - openflight.rolling_buffer.processor - INFO - [PROCESSOR] Multitaper repaired 0.02% clipped I/Q samples
2026-08-24 12:23:35,788 - openflight.rolling_buffer.processor - INFO - [PROCESSOR] Ungated multitaper spin: 3680 RPM, evidence=4.30, fade=25.00 Hz, window=68.7ms
2026-08-24 12:23:35,788 - openflight.rolling_buffer.processor - INFO - [PROCESSOR] Spin result: 3680 RPM, SNR=4.30, quality=experimental
2026-08-24 12:23:35,789 - openflight.rolling_buffer.monitor - INFO - [MONITOR] process_capture: 142.7ms
2026-08-24 12:23:35,789 - openflight.rolling_buffer.monitor - INFO - [MONITOR] Shot detected: ball=112.8 mph, club=87.6, spin=3680
2026-08-24 12:23:35,792 - openflight.server - INFO - [SERVER] Shot callback: 112.8 mph
2026-08-24 12:23:38,774 - openflight.iwr6843.monitor - INFO - [IWR6843] Capture #8 complete: 732812 bytes in 7.10s
2026-08-24 12:23:39,334 - openflight.iwr6843.club - INFO - [CLUB] track=ops_speed_prior OPS=87.6 mph radial=38.7 m/s ratio=0.99 impact_error=0.085 m inliers=55 rms=0.30 bins
2026-08-24 12:23:39,416 - openflight.server - INFO - [SERVER] IWR6843 TX2 horizontal proxy: -0.33° (coherence 97%, status=hlcmf_v1_accepted)
2026-08-24 12:23:39,416 - openflight.server - INFO - [SERVER] IWR6843 LCMF-v1 launch: 20.01° (27 snapshots/8 frames, component std 0.27°)
2026-08-24 12:23:39,416 - openflight.server - INFO - [SERVER] Camera capture #8 matched -> /home/pacinoj/openflight_sessions/trackman/camera/camera_20260824_122331_678_008
2026-08-24 12:23:42,697 - openflight.server - INFO - [SERVER] Camera-assisted horizontal: selected=-5.669649943393068 camera=-5.669649943393068 IWR=-0.3294901202216957 delta=-5.340159823171376 status=camera_assisted_high support=16/27
2026-08-24 12:23:42,787 - openflight.server - INFO - [SERVER] Camera/IWR chained club delivery: AoA -4.1 path -5.25 (status=approach_mixed, features=12, speed_ratio=0.993, velocity_mad=5.25 mph, path_windows=1, path_mad=0.0 deg, impact_frame=75)
2026-08-24 12:23:42,787 - openflight.server - INFO - [SERVER] Ball speed cosine correction: 112.8 -> 115.7 mph (LA 20.0)
2026-08-24 12:23:42,787 - openflight.server - INFO - [SERVER] Calculated spin: 5430 rpm (v=115.7 mph, LA=20.0 deg, measured was 3680 rpm)
2026-08-24 12:23:42,817 - openflight.server - INFO - [SERVER] Ballistic carry: 177 yds (spin: 5430 rpm, source: measured)
2026-08-24 12:23:42,818 - openflight.server - INFO - [SERVER] Shot: ball=115.7 mph, carry=175 yds, Launch: 20.0°
2026-08-24 12:23:42,818 - openflight.rolling_buffer.monitor - INFO - [SHOT] #8: ball=115.7 mph, club=87.6, carry=175 yds | trigger=5456ms, process=143ms, callback=7026ms, total=12629ms
2026-08-24 12:23:42,818 - openflight.rolling_buffer.trigger - INFO - [TRIGGER] Waiting for sound trigger (timeout=30s)...
2026-08-24 12:23:55,561 - openflight.iwr6843.monitor - INFO - [IWR6843] Trigger #9: dumping firmware-frozen L3 ring
2026-08-24 12:23:55,645 - ops243 - DEBUG - [OPS] Hardware trigger: first byte after 12.8s
2026-08-24 12:23:55,681 - openflight.camera.capture_runtime - INFO - [CAMERA] Capture #9 saved: 99 frames, 467.6fps, gaps=0 -> /home/pacinoj/openflight_sessions/trackman/camera/camera_20260824_122355_561_009
2026-08-24 12:23:58,373 - ops243 - INFO - [OPS] Hardware trigger: 41035 bytes in 15.6s
2026-08-24 12:23:58,373 - openflight.rolling_buffer.trigger - INFO - [TRIGGER] Sound trigger fired, 41035 bytes received
2026-08-24 12:23:58,780 - ops243 - INFO - [OPS] Clock sync: method=integer_rollover offset=1787582247.643s best_read_latency=0.3ms spread=989.0ms rollover_uncertainty=11.0ms (36/36 valid)
2026-08-24 12:23:58,780 - openflight.rolling_buffer.trigger - INFO - [TRIGGER] OPS clock sync selected: fresh offset=1787582247.642529s age=0.0ms (fresh=valid_integer_rollover, previous=valid_integer_rollover, delta=1.3ms)
2026-08-24 12:23:58,981 - ops243 - INFO - [OPS] Re-arm drain: 0 bytes in 0.2s
2026-08-24 12:23:59,334 - ops243 - INFO - [OPS] Rolling buffer re-armed (S#16)
2026-08-24 12:23:59,334 - openflight.rolling_buffer.trigger - INFO - [TRIGGER] Sound trigger wall time 1787588635.563 (source=ops_clock_sync, first byte 1787588635.646, post-trigger 68.5ms)
2026-08-24 12:23:59,334 - openflight.rolling_buffer.trigger - INFO - [TRIGGER] Sound trigger accepted — peak 125.4 mph, 35 outbound readings
2026-08-24 12:23:59,354 - openflight.rolling_buffer.processor - INFO - [PROCESSOR] Ball speed: 125.4 mph (mode-based, 35 outbound readings)
2026-08-24 12:23:59,412 - openflight.rolling_buffer.processor - INFO - [PROCESSOR] Club speed: 88.9 mph at 13.9ms before ball
2026-08-24 12:23:59,413 - openflight.rolling_buffer.processor - INFO - [PROCESSOR] Impact estimate: OPS transition 63.5ms (club 85.5 mph @ 62.9ms -> ball 123.9 mph @ 64.0ms, delta=38.4 mph)
2026-08-24 12:23:59,416 - openflight.rolling_buffer.processor - INFO - [PROCESSOR] Multitaper repaired 0.02% clipped I/Q samples
2026-08-24 12:23:59,420 - openflight.rolling_buffer.processor - INFO - [PROCESSOR] Ball signal lost at 129.6ms (window trimmed from 136.5ms)
2026-08-24 12:23:59,505 - openflight.rolling_buffer.processor - INFO - [PROCESSOR] Ungated multitaper spin: 1868 RPM, evidence=2.70, fade=67.07 Hz, window=59.6ms
2026-08-24 12:23:59,505 - openflight.rolling_buffer.processor - INFO - [PROCESSOR] Spin result: 1868 RPM, SNR=2.70, quality=experimental
2026-08-24 12:23:59,505 - openflight.rolling_buffer.monitor - INFO - [MONITOR] process_capture: 170.7ms
2026-08-24 12:23:59,505 - openflight.rolling_buffer.monitor - INFO - [MONITOR] Shot detected: ball=125.4 mph, club=88.9, spin=1868
2026-08-24 12:23:59,508 - openflight.server - INFO - [SERVER] Shot callback: 125.4 mph
2026-08-24 12:24:02,657 - openflight.iwr6843.monitor - INFO - [IWR6843] Capture #9 complete: 732812 bytes in 7.10s
2026-08-24 12:24:03,318 - openflight.iwr6843.club - INFO - [CLUB] track=ops_speed_prior OPS=88.9 mph radial=36.6 m/s ratio=0.92 impact_error=0.093 m inliers=48 rms=0.41 bins
2026-08-24 12:24:03,439 - openflight.server - INFO - [SERVER] IWR6843 TX2 horizontal proxy: -5.36° (coherence 92%, status=hlcmf_v1_accepted)
2026-08-24 12:24:03,439 - openflight.server - INFO - [SERVER] IWR6843 LCMF-v1 launch: 10.91° (28 snapshots/8 frames, component std 1.96°)
2026-08-24 12:24:03,440 - openflight.server - INFO - [SERVER] Camera capture #9 matched -> /home/pacinoj/openflight_sessions/trackman/camera/camera_20260824_122355_561_009
2026-08-24 12:24:06,449 - openflight.server - INFO - [SERVER] Camera-assisted horizontal: selected=0.44132198986204685 camera=0.44132198986204685 IWR=-5.363484711185173 delta=5.804806701047227 status=camera_assisted_high support=15/27
2026-08-24 12:24:06,519 - openflight.server - INFO - [SERVER] Camera/IWR chained club delivery: AoA None path None (status=rejected_no_stable_clubhead, features=0, speed_ratio=None, velocity_mad=None mph, path_windows=0, path_mad=None deg, impact_frame=72)
2026-08-24 12:24:06,519 - openflight.server - INFO - [SERVER] Ball speed cosine correction: 125.4 -> 127.3 mph (LA 10.9)
2026-08-24 12:24:06,519 - openflight.server - INFO - [SERVER] Calculated spin: 2937 rpm (v=127.3 mph, LA=10.9 deg, measured was 1868 rpm)
2026-08-24 12:24:06,541 - openflight.server - INFO - [SERVER] Ballistic carry: 171 yds (spin: 2937 rpm, source: measured)
2026-08-24 12:24:06,542 - openflight.server - INFO - [SERVER] Shot: ball=127.3 mph, carry=196 yds, Launch: 10.9°
2026-08-24 12:24:06,542 - openflight.rolling_buffer.monitor - INFO - [SHOT] #9: ball=127.3 mph, club=88.9, carry=196 yds | trigger=16516ms, process=171ms, callback=7034ms, total=23724ms
2026-08-24 12:24:06,542 - openflight.rolling_buffer.trigger - INFO - [TRIGGER] Waiting for sound trigger (timeout=30s)...
2026-08-24 12:24:18,415 - openflight.iwr6843.monitor - INFO - [IWR6843] Trigger #10: dumping firmware-frozen L3 ring
2026-08-24 12:24:18,500 - ops243 - DEBUG - [OPS] Hardware trigger: first byte after 12.0s
2026-08-24 12:24:18,548 - openflight.camera.capture_runtime - INFO - [CAMERA] Capture #10 saved: 99 frames, 467.6fps, gaps=0 -> /home/pacinoj/openflight_sessions/trackman/camera/camera_20260824_122418_415_010
2026-08-24 12:24:21,228 - ops243 - INFO - [OPS] Hardware trigger: 41037 bytes in 14.7s
2026-08-24 12:24:21,228 - openflight.rolling_buffer.trigger - INFO - [TRIGGER] Sound trigger fired, 41037 bytes received
2026-08-24 12:24:21,642 - ops243 - INFO - [OPS] Clock sync: method=integer_rollover offset=1787582247.637s best_read_latency=0.2ms spread=989.1ms rollover_uncertainty=10.9ms (37/37 valid)
2026-08-24 12:24:21,643 - openflight.rolling_buffer.trigger - INFO - [TRIGGER] OPS clock sync selected: fresh offset=1787582247.636676s age=0.0ms (fresh=valid_integer_rollover, previous=valid_integer_rollover, delta=-5.9ms)
2026-08-24 12:24:21,843 - ops243 - INFO - [OPS] Re-arm drain: 0 bytes in 0.2s
2026-08-24 12:24:22,195 - ops243 - INFO - [OPS] Rolling buffer re-armed (S#16)
2026-08-24 12:24:22,195 - openflight.rolling_buffer.trigger - INFO - [TRIGGER] Sound trigger wall time 1787588658.412 (source=ops_clock_sync, first byte 1787588658.500, post-trigger 68.5ms)
2026-08-24 12:24:22,195 - openflight.rolling_buffer.trigger - INFO - [TRIGGER] Sound trigger accepted — peak 113.9 mph, 42 outbound readings
2026-08-24 12:24:22,212 - openflight.rolling_buffer.processor - INFO - [PROCESSOR] Ball speed: 113.9 mph (mode-based, 42 outbound readings)
2026-08-24 12:24:22,266 - openflight.rolling_buffer.processor - INFO - [PROCESSOR] Club speed: 89.8 mph at 19.2ms before ball
2026-08-24 12:24:22,266 - openflight.rolling_buffer.processor - INFO - [PROCESSOR] Impact estimate: OPS transition 62.9ms (club 86.4 mph @ 61.9ms -> ball 112.1 mph @ 64.0ms, delta=25.7 mph)
2026-08-24 12:24:22,345 - openflight.rolling_buffer.processor - INFO - [PROCESSOR] Ungated multitaper spin: 3516 RPM, evidence=17.91, fade=38.50 Hz, window=61.2ms
2026-08-24 12:24:22,345 - openflight.rolling_buffer.processor - INFO - [PROCESSOR] Spin result: 3516 RPM, SNR=17.91, quality=experimental
2026-08-24 12:24:22,345 - openflight.rolling_buffer.monitor - INFO - [MONITOR] process_capture: 149.9ms
2026-08-24 12:24:22,345 - openflight.rolling_buffer.monitor - INFO - [MONITOR] Shot detected: ball=113.9 mph, club=89.8, spin=3516
2026-08-24 12:24:22,348 - openflight.server - INFO - [SERVER] Shot callback: 113.9 mph
2026-08-24 12:24:25,511 - openflight.iwr6843.monitor - INFO - [IWR6843] Capture #10 complete: 732812 bytes in 7.10s
2026-08-24 12:24:26,147 - openflight.iwr6843.club - INFO - [CLUB] track=ops_speed_prior OPS=89.8 mph radial=35.3 m/s ratio=0.88 impact_error=0.094 m inliers=61 rms=0.36 bins
2026-08-24 12:24:26,226 - openflight.server - INFO - [SERVER] IWR6843 LCMF-v1 launch: 10.77° (36 snapshots/9 frames, component std 1.58°)
2026-08-24 12:24:26,226 - openflight.server - INFO - [SERVER] Camera capture #10 matched -> /home/pacinoj/openflight_sessions/trackman/camera/camera_20260824_122418_415_010
2026-08-24 12:24:28,899 - openflight.server - INFO - [SERVER] Camera-assisted horizontal: selected=-0.14487092558761105 camera=-0.14487092558761105 IWR=None delta=None status=camera_assisted_high support=18/27
2026-08-24 12:24:28,975 - openflight.server - INFO - [SERVER] Camera/IWR chained club delivery: AoA None path None (status=rejected_no_stable_clubhead, features=0, speed_ratio=None, velocity_mad=None mph, path_windows=0, path_mad=None deg, impact_frame=73)
2026-08-24 12:24:28,976 - openflight.server - INFO - [SERVER] Ball speed cosine correction: 113.9 -> 115.8 mph (LA 10.8)
2026-08-24 12:24:28,976 - openflight.server - INFO - [SERVER] Calculated spin: 2630 rpm (v=115.8 mph, LA=10.8 deg, measured was 3516 rpm)
2026-08-24 12:24:28,994 - openflight.server - INFO - [SERVER] Ballistic carry: 141 yds (spin: 2630 rpm, source: measured)
2026-08-24 12:24:28,995 - openflight.server - INFO - [SERVER] Shot: ball=115.8 mph, carry=166 yds, Launch: 10.8°
2026-08-24 12:24:28,995 - openflight.rolling_buffer.monitor - INFO - [SHOT] #10: ball=115.8 mph, club=89.8, carry=166 yds | trigger=15653ms, process=150ms, callback=6648ms, total=22453ms
2026-08-24 12:24:28,996 - openflight.rolling_buffer.trigger - INFO - [TRIGGER] Waiting for sound trigger (timeout=30s)...
2026-08-24 12:24:41,407 - openflight.iwr6843.monitor - INFO - [IWR6843] Trigger #11: dumping firmware-frozen L3 ring
2026-08-24 12:24:41,478 - ops243 - DEBUG - [OPS] Hardware trigger: first byte after 12.5s
2026-08-24 12:24:41,532 - openflight.camera.capture_runtime - INFO - [CAMERA] Capture #11 saved: 99 frames, 467.6fps, gaps=0 -> /home/pacinoj/openflight_sessions/trackman/camera/camera_20260824_122441_407_011
2026-08-24 12:24:44,215 - ops243 - INFO - [OPS] Hardware trigger: 41035 bytes in 15.2s
2026-08-24 12:24:44,216 - openflight.rolling_buffer.trigger - INFO - [TRIGGER] Sound trigger fired, 41035 bytes received
2026-08-24 12:24:44,639 - ops243 - INFO - [OPS] Clock sync: method=integer_rollover offset=1787582247.634s best_read_latency=0.3ms spread=989.1ms rollover_uncertainty=10.9ms (38/38 valid)
2026-08-24 12:24:44,639 - openflight.rolling_buffer.trigger - INFO - [TRIGGER] OPS clock sync selected: fresh offset=1787582247.633821s age=0.0ms (fresh=valid_integer_rollover, previous=valid_integer_rollover, delta=-2.9ms)
2026-08-24 12:24:44,840 - ops243 - INFO - [OPS] Re-arm drain: 0 bytes in 0.2s
2026-08-24 12:24:45,192 - ops243 - INFO - [OPS] Rolling buffer re-armed (S#16)
2026-08-24 12:24:45,192 - openflight.rolling_buffer.trigger - INFO - [TRIGGER] Sound trigger wall time 1787588681.403 (source=ops_clock_sync, first byte 1787588681.478, post-trigger 68.5ms)
2026-08-24 12:24:45,192 - openflight.rolling_buffer.trigger - INFO - [TRIGGER] Sound trigger accepted — peak 116.4 mph, 43 outbound readings
2026-08-24 12:24:45,225 - openflight.rolling_buffer.processor - INFO - [PROCESSOR] Ball speed: 116.4 mph (mode-based, 43 outbound readings)
2026-08-24 12:24:45,276 - openflight.rolling_buffer.processor - INFO - [PROCESSOR] Club speed: 90.6 mph at 20.3ms before ball
2026-08-24 12:24:45,276 - openflight.rolling_buffer.processor - INFO - [PROCESSOR] Impact estimate: OPS transition 63.5ms (club 87.6 mph @ 61.9ms -> ball 115.0 mph @ 65.1ms, delta=27.4 mph)
2026-08-24 12:24:45,350 - openflight.rolling_buffer.processor - INFO - [PROCESSOR] Ungated multitaper spin: 3516 RPM, evidence=24.31, fade=40.62 Hz, window=61.2ms
2026-08-24 12:24:45,350 - openflight.rolling_buffer.processor - INFO - [PROCESSOR] Spin result: 3516 RPM, SNR=24.31, quality=experimental
2026-08-24 12:24:45,351 - openflight.rolling_buffer.monitor - INFO - [MONITOR] process_capture: 158.5ms
2026-08-24 12:24:45,351 - openflight.rolling_buffer.monitor - INFO - [MONITOR] Shot detected: ball=116.4 mph, club=90.6, spin=3516
2026-08-24 12:24:45,353 - openflight.server - INFO - [SERVER] Shot callback: 116.4 mph
2026-08-24 12:24:48,504 - openflight.iwr6843.monitor - INFO - [IWR6843] Capture #11 complete: 732812 bytes in 7.10s
2026-08-24 12:24:49,184 - openflight.iwr6843.club - INFO - [CLUB] track=ops_speed_prior OPS=90.6 mph radial=37.2 m/s ratio=0.92 impact_error=0.084 m inliers=56 rms=0.35 bins
2026-08-24 12:24:49,254 - openflight.server - INFO - [SERVER] IWR6843 LCMF-v1 launch: 10.77° (29 snapshots/8 frames, component std 1.51°)
2026-08-24 12:24:49,254 - openflight.server - INFO - [SERVER] Camera capture #11 matched -> /home/pacinoj/openflight_sessions/trackman/camera/camera_20260824_122441_407_011
2026-08-24 12:24:51,752 - openflight.server - INFO - [SERVER] Camera-assisted horizontal: selected=1.8672037719388186 camera=1.8672037719388186 IWR=None delta=None status=camera_assisted_high support=20/27
2026-08-24 12:24:51,835 - openflight.server - INFO - [SERVER] Camera/IWR chained club delivery: AoA None path None (status=rejected_no_impact, features=0, speed_ratio=None, velocity_mad=None mph, path_windows=0, path_mad=None deg, impact_frame=None)
2026-08-24 12:24:51,836 - openflight.server - INFO - [SERVER] Ball speed cosine correction: 116.4 -> 118.2 mph (LA 10.8)
2026-08-24 12:24:51,836 - openflight.server - INFO - [SERVER] Calculated spin: 2687 rpm (v=118.2 mph, LA=10.8 deg, measured was 3516 rpm)
2026-08-24 12:24:51,855 - openflight.server - INFO - [SERVER] Ballistic carry: 147 yds (spin: 2687 rpm, source: measured)
2026-08-24 12:24:51,857 - openflight.server - INFO - [SERVER] Shot: ball=118.2 mph, carry=173 yds, Launch: 10.8°
2026-08-24 12:24:51,858 - openflight.rolling_buffer.monitor - INFO - [SHOT] #11: ball=118.2 mph, club=90.6, carry=173 yds | trigger=16196ms, process=159ms, callback=6505ms, total=22862ms
2026-08-24 12:24:51,858 - openflight.rolling_buffer.trigger - INFO - [TRIGGER] Waiting for sound trigger (timeout=30s)...
2026-08-24 12:24:58,698 - openflight.iwr6843.monitor - INFO - [IWR6843] Trigger #12: dumping firmware-frozen L3 ring
2026-08-24 12:24:58,790 - ops243 - DEBUG - [OPS] Hardware trigger: first byte after 6.9s
2026-08-24 12:24:58,814 - openflight.camera.capture_runtime - INFO - [CAMERA] Capture #12 saved: 99 frames, 467.6fps, gaps=0 -> /home/pacinoj/openflight_sessions/trackman/camera/camera_20260824_122458_698_012
2026-08-24 12:25:01,513 - ops243 - INFO - [OPS] Hardware trigger: 41035 bytes in 9.7s
2026-08-24 12:25:01,514 - openflight.rolling_buffer.trigger - INFO - [TRIGGER] Sound trigger fired, 41035 bytes received
2026-08-24 12:25:01,915 - ops243 - INFO - [OPS] Clock sync: method=integer_rollover offset=1787582247.634s best_read_latency=0.3ms spread=989.0ms rollover_uncertainty=11.0ms (36/36 valid)
2026-08-24 12:25:01,916 - openflight.rolling_buffer.trigger - INFO - [TRIGGER] OPS clock sync selected: fresh offset=1787582247.633523s age=0.0ms (fresh=valid_integer_rollover, previous=valid_integer_rollover, delta=-0.3ms)
2026-08-24 12:25:02,116 - ops243 - INFO - [OPS] Re-arm drain: 0 bytes in 0.2s
2026-08-24 12:25:02,468 - ops243 - INFO - [OPS] Rolling buffer re-armed (S#16)
2026-08-24 12:25:02,468 - openflight.rolling_buffer.trigger - INFO - [TRIGGER] Sound trigger wall time 1787588698.697 (source=ops_clock_sync, first byte 1787588698.791, post-trigger 68.5ms)
2026-08-24 12:25:02,469 - openflight.rolling_buffer.trigger - INFO - [TRIGGER] Sound trigger accepted — peak 128.7 mph, 40 outbound readings
2026-08-24 12:25:02,494 - openflight.rolling_buffer.processor - INFO - [PROCESSOR] Ball speed: 128.7 mph (mode-based, 40 outbound readings)
2026-08-24 12:25:02,551 - openflight.rolling_buffer.processor - INFO - [PROCESSOR] Club speed: 90.0 mph at 13.9ms before ball
2026-08-24 12:25:02,552 - openflight.rolling_buffer.processor - INFO - [PROCESSOR] Impact estimate: OPS transition 60.8ms (club 89.6 mph @ 59.7ms -> ball 126.6 mph @ 61.9ms, delta=37.0 mph)
2026-08-24 12:25:02,559 - openflight.rolling_buffer.processor - INFO - [PROCESSOR] Ball signal lost at 125.9ms (window trimmed from 136.5ms)
2026-08-24 12:25:02,638 - openflight.rolling_buffer.processor - INFO - [PROCESSOR] Ungated multitaper spin: 6372 RPM, evidence=9.79, fade=61.58 Hz, window=58.0ms
2026-08-24 12:25:02,639 - openflight.rolling_buffer.processor - INFO - [PROCESSOR] Spin result: 6372 RPM, SNR=9.79, quality=experimental
2026-08-24 12:25:02,639 - openflight.rolling_buffer.monitor - INFO - [MONITOR] process_capture: 169.2ms
2026-08-24 12:25:02,639 - openflight.rolling_buffer.monitor - INFO - [MONITOR] Shot detected: ball=128.7 mph, club=90.0, spin=6372
2026-08-24 12:25:02,641 - openflight.server - INFO - [SERVER] Shot callback: 128.7 mph
2026-08-24 12:25:05,793 - openflight.iwr6843.monitor - INFO - [IWR6843] Capture #12 complete: 732812 bytes in 7.09s
2026-08-24 12:25:06,365 - openflight.iwr6843.club - INFO - [CLUB] track=ops_speed_prior OPS=90.0 mph radial=38.0 m/s ratio=0.95 impact_error=0.078 m inliers=57 rms=0.29 bins
2026-08-24 12:25:06,441 - openflight.server - INFO - [SERVER] IWR6843 TX2 horizontal proxy: -3.99° (coherence 96%, status=hlcmf_v1_accepted)
2026-08-24 12:25:06,441 - openflight.server - INFO - [SERVER] IWR6843 LCMF-v1 launch: 11.57° (29 snapshots/8 frames, component std 0.70°)
2026-08-24 12:25:06,441 - openflight.server - INFO - [SERVER] Camera capture #12 matched -> /home/pacinoj/openflight_sessions/trackman/camera/camera_20260824_122458_698_012
2026-08-24 12:25:08,755 - openflight.server - INFO - [SERVER] Camera-assisted horizontal: selected=-0.49955132196973295 camera=-0.49955132196973295 IWR=-3.9878254992578466 delta=3.4882741772881047 status=camera_assisted_high support=15/27
2026-08-24 12:25:08,828 - openflight.server - INFO - [SERVER] Camera/IWR chained club delivery: AoA None path None (status=rejected_no_impact, features=0, speed_ratio=None, velocity_mad=None mph, path_windows=0, path_mad=None deg, impact_frame=None)
2026-08-24 12:25:08,829 - openflight.server - INFO - [SERVER] Ball speed cosine correction: 128.7 -> 130.6 mph (LA 11.6)
2026-08-24 12:25:08,829 - openflight.server - INFO - [SERVER] Calculated spin: 3229 rpm (v=130.6 mph, LA=11.6 deg, measured was 6372 rpm)
2026-08-24 12:25:08,853 - openflight.server - INFO - [SERVER] Ballistic carry: 185 yds (spin: 3229 rpm, source: measured)
2026-08-24 12:25:08,854 - openflight.server - INFO - [SERVER] Shot: ball=130.6 mph, carry=205 yds, Launch: 11.6°
2026-08-24 12:25:08,854 - openflight.rolling_buffer.monitor - INFO - [SHOT] #12: ball=130.6 mph, club=90.0, carry=205 yds | trigger=10611ms, process=169ms, callback=6213ms, total=16996ms
2026-08-24 12:25:08,854 - openflight.rolling_buffer.trigger - INFO - [TRIGGER] Waiting for sound trigger (timeout=30s)...
2026-08-24 12:25:29,011 - openflight.iwr6843.monitor - INFO - [IWR6843] Trigger #13: dumping firmware-frozen L3 ring
2026-08-24 12:25:29,101 - ops243 - DEBUG - [OPS] Hardware trigger: first byte after 20.2s
2026-08-24 12:25:29,133 - openflight.camera.capture_runtime - INFO - [CAMERA] Capture #13 saved: 99 frames, 467.6fps, gaps=0 -> /home/pacinoj/openflight_sessions/trackman/camera/camera_20260824_122529_011_013
2026-08-24 12:25:31,820 - ops243 - INFO - [OPS] Hardware trigger: 41035 bytes in 23.0s
2026-08-24 12:25:31,820 - openflight.rolling_buffer.trigger - INFO - [TRIGGER] Sound trigger fired, 41035 bytes received
2026-08-24 12:25:32,641 - ops243 - INFO - [OPS] Clock sync: method=integer_rollover offset=1787582247.636s best_read_latency=0.2ms spread=989.2ms rollover_uncertainty=10.8ms (74/74 valid)
2026-08-24 12:25:32,642 - openflight.rolling_buffer.trigger - INFO - [TRIGGER] OPS clock sync selected: fresh offset=1787582247.636079s age=0.0ms (fresh=valid_integer_rollover, previous=valid_integer_rollover, delta=2.6ms)
2026-08-24 12:25:32,842 - ops243 - INFO - [OPS] Re-arm drain: 0 bytes in 0.2s
2026-08-24 12:25:33,194 - ops243 - INFO - [OPS] Rolling buffer re-armed (S#16)
2026-08-24 12:25:33,194 - openflight.rolling_buffer.trigger - INFO - [TRIGGER] Sound trigger wall time 1787588729.014 (source=ops_clock_sync, first byte 1787588729.101, post-trigger 68.5ms)
2026-08-24 12:25:33,194 - openflight.rolling_buffer.trigger - INFO - [TRIGGER] Sound trigger accepted — peak 123.8 mph, 45 outbound readings
2026-08-24 12:25:33,214 - openflight.rolling_buffer.processor - INFO - [PROCESSOR] Ball speed: 123.8 mph (mode-based, 45 outbound readings)
2026-08-24 12:25:33,267 - openflight.rolling_buffer.processor - INFO - [PROCESSOR] Club speed: 91.0 mph at 16.0ms before ball
2026-08-24 12:25:33,267 - openflight.rolling_buffer.processor - INFO - [PROCESSOR] Impact estimate: OPS transition 60.8ms (club 92.9 mph @ 59.7ms -> ball 121.1 mph @ 61.9ms, delta=28.2 mph)
2026-08-24 12:25:33,277 - openflight.rolling_buffer.processor - INFO - [PROCESSOR] Ball signal lost at 129.2ms (window trimmed from 136.5ms)
2026-08-24 12:25:33,363 - openflight.rolling_buffer.processor - INFO - [PROCESSOR] Ungated multitaper spin: 3186 RPM, evidence=2.33, fade=34.00 Hz, window=59.2ms
2026-08-24 12:25:33,363 - openflight.rolling_buffer.processor - INFO - [PROCESSOR] Spin result: 3186 RPM, SNR=2.33, quality=experimental
2026-08-24 12:25:33,363 - openflight.rolling_buffer.monitor - INFO - [MONITOR] process_capture: 168.6ms
2026-08-24 12:25:33,364 - openflight.rolling_buffer.monitor - INFO - [MONITOR] Shot detected: ball=123.8 mph, club=91.0, spin=3186
2026-08-24 12:25:33,365 - openflight.server - INFO - [SERVER] Shot callback: 123.8 mph
2026-08-24 12:25:36,106 - openflight.iwr6843.monitor - INFO - [IWR6843] Capture #13 complete: 732812 bytes in 7.10s
2026-08-24 12:25:36,693 - openflight.iwr6843.club - INFO - [CLUB] track=ops_speed_prior OPS=91.0 mph radial=36.4 m/s ratio=0.90 impact_error=0.089 m inliers=59 rms=0.40 bins
2026-08-24 12:25:36,778 - openflight.server - INFO - [SERVER] IWR6843 LCMF-v1 launch: 13.84° (23 snapshots/6 frames, component std 2.06°)
2026-08-24 12:25:36,778 - openflight.server - INFO - [SERVER] Camera capture #13 matched -> /home/pacinoj/openflight_sessions/trackman/camera/camera_20260824_122529_011_013
2026-08-24 12:25:39,593 - openflight.server - INFO - [SERVER] Camera-assisted horizontal: selected=0.3028877389485274 camera=0.3028877389485274 IWR=None delta=None status=camera_assisted_high support=21/27
2026-08-24 12:25:39,662 - openflight.server - INFO - [SERVER] Camera/IWR chained club delivery: AoA None path None (status=rejected_no_impact, features=0, speed_ratio=None, velocity_mad=None mph, path_windows=0, path_mad=None deg, impact_frame=None)
2026-08-24 12:25:39,662 - openflight.server - INFO - [SERVER] Ball speed cosine correction: 123.8 -> 126.0 mph (LA 13.8)
2026-08-24 12:25:39,662 - openflight.server - INFO - [SERVER] Calculated spin: 3847 rpm (v=126.0 mph, LA=13.8 deg, measured was 3186 rpm)
2026-08-24 12:25:39,688 - openflight.server - INFO - [SERVER] Ballistic carry: 187 yds (spin: 3847 rpm, source: measured)
2026-08-24 12:25:39,689 - openflight.server - INFO - [SERVER] Shot: ball=126.0 mph, carry=198 yds, Launch: 13.8°
2026-08-24 12:25:39,689 - openflight.rolling_buffer.monitor - INFO - [SHOT] #13: ball=126.0 mph, club=91.0, carry=198 yds | trigger=24340ms, process=169ms, callback=6324ms, total=30835ms
2026-08-24 12:25:39,690 - openflight.rolling_buffer.trigger - INFO - [TRIGGER] Waiting for sound trigger (timeout=30s)...
[6621:6657:0824/122558.603373:ERROR:google_apis/gcm/engine/registration_request.cc:291] Registration response error message: DEPRECATED_ENDPOINT
2026-08-24 12:26:09,707 - ops243 - INFO - [OPS] Hardware trigger: no data received within 30s
2026-08-24 12:26:09,707 - openflight.rolling_buffer.trigger - INFO - [TRIGGER] Sound trigger timeout — no hardware trigger received
2026-08-24 12:26:09,708 - openflight.rolling_buffer.trigger - INFO - [TRIGGER] Waiting for sound trigger (timeout=30s)...
2026-08-24 12:26:39,718 - ops243 - INFO - [OPS] Hardware trigger: no data received within 30s
2026-08-24 12:26:39,718 - openflight.rolling_buffer.trigger - INFO - [TRIGGER] Sound trigger timeout — no hardware trigger received
2026-08-24 12:26:39,718 - openflight.rolling_buffer.trigger - INFO - [TRIGGER] Waiting for sound trigger (timeout=30s)...
2026-08-24 12:26:58,231 - openflight.iwr6843.monitor - INFO - [IWR6843] Trigger #14: dumping firmware-frozen L3 ring
2026-08-24 12:26:58,321 - ops243 - DEBUG - [OPS] Hardware trigger: first byte after 18.6s
2026-08-24 12:26:58,373 - openflight.camera.capture_runtime - INFO - [CAMERA] Capture #14 saved: 99 frames, 467.6fps, gaps=0 -> /home/pacinoj/openflight_sessions/trackman/camera/camera_20260824_122658_231_014
2026-08-24 12:27:01,048 - ops243 - INFO - [OPS] Hardware trigger: 41035 bytes in 21.3s
2026-08-24 12:27:01,048 - openflight.rolling_buffer.trigger - INFO - [TRIGGER] Sound trigger fired, 41035 bytes received
2026-08-24 12:27:01,629 - ops243 - INFO - [OPS] Clock sync: method=integer_rollover offset=1787582247.623s best_read_latency=0.3ms spread=988.9ms rollover_uncertainty=11.1ms (52/52 valid)
2026-08-24 12:27:01,629 - openflight.rolling_buffer.trigger - INFO - [TRIGGER] OPS clock sync selected: fresh offset=1787582247.623123s age=0.0ms (fresh=valid_integer_rollover, previous=valid_integer_rollover, delta=-13.0ms)
2026-08-24 12:27:01,830 - ops243 - INFO - [OPS] Re-arm drain: 0 bytes in 0.2s
2026-08-24 12:27:02,181 - ops243 - INFO - [OPS] Rolling buffer re-armed (S#16)
2026-08-24 12:27:02,181 - openflight.rolling_buffer.trigger - INFO - [TRIGGER] Sound trigger wall time 1787588818.227 (source=ops_clock_sync, first byte 1787588818.322, post-trigger 68.5ms)
2026-08-24 12:27:02,182 - openflight.rolling_buffer.trigger - INFO - [TRIGGER] Sound trigger accepted — peak 191.8 mph, 33 outbound readings
2026-08-24 12:27:02,202 - openflight.rolling_buffer.processor - INFO - [PROCESSOR] Ball speed outlier rejected: max=191.8, mode=97.0 mph (2 occurrences)
2026-08-24 12:27:02,202 - openflight.rolling_buffer.processor - INFO - [PROCESSOR] Ball speed: 97.3 mph (mode-based, 33 outbound readings)
2026-08-24 12:27:02,261 - openflight.rolling_buffer.processor - INFO - [PROCESSOR] Club speed: 69.5 mph at 6.4ms before ball
2026-08-24 12:27:02,261 - openflight.rolling_buffer.processor - INFO - [PROCESSOR] Impact estimate: OPS transition 45.9ms (club 73.2 mph @ 43.7ms -> ball 95.7 mph @ 48.0ms, delta=22.5 mph)
2026-08-24 12:27:02,263 - openflight.rolling_buffer.processor - INFO - [PROCESSOR] Multitaper repaired 2.44% clipped I/Q samples
2026-08-24 12:27:02,269 - openflight.rolling_buffer.processor - INFO - [PROCESSOR] Ball signal lost at 62.0ms (window trimmed from 136.5ms)
2026-08-24 12:27:02,289 - openflight.rolling_buffer.processor - INFO - [PROCESSOR] Ungated multitaper spin: 10986 RPM, evidence=0.38, fade=79.89 Hz, window=15.1ms
2026-08-24 12:27:02,290 - openflight.rolling_buffer.processor - INFO - [PROCESSOR] Spin result: 10986 RPM, SNR=0.38, quality=experimental
2026-08-24 12:27:02,290 - openflight.rolling_buffer.monitor - INFO - [MONITOR] process_capture: 107.1ms
2026-08-24 12:27:02,290 - openflight.rolling_buffer.monitor - INFO - [MONITOR] Shot detected: ball=97.3 mph, club=69.5, spin=10986
2026-08-24 12:27:02,292 - openflight.server - INFO - [SERVER] Shot callback: 97.3 mph
2026-08-24 12:27:05,327 - openflight.iwr6843.monitor - INFO - [IWR6843] Capture #14 complete: 732812 bytes in 7.10s
2026-08-24 12:27:06,788 - openflight.iwr6843.club - INFO - [CLUB] track=ops_speed_prior OPS=69.5 mph radial=36.6 m/s ratio=1.18 impact_error=0.242 m inliers=36 rms=0.39 bins
2026-08-24 12:27:06,836 - openflight.server - INFO - [SERVER] IWR6843 TX2 horizontal proxy: 61.10° (coherence 94%, status=hlcmf_v1_accepted)
2026-08-24 12:27:06,836 - openflight.server - INFO - [SERVER] IWR6843 LCMF-v1 launch: 4.17° (47 snapshots/12 frames, component std 3.16°)
2026-08-24 12:27:06,837 - openflight.server - INFO - [SERVER] Camera capture #14 matched -> /home/pacinoj/openflight_sessions/trackman/camera/camera_20260824_122658_231_014
2026-08-24 12:27:12,950 - openflight.server - INFO - [SERVER] Camera-assisted horizontal: selected=61.10142393711679 camera=None IWR=61.10142393711679 delta=None status=camera_withheld_fallback_iwr support=0/27
2026-08-24 12:27:13,070 - openflight.server - INFO - [SERVER] Camera/IWR chained club delivery: AoA -12.35 path 20.89 (status=approach_mixed, features=44, speed_ratio=1.292, velocity_mad=1.31 mph, path_windows=1, path_mad=0.98 deg, impact_frame=68)
2026-08-24 12:27:13,071 - openflight.server - INFO - [SERVER] Ball speed cosine correction: 97.3 -> 98.3 mph (LA 4.2)
2026-08-24 12:27:13,071 - openflight.server - INFO - [SERVER] Calculated spin: 720 rpm (v=98.3 mph, LA=4.2 deg, measured was 10986 rpm)
2026-08-24 12:27:13,075 - openflight.server - INFO - [SERVER] Ballistic carry: 18 yds (spin: 720 rpm, source: measured)
2026-08-24 12:27:13,076 - openflight.server - INFO - [SERVER] Shot: ball=98.3 mph, carry=122 yds, Launch: 4.2°
2026-08-24 12:27:13,077 - openflight.rolling_buffer.monitor - INFO - [SHOT] #14: ball=98.3 mph, club=69.5, carry=122 yds | trigger=22464ms, process=107ms, callback=10785ms, total=33358ms
2026-08-24 12:27:13,077 - openflight.rolling_buffer.trigger - INFO - [TRIGGER] Waiting for sound trigger (timeout=30s)...
2026-08-24 12:27:31,235 - openflight.iwr6843.monitor - INFO - [IWR6843] Trigger #15: dumping firmware-frozen L3 ring
2026-08-24 12:27:31,317 - ops243 - DEBUG - [OPS] Hardware trigger: first byte after 18.2s
2026-08-24 12:27:31,369 - openflight.camera.capture_runtime - INFO - [CAMERA] Capture #15 saved: 99 frames, 467.6fps, gaps=0 -> /home/pacinoj/openflight_sessions/trackman/camera/camera_20260824_122731_235_015
2026-08-24 12:27:34,045 - ops243 - INFO - [OPS] Hardware trigger: 41035 bytes in 21.0s
2026-08-24 12:27:34,045 - openflight.rolling_buffer.trigger - INFO - [TRIGGER] Sound trigger fired, 41035 bytes received
2026-08-24 12:27:34,628 - ops243 - INFO - [OPS] Clock sync: method=integer_rollover offset=1787582247.622s best_read_latency=0.2ms spread=988.9ms rollover_uncertainty=11.1ms (52/52 valid)
2026-08-24 12:27:34,628 - openflight.rolling_buffer.trigger - INFO - [TRIGGER] OPS clock sync selected: fresh offset=1787582247.622376s age=0.0ms (fresh=valid_integer_rollover, previous=valid_integer_rollover, delta=-0.7ms)
2026-08-24 12:27:34,829 - ops243 - INFO - [OPS] Re-arm drain: 0 bytes in 0.2s
2026-08-24 12:27:35,240 - ops243 - INFO - [OPS] Rolling buffer re-armed (S#16)
2026-08-24 12:27:35,241 - openflight.rolling_buffer.trigger - INFO - [TRIGGER] Sound trigger wall time 1787588851.232 (source=ops_clock_sync, first byte 1787588851.317, post-trigger 68.5ms)
2026-08-24 12:27:35,241 - openflight.rolling_buffer.trigger - INFO - [TRIGGER] Sound trigger accepted — peak 180.2 mph, 42 outbound readings
2026-08-24 12:27:35,253 - openflight.rolling_buffer.processor - INFO - [PROCESSOR] Ball speed outlier rejected: max=180.2, mode=156.0 mph (3 occurrences)
2026-08-24 12:27:35,254 - openflight.rolling_buffer.processor - INFO - [PROCESSOR] Ball speed: 155.8 mph (mode-based, 42 outbound readings)
2026-08-24 12:27:35,321 - openflight.rolling_buffer.processor - INFO - [PROCESSOR] Club speed: 106.3 mph at 12.8ms before ball
2026-08-24 12:27:35,322 - openflight.rolling_buffer.processor - INFO - [PROCESSOR] Impact estimate: OPS transition 64.5ms (club 106.4 mph @ 62.9ms -> ball 153.8 mph @ 66.1ms, delta=47.3 mph)
2026-08-24 12:27:35,324 - openflight.rolling_buffer.processor - INFO - [PROCESSOR] Multitaper repaired 3.08% clipped I/Q samples
2026-08-24 12:27:35,328 - openflight.rolling_buffer.processor - INFO - [PROCESSOR] Ball signal lost at 118.0ms (window trimmed from 136.5ms)
2026-08-24 12:27:35,387 - openflight.rolling_buffer.processor - INFO - [PROCESSOR] Ungated multitaper spin: 4614 RPM, evidence=12.90, fade=32.28 Hz, window=45.9ms
2026-08-24 12:27:35,387 - openflight.rolling_buffer.processor - INFO - [PROCESSOR] Spin result: 4614 RPM, SNR=12.90, quality=experimental
2026-08-24 12:27:35,388 - openflight.rolling_buffer.monitor - INFO - [MONITOR] process_capture: 146.6ms
2026-08-24 12:27:35,388 - openflight.rolling_buffer.monitor - INFO - [MONITOR] Shot detected: ball=155.8 mph, club=106.3, spin=4614
2026-08-24 12:27:35,391 - openflight.server - INFO - [SERVER] Shot callback: 155.8 mph
2026-08-24 12:27:38,331 - openflight.iwr6843.monitor - INFO - [IWR6843] Capture #15 complete: 732812 bytes in 7.10s
2026-08-24 12:27:42,004 - openflight.iwr6843.club - INFO - [CLUB] track=ops_speed_prior OPS=106.3 mph radial=43.2 m/s ratio=0.91 impact_error=0.182 m inliers=43 rms=0.31 bins
2026-08-24 12:27:42,070 - openflight.server - INFO - [SERVER] IWR6843 LCMF-v1 launch: 9.81° (22 snapshots/7 frames, component std 0.02°)
2026-08-24 12:27:42,070 - openflight.server - INFO - [SERVER] Camera capture #15 matched -> /home/pacinoj/openflight_sessions/trackman/camera/camera_20260824_122731_235_015
2026-08-24 12:27:44,515 - openflight.server - INFO - [SERVER] Camera-assisted horizontal: selected=1.617670074225373 camera=1.617670074225373 IWR=None delta=None status=camera_assisted_high support=18/27
2026-08-24 12:27:44,590 - openflight.server - INFO - [SERVER] Camera/IWR chained club delivery: AoA None path None (status=rejected_no_stable_clubhead, features=0, speed_ratio=None, velocity_mad=None mph, path_windows=0, path_mad=None deg, impact_frame=66)
2026-08-24 12:27:44,590 - openflight.server - INFO - [SERVER] Ball speed cosine correction: 155.8 -> 157.5 mph (LA 9.8)
2026-08-24 12:27:44,590 - openflight.server - INFO - [SERVER] Calculated spin: 3204 rpm (v=157.5 mph, LA=9.8 deg, measured was 4614 rpm)
2026-08-24 12:27:44,618 - openflight.server - INFO - [SERVER] Ballistic carry: 236 yds (spin: 3204 rpm, source: measured)
2026-08-24 12:27:44,619 - openflight.server - INFO - [SERVER] Shot: ball=157.5 mph, carry=280 yds, Launch: 9.8°
2026-08-24 12:27:44,619 - openflight.rolling_buffer.monitor - INFO - [SHOT] #15: ball=157.5 mph, club=106.3, carry=280 yds | trigger=22164ms, process=147ms, callback=9229ms, total=31542ms
2026-08-24 12:27:44,619 - openflight.rolling_buffer.trigger - INFO - [TRIGGER] Waiting for sound trigger (timeout=30s)...
2026-08-24 12:28:10,230 - openflight.iwr6843.monitor - INFO - [IWR6843] Trigger #16: dumping firmware-frozen L3 ring
2026-08-24 12:28:10,300 - ops243 - DEBUG - [OPS] Hardware trigger: first byte after 25.7s
2026-08-24 12:28:10,361 - openflight.camera.capture_runtime - INFO - [CAMERA] Capture #16 saved: 99 frames, 467.6fps, gaps=0 -> /home/pacinoj/openflight_sessions/trackman/camera/camera_20260824_122810_230_016
2026-08-24 12:28:13,044 - ops243 - INFO - [OPS] Hardware trigger: 41035 bytes in 28.4s
2026-08-24 12:28:13,044 - openflight.rolling_buffer.trigger - INFO - [TRIGGER] Sound trigger fired, 41035 bytes received
2026-08-24 12:28:13,627 - ops243 - INFO - [OPS] Clock sync: method=integer_rollover offset=1787582247.622s best_read_latency=0.2ms spread=989.1ms rollover_uncertainty=10.9ms (52/52 valid)
2026-08-24 12:28:13,628 - openflight.rolling_buffer.trigger - INFO - [TRIGGER] OPS clock sync selected: fresh offset=1787582247.621928s age=0.0ms (fresh=valid_integer_rollover, previous=valid_integer_rollover, delta=-0.4ms)
2026-08-24 12:28:13,828 - ops243 - INFO - [OPS] Re-arm drain: 0 bytes in 0.2s
2026-08-24 12:28:14,180 - ops243 - INFO - [OPS] Rolling buffer re-armed (S#16)
2026-08-24 12:28:14,180 - openflight.rolling_buffer.trigger - INFO - [TRIGGER] Sound trigger wall time 1787588890.230 (source=ops_clock_sync, first byte 1787588890.300, post-trigger 68.5ms)
2026-08-24 12:28:14,180 - openflight.rolling_buffer.trigger - INFO - [TRIGGER] Sound trigger accepted — peak 153.5 mph, 43 outbound readings
2026-08-24 12:28:14,197 - openflight.rolling_buffer.processor - INFO - [PROCESSOR] Ball speed: 153.5 mph (mode-based, 43 outbound readings)
2026-08-24 12:28:14,253 - openflight.rolling_buffer.processor - INFO - [PROCESSOR] Club speed: 107.8 mph at 11.7ms before ball
2026-08-24 12:28:14,255 - openflight.rolling_buffer.processor - INFO - [PROCESSOR] Impact estimate: OPS transition 64.0ms (club 104.3 mph @ 61.9ms -> ball 151.3 mph @ 66.1ms, delta=47.0 mph)
2026-08-24 12:28:14,261 - openflight.rolling_buffer.processor - INFO - [PROCESSOR] Ball signal lost at 118.3ms (window trimmed from 136.5ms)
2026-08-24 12:28:14,327 - openflight.rolling_buffer.processor - INFO - [PROCESSOR] Ungated multitaper spin: 6592 RPM, evidence=8.32, fade=41.70 Hz, window=48.3ms
2026-08-24 12:28:14,327 - openflight.rolling_buffer.processor - INFO - [PROCESSOR] Spin result: 6592 RPM, SNR=8.32, quality=experimental
2026-08-24 12:28:14,328 - openflight.rolling_buffer.monitor - INFO - [MONITOR] process_capture: 147.2ms
2026-08-24 12:28:14,328 - openflight.rolling_buffer.monitor - INFO - [MONITOR] Shot detected: ball=153.5 mph, club=107.8, spin=6592
2026-08-24 12:28:14,330 - openflight.server - INFO - [SERVER] Shot callback: 153.5 mph
2026-08-24 12:28:17,326 - openflight.iwr6843.monitor - INFO - [IWR6843] Capture #16 complete: 732812 bytes in 7.10s
2026-08-24 12:28:19,492 - openflight.iwr6843.club - INFO - [CLUB] track=ops_speed_prior OPS=107.8 mph radial=45.6 m/s ratio=0.95 impact_error=0.184 m inliers=34 rms=0.21 bins
2026-08-24 12:28:19,560 - openflight.server - INFO - [SERVER] IWR6843 LCMF-v1 launch: 10.64° (12 snapshots/4 frames, component std 1.29°)
2026-08-24 12:28:19,560 - openflight.server - INFO - [SERVER] Camera capture #16 matched -> /home/pacinoj/openflight_sessions/trackman/camera/camera_20260824_122810_230_016
2026-08-24 12:28:19,608 - openflight.server - INFO - [SERVER] Camera-assisted horizontal: selected=None camera=None IWR=None delta=None status=camera_withheld_fallback_iwr support=0/27
2026-08-24 12:28:19,655 - openflight.server - INFO - [SERVER] Camera/IWR chained club delivery: AoA None path None (status=rejected_no_ball, features=0, speed_ratio=None, velocity_mad=None mph, path_windows=0, path_mad=None deg, impact_frame=None)
2026-08-24 12:28:19,655 - openflight.server - INFO - [SERVER] Horizontal angle unavailable; no measured trajectory
2026-08-24 12:28:19,655 - openflight.server - INFO - [SERVER] Ball speed cosine correction: 153.5 -> 155.2 mph (LA 10.6)
2026-08-24 12:28:19,655 - openflight.server - INFO - [SERVER] Calculated spin: 3477 rpm (v=155.2 mph, LA=10.6 deg, measured was 6592 rpm)
2026-08-24 12:28:19,684 - openflight.server - INFO - [SERVER] Ballistic carry: 238 yds (spin: 3477 rpm, source: measured)
2026-08-24 12:28:19,685 - openflight.server - INFO - [SERVER] Shot: ball=155.2 mph, carry=276 yds, Launch: 10.6°
2026-08-24 12:28:19,686 - openflight.rolling_buffer.monitor - INFO - [SHOT] #16: ball=155.2 mph, club=107.8, carry=276 yds | trigger=29561ms, process=147ms, callback=5356ms, total=35066ms
2026-08-24 12:28:19,686 - openflight.rolling_buffer.trigger - INFO - [TRIGGER] Waiting for sound trigger (timeout=30s)...
2026-08-24 12:28:41,611 - openflight.iwr6843.monitor - INFO - [IWR6843] Trigger #17: dumping firmware-frozen L3 ring
2026-08-24 12:28:41,680 - ops243 - DEBUG - [OPS] Hardware trigger: first byte after 22.0s
2026-08-24 12:28:41,738 - openflight.camera.capture_runtime - INFO - [CAMERA] Capture #17 saved: 99 frames, 467.6fps, gaps=0 -> /home/pacinoj/openflight_sessions/trackman/camera/camera_20260824_122841_611_017
2026-08-24 12:28:44,424 - ops243 - INFO - [OPS] Hardware trigger: 41035 bytes in 24.7s
2026-08-24 12:28:44,425 - openflight.rolling_buffer.trigger - INFO - [TRIGGER] Sound trigger fired, 41035 bytes received
2026-08-24 12:28:44,828 - ops243 - INFO - [OPS] Clock sync: method=integer_rollover offset=1787582247.622s best_read_latency=0.4ms spread=988.8ms rollover_uncertainty=11.2ms (36/36 valid)
2026-08-24 12:28:44,829 - openflight.rolling_buffer.trigger - INFO - [TRIGGER] OPS clock sync selected: fresh offset=1787582247.621830s age=0.0ms (fresh=valid_integer_rollover, previous=valid_integer_rollover, delta=-0.1ms)
2026-08-24 12:28:45,029 - ops243 - INFO - [OPS] Re-arm drain: 0 bytes in 0.2s
2026-08-24 12:28:45,381 - ops243 - INFO - [OPS] Rolling buffer re-armed (S#16)
2026-08-24 12:28:45,381 - openflight.rolling_buffer.trigger - INFO - [TRIGGER] Sound trigger wall time 1787588921.612 (source=ops_clock_sync, first byte 1787588921.680, post-trigger 68.5ms)
2026-08-24 12:28:45,381 - openflight.rolling_buffer.trigger - INFO - [TRIGGER] Sound trigger accepted — peak 152.0 mph, 49 outbound readings
2026-08-24 12:28:45,394 - openflight.rolling_buffer.processor - INFO - [PROCESSOR] Ball speed: 152.0 mph (mode-based, 49 outbound readings)
2026-08-24 12:28:45,459 - openflight.rolling_buffer.processor - INFO - [PROCESSOR] Club speed: 105.6 mph at 13.9ms before ball
2026-08-24 12:28:45,459 - openflight.rolling_buffer.processor - INFO - [PROCESSOR] Impact estimate: OPS transition 64.5ms (club 101.9 mph @ 62.9ms -> ball 149.1 mph @ 66.1ms, delta=47.1 mph)
2026-08-24 12:28:45,461 - openflight.rolling_buffer.processor - INFO - [PROCESSOR] Multitaper repaired 0.66% clipped I/Q samples
2026-08-24 12:28:45,464 - openflight.rolling_buffer.processor - INFO - [PROCESSOR] Ball signal lost at 119.4ms (window trimmed from 136.5ms)
2026-08-24 12:28:45,504 - openflight.rolling_buffer.processor - INFO - [PROCESSOR] Ungated multitaper spin: 6921 RPM, evidence=18.11, fade=89.97 Hz, window=48.4ms
2026-08-24 12:28:45,504 - openflight.rolling_buffer.processor - INFO - [PROCESSOR] Spin result: 6921 RPM, SNR=18.11, quality=experimental
2026-08-24 12:28:45,505 - openflight.rolling_buffer.monitor - INFO - [MONITOR] process_capture: 123.3ms
2026-08-24 12:28:45,506 - openflight.rolling_buffer.monitor - INFO - [MONITOR] Shot detected: ball=152.0 mph, club=105.6, spin=6921
2026-08-24 12:28:45,509 - openflight.server - INFO - [SERVER] Shot callback: 152.0 mph
2026-08-24 12:28:48,708 - openflight.iwr6843.monitor - INFO - [IWR6843] Capture #17 complete: 732812 bytes in 7.10s
2026-08-24 12:28:50,076 - openflight.iwr6843.club - INFO - [CLUB] track=ops_speed_prior OPS=105.6 mph radial=39.8 m/s ratio=0.84 impact_error=0.367 m inliers=25 rms=0.31 bins
2026-08-24 12:28:50,116 - openflight.server - INFO - [SERVER] IWR6843 LCMF-v1 launch: 27.69° (44 snapshots/12 frames, component std 9.33°)
2026-08-24 12:28:50,117 - openflight.server - INFO - [SERVER] Camera capture #17 matched -> /home/pacinoj/openflight_sessions/trackman/camera/camera_20260824_122841_611_017
2026-08-24 12:28:50,165 - openflight.server - INFO - [SERVER] Camera-assisted horizontal: selected=None camera=None IWR=None delta=None status=camera_withheld_fallback_iwr support=0/27
2026-08-24 12:28:50,219 - openflight.server - INFO - [SERVER] Camera/IWR chained club delivery: AoA None path None (status=rejected_no_ball, features=0, speed_ratio=None, velocity_mad=None mph, path_windows=0, path_mad=None deg, impact_frame=None)
2026-08-24 12:28:50,219 - openflight.server - INFO - [SERVER] Horizontal angle unavailable; no measured trajectory
2026-08-24 12:28:50,220 - openflight.server - INFO - [SERVER] Ball speed cosine correction: 152.0 -> 155.3 mph (LA 27.7)
2026-08-24 12:28:50,220 - openflight.server - INFO - [SERVER] Calculated spin: 10528 rpm (v=155.3 mph, LA=27.7 deg, measured was 6921 rpm)
2026-08-24 12:28:50,265 - openflight.server - INFO - [SERVER] Ballistic carry: 213 yds (spin: 10528 rpm, source: measured)
2026-08-24 12:28:50,266 - openflight.server - INFO - [SERVER] Shot: ball=155.3 mph, carry=260 yds, Launch: 27.7°
2026-08-24 12:28:50,267 - openflight.rolling_buffer.monitor - INFO - [SHOT] #17: ball=155.3 mph, club=105.6, carry=260 yds | trigger=25695ms, process=123ms, callback=4757ms, total=30581ms
2026-08-24 12:28:50,267 - openflight.rolling_buffer.trigger - INFO - [TRIGGER] Waiting for sound trigger (timeout=30s)...
2026-08-24 12:29:16,845 - openflight.iwr6843.monitor - INFO - [IWR6843] Trigger #18: dumping firmware-frozen L3 ring
2026-08-24 12:29:16,933 - ops243 - DEBUG - [OPS] Hardware trigger: first byte after 26.7s
2026-08-24 12:29:16,983 - openflight.camera.capture_runtime - INFO - [CAMERA] Capture #18 saved: 99 frames, 467.6fps, gaps=0 -> /home/pacinoj/openflight_sessions/trackman/camera/camera_20260824_122916_845_018
2026-08-24 12:29:19,650 - ops243 - INFO - [OPS] Hardware trigger: 41035 bytes in 29.4s
2026-08-24 12:29:19,650 - openflight.rolling_buffer.trigger - INFO - [TRIGGER] Sound trigger fired, 41035 bytes received
2026-08-24 12:29:20,617 - ops243 - INFO - [OPS] Clock sync: method=integer_rollover offset=1787582247.611s best_read_latency=0.2ms spread=988.8ms rollover_uncertainty=11.2ms (87/87 valid)
2026-08-24 12:29:20,617 - openflight.rolling_buffer.trigger - INFO - [TRIGGER] OPS clock sync selected: fresh offset=1787582247.610857s age=0.0ms (fresh=valid_integer_rollover, previous=valid_integer_rollover, delta=-11.0ms)
2026-08-24 12:29:20,817 - ops243 - INFO - [OPS] Re-arm drain: 0 bytes in 0.2s
2026-08-24 12:29:21,169 - ops243 - INFO - [OPS] Rolling buffer re-armed (S#16)
2026-08-24 12:29:21,169 - openflight.rolling_buffer.trigger - INFO - [TRIGGER] Sound trigger wall time 1787588956.838 (source=ops_clock_sync, first byte 1787588956.933, post-trigger 68.5ms)
2026-08-24 12:29:21,169 - openflight.rolling_buffer.trigger - INFO - [TRIGGER] Sound trigger accepted — peak 155.3 mph, 44 outbound readings
2026-08-24 12:29:21,188 - openflight.rolling_buffer.processor - INFO - [PROCESSOR] Ball speed: 155.3 mph (mode-based, 44 outbound readings)
2026-08-24 12:29:21,238 - openflight.rolling_buffer.processor - INFO - [PROCESSOR] Club speed: 103.0 mph at 16.0ms before ball
2026-08-24 12:29:21,239 - openflight.rolling_buffer.processor - INFO - [PROCESSOR] Impact estimate: OPS transition 59.2ms (club 106.9 mph @ 54.4ms -> ball 152.5 mph @ 64.0ms, delta=45.6 mph)
2026-08-24 12:29:21,244 - openflight.rolling_buffer.processor - INFO - [PROCESSOR] Multitaper repaired 0.46% clipped I/Q samples
2026-08-24 12:29:21,250 - openflight.rolling_buffer.processor - INFO - [PROCESSOR] Ball signal lost at 116.3ms (window trimmed from 136.5ms)
2026-08-24 12:29:21,315 - openflight.rolling_buffer.processor - INFO - [PROCESSOR] Ungated multitaper spin: 5383 RPM, evidence=4.89, fade=26.79 Hz, window=48.5ms
2026-08-24 12:29:21,315 - openflight.rolling_buffer.processor - INFO - [PROCESSOR] Spin result: 5383 RPM, SNR=4.89, quality=experimental
2026-08-24 12:29:21,316 - openflight.rolling_buffer.monitor - INFO - [MONITOR] process_capture: 143.8ms
2026-08-24 12:29:21,316 - openflight.rolling_buffer.monitor - INFO - [MONITOR] Shot detected: ball=155.3 mph, club=103.0, spin=5383
2026-08-24 12:29:21,318 - openflight.server - INFO - [SERVER] Shot callback: 155.3 mph
2026-08-24 12:29:23,942 - openflight.iwr6843.monitor - INFO - [IWR6843] Capture #18 complete: 732812 bytes in 7.10s
2026-08-24 12:29:26,555 - openflight.iwr6843.club - INFO - [CLUB] track=ops_speed_prior OPS=103.0 mph radial=39.0 m/s ratio=0.85 impact_error=0.208 m inliers=43 rms=0.44 bins
2026-08-24 12:29:26,608 - openflight.server - INFO - [SERVER] IWR6843 TX2 horizontal proxy: -4.75° (coherence 95%, status=hlcmf_v1_accepted)
2026-08-24 12:29:26,608 - openflight.server - INFO - [SERVER] IWR6843 LCMF-v1 launch: 18.15° (15 snapshots/5 frames, component std 0.22°)
2026-08-24 12:29:26,609 - openflight.server - INFO - [SERVER] Camera capture #18 matched -> /home/pacinoj/openflight_sessions/trackman/camera/camera_20260824_122916_845_018
2026-08-24 12:29:26,658 - openflight.server - INFO - [SERVER] Camera-assisted horizontal: selected=-4.751263273224911 camera=None IWR=-4.751263273224911 delta=None status=camera_withheld_fallback_iwr support=0/27
2026-08-24 12:29:26,712 - openflight.server - INFO - [SERVER] Camera/IWR chained club delivery: AoA None path None (status=rejected_no_ball, features=0, speed_ratio=None, velocity_mad=None mph, path_windows=0, path_mad=None deg, impact_frame=None)
2026-08-24 12:29:26,712 - openflight.server - INFO - [SERVER] Ball speed cosine correction: 155.3 -> 157.8 mph (LA 18.2)
2026-08-24 12:29:26,712 - openflight.server - INFO - [SERVER] Calculated spin: 6620 rpm (v=157.8 mph, LA=18.2 deg, measured was 5383 rpm)
2026-08-24 12:29:26,754 - openflight.server - INFO - [SERVER] Ballistic carry: 251 yds (spin: 6620 rpm, source: measured)
2026-08-24 12:29:26,755 - openflight.server - INFO - [SERVER] Shot: ball=157.8 mph, carry=273 yds, Launch: 18.2°
2026-08-24 12:29:26,756 - openflight.rolling_buffer.monitor - INFO - [SHOT] #18: ball=157.8 mph, club=103.0, carry=273 yds | trigger=30903ms, process=144ms, callback=5438ms, total=36489ms
2026-08-24 12:29:26,756 - openflight.rolling_buffer.trigger - INFO - [TRIGGER] Waiting for sound trigger (timeout=30s)...
2026-08-24 12:29:53,433 - openflight.iwr6843.monitor - INFO - [IWR6843] Trigger #19: dumping firmware-frozen L3 ring
2026-08-24 12:29:53,524 - ops243 - DEBUG - [OPS] Hardware trigger: first byte after 26.8s
2026-08-24 12:29:53,593 - openflight.camera.capture_runtime - INFO - [CAMERA] Capture #19 saved: 99 frames, 467.6fps, gaps=0 -> /home/pacinoj/openflight_sessions/trackman/camera/camera_20260824_122953_432_019
2026-08-24 12:29:56,248 - ops243 - INFO - [OPS] Hardware trigger: 41035 bytes in 29.5s
2026-08-24 12:29:56,248 - openflight.rolling_buffer.trigger - INFO - [TRIGGER] Sound trigger fired, 41035 bytes received
2026-08-24 12:29:56,650 - ops243 - INFO - [OPS] Clock sync: method=integer_rollover offset=1787582247.611s best_read_latency=0.2ms spread=989.0ms rollover_uncertainty=11.0ms (36/36 valid)
2026-08-24 12:29:56,650 - openflight.rolling_buffer.trigger - INFO - [TRIGGER] OPS clock sync selected: fresh offset=1787582247.611154s age=0.0ms (fresh=valid_integer_rollover, previous=valid_integer_rollover, delta=0.3ms)
2026-08-24 12:29:56,850 - ops243 - INFO - [OPS] Re-arm drain: 0 bytes in 0.2s
2026-08-24 12:29:57,202 - ops243 - INFO - [OPS] Rolling buffer re-armed (S#16)
2026-08-24 12:29:57,203 - openflight.rolling_buffer.trigger - INFO - [TRIGGER] Sound trigger wall time 1787588993.428 (source=ops_clock_sync, first byte 1787588993.524, post-trigger 68.5ms)
2026-08-24 12:29:57,203 - openflight.rolling_buffer.trigger - INFO - [TRIGGER] Sound trigger accepted — peak 180.0 mph, 43 outbound readings
2026-08-24 12:29:57,220 - openflight.rolling_buffer.processor - INFO - [PROCESSOR] Ball speed outlier rejected: max=180.0, mode=149.0 mph (6 occurrences)
2026-08-24 12:29:57,220 - openflight.rolling_buffer.processor - INFO - [PROCESSOR] Ball speed: 148.9 mph (mode-based, 43 outbound readings)
2026-08-24 12:29:57,276 - openflight.rolling_buffer.processor - INFO - [PROCESSOR] Club speed: 106.3 mph at 11.7ms before ball
2026-08-24 12:29:57,276 - openflight.rolling_buffer.processor - INFO - [PROCESSOR] Impact estimate: OPS transition 60.3ms (club 101.7 mph @ 58.7ms -> ball 146.1 mph @ 61.9ms, delta=44.4 mph)
2026-08-24 12:29:57,279 - openflight.rolling_buffer.processor - INFO - [PROCESSOR] Multitaper repaired 2.86% clipped I/Q samples
2026-08-24 12:29:57,284 - openflight.rolling_buffer.processor - INFO - [PROCESSOR] Ball signal lost at 116.3ms (window trimmed from 136.5ms)
2026-08-24 12:29:57,333 - openflight.rolling_buffer.processor - INFO - [PROCESSOR] Ungated multitaper spin: 7471 RPM, evidence=9.28, fade=29.75 Hz, window=49.5ms
2026-08-24 12:29:57,333 - openflight.rolling_buffer.processor - INFO - [PROCESSOR] Spin result: 7471 RPM, SNR=9.28, quality=experimental
2026-08-24 12:29:57,334 - openflight.rolling_buffer.monitor - INFO - [MONITOR] process_capture: 130.7ms
2026-08-24 12:29:57,334 - openflight.rolling_buffer.monitor - INFO - [MONITOR] Shot detected: ball=148.9 mph, club=106.3, spin=7471
2026-08-24 12:29:57,336 - openflight.server - INFO - [SERVER] Shot callback: 148.9 mph
2026-08-24 12:30:00,528 - openflight.iwr6843.monitor - INFO - [IWR6843] Capture #19 complete: 732812 bytes in 7.10s
2026-08-24 12:30:01,059 - openflight.iwr6843.club - INFO - [CLUB] track=ops_speed_prior OPS=106.3 mph radial=39.5 m/s ratio=0.83 impact_error=0.227 m inliers=35 rms=0.33 bins
2026-08-24 12:30:01,111 - openflight.server - INFO - [SERVER] IWR6843 LCMF-v1 launch: 14.07° (25 snapshots/7 frames, component std 0.40°)
2026-08-24 12:30:01,111 - openflight.server - INFO - [SERVER] Camera capture #19 matched -> /home/pacinoj/openflight_sessions/trackman/camera/camera_20260824_122953_432_019
2026-08-24 12:30:04,911 - openflight.server - INFO - [SERVER] Camera-assisted horizontal: selected=None camera=None IWR=None delta=None status=camera_withheld_fallback_iwr support=27/27
2026-08-24 12:30:04,980 - openflight.server - INFO - [SERVER] Camera/IWR chained club delivery: AoA None path None (status=rejected_no_impact, features=0, speed_ratio=None, velocity_mad=None mph, path_windows=0, path_mad=None deg, impact_frame=None)
2026-08-24 12:30:04,980 - openflight.server - INFO - [SERVER] Horizontal angle unavailable; no measured trajectory
2026-08-24 12:30:04,980 - openflight.server - INFO - [SERVER] Ball speed cosine correction: 148.9 -> 151.0 mph (LA 14.1)
2026-08-24 12:30:04,980 - openflight.server - INFO - [SERVER] Calculated spin: 4704 rpm (v=151.0 mph, LA=14.1 deg, measured was 7471 rpm)
2026-08-24 12:30:05,014 - openflight.server - INFO - [SERVER] Ballistic carry: 244 yds (spin: 4704 rpm, source: measured)
2026-08-24 12:30:05,015 - openflight.server - INFO - [SERVER] Shot: ball=151.0 mph, carry=263 yds, Launch: 14.1°
2026-08-24 12:30:05,016 - openflight.rolling_buffer.monitor - INFO - [SHOT] #19: ball=151.0 mph, club=106.3, carry=263 yds | trigger=30447ms, process=131ms, callback=7680ms, total=38260ms
2026-08-24 12:30:05,016 - openflight.rolling_buffer.trigger - INFO - [TRIGGER] Waiting for sound trigger (timeout=30s)...
2026-08-24 12:30:25,035 - openflight.iwr6843.monitor - INFO - [IWR6843] Trigger #20: dumping firmware-frozen L3 ring
2026-08-24 12:30:25,116 - ops243 - DEBUG - [OPS] Hardware trigger: first byte after 20.1s
2026-08-24 12:30:25,149 - openflight.camera.capture_runtime - INFO - [CAMERA] Capture #20 saved: 99 frames, 467.6fps, gaps=0 -> /home/pacinoj/openflight_sessions/trackman/camera/camera_20260824_123025_035_020
2026-08-24 12:30:27,846 - ops243 - INFO - [OPS] Hardware trigger: 41035 bytes in 22.8s
2026-08-24 12:30:27,846 - openflight.rolling_buffer.trigger - INFO - [TRIGGER] Sound trigger fired, 41035 bytes received
2026-08-24 12:30:28,612 - ops243 - INFO - [OPS] Clock sync: method=integer_rollover offset=1787582247.606s best_read_latency=0.2ms spread=988.9ms rollover_uncertainty=11.1ms (68/68 valid)
2026-08-24 12:30:28,612 - openflight.rolling_buffer.trigger - INFO - [TRIGGER] OPS clock sync selected: fresh offset=1787582247.606092s age=0.0ms (fresh=valid_integer_rollover, previous=valid_integer_rollover, delta=-5.1ms)
2026-08-24 12:30:28,812 - ops243 - INFO - [OPS] Re-arm drain: 0 bytes in 0.2s
2026-08-24 12:30:29,166 - ops243 - INFO - [OPS] Rolling buffer re-armed (S#16)
2026-08-24 12:30:29,166 - openflight.rolling_buffer.trigger - INFO - [TRIGGER] Sound trigger wall time 1787589025.029 (source=ops_clock_sync, first byte 1787589025.116, post-trigger 68.5ms)
2026-08-24 12:30:29,166 - openflight.rolling_buffer.trigger - INFO - [TRIGGER] Sound trigger accepted — peak 203.1 mph, 50 outbound readings
2026-08-24 12:30:29,187 - openflight.rolling_buffer.processor - INFO - [PROCESSOR] Ball speed outlier rejected: max=203.1, mode=153.0 mph (2 occurrences)
2026-08-24 12:30:29,187 - openflight.rolling_buffer.processor - INFO - [PROCESSOR] Ball speed: 153.3 mph (mode-based, 50 outbound readings)
2026-08-24 12:30:29,254 - openflight.rolling_buffer.processor - INFO - [PROCESSOR] Club speed: 104.5 mph at 14.9ms before ball
2026-08-24 12:30:29,254 - openflight.rolling_buffer.processor - INFO - [PROCESSOR] Impact estimate: OPS transition 62.4ms (club 106.6 mph @ 59.7ms -> ball 150.6 mph @ 65.1ms, delta=44.0 mph)
2026-08-24 12:30:29,256 - openflight.rolling_buffer.processor - INFO - [PROCESSOR] Multitaper repaired 3.20% clipped I/Q samples
2026-08-24 12:30:29,261 - openflight.rolling_buffer.processor - INFO - [PROCESSOR] Ball signal lost at 117.1ms (window trimmed from 136.5ms)
2026-08-24 12:30:29,328 - openflight.rolling_buffer.processor - INFO - [PROCESSOR] Ungated multitaper spin: 3735 RPM, evidence=17.94, fade=42.79 Hz, window=46.0ms
2026-08-24 12:30:29,329 - openflight.rolling_buffer.processor - INFO - [PROCESSOR] Spin result: 3735 RPM, SNR=17.94, quality=experimental
2026-08-24 12:30:29,330 - openflight.rolling_buffer.monitor - INFO - [MONITOR] process_capture: 162.8ms
2026-08-24 12:30:29,330 - openflight.rolling_buffer.monitor - INFO - [MONITOR] Shot detected: ball=153.3 mph, club=104.5, spin=3735
2026-08-24 12:30:29,333 - openflight.server - INFO - [SERVER] Shot callback: 153.3 mph
2026-08-24 12:30:32,131 - openflight.iwr6843.monitor - INFO - [IWR6843] Capture #20 complete: 732812 bytes in 7.10s
2026-08-24 12:30:33,610 - openflight.iwr6843.club - INFO - [CLUB] track=ops_speed_prior OPS=104.5 mph radial=41.4 m/s ratio=0.89 impact_error=0.306 m inliers=36 rms=0.34 bins
2026-08-24 12:30:33,657 - openflight.server - INFO - [SERVER] IWR6843 LCMF-v1 launch: 25.45° (43 snapshots/11 frames, component std 7.13°)
2026-08-24 12:30:33,658 - openflight.server - INFO - [SERVER] Camera capture #20 matched -> /home/pacinoj/openflight_sessions/trackman/camera/camera_20260824_123025_035_020
2026-08-24 12:30:39,156 - openflight.server - INFO - [SERVER] Camera-assisted horizontal: selected=None camera=None IWR=None delta=None status=camera_withheld_fallback_iwr support=8/27
2026-08-24 12:30:39,223 - openflight.server - INFO - [SERVER] Camera/IWR chained club delivery: AoA None path None (status=rejected_no_impact, features=0, speed_ratio=None, velocity_mad=None mph, path_windows=0, path_mad=None deg, impact_frame=None)
2026-08-24 12:30:39,223 - openflight.server - INFO - [SERVER] Horizontal angle unavailable; no measured trajectory
2026-08-24 12:30:39,223 - openflight.server - INFO - [SERVER] Ball speed cosine correction: 153.3 -> 156.5 mph (LA 25.4)
2026-08-24 12:30:39,223 - openflight.server - INFO - [SERVER] Calculated spin: 9653 rpm (v=156.5 mph, LA=25.4 deg, measured was 3735 rpm)
2026-08-24 12:30:39,267 - openflight.server - INFO - [SERVER] Ballistic carry: 224 yds (spin: 9653 rpm, source: measured)
2026-08-24 12:30:39,268 - openflight.server - INFO - [SERVER] Shot: ball=156.5 mph, carry=265 yds, Launch: 25.4°
2026-08-24 12:30:39,268 - openflight.rolling_buffer.monitor - INFO - [SHOT] #20: ball=156.5 mph, club=104.5, carry=265 yds | trigger=24151ms, process=163ms, callback=9935ms, total=34252ms
2026-08-24 12:30:39,268 - openflight.rolling_buffer.trigger - INFO - [TRIGGER] Waiting for sound trigger (timeout=30s)...
2026-08-24 12:31:00,202 - openflight.iwr6843.monitor - INFO - [IWR6843] Trigger #21: dumping firmware-frozen L3 ring
2026-08-24 12:31:00,280 - ops243 - DEBUG - [OPS] Hardware trigger: first byte after 21.0s
2026-08-24 12:31:00,306 - openflight.camera.capture_runtime - INFO - [CAMERA] Capture #21 saved: 99 frames, 467.6fps, gaps=0 -> /home/pacinoj/openflight_sessions/trackman/camera/camera_20260824_123100_201_021
2026-08-24 12:31:03,008 - ops243 - INFO - [OPS] Hardware trigger: 41035 bytes in 23.7s
2026-08-24 12:31:03,008 - openflight.rolling_buffer.trigger - INFO - [TRIGGER] Sound trigger fired, 41035 bytes received
2026-08-24 12:31:03,616 - ops243 - INFO - [OPS] Clock sync: method=integer_rollover offset=1787582247.610s best_read_latency=0.3ms spread=988.9ms rollover_uncertainty=11.1ms (55/55 valid)
2026-08-24 12:31:03,616 - openflight.rolling_buffer.trigger - INFO - [TRIGGER] OPS clock sync selected: fresh offset=1787582247.610255s age=0.0ms (fresh=valid_integer_rollover, previous=valid_integer_rollover, delta=4.2ms)
2026-08-24 12:31:03,816 - ops243 - INFO - [OPS] Re-arm drain: 0 bytes in 0.2s
2026-08-24 12:31:04,169 - ops243 - INFO - [OPS] Rolling buffer re-armed (S#16)
2026-08-24 12:31:04,170 - openflight.rolling_buffer.trigger - INFO - [TRIGGER] Sound trigger wall time 1787589060.202 (source=ops_clock_sync, first byte 1787589060.280, post-trigger 68.5ms)
2026-08-24 12:31:04,170 - openflight.rolling_buffer.trigger - INFO - [TRIGGER] Sound trigger accepted — peak 191.5 mph, 43 outbound readings
2026-08-24 12:31:04,186 - openflight.rolling_buffer.processor - INFO - [PROCESSOR] Ball speed outlier rejected: max=191.5, mode=141.0 mph (8 occurrences)
2026-08-24 12:31:04,186 - openflight.rolling_buffer.processor - INFO - [PROCESSOR] Ball speed: 141.0 mph (mode-based, 43 outbound readings)
2026-08-24 12:31:04,244 - openflight.rolling_buffer.processor - INFO - [PROCESSOR] Club speed: 104.3 mph at 12.8ms before ball
2026-08-24 12:31:04,244 - openflight.rolling_buffer.processor - INFO - [PROCESSOR] Impact estimate: OPS transition 61.3ms (club 100.5 mph @ 59.7ms -> ball 138.5 mph @ 62.9ms, delta=38.0 mph)
2026-08-24 12:31:04,246 - openflight.rolling_buffer.processor - INFO - [PROCESSOR] Multitaper repaired 3.22% clipped I/Q samples
2026-08-24 12:31:04,251 - openflight.rolling_buffer.processor - INFO - [PROCESSOR] Ball signal lost at 119.3ms (window trimmed from 136.5ms)
2026-08-24 12:31:04,295 - openflight.rolling_buffer.processor - INFO - [PROCESSOR] Ungated multitaper spin: 3845 RPM, evidence=1.96, fade=25.00 Hz, window=51.4ms
2026-08-24 12:31:04,295 - openflight.rolling_buffer.processor - INFO - [PROCESSOR] Spin result: 3845 RPM, SNR=1.96, quality=experimental
2026-08-24 12:31:04,295 - openflight.rolling_buffer.monitor - INFO - [MONITOR] process_capture: 125.1ms
2026-08-24 12:31:04,296 - openflight.rolling_buffer.monitor - INFO - [MONITOR] Shot detected: ball=141.0 mph, club=104.3, spin=3845
2026-08-24 12:31:04,302 - openflight.server - INFO - [SERVER] Shot callback: 141.0 mph
2026-08-24 12:31:07,298 - openflight.iwr6843.monitor - INFO - [IWR6843] Capture #21 complete: 732812 bytes in 7.10s
2026-08-24 12:31:07,835 - openflight.iwr6843.club - INFO - [CLUB] track=ops_speed_prior OPS=104.3 mph radial=39.6 m/s ratio=0.85 impact_error=0.207 m inliers=45 rms=0.39 bins
2026-08-24 12:31:07,888 - openflight.server - INFO - [SERVER] IWR6843 TX2 horizontal proxy: 34.24° (coherence 94%, status=hlcmf_v1_accepted)
2026-08-24 12:31:07,888 - openflight.server - INFO - [SERVER] IWR6843 LCMF-v1 launch: 2.88° (28 snapshots/8 frames, component std 0.00°)
2026-08-24 12:31:07,888 - openflight.server - INFO - [SERVER] Camera capture #21 matched -> /home/pacinoj/openflight_sessions/trackman/camera/camera_20260824_123100_201_021
2026-08-24 12:31:09,572 - openflight.server - INFO - [SERVER] Camera-assisted horizontal: selected=34.23735610631037 camera=8.311306199214982 IWR=34.23735610631037 delta=-25.926049907095376 status=camera_experimental_disagreement_fallback_iwr support=18/27
2026-08-24 12:31:09,641 - openflight.server - INFO - [SERVER] Camera/IWR chained club delivery: AoA None path None (status=rejected_no_impact, features=0, speed_ratio=None, velocity_mad=None mph, path_windows=0, path_mad=None deg, impact_frame=None)
2026-08-24 12:31:09,641 - openflight.server - INFO - [SERVER] Ball speed cosine correction: 141.0 -> 141.9 mph (LA 2.9)
2026-08-24 12:31:09,641 - openflight.server - INFO - [SERVER] Calculated spin: 666 rpm (v=141.9 mph, LA=2.9 deg, measured was 3845 rpm)
2026-08-24 12:31:09,646 - openflight.server - INFO - [SERVER] Ballistic carry: 47 yds (spin: 666 rpm, source: measured)
2026-08-24 12:31:09,647 - openflight.server - INFO - [SERVER] Shot: ball=141.9 mph, carry=233 yds, Launch: 2.9°
2026-08-24 12:31:09,648 - openflight.rolling_buffer.monitor - INFO - [SHOT] #21: ball=141.9 mph, club=104.3, carry=233 yds | trigger=24902ms, process=125ms, callback=5345ms, total=30380ms
2026-08-24 12:31:09,648 - openflight.rolling_buffer.trigger - INFO - [TRIGGER] Waiting for sound trigger (timeout=30s)...
2026-08-24 12:31:21,381 - openflight.iwr6843.monitor - INFO - [IWR6843] Trigger #22: dumping firmware-frozen L3 ring
2026-08-24 12:31:21,456 - ops243 - DEBUG - [OPS] Hardware trigger: first byte after 11.8s
2026-08-24 12:31:21,509 - openflight.camera.capture_runtime - INFO - [CAMERA] Capture #22 saved: 99 frames, 467.6fps, gaps=0 -> /home/pacinoj/openflight_sessions/trackman/camera/camera_20260824_123121_381_022
2026-08-24 12:31:24,192 - ops243 - INFO - [OPS] Hardware trigger: 41035 bytes in 14.5s
2026-08-24 12:31:24,192 - openflight.rolling_buffer.trigger - INFO - [TRIGGER] Sound trigger fired, 41035 bytes received
2026-08-24 12:31:24,614 - ops243 - INFO - [OPS] Clock sync: method=integer_rollover offset=1787582247.609s best_read_latency=0.2ms spread=989.0ms rollover_uncertainty=11.0ms (38/38 valid)
2026-08-24 12:31:24,614 - openflight.rolling_buffer.trigger - INFO - [TRIGGER] OPS clock sync selected: fresh offset=1787582247.608616s age=0.0ms (fresh=valid_integer_rollover, previous=valid_integer_rollover, delta=-1.6ms)
2026-08-24 12:31:24,814 - ops243 - INFO - [OPS] Re-arm drain: 0 bytes in 0.2s
2026-08-24 12:31:25,166 - ops243 - INFO - [OPS] Rolling buffer re-armed (S#16)
2026-08-24 12:31:25,167 - openflight.rolling_buffer.trigger - INFO - [TRIGGER] Sound trigger wall time 1787589081.383 (source=ops_clock_sync, first byte 1787589081.457, post-trigger 68.5ms)
2026-08-24 12:31:25,167 - openflight.rolling_buffer.trigger - INFO - [TRIGGER] Sound trigger accepted — peak 177.9 mph, 45 outbound readings
2026-08-24 12:31:25,184 - openflight.rolling_buffer.processor - INFO - [PROCESSOR] Ball speed outlier rejected: max=177.9, mode=96.0 mph (2 occurrences)
2026-08-24 12:31:25,184 - openflight.rolling_buffer.processor - INFO - [PROCESSOR] Ball speed: 96.2 mph (mode-based, 45 outbound readings)
2026-08-24 12:31:25,250 - openflight.rolling_buffer.processor - INFO - [PROCESSOR] Club speed: 74.6 mph at 16.0ms before ball
2026-08-24 12:31:25,251 - openflight.rolling_buffer.processor - INFO - [PROCESSOR] Impact estimate: sound_trigger 68.0ms (speed_delta_below_threshold)
2026-08-24 12:31:25,252 - openflight.rolling_buffer.processor - INFO - [PROCESSOR] Multitaper repaired 3.32% clipped I/Q samples
2026-08-24 12:31:25,258 - openflight.rolling_buffer.processor - INFO - [PROCESSOR] Ball signal lost at 81.8ms (window trimmed from 136.5ms)
2026-08-24 12:31:25,291 - openflight.rolling_buffer.processor - INFO - [PROCESSOR] Ungated multitaper spin: 10986 RPM, evidence=0.88, fade=89.98 Hz, window=20.3ms
2026-08-24 12:31:25,293 - openflight.rolling_buffer.processor - INFO - [PROCESSOR] Spin result: 10986 RPM, SNR=0.88, quality=experimental
2026-08-24 12:31:25,294 - openflight.rolling_buffer.monitor - INFO - [MONITOR] process_capture: 126.6ms
2026-08-24 12:31:25,294 - openflight.rolling_buffer.monitor - INFO - [MONITOR] Shot detected: ball=96.2 mph, club=74.6, spin=10986
2026-08-24 12:31:25,296 - openflight.server - INFO - [SERVER] Shot callback: 96.2 mph
2026-08-24 12:31:28,476 - openflight.iwr6843.monitor - INFO - [IWR6843] Capture #22 complete: 732812 bytes in 7.09s
2026-08-24 12:31:31,181 - openflight.iwr6843.club - INFO - [CLUB] track=ops_speed_prior OPS=74.6 mph radial=39.6 m/s ratio=1.19 impact_error=0.315 m inliers=22 rms=0.32 bins
2026-08-24 12:31:31,262 - openflight.server - INFO - [SERVER] IWR6843 LCMF-v1 launch: 28.73° (12 snapshots/4 frames, component std 3.59°)
2026-08-24 12:31:31,262 - openflight.server - INFO - [SERVER] Camera capture #22 matched -> /home/pacinoj/openflight_sessions/trackman/camera/camera_20260824_123121_381_022
2026-08-24 12:31:31,315 - openflight.server - INFO - [SERVER] Camera-assisted horizontal: selected=None camera=None IWR=None delta=None status=camera_withheld_fallback_iwr support=0/27
2026-08-24 12:31:31,369 - openflight.server - INFO - [SERVER] Camera/IWR chained club delivery: AoA None path None (status=rejected_no_ball, features=0, speed_ratio=None, velocity_mad=None mph, path_windows=0, path_mad=None deg, impact_frame=None)
2026-08-24 12:31:31,370 - openflight.server - INFO - [SERVER] Horizontal angle unavailable; no measured trajectory
2026-08-24 12:31:31,370 - openflight.server - INFO - [SERVER] Ball speed cosine correction: 96.2 -> 100.0 mph (LA 28.7)
2026-08-24 12:31:31,371 - openflight.server - INFO - [SERVER] Calculated spin: 7060 rpm (v=100.0 mph, LA=28.7 deg, measured was 10986 rpm)
2026-08-24 12:31:31,400 - openflight.server - INFO - [SERVER] Ballistic carry: 144 yds (spin: 7060 rpm, source: measured)
2026-08-24 12:31:31,401 - openflight.server - INFO - [SERVER] Shot: ball=100.0 mph, carry=122 yds, Launch: 28.7°
2026-08-24 12:31:31,402 - openflight.rolling_buffer.monitor - INFO - [SHOT] #22: ball=100.0 mph, club=74.6, carry=122 yds | trigger=15519ms, process=127ms, callback=6105ms, total=21754ms
2026-08-24 12:31:31,402 - openflight.rolling_buffer.trigger - INFO - [TRIGGER] Waiting for sound trigger (timeout=30s)...
2026-08-24 12:31:55,558 - openflight.iwr6843.monitor - INFO - [IWR6843] Trigger #23: dumping firmware-frozen L3 ring
2026-08-24 12:31:55,632 - ops243 - DEBUG - [OPS] Hardware trigger: first byte after 24.2s
2026-08-24 12:31:55,667 - openflight.camera.capture_runtime - INFO - [CAMERA] Capture #23 saved: 99 frames, 467.6fps, gaps=0 -> /home/pacinoj/openflight_sessions/trackman/camera/camera_20260824_123155_558_023
2026-08-24 12:31:58,368 - ops243 - INFO - [OPS] Hardware trigger: 41035 bytes in 27.0s
2026-08-24 12:31:58,368 - openflight.rolling_buffer.trigger - INFO - [TRIGGER] Sound trigger fired, 41035 bytes received
2026-08-24 12:31:58,771 - ops243 - INFO - [OPS] Clock sync: method=integer_rollover offset=1787582247.600s best_read_latency=0.3ms spread=989.0ms rollover_uncertainty=11.0ms (36/36 valid)
2026-08-24 12:31:58,771 - openflight.rolling_buffer.trigger - INFO - [TRIGGER] OPS clock sync selected: fresh offset=1787582247.600184s age=0.0ms (fresh=valid_integer_rollover, previous=valid_integer_rollover, delta=-8.4ms)
2026-08-24 12:31:58,971 - ops243 - INFO - [OPS] Re-arm drain: 0 bytes in 0.2s
2026-08-24 12:31:59,323 - ops243 - INFO - [OPS] Rolling buffer re-armed (S#16)
2026-08-24 12:31:59,323 - openflight.rolling_buffer.trigger - INFO - [TRIGGER] Sound trigger wall time 1787589115.552 (source=ops_clock_sync, first byte 1787589115.632, post-trigger 68.5ms)
2026-08-24 12:31:59,323 - openflight.rolling_buffer.trigger - INFO - [TRIGGER] Sound trigger accepted — peak 195.5 mph, 43 outbound readings
2026-08-24 12:31:59,340 - openflight.rolling_buffer.processor - INFO - [PROCESSOR] Ball speed outlier rejected: max=195.5, mode=150.0 mph (2 occurrences)
2026-08-24 12:31:59,340 - openflight.rolling_buffer.processor - INFO - [PROCESSOR] Ball speed: 149.9 mph (mode-based, 43 outbound readings)
2026-08-24 12:31:59,402 - openflight.rolling_buffer.processor - INFO - [PROCESSOR] Club speed: 102.1 mph at 22.4ms before ball
2026-08-24 12:31:59,402 - openflight.rolling_buffer.processor - INFO - [PROCESSOR] Impact estimate: OPS transition 65.6ms (club 102.1 mph @ 60.8ms -> ball 149.7 mph @ 70.4ms, delta=47.6 mph)
2026-08-24 12:31:59,404 - openflight.rolling_buffer.processor - INFO - [PROCESSOR] Multitaper repaired 2.88% clipped I/Q samples
2026-08-24 12:31:59,409 - openflight.rolling_buffer.processor - INFO - [PROCESSOR] Ball signal lost at 117.5ms (window trimmed from 136.5ms)
2026-08-24 12:31:59,460 - openflight.rolling_buffer.processor - INFO - [PROCESSOR] Ungated multitaper spin: 6372 RPM, evidence=3.63, fade=39.61 Hz, window=33.6ms
2026-08-24 12:31:59,460 - openflight.rolling_buffer.processor - INFO - [PROCESSOR] Spin result: 6372 RPM, SNR=3.63, quality=experimental
2026-08-24 12:31:59,461 - openflight.rolling_buffer.monitor - INFO - [MONITOR] process_capture: 137.9ms
2026-08-24 12:31:59,461 - openflight.rolling_buffer.monitor - INFO - [MONITOR] Shot detected: ball=149.9 mph, club=102.1, spin=6372
2026-08-24 12:31:59,464 - openflight.server - INFO - [SERVER] Shot callback: 149.9 mph
2026-08-24 12:32:02,656 - openflight.iwr6843.monitor - INFO - [IWR6843] Capture #23 complete: 732812 bytes in 7.10s
2026-08-24 12:32:03,953 - openflight.iwr6843.club - INFO - [CLUB] track=ops_speed_prior OPS=102.1 mph radial=37.8 m/s ratio=0.83 impact_error=0.348 m inliers=32 rms=0.28 bins
2026-08-24 12:32:04,001 - openflight.server - INFO - [SERVER] IWR6843 LCMF-v1 launch: 25.51° (48 snapshots/12 frames, component std 7.83°)
2026-08-24 12:32:04,001 - openflight.server - INFO - [SERVER] Camera capture #23 matched -> /home/pacinoj/openflight_sessions/trackman/camera/camera_20260824_123155_558_023
2026-08-24 12:32:04,063 - openflight.server - INFO - [SERVER] Camera-assisted horizontal: selected=None camera=None IWR=None delta=None status=camera_withheld_fallback_iwr support=0/27
2026-08-24 12:32:04,111 - openflight.server - INFO - [SERVER] Camera/IWR chained club delivery: AoA None path None (status=rejected_no_ball, features=0, speed_ratio=None, velocity_mad=None mph, path_windows=0, path_mad=None deg, impact_frame=None)
2026-08-24 12:32:04,111 - openflight.server - INFO - [SERVER] Horizontal angle unavailable; no measured trajectory
2026-08-24 12:32:04,111 - openflight.server - INFO - [SERVER] Ball speed cosine correction: 149.9 -> 153.0 mph (LA 25.5)
2026-08-24 12:32:04,111 - openflight.server - INFO - [SERVER] Calculated spin: 9469 rpm (v=153.0 mph, LA=25.5 deg, measured was 6372 rpm)
2026-08-24 12:32:04,154 - openflight.server - INFO - [SERVER] Ballistic carry: 221 yds (spin: 9469 rpm, source: measured)
2026-08-24 12:32:04,155 - openflight.server - INFO - [SERVER] Shot: ball=153.0 mph, carry=257 yds, Launch: 25.5°
2026-08-24 12:32:04,155 - openflight.rolling_buffer.monitor - INFO - [SHOT] #23: ball=153.0 mph, club=102.1, carry=257 yds | trigger=27921ms, process=138ms, callback=4692ms, total=32754ms
2026-08-24 12:32:04,155 - openflight.rolling_buffer.trigger - INFO - [TRIGGER] Waiting for sound trigger (timeout=30s)...
2026-08-24 12:32:13,595 - openflight.iwr6843.monitor - INFO - [IWR6843] Trigger #24: dumping firmware-frozen L3 ring
2026-08-24 12:32:13,667 - ops243 - DEBUG - [OPS] Hardware trigger: first byte after 9.5s
2026-08-24 12:32:13,719 - openflight.camera.capture_runtime - INFO - [CAMERA] Capture #24 saved: 99 frames, 467.6fps, gaps=0 -> /home/pacinoj/openflight_sessions/trackman/camera/camera_20260824_123213_595_024
2026-08-24 12:32:16,404 - ops243 - INFO - [OPS] Hardware trigger: 41035 bytes in 12.2s
2026-08-24 12:32:16,405 - openflight.rolling_buffer.trigger - INFO - [TRIGGER] Sound trigger fired, 41035 bytes received
2026-08-24 12:32:16,614 - ops243 - INFO - [OPS] Re-arm drain: 0 bytes in 0.2s
2026-08-24 12:32:16,966 - ops243 - INFO - [OPS] Rolling buffer re-armed (S#16)
2026-08-24 12:32:16,966 - openflight.rolling_buffer.trigger - INFO - [TRIGGER] Sound trigger rejected — no outbound speed >= 15 mph (peak=0.0 mph, 0 readings)
2026-08-24 12:32:16,967 - openflight.rolling_buffer.trigger - INFO - [TRIGGER] Waiting for sound trigger (timeout=30s)...
2026-08-24 12:32:20,626 - ops243 - DEBUG - [OPS] Hardware trigger: first byte after 3.7s
2026-08-24 12:32:20,694 - openflight.iwr6843.monitor - INFO - [IWR6843] Capture #24 complete: 732812 bytes in 7.10s
2026-08-24 12:32:23,351 - ops243 - INFO - [OPS] Hardware trigger: 41035 bytes in 6.4s
2026-08-24 12:32:23,351 - openflight.rolling_buffer.trigger - INFO - [TRIGGER] Sound trigger fired, 41035 bytes received
2026-08-24 12:32:23,561 - ops243 - INFO - [OPS] Re-arm drain: 0 bytes in 0.2s
2026-08-24 12:32:23,913 - ops243 - INFO - [OPS] Rolling buffer re-armed (S#16)
2026-08-24 12:32:23,913 - openflight.rolling_buffer.trigger - INFO - [TRIGGER] Sound trigger rejected — no outbound speed >= 15 mph (peak=0.0 mph, 0 readings)
2026-08-24 12:32:23,914 - openflight.rolling_buffer.trigger - INFO - [TRIGGER] Waiting for sound trigger (timeout=30s)...
[6621:6657:0824/123251.644526:ERROR:google_apis/gcm/engine/registration_request.cc:291] Registration response error message: DEPRECATED_ENDPOINT
2026-08-24 12:32:53,921 - ops243 - INFO - [OPS] Hardware trigger: no data received within 30s
2026-08-24 12:32:53,921 - openflight.rolling_buffer.trigger - INFO - [TRIGGER] Sound trigger timeout — no hardware trigger received
2026-08-24 12:32:53,921 - openflight.rolling_buffer.trigger - INFO - [TRIGGER] Waiting for sound trigger (timeout=30s)...
2026-08-24 12:33:23,923 - ops243 - INFO - [OPS] Hardware trigger: no data received within 30s
2026-08-24 12:33:23,923 - openflight.rolling_buffer.trigger - INFO - [TRIGGER] Sound trigger timeout — no hardware trigger received
2026-08-24 12:33:23,923 - openflight.rolling_buffer.trigger - INFO - [TRIGGER] Waiting for sound trigger (timeout=30s)...
2026-08-24 12:33:53,942 - ops243 - INFO - [OPS] Hardware trigger: no data received within 30s
2026-08-24 12:33:53,942 - openflight.rolling_buffer.trigger - INFO - [TRIGGER] Sound trigger timeout — no hardware trigger received
2026-08-24 12:33:53,942 - openflight.rolling_buffer.trigger - INFO - [TRIGGER] Waiting for sound trigger (timeout=30s)...
2026-08-24 12:34:01,365 - openflight.iwr6843.monitor - INFO - [IWR6843] Trigger #25: dumping firmware-frozen L3 ring
2026-08-24 12:34:01,449 - ops243 - DEBUG - [OPS] Hardware trigger: first byte after 7.5s
2026-08-24 12:34:01,474 - openflight.camera.capture_runtime - INFO - [CAMERA] Capture #25 saved: 99 frames, 467.6fps, gaps=0 -> /home/pacinoj/openflight_sessions/trackman/camera/camera_20260824_123401_365_025
2026-08-24 12:34:04,177 - ops243 - INFO - [OPS] Hardware trigger: 41035 bytes in 10.2s
2026-08-24 12:34:04,177 - openflight.rolling_buffer.trigger - INFO - [TRIGGER] Sound trigger fired, 41035 bytes received
2026-08-24 12:34:04,596 - ops243 - INFO - [OPS] Clock sync: method=integer_rollover offset=1787582247.590s best_read_latency=0.2ms spread=988.8ms rollover_uncertainty=11.2ms (37/37 valid)
2026-08-24 12:34:04,596 - openflight.rolling_buffer.trigger - INFO - [TRIGGER] OPS clock sync selected: fresh offset=1787582247.590338s age=0.0ms (fresh=valid_integer_rollover, previous=valid_integer_rollover, delta=-9.8ms)
2026-08-24 12:34:04,797 - ops243 - INFO - [OPS] Re-arm drain: 0 bytes in 0.2s
2026-08-24 12:34:05,149 - ops243 - INFO - [OPS] Rolling buffer re-armed (S#16)
2026-08-24 12:34:05,149 - openflight.rolling_buffer.trigger - INFO - [TRIGGER] Sound trigger wall time 1787589241.359 (source=ops_clock_sync, first byte 1787589241.449, post-trigger 68.5ms)
2026-08-24 12:34:05,149 - openflight.rolling_buffer.trigger - INFO - [TRIGGER] Sound trigger accepted — peak 146.0 mph, 44 outbound readings
2026-08-24 12:34:05,171 - openflight.rolling_buffer.processor - INFO - [PROCESSOR] Ball speed: 146.0 mph (mode-based, 44 outbound readings)
2026-08-24 12:34:05,243 - openflight.rolling_buffer.processor - INFO - [PROCESSOR] Club speed: 104.2 mph at 16.0ms before ball
2026-08-24 12:34:05,243 - openflight.rolling_buffer.processor - INFO - [PROCESSOR] Impact estimate: OPS transition 65.1ms (club 106.0 mph @ 62.9ms -> ball 144.6 mph @ 67.2ms, delta=38.6 mph)
2026-08-24 12:34:05,245 - openflight.rolling_buffer.processor - INFO - [PROCESSOR] Multitaper repaired 3.56% clipped I/Q samples
2026-08-24 12:34:05,249 - openflight.rolling_buffer.processor - INFO - [PROCESSOR] Ball signal lost at 121.3ms (window trimmed from 136.5ms)
2026-08-24 12:34:05,328 - openflight.rolling_buffer.processor - INFO - [PROCESSOR] Ungated multitaper spin: 6702 RPM, evidence=2.77, fade=34.11 Hz, window=45.9ms
2026-08-24 12:34:05,328 - openflight.rolling_buffer.processor - INFO - [PROCESSOR] Spin result: 6702 RPM, SNR=2.77, quality=experimental
2026-08-24 12:34:05,328 - openflight.rolling_buffer.monitor - INFO - [MONITOR] process_capture: 178.8ms
2026-08-24 12:34:05,328 - openflight.rolling_buffer.monitor - INFO - [MONITOR] Shot detected: ball=146.0 mph, club=104.2, spin=6702
2026-08-24 12:34:05,331 - openflight.server - INFO - [SERVER] Shot callback: 146.0 mph
2026-08-24 12:34:05,331 - openflight.iwr6843.monitor - WARNING - [IWR6843] Discarding unmatched capture #24 (edge 1787589133.596, shot 1787589241.359)
2026-08-24 12:34:08,462 - openflight.iwr6843.monitor - INFO - [IWR6843] Capture #25 complete: 732812 bytes in 7.10s
2026-08-24 12:34:08,970 - openflight.iwr6843.club - INFO - [CLUB] track=ops_speed_prior OPS=104.2 mph radial=44.1 m/s ratio=0.95 impact_error=0.196 m inliers=38 rms=0.21 bins
2026-08-24 12:34:09,032 - openflight.server - INFO - [SERVER] IWR6843 TX2 horizontal proxy: 1.44° (coherence 95%, status=hlcmf_v1_accepted)
2026-08-24 12:34:09,032 - openflight.server - INFO - [SERVER] IWR6843 LCMF-v1 launch: 11.68° (24 snapshots/7 frames, component std 2.74°)
2026-08-24 12:34:09,032 - openflight.camera.capture_runtime - WARNING - [CAMERA] Discarding unmatched capture #24 (edge 1787589133.596, shot 1787589241.359)
2026-08-24 12:34:09,033 - openflight.server - INFO - [SERVER] Camera capture #25 matched -> /home/pacinoj/openflight_sessions/trackman/camera/camera_20260824_123401_365_025
2026-08-24 12:34:09,067 - openflight.server - INFO - [SERVER] Camera-assisted horizontal: selected=1.4413516369998245 camera=None IWR=1.4413516369998245 delta=None status=camera_withheld_fallback_iwr support=0/27
2026-08-24 12:34:09,107 - openflight.server - INFO - [SERVER] Camera/IWR chained club delivery: AoA None path None (status=rejected_no_ball, features=0, speed_ratio=None, velocity_mad=None mph, path_windows=0, path_mad=None deg, impact_frame=None)
2026-08-24 12:34:09,108 - openflight.server - INFO - [SERVER] Ball speed cosine correction: 146.0 -> 147.9 mph (LA 11.7)
2026-08-24 12:34:09,108 - openflight.server - INFO - [SERVER] Calculated spin: 3699 rpm (v=147.9 mph, LA=11.7 deg, measured was 6702 rpm)
2026-08-24 12:34:09,138 - openflight.server - INFO - [SERVER] Ballistic carry: 228 yds (spin: 3699 rpm, source: measured)
2026-08-24 12:34:09,139 - openflight.server - INFO - [SERVER] Shot: ball=147.9 mph, carry=258 yds, Launch: 11.7°
2026-08-24 12:34:09,139 - openflight.rolling_buffer.monitor - INFO - [SHOT] #24: ball=147.9 mph, club=104.2, carry=258 yds | trigger=11207ms, process=179ms, callback=3809ms, total=15197ms
2026-08-24 12:34:09,139 - openflight.rolling_buffer.trigger - INFO - [TRIGGER] Waiting for sound trigger (timeout=30s)...
2026-08-24 12:34:39,149 - ops243 - INFO - [OPS] Hardware trigger: no data received within 30s
2026-08-24 12:34:39,150 - openflight.rolling_buffer.trigger - INFO - [TRIGGER] Sound trigger timeout — no hardware trigger received
2026-08-24 12:34:39,150 - openflight.rolling_buffer.trigger - INFO - [TRIGGER] Waiting for sound trigger (timeout=30s)...
2026-08-24 12:34:39,993 - openflight.iwr6843.monitor - INFO - [IWR6843] Trigger #26: dumping firmware-frozen L3 ring
2026-08-24 12:34:40,079 - ops243 - DEBUG - [OPS] Hardware trigger: first byte after 0.9s
2026-08-24 12:34:40,102 - openflight.camera.capture_runtime - INFO - [CAMERA] Capture #26 saved: 99 frames, 467.6fps, gaps=0 -> /home/pacinoj/openflight_sessions/trackman/camera/camera_20260824_123439_993_026
2026-08-24 12:34:42,801 - ops243 - INFO - [OPS] Hardware trigger: 41035 bytes in 3.7s
2026-08-24 12:34:42,801 - openflight.rolling_buffer.trigger - INFO - [TRIGGER] Sound trigger fired, 41035 bytes received
2026-08-24 12:34:43,602 - ops243 - INFO - [OPS] Clock sync: method=integer_rollover offset=1787582247.596s best_read_latency=0.2ms spread=988.7ms rollover_uncertainty=11.3ms (72/72 valid)
2026-08-24 12:34:43,602 - openflight.rolling_buffer.trigger - INFO - [TRIGGER] OPS clock sync selected: fresh offset=1787582247.595823s age=0.0ms (fresh=valid_integer_rollover, previous=valid_integer_rollover, delta=5.5ms)
2026-08-24 12:34:43,802 - ops243 - INFO - [OPS] Re-arm drain: 0 bytes in 0.2s
2026-08-24 12:34:44,154 - ops243 - INFO - [OPS] Rolling buffer re-armed (S#16)
2026-08-24 12:34:44,154 - openflight.rolling_buffer.trigger - INFO - [TRIGGER] Sound trigger wall time 1787589279.996 (source=ops_clock_sync, first byte 1787589280.079, post-trigger 68.5ms)
2026-08-24 12:34:44,154 - openflight.rolling_buffer.trigger - INFO - [TRIGGER] Sound trigger accepted — peak 148.1 mph, 40 outbound readings
2026-08-24 12:34:44,167 - openflight.rolling_buffer.processor - INFO - [PROCESSOR] Ball speed: 148.1 mph (mode-based, 40 outbound readings)
2026-08-24 12:34:44,214 - openflight.rolling_buffer.processor - INFO - [PROCESSOR] Club speed: 104.8 mph at 14.9ms before ball
2026-08-24 12:34:44,215 - openflight.rolling_buffer.processor - INFO - [PROCESSOR] Impact estimate: OPS transition 62.9ms (club 106.7 mph @ 60.8ms -> ball 145.9 mph @ 65.1ms, delta=39.2 mph)
2026-08-24 12:34:44,217 - openflight.rolling_buffer.processor - INFO - [PROCESSOR] Multitaper repaired 0.05% clipped I/Q samples
2026-08-24 12:34:44,221 - openflight.rolling_buffer.processor - INFO - [PROCESSOR] Ball signal lost at 118.7ms (window trimmed from 136.5ms)
2026-08-24 12:34:44,301 - openflight.rolling_buffer.processor - INFO - [PROCESSOR] Ungated multitaper spin: 3625 RPM, evidence=36.54, fade=41.00 Hz, window=47.7ms
2026-08-24 12:34:44,302 - openflight.rolling_buffer.processor - INFO - [PROCESSOR] Spin result: 3625 RPM, SNR=36.54, quality=experimental
2026-08-24 12:34:44,302 - openflight.rolling_buffer.monitor - INFO - [MONITOR] process_capture: 147.3ms
2026-08-24 12:34:44,302 - openflight.rolling_buffer.monitor - INFO - [MONITOR] Shot detected: ball=148.1 mph, club=104.8, spin=3625
2026-08-24 12:34:44,305 - openflight.server - INFO - [SERVER] Shot callback: 148.1 mph
2026-08-24 12:34:47,089 - openflight.iwr6843.monitor - INFO - [IWR6843] Capture #26 complete: 732812 bytes in 7.10s
2026-08-24 12:34:47,597 - openflight.iwr6843.club - INFO - [CLUB] track=ops_speed_prior OPS=104.8 mph radial=40.3 m/s ratio=0.86 impact_error=0.216 m inliers=46 rms=0.38 bins
2026-08-24 12:34:47,651 - openflight.server - INFO - [SERVER] IWR6843 TX2 horizontal proxy: -3.92° (coherence 96%, status=hlcmf_v1_accepted)
2026-08-24 12:34:47,651 - openflight.server - INFO - [SERVER] IWR6843 LCMF-v1 launch: 12.42° (22 snapshots/7 frames, component std 0.44°)
2026-08-24 12:34:47,651 - openflight.server - INFO - [SERVER] Camera capture #26 matched -> /home/pacinoj/openflight_sessions/trackman/camera/camera_20260824_123439_993_026
2026-08-24 12:34:47,688 - openflight.server - INFO - [SERVER] Camera-assisted horizontal: selected=-3.9226423003095428 camera=None IWR=-3.9226423003095428 delta=None status=camera_withheld_fallback_iwr support=0/27
2026-08-24 12:34:47,729 - openflight.server - INFO - [SERVER] Camera/IWR chained club delivery: AoA None path None (status=rejected_no_ball, features=0, speed_ratio=None, velocity_mad=None mph, path_windows=0, path_mad=None deg, impact_frame=None)
2026-08-24 12:34:47,729 - openflight.server - INFO - [SERVER] Ball speed cosine correction: 148.1 -> 150.0 mph (LA 12.4)
2026-08-24 12:34:47,729 - openflight.server - INFO - [SERVER] Calculated spin: 4033 rpm (v=150.0 mph, LA=12.4 deg, measured was 3625 rpm)
2026-08-24 12:34:47,760 - openflight.server - INFO - [SERVER] Ballistic carry: 236 yds (spin: 4033 rpm, source: measured)
2026-08-24 12:34:47,761 - openflight.server - INFO - [SERVER] Shot: ball=150.0 mph, carry=263 yds, Launch: 12.4°
2026-08-24 12:34:47,762 - openflight.rolling_buffer.monitor - INFO - [SHOT] #25: ball=150.0 mph, club=104.8, carry=263 yds | trigger=5004ms, process=147ms, callback=3456ms, total=8612ms
2026-08-24 12:34:47,762 - openflight.rolling_buffer.trigger - INFO - [TRIGGER] Waiting for sound trigger (timeout=30s)...
2026-08-24 12:35:14,365 - openflight.iwr6843.monitor - INFO - [IWR6843] Trigger #27: dumping firmware-frozen L3 ring
2026-08-24 12:35:14,448 - ops243 - DEBUG - [OPS] Hardware trigger: first byte after 26.7s
2026-08-24 12:35:14,492 - openflight.camera.capture_runtime - INFO - [CAMERA] Capture #27 saved: 99 frames, 467.6fps, gaps=0 -> /home/pacinoj/openflight_sessions/trackman/camera/camera_20260824_123514_365_027
2026-08-24 12:35:17,171 - ops243 - INFO - [OPS] Hardware trigger: 41035 bytes in 29.4s
2026-08-24 12:35:17,172 - openflight.rolling_buffer.trigger - INFO - [TRIGGER] Sound trigger fired, 41035 bytes received
2026-08-24 12:35:17,596 - ops243 - INFO - [OPS] Clock sync: method=integer_rollover offset=1787582247.591s best_read_latency=0.3ms spread=989.1ms rollover_uncertainty=10.9ms (38/38 valid)
2026-08-24 12:35:17,597 - openflight.rolling_buffer.trigger - INFO - [TRIGGER] OPS clock sync selected: fresh offset=1787582247.590843s age=0.0ms (fresh=valid_integer_rollover, previous=valid_integer_rollover, delta=-5.0ms)
2026-08-24 12:35:17,797 - ops243 - INFO - [OPS] Re-arm drain: 0 bytes in 0.2s
2026-08-24 12:35:18,149 - ops243 - INFO - [OPS] Rolling buffer re-armed (S#16)
2026-08-24 12:35:18,149 - openflight.rolling_buffer.trigger - INFO - [TRIGGER] Sound trigger wall time 1787589314.367 (source=ops_clock_sync, first byte 1787589314.448, post-trigger 68.5ms)
2026-08-24 12:35:18,149 - openflight.rolling_buffer.trigger - INFO - [TRIGGER] Sound trigger accepted — peak 166.6 mph, 38 outbound readings
2026-08-24 12:35:18,167 - openflight.rolling_buffer.processor - INFO - [PROCESSOR] Ball speed outlier rejected: max=166.6, mode=143.0 mph (4 occurrences)
2026-08-24 12:35:18,167 - openflight.rolling_buffer.processor - INFO - [PROCESSOR] Ball speed: 143.1 mph (mode-based, 38 outbound readings)
2026-08-24 12:35:18,228 - openflight.rolling_buffer.processor - INFO - [PROCESSOR] Club speed: 106.6 mph at 11.7ms before ball
2026-08-24 12:35:18,228 - openflight.rolling_buffer.processor - INFO - [PROCESSOR] Impact estimate: OPS transition 64.0ms (club 106.8 mph @ 61.9ms -> ball 141.3 mph @ 66.1ms, delta=34.5 mph)
2026-08-24 12:35:18,230 - openflight.rolling_buffer.processor - INFO - [PROCESSOR] Multitaper repaired 3.10% clipped I/Q samples
2026-08-24 12:35:18,235 - openflight.rolling_buffer.processor - INFO - [PROCESSOR] Ball signal lost at 115.8ms (window trimmed from 136.5ms)
2026-08-24 12:35:18,295 - openflight.rolling_buffer.processor - INFO - [PROCESSOR] Ungated multitaper spin: 8899 RPM, evidence=2.78, fade=40.53 Hz, window=43.7ms
2026-08-24 12:35:18,295 - openflight.rolling_buffer.processor - INFO - [PROCESSOR] Spin result: 8899 RPM, SNR=2.78, quality=experimental
2026-08-24 12:35:18,295 - openflight.rolling_buffer.monitor - INFO - [MONITOR] process_capture: 145.5ms
2026-08-24 12:35:18,295 - openflight.rolling_buffer.monitor - INFO - [MONITOR] Shot detected: ball=143.1 mph, club=106.6, spin=8899
2026-08-24 12:35:18,297 - openflight.server - INFO - [SERVER] Shot callback: 143.1 mph
2026-08-24 12:35:21,461 - openflight.iwr6843.monitor - INFO - [IWR6843] Capture #27 complete: 732812 bytes in 7.10s
2026-08-24 12:35:22,133 - openflight.iwr6843.club - INFO - [CLUB] track=ops_speed_prior OPS=106.6 mph radial=40.5 m/s ratio=0.85 impact_error=0.226 m inliers=41 rms=0.44 bins
2026-08-24 12:35:22,187 - openflight.server - INFO - [SERVER] IWR6843 LCMF-v1 launch: 11.80° (38 snapshots/12 frames, component std 0.00°)
2026-08-24 12:35:22,188 - openflight.server - INFO - [SERVER] Camera capture #27 matched -> /home/pacinoj/openflight_sessions/trackman/camera/camera_20260824_123514_365_027
2026-08-24 12:35:22,250 - openflight.server - INFO - [SERVER] Camera-assisted horizontal: selected=None camera=None IWR=None delta=None status=camera_withheld_fallback_iwr support=0/27
2026-08-24 12:35:22,293 - openflight.server - INFO - [SERVER] Camera/IWR chained club delivery: AoA None path None (status=rejected_no_ball, features=0, speed_ratio=None, velocity_mad=None mph, path_windows=0, path_mad=None deg, impact_frame=None)
2026-08-24 12:35:22,293 - openflight.server - INFO - [SERVER] Horizontal angle unavailable; no measured trajectory
2026-08-24 12:35:22,293 - openflight.server - INFO - [SERVER] Ball speed cosine correction: 143.1 -> 145.0 mph (LA 11.8)
2026-08-24 12:35:22,293 - openflight.server - INFO - [SERVER] Calculated spin: 3669 rpm (v=145.0 mph, LA=11.8 deg, measured was 8899 rpm)
2026-08-24 12:35:22,322 - openflight.server - INFO - [SERVER] Ballistic carry: 222 yds (spin: 3669 rpm, source: measured)
2026-08-24 12:35:22,323 - openflight.server - INFO - [SERVER] Shot: ball=145.0 mph, carry=251 yds, Launch: 11.8°
2026-08-24 12:35:22,324 - openflight.rolling_buffer.monitor - INFO - [SHOT] #26: ball=145.0 mph, club=106.6, carry=251 yds | trigger=30388ms, process=145ms, callback=4026ms, total=34562ms
2026-08-24 12:35:22,324 - openflight.rolling_buffer.trigger - INFO - [TRIGGER] Waiting for sound trigger (timeout=30s)...
2026-08-24 12:35:35,746 - openflight.iwr6843.monitor - INFO - [IWR6843] Trigger #28: dumping firmware-frozen L3 ring
2026-08-24 12:35:35,832 - ops243 - DEBUG - [OPS] Hardware trigger: first byte after 13.5s
2026-08-24 12:35:35,890 - openflight.camera.capture_runtime - INFO - [CAMERA] Capture #28 saved: 99 frames, 467.6fps, gaps=0 -> /home/pacinoj/openflight_sessions/trackman/camera/camera_20260824_123535_746_028
2026-08-24 12:35:38,551 - ops243 - INFO - [OPS] Hardware trigger: 41035 bytes in 16.2s
2026-08-24 12:35:38,551 - openflight.rolling_buffer.trigger - INFO - [TRIGGER] Sound trigger fired, 41035 bytes received
2026-08-24 12:35:38,950 - ops243 - INFO - [OPS] Clock sync: method=integer_rollover offset=1787582247.590s best_read_latency=0.3ms spread=989.1ms rollover_uncertainty=10.9ms (36/36 valid)
2026-08-24 12:35:38,950 - openflight.rolling_buffer.trigger - INFO - [TRIGGER] OPS clock sync selected: fresh offset=1787582247.590075s age=0.0ms (fresh=valid_integer_rollover, previous=valid_integer_rollover, delta=-0.8ms)
2026-08-24 12:35:39,151 - ops243 - INFO - [OPS] Re-arm drain: 0 bytes in 0.2s
2026-08-24 12:35:39,502 - ops243 - INFO - [OPS] Rolling buffer re-armed (S#16)
2026-08-24 12:35:39,502 - openflight.rolling_buffer.trigger - INFO - [TRIGGER] Sound trigger wall time 1787589335.748 (source=ops_clock_sync, first byte 1787589335.833, post-trigger 68.5ms)
2026-08-24 12:35:39,503 - openflight.rolling_buffer.trigger - INFO - [TRIGGER] Sound trigger accepted — peak 145.4 mph, 44 outbound readings
2026-08-24 12:35:39,516 - openflight.rolling_buffer.processor - INFO - [PROCESSOR] Ball speed outlier rejected: max=145.4, mode=99.0 mph (7 occurrences)
2026-08-24 12:35:39,516 - openflight.rolling_buffer.processor - INFO - [PROCESSOR] Ball speed: 98.9 mph (mode-based, 44 outbound readings)
2026-08-24 12:35:39,578 - openflight.rolling_buffer.processor - INFO - [PROCESSOR] Club speed: 68.2 mph at 7.5ms before ball
2026-08-24 12:35:39,578 - openflight.rolling_buffer.processor - INFO - [PROCESSOR] Impact estimate: OPS transition 49.6ms (club 73.2 mph @ 46.9ms -> ball 99.7 mph @ 52.3ms, delta=26.5 mph)
2026-08-24 12:35:39,581 - openflight.rolling_buffer.processor - INFO - [PROCESSOR] Multitaper repaired 1.00% clipped I/Q samples
2026-08-24 12:35:39,586 - openflight.rolling_buffer.processor - INFO - [PROCESSOR] Ball signal lost at 65.5ms (window trimmed from 136.5ms)
2026-08-24 12:35:39,604 - openflight.rolling_buffer.processor - INFO - [PROCESSOR] Ungated multitaper spin: 10986 RPM, evidence=0.55, fade=89.89 Hz, window=14.3ms
2026-08-24 12:35:39,604 - openflight.rolling_buffer.processor - INFO - [PROCESSOR] Spin result: 10986 RPM, SNR=0.55, quality=experimental
2026-08-24 12:35:39,605 - openflight.rolling_buffer.monitor - INFO - [MONITOR] process_capture: 101.9ms
2026-08-24 12:35:39,605 - openflight.rolling_buffer.monitor - INFO - [MONITOR] Shot detected: ball=98.9 mph, club=68.2, spin=10986
2026-08-24 12:35:39,607 - openflight.server - INFO - [SERVER] Shot callback: 98.9 mph
2026-08-24 12:35:42,843 - openflight.iwr6843.monitor - INFO - [IWR6843] Capture #28 complete: 732812 bytes in 7.10s
2026-08-24 12:35:43,510 - openflight.iwr6843.club - INFO - [CLUB] track=ops_speed_prior OPS=68.2 mph radial=21.4 m/s ratio=0.70 impact_error=0.411 m inliers=16 rms=0.26 bins
2026-08-24 12:35:43,553 - openflight.server - INFO - [SERVER] IWR6843 LCMF-v1 launch: 8.96° (42 snapshots/12 frames, component std 0.00°)
2026-08-24 12:35:43,553 - openflight.server - INFO - [SERVER] Camera capture #28 matched -> /home/pacinoj/openflight_sessions/trackman/camera/camera_20260824_123535_746_028
2026-08-24 12:35:43,592 - openflight.server - INFO - [SERVER] Camera-assisted horizontal: selected=None camera=None IWR=None delta=None status=camera_withheld_fallback_iwr support=0/27
2026-08-24 12:35:43,637 - openflight.server - INFO - [SERVER] Camera/IWR chained club delivery: AoA None path None (status=rejected_no_ball, features=0, speed_ratio=None, velocity_mad=None mph, path_windows=0, path_mad=None deg, impact_frame=None)
2026-08-24 12:35:43,637 - openflight.server - INFO - [SERVER] Horizontal angle unavailable; no measured trajectory
2026-08-24 12:35:43,637 - openflight.server - INFO - [SERVER] Ball speed cosine correction: 98.9 -> 100.5 mph (LA 9.0)
2026-08-24 12:35:43,637 - openflight.server - INFO - [SERVER] Calculated spin: 1835 rpm (v=100.5 mph, LA=9.0 deg, measured was 10986 rpm)
2026-08-24 12:35:43,650 - openflight.server - INFO - [SERVER] Ballistic carry: 88 yds (spin: 1835 rpm, source: measured)
2026-08-24 12:35:43,651 - openflight.server - INFO - [SERVER] Shot: ball=100.5 mph, carry=135 yds, Launch: 9.0°
2026-08-24 12:35:43,651 - openflight.rolling_buffer.monitor - INFO - [SHOT] #27: ball=100.5 mph, club=68.2, carry=135 yds | trigger=17179ms, process=102ms, callback=4044ms, total=21327ms
2026-08-24 12:35:43,651 - openflight.rolling_buffer.trigger - INFO - [TRIGGER] Waiting for sound trigger (timeout=30s)...
2026-08-24 12:35:56,774 - openflight.iwr6843.monitor - INFO - [IWR6843] Trigger #29: dumping firmware-frozen L3 ring
2026-08-24 12:35:56,850 - ops243 - DEBUG - [OPS] Hardware trigger: first byte after 13.2s
2026-08-24 12:35:56,878 - openflight.camera.capture_runtime - INFO - [CAMERA] Capture #29 saved: 99 frames, 467.6fps, gaps=0 -> /home/pacinoj/openflight_sessions/trackman/camera/camera_20260824_123556_774_029
2026-08-24 12:35:59,584 - ops243 - INFO - [OPS] Hardware trigger: 41035 bytes in 15.9s
2026-08-24 12:35:59,584 - openflight.rolling_buffer.trigger - INFO - [TRIGGER] Sound trigger fired, 41035 bytes received
2026-08-24 12:36:00,597 - ops243 - INFO - [OPS] Clock sync: method=integer_rollover offset=1787582247.591s best_read_latency=0.2ms spread=989.1ms rollover_uncertainty=10.9ms (91/91 valid)
2026-08-24 12:36:00,597 - openflight.rolling_buffer.trigger - INFO - [TRIGGER] OPS clock sync selected: fresh offset=1787582247.591337s age=0.0ms (fresh=valid_integer_rollover, previous=valid_integer_rollover, delta=1.3ms)
2026-08-24 12:36:00,797 - ops243 - INFO - [OPS] Re-arm drain: 0 bytes in 0.2s
2026-08-24 12:36:01,149 - ops243 - INFO - [OPS] Rolling buffer re-armed (S#16)
2026-08-24 12:36:01,149 - openflight.rolling_buffer.trigger - INFO - [TRIGGER] Sound trigger wall time 1787589356.778 (source=ops_clock_sync, first byte 1787589356.850, post-trigger 68.5ms)
2026-08-24 12:36:01,149 - openflight.rolling_buffer.trigger - INFO - [TRIGGER] Sound trigger accepted — peak 151.1 mph, 48 outbound readings
2026-08-24 12:36:01,168 - openflight.rolling_buffer.processor - INFO - [PROCESSOR] Ball speed: 151.1 mph (mode-based, 48 outbound readings)
2026-08-24 12:36:01,232 - openflight.rolling_buffer.processor - INFO - [PROCESSOR] Club speed: 106.6 mph at 14.9ms before ball
2026-08-24 12:36:01,232 - openflight.rolling_buffer.processor - INFO - [PROCESSOR] Impact estimate: OPS transition 65.1ms (club 110.7 mph @ 61.9ms -> ball 148.6 mph @ 68.3ms, delta=37.9 mph)
2026-08-24 12:36:01,234 - openflight.rolling_buffer.processor - INFO - [PROCESSOR] Multitaper repaired 0.32% clipped I/Q samples
2026-08-24 12:36:01,239 - openflight.rolling_buffer.processor - INFO - [PROCESSOR] Ball signal lost at 119.3ms (window trimmed from 136.5ms)
2026-08-24 12:36:01,303 - openflight.rolling_buffer.processor - INFO - [PROCESSOR] Ungated multitaper spin: 4944 RPM, evidence=6.11, fade=31.25 Hz, window=48.2ms
2026-08-24 12:36:01,303 - openflight.rolling_buffer.processor - INFO - [PROCESSOR] Spin result: 4944 RPM, SNR=6.11, quality=experimental
2026-08-24 12:36:01,303 - openflight.rolling_buffer.monitor - INFO - [MONITOR] process_capture: 153.6ms
2026-08-24 12:36:01,304 - openflight.rolling_buffer.monitor - INFO - [MONITOR] Shot detected: ball=151.1 mph, club=106.6, spin=4944
2026-08-24 12:36:01,308 - openflight.server - INFO - [SERVER] Shot callback: 151.1 mph
2026-08-24 12:36:03,872 - openflight.iwr6843.monitor - INFO - [IWR6843] Capture #29 complete: 732812 bytes in 7.10s
2026-08-24 12:36:04,532 - openflight.iwr6843.club - INFO - [CLUB] track=ops_speed_prior OPS=106.6 mph radial=41.7 m/s ratio=0.87 impact_error=0.212 m inliers=37 rms=0.34 bins
2026-08-24 12:36:04,586 - openflight.server - INFO - [SERVER] IWR6843 TX2 horizontal proxy: -3.72° (coherence 92%, status=hlcmf_v1_accepted)
2026-08-24 12:36:04,586 - openflight.server - INFO - [SERVER] IWR6843 LCMF-v1 launch: 14.19° (26 snapshots/8 frames, component std 0.52°)
2026-08-24 12:36:04,587 - openflight.server - INFO - [SERVER] Camera capture #29 matched -> /home/pacinoj/openflight_sessions/trackman/camera/camera_20260824_123556_774_029
2026-08-24 12:36:04,620 - openflight.server - INFO - [SERVER] Camera-assisted horizontal: selected=-3.719835503688929 camera=None IWR=-3.719835503688929 delta=None status=camera_withheld_fallback_iwr support=0/27
2026-08-24 12:36:04,657 - openflight.server - INFO - [SERVER] Camera/IWR chained club delivery: AoA None path None (status=rejected_no_ball, features=0, speed_ratio=None, velocity_mad=None mph, path_windows=0, path_mad=None deg, impact_frame=None)
2026-08-24 12:36:04,658 - openflight.server - INFO - [SERVER] Ball speed cosine correction: 151.1 -> 153.3 mph (LA 14.2)
2026-08-24 12:36:04,658 - openflight.server - INFO - [SERVER] Calculated spin: 4823 rpm (v=153.3 mph, LA=14.2 deg, measured was 4944 rpm)
2026-08-24 12:36:04,693 - openflight.server - INFO - [SERVER] Ballistic carry: 248 yds (spin: 4823 rpm, source: measured)
2026-08-24 12:36:04,697 - openflight.server - INFO - [SERVER] Shot: ball=153.3 mph, carry=268 yds, Launch: 14.2°
2026-08-24 12:36:04,698 - openflight.rolling_buffer.monitor - INFO - [SHOT] #28: ball=153.3 mph, club=106.6, carry=268 yds | trigger=17499ms, process=154ms, callback=3390ms, total=21047ms
2026-08-24 12:36:04,698 - openflight.rolling_buffer.trigger - INFO - [TRIGGER] Waiting for sound trigger (timeout=30s)...
2026-08-24 12:36:27,243 - openflight.iwr6843.monitor - INFO - [IWR6843] Trigger #30: dumping firmware-frozen L3 ring
2026-08-24 12:36:27,317 - ops243 - DEBUG - [OPS] Hardware trigger: first byte after 22.6s
2026-08-24 12:36:27,343 - openflight.camera.capture_runtime - INFO - [CAMERA] Capture #30 saved: 99 frames, 467.6fps, gaps=0 -> /home/pacinoj/openflight_sessions/trackman/camera/camera_20260824_123627_243_030
2026-08-24 12:36:30,054 - ops243 - INFO - [OPS] Hardware trigger: 41035 bytes in 25.4s
2026-08-24 12:36:30,055 - openflight.rolling_buffer.trigger - INFO - [TRIGGER] Sound trigger fired, 41035 bytes received
2026-08-24 12:36:30,584 - ops243 - INFO - [OPS] Clock sync: method=integer_rollover offset=1787582247.579s best_read_latency=0.2ms spread=988.9ms rollover_uncertainty=11.1ms (47/47 valid)
2026-08-24 12:36:30,585 - openflight.rolling_buffer.trigger - INFO - [TRIGGER] OPS clock sync selected: fresh offset=1787582247.579006s age=0.0ms (fresh=valid_integer_rollover, previous=valid_integer_rollover, delta=-12.3ms)
2026-08-24 12:36:30,785 - ops243 - INFO - [OPS] Re-arm drain: 0 bytes in 0.2s
2026-08-24 12:36:31,137 - ops243 - INFO - [OPS] Rolling buffer re-armed (S#16)
2026-08-24 12:36:31,137 - openflight.rolling_buffer.trigger - INFO - [TRIGGER] Sound trigger wall time 1787589387.238 (source=ops_clock_sync, first byte 1787589387.317, post-trigger 68.5ms)
2026-08-24 12:36:31,137 - openflight.rolling_buffer.trigger - INFO - [TRIGGER] Sound trigger accepted — peak 149.2 mph, 48 outbound readings
2026-08-24 12:36:31,167 - openflight.rolling_buffer.processor - INFO - [PROCESSOR] Ball speed: 149.2 mph (mode-based, 48 outbound readings)
2026-08-24 12:36:31,242 - openflight.rolling_buffer.processor - INFO - [PROCESSOR] Club speed: 106.2 mph at 14.9ms before ball
2026-08-24 12:36:31,242 - openflight.rolling_buffer.processor - INFO - [PROCESSOR] Impact estimate: OPS transition 64.0ms (club 107.7 mph @ 60.8ms -> ball 146.2 mph @ 67.2ms, delta=38.5 mph)
2026-08-24 12:36:31,246 - openflight.rolling_buffer.processor - INFO - [PROCESSOR] Multitaper repaired 0.27% clipped I/Q samples
2026-08-24 12:36:31,251 - openflight.rolling_buffer.processor - INFO - [PROCESSOR] Ball signal lost at 119.7ms (window trimmed from 136.5ms)
2026-08-24 12:36:31,307 - openflight.rolling_buffer.processor - INFO - [PROCESSOR] Ungated multitaper spin: 6482 RPM, evidence=7.88, fade=78.06 Hz, window=48.6ms
2026-08-24 12:36:31,307 - openflight.rolling_buffer.processor - INFO - [PROCESSOR] Spin result: 6482 RPM, SNR=7.88, quality=experimental
2026-08-24 12:36:31,308 - openflight.rolling_buffer.monitor - INFO - [MONITOR] process_capture: 169.8ms
2026-08-24 12:36:31,308 - openflight.rolling_buffer.monitor - INFO - [MONITOR] Shot detected: ball=149.2 mph, club=106.2, spin=6482
2026-08-24 12:36:31,311 - openflight.server - INFO - [SERVER] Shot callback: 149.2 mph
2026-08-24 12:36:34,340 - openflight.iwr6843.monitor - INFO - [IWR6843] Capture #30 complete: 732812 bytes in 7.10s
2026-08-24 12:36:34,854 - openflight.iwr6843.club - INFO - [CLUB] track=ops_speed_prior OPS=106.2 mph radial=40.0 m/s ratio=0.84 impact_error=0.225 m inliers=36 rms=0.36 bins
2026-08-24 12:36:34,913 - openflight.server - INFO - [SERVER] IWR6843 LCMF-v1 launch: 18.23° (22 snapshots/6 frames, component std 6.15°)
2026-08-24 12:36:34,913 - openflight.server - INFO - [SERVER] Camera capture #30 matched -> /home/pacinoj/openflight_sessions/trackman/camera/camera_20260824_123627_243_030
2026-08-24 12:36:34,952 - openflight.server - INFO - [SERVER] Camera-assisted horizontal: selected=None camera=None IWR=None delta=None status=camera_withheld_fallback_iwr support=0/27
2026-08-24 12:36:34,995 - openflight.server - INFO - [SERVER] Camera/IWR chained club delivery: AoA None path None (status=rejected_no_ball, features=0, speed_ratio=None, velocity_mad=None mph, path_windows=0, path_mad=None deg, impact_frame=None)
2026-08-24 12:36:34,995 - openflight.server - INFO - [SERVER] Horizontal angle unavailable; no measured trajectory
2026-08-24 12:36:34,995 - openflight.server - INFO - [SERVER] Ball speed cosine correction: 149.2 -> 151.7 mph (LA 18.2)
2026-08-24 12:36:34,995 - openflight.server - INFO - [SERVER] Calculated spin: 6397 rpm (v=151.7 mph, LA=18.2 deg, measured was 6482 rpm)
2026-08-24 12:36:35,034 - openflight.server - INFO - [SERVER] Ballistic carry: 243 yds (spin: 6397 rpm, source: measured)
2026-08-24 12:36:35,035 - openflight.server - INFO - [SERVER] Shot: ball=151.7 mph, carry=261 yds, Launch: 18.2°
2026-08-24 12:36:35,035 - openflight.rolling_buffer.monitor - INFO - [SHOT] #29: ball=151.7 mph, club=106.2, carry=261 yds | trigger=26440ms, process=170ms, callback=3724ms, total=30338ms
2026-08-24 12:36:35,035 - openflight.rolling_buffer.trigger - INFO - [TRIGGER] Waiting for sound trigger (timeout=30s)...
2026-08-24 12:36:55,687 - openflight.iwr6843.monitor - INFO - [IWR6843] Trigger #31: dumping firmware-frozen L3 ring
2026-08-24 12:36:55,764 - ops243 - DEBUG - [OPS] Hardware trigger: first byte after 20.7s
2026-08-24 12:36:55,796 - openflight.camera.capture_runtime - INFO - [CAMERA] Capture #31 saved: 99 frames, 467.6fps, gaps=0 -> /home/pacinoj/openflight_sessions/trackman/camera/camera_20260824_123655_687_031
2026-08-24 12:36:58,501 - ops243 - INFO - [OPS] Hardware trigger: 41035 bytes in 23.5s
2026-08-24 12:36:58,501 - openflight.rolling_buffer.trigger - INFO - [TRIGGER] Sound trigger fired, 41035 bytes received
2026-08-24 12:36:58,900 - ops243 - INFO - [OPS] Clock sync: method=integer_rollover offset=1787582247.583s best_read_latency=0.4ms spread=989.0ms rollover_uncertainty=11.0ms (36/36 valid)
2026-08-24 12:36:58,900 - openflight.rolling_buffer.trigger - INFO - [TRIGGER] OPS clock sync selected: fresh offset=1787582247.583218s age=0.0ms (fresh=valid_integer_rollover, previous=valid_integer_rollover, delta=4.2ms)
2026-08-24 12:36:59,101 - ops243 - INFO - [OPS] Re-arm drain: 0 bytes in 0.2s
2026-08-24 12:36:59,452 - ops243 - INFO - [OPS] Rolling buffer re-armed (S#16)
2026-08-24 12:36:59,453 - openflight.rolling_buffer.trigger - INFO - [TRIGGER] Sound trigger wall time 1787589415.688 (source=ops_clock_sync, first byte 1787589415.764, post-trigger 68.5ms)
2026-08-24 12:36:59,453 - openflight.rolling_buffer.trigger - INFO - [TRIGGER] Sound trigger accepted — peak 151.6 mph, 47 outbound readings
2026-08-24 12:36:59,475 - openflight.rolling_buffer.processor - INFO - [PROCESSOR] Ball speed: 151.6 mph (mode-based, 47 outbound readings)
2026-08-24 12:36:59,547 - openflight.rolling_buffer.processor - INFO - [PROCESSOR] Club speed: 106.1 mph at 14.9ms before ball
2026-08-24 12:36:59,547 - openflight.rolling_buffer.processor - INFO - [PROCESSOR] Impact estimate: OPS transition 65.6ms (club 107.9 mph @ 64.0ms -> ball 148.9 mph @ 67.2ms, delta=40.9 mph)
2026-08-24 12:36:59,555 - openflight.rolling_buffer.processor - INFO - [PROCESSOR] Ball signal lost at 119.2ms (window trimmed from 136.5ms)
2026-08-24 12:36:59,626 - openflight.rolling_buffer.processor - INFO - [PROCESSOR] Ungated multitaper spin: 6262 RPM, evidence=6.34, fade=39.12 Hz, window=44.9ms
2026-08-24 12:36:59,626 - openflight.rolling_buffer.processor - INFO - [PROCESSOR] Spin result: 6262 RPM, SNR=6.34, quality=experimental
2026-08-24 12:36:59,626 - openflight.rolling_buffer.monitor - INFO - [MONITOR] process_capture: 173.2ms
2026-08-24 12:36:59,627 - openflight.rolling_buffer.monitor - INFO - [MONITOR] Shot detected: ball=151.6 mph, club=106.1, spin=6262
2026-08-24 12:36:59,630 - openflight.server - INFO - [SERVER] Shot callback: 151.6 mph
2026-08-24 12:37:02,783 - openflight.iwr6843.monitor - INFO - [IWR6843] Capture #31 complete: 732812 bytes in 7.10s
2026-08-24 12:37:06,093 - openflight.iwr6843.club - INFO - [CLUB] track=ops_speed_prior OPS=106.1 mph radial=42.1 m/s ratio=0.89 impact_error=0.207 m inliers=44 rms=0.32 bins
2026-08-24 12:37:06,147 - openflight.server - INFO - [SERVER] IWR6843 TX2 horizontal proxy: -1.68° (coherence 97%, status=hlcmf_v1_accepted)
2026-08-24 12:37:06,147 - openflight.server - INFO - [SERVER] IWR6843 LCMF-v1 launch: 12.17° (20 snapshots/6 frames, component std 3.74°)
2026-08-24 12:37:06,147 - openflight.server - INFO - [SERVER] Camera capture #31 matched -> /home/pacinoj/openflight_sessions/trackman/camera/camera_20260824_123655_687_031
2026-08-24 12:37:06,183 - openflight.server - INFO - [SERVER] Camera-assisted horizontal: selected=-1.6751787337588824 camera=None IWR=-1.6751787337588824 delta=None status=camera_withheld_fallback_iwr support=0/27
2026-08-24 12:37:06,221 - openflight.server - INFO - [SERVER] Camera/IWR chained club delivery: AoA None path None (status=rejected_no_ball, features=0, speed_ratio=None, velocity_mad=None mph, path_windows=0, path_mad=None deg, impact_frame=None)
2026-08-24 12:37:06,221 - openflight.server - INFO - [SERVER] Ball speed cosine correction: 151.6 -> 153.6 mph (LA 12.2)
2026-08-24 12:37:06,221 - openflight.server - INFO - [SERVER] Calculated spin: 4033 rpm (v=153.6 mph, LA=12.2 deg, measured was 6262 rpm)
2026-08-24 12:37:06,253 - openflight.server - INFO - [SERVER] Ballistic carry: 243 yds (spin: 4033 rpm, source: measured)
2026-08-24 12:37:06,254 - openflight.server - INFO - [SERVER] Shot: ball=153.6 mph, carry=272 yds, Launch: 12.2°
2026-08-24 12:37:06,255 - openflight.rolling_buffer.monitor - INFO - [SHOT] #30: ball=153.6 mph, club=106.1, carry=272 yds | trigger=24417ms, process=173ms, callback=6625ms, total=31219ms
2026-08-24 12:37:06,255 - openflight.rolling_buffer.trigger - INFO - [TRIGGER] Waiting for sound trigger (timeout=30s)...
2026-08-24 12:37:28,441 - openflight.iwr6843.monitor - INFO - [IWR6843] Trigger #32: dumping firmware-frozen L3 ring
2026-08-24 12:37:28,515 - ops243 - DEBUG - [OPS] Hardware trigger: first byte after 22.3s
2026-08-24 12:37:28,566 - openflight.camera.capture_runtime - INFO - [CAMERA] Capture #32 saved: 99 frames, 467.6fps, gaps=0 -> /home/pacinoj/openflight_sessions/trackman/camera/camera_20260824_123728_441_032
2026-08-24 12:37:31,255 - ops243 - INFO - [OPS] Hardware trigger: 41035 bytes in 25.0s
2026-08-24 12:37:31,255 - openflight.rolling_buffer.trigger - INFO - [TRIGGER] Sound trigger fired, 41035 bytes received
2026-08-24 12:37:31,663 - ops243 - INFO - [OPS] Clock sync: method=integer_rollover offset=1787582247.578s best_read_latency=0.4ms spread=989.1ms rollover_uncertainty=10.9ms (36/36 valid)
2026-08-24 12:37:31,663 - openflight.rolling_buffer.trigger - INFO - [TRIGGER] OPS clock sync selected: fresh offset=1787582247.578253s age=0.0ms (fresh=valid_integer_rollover, previous=valid_integer_rollover, delta=-5.0ms)
2026-08-24 12:37:31,863 - ops243 - INFO - [OPS] Re-arm drain: 0 bytes in 0.2s
2026-08-24 12:37:32,217 - ops243 - INFO - [OPS] Rolling buffer re-armed (S#16)
2026-08-24 12:37:32,218 - openflight.rolling_buffer.trigger - INFO - [TRIGGER] Sound trigger wall time 1787589448.440 (source=ops_clock_sync, first byte 1787589448.515, post-trigger 68.5ms)
2026-08-24 12:37:32,218 - openflight.rolling_buffer.trigger - INFO - [TRIGGER] Sound trigger accepted — peak 145.7 mph, 49 outbound readings
2026-08-24 12:37:32,231 - openflight.rolling_buffer.processor - INFO - [PROCESSOR] Ball speed: 145.7 mph (mode-based, 49 outbound readings)
2026-08-24 12:37:32,294 - openflight.rolling_buffer.processor - INFO - [PROCESSOR] Club speed: 103.9 mph at 14.9ms before ball
2026-08-24 12:37:32,294 - openflight.rolling_buffer.processor - INFO - [PROCESSOR] Impact estimate: OPS transition 62.9ms (club 100.3 mph @ 59.7ms -> ball 143.2 mph @ 66.1ms, delta=42.9 mph)
2026-08-24 12:37:32,296 - openflight.rolling_buffer.processor - INFO - [PROCESSOR] Multitaper repaired 0.51% clipped I/Q samples
2026-08-24 12:37:32,303 - openflight.rolling_buffer.processor - INFO - [PROCESSOR] Ball signal lost at 119.8ms (window trimmed from 136.5ms)
2026-08-24 12:37:32,359 - openflight.rolling_buffer.processor - INFO - [PROCESSOR] Ungated multitaper spin: 4175 RPM, evidence=9.71, fade=25.00 Hz, window=50.9ms
2026-08-24 12:37:32,359 - openflight.rolling_buffer.processor - INFO - [PROCESSOR] Spin result: 4175 RPM, SNR=9.71, quality=experimental
2026-08-24 12:37:32,359 - openflight.rolling_buffer.monitor - INFO - [MONITOR] process_capture: 141.4ms
2026-08-24 12:37:32,360 - openflight.rolling_buffer.monitor - INFO - [MONITOR] Shot detected: ball=145.7 mph, club=103.9, spin=4175
2026-08-24 12:37:32,362 - openflight.server - INFO - [SERVER] Shot callback: 145.7 mph
2026-08-24 12:37:35,538 - openflight.iwr6843.monitor - INFO - [IWR6843] Capture #32 complete: 732812 bytes in 7.10s
2026-08-24 12:37:38,949 - openflight.iwr6843.club - INFO - [CLUB] track=ops_speed_prior OPS=103.9 mph radial=44.8 m/s ratio=0.96 impact_error=0.187 m inliers=36 rms=0.21 bins
2026-08-24 12:37:39,063 - openflight.server - INFO - [SERVER] IWR6843 TX2 horizontal proxy: -3.53° (coherence 92%, status=hlcmf_v1_accepted)
2026-08-24 12:37:39,063 - openflight.server - INFO - [SERVER] IWR6843 LCMF-v1 launch: 17.10° (25 snapshots/7 frames, component std 1.33°)
2026-08-24 12:37:39,063 - openflight.server - INFO - [SERVER] Camera capture #32 matched -> /home/pacinoj/openflight_sessions/trackman/camera/camera_20260824_123728_441_032
2026-08-24 12:37:39,101 - openflight.server - INFO - [SERVER] Camera-assisted horizontal: selected=-3.5288296979160036 camera=None IWR=-3.5288296979160036 delta=None status=camera_withheld_fallback_iwr support=0/27
2026-08-24 12:37:39,142 - openflight.server - INFO - [SERVER] Camera/IWR chained club delivery: AoA None path None (status=rejected_no_ball, features=0, speed_ratio=None, velocity_mad=None mph, path_windows=0, path_mad=None deg, impact_frame=None)
2026-08-24 12:37:39,142 - openflight.server - INFO - [SERVER] Ball speed cosine correction: 145.7 -> 148.2 mph (LA 17.1)
2026-08-24 12:37:39,142 - openflight.server - INFO - [SERVER] Calculated spin: 5799 rpm (v=148.2 mph, LA=17.1 deg, measured was 4175 rpm)
2026-08-24 12:37:39,179 - openflight.server - INFO - [SERVER] Ballistic carry: 239 yds (spin: 5799 rpm, source: measured)
2026-08-24 12:37:39,180 - openflight.server - INFO - [SERVER] Shot: ball=148.2 mph, carry=251 yds, Launch: 17.1°
2026-08-24 12:37:39,181 - openflight.rolling_buffer.monitor - INFO - [SHOT] #31: ball=148.2 mph, club=103.9, carry=251 yds | trigger=25963ms, process=141ms, callback=6819ms, total=32926ms
2026-08-24 12:37:39,181 - openflight.rolling_buffer.trigger - INFO - [TRIGGER] Waiting for sound trigger (timeout=30s)...
2026-08-24 12:37:58,233 - openflight.iwr6843.monitor - INFO - [IWR6843] Trigger #33: dumping firmware-frozen L3 ring
2026-08-24 12:37:58,310 - ops243 - DEBUG - [OPS] Hardware trigger: first byte after 19.1s
2026-08-24 12:37:58,356 - openflight.camera.capture_runtime - INFO - [CAMERA] Capture #33 saved: 99 frames, 467.6fps, gaps=0 -> /home/pacinoj/openflight_sessions/trackman/camera/camera_20260824_123758_233_033
2026-08-24 12:38:01,045 - ops243 - INFO - [OPS] Hardware trigger: 41035 bytes in 21.9s
2026-08-24 12:38:01,045 - openflight.rolling_buffer.trigger - INFO - [TRIGGER] Sound trigger fired, 41035 bytes received
2026-08-24 12:38:01,582 - ops243 - INFO - [OPS] Clock sync: method=integer_rollover offset=1787582247.577s best_read_latency=0.3ms spread=989.0ms rollover_uncertainty=11.0ms (48/48 valid)
2026-08-24 12:38:01,583 - openflight.rolling_buffer.trigger - INFO - [TRIGGER] OPS clock sync selected: fresh offset=1787582247.576931s age=0.0ms (fresh=valid_integer_rollover, previous=valid_integer_rollover, delta=-1.3ms)
2026-08-24 12:38:01,783 - ops243 - INFO - [OPS] Re-arm drain: 0 bytes in 0.2s
2026-08-24 12:38:02,135 - ops243 - INFO - [OPS] Rolling buffer re-armed (S#16)
2026-08-24 12:38:02,135 - openflight.rolling_buffer.trigger - INFO - [TRIGGER] Sound trigger wall time 1787589478.234 (source=ops_clock_sync, first byte 1787589478.310, post-trigger 68.5ms)
2026-08-24 12:38:02,135 - openflight.rolling_buffer.trigger - INFO - [TRIGGER] Sound trigger accepted — peak 184.2 mph, 50 outbound readings
2026-08-24 12:38:02,151 - openflight.rolling_buffer.processor - INFO - [PROCESSOR] Ball speed outlier rejected: max=184.2, mode=152.0 mph (11 occurrences)
2026-08-24 12:38:02,151 - openflight.rolling_buffer.processor - INFO - [PROCESSOR] Ball speed: 152.4 mph (mode-based, 50 outbound readings)
2026-08-24 12:38:02,195 - openflight.rolling_buffer.processor - INFO - [PROCESSOR] Club speed: 107.6 mph at 13.9ms before ball
2026-08-24 12:38:02,195 - openflight.rolling_buffer.processor - INFO - [PROCESSOR] Impact estimate: OPS transition 65.1ms (club 110.8 mph @ 64.0ms -> ball 149.5 mph @ 66.1ms, delta=38.7 mph)
2026-08-24 12:38:02,197 - openflight.rolling_buffer.processor - INFO - [PROCESSOR] Multitaper repaired 3.39% clipped I/Q samples
2026-08-24 12:38:02,201 - openflight.rolling_buffer.processor - INFO - [PROCESSOR] Ball signal lost at 119.1ms (window trimmed from 136.5ms)
2026-08-24 12:38:02,282 - openflight.rolling_buffer.processor - INFO - [PROCESSOR] Ungated multitaper spin: 5273 RPM, evidence=12.28, fade=34.11 Hz, window=43.8ms
2026-08-24 12:38:02,282 - openflight.rolling_buffer.processor - INFO - [PROCESSOR] Spin result: 5273 RPM, SNR=12.28, quality=experimental
2026-08-24 12:38:02,282 - openflight.rolling_buffer.monitor - INFO - [MONITOR] process_capture: 146.3ms
2026-08-24 12:38:02,282 - openflight.rolling_buffer.monitor - INFO - [MONITOR] Shot detected: ball=152.4 mph, club=107.6, spin=5273
2026-08-24 12:38:02,286 - openflight.server - INFO - [SERVER] Shot callback: 152.4 mph
2026-08-24 12:38:05,329 - openflight.iwr6843.monitor - INFO - [IWR6843] Capture #33 complete: 732812 bytes in 7.10s
2026-08-24 12:38:05,900 - openflight.iwr6843.club - INFO - [CLUB] track=ops_speed_prior OPS=107.6 mph radial=39.5 m/s ratio=0.82 impact_error=0.217 m inliers=36 rms=0.41 bins
2026-08-24 12:38:05,953 - openflight.server - INFO - [SERVER] IWR6843 LCMF-v1 launch: 7.19° (23 snapshots/6 frames, component std 1.71°)
2026-08-24 12:38:05,953 - openflight.server - INFO - [SERVER] Camera capture #33 matched -> /home/pacinoj/openflight_sessions/trackman/camera/camera_20260824_123758_233_033
2026-08-24 12:38:05,990 - openflight.server - INFO - [SERVER] Camera-assisted horizontal: selected=None camera=None IWR=None delta=None status=camera_withheld_fallback_iwr support=0/27
2026-08-24 12:38:06,030 - openflight.server - INFO - [SERVER] Camera/IWR chained club delivery: AoA None path None (status=rejected_no_ball, features=0, speed_ratio=None, velocity_mad=None mph, path_windows=0, path_mad=None deg, impact_frame=None)
2026-08-24 12:38:06,030 - openflight.server - INFO - [SERVER] Horizontal angle unavailable; no measured trajectory
2026-08-24 12:38:06,030 - openflight.server - INFO - [SERVER] Ball speed cosine correction: 152.4 -> 153.8 mph (LA 7.2)
2026-08-24 12:38:06,030 - openflight.server - INFO - [SERVER] Calculated spin: 2161 rpm (v=153.8 mph, LA=7.2 deg, measured was 5273 rpm)
2026-08-24 12:38:06,050 - openflight.server - INFO - [SERVER] Ballistic carry: 189 yds (spin: 2161 rpm, source: measured)
2026-08-24 12:38:06,051 - openflight.server - INFO - [SERVER] Shot: ball=153.8 mph, carry=266 yds, Launch: 7.2°
2026-08-24 12:38:06,051 - openflight.rolling_buffer.monitor - INFO - [SHOT] #32: ball=153.8 mph, club=107.6, carry=266 yds | trigger=22955ms, process=146ms, callback=3766ms, total=26871ms
2026-08-24 12:38:06,052 - openflight.rolling_buffer.trigger - INFO - [TRIGGER] Waiting for sound trigger (timeout=30s)...
2026-08-24 12:38:30,182 - openflight.iwr6843.monitor - INFO - [IWR6843] Trigger #34: dumping firmware-frozen L3 ring
2026-08-24 12:38:30,257 - ops243 - DEBUG - [OPS] Hardware trigger: first byte after 24.2s
2026-08-24 12:38:30,295 - openflight.camera.capture_runtime - INFO - [CAMERA] Capture #34 saved: 99 frames, 467.6fps, gaps=0 -> /home/pacinoj/openflight_sessions/trackman/camera/camera_20260824_123830_182_034
2026-08-24 12:38:32,988 - ops243 - INFO - [OPS] Hardware trigger: 41035 bytes in 26.9s
2026-08-24 12:38:32,988 - openflight.rolling_buffer.trigger - INFO - [TRIGGER] Sound trigger fired, 41035 bytes received
2026-08-24 12:38:33,578 - ops243 - INFO - [OPS] Clock sync: method=integer_rollover offset=1787582247.572s best_read_latency=0.2ms spread=989.2ms rollover_uncertainty=10.8ms (53/53 valid)
2026-08-24 12:38:33,578 - openflight.rolling_buffer.trigger - INFO - [TRIGGER] OPS clock sync selected: fresh offset=1787582247.572310s age=0.0ms (fresh=valid_integer_rollover, previous=valid_integer_rollover, delta=-4.6ms)
2026-08-24 12:38:33,778 - ops243 - INFO - [OPS] Re-arm drain: 0 bytes in 0.2s
2026-08-24 12:38:34,130 - ops243 - INFO - [OPS] Rolling buffer re-armed (S#16)
2026-08-24 12:38:34,130 - openflight.rolling_buffer.trigger - INFO - [TRIGGER] Sound trigger wall time 1787589510.181 (source=ops_clock_sync, first byte 1787589510.257, post-trigger 68.5ms)
2026-08-24 12:38:34,130 - openflight.rolling_buffer.trigger - INFO - [TRIGGER] Sound trigger accepted — peak 152.2 mph, 41 outbound readings
2026-08-24 12:38:34,150 - openflight.rolling_buffer.processor - INFO - [PROCESSOR] Ball speed: 152.2 mph (mode-based, 41 outbound readings)
2026-08-24 12:38:34,213 - openflight.rolling_buffer.processor - INFO - [PROCESSOR] Club speed: 108.5 mph at 14.9ms before ball
2026-08-24 12:38:34,213 - openflight.rolling_buffer.processor - INFO - [PROCESSOR] Impact estimate: OPS transition 65.1ms (club 108.9 mph @ 62.9ms -> ball 149.6 mph @ 67.2ms, delta=40.7 mph)
2026-08-24 12:38:34,215 - openflight.rolling_buffer.processor - INFO - [PROCESSOR] Multitaper repaired 0.51% clipped I/Q samples
2026-08-24 12:38:34,219 - openflight.rolling_buffer.processor - INFO - [PROCESSOR] Ball signal lost at 118.8ms (window trimmed from 136.5ms)
2026-08-24 12:38:34,283 - openflight.rolling_buffer.processor - INFO - [PROCESSOR] Ungated multitaper spin: 6152 RPM, evidence=3.36, fade=38.03 Hz, window=45.6ms
2026-08-24 12:38:34,283 - openflight.rolling_buffer.processor - INFO - [PROCESSOR] Spin result: 6152 RPM, SNR=3.36, quality=experimental
2026-08-24 12:38:34,284 - openflight.rolling_buffer.monitor - INFO - [MONITOR] process_capture: 153.0ms
2026-08-24 12:38:34,284 - openflight.rolling_buffer.monitor - INFO - [MONITOR] Shot detected: ball=152.2 mph, club=108.5, spin=6152
2026-08-24 12:38:34,286 - openflight.server - INFO - [SERVER] Shot callback: 152.2 mph
2026-08-24 12:38:37,280 - openflight.iwr6843.monitor - INFO - [IWR6843] Capture #34 complete: 732812 bytes in 7.10s
2026-08-24 12:38:40,832 - openflight.iwr6843.club - INFO - [CLUB] track=ops_speed_prior OPS=108.5 mph radial=46.5 m/s ratio=0.96 impact_error=0.214 m inliers=32 rms=0.25 bins
2026-08-24 12:38:40,876 - openflight.server - INFO - [SERVER] IWR6843 TX2 horizontal proxy: -0.23° (coherence 91%, status=hlcmf_v1_accepted)
2026-08-24 12:38:40,876 - openflight.server - INFO - [SERVER] IWR6843 LCMF-v1 launch: 13.23° (22 snapshots/6 frames, component std 0.11°)
2026-08-24 12:38:40,877 - openflight.server - INFO - [SERVER] Camera capture #34 matched -> /home/pacinoj/openflight_sessions/trackman/camera/camera_20260824_123830_182_034
2026-08-24 12:38:40,915 - openflight.server - INFO - [SERVER] Camera-assisted horizontal: selected=-0.22598631665075253 camera=None IWR=-0.22598631665075253 delta=None status=camera_withheld_fallback_iwr support=0/27
2026-08-24 12:38:40,958 - openflight.server - INFO - [SERVER] Camera/IWR chained club delivery: AoA None path None (status=rejected_no_ball, features=0, speed_ratio=None, velocity_mad=None mph, path_windows=0, path_mad=None deg, impact_frame=None)
2026-08-24 12:38:40,958 - openflight.server - INFO - [SERVER] Ball speed cosine correction: 152.2 -> 154.3 mph (LA 13.2)
2026-08-24 12:38:40,959 - openflight.server - INFO - [SERVER] Calculated spin: 4469 rpm (v=154.3 mph, LA=13.2 deg, measured was 6152 rpm)
2026-08-24 12:38:40,993 - openflight.server - INFO - [SERVER] Ballistic carry: 248 yds (spin: 4469 rpm, source: measured)
2026-08-24 12:38:40,994 - openflight.server - INFO - [SERVER] Shot: ball=154.3 mph, carry=272 yds, Launch: 13.2°
2026-08-24 12:38:40,994 - openflight.rolling_buffer.monitor - INFO - [SHOT] #33: ball=154.3 mph, club=108.5, carry=272 yds | trigger=28078ms, process=153ms, callback=6708ms, total=34943ms
2026-08-24 12:38:40,994 - openflight.rolling_buffer.trigger - INFO - [TRIGGER] Waiting for sound trigger (timeout=30s)...
2026-08-24 12:38:59,327 - openflight.iwr6843.monitor - INFO - [IWR6843] Trigger #35: dumping firmware-frozen L3 ring
2026-08-24 12:38:59,409 - ops243 - DEBUG - [OPS] Hardware trigger: first byte after 18.4s
2026-08-24 12:38:59,468 - openflight.camera.capture_runtime - INFO - [CAMERA] Capture #35 saved: 99 frames, 467.6fps, gaps=0 -> /home/pacinoj/openflight_sessions/trackman/camera/camera_20260824_123859_327_035
2026-08-24 12:39:02,141 - ops243 - INFO - [OPS] Hardware trigger: 41035 bytes in 21.1s
2026-08-24 12:39:02,141 - openflight.rolling_buffer.trigger - INFO - [TRIGGER] Sound trigger fired, 41035 bytes received
2026-08-24 12:39:02,575 - ops243 - INFO - [OPS] Clock sync: method=integer_rollover offset=1787582247.570s best_read_latency=0.2ms spread=989.3ms rollover_uncertainty=10.7ms (39/39 valid)
2026-08-24 12:39:02,576 - openflight.rolling_buffer.trigger - INFO - [TRIGGER] OPS clock sync selected: fresh offset=1787582247.570394s age=0.0ms (fresh=valid_integer_rollover, previous=valid_integer_rollover, delta=-1.9ms)
2026-08-24 12:39:02,776 - ops243 - INFO - [OPS] Re-arm drain: 0 bytes in 0.2s
2026-08-24 12:39:03,129 - ops243 - INFO - [OPS] Rolling buffer re-armed (S#16)
2026-08-24 12:39:03,130 - openflight.rolling_buffer.trigger - INFO - [TRIGGER] Sound trigger wall time 1787589539.325 (source=ops_clock_sync, first byte 1787589539.410, post-trigger 68.5ms)
2026-08-24 12:39:03,130 - openflight.rolling_buffer.trigger - INFO - [TRIGGER] Sound trigger accepted — peak 152.3 mph, 47 outbound readings
2026-08-24 12:39:03,141 - openflight.rolling_buffer.processor - INFO - [PROCESSOR] Ball speed: 152.3 mph (mode-based, 47 outbound readings)
2026-08-24 12:39:03,201 - openflight.rolling_buffer.processor - INFO - [PROCESSOR] Club speed: 107.3 mph at 13.9ms before ball
2026-08-24 12:39:03,201 - openflight.rolling_buffer.processor - INFO - [PROCESSOR] Impact estimate: OPS transition 63.5ms (club 110.1 mph @ 60.8ms -> ball 149.6 mph @ 66.1ms, delta=39.5 mph)
2026-08-24 12:39:03,203 - openflight.rolling_buffer.processor - INFO - [PROCESSOR] Multitaper repaired 0.90% clipped I/Q samples
2026-08-24 12:39:03,207 - openflight.rolling_buffer.processor - INFO - [PROCESSOR] Ball signal lost at 117.3ms (window trimmed from 136.5ms)
2026-08-24 12:39:03,272 - openflight.rolling_buffer.processor - INFO - [PROCESSOR] Ungated multitaper spin: 4614 RPM, evidence=4.76, fade=30.45 Hz, window=48.4ms
2026-08-24 12:39:03,272 - openflight.rolling_buffer.processor - INFO - [PROCESSOR] Spin result: 4614 RPM, SNR=4.76, quality=experimental
2026-08-24 12:39:03,273 - openflight.rolling_buffer.monitor - INFO - [MONITOR] process_capture: 142.1ms
2026-08-24 12:39:03,273 - openflight.rolling_buffer.monitor - INFO - [MONITOR] Shot detected: ball=152.3 mph, club=107.3, spin=4614
2026-08-24 12:39:03,274 - openflight.server - INFO - [SERVER] Shot callback: 152.3 mph
2026-08-24 12:39:06,423 - openflight.iwr6843.monitor - INFO - [IWR6843] Capture #35 complete: 732812 bytes in 7.10s
2026-08-24 12:39:06,922 - openflight.iwr6843.club - INFO - [CLUB] track=ops_speed_prior OPS=107.3 mph radial=39.4 m/s ratio=0.82 impact_error=0.231 m inliers=36 rms=0.39 bins
2026-08-24 12:39:06,971 - openflight.server - INFO - [SERVER] IWR6843 LCMF-v1 launch: 18.27° (23 snapshots/6 frames, component std 1.16°)
2026-08-24 12:39:06,972 - openflight.server - INFO - [SERVER] Camera capture #35 matched -> /home/pacinoj/openflight_sessions/trackman/camera/camera_20260824_123859_327_035
2026-08-24 12:39:07,012 - openflight.server - INFO - [SERVER] Camera-assisted horizontal: selected=None camera=None IWR=None delta=None status=camera_withheld_fallback_iwr support=0/27
2026-08-24 12:39:07,054 - openflight.server - INFO - [SERVER] Camera/IWR chained club delivery: AoA None path None (status=rejected_no_ball, features=0, speed_ratio=None, velocity_mad=None mph, path_windows=0, path_mad=None deg, impact_frame=None)
2026-08-24 12:39:07,055 - openflight.server - INFO - [SERVER] Horizontal angle unavailable; no measured trajectory
2026-08-24 12:39:07,055 - openflight.server - INFO - [SERVER] Ball speed cosine correction: 152.3 -> 154.9 mph (LA 18.3)
2026-08-24 12:39:07,055 - openflight.server - INFO - [SERVER] Calculated spin: 6544 rpm (v=154.9 mph, LA=18.3 deg, measured was 4614 rpm)
2026-08-24 12:39:07,095 - openflight.server - INFO - [SERVER] Ballistic carry: 248 yds (spin: 6544 rpm, source: measured)
2026-08-24 12:39:07,096 - openflight.server - INFO - [SERVER] Shot: ball=154.9 mph, carry=266 yds, Launch: 18.3°
2026-08-24 12:39:07,096 - openflight.rolling_buffer.monitor - INFO - [SHOT] #34: ball=154.9 mph, club=107.3, carry=266 yds | trigger=22136ms, process=142ms, callback=3822ms, total=26102ms
2026-08-24 12:39:07,096 - openflight.rolling_buffer.trigger - INFO - [TRIGGER] Waiting for sound trigger (timeout=30s)...
2026-08-24 12:39:27,477 - openflight.iwr6843.monitor - INFO - [IWR6843] Trigger #36: dumping firmware-frozen L3 ring
2026-08-24 12:39:27,554 - ops243 - DEBUG - [OPS] Hardware trigger: first byte after 20.5s
2026-08-24 12:39:27,591 - openflight.camera.capture_runtime - INFO - [CAMERA] Capture #36 saved: 99 frames, 467.6fps, gaps=0 -> /home/pacinoj/openflight_sessions/trackman/camera/camera_20260824_123927_477_036
2026-08-24 12:39:30,289 - ops243 - INFO - [OPS] Hardware trigger: 41035 bytes in 23.2s
2026-08-24 12:39:30,289 - openflight.rolling_buffer.trigger - INFO - [TRIGGER] Sound trigger fired, 41035 bytes received
2026-08-24 12:39:30,694 - ops243 - INFO - [OPS] Clock sync: method=integer_rollover offset=1787582247.568s best_read_latency=0.2ms spread=988.8ms rollover_uncertainty=11.2ms (36/36 valid)
2026-08-24 12:39:30,695 - openflight.rolling_buffer.trigger - INFO - [TRIGGER] OPS clock sync selected: fresh offset=1787582247.567647s age=0.0ms (fresh=valid_integer_rollover, previous=valid_integer_rollover, delta=-2.7ms)
2026-08-24 12:39:30,895 - ops243 - INFO - [OPS] Re-arm drain: 0 bytes in 0.2s
2026-08-24 12:39:31,247 - ops243 - INFO - [OPS] Rolling buffer re-armed (S#16)
2026-08-24 12:39:31,247 - openflight.rolling_buffer.trigger - INFO - [TRIGGER] Sound trigger wall time 1787589567.475 (source=ops_clock_sync, first byte 1787589567.555, post-trigger 68.5ms)
2026-08-24 12:39:31,247 - openflight.rolling_buffer.trigger - INFO - [TRIGGER] Sound trigger accepted — peak 153.0 mph, 42 outbound readings
2026-08-24 12:39:31,262 - openflight.rolling_buffer.processor - INFO - [PROCESSOR] Ball speed: 153.0 mph (mode-based, 42 outbound readings)
2026-08-24 12:39:31,326 - openflight.rolling_buffer.processor - INFO - [PROCESSOR] Club speed: 107.3 mph at 17.1ms before ball
2026-08-24 12:39:31,327 - openflight.rolling_buffer.processor - INFO - [PROCESSOR] Impact estimate: OPS transition 65.1ms (club 106.5 mph @ 61.9ms -> ball 152.6 mph @ 68.3ms, delta=46.1 mph)
2026-08-24 12:39:31,329 - openflight.rolling_buffer.processor - INFO - [PROCESSOR] Multitaper repaired 2.15% clipped I/Q samples
2026-08-24 12:39:31,338 - openflight.rolling_buffer.processor - INFO - [PROCESSOR] Ball signal lost at 118.2ms (window trimmed from 136.5ms)
2026-08-24 12:39:31,404 - openflight.rolling_buffer.processor - INFO - [PROCESSOR] Ungated multitaper spin: 6592 RPM, evidence=2.70, fade=47.28 Hz, window=43.9ms
2026-08-24 12:39:31,404 - openflight.rolling_buffer.processor - INFO - [PROCESSOR] Spin result: 6592 RPM, SNR=2.70, quality=experimental
2026-08-24 12:39:31,405 - openflight.rolling_buffer.monitor - INFO - [MONITOR] process_capture: 157.1ms
2026-08-24 12:39:31,405 - openflight.rolling_buffer.monitor - INFO - [MONITOR] Shot detected: ball=153.0 mph, club=107.3, spin=6592
2026-08-24 12:39:31,407 - openflight.server - INFO - [SERVER] Shot callback: 153.0 mph
2026-08-24 12:39:34,573 - openflight.iwr6843.monitor - INFO - [IWR6843] Capture #36 complete: 732812 bytes in 7.10s
2026-08-24 12:39:37,358 - openflight.iwr6843.club - INFO - [CLUB] track=ops_speed_prior OPS=107.3 mph radial=46.9 m/s ratio=0.98 impact_error=0.219 m inliers=28 rms=0.18 bins
2026-08-24 12:39:37,407 - openflight.server - INFO - [SERVER] IWR6843 TX2 horizontal proxy: 68.06° (coherence 92%, status=hlcmf_v1_accepted)
2026-08-24 12:39:37,407 - openflight.server - INFO - [SERVER] IWR6843 LCMF-v1 launch: 5.93° (16 snapshots/4 frames, component std 4.17°)
2026-08-24 12:39:37,407 - openflight.server - INFO - [SERVER] Camera capture #36 matched -> /home/pacinoj/openflight_sessions/trackman/camera/camera_20260824_123927_477_036
2026-08-24 12:39:37,440 - openflight.server - INFO - [SERVER] Camera-assisted horizontal: selected=68.0632360148512 camera=None IWR=68.0632360148512 delta=None status=camera_withheld_fallback_iwr support=0/27
2026-08-24 12:39:37,479 - openflight.server - INFO - [SERVER] Camera/IWR chained club delivery: AoA None path None (status=rejected_no_ball, features=0, speed_ratio=None, velocity_mad=None mph, path_windows=0, path_mad=None deg, impact_frame=None)
2026-08-24 12:39:37,479 - openflight.server - INFO - [SERVER] Ball speed cosine correction: 153.0 -> 154.3 mph (LA 5.9)
2026-08-24 12:39:37,479 - openflight.server - INFO - [SERVER] Calculated spin: 1721 rpm (v=154.3 mph, LA=5.9 deg, measured was 6592 rpm)
2026-08-24 12:39:37,494 - openflight.server - INFO - [SERVER] Ballistic carry: 57 yds (spin: 1721 rpm, source: measured)
2026-08-24 12:39:37,496 - openflight.server - INFO - [SERVER] Shot: ball=154.3 mph, carry=268 yds, Launch: 5.9°
2026-08-24 12:39:37,497 - openflight.rolling_buffer.monitor - INFO - [SHOT] #35: ball=154.3 mph, club=107.3, carry=268 yds | trigger=24151ms, process=157ms, callback=6089ms, total=30400ms
2026-08-24 12:39:37,497 - openflight.rolling_buffer.trigger - INFO - [TRIGGER] Waiting for sound trigger (timeout=30s)...
2026-08-24 12:39:50,874 - openflight.iwr6843.monitor - INFO - [IWR6843] Trigger #37: dumping firmware-frozen L3 ring
2026-08-24 12:39:50,963 - ops243 - DEBUG - [OPS] Hardware trigger: first byte after 13.5s
2026-08-24 12:39:51,027 - openflight.camera.capture_runtime - INFO - [CAMERA] Capture #37 saved: 99 frames, 467.6fps, gaps=0 -> /home/pacinoj/openflight_sessions/trackman/camera/camera_20260824_123950_874_037
2026-08-24 12:39:53,683 - ops243 - INFO - [OPS] Hardware trigger: 41035 bytes in 16.2s
2026-08-24 12:39:53,683 - openflight.rolling_buffer.trigger - INFO - [TRIGGER] Sound trigger fired, 41035 bytes received
2026-08-24 12:39:54,570 - ops243 - INFO - [OPS] Clock sync: method=integer_rollover offset=1787582247.564s best_read_latency=0.3ms spread=989.0ms rollover_uncertainty=11.0ms (79/79 valid)
2026-08-24 12:39:54,570 - openflight.rolling_buffer.trigger - INFO - [TRIGGER] OPS clock sync selected: fresh offset=1787582247.564148s age=0.0ms (fresh=valid_integer_rollover, previous=valid_integer_rollover, delta=-3.5ms)
2026-08-24 12:39:54,771 - ops243 - INFO - [OPS] Re-arm drain: 0 bytes in 0.2s
2026-08-24 12:39:55,125 - ops243 - INFO - [OPS] Rolling buffer re-armed (S#16)
2026-08-24 12:39:55,126 - openflight.rolling_buffer.trigger - INFO - [TRIGGER] Sound trigger wall time 1787589590.871 (source=ops_clock_sync, first byte 1787589590.963, post-trigger 68.5ms)
2026-08-24 12:39:55,126 - openflight.rolling_buffer.trigger - INFO - [TRIGGER] Sound trigger accepted — peak 168.3 mph, 43 outbound readings
2026-08-24 12:39:55,144 - openflight.rolling_buffer.processor - INFO - [PROCESSOR] Ball speed outlier rejected: max=168.3, mode=154.0 mph (10 occurrences)
2026-08-24 12:39:55,145 - openflight.rolling_buffer.processor - INFO - [PROCESSOR] Ball speed: 154.7 mph (mode-based, 43 outbound readings)
2026-08-24 12:39:55,203 - openflight.rolling_buffer.processor - INFO - [PROCESSOR] Club speed: 109.0 mph at 10.7ms before ball
2026-08-24 12:39:55,203 - openflight.rolling_buffer.processor - INFO - [PROCESSOR] Impact estimate: OPS transition 65.6ms (club 109.0 mph @ 62.9ms -> ball 153.1 mph @ 68.3ms, delta=44.2 mph)
2026-08-24 12:39:55,205 - openflight.rolling_buffer.processor - INFO - [PROCESSOR] Multitaper repaired 2.59% clipped I/Q samples
2026-08-24 12:39:55,210 - openflight.rolling_buffer.processor - INFO - [PROCESSOR] Ball signal lost at 118.3ms (window trimmed from 136.5ms)
2026-08-24 12:39:55,267 - openflight.rolling_buffer.processor - INFO - [PROCESSOR] Ungated multitaper spin: 7141 RPM, evidence=6.92, fade=34.11 Hz, window=44.0ms
2026-08-24 12:39:55,267 - openflight.rolling_buffer.processor - INFO - [PROCESSOR] Spin result: 7141 RPM, SNR=6.92, quality=experimental
2026-08-24 12:39:55,267 - openflight.rolling_buffer.monitor - INFO - [MONITOR] process_capture: 141.2ms
2026-08-24 12:39:55,268 - openflight.rolling_buffer.monitor - INFO - [MONITOR] Shot detected: ball=154.7 mph, club=109.0, spin=7141
2026-08-24 12:39:55,270 - openflight.server - INFO - [SERVER] Shot callback: 154.7 mph
2026-08-24 12:39:57,972 - openflight.iwr6843.monitor - INFO - [IWR6843] Capture #37 complete: 732812 bytes in 7.10s
2026-08-24 12:40:01,337 - openflight.iwr6843.club - INFO - [CLUB] track=ops_speed_prior OPS=109.0 mph radial=43.3 m/s ratio=0.89 impact_error=0.213 m inliers=35 rms=0.24 bins
2026-08-24 12:40:01,416 - openflight.server - INFO - [SERVER] IWR6843 LCMF-v1 launch: 7.97° (21 snapshots/6 frames, component std 0.31°)
2026-08-24 12:40:01,416 - openflight.server - INFO - [SERVER] Camera capture #37 matched -> /home/pacinoj/openflight_sessions/trackman/camera/camera_20260824_123950_874_037
2026-08-24 12:40:01,473 - openflight.server - INFO - [SERVER] Camera-assisted horizontal: selected=None camera=None IWR=None delta=None status=camera_withheld_fallback_iwr support=0/27
2026-08-24 12:40:01,511 - openflight.server - INFO - [SERVER] Camera/IWR chained club delivery: AoA None path None (status=rejected_no_ball, features=0, speed_ratio=None, velocity_mad=None mph, path_windows=0, path_mad=None deg, impact_frame=None)
2026-08-24 12:40:01,511 - openflight.server - INFO - [SERVER] Horizontal angle unavailable; no measured trajectory
2026-08-24 12:40:01,511 - openflight.server - INFO - [SERVER] Ball speed cosine correction: 154.7 -> 156.2 mph (LA 8.0)
2026-08-24 12:40:01,511 - openflight.server - INFO - [SERVER] Calculated spin: 2480 rpm (v=156.2 mph, LA=8.0 deg, measured was 7141 rpm)
2026-08-24 12:40:01,536 - openflight.server - INFO - [SERVER] Ballistic carry: 209 yds (spin: 2480 rpm, source: measured)
2026-08-24 12:40:01,537 - openflight.server - INFO - [SERVER] Shot: ball=156.2 mph, carry=274 yds, Launch: 8.0°
2026-08-24 12:40:01,537 - openflight.rolling_buffer.monitor - INFO - [SHOT] #36: ball=156.2 mph, club=109.0, carry=274 yds | trigger=17629ms, process=141ms, callback=6267ms, total=24041ms
2026-08-24 12:40:01,538 - openflight.rolling_buffer.trigger - INFO - [TRIGGER] Waiting for sound trigger (timeout=30s)...
2026-08-24 12:40:24,182 - openflight.iwr6843.monitor - INFO - [IWR6843] Trigger #38: dumping firmware-frozen L3 ring
2026-08-24 12:40:24,261 - ops243 - DEBUG - [OPS] Hardware trigger: first byte after 22.7s
2026-08-24 12:40:24,314 - openflight.camera.capture_runtime - INFO - [CAMERA] Capture #38 saved: 99 frames, 467.6fps, gaps=0 -> /home/pacinoj/openflight_sessions/trackman/camera/camera_20260824_124024_181_038
2026-08-24 12:40:26,993 - ops243 - INFO - [OPS] Hardware trigger: 41035 bytes in 25.5s
2026-08-24 12:40:26,994 - openflight.rolling_buffer.trigger - INFO - [TRIGGER] Sound trigger fired, 41035 bytes received
2026-08-24 12:40:27,570 - ops243 - INFO - [OPS] Clock sync: method=integer_rollover offset=1787582247.565s best_read_latency=0.2ms spread=989.1ms rollover_uncertainty=10.9ms (52/52 valid)
2026-08-24 12:40:27,571 - openflight.rolling_buffer.trigger - INFO - [TRIGGER] OPS clock sync selected: fresh offset=1787582247.565074s age=0.0ms (fresh=valid_integer_rollover, previous=valid_integer_rollover, delta=0.9ms)
2026-08-24 12:40:27,771 - ops243 - INFO - [OPS] Re-arm drain: 0 bytes in 0.2s
2026-08-24 12:40:28,124 - ops243 - INFO - [OPS] Rolling buffer re-armed (S#16)
2026-08-24 12:40:28,124 - openflight.rolling_buffer.trigger - INFO - [TRIGGER] Sound trigger wall time 1787589624.181 (source=ops_clock_sync, first byte 1787589624.262, post-trigger 68.5ms)
2026-08-24 12:40:28,124 - openflight.rolling_buffer.trigger - INFO - [TRIGGER] Sound trigger accepted — peak 152.3 mph, 53 outbound readings
2026-08-24 12:40:28,137 - openflight.rolling_buffer.processor - INFO - [PROCESSOR] Ball speed: 152.3 mph (mode-based, 53 outbound readings)
2026-08-24 12:40:28,200 - openflight.rolling_buffer.processor - INFO - [PROCESSOR] Club speed: 107.9 mph at 13.9ms before ball
2026-08-24 12:40:28,200 - openflight.rolling_buffer.processor - INFO - [PROCESSOR] Impact estimate: sound_trigger 68.0ms (no_club_transition_candidate)
2026-08-24 12:40:28,202 - openflight.rolling_buffer.processor - INFO - [PROCESSOR] Multitaper repaired 2.42% clipped I/Q samples
2026-08-24 12:40:28,207 - openflight.rolling_buffer.processor - INFO - [PROCESSOR] Ball signal lost at 118.7ms (window trimmed from 136.5ms)
2026-08-24 12:40:28,277 - openflight.rolling_buffer.processor - INFO - [PROCESSOR] Ungated multitaper spin: 5493 RPM, evidence=14.85, fade=35.12 Hz, window=45.5ms
2026-08-24 12:40:28,277 - openflight.rolling_buffer.processor - INFO - [PROCESSOR] Spin result: 5493 RPM, SNR=14.85, quality=experimental
2026-08-24 12:40:28,278 - openflight.rolling_buffer.monitor - INFO - [MONITOR] process_capture: 152.9ms
2026-08-24 12:40:28,278 - openflight.rolling_buffer.monitor - INFO - [MONITOR] Shot detected: ball=152.3 mph, club=107.9, spin=5493
2026-08-24 12:40:28,280 - openflight.server - INFO - [SERVER] Shot callback: 152.3 mph
2026-08-24 12:40:31,278 - openflight.iwr6843.monitor - INFO - [IWR6843] Capture #38 complete: 732812 bytes in 7.10s
2026-08-24 12:40:31,846 - openflight.iwr6843.club - INFO - [CLUB] track=ops_speed_prior OPS=107.9 mph radial=41.9 m/s ratio=0.87 impact_error=0.207 m inliers=44 rms=0.37 bins
2026-08-24 12:40:31,902 - openflight.server - INFO - [SERVER] IWR6843 TX2 horizontal proxy: 0.37° (coherence 93%, status=hlcmf_v1_accepted)
2026-08-24 12:40:31,902 - openflight.server - INFO - [SERVER] IWR6843 LCMF-v1 launch: 14.07° (25 snapshots/7 frames, component std 0.46°)
2026-08-24 12:40:31,903 - openflight.server - INFO - [SERVER] Camera capture #38 matched -> /home/pacinoj/openflight_sessions/trackman/camera/camera_20260824_124024_181_038
2026-08-24 12:40:31,950 - openflight.server - INFO - [SERVER] Camera-assisted horizontal: selected=0.3666285180044859 camera=None IWR=0.3666285180044859 delta=None status=camera_withheld_fallback_iwr support=0/27
2026-08-24 12:40:31,993 - openflight.server - INFO - [SERVER] Camera/IWR chained club delivery: AoA None path None (status=rejected_no_ball, features=0, speed_ratio=None, velocity_mad=None mph, path_windows=0, path_mad=None deg, impact_frame=None)
2026-08-24 12:40:31,993 - openflight.server - INFO - [SERVER] Ball speed cosine correction: 152.3 -> 154.5 mph (LA 14.1)
2026-08-24 12:40:31,993 - openflight.server - INFO - [SERVER] Calculated spin: 4811 rpm (v=154.5 mph, LA=14.1 deg, measured was 5493 rpm)
2026-08-24 12:40:32,029 - openflight.server - INFO - [SERVER] Ballistic carry: 250 yds (spin: 4811 rpm, source: measured)
2026-08-24 12:40:32,030 - openflight.server - INFO - [SERVER] Shot: ball=154.5 mph, carry=271 yds, Launch: 14.1°
2026-08-24 12:40:32,030 - openflight.rolling_buffer.monitor - INFO - [SHOT] #37: ball=154.5 mph, club=107.9, carry=271 yds | trigger=26587ms, process=153ms, callback=3750ms, total=30492ms
2026-08-24 12:40:32,030 - openflight.rolling_buffer.trigger - INFO - [TRIGGER] Waiting for sound trigger (timeout=30s)...
2026-08-24 12:40:54,128 - openflight.iwr6843.monitor - INFO - [IWR6843] Trigger #39: dumping firmware-frozen L3 ring
2026-08-24 12:40:54,208 - ops243 - DEBUG - [OPS] Hardware trigger: first byte after 22.2s
2026-08-24 12:40:54,272 - openflight.camera.capture_runtime - INFO - [CAMERA] Capture #39 saved: 99 frames, 467.6fps, gaps=0 -> /home/pacinoj/openflight_sessions/trackman/camera/camera_20260824_124054_128_039
2026-08-24 12:40:56,932 - ops243 - INFO - [OPS] Hardware trigger: 41035 bytes in 24.9s
2026-08-24 12:40:56,932 - openflight.rolling_buffer.trigger - INFO - [TRIGGER] Sound trigger fired, 41035 bytes received
2026-08-24 12:40:57,563 - ops243 - INFO - [OPS] Clock sync: method=integer_rollover offset=1787582247.557s best_read_latency=0.3ms spread=989.1ms rollover_uncertainty=10.9ms (57/57 valid)
2026-08-24 12:40:57,563 - openflight.rolling_buffer.trigger - INFO - [TRIGGER] OPS clock sync selected: fresh offset=1787582247.557499s age=0.0ms (fresh=valid_integer_rollover, previous=valid_integer_rollover, delta=-7.6ms)
2026-08-24 12:40:57,764 - ops243 - INFO - [OPS] Re-arm drain: 0 bytes in 0.2s
2026-08-24 12:40:58,116 - ops243 - INFO - [OPS] Rolling buffer re-armed (S#16)
2026-08-24 12:40:58,116 - openflight.rolling_buffer.trigger - INFO - [TRIGGER] Sound trigger wall time 1787589654.121 (source=ops_clock_sync, first byte 1787589654.208, post-trigger 68.5ms)
2026-08-24 12:40:58,116 - openflight.rolling_buffer.trigger - INFO - [TRIGGER] Sound trigger accepted — peak 156.4 mph, 45 outbound readings
2026-08-24 12:40:58,133 - openflight.rolling_buffer.processor - INFO - [PROCESSOR] Ball speed: 156.4 mph (mode-based, 45 outbound readings)
2026-08-24 12:40:58,174 - openflight.rolling_buffer.processor - INFO - [PROCESSOR] Club speed: 110.2 mph at 12.8ms before ball
2026-08-24 12:40:58,174 - openflight.rolling_buffer.processor - INFO - [PROCESSOR] Impact estimate: OPS transition 64.5ms (club 111.7 mph @ 61.9ms -> ball 153.9 mph @ 67.2ms, delta=42.2 mph)
2026-08-24 12:40:58,176 - openflight.rolling_buffer.processor - INFO - [PROCESSOR] Multitaper repaired 0.83% clipped I/Q samples
2026-08-24 12:40:58,183 - openflight.rolling_buffer.processor - INFO - [PROCESSOR] Ball signal lost at 117.6ms (window trimmed from 136.5ms)
2026-08-24 12:40:58,263 - openflight.rolling_buffer.processor - INFO - [PROCESSOR] Ungated multitaper spin: 5164 RPM, evidence=13.77, fade=33.00 Hz, window=46.5ms
2026-08-24 12:40:58,264 - openflight.rolling_buffer.processor - INFO - [PROCESSOR] Spin result: 5164 RPM, SNR=13.77, quality=experimental
2026-08-24 12:40:58,264 - openflight.rolling_buffer.monitor - INFO - [MONITOR] process_capture: 147.9ms
2026-08-24 12:40:58,264 - openflight.rolling_buffer.monitor - INFO - [MONITOR] Shot detected: ball=156.4 mph, club=110.2, spin=5164
2026-08-24 12:40:58,267 - openflight.server - INFO - [SERVER] Shot callback: 156.4 mph
2026-08-24 12:41:01,225 - openflight.iwr6843.monitor - INFO - [IWR6843] Capture #39 complete: 732812 bytes in 7.10s
2026-08-24 12:41:04,538 - openflight.iwr6843.club - INFO - [CLUB] track=ops_speed_prior OPS=110.2 mph radial=40.9 m/s ratio=0.83 impact_error=0.222 m inliers=36 rms=0.37 bins
2026-08-24 12:41:04,595 - openflight.server - INFO - [SERVER] IWR6843 TX2 horizontal proxy: -1.18° (coherence 94%, status=hlcmf_v1_accepted)
2026-08-24 12:41:04,595 - openflight.server - INFO - [SERVER] IWR6843 LCMF-v1 launch: 14.97° (18 snapshots/5 frames, component std 0.54°)
2026-08-24 12:41:04,596 - openflight.server - INFO - [SERVER] Camera capture #39 matched -> /home/pacinoj/openflight_sessions/trackman/camera/camera_20260824_124054_128_039
2026-08-24 12:41:04,631 - openflight.server - INFO - [SERVER] Camera-assisted horizontal: selected=-1.18258894849079 camera=None IWR=-1.18258894849079 delta=None status=camera_withheld_fallback_iwr support=0/27
2026-08-24 12:41:04,671 - openflight.server - INFO - [SERVER] Camera/IWR chained club delivery: AoA None path None (status=rejected_no_ball, features=0, speed_ratio=None, velocity_mad=None mph, path_windows=0, path_mad=None deg, impact_frame=None)
2026-08-24 12:41:04,671 - openflight.server - INFO - [SERVER] Ball speed cosine correction: 156.4 -> 158.6 mph (LA 15.0)
2026-08-24 12:41:04,671 - openflight.server - INFO - [SERVER] Calculated spin: 5312 rpm (v=158.6 mph, LA=15.0 deg, measured was 5164 rpm)
2026-08-24 12:41:04,711 - openflight.server - INFO - [SERVER] Ballistic carry: 258 yds (spin: 5312 rpm, source: measured)
2026-08-24 12:41:04,712 - openflight.server - INFO - [SERVER] Shot: ball=158.6 mph, carry=280 yds, Launch: 15.0°
2026-08-24 12:41:04,712 - openflight.rolling_buffer.monitor - INFO - [SHOT] #38: ball=158.6 mph, club=110.2, carry=280 yds | trigger=26086ms, process=148ms, callback=6445ms, total=32682ms
2026-08-24 12:41:04,712 - openflight.rolling_buffer.trigger - INFO - [TRIGGER] Waiting for sound trigger (timeout=30s)...
2026-08-24 12:41:23,978 - openflight.iwr6843.monitor - INFO - [IWR6843] Trigger #40: dumping firmware-frozen L3 ring
2026-08-24 12:41:24,068 - ops243 - DEBUG - [OPS] Hardware trigger: first byte after 19.4s
2026-08-24 12:41:24,086 - openflight.camera.capture_runtime - INFO - [CAMERA] Capture #40 saved: 99 frames, 467.6fps, gaps=0 -> /home/pacinoj/openflight_sessions/trackman/camera/camera_20260824_124123_978_040
2026-08-24 12:41:26,784 - ops243 - INFO - [OPS] Hardware trigger: 41035 bytes in 22.1s
2026-08-24 12:41:26,784 - openflight.rolling_buffer.trigger - INFO - [TRIGGER] Sound trigger fired, 41035 bytes received
2026-08-24 12:41:27,562 - ops243 - INFO - [OPS] Clock sync: method=integer_rollover offset=1787582247.556s best_read_latency=0.2ms spread=989.0ms rollover_uncertainty=11.0ms (70/70 valid)
2026-08-24 12:41:27,562 - openflight.rolling_buffer.trigger - INFO - [TRIGGER] OPS clock sync selected: fresh offset=1787582247.556184s age=0.0ms (fresh=valid_integer_rollover, previous=valid_integer_rollover, delta=-1.3ms)
2026-08-24 12:41:27,762 - ops243 - INFO - [OPS] Re-arm drain: 0 bytes in 0.2s
2026-08-24 12:41:28,115 - ops243 - INFO - [OPS] Rolling buffer re-armed (S#16)
2026-08-24 12:41:28,116 - openflight.rolling_buffer.trigger - INFO - [TRIGGER] Sound trigger wall time 1787589683.972 (source=ops_clock_sync, first byte 1787589684.068, post-trigger 68.5ms)
2026-08-24 12:41:28,116 - openflight.rolling_buffer.trigger - INFO - [TRIGGER] Sound trigger accepted — peak 187.1 mph, 48 outbound readings
2026-08-24 12:41:28,127 - openflight.rolling_buffer.processor - INFO - [PROCESSOR] Ball speed outlier rejected: max=187.1, mode=153.0 mph (2 occurrences)
2026-08-24 12:41:28,128 - openflight.rolling_buffer.processor - INFO - [PROCESSOR] Ball speed: 152.5 mph (mode-based, 48 outbound readings)
2026-08-24 12:41:28,192 - openflight.rolling_buffer.processor - INFO - [PROCESSOR] Club speed: 107.7 mph at 18.1ms before ball
2026-08-24 12:41:28,192 - openflight.rolling_buffer.processor - INFO - [PROCESSOR] Impact estimate: OPS transition 63.5ms (club 109.3 mph @ 61.9ms -> ball 149.7 mph @ 65.1ms, delta=40.4 mph)
2026-08-24 12:41:28,194 - openflight.rolling_buffer.processor - INFO - [PROCESSOR] Multitaper repaired 3.44% clipped I/Q samples
2026-08-24 12:41:28,199 - openflight.rolling_buffer.processor - INFO - [PROCESSOR] Ball signal lost at 117.8ms (window trimmed from 136.5ms)
2026-08-24 12:41:28,267 - openflight.rolling_buffer.processor - INFO - [PROCESSOR] Ungated multitaper spin: 10986 RPM, evidence=1.51, fade=35.95 Hz, window=42.5ms
2026-08-24 12:41:28,267 - openflight.rolling_buffer.processor - INFO - [PROCESSOR] Spin result: 10986 RPM, SNR=1.51, quality=experimental
2026-08-24 12:41:28,268 - openflight.rolling_buffer.monitor - INFO - [MONITOR] process_capture: 151.7ms
2026-08-24 12:41:28,268 - openflight.rolling_buffer.monitor - INFO - [MONITOR] Shot detected: ball=152.5 mph, club=107.7, spin=10986
2026-08-24 12:41:28,271 - openflight.server - INFO - [SERVER] Shot callback: 152.5 mph
2026-08-24 12:41:31,075 - openflight.iwr6843.monitor - INFO - [IWR6843] Capture #40 complete: 732812 bytes in 7.10s
2026-08-24 12:41:31,612 - openflight.iwr6843.club - INFO - [CLUB] track=ops_speed_prior OPS=107.7 mph radial=48.0 m/s ratio=1.00 impact_error=0.180 m inliers=35 rms=0.22 bins
2026-08-24 12:41:31,682 - openflight.server - INFO - [SERVER] IWR6843 TX2 horizontal proxy: -11.35° (coherence 96%, status=hlcmf_v1_accepted)
2026-08-24 12:41:31,683 - openflight.server - INFO - [SERVER] IWR6843 LCMF-v1 launch: 11.56° (23 snapshots/6 frames, component std 2.84°)
2026-08-24 12:41:31,684 - openflight.server - INFO - [SERVER] Camera capture #40 matched -> /home/pacinoj/openflight_sessions/trackman/camera/camera_20260824_124123_978_040
2026-08-24 12:41:31,726 - openflight.server - INFO - [SERVER] Camera-assisted horizontal: selected=-11.345140055493047 camera=None IWR=-11.345140055493047 delta=None status=camera_withheld_fallback_iwr support=0/27
2026-08-24 12:41:31,774 - openflight.server - INFO - [SERVER] Camera/IWR chained club delivery: AoA None path None (status=rejected_no_ball, features=0, speed_ratio=None, velocity_mad=None mph, path_windows=0, path_mad=None deg, impact_frame=None)
2026-08-24 12:41:31,774 - openflight.server - INFO - [SERVER] Ball speed cosine correction: 152.5 -> 154.4 mph (LA 11.6)
2026-08-24 12:41:31,774 - openflight.server - INFO - [SERVER] Calculated spin: 3816 rpm (v=154.4 mph, LA=11.6 deg, measured was 10986 rpm)
2026-08-24 12:41:31,808 - openflight.server - INFO - [SERVER] Ballistic carry: 237 yds (spin: 3816 rpm, source: measured)
2026-08-24 12:41:31,810 - openflight.server - INFO - [SERVER] Shot: ball=154.4 mph, carry=274 yds, Launch: 11.6°
2026-08-24 12:41:31,810 - openflight.rolling_buffer.monitor - INFO - [SHOT] #39: ball=154.4 mph, club=107.7, carry=274 yds | trigger=23403ms, process=152ms, callback=3540ms, total=27098ms
2026-08-24 12:41:31,810 - openflight.rolling_buffer.trigger - INFO - [TRIGGER] Waiting for sound trigger (timeout=30s)...
2026-08-24 12:41:55,931 - openflight.iwr6843.monitor - INFO - [IWR6843] Trigger #41: dumping firmware-frozen L3 ring
2026-08-24 12:41:56,014 - ops243 - DEBUG - [OPS] Hardware trigger: first byte after 24.2s
2026-08-24 12:41:56,084 - openflight.camera.capture_runtime - INFO - [CAMERA] Capture #41 saved: 99 frames, 467.6fps, gaps=0 -> /home/pacinoj/openflight_sessions/trackman/camera/camera_20260824_124155_931_041
2026-08-24 12:41:58,741 - ops243 - INFO - [OPS] Hardware trigger: 41035 bytes in 26.9s
2026-08-24 12:41:58,741 - openflight.rolling_buffer.trigger - INFO - [TRIGGER] Sound trigger fired, 41035 bytes received
2026-08-24 12:41:59,563 - ops243 - INFO - [OPS] Clock sync: method=integer_rollover offset=1787582247.558s best_read_latency=0.2ms spread=989.1ms rollover_uncertainty=10.9ms (74/74 valid)
2026-08-24 12:41:59,564 - openflight.rolling_buffer.trigger - INFO - [TRIGGER] OPS clock sync selected: fresh offset=1787582247.557923s age=0.0ms (fresh=valid_integer_rollover, previous=valid_integer_rollover, delta=1.7ms)
2026-08-24 12:41:59,764 - ops243 - INFO - [OPS] Re-arm drain: 0 bytes in 0.2s
2026-08-24 12:42:00,116 - ops243 - INFO - [OPS] Rolling buffer re-armed (S#16)
2026-08-24 12:42:00,117 - openflight.rolling_buffer.trigger - INFO - [TRIGGER] Sound trigger wall time 1787589715.930 (source=ops_clock_sync, first byte 1787589716.014, post-trigger 68.5ms)
2026-08-24 12:42:00,117 - openflight.rolling_buffer.trigger - INFO - [TRIGGER] Sound trigger accepted — peak 184.3 mph, 47 outbound readings
2026-08-24 12:42:00,131 - openflight.rolling_buffer.processor - INFO - [PROCESSOR] Ball speed outlier rejected: max=184.3, mode=158.0 mph (6 occurrences)
2026-08-24 12:42:00,131 - openflight.rolling_buffer.processor - INFO - [PROCESSOR] Ball speed: 157.9 mph (mode-based, 47 outbound readings)
2026-08-24 12:42:00,193 - openflight.rolling_buffer.processor - INFO - [PROCESSOR] Club speed: 109.8 mph at 18.1ms before ball
2026-08-24 12:42:00,194 - openflight.rolling_buffer.processor - INFO - [PROCESSOR] Impact estimate: OPS transition 63.5ms (club 108.3 mph @ 61.9ms -> ball 155.2 mph @ 65.1ms, delta=46.8 mph)
2026-08-24 12:42:00,196 - openflight.rolling_buffer.processor - INFO - [PROCESSOR] Multitaper repaired 2.69% clipped I/Q samples
2026-08-24 12:42:00,200 - openflight.rolling_buffer.processor - INFO - [PROCESSOR] Ball signal lost at 116.1ms (window trimmed from 136.5ms)
2026-08-24 12:42:00,262 - openflight.rolling_buffer.processor - INFO - [PROCESSOR] Ungated multitaper spin: 7690 RPM, evidence=5.65, fade=35.95 Hz, window=40.8ms
2026-08-24 12:42:00,262 - openflight.rolling_buffer.processor - INFO - [PROCESSOR] Spin result: 7690 RPM, SNR=5.65, quality=experimental
2026-08-24 12:42:00,263 - openflight.rolling_buffer.monitor - INFO - [MONITOR] process_capture: 144.3ms
2026-08-24 12:42:00,263 - openflight.rolling_buffer.monitor - INFO - [MONITOR] Shot detected: ball=157.9 mph, club=109.8, spin=7690
2026-08-24 12:42:00,265 - openflight.server - INFO - [SERVER] Shot callback: 157.9 mph
2026-08-24 12:42:03,026 - openflight.iwr6843.monitor - INFO - [IWR6843] Capture #41 complete: 732812 bytes in 7.10s
2026-08-24 12:42:05,803 - openflight.iwr6843.club - INFO - [CLUB] track=ops_speed_prior OPS=109.8 mph radial=41.6 m/s ratio=0.85 impact_error=0.226 m inliers=36 rms=0.41 bins
2026-08-24 12:42:05,860 - openflight.server - INFO - [SERVER] IWR6843 LCMF-v1 launch: 14.38° (12 snapshots/4 frames, component std 2.56°)
2026-08-24 12:42:05,860 - openflight.server - INFO - [SERVER] Camera capture #41 matched -> /home/pacinoj/openflight_sessions/trackman/camera/camera_20260824_124155_931_041
2026-08-24 12:42:05,895 - openflight.server - INFO - [SERVER] Camera-assisted horizontal: selected=None camera=None IWR=None delta=None status=camera_withheld_fallback_iwr support=0/27
2026-08-24 12:42:05,935 - openflight.server - INFO - [SERVER] Camera/IWR chained club delivery: AoA None path None (status=rejected_no_ball, features=0, speed_ratio=None, velocity_mad=None mph, path_windows=0, path_mad=None deg, impact_frame=None)
2026-08-24 12:42:05,935 - openflight.server - INFO - [SERVER] Horizontal angle unavailable; no measured trajectory
2026-08-24 12:42:05,935 - openflight.server - INFO - [SERVER] Ball speed cosine correction: 157.9 -> 160.1 mph (LA 14.4)
2026-08-24 12:42:05,935 - openflight.server - INFO - [SERVER] Calculated spin: 5115 rpm (v=160.1 mph, LA=14.4 deg, measured was 7690 rpm)
2026-08-24 12:42:05,973 - openflight.server - INFO - [SERVER] Ballistic carry: 261 yds (spin: 5115 rpm, source: measured)
2026-08-24 12:42:05,974 - openflight.server - INFO - [SERVER] Shot: ball=160.1 mph, carry=284 yds, Launch: 14.4°
2026-08-24 12:42:05,974 - openflight.rolling_buffer.monitor - INFO - [SHOT] #40: ball=160.1 mph, club=109.8, carry=284 yds | trigger=28307ms, process=144ms, callback=5709ms, total=34164ms
2026-08-24 12:42:05,974 - openflight.rolling_buffer.trigger - INFO - [TRIGGER] Waiting for sound trigger (timeout=30s)...
2026-08-24 12:42:28,943 - openflight.iwr6843.monitor - INFO - [IWR6843] Trigger #42: dumping firmware-frozen L3 ring
2026-08-24 12:42:29,031 - ops243 - DEBUG - [OPS] Hardware trigger: first byte after 23.1s
2026-08-24 12:42:29,078 - openflight.camera.capture_runtime - INFO - [CAMERA] Capture #42 saved: 99 frames, 467.6fps, gaps=0 -> /home/pacinoj/openflight_sessions/trackman/camera/camera_20260824_124228_943_042
2026-08-24 12:42:31,750 - ops243 - INFO - [OPS] Hardware trigger: 41035 bytes in 25.8s
2026-08-24 12:42:31,750 - openflight.rolling_buffer.trigger - INFO - [TRIGGER] Sound trigger fired, 41035 bytes received
2026-08-24 12:42:31,964 - ops243 - INFO - [OPS] Re-arm drain: 0 bytes in 0.2s
2026-08-24 12:42:32,316 - ops243 - INFO - [OPS] Rolling buffer re-armed (S#16)
2026-08-24 12:42:32,316 - openflight.rolling_buffer.trigger - INFO - [TRIGGER] Sound trigger rejected — no outbound speed >= 15 mph (peak=0.0 mph, 0 readings)
2026-08-24 12:42:32,316 - openflight.rolling_buffer.trigger - INFO - [TRIGGER] Waiting for sound trigger (timeout=30s)...
2026-08-24 12:42:35,628 - openflight.server - INFO - [SERVER] Shutdown requested via REST API
2026-08-24 12:42:35,629 - werkzeug - INFO - 127.0.0.1 - - [24/Aug/2026 12:42:35] "POST /api/shutdown HTTP/1.1" 200 -
2026-08-24 12:42:36,039 - openflight.iwr6843.monitor - INFO - [IWR6843] Capture #42 complete: 732812 bytes in 7.10s
2026-08-24 12:42:36,805 - openflight.iwr6843.monitor - INFO - [IWR6843] Firmware capture stopped and verified inactive
2026-08-24 12:42:39,788 - openflight.iwr6843.monitor - INFO - [IWR6843] Capture monitor stopped
2026-08-24 12:42:39,788 - openflight.server - INFO - [SERVER] Shutdown step IWR6843 stop completed in 3659.2ms
2026-08-24 12:42:39,788 - openflight.server - INFO - [SERVER] Shutdown step battery monitor stop completed in 0.3ms
2026-08-24 12:42:39,792 - picamera2.picamera2 - INFO - Camera stopped
2026-08-24 12:42:40,195 - picamera2.picamera2 - INFO - Camera closed successfully.
2026-08-24 12:42:40,195 - openflight.server - INFO - [SERVER] Shutdown step camera capture stop completed in 406.4ms
2026-08-24 12:42:40,195 - openflight.server - INFO - [SERVER] Shutdown step camera thread stop completed in 0.0ms
2026-08-24 12:42:40,205 - ops243 - INFO - [OPS] Hardware trigger wait cancelled before capture
2026-08-24 12:42:40,205 - ops243 - INFO - [OPS] Hardware trigger: no data received within 30s
2026-08-24 12:42:40,205 - openflight.rolling_buffer.trigger - INFO - [TRIGGER] Sound trigger timeout — no hardware trigger received
2026-08-24 12:42:40,206 - openflight.rolling_buffer.monitor - INFO - [MONITOR] Rolling buffer monitor stopped
2026-08-24 12:42:40,206 - openflight.rolling_buffer.monitor - INFO - [MONITOR] Rolling buffer monitor stopped
2026-08-24 12:42:40,211 - openflight.server - INFO - [SERVER] Shutdown step launch monitor stop completed in 15.9ms
2026-08-24 12:42:40,211 - openflight.server - INFO - [SERVER] Goodbye
[0;32m[OpenFlight][0m Shutting down...
